mtllib material.mtl
usemtl metal_aluminum
v 0.00300000 0.00000000 0.00250000
v 0.00300000 0.00000000 0.00000000
v 0.00300000 -0.00000000 -0.00250000
v -0.00300000 0.00000000 0.00250000
v -0.00300000 -0.00000000 -0.00250000
v 0.00300000 0.00000000 0.00250000
v 0.00300000 0.00000000 0.00000000
v 0.00300000 -0.00000000 -0.00250000
v 0.00291300 -0.00071800 0.00250000
v 0.00265600 -0.00139400 0.00250000
v 0.00224600 -0.00198900 0.00250000
v 0.00170400 -0.00246900 0.00250000
v 0.00106400 -0.00280500 0.00250000
v 0.00036200 -0.00297800 0.00250000
v -0.00036200 -0.00297800 0.00250000
v -0.00106400 -0.00280500 0.00250000
v -0.00170400 -0.00246900 0.00250000
v -0.00224600 -0.00198900 0.00250000
v -0.00265600 -0.00139400 0.00250000
v -0.00291300 -0.00071800 0.00250000
v 0.00291300 0.00071800 -0.00250000
v 0.00265600 0.00139400 -0.00250000
v 0.00224600 0.00198900 -0.00250000
v 0.00170400 0.00246900 -0.00250000
v 0.00106400 0.00280500 -0.00250000
v 0.00036200 0.00297800 -0.00250000
v -0.00036200 0.00297800 -0.00250000
v -0.00106400 0.00280500 -0.00250000
v -0.00170400 0.00246900 -0.00250000
v -0.00224600 0.00198900 -0.00250000
v -0.00265600 0.00139400 -0.00250000
v -0.00291300 0.00071800 -0.00250000
v -0.00291300 -0.00071800 -0.00250000
v -0.00265600 -0.00139400 -0.00250000
v -0.00224600 -0.00198900 -0.00250000
v -0.00170400 -0.00246900 -0.00250000
v -0.00106400 -0.00280500 -0.00250000
v -0.00036200 -0.00297800 -0.00250000
v 0.00036200 -0.00297800 -0.00250000
v 0.00106400 -0.00280500 -0.00250000
v 0.00170400 -0.00246900 -0.00250000
v 0.00224600 -0.00198900 -0.00250000
v 0.00265600 -0.00139400 -0.00250000
v 0.00291300 -0.00071800 -0.00250000
v -0.00291300 0.00071800 0.00250000
v -0.00265600 0.00139400 0.00250000
v -0.00224600 0.00198900 0.00250000
v -0.00170400 0.00246900 0.00250000
v -0.00106400 0.00280500 0.00250000
v -0.00036200 0.00297800 0.00250000
v 0.00036200 0.00297800 0.00250000
v 0.00106400 0.00280500 0.00250000
v 0.00170400 0.00246900 0.00250000
v 0.00224600 0.00198900 0.00250000
v 0.00265600 0.00139400 0.00250000
v 0.00291300 0.00071800 0.00250000
v 0.00210000 -0.00214200 0.00000000
v 0.00247400 -0.00169700 0.00000000
v 0.00164800 -0.00250700 0.00000000
v 0.00275700 -0.00118300 0.00000000
v 0.00113400 -0.00277700 0.00000000
v 0.00057800 -0.00294400 0.00000000
v -0.00061300 -0.00293700 0.00000000
v 0.00000000 -0.00300000 0.00000000
v -0.00118300 -0.00275700 0.00000000
v -0.00169700 -0.00247400 0.00000000
v -0.00214200 -0.00210000 0.00000000
v -0.00250700 -0.00164800 0.00000000
v -0.00294400 -0.00057800 0.00000000
v -0.00277700 -0.00113400 0.00000000
v -0.00300000 0.00000000 0.00000000
v -0.00293700 0.00061300 -0.00000000
v -0.00275700 0.00118300 -0.00000000
v -0.00210000 0.00214200 -0.00000000
v -0.00247400 0.00169700 -0.00000000
v -0.00164800 0.00250700 -0.00000000
v -0.00113400 0.00277700 -0.00000000
v -0.00057800 0.00294400 -0.00000000
v 0.00061300 0.00293700 -0.00000000
v 0.00000000 0.00300000 -0.00000000
v 0.00118300 0.00275700 -0.00000000
v 0.00169700 0.00247400 -0.00000000
v 0.00214200 0.00210000 -0.00000000
v 0.00250700 0.00164800 -0.00000000
v 0.00294400 0.00057800 -0.00000000
v 0.00277700 0.00113400 -0.00000000
v -0.00150000 0.01250000 0.00250000
v -0.00150000 0.01250000 -0.00000000
v -0.00150000 0.01250000 -0.00250000
v -0.00750000 0.01250000 0.00250000
v -0.00750000 0.01250000 -0.00250000
v -0.00150000 0.01250000 0.00250000
v -0.00150000 0.01250000 -0.00000000
v -0.00150000 0.01250000 -0.00250000
v -0.00158700 0.01178200 0.00250000
v -0.00184400 0.01110600 0.00250000
v -0.00225400 0.01051100 0.00250000
v -0.00279600 0.01003100 0.00250000
v -0.00343600 0.00969500 0.00250000
v -0.00413800 0.00952200 0.00250000
v -0.00486200 0.00952200 0.00250000
v -0.00556400 0.00969500 0.00250000
v -0.00620400 0.01003100 0.00250000
v -0.00674600 0.01051100 0.00250000
v -0.00715600 0.01110600 0.00250000
v -0.00741300 0.01178200 0.00250000
v -0.00158700 0.01321800 -0.00250000
v -0.00184400 0.01389400 -0.00250000
v -0.00225400 0.01448900 -0.00250000
v -0.00279600 0.01496900 -0.00250000
v -0.00343600 0.01530500 -0.00250000
v -0.00413800 0.01547800 -0.00250000
v -0.00486200 0.01547800 -0.00250000
v -0.00556400 0.01530500 -0.00250000
v -0.00620400 0.01496900 -0.00250000
v -0.00674600 0.01448900 -0.00250000
v -0.00715600 0.01389400 -0.00250000
v -0.00741300 0.01321800 -0.00250000
v -0.00741300 0.01178200 -0.00250000
v -0.00715600 0.01110600 -0.00250000
v -0.00674600 0.01051100 -0.00250000
v -0.00620400 0.01003100 -0.00250000
v -0.00556400 0.00969500 -0.00250000
v -0.00486200 0.00952200 -0.00250000
v -0.00413800 0.00952200 -0.00250000
v -0.00343600 0.00969500 -0.00250000
v -0.00279600 0.01003100 -0.00250000
v -0.00225400 0.01051100 -0.00250000
v -0.00184400 0.01110600 -0.00250000
v -0.00158700 0.01178200 -0.00250000
v -0.00741300 0.01321800 0.00250000
v -0.00715600 0.01389400 0.00250000
v -0.00674600 0.01448900 0.00250000
v -0.00620400 0.01496900 0.00250000
v -0.00556400 0.01530500 0.00250000
v -0.00486200 0.01547800 0.00250000
v -0.00413800 0.01547800 0.00250000
v -0.00343600 0.01530500 0.00250000
v -0.00279600 0.01496900 0.00250000
v -0.00225400 0.01448900 0.00250000
v -0.00184400 0.01389400 0.00250000
v -0.00158700 0.01321800 0.00250000
v -0.00240000 0.01035800 -0.00000000
v -0.00202600 0.01080300 -0.00000000
v -0.00285200 0.00999300 -0.00000000
v -0.00174300 0.01131700 -0.00000000
v -0.00336600 0.00972300 -0.00000000
v -0.00392200 0.00955600 -0.00000000
v -0.00450000 0.00950000 -0.00000000
v -0.00568300 0.00974300 -0.00000000
v -0.00511300 0.00956300 -0.00000000
v -0.00619700 0.01002600 -0.00000000
v -0.00664200 0.01040000 -0.00000000
v -0.00700700 0.01085200 -0.00000000
v -0.00744400 0.01192200 -0.00000000
v -0.00727700 0.01136600 -0.00000000
v -0.00750000 0.01250000 -0.00000000
v -0.00743700 0.01311300 -0.00000000
v -0.00725700 0.01368300 -0.00000000
v -0.00660000 0.01464200 -0.00000000
v -0.00697400 0.01419700 -0.00000000
v -0.00614800 0.01500700 -0.00000000
v -0.00563400 0.01527700 -0.00000000
v -0.00507800 0.01544400 -0.00000000
v -0.00388700 0.01543700 -0.00000000
v -0.00450000 0.01550000 -0.00000000
v -0.00331700 0.01525700 -0.00000000
v -0.00280300 0.01497400 -0.00000000
v -0.00235800 0.01460000 -0.00000000
v -0.00199300 0.01414800 -0.00000000
v -0.00155600 0.01307800 -0.00000000
v -0.00172300 0.01363400 -0.00000000
v 0.00830800 0.00356300 0.00500000
v 0.00542300 0.00356300 0.00500000
v 0.00542300 0.00087500 0.00500000
v 0.00253800 0.00356300 0.00500000
v -0.00034600 0.00625000 0.00500000
v -0.00323100 0.00625000 0.00500000
v 0.00670800 0.00050000 0.00500000
v 0.00868900 0.00050000 0.00500000
v 0.01067000 0.00050000 0.00500000
v 0.01265100 0.00050000 0.00500000
v 0.01463200 0.00050000 0.00500000
v 0.01661400 0.00050000 0.00500000
v 0.01859500 0.00050000 0.00500000
v 0.02057600 0.00050000 0.00500000
v 0.02255700 0.00050000 0.00500000
v 0.02453800 0.00050000 0.00500000
v 0.02651900 0.00050000 0.00500000
v 0.02850000 0.00050000 0.00500000
v 0.02850000 0.00216700 0.00500000
v 0.02850000 0.00383300 0.00500000
v 0.02850000 0.00550000 0.00500000
v 0.02637200 0.00550000 0.00500000
v 0.02424400 0.00550000 0.00500000
v 0.02211600 0.00550000 0.00500000
v 0.01998900 0.00550000 0.00500000
v 0.01786100 0.00550000 0.00500000
v 0.01573300 0.00550000 0.00500000
v 0.01360500 0.00550000 0.00500000
v 0.01147700 0.00550000 0.00500000
v 0.00934900 0.00550000 0.00500000
v 0.00722100 0.00550000 0.00500000
v 0.00509300 0.00550000 0.00500000
v 0.00296600 0.00550000 0.00500000
v -0.00800000 0.01250000 0.00500000
v -0.00781000 0.01363600 0.00500000
v -0.00726200 0.01465000 0.00500000
v -0.00641400 0.01543000 0.00500000
v -0.00535900 0.01589300 0.00500000
v -0.00421100 0.01598800 0.00500000
v -0.00309400 0.01570500 0.00500000
v -0.00213000 0.01507500 0.00500000
v -0.00142200 0.01416600 0.00500000
v -0.00104800 0.01307600 0.00500000
v -0.00104800 0.01192400 0.00500000
v -0.00142200 0.01083400 0.00500000
v -0.00213000 0.00992500 0.00500000
v -0.00309400 0.00929500 0.00500000
v -0.00421100 0.00901200 0.00500000
v -0.00535900 0.00910700 0.00500000
v -0.00641400 0.00957000 0.00500000
v -0.00726200 0.01035000 0.00500000
v -0.00781000 0.01136400 0.00500000
v -0.00350000 0.00000000 0.00500000
v -0.00331000 0.00113600 0.00500000
v -0.00276200 0.00215000 0.00500000
v -0.00191400 0.00293000 0.00500000
v -0.00085900 0.00339300 0.00500000
v 0.00028900 0.00348800 0.00500000
v 0.00140600 0.00320500 0.00500000
v 0.00237000 0.00257500 0.00500000
v 0.00307800 0.00166600 0.00500000
v 0.00345200 0.00057600 0.00500000
v 0.00345200 -0.00057600 0.00500000
v 0.00307800 -0.00166600 0.00500000
v 0.00237000 -0.00257500 0.00500000
v 0.00140600 -0.00320500 0.00500000
v 0.00028900 -0.00348800 0.00500000
v -0.00085900 -0.00339300 0.00500000
v -0.00191400 -0.00293000 0.00500000
v -0.00276200 -0.00215000 0.00500000
v -0.00331000 -0.00113600 0.00500000
v 0.00245900 0.00555200 0.00500000
v 0.00197300 0.00570600 0.00500000
v 0.00152800 0.00595500 0.00500000
v 0.00114300 0.00628900 0.00500000
v 0.00083400 0.00669400 0.00500000
v 0.00061300 0.00715300 0.00500000
v 0.00253800 0.00490600 0.00500000
v 0.00398100 0.00356300 0.00500000
v 0.00542300 0.00490600 0.00500000
v 0.00398100 0.00490600 0.00500000
v -0.00034600 0.00490600 0.00500000
v 0.00109600 0.00490600 0.00500000
v 0.00020100 0.00829800 0.00500000
v -0.00021100 0.00944200 0.00500000
v -0.00033900 0.00998100 0.00500000
v -0.00034600 0.01053600 0.00500000
v -0.00023000 0.01107900 0.00500000
v -0.00005400 0.01180200 0.00500000
v -0.00000000 0.01254600 0.00500000
v -0.00006900 0.01328700 0.00500000
v -0.00026000 0.01400800 0.00500000
v -0.00056700 0.01468700 0.00500000
v -0.00098200 0.01530600 0.00500000
v -0.00149300 0.01584800 0.00500000
v -0.00208600 0.01629800 0.00500000
v -0.00274600 0.01664400 0.00500000
v -0.00345400 0.01687700 0.00500000
v -0.00419000 0.01698900 0.00500000
v -0.00493500 0.01697900 0.00500000
v -0.00566800 0.01684600 0.00500000
v -0.00637000 0.01659300 0.00500000
v -0.00701900 0.01622900 0.00500000
v -0.00760000 0.01576200 0.00500000
v -0.00809600 0.01520600 0.00500000
v -0.00849300 0.01457500 0.00500000
v -0.00878100 0.01388800 0.00500000
v -0.00895100 0.01316300 0.00500000
v -0.00899900 0.01241900 0.00500000
v -0.00892400 0.01167800 0.00500000
v -0.00872800 0.01095900 0.00500000
v -0.00841600 0.01028300 0.00500000
v -0.00799600 0.00966700 0.00500000
v -0.00748100 0.00912900 0.00500000
v -0.00688400 0.00868300 0.00500000
v -0.00644900 0.00833900 0.00500000
v -0.00610100 0.00790700 0.00500000
v -0.00585600 0.00741000 0.00500000
v -0.00467300 0.00625000 0.00500000
v -0.00323100 0.00759400 0.00500000
v -0.00467300 0.00759400 0.00500000
v -0.00546400 0.00632200 0.00500000
v -0.00507300 0.00523400 0.00500000
v -0.00468100 0.00414600 0.00500000
v -0.00428900 0.00305800 0.00500000
v -0.00416100 0.00251900 0.00500000
v -0.00415400 0.00196400 0.00500000
v -0.00427000 0.00142100 0.00500000
v -0.00443000 0.00079300 0.00500000
v -0.00449800 0.00014800 0.00500000
v -0.00447200 -0.00050000 0.00500000
v -0.00435400 -0.00113800 0.00500000
v -0.00414500 -0.00175200 0.00500000
v -0.00385000 -0.00232900 0.00500000
v -0.00347600 -0.00285800 0.00500000
v -0.00302900 -0.00332800 0.00500000
v -0.00251900 -0.00372900 0.00500000
v -0.00195700 -0.00405200 0.00500000
v -0.00135400 -0.00429200 0.00500000
v -0.00072300 -0.00444200 0.00500000
v -0.00007700 -0.00449900 0.00500000
v 0.00057100 -0.00446400 0.00500000
v 0.00120600 -0.00433500 0.00500000
v 0.00181700 -0.00411700 0.00500000
v 0.00239000 -0.00381300 0.00500000
v 0.00291300 -0.00343000 0.00500000
v 0.00337600 -0.00297600 0.00500000
v 0.00376800 -0.00245900 0.00500000
v 0.00408300 -0.00189200 0.00500000
v 0.00431200 -0.00128600 0.00500000
v 0.00451800 -0.00079400 0.00500000
v 0.00482300 -0.00035800 0.00500000
v 0.00521400 0.00000400 0.00500000
v 0.00567300 0.00027600 0.00500000
v 0.00617800 0.00044300 0.00500000
v 0.02561500 0.00356300 0.00500000
v 0.01984600 0.00356300 0.00500000
v 0.01407700 0.00356300 0.00500000
v 0.01119200 0.00356300 0.00500000
v 0.01696200 0.00356300 0.00500000
v -0.00034600 0.00356300 0.00500000
v 0.00830800 0.00356200 -0.00500000
v 0.00542300 0.00356200 -0.00500000
v 0.00542300 0.00087500 -0.00500000
v -0.00034600 0.00893800 -0.00500000
v -0.00034600 0.00625000 -0.00500000
v -0.00323100 0.00625000 -0.00500000
v 0.02850000 0.00550000 -0.00500000
v 0.02708100 0.00550000 -0.00500000
v 0.02566300 0.00550000 -0.00500000
v 0.02424400 0.00550000 -0.00500000
v 0.02282600 0.00550000 -0.00500000
v 0.02140700 0.00550000 -0.00500000
v 0.01998900 0.00550000 -0.00500000
v 0.01857000 0.00550000 -0.00500000
v 0.01715100 0.00550000 -0.00500000
v 0.01573300 0.00550000 -0.00500000
v 0.01431400 0.00550000 -0.00500000
v 0.01289600 0.00550000 -0.00500000
v 0.01147700 0.00550000 -0.00500000
v 0.01005800 0.00550000 -0.00500000
v 0.00864000 0.00550000 -0.00500000
v 0.00722100 0.00550000 -0.00500000
v 0.00580300 0.00550000 -0.00500000
v 0.00438400 0.00550000 -0.00500000
v 0.00296600 0.00550000 -0.00500000
v 0.02850000 0.00050000 -0.00500000
v 0.02850000 0.00216700 -0.00500000
v 0.02850000 0.00383300 -0.00500000
v 0.00670800 0.00050000 -0.00500000
v 0.00868900 0.00050000 -0.00500000
v 0.01067000 0.00050000 -0.00500000
v 0.01265100 0.00050000 -0.00500000
v 0.01463200 0.00050000 -0.00500000
v 0.01661400 0.00050000 -0.00500000
v 0.01859500 0.00050000 -0.00500000
v 0.02057600 0.00050000 -0.00500000
v 0.02255700 0.00050000 -0.00500000
v 0.02453800 0.00050000 -0.00500000
v 0.02651900 0.00050000 -0.00500000
v 0.00350000 -0.00000000 -0.00500000
v 0.00331000 -0.00113600 -0.00500000
v 0.00276200 -0.00215000 -0.00500000
v 0.00191400 -0.00293000 -0.00500000
v 0.00085900 -0.00339300 -0.00500000
v -0.00028900 -0.00348800 -0.00500000
v -0.00140600 -0.00320500 -0.00500000
v -0.00237000 -0.00257500 -0.00500000
v -0.00307800 -0.00166600 -0.00500000
v -0.00345200 -0.00057600 -0.00500000
v -0.00345200 0.00057600 -0.00500000
v -0.00307800 0.00166600 -0.00500000
v -0.00237000 0.00257500 -0.00500000
v -0.00140600 0.00320500 -0.00500000
v -0.00028900 0.00348800 -0.00500000
v 0.00085900 0.00339300 -0.00500000
v 0.00191400 0.00293000 -0.00500000
v 0.00276200 0.00215000 -0.00500000
v 0.00331000 0.00113600 -0.00500000
v -0.00100000 0.01250000 -0.00500000
v -0.00119000 0.01136400 -0.00500000
v -0.00173800 0.01035000 -0.00500000
v -0.00258600 0.00957000 -0.00500000
v -0.00364100 0.00910700 -0.00500000
v -0.00478900 0.00901200 -0.00500000
v -0.00590600 0.00929500 -0.00500000
v -0.00687000 0.00992500 -0.00500000
v -0.00757800 0.01083400 -0.00500000
v -0.00795200 0.01192400 -0.00500000
v -0.00795200 0.01307600 -0.00500000
v -0.00757800 0.01416600 -0.00500000
v -0.00687000 0.01507500 -0.00500000
v -0.00590600 0.01570500 -0.00500000
v -0.00478900 0.01598800 -0.00500000
v -0.00364100 0.01589300 -0.00500000
v -0.00258600 0.01543000 -0.00500000
v -0.00173800 0.01465000 -0.00500000
v -0.00119000 0.01363600 -0.00500000
v 0.00431200 -0.00128600 -0.00500000
v 0.00451800 -0.00079400 -0.00500000
v 0.00482300 -0.00035800 -0.00500000
v 0.00521400 0.00000400 -0.00500000
v 0.00567300 0.00027600 -0.00500000
v 0.00617800 0.00044300 -0.00500000
v -0.00427000 0.00142100 -0.00500000
v -0.00443000 0.00079300 -0.00500000
v -0.00449800 0.00014800 -0.00500000
v -0.00447200 -0.00050000 -0.00500000
v -0.00435400 -0.00113800 -0.00500000
v -0.00414500 -0.00175200 -0.00500000
v -0.00385000 -0.00232900 -0.00500000
v -0.00347600 -0.00285800 -0.00500000
v -0.00302900 -0.00332800 -0.00500000
v -0.00251900 -0.00372900 -0.00500000
v -0.00195700 -0.00405200 -0.00500000
v -0.00135400 -0.00429200 -0.00500000
v -0.00072300 -0.00444200 -0.00500000
v -0.00007700 -0.00449900 -0.00500000
v 0.00057100 -0.00446400 -0.00500000
v 0.00120600 -0.00433500 -0.00500000
v 0.00181700 -0.00411700 -0.00500000
v 0.00239000 -0.00381300 -0.00500000
v 0.00291300 -0.00343000 -0.00500000
v 0.00337600 -0.00297600 -0.00500000
v 0.00376800 -0.00245900 -0.00500000
v 0.00408300 -0.00189200 -0.00500000
v 0.00245900 0.00555200 -0.00500000
v 0.00197300 0.00570600 -0.00500000
v 0.00152800 0.00595500 -0.00500000
v 0.00114300 0.00628900 -0.00500000
v 0.00083400 0.00669400 -0.00500000
v 0.00061300 0.00715300 -0.00500000
v 0.00253800 0.00490600 -0.00500000
v 0.00398100 0.00356200 -0.00500000
v 0.00398100 0.00490600 -0.00500000
v -0.00034600 0.00490600 -0.00500000
v 0.00109600 0.00490600 -0.00500000
v -0.00034600 0.00759400 -0.00500000
v -0.00428900 0.00305800 -0.00500000
v -0.00416100 0.00251900 -0.00500000
v -0.00415400 0.00196400 -0.00500000
v 0.00020100 0.00829800 -0.00500000
v -0.00021100 0.00944200 -0.00500000
v -0.00585600 0.00741000 -0.00500000
v -0.00533400 0.00595900 -0.00500000
v -0.00481200 0.00450900 -0.00500000
v -0.00033900 0.00998100 -0.00500000
v -0.00034600 0.01053600 -0.00500000
v -0.00023000 0.01107900 -0.00500000
v -0.00688400 0.00868300 -0.00500000
v -0.00644900 0.00833900 -0.00500000
v -0.00610100 0.00790700 -0.00500000
v -0.00323100 0.00759400 -0.00500000
v -0.00467300 0.00759400 -0.00500000
v -0.00005400 0.01180200 -0.00500000
v -0.00000000 0.01254600 -0.00500000
v -0.00006900 0.01328700 -0.00500000
v -0.00026000 0.01400800 -0.00500000
v -0.00056700 0.01468700 -0.00500000
v -0.00098200 0.01530600 -0.00500000
v -0.00149300 0.01584800 -0.00500000
v -0.00208600 0.01629800 -0.00500000
v -0.00274600 0.01664400 -0.00500000
v -0.00345400 0.01687700 -0.00500000
v -0.00419000 0.01698900 -0.00500000
v -0.00493500 0.01697900 -0.00500000
v -0.00566800 0.01684600 -0.00500000
v -0.00637000 0.01659300 -0.00500000
v -0.00701900 0.01622900 -0.00500000
v -0.00760000 0.01576200 -0.00500000
v -0.00809600 0.01520600 -0.00500000
v -0.00849300 0.01457500 -0.00500000
v -0.00878100 0.01388800 -0.00500000
v -0.00895100 0.01316300 -0.00500000
v -0.00899900 0.01241900 -0.00500000
v -0.00892400 0.01167800 -0.00500000
v -0.00872800 0.01095900 -0.00500000
v -0.00841600 0.01028300 -0.00500000
v -0.00799600 0.00966700 -0.00500000
v -0.00748100 0.00912900 -0.00500000
v 0.02561500 0.00356200 -0.00500000
v 0.01984600 0.00356200 -0.00500000
v 0.01696200 0.00356200 -0.00500000
v 0.01407700 0.00356200 -0.00500000
v 0.01119200 0.00356200 -0.00500000
v -0.00034600 0.00356200 -0.00500000
v -0.00714900 0.00825900 0.00450000
v -0.00714900 0.00825900 -0.00000000
v -0.00714900 0.00825900 -0.00450000
v -0.00791500 0.00884800 -0.00000000
v -0.00856500 0.00958900 -0.00000000
v -0.00907200 0.01047500 -0.00000000
v -0.00938800 0.01144600 -0.00000000
v -0.00950000 0.01250000 -0.00000000
v -0.00939500 0.01351800 -0.00000000
v -0.00908300 0.01449900 -0.00000000
v -0.00858600 0.01538100 -0.00000000
v -0.00793000 0.01613800 -0.00000000
v -0.00713600 0.01674900 -0.00000000
v -0.00623600 0.01718900 -0.00000000
v -0.00526700 0.01744100 -0.00000000
v -0.00424200 0.01749300 -0.00000000
v -0.00321000 0.01733100 -0.00000000
v -0.00224800 0.01696400 -0.00000000
v -0.00140100 0.01642400 -0.00000000
v -0.00068100 0.01572800 -0.00000000
v -0.00011500 0.01490200 -0.00000000
v 0.00027600 0.01398000 -0.00000000
v 0.00047900 0.01295300 -0.00000000
v 0.00046900 0.01194700 -0.00000000
v 0.00024400 0.01092100 0.00450000
v 0.00024400 0.01092100 -0.00000000
v 0.00024400 0.01092100 -0.00450000
v 0.00024400 0.01092100 0.00225000
v 0.00024400 0.01092100 -0.00225000
v 0.00042600 0.01164300 -0.00450000
v 0.00049900 0.01238500 -0.00450000
v 0.00046000 0.01312900 -0.00450000
v 0.00031200 0.01385900 -0.00450000
v 0.00005600 0.01455900 -0.00450000
v -0.00030100 0.01521400 -0.00450000
v -0.00075100 0.01580800 -0.00450000
v -0.00128400 0.01632800 -0.00450000
v -0.00188900 0.01676400 -0.00450000
v -0.00255100 0.01710500 -0.00450000
v -0.00325700 0.01734300 -0.00450000
v -0.00399100 0.01747400 -0.00450000
v -0.00473600 0.01749400 -0.00450000
v -0.00547600 0.01740400 -0.00450000
v -0.00619400 0.01720400 -0.00450000
v -0.00687400 0.01690000 -0.00450000
v -0.00750200 0.01649900 -0.00450000
v -0.00806300 0.01600800 -0.00450000
v -0.00854500 0.01544000 -0.00450000
v -0.00893700 0.01480600 -0.00450000
v -0.00923000 0.01412100 -0.00450000
v -0.00941800 0.01340000 -0.00450000
v -0.00949700 0.01265900 -0.00450000
v -0.00946600 0.01191400 -0.00450000
v -0.00932300 0.01118300 -0.00450000
v -0.00907400 0.01048100 -0.00450000
v -0.00872300 0.00982300 -0.00450000
v -0.00827800 0.00922500 -0.00450000
v -0.00775000 0.00870000 -0.00450000
v 0.00046900 0.01194700 -0.00225000
v 0.00038400 0.01142800 -0.00000000
v 0.00038400 0.01142800 -0.00225000
v 0.00047900 0.01295300 -0.00225000
v 0.00050000 0.01245000 -0.00000000
v 0.00050000 0.01245000 -0.00225000
v 0.00027600 0.01398000 -0.00225000
v 0.00040500 0.01347200 -0.00000000
v 0.00040500 0.01347200 -0.00225000
v -0.00011500 0.01490200 -0.00225000
v 0.00010400 0.01445100 -0.00000000
v 0.00010400 0.01445100 -0.00225000
v -0.00068100 0.01572800 -0.00225000
v -0.00037700 0.01532900 -0.00000000
v -0.00037700 0.01532900 -0.00225000
v -0.00140100 0.01642400 -0.00225000
v -0.00102400 0.01609400 -0.00000000
v -0.00102400 0.01609400 -0.00225000
v -0.00224800 0.01696400 -0.00225000
v -0.00181100 0.01671500 -0.00000000
v -0.00181100 0.01671500 -0.00225000
v -0.00321000 0.01733100 -0.00225000
v -0.00272000 0.01717200 -0.00000000
v -0.00272000 0.01717200 -0.00225000
v -0.00424200 0.01749300 -0.00225000
v -0.00372200 0.01743900 -0.00000000
v -0.00372200 0.01743900 -0.00225000
v -0.00526700 0.01744100 -0.00225000
v -0.00475600 0.01749300 -0.00000000
v -0.00475600 0.01749300 -0.00225000
v -0.00623600 0.01718900 -0.00225000
v -0.00575800 0.01733900 -0.00000000
v -0.00575800 0.01733900 -0.00225000
v -0.00713600 0.01674900 -0.00225000
v -0.00669700 0.01699100 -0.00000000
v -0.00669700 0.01699100 -0.00225000
v -0.00793000 0.01613800 -0.00225000
v -0.00754800 0.01646300 -0.00000000
v -0.00754800 0.01646300 -0.00225000
v -0.00858600 0.01538100 -0.00225000
v -0.00827700 0.01577600 -0.00000000
v -0.00827700 0.01577600 -0.00225000
v -0.00908300 0.01449900 -0.00225000
v -0.00885700 0.01495300 -0.00000000
v -0.00885700 0.01495300 -0.00225000
v -0.00939500 0.01351800 -0.00225000
v -0.00926400 0.01401700 -0.00000000
v -0.00926400 0.01401700 -0.00225000
v -0.00950000 0.01250000 -0.00225000
v -0.00947400 0.01301200 -0.00000000
v -0.00947400 0.01301200 -0.00225000
v -0.00938800 0.01144600 -0.00225000
v -0.00947200 0.01197000 -0.00000000
v -0.00947200 0.01197000 -0.00225000
v -0.00907200 0.01047500 -0.00225000
v -0.00925500 0.01095300 -0.00000000
v -0.00925500 0.01095300 -0.00225000
v -0.00856500 0.00958900 -0.00225000
v -0.00884100 0.01001900 -0.00000000
v -0.00884100 0.01001900 -0.00225000
v -0.00791500 0.00884800 -0.00225000
v -0.00825800 0.00920200 -0.00000000
v -0.00825800 0.00920200 -0.00225000
v -0.00714900 0.00825900 -0.00225000
v -0.00754600 0.00853500 -0.00000000
v -0.00754600 0.00853500 -0.00225000
v -0.00714900 0.00825900 0.00225000
v -0.00775000 0.00870000 0.00450000
v -0.00827800 0.00922500 0.00450000
v -0.00872300 0.00982300 0.00450000
v -0.00907400 0.01048100 0.00450000
v -0.00932300 0.01118300 0.00450000
v -0.00946600 0.01191400 0.00450000
v -0.00949700 0.01265900 0.00450000
v -0.00941800 0.01340000 0.00450000
v -0.00923000 0.01412100 0.00450000
v -0.00893700 0.01480600 0.00450000
v -0.00854500 0.01544000 0.00450000
v -0.00806300 0.01600800 0.00450000
v -0.00750200 0.01649900 0.00450000
v -0.00687400 0.01690000 0.00450000
v -0.00619400 0.01720400 0.00450000
v -0.00547600 0.01740400 0.00450000
v -0.00473600 0.01749400 0.00450000
v -0.00399100 0.01747400 0.00450000
v -0.00325700 0.01734300 0.00450000
v -0.00255100 0.01710500 0.00450000
v -0.00188900 0.01676400 0.00450000
v -0.00128400 0.01632800 0.00450000
v -0.00075100 0.01580800 0.00450000
v -0.00030100 0.01521400 0.00450000
v 0.00005600 0.01455900 0.00450000
v 0.00031200 0.01385900 0.00450000
v 0.00046000 0.01312900 0.00450000
v 0.00049900 0.01238500 0.00450000
v 0.00042600 0.01164300 0.00450000
v -0.00791500 0.00884800 0.00225000
v -0.00754600 0.00853500 0.00225000
v -0.00856500 0.00958900 0.00225000
v -0.00825800 0.00920200 0.00225000
v -0.00907200 0.01047500 0.00225000
v -0.00884100 0.01001900 0.00225000
v -0.00938800 0.01144600 0.00225000
v -0.00925500 0.01095300 0.00225000
v -0.00950000 0.01250000 0.00225000
v -0.00947200 0.01197000 0.00225000
v -0.00939500 0.01351800 0.00225000
v -0.00947400 0.01301200 0.00225000
v -0.00908300 0.01449900 0.00225000
v -0.00926400 0.01401700 0.00225000
v -0.00858600 0.01538100 0.00225000
v -0.00885700 0.01495300 0.00225000
v -0.00793000 0.01613800 0.00225000
v -0.00827700 0.01577600 0.00225000
v -0.00713600 0.01674900 0.00225000
v -0.00754800 0.01646300 0.00225000
v -0.00623600 0.01718900 0.00225000
v -0.00669700 0.01699100 0.00225000
v -0.00526700 0.01744100 0.00225000
v -0.00575800 0.01733900 0.00225000
v -0.00424200 0.01749300 0.00225000
v -0.00475600 0.01749300 0.00225000
v -0.00321000 0.01733100 0.00225000
v -0.00372200 0.01743900 0.00225000
v -0.00224800 0.01696400 0.00225000
v -0.00272000 0.01717200 0.00225000
v -0.00140100 0.01642400 0.00225000
v -0.00181100 0.01671500 0.00225000
v -0.00068100 0.01572800 0.00225000
v -0.00102400 0.01609400 0.00225000
v -0.00011500 0.01490200 0.00225000
v -0.00037700 0.01532900 0.00225000
v 0.00027600 0.01398000 0.00225000
v 0.00010400 0.01445100 0.00225000
v 0.00047900 0.01295300 0.00225000
v 0.00040500 0.01347200 0.00225000
v 0.00046900 0.01194700 0.00225000
v 0.00050000 0.01245000 0.00225000
v 0.00038400 0.01142800 0.00225000
v 0.03000000 0.00050000 -0.00350000
v 0.03000000 0.00050000 0.00350000
v 0.03000000 0.00450000 -0.00350000
v 0.03000000 0.00450000 0.00350000
v 0.03000000 0.00450000 -0.00175000
v 0.03000000 0.00450000 -0.00000000
v 0.03000000 0.00450000 0.00175000
v 0.03000000 0.00050000 0.00116700
v 0.03000000 0.00050000 -0.00116700
v 0.02850000 0.00600000 -0.00450000
v 0.02850000 0.00600000 0.00450000
v 0.02653600 0.00600000 -0.00337500
v 0.02653600 0.00600000 -0.00225000
v 0.02653600 0.00600000 -0.00112500
v 0.02653600 0.00600000 -0.00000000
v 0.02653600 0.00600000 0.00112500
v 0.02653600 0.00600000 0.00225000
v 0.02653600 0.00600000 0.00337500
v 0.02457200 0.00600000 -0.00337500
v 0.02457200 0.00600000 -0.00225000
v 0.02457200 0.00600000 -0.00112500
v 0.02457200 0.00600000 -0.00000000
v 0.02457200 0.00600000 0.00112500
v 0.02457200 0.00600000 0.00225000
v 0.02457200 0.00600000 0.00337500
v 0.02260700 0.00600000 -0.00337500
v 0.02260700 0.00600000 -0.00225000
v 0.02260700 0.00600000 0.00225000
v 0.02260700 0.00600000 0.00337500
v 0.02064300 0.00600000 -0.00337500
v 0.02064300 0.00600000 -0.00225000
v 0.02064300 0.00600000 0.00225000
v 0.02064300 0.00600000 0.00337500
v 0.01867900 0.00600000 -0.00337500
v 0.01867900 0.00600000 -0.00225000
v 0.01867900 0.00600000 -0.00112500
v 0.01867900 0.00600000 -0.00000000
v 0.01867900 0.00600000 0.00112500
v 0.01867900 0.00600000 0.00225000
v 0.01867900 0.00600000 0.00337500
v 0.01671500 0.00600000 -0.00337500
v 0.01671500 0.00600000 -0.00225000
v 0.01671500 0.00600000 -0.00112500
v 0.01671500 0.00600000 -0.00000000
v 0.01671500 0.00600000 0.00112500
v 0.01671500 0.00600000 0.00225000
v 0.01671500 0.00600000 0.00337500
v 0.01475100 0.00600000 -0.00337500
v 0.01475100 0.00600000 -0.00225000
v 0.01475100 0.00600000 -0.00112500
v 0.01475100 0.00600000 -0.00000000
v 0.01475100 0.00600000 0.00112500
v 0.01475100 0.00600000 0.00225000
v 0.01475100 0.00600000 0.00337500
v 0.01278600 0.00600000 -0.00337500
v 0.01278600 0.00600000 -0.00225000
v 0.01278600 0.00600000 0.00225000
v 0.01278600 0.00600000 0.00337500
v 0.01082200 0.00600000 -0.00337500
v 0.01082200 0.00600000 -0.00225000
v 0.01082200 0.00600000 0.00225000
v 0.01082200 0.00600000 0.00337500
v 0.00885800 0.00600000 -0.00337500
v 0.00885800 0.00600000 -0.00225000
v 0.00885800 0.00600000 -0.00112500
v 0.00885800 0.00600000 -0.00000000
v 0.00885800 0.00600000 0.00112500
v 0.00885800 0.00600000 0.00225000
v 0.00885800 0.00600000 0.00337500
v 0.00689400 0.00600000 -0.00337500
v 0.00689400 0.00600000 -0.00225000
v 0.00689400 0.00600000 -0.00112500
v 0.00689400 0.00600000 -0.00000000
v 0.00689400 0.00600000 0.00112500
v 0.00689400 0.00600000 0.00225000
v 0.00689400 0.00600000 0.00337500
v 0.00493000 0.00600000 -0.00337500
v 0.00493000 0.00600000 -0.00225000
v 0.00493000 0.00600000 -0.00112500
v 0.00493000 0.00600000 -0.00000000
v 0.00493000 0.00600000 0.00112500
v 0.00493000 0.00600000 0.00225000
v 0.00493000 0.00600000 0.00337500
v 0.00296600 0.00600000 -0.00450000
v 0.00296600 0.00600000 0.00450000
v 0.00438400 0.00600000 0.00450000
v 0.00580300 0.00600000 0.00450000
v 0.00722100 0.00600000 0.00450000
v 0.00864000 0.00600000 0.00450000
v 0.01005800 0.00600000 0.00450000
v 0.01147700 0.00600000 0.00450000
v 0.01289600 0.00600000 0.00450000
v 0.01431400 0.00600000 0.00450000
v 0.01573300 0.00600000 0.00450000
v 0.01715100 0.00600000 0.00450000
v 0.01857000 0.00600000 0.00450000
v 0.01998900 0.00600000 0.00450000
v 0.02140700 0.00600000 0.00450000
v 0.02282600 0.00600000 0.00450000
v 0.02424400 0.00600000 0.00450000
v 0.02566300 0.00600000 0.00450000
v 0.02708100 0.00600000 0.00450000
v 0.02850000 0.00600000 0.00321400
v 0.02850000 0.00600000 0.00192900
v 0.02850000 0.00600000 0.00064300
v 0.02850000 0.00600000 -0.00064300
v 0.02850000 0.00600000 -0.00192900
v 0.02850000 0.00600000 -0.00321400
v 0.02708100 0.00600000 -0.00450000
v 0.02566300 0.00600000 -0.00450000
v 0.02424400 0.00600000 -0.00450000
v 0.02282600 0.00600000 -0.00450000
v 0.02140700 0.00600000 -0.00450000
v 0.01998900 0.00600000 -0.00450000
v 0.01857000 0.00600000 -0.00450000
v 0.01715100 0.00600000 -0.00450000
v 0.01573300 0.00600000 -0.00450000
v 0.01431400 0.00600000 -0.00450000
v 0.01289600 0.00600000 -0.00450000
v 0.01147700 0.00600000 -0.00450000
v 0.01005800 0.00600000 -0.00450000
v 0.00864000 0.00600000 -0.00450000
v 0.00722100 0.00600000 -0.00450000
v 0.00580300 0.00600000 -0.00450000
v 0.00438400 0.00600000 -0.00450000
v 0.00296600 0.00600000 -0.00321400
v 0.00296600 0.00600000 -0.00192900
v 0.00296600 0.00600000 -0.00064300
v 0.00296600 0.00600000 0.00064300
v 0.00296600 0.00600000 0.00192900
v 0.00296600 0.00600000 0.00321400
v 0.01365000 0.00600000 -0.00000000
v 0.01348700 0.00600000 0.00071600
v 0.01302900 0.00600000 0.00129000
v 0.01236700 0.00600000 0.00160900
v 0.01163300 0.00600000 0.00160900
v 0.01097100 0.00600000 0.00129000
v 0.01051300 0.00600000 0.00071600
v 0.01035000 0.00600000 -0.00000000
v 0.01051300 0.00600000 -0.00071600
v 0.01097100 0.00600000 -0.00129000
v 0.01163300 0.00600000 -0.00160900
v 0.01236700 0.00600000 -0.00160900
v 0.01302900 0.00600000 -0.00129000
v 0.01348700 0.00600000 -0.00071600
v 0.02365000 0.00600000 -0.00000000
v 0.02348700 0.00600000 0.00071600
v 0.02302900 0.00600000 0.00129000
v 0.02236700 0.00600000 0.00160900
v 0.02163300 0.00600000 0.00160900
v 0.02097100 0.00600000 0.00129000
v 0.02051300 0.00600000 0.00071600
v 0.02035000 0.00600000 -0.00000000
v 0.02051300 0.00600000 -0.00071600
v 0.02097100 0.00600000 -0.00129000
v 0.02163300 0.00600000 -0.00160900
v 0.02236700 0.00600000 -0.00160900
v 0.02302900 0.00600000 -0.00129000
v 0.02348700 0.00600000 -0.00071600
v 0.00108400 0.00732300 -0.00450000
v 0.00108400 0.00732300 0.00450000
v 0.00026000 0.00961100 0.00450000
v 0.00108400 0.00732300 0.00225000
v 0.00108400 0.00732300 -0.00000000
v 0.00108400 0.00732300 -0.00225000
v 0.00067200 0.00846700 -0.00450000
v 0.00026000 0.00961100 -0.00000000
v 0.00026000 0.00961100 -0.00450000
v 0.00026000 0.00961100 -0.00225000
v 0.00026000 0.00961100 0.00225000
v 0.00067200 0.00846700 0.00450000
v 0.02774700 -0.00000000 -0.00337500
v 0.02774700 -0.00000000 -0.00225000
v 0.02774700 -0.00000000 -0.00112500
v 0.02774700 0.00000000 0.00000000
v 0.02774700 0.00000000 0.00112500
v 0.02774700 0.00000000 0.00225000
v 0.02774700 0.00000000 0.00337500
v 0.02599400 -0.00000000 -0.00337500
v 0.02599400 -0.00000000 -0.00225000
v 0.02599400 -0.00000000 -0.00112500
v 0.02599400 0.00000000 0.00000000
v 0.02599400 0.00000000 0.00112500
v 0.02599400 0.00000000 0.00225000
v 0.02599400 0.00000000 0.00337500
v 0.02424000 -0.00000000 -0.00337500
v 0.02424000 -0.00000000 -0.00225000
v 0.02424000 -0.00000000 -0.00112500
v 0.02424000 0.00000000 0.00000000
v 0.02424000 0.00000000 0.00112500
v 0.02424000 0.00000000 0.00225000
v 0.02424000 0.00000000 0.00337500
v 0.02248700 -0.00000000 -0.00337500
v 0.02248700 -0.00000000 -0.00225000
v 0.02248700 0.00000000 0.00225000
v 0.02248700 0.00000000 0.00337500
v 0.02073400 -0.00000000 -0.00337500
v 0.02073400 -0.00000000 -0.00225000
v 0.02073400 0.00000000 0.00225000
v 0.02073400 0.00000000 0.00337500
v 0.01898100 -0.00000000 -0.00337500
v 0.01898100 -0.00000000 -0.00225000
v 0.01898100 -0.00000000 -0.00112500
v 0.01898100 0.00000000 0.00000000
v 0.01898100 0.00000000 0.00112500
v 0.01898100 0.00000000 0.00225000
v 0.01898100 0.00000000 0.00337500
v 0.01722700 -0.00000000 -0.00337500
v 0.01722700 -0.00000000 -0.00225000
v 0.01722700 -0.00000000 -0.00112500
v 0.01722700 0.00000000 0.00000000
v 0.01722700 0.00000000 0.00112500
v 0.01722700 0.00000000 0.00225000
v 0.01722700 0.00000000 0.00337500
v 0.01547400 -0.00000000 -0.00337500
v 0.01547400 -0.00000000 -0.00225000
v 0.01547400 -0.00000000 -0.00112500
v 0.01547400 0.00000000 0.00000000
v 0.01547400 0.00000000 0.00112500
v 0.01547400 0.00000000 0.00225000
v 0.01547400 0.00000000 0.00337500
v 0.01372100 -0.00000000 -0.00337500
v 0.01372100 -0.00000000 -0.00225000
v 0.01372100 -0.00000000 -0.00112500
v 0.01372100 0.00000000 0.00112500
v 0.01372100 0.00000000 0.00225000
v 0.01372100 0.00000000 0.00337500
v 0.01196800 -0.00000000 -0.00337500
v 0.01196800 -0.00000000 -0.00225000
v 0.01196800 0.00000000 0.00225000
v 0.01196800 0.00000000 0.00337500
v 0.01021500 -0.00000000 -0.00337500
v 0.01021500 -0.00000000 -0.00225000
v 0.01021500 -0.00000000 -0.00112500
v 0.01021500 0.00000000 0.00112500
v 0.01021500 0.00000000 0.00225000
v 0.01021500 0.00000000 0.00337500
v 0.00846100 -0.00000000 -0.00337500
v 0.00846100 -0.00000000 -0.00225000
v 0.00846100 -0.00000000 -0.00112500
v 0.00846100 0.00000000 0.00112500
v 0.00846100 0.00000000 0.00225000
v 0.00846100 0.00000000 0.00337500
v 0.00670800 -0.00000000 -0.00450000
v 0.00670800 0.00000000 0.00450000
v 0.02950000 0.00000000 0.00400000
v 0.02950000 0.00000000 0.00285700
v 0.02950000 0.00000000 0.00171400
v 0.02950000 0.00000000 0.00057100
v 0.02950000 -0.00000000 -0.00057100
v 0.02950000 -0.00000000 -0.00171400
v 0.02950000 -0.00000000 -0.00285700
v 0.02950000 -0.00000000 -0.00400000
v 0.00801900 0.00000000 0.00450000
v 0.00933100 0.00000000 0.00450000
v 0.01064200 0.00000000 0.00450000
v 0.01195300 0.00000000 0.00450000
v 0.01326500 0.00000000 0.00450000
v 0.01457600 0.00000000 0.00450000
v 0.01588700 0.00000000 0.00450000
v 0.01719800 0.00000000 0.00450000
v 0.01851000 0.00000000 0.00450000
v 0.01982100 0.00000000 0.00450000
v 0.02113200 0.00000000 0.00450000
v 0.02244400 0.00000000 0.00450000
v 0.02375500 0.00000000 0.00450000
v 0.02506600 0.00000000 0.00450000
v 0.02637700 0.00000000 0.00450000
v 0.02768900 0.00000000 0.00450000
v 0.02900000 0.00000000 0.00450000
v 0.00670800 -0.00000000 -0.00321400
v 0.00670800 -0.00000000 -0.00192900
v 0.00670800 -0.00000000 -0.00064300
v 0.00670800 0.00000000 0.00064300
v 0.00670800 0.00000000 0.00192900
v 0.00670800 0.00000000 0.00321400
v 0.02900000 -0.00000000 -0.00450000
v 0.02768900 -0.00000000 -0.00450000
v 0.02637700 -0.00000000 -0.00450000
v 0.02506600 -0.00000000 -0.00450000
v 0.02375500 -0.00000000 -0.00450000
v 0.02244400 -0.00000000 -0.00450000
v 0.02113200 -0.00000000 -0.00450000
v 0.01982100 -0.00000000 -0.00450000
v 0.01851000 -0.00000000 -0.00450000
v 0.01719800 -0.00000000 -0.00450000
v 0.01588700 -0.00000000 -0.00450000
v 0.01457600 -0.00000000 -0.00450000
v 0.01326500 -0.00000000 -0.00450000
v 0.01195300 -0.00000000 -0.00450000
v 0.01064200 -0.00000000 -0.00450000
v 0.00933100 -0.00000000 -0.00450000
v 0.00801900 -0.00000000 -0.00450000
v 0.01365000 0.00000000 0.00000000
v 0.01346100 0.00000000 0.00076700
v 0.01293700 0.00000000 0.00135800
v 0.01219900 0.00000000 0.00163800
v 0.01141500 0.00000000 0.00154300
v 0.01076500 0.00000000 0.00109400
v 0.01039800 0.00000000 0.00039500
v 0.01039800 -0.00000000 -0.00039500
v 0.01076500 -0.00000000 -0.00109400
v 0.01141500 -0.00000000 -0.00154300
v 0.01219900 -0.00000000 -0.00163800
v 0.01293700 -0.00000000 -0.00135800
v 0.01346100 -0.00000000 -0.00076700
v 0.02365000 0.00000000 0.00000000
v 0.02346100 0.00000000 0.00076700
v 0.02293700 0.00000000 0.00135800
v 0.02219900 0.00000000 0.00163800
v 0.02141500 0.00000000 0.00154300
v 0.02076500 0.00000000 0.00109400
v 0.02039800 0.00000000 0.00039500
v 0.02039800 -0.00000000 -0.00039500
v 0.02076500 -0.00000000 -0.00109400
v 0.02141500 -0.00000000 -0.00154300
v 0.02219900 -0.00000000 -0.00163800
v 0.02293700 -0.00000000 -0.00135800
v 0.02346100 -0.00000000 -0.00076700
v -0.00474400 0.00157900 -0.00450000
v -0.00474400 0.00157900 0.00450000
v -0.00495200 0.00068800 -0.00000000
v -0.00499300 -0.00025700 0.00000000
v -0.00486400 -0.00115700 0.00000000
v -0.00458100 -0.00200400 0.00000000
v -0.00415900 -0.00277500 0.00000000
v -0.00361500 -0.00345400 0.00000000
v -0.00296300 -0.00402800 0.00000000
v -0.00222000 -0.00448000 0.00000000
v -0.00141100 -0.00479700 0.00000000
v -0.00051900 -0.00497300 0.00000000
v 0.00038400 -0.00498500 0.00000000
v 0.00124000 -0.00484400 0.00000000
v 0.00208400 -0.00454500 0.00000000
v 0.00282400 -0.00412600 0.00000000
v 0.00348200 -0.00358800 0.00000000
v 0.00404000 -0.00294700 0.00000000
v 0.00448000 -0.00222000 0.00000000
v 0.00479200 -0.00142900 -0.00450000
v 0.00479200 -0.00142900 0.00000000
v 0.00479200 -0.00142900 0.00450000
v -0.00474400 0.00157900 0.00270000
v -0.00474400 0.00157900 0.00090000
v -0.00474400 0.00157900 -0.00090000
v -0.00474400 0.00157900 -0.00270000
v -0.00491100 0.00094000 -0.00450000
v -0.00499200 0.00028500 -0.00450000
v -0.00498600 -0.00037600 -0.00450000
v -0.00489300 -0.00103000 -0.00450000
v -0.00471400 -0.00166600 -0.00450000
v -0.00445300 -0.00227300 -0.00450000
v -0.00411500 -0.00284000 -0.00450000
v -0.00370500 -0.00335800 -0.00450000
v -0.00323000 -0.00381700 -0.00450000
v -0.00269800 -0.00420900 -0.00450000
v -0.00212000 -0.00452800 -0.00450000
v -0.00150400 -0.00476800 -0.00450000
v -0.00086200 -0.00492500 -0.00450000
v -0.00020600 -0.00499600 -0.00450000
v 0.00045500 -0.00497900 -0.00450000
v 0.00110700 -0.00487600 -0.00450000
v 0.00174000 -0.00468700 -0.00450000
v 0.00234300 -0.00441700 -0.00450000
v 0.00290500 -0.00407000 -0.00450000
v 0.00341600 -0.00365100 -0.00450000
v 0.00386800 -0.00316900 -0.00450000
v 0.00425200 -0.00263100 -0.00450000
v 0.00456100 -0.00204800 -0.00450000
v -0.00495200 0.00068800 -0.00225000
v -0.00486900 0.00113800 -0.00000000
v -0.00486900 0.00113800 -0.00225000
v -0.00499300 -0.00025700 -0.00225000
v -0.00499500 0.00021600 -0.00000000
v -0.00499500 0.00021600 -0.00225000
v -0.00486400 -0.00115700 -0.00225000
v -0.00494900 -0.00071000 0.00000000
v -0.00494900 -0.00071000 -0.00225000
v -0.00458100 -0.00200400 -0.00225000
v -0.00474200 -0.00158700 0.00000000
v -0.00474200 -0.00158700 -0.00225000
v -0.00415900 -0.00277500 -0.00225000
v -0.00438700 -0.00239900 0.00000000
v -0.00438700 -0.00239900 -0.00225000
v -0.00361500 -0.00345400 -0.00225000
v -0.00390200 -0.00312600 0.00000000
v -0.00390200 -0.00312600 -0.00225000
v -0.00296300 -0.00402800 -0.00225000
v -0.00330200 -0.00375500 0.00000000
v -0.00330200 -0.00375500 -0.00225000
v -0.00222000 -0.00448000 -0.00225000
v -0.00260100 -0.00427000 0.00000000
v -0.00260100 -0.00427000 -0.00225000
v -0.00141100 -0.00479700 -0.00225000
v -0.00182300 -0.00465600 0.00000000
v -0.00182300 -0.00465600 -0.00225000
v -0.00051900 -0.00497300 -0.00225000
v -0.00096900 -0.00490500 0.00000000
v -0.00096900 -0.00490500 -0.00225000
v 0.00038400 -0.00498500 -0.00225000
v -0.00006800 -0.00500000 0.00000000
v -0.00006800 -0.00500000 -0.00225000
v 0.00124000 -0.00484400 -0.00225000
v 0.00081500 -0.00493300 0.00000000
v 0.00081500 -0.00493300 -0.00225000
v 0.00208400 -0.00454500 -0.00225000
v 0.00166900 -0.00471300 0.00000000
v 0.00166900 -0.00471300 -0.00225000
v 0.00282400 -0.00412600 -0.00225000
v 0.00246300 -0.00435100 0.00000000
v 0.00246300 -0.00435100 -0.00225000
v 0.00348200 -0.00358800 -0.00225000
v 0.00316400 -0.00387100 0.00000000
v 0.00316400 -0.00387100 -0.00225000
v 0.00404000 -0.00294700 -0.00225000
v 0.00377400 -0.00327900 0.00000000
v 0.00377400 -0.00327900 -0.00225000
v 0.00448000 -0.00222000 -0.00225000
v 0.00427500 -0.00259300 0.00000000
v 0.00427500 -0.00259300 -0.00225000
v 0.00479200 -0.00142900 -0.00225000
v 0.00465300 -0.00183100 0.00000000
v 0.00465300 -0.00183100 -0.00225000
v 0.00479200 -0.00142900 0.00225000
v 0.00456100 -0.00204800 0.00450000
v 0.00425200 -0.00263100 0.00450000
v 0.00386800 -0.00316900 0.00450000
v 0.00341600 -0.00365100 0.00450000
v 0.00290500 -0.00407000 0.00450000
v 0.00234300 -0.00441700 0.00450000
v 0.00174000 -0.00468700 0.00450000
v 0.00110700 -0.00487600 0.00450000
v 0.00045500 -0.00497900 0.00450000
v -0.00020600 -0.00499600 0.00450000
v -0.00086200 -0.00492500 0.00450000
v -0.00150400 -0.00476800 0.00450000
v -0.00212000 -0.00452800 0.00450000
v -0.00269800 -0.00420900 0.00450000
v -0.00323000 -0.00381700 0.00450000
v -0.00370500 -0.00335800 0.00450000
v -0.00411500 -0.00284000 0.00450000
v -0.00445300 -0.00227300 0.00450000
v -0.00471400 -0.00166600 0.00450000
v -0.00489300 -0.00103000 0.00450000
v -0.00498600 -0.00037600 0.00450000
v -0.00499200 0.00028500 0.00450000
v -0.00491100 0.00094000 0.00450000
v 0.00448000 -0.00222000 0.00225000
v 0.00465300 -0.00183100 0.00225000
v 0.00404000 -0.00294700 0.00225000
v 0.00427500 -0.00259300 0.00225000
v 0.00348200 -0.00358800 0.00225000
v 0.00377400 -0.00327900 0.00225000
v 0.00282400 -0.00412600 0.00225000
v 0.00316400 -0.00387100 0.00225000
v 0.00208400 -0.00454500 0.00225000
v 0.00246300 -0.00435100 0.00225000
v 0.00124000 -0.00484400 0.00225000
v 0.00166900 -0.00471300 0.00225000
v 0.00038400 -0.00498500 0.00225000
v 0.00081500 -0.00493300 0.00225000
v -0.00051900 -0.00497300 0.00225000
v -0.00006800 -0.00500000 0.00225000
v -0.00141100 -0.00479700 0.00225000
v -0.00096900 -0.00490500 0.00225000
v -0.00222000 -0.00448000 0.00225000
v -0.00182300 -0.00465600 0.00225000
v -0.00296300 -0.00402800 0.00225000
v -0.00260100 -0.00427000 0.00225000
v -0.00361500 -0.00345400 0.00225000
v -0.00330200 -0.00375500 0.00225000
v -0.00415900 -0.00277500 0.00225000
v -0.00390200 -0.00312600 0.00225000
v -0.00458100 -0.00200400 0.00225000
v -0.00438700 -0.00239900 0.00225000
v -0.00486400 -0.00115700 0.00225000
v -0.00474200 -0.00158700 0.00225000
v -0.00499300 -0.00025700 0.00225000
v -0.00494900 -0.00071000 0.00225000
v -0.00495200 0.00068800 0.00225000
v -0.00499500 0.00021600 0.00225000
v -0.00486900 0.00113800 0.00225000
v -0.00476000 0.00288900 0.00450000
v -0.00632600 0.00724000 -0.00450000
v -0.00632600 0.00724000 0.00450000
v -0.00632600 0.00724000 -0.00225000
v -0.00632600 0.00724000 -0.00000000
v -0.00632600 0.00724000 0.00225000
v -0.00554300 0.00506400 0.00450000
v -0.00554300 0.00506400 -0.00000000
v -0.00476000 0.00288900 -0.00450000
v -0.00528200 0.00433900 -0.00450000
v -0.00580400 0.00579000 -0.00450000
v -0.00476000 0.00288900 0.00270000
v -0.00476000 0.00288900 0.00090000
v -0.00476000 0.00288900 -0.00090000
v -0.00476000 0.00288900 -0.00270000
v -0.00593500 0.00615200 0.00450000
v -0.00515100 0.00397700 0.00450000
v -0.00554300 0.00506400 0.00225000
v -0.00593500 0.00615200 -0.00000000
v -0.00593500 0.00615200 0.00225000
v -0.00515100 0.00397700 -0.00000000
v -0.00515100 0.00397700 0.00225000
v 0.00670800 -0.00000000 -0.00450000
v 0.00670800 0.00000000 0.00450000
v 0.00604500 -0.00011300 -0.00150000
v 0.00604500 -0.00011300 0.00150000
v 0.00549000 -0.00041400 -0.00150000
v 0.00549000 -0.00041400 0.00150000
v 0.00506100 -0.00086600 -0.00150000
v 0.00506100 -0.00086600 0.00150000
v 0.00479200 -0.00142900 -0.00450000
v 0.00479200 -0.00142900 0.00450000
v 0.00670800 0.00000000 0.00321400
v 0.00670800 0.00000000 0.00192900
v 0.00670800 0.00000000 0.00064300
v 0.00670800 -0.00000000 -0.00064300
v 0.00670800 -0.00000000 -0.00192900
v 0.00670800 -0.00000000 -0.00321400
v 0.00479200 -0.00142900 -0.00225000
v 0.00479200 -0.00142900 0.00000000
v 0.00479200 -0.00142900 0.00225000
v 0.00620100 -0.00006500 -0.00450000
v 0.00572800 -0.00025700 -0.00450000
v 0.00531800 -0.00056200 -0.00450000
v 0.00499900 -0.00096200 -0.00450000
v 0.00604500 -0.00011300 -0.00300000
v 0.00637200 -0.00002900 -0.00150000
v 0.00637200 -0.00002900 -0.00300000
v 0.00549000 -0.00041400 -0.00300000
v 0.00575500 -0.00024200 -0.00150000
v 0.00575500 -0.00024200 -0.00300000
v 0.00506100 -0.00086600 -0.00300000
v 0.00525800 -0.00062300 -0.00150000
v 0.00525800 -0.00062300 -0.00300000
v 0.00490400 -0.00113700 -0.00150000
v 0.00490400 -0.00113700 -0.00300000
v 0.00499900 -0.00096200 0.00450000
v 0.00531800 -0.00056200 0.00450000
v 0.00572800 -0.00025700 0.00450000
v 0.00620100 -0.00006500 0.00450000
v 0.00506100 -0.00086600 0.00300000
v 0.00490400 -0.00113700 0.00150000
v 0.00490400 -0.00113700 0.00300000
v 0.00549000 -0.00041400 0.00300000
v 0.00525800 -0.00062300 0.00150000
v 0.00525800 -0.00062300 0.00300000
v 0.00604500 -0.00011300 0.00300000
v 0.00575500 -0.00024200 0.00150000
v 0.00575500 -0.00024200 0.00300000
v 0.00637200 -0.00002900 0.00150000
v 0.00637200 -0.00002900 0.00300000
v 0.00296600 0.00600000 0.00450000
v 0.00296600 0.00600000 -0.00450000
v 0.00232800 0.00610400 0.00150000
v 0.00232800 0.00610400 -0.00150000
v 0.00179200 0.00638100 0.00150000
v 0.00179200 0.00638100 -0.00150000
v 0.00136700 0.00679800 0.00150000
v 0.00136700 0.00679800 -0.00150000
v 0.00108400 0.00732300 -0.00450000
v 0.00296600 0.00600000 -0.00321400
v 0.00296600 0.00600000 -0.00192900
v 0.00296600 0.00600000 -0.00064300
v 0.00296600 0.00600000 0.00064300
v 0.00296600 0.00600000 0.00192900
v 0.00296600 0.00600000 0.00321400
v 0.00108400 0.00732300 0.00450000
v 0.00108400 0.00732300 0.00225000
v 0.00108400 0.00732300 -0.00000000
v 0.00108400 0.00732300 -0.00225000
v 0.00130400 0.00688600 -0.00450000
v 0.00162400 0.00651700 -0.00450000
v 0.00202400 0.00623500 -0.00450000
v 0.00248000 0.00606000 -0.00450000
v 0.00136700 0.00679800 -0.00300000
v 0.00120600 0.00705000 -0.00150000
v 0.00120600 0.00705000 -0.00300000
v 0.00179200 0.00638100 -0.00300000
v 0.00156400 0.00657400 -0.00150000
v 0.00156400 0.00657400 -0.00300000
v 0.00232800 0.00610400 -0.00300000
v 0.00204900 0.00622200 -0.00150000
v 0.00204900 0.00622200 -0.00300000
v 0.00264200 0.00602600 -0.00150000
v 0.00264200 0.00602600 -0.00300000
v 0.00248000 0.00606000 0.00450000
v 0.00202400 0.00623500 0.00450000
v 0.00162400 0.00651700 0.00450000
v 0.00130400 0.00688600 0.00450000
v 0.00232800 0.00610400 0.00300000
v 0.00264200 0.00602600 0.00150000
v 0.00264200 0.00602600 0.00300000
v 0.00179200 0.00638100 0.00300000
v 0.00204900 0.00622200 0.00150000
v 0.00204900 0.00622200 0.00300000
v 0.00136700 0.00679800 0.00300000
v 0.00156400 0.00657400 0.00150000
v 0.00156400 0.00657400 0.00300000
v 0.00120600 0.00705000 0.00150000
v 0.00120600 0.00705000 0.00300000
v 0.00026000 0.00961100 -0.00450000
v 0.00014200 0.01026300 0.00150000
v 0.00014200 0.01026300 -0.00150000
v 0.00024400 0.01092100 0.00450000
v 0.00024400 0.01092100 -0.00450000
v 0.00024400 0.01092100 0.00225000
v 0.00024400 0.01092100 -0.00000000
v 0.00024400 0.01092100 -0.00225000
v 0.00026000 0.00961100 -0.00225000
v 0.00026000 0.00961100 -0.00000000
v 0.00026000 0.00961100 0.00225000
v 0.00015100 0.01048700 -0.00450000
v 0.00015700 0.01004300 -0.00450000
v 0.00014200 0.01026300 -0.00300000
v 0.00016500 0.01059600 -0.00150000
v 0.00016500 0.01059600 -0.00300000
v 0.00017400 0.00993200 -0.00150000
v 0.00017400 0.00993200 -0.00300000
v 0.00026000 0.00961100 0.00450000
v 0.00015700 0.01004300 0.00450000
v 0.00015100 0.01048700 0.00450000
v 0.00014200 0.01026300 0.00300000
v 0.00017400 0.00993200 0.00150000
v 0.00017400 0.00993200 0.00300000
v 0.00016500 0.01059600 0.00150000
v 0.00016500 0.01059600 0.00300000
v -0.00714900 0.00825900 0.00450000
v -0.00714900 0.00825900 -0.00450000
v -0.00665300 0.00782100 0.00150000
v -0.00665300 0.00782100 -0.00150000
v -0.00632600 0.00724000 0.00450000
v -0.00632600 0.00724000 -0.00450000
v -0.00714900 0.00825900 -0.00225000
v -0.00714900 0.00825900 -0.00000000
v -0.00714900 0.00825900 0.00225000
v -0.00632600 0.00724000 0.00225000
v -0.00632600 0.00724000 -0.00000000
v -0.00632600 0.00724000 -0.00225000
v -0.00652200 0.00763900 -0.00450000
v -0.00680100 0.00798400 -0.00450000
v -0.00665300 0.00782100 -0.00300000
v -0.00646600 0.00754400 -0.00150000
v -0.00646600 0.00754400 -0.00300000
v -0.00688300 0.00806100 -0.00150000
v -0.00688300 0.00806100 -0.00300000
v -0.00680100 0.00798400 0.00450000
v -0.00652200 0.00763900 0.00450000
v -0.00665300 0.00782100 0.00300000
v -0.00688300 0.00806100 0.00150000
v -0.00688300 0.00806100 0.00300000
v -0.00646600 0.00754400 0.00150000
v -0.00646600 0.00754400 0.00300000
v -0.00474400 0.00157900 -0.00450000
v -0.00474400 0.00157900 0.00450000
v -0.00464200 0.00223800 -0.00150000
v -0.00464200 0.00223800 0.00150000
v -0.00474400 0.00157900 0.00270000
v -0.00474400 0.00157900 0.00090000
v -0.00474400 0.00157900 -0.00090000
v -0.00474400 0.00157900 -0.00270000
v -0.00476000 0.00288900 -0.00450000
v -0.00476000 0.00288900 -0.00270000
v -0.00476000 0.00288900 -0.00090000
v -0.00476000 0.00288900 0.00090000
v -0.00476000 0.00288900 0.00270000
v -0.00465100 0.00201300 -0.00450000
v -0.00465700 0.00245700 -0.00450000
v -0.00464200 0.00223800 -0.00300000
v -0.00466500 0.00190400 -0.00150000
v -0.00466500 0.00190400 -0.00300000
v -0.00467400 0.00256800 -0.00150000
v -0.00467400 0.00256800 -0.00300000
v -0.00476000 0.00288900 0.00450000
v -0.00465700 0.00245700 0.00450000
v -0.00465100 0.00201300 0.00450000
v -0.00464200 0.00223800 0.00300000
v -0.00467400 0.00256800 0.00150000
v -0.00467400 0.00256800 0.00300000
v -0.00466500 0.00190400 0.00150000
v -0.00466500 0.00190400 0.00300000
v -0.00800000 0.01250000 0.00250000
v -0.00800000 0.01250000 0.00500000
v -0.00100000 0.01250000 0.00250000
v -0.00800000 0.01250000 0.00250000
v -0.00800000 0.01250000 0.00500000
v -0.00792400 0.01177200 0.00250000
v -0.00769700 0.01107600 0.00250000
v -0.00733200 0.01044300 0.00250000
v -0.00684200 0.00989900 0.00250000
v -0.00625000 0.00946900 0.00250000
v -0.00558200 0.00917100 0.00250000
v -0.00486600 0.00901900 0.00250000
v -0.00413400 0.00901900 0.00250000
v -0.00341800 0.00917100 0.00250000
v -0.00275000 0.00946900 0.00250000
v -0.00215800 0.00989900 0.00250000
v -0.00166800 0.01044300 0.00250000
v -0.00130300 0.01107600 0.00250000
v -0.00107600 0.01177200 0.00250000
v -0.00107600 0.01322800 0.00250000
v -0.00130300 0.01392400 0.00250000
v -0.00166800 0.01455700 0.00250000
v -0.00215800 0.01510100 0.00250000
v -0.00275000 0.01553100 0.00250000
v -0.00341800 0.01582900 0.00250000
v -0.00413400 0.01598100 0.00250000
v -0.00486600 0.01598100 0.00250000
v -0.00558200 0.01582900 0.00250000
v -0.00625000 0.01553100 0.00250000
v -0.00684200 0.01510100 0.00250000
v -0.00733200 0.01455700 0.00250000
v -0.00769700 0.01392400 0.00250000
v -0.00792400 0.01322800 0.00250000
v -0.00781000 0.01363600 0.00500000
v -0.00726200 0.01465000 0.00500000
v -0.00641400 0.01543000 0.00500000
v -0.00535900 0.01589300 0.00500000
v -0.00421100 0.01598800 0.00500000
v -0.00309400 0.01570500 0.00500000
v -0.00213000 0.01507500 0.00500000
v -0.00142200 0.01416600 0.00500000
v -0.00104800 0.01307600 0.00500000
v -0.00104800 0.01192400 0.00500000
v -0.00142200 0.01083400 0.00500000
v -0.00213000 0.00992500 0.00500000
v -0.00309400 0.00929500 0.00500000
v -0.00421100 0.00901200 0.00500000
v -0.00535900 0.00910700 0.00500000
v -0.00641400 0.00957000 0.00500000
v -0.00726200 0.01035000 0.00500000
v -0.00781000 0.01136400 0.00500000
v -0.00150000 0.01250000 0.00250000
v -0.00158700 0.01178200 0.00250000
v -0.00184400 0.01110600 0.00250000
v -0.00225400 0.01051100 0.00250000
v -0.00279600 0.01003100 0.00250000
v -0.00343600 0.00969500 0.00250000
v -0.00413800 0.00952200 0.00250000
v -0.00486200 0.00952200 0.00250000
v -0.00556400 0.00969500 0.00250000
v -0.00620400 0.01003100 0.00250000
v -0.00674600 0.01051100 0.00250000
v -0.00715600 0.01110600 0.00250000
v -0.00741300 0.01178200 0.00250000
v -0.00750000 0.01250000 0.00250000
v -0.00741300 0.01321800 0.00250000
v -0.00715600 0.01389400 0.00250000
v -0.00674600 0.01448900 0.00250000
v -0.00620400 0.01496900 0.00250000
v -0.00556400 0.01530500 0.00250000
v -0.00486200 0.01547800 0.00250000
v -0.00413800 0.01547800 0.00250000
v -0.00343600 0.01530500 0.00250000
v -0.00279600 0.01496900 0.00250000
v -0.00225400 0.01448900 0.00250000
v -0.00184400 0.01389400 0.00250000
v -0.00158700 0.01321800 0.00250000
v -0.00800000 0.01250000 0.00250000
v -0.00792400 0.01177200 0.00250000
v -0.00769700 0.01107600 0.00250000
v -0.00733200 0.01044300 0.00250000
v -0.00684200 0.00989900 0.00250000
v -0.00625000 0.00946900 0.00250000
v -0.00558200 0.00917100 0.00250000
v -0.00486600 0.00901900 0.00250000
v -0.00413400 0.00901900 0.00250000
v -0.00341800 0.00917100 0.00250000
v -0.00275000 0.00946900 0.00250000
v -0.00215800 0.00989900 0.00250000
v -0.00166800 0.01044300 0.00250000
v -0.00130300 0.01107600 0.00250000
v -0.00107600 0.01177200 0.00250000
v -0.00100000 0.01250000 0.00250000
v -0.00107600 0.01322800 0.00250000
v -0.00130300 0.01392400 0.00250000
v -0.00166800 0.01455700 0.00250000
v -0.00215800 0.01510100 0.00250000
v -0.00275000 0.01553100 0.00250000
v -0.00341800 0.01582900 0.00250000
v -0.00413400 0.01598100 0.00250000
v -0.00486600 0.01598100 0.00250000
v -0.00558200 0.01582900 0.00250000
v -0.00625000 0.01553100 0.00250000
v -0.00684200 0.01510100 0.00250000
v -0.00733200 0.01455700 0.00250000
v -0.00769700 0.01392400 0.00250000
v -0.00792400 0.01322800 0.00250000
v -0.00350000 0.00000000 0.00250000
v -0.00350000 0.00000000 0.00500000
v 0.00350000 0.00000000 0.00250000
v -0.00350000 0.00000000 0.00250000
v -0.00350000 0.00000000 0.00500000
v -0.00342400 -0.00072800 0.00250000
v -0.00319700 -0.00142400 0.00250000
v -0.00283200 -0.00205700 0.00250000
v -0.00234200 -0.00260100 0.00250000
v -0.00175000 -0.00303100 0.00250000
v -0.00108200 -0.00332900 0.00250000
v -0.00036600 -0.00348100 0.00250000
v 0.00036600 -0.00348100 0.00250000
v 0.00108200 -0.00332900 0.00250000
v 0.00175000 -0.00303100 0.00250000
v 0.00234200 -0.00260100 0.00250000
v 0.00283200 -0.00205700 0.00250000
v 0.00319700 -0.00142400 0.00250000
v 0.00342400 -0.00072800 0.00250000
v 0.00342400 0.00072800 0.00250000
v 0.00319700 0.00142400 0.00250000
v 0.00283200 0.00205700 0.00250000
v 0.00234200 0.00260100 0.00250000
v 0.00175000 0.00303100 0.00250000
v 0.00108200 0.00332900 0.00250000
v 0.00036600 0.00348100 0.00250000
v -0.00036600 0.00348100 0.00250000
v -0.00108200 0.00332900 0.00250000
v -0.00175000 0.00303100 0.00250000
v -0.00234200 0.00260100 0.00250000
v -0.00283200 0.00205700 0.00250000
v -0.00319700 0.00142400 0.00250000
v -0.00342400 0.00072800 0.00250000
v -0.00331000 0.00113600 0.00500000
v -0.00276200 0.00215000 0.00500000
v -0.00191400 0.00293000 0.00500000
v -0.00085900 0.00339300 0.00500000
v 0.00028900 0.00348800 0.00500000
v 0.00140600 0.00320500 0.00500000
v 0.00237000 0.00257500 0.00500000
v 0.00307800 0.00166600 0.00500000
v 0.00345200 0.00057600 0.00500000
v 0.00345200 -0.00057600 0.00500000
v 0.00307800 -0.00166600 0.00500000
v 0.00237000 -0.00257500 0.00500000
v 0.00140600 -0.00320500 0.00500000
v 0.00028900 -0.00348800 0.00500000
v -0.00085900 -0.00339300 0.00500000
v -0.00191400 -0.00293000 0.00500000
v -0.00276200 -0.00215000 0.00500000
v -0.00331000 -0.00113600 0.00500000
v 0.00300000 0.00000000 0.00250000
v 0.00291300 -0.00071800 0.00250000
v 0.00265600 -0.00139400 0.00250000
v 0.00224600 -0.00198900 0.00250000
v 0.00170400 -0.00246900 0.00250000
v 0.00106400 -0.00280500 0.00250000
v 0.00036200 -0.00297800 0.00250000
v -0.00036200 -0.00297800 0.00250000
v -0.00106400 -0.00280500 0.00250000
v -0.00170400 -0.00246900 0.00250000
v -0.00224600 -0.00198900 0.00250000
v -0.00265600 -0.00139400 0.00250000
v -0.00291300 -0.00071800 0.00250000
v -0.00300000 0.00000000 0.00250000
v -0.00291300 0.00071800 0.00250000
v -0.00265600 0.00139400 0.00250000
v -0.00224600 0.00198900 0.00250000
v -0.00170400 0.00246900 0.00250000
v -0.00106400 0.00280500 0.00250000
v -0.00036200 0.00297800 0.00250000
v 0.00036200 0.00297800 0.00250000
v 0.00106400 0.00280500 0.00250000
v 0.00170400 0.00246900 0.00250000
v 0.00224600 0.00198900 0.00250000
v 0.00265600 0.00139400 0.00250000
v 0.00291300 0.00071800 0.00250000
v -0.00350000 0.00000000 0.00250000
v -0.00342400 -0.00072800 0.00250000
v -0.00319700 -0.00142400 0.00250000
v -0.00283200 -0.00205700 0.00250000
v -0.00234200 -0.00260100 0.00250000
v -0.00175000 -0.00303100 0.00250000
v -0.00108200 -0.00332900 0.00250000
v -0.00036600 -0.00348100 0.00250000
v 0.00036600 -0.00348100 0.00250000
v 0.00108200 -0.00332900 0.00250000
v 0.00175000 -0.00303100 0.00250000
v 0.00234200 -0.00260100 0.00250000
v 0.00283200 -0.00205700 0.00250000
v 0.00319700 -0.00142400 0.00250000
v 0.00342400 -0.00072800 0.00250000
v 0.00350000 0.00000000 0.00250000
v 0.00342400 0.00072800 0.00250000
v 0.00319700 0.00142400 0.00250000
v 0.00283200 0.00205700 0.00250000
v 0.00234200 0.00260100 0.00250000
v 0.00175000 0.00303100 0.00250000
v 0.00108200 0.00332900 0.00250000
v 0.00036600 0.00348100 0.00250000
v -0.00036600 0.00348100 0.00250000
v -0.00108200 0.00332900 0.00250000
v -0.00175000 0.00303100 0.00250000
v -0.00234200 0.00260100 0.00250000
v -0.00283200 0.00205700 0.00250000
v -0.00319700 0.00142400 0.00250000
v -0.00342400 0.00072800 0.00250000
v 0.00350000 -0.00000000 -0.00250000
v 0.00350000 -0.00000000 -0.00500000
v -0.00350000 -0.00000000 -0.00250000
v 0.00350000 -0.00000000 -0.00250000
v 0.00350000 -0.00000000 -0.00500000
v 0.00342400 -0.00072800 -0.00250000
v 0.00319700 -0.00142400 -0.00250000
v 0.00283200 -0.00205700 -0.00250000
v 0.00234200 -0.00260100 -0.00250000
v 0.00175000 -0.00303100 -0.00250000
v 0.00108200 -0.00332900 -0.00250000
v 0.00036600 -0.00348100 -0.00250000
v -0.00036600 -0.00348100 -0.00250000
v -0.00108200 -0.00332900 -0.00250000
v -0.00175000 -0.00303100 -0.00250000
v -0.00234200 -0.00260100 -0.00250000
v -0.00283200 -0.00205700 -0.00250000
v -0.00319700 -0.00142400 -0.00250000
v -0.00342400 -0.00072800 -0.00250000
v -0.00342400 0.00072800 -0.00250000
v -0.00319700 0.00142400 -0.00250000
v -0.00283200 0.00205700 -0.00250000
v -0.00234200 0.00260100 -0.00250000
v -0.00175000 0.00303100 -0.00250000
v -0.00108200 0.00332900 -0.00250000
v -0.00036600 0.00348100 -0.00250000
v 0.00036600 0.00348100 -0.00250000
v 0.00108200 0.00332900 -0.00250000
v 0.00175000 0.00303100 -0.00250000
v 0.00234200 0.00260100 -0.00250000
v 0.00283200 0.00205700 -0.00250000
v 0.00319700 0.00142400 -0.00250000
v 0.00342400 0.00072800 -0.00250000
v 0.00331000 0.00113600 -0.00500000
v 0.00276200 0.00215000 -0.00500000
v 0.00191400 0.00293000 -0.00500000
v 0.00085900 0.00339300 -0.00500000
v -0.00028900 0.00348800 -0.00500000
v -0.00140600 0.00320500 -0.00500000
v -0.00237000 0.00257500 -0.00500000
v -0.00307800 0.00166600 -0.00500000
v -0.00345200 0.00057600 -0.00500000
v -0.00345200 -0.00057600 -0.00500000
v -0.00307800 -0.00166600 -0.00500000
v -0.00237000 -0.00257500 -0.00500000
v -0.00140600 -0.00320500 -0.00500000
v -0.00028900 -0.00348800 -0.00500000
v 0.00085900 -0.00339300 -0.00500000
v 0.00191400 -0.00293000 -0.00500000
v 0.00276200 -0.00215000 -0.00500000
v 0.00331000 -0.00113600 -0.00500000
v 0.00300000 -0.00000000 -0.00250000
v 0.00291300 0.00071800 -0.00250000
v 0.00265600 0.00139400 -0.00250000
v 0.00224600 0.00198900 -0.00250000
v 0.00170400 0.00246900 -0.00250000
v 0.00106400 0.00280500 -0.00250000
v 0.00036200 0.00297800 -0.00250000
v -0.00036200 0.00297800 -0.00250000
v -0.00106400 0.00280500 -0.00250000
v -0.00170400 0.00246900 -0.00250000
v -0.00224600 0.00198900 -0.00250000
v -0.00265600 0.00139400 -0.00250000
v -0.00291300 0.00071800 -0.00250000
v -0.00300000 -0.00000000 -0.00250000
v -0.00291300 -0.00071800 -0.00250000
v -0.00265600 -0.00139400 -0.00250000
v -0.00224600 -0.00198900 -0.00250000
v -0.00170400 -0.00246900 -0.00250000
v -0.00106400 -0.00280500 -0.00250000
v -0.00036200 -0.00297800 -0.00250000
v 0.00036200 -0.00297800 -0.00250000
v 0.00106400 -0.00280500 -0.00250000
v 0.00170400 -0.00246900 -0.00250000
v 0.00224600 -0.00198900 -0.00250000
v 0.00265600 -0.00139400 -0.00250000
v 0.00291300 -0.00071800 -0.00250000
v 0.00350000 -0.00000000 -0.00250000
v 0.00342400 -0.00072800 -0.00250000
v 0.00319700 -0.00142400 -0.00250000
v 0.00283200 -0.00205700 -0.00250000
v 0.00234200 -0.00260100 -0.00250000
v 0.00175000 -0.00303100 -0.00250000
v 0.00108200 -0.00332900 -0.00250000
v 0.00036600 -0.00348100 -0.00250000
v -0.00036600 -0.00348100 -0.00250000
v -0.00108200 -0.00332900 -0.00250000
v -0.00175000 -0.00303100 -0.00250000
v -0.00234200 -0.00260100 -0.00250000
v -0.00283200 -0.00205700 -0.00250000
v -0.00319700 -0.00142400 -0.00250000
v -0.00342400 -0.00072800 -0.00250000
v -0.00350000 -0.00000000 -0.00250000
v -0.00342400 0.00072800 -0.00250000
v -0.00319700 0.00142400 -0.00250000
v -0.00283200 0.00205700 -0.00250000
v -0.00234200 0.00260100 -0.00250000
v -0.00175000 0.00303100 -0.00250000
v -0.00108200 0.00332900 -0.00250000
v -0.00036600 0.00348100 -0.00250000
v 0.00036600 0.00348100 -0.00250000
v 0.00108200 0.00332900 -0.00250000
v 0.00175000 0.00303100 -0.00250000
v 0.00234200 0.00260100 -0.00250000
v 0.00283200 0.00205700 -0.00250000
v 0.00319700 0.00142400 -0.00250000
v 0.00342400 0.00072800 -0.00250000
v -0.00100000 0.01250000 -0.00250000
v -0.00100000 0.01250000 -0.00500000
v -0.00800000 0.01250000 -0.00250000
v -0.00100000 0.01250000 -0.00250000
v -0.00100000 0.01250000 -0.00500000
v -0.00107600 0.01177200 -0.00250000
v -0.00130300 0.01107600 -0.00250000
v -0.00166800 0.01044300 -0.00250000
v -0.00215800 0.00989900 -0.00250000
v -0.00275000 0.00946900 -0.00250000
v -0.00341800 0.00917100 -0.00250000
v -0.00413400 0.00901900 -0.00250000
v -0.00486600 0.00901900 -0.00250000
v -0.00558200 0.00917100 -0.00250000
v -0.00625000 0.00946900 -0.00250000
v -0.00684200 0.00989900 -0.00250000
v -0.00733200 0.01044300 -0.00250000
v -0.00769700 0.01107600 -0.00250000
v -0.00792400 0.01177200 -0.00250000
v -0.00792400 0.01322800 -0.00250000
v -0.00769700 0.01392400 -0.00250000
v -0.00733200 0.01455700 -0.00250000
v -0.00684200 0.01510100 -0.00250000
v -0.00625000 0.01553100 -0.00250000
v -0.00558200 0.01582900 -0.00250000
v -0.00486600 0.01598100 -0.00250000
v -0.00413400 0.01598100 -0.00250000
v -0.00341800 0.01582900 -0.00250000
v -0.00275000 0.01553100 -0.00250000
v -0.00215800 0.01510100 -0.00250000
v -0.00166800 0.01455700 -0.00250000
v -0.00130300 0.01392400 -0.00250000
v -0.00107600 0.01322800 -0.00250000
v -0.00119000 0.01363600 -0.00500000
v -0.00173800 0.01465000 -0.00500000
v -0.00258600 0.01543000 -0.00500000
v -0.00364100 0.01589300 -0.00500000
v -0.00478900 0.01598800 -0.00500000
v -0.00590600 0.01570500 -0.00500000
v -0.00687000 0.01507500 -0.00500000
v -0.00757800 0.01416600 -0.00500000
v -0.00795200 0.01307600 -0.00500000
v -0.00795200 0.01192400 -0.00500000
v -0.00757800 0.01083400 -0.00500000
v -0.00687000 0.00992500 -0.00500000
v -0.00590600 0.00929500 -0.00500000
v -0.00478900 0.00901200 -0.00500000
v -0.00364100 0.00910700 -0.00500000
v -0.00258600 0.00957000 -0.00500000
v -0.00173800 0.01035000 -0.00500000
v -0.00119000 0.01136400 -0.00500000
v -0.00150000 0.01250000 -0.00250000
v -0.00158700 0.01321800 -0.00250000
v -0.00184400 0.01389400 -0.00250000
v -0.00225400 0.01448900 -0.00250000
v -0.00279600 0.01496900 -0.00250000
v -0.00343600 0.01530500 -0.00250000
v -0.00413800 0.01547800 -0.00250000
v -0.00486200 0.01547800 -0.00250000
v -0.00556400 0.01530500 -0.00250000
v -0.00620400 0.01496900 -0.00250000
v -0.00674600 0.01448900 -0.00250000
v -0.00715600 0.01389400 -0.00250000
v -0.00741300 0.01321800 -0.00250000
v -0.00750000 0.01250000 -0.00250000
v -0.00741300 0.01178200 -0.00250000
v -0.00715600 0.01110600 -0.00250000
v -0.00674600 0.01051100 -0.00250000
v -0.00620400 0.01003100 -0.00250000
v -0.00556400 0.00969500 -0.00250000
v -0.00486200 0.00952200 -0.00250000
v -0.00413800 0.00952200 -0.00250000
v -0.00343600 0.00969500 -0.00250000
v -0.00279600 0.01003100 -0.00250000
v -0.00225400 0.01051100 -0.00250000
v -0.00184400 0.01110600 -0.00250000
v -0.00158700 0.01178200 -0.00250000
v -0.00100000 0.01250000 -0.00250000
v -0.00107600 0.01177200 -0.00250000
v -0.00130300 0.01107600 -0.00250000
v -0.00166800 0.01044300 -0.00250000
v -0.00215800 0.00989900 -0.00250000
v -0.00275000 0.00946900 -0.00250000
v -0.00341800 0.00917100 -0.00250000
v -0.00413400 0.00901900 -0.00250000
v -0.00486600 0.00901900 -0.00250000
v -0.00558200 0.00917100 -0.00250000
v -0.00625000 0.00946900 -0.00250000
v -0.00684200 0.00989900 -0.00250000
v -0.00733200 0.01044300 -0.00250000
v -0.00769700 0.01107600 -0.00250000
v -0.00792400 0.01177200 -0.00250000
v -0.00800000 0.01250000 -0.00250000
v -0.00792400 0.01322800 -0.00250000
v -0.00769700 0.01392400 -0.00250000
v -0.00733200 0.01455700 -0.00250000
v -0.00684200 0.01510100 -0.00250000
v -0.00625000 0.01553100 -0.00250000
v -0.00558200 0.01582900 -0.00250000
v -0.00486600 0.01598100 -0.00250000
v -0.00413400 0.01598100 -0.00250000
v -0.00341800 0.01582900 -0.00250000
v -0.00275000 0.01553100 -0.00250000
v -0.00215800 0.01510100 -0.00250000
v -0.00166800 0.01455700 -0.00250000
v -0.00130300 0.01392400 -0.00250000
v -0.00107600 0.01322800 -0.00250000
v 0.02850000 0.00550000 0.00500000
v 0.02637200 0.00550000 0.00500000
v 0.02424400 0.00550000 0.00500000
v 0.02211600 0.00550000 0.00500000
v 0.01998900 0.00550000 0.00500000
v 0.01786100 0.00550000 0.00500000
v 0.01573300 0.00550000 0.00500000
v 0.01360500 0.00550000 0.00500000
v 0.01147700 0.00550000 0.00500000
v 0.00934900 0.00550000 0.00500000
v 0.00722100 0.00550000 0.00500000
v 0.00509300 0.00550000 0.00500000
v 0.00296600 0.00600000 0.00450000
v 0.00438400 0.00600000 0.00450000
v 0.00580300 0.00600000 0.00450000
v 0.00722100 0.00600000 0.00450000
v 0.00864000 0.00600000 0.00450000
v 0.01005800 0.00600000 0.00450000
v 0.01147700 0.00600000 0.00450000
v 0.01289600 0.00600000 0.00450000
v 0.01431400 0.00600000 0.00450000
v 0.01573300 0.00600000 0.00450000
v 0.01715100 0.00600000 0.00450000
v 0.01857000 0.00600000 0.00450000
v 0.01998900 0.00600000 0.00450000
v 0.02140700 0.00600000 0.00450000
v 0.02282600 0.00600000 0.00450000
v 0.02424400 0.00600000 0.00450000
v 0.02566300 0.00600000 0.00450000
v 0.02708100 0.00600000 0.00450000
v 0.02850000 0.00600000 0.00450000
v 0.02893500 0.00593500 0.00456500
v 0.02708000 0.00575000 0.00475000
v 0.02708000 0.00587500 0.00462500
v 0.02800800 0.00575000 0.00475000
v 0.02800800 0.00587500 0.00462500
v 0.00296600 0.00550000 0.00500000
v 0.00296600 0.00575000 0.00475000
v 0.00482100 0.00575000 0.00475000
v 0.00389300 0.00575000 0.00475000
v 0.00482100 0.00562500 0.00487500
v 0.00389300 0.00562500 0.00487500
v 0.00482100 0.00587500 0.00462500
v 0.00389300 0.00587500 0.00462500
v 0.00296600 0.00550000 0.00500000
v 0.00108400 0.00732300 0.00450000
v 0.00130400 0.00688600 0.00450000
v 0.00162400 0.00651700 0.00450000
v 0.00202400 0.00623500 0.00450000
v 0.00248000 0.00606000 0.00450000
v 0.00296600 0.00600000 0.00450000
v 0.00296600 0.00575000 0.00475000
v 0.00245900 0.00555200 0.00500000
v 0.00197300 0.00570600 0.00500000
v 0.00152800 0.00595500 0.00500000
v 0.00114300 0.00628900 0.00500000
v 0.00083400 0.00669400 0.00500000
v 0.00061300 0.00715300 0.00500000
v 0.00084900 0.00723800 0.00475000
v 0.00116900 0.00664500 0.00475000
v 0.00228100 0.00585700 0.00475000
v -0.00021100 0.00944200 0.00500000
v 0.00026000 0.00961100 0.00450000
v 0.00067200 0.00846700 0.00450000
v 0.00108400 0.00732300 0.00450000
v 0.00084900 0.00723800 0.00475000
v 0.00002500 0.00952700 0.00475000
v 0.00061300 0.00715300 0.00500000
v 0.00020100 0.00829800 0.00500000
v -0.00023000 0.01107900 0.00500000
v -0.00021100 0.00944200 0.00500000
v 0.00024400 0.01092100 0.00450000
v 0.00015100 0.01048700 0.00450000
v 0.00015700 0.01004300 0.00450000
v 0.00026000 0.00961100 0.00450000
v 0.00002500 0.00952700 0.00475000
v -0.00033900 0.00998100 0.00500000
v -0.00034600 0.01053600 0.00500000
v 0.00000700 0.01100000 0.00475000
v -0.00701600 0.00847100 0.00475000
v -0.00023000 0.01107900 0.00500000
v 0.00024400 0.01092100 0.00450000
v 0.00042600 0.01164300 0.00450000
v 0.00049900 0.01238500 0.00450000
v 0.00046000 0.01312900 0.00450000
v 0.00031200 0.01385900 0.00450000
v 0.00005600 0.01455900 0.00450000
v -0.00030100 0.01521400 0.00450000
v -0.00075100 0.01580800 0.00450000
v -0.00128400 0.01632800 0.00450000
v -0.00188900 0.01676400 0.00450000
v -0.00255100 0.01710500 0.00450000
v -0.00325700 0.01734300 0.00450000
v -0.00399100 0.01747400 0.00450000
v -0.00473600 0.01749400 0.00450000
v -0.00547600 0.01740400 0.00450000
v -0.00619400 0.01720400 0.00450000
v -0.00687400 0.01690000 0.00450000
v -0.00750200 0.01649900 0.00450000
v -0.00806300 0.01600800 0.00450000
v -0.00854500 0.01544000 0.00450000
v -0.00893700 0.01480600 0.00450000
v -0.00923000 0.01412100 0.00450000
v -0.00941800 0.01340000 0.00450000
v -0.00949700 0.01265900 0.00450000
v -0.00946600 0.01191400 0.00450000
v -0.00932300 0.01118300 0.00450000
v -0.00907400 0.01048100 0.00450000
v -0.00872300 0.00982300 0.00450000
v -0.00827800 0.00922500 0.00450000
v -0.00775000 0.00870000 0.00450000
v 0.00000700 0.01100000 0.00475000
v -0.00714900 0.00825900 0.00450000
v -0.00688400 0.00868300 0.00500000
v -0.00748100 0.00912900 0.00500000
v -0.00799600 0.00966700 0.00500000
v -0.00841600 0.01028300 0.00500000
v -0.00872800 0.01095900 0.00500000
v -0.00892400 0.01167800 0.00500000
v -0.00899900 0.01241900 0.00500000
v -0.00895100 0.01316300 0.00500000
v -0.00878100 0.01388800 0.00500000
v -0.00849300 0.01457500 0.00500000
v -0.00809600 0.01520600 0.00500000
v -0.00760000 0.01576200 0.00500000
v -0.00701900 0.01622900 0.00500000
v -0.00637000 0.01659300 0.00500000
v -0.00566800 0.01684600 0.00500000
v -0.00493500 0.01697900 0.00500000
v -0.00419000 0.01698900 0.00500000
v -0.00345400 0.01687700 0.00500000
v -0.00274600 0.01664400 0.00500000
v -0.00208600 0.01629800 0.00500000
v -0.00149300 0.01584800 0.00500000
v -0.00098200 0.01530600 0.00500000
v -0.00056700 0.01468700 0.00500000
v -0.00026000 0.01400800 0.00500000
v -0.00006900 0.01328700 0.00500000
v -0.00000000 0.01254600 0.00500000
v -0.00005400 0.01180200 0.00500000
v -0.00836200 0.00973400 0.00475000
v -0.00884300 0.01057600 0.00475000
v -0.00914300 0.01149900 0.00475000
v -0.00925000 0.01250000 0.00475000
v -0.00915000 0.01346700 0.00475000
v -0.00885400 0.01440000 0.00475000
v -0.00775900 0.01595600 0.00475000
v -0.00838200 0.01523700 0.00475000
v -0.00700400 0.01653600 0.00475000
v -0.00615000 0.01695400 0.00475000
v -0.00522900 0.01719400 0.00475000
v -0.00327500 0.01708900 0.00475000
v -0.00425500 0.01724400 0.00475000
v -0.00236100 0.01674100 0.00475000
v -0.00155600 0.01622800 0.00475000
v -0.00087200 0.01556600 0.00475000
v -0.00033400 0.01478200 0.00475000
v 0.00003700 0.01390600 0.00475000
v 0.00023000 0.01293000 0.00475000
v 0.00022100 0.01197400 0.00475000
v -0.00632600 0.00724000 0.00450000
v -0.00688400 0.00868300 0.00500000
v -0.00652200 0.00763900 0.00450000
v -0.00680100 0.00798400 0.00450000
v -0.00714900 0.00825900 0.00450000
v -0.00701600 0.00847100 0.00475000
v -0.00585600 0.00741000 0.00500000
v -0.00609100 0.00732500 0.00475000
v -0.00644900 0.00833900 0.00500000
v -0.00610100 0.00790700 0.00500000
v -0.00632600 0.00724000 0.00450000
v -0.00556900 0.00587400 0.00475000
v -0.00504700 0.00442400 0.00475000
v -0.00428900 0.00305800 0.00500000
v -0.00593500 0.00615200 0.00450000
v -0.00554300 0.00506400 0.00450000
v -0.00515100 0.00397700 0.00450000
v -0.00585600 0.00741000 0.00500000
v -0.00609100 0.00732500 0.00475000
v -0.00545100 0.00591700 0.00487500
v -0.00583000 0.00660000 0.00475000
v -0.00571200 0.00664200 0.00487500
v -0.00568700 0.00583200 0.00462500
v -0.00594800 0.00655700 0.00462500
v -0.00476000 0.00288900 0.00450000
v -0.00452500 0.00297300 0.00475000
v -0.00478600 0.00369900 0.00475000
v -0.00516400 0.00438200 0.00462500
v -0.00490300 0.00365600 0.00462500
v -0.00492900 0.00446600 0.00487500
v -0.00466800 0.00374100 0.00487500
v -0.00468100 0.00414600 0.00500000
v -0.00507300 0.00523400 0.00500000
v -0.00546400 0.00632200 0.00500000
v -0.00474400 0.00157900 0.00450000
v -0.00427000 0.00142100 0.00500000
v -0.00465100 0.00201300 0.00450000
v -0.00465700 0.00245700 0.00450000
v -0.00476000 0.00288900 0.00450000
v -0.00452500 0.00297300 0.00475000
v -0.00428900 0.00305800 0.00500000
v -0.00416100 0.00251900 0.00500000
v -0.00415400 0.00196400 0.00500000
v -0.00450700 0.00150000 0.00475000
v 0.00479200 -0.00142900 0.00450000
v -0.00427000 0.00142100 0.00500000
v -0.00474400 0.00157900 0.00450000
v -0.00491100 0.00094000 0.00450000
v -0.00499200 0.00028500 0.00450000
v -0.00498600 -0.00037600 0.00450000
v -0.00489300 -0.00103000 0.00450000
v -0.00471400 -0.00166600 0.00450000
v -0.00445300 -0.00227300 0.00450000
v -0.00411500 -0.00284000 0.00450000
v -0.00370500 -0.00335800 0.00450000
v -0.00323000 -0.00381700 0.00450000
v -0.00269800 -0.00420900 0.00450000
v -0.00212000 -0.00452800 0.00450000
v -0.00150400 -0.00476800 0.00450000
v -0.00086200 -0.00492500 0.00450000
v -0.00020600 -0.00499600 0.00450000
v 0.00045500 -0.00497900 0.00450000
v 0.00110700 -0.00487600 0.00450000
v 0.00174000 -0.00468700 0.00450000
v 0.00234300 -0.00441700 0.00450000
v 0.00290500 -0.00407000 0.00450000
v 0.00341600 -0.00365100 0.00450000
v 0.00386800 -0.00316900 0.00450000
v 0.00425200 -0.00263100 0.00450000
v 0.00456100 -0.00204800 0.00450000
v -0.00450700 0.00150000 0.00475000
v 0.00455200 -0.00135700 0.00475000
v 0.00431200 -0.00128600 0.00500000
v 0.00408300 -0.00189200 0.00500000
v 0.00376800 -0.00245900 0.00500000
v 0.00337600 -0.00297600 0.00500000
v 0.00291300 -0.00343000 0.00500000
v 0.00239000 -0.00381300 0.00500000
v 0.00181700 -0.00411700 0.00500000
v 0.00120600 -0.00433500 0.00500000
v 0.00057100 -0.00446400 0.00500000
v -0.00007700 -0.00449900 0.00500000
v -0.00072300 -0.00444200 0.00500000
v -0.00135400 -0.00429200 0.00500000
v -0.00195700 -0.00405200 0.00500000
v -0.00251900 -0.00372900 0.00500000
v -0.00302900 -0.00332800 0.00500000
v -0.00347600 -0.00285800 0.00500000
v -0.00385000 -0.00232900 0.00500000
v -0.00414500 -0.00175200 0.00500000
v -0.00435400 -0.00113800 0.00500000
v -0.00447200 -0.00050000 0.00500000
v -0.00449800 0.00014800 0.00500000
v -0.00443000 0.00079300 0.00500000
v 0.00670800 0.00000000 0.00450000
v 0.00670800 0.00050000 0.00500000
v 0.00479200 -0.00142900 0.00450000
v 0.00620100 -0.00006500 0.00450000
v 0.00572800 -0.00025700 0.00450000
v 0.00531800 -0.00056200 0.00450000
v 0.00499900 -0.00096200 0.00450000
v 0.00455200 -0.00135700 0.00475000
v 0.00431200 -0.00128600 0.00500000
v 0.00451800 -0.00079400 0.00500000
v 0.00482300 -0.00035800 0.00500000
v 0.00521400 0.00000400 0.00500000
v 0.00567300 0.00027600 0.00500000
v 0.00617800 0.00044300 0.00500000
v 0.00670800 0.00025000 0.00475000
v 0.00670800 0.00050000 0.00500000
v 0.02900000 0.00000000 0.00450000
v 0.02850000 0.00050000 0.00500000
v 0.02651900 0.00050000 0.00500000
v 0.02453800 0.00050000 0.00500000
v 0.02255700 0.00050000 0.00500000
v 0.02057600 0.00050000 0.00500000
v 0.01859500 0.00050000 0.00500000
v 0.01661400 0.00050000 0.00500000
v 0.01463200 0.00050000 0.00500000
v 0.01265100 0.00050000 0.00500000
v 0.01067000 0.00050000 0.00500000
v 0.00868900 0.00050000 0.00500000
v 0.00670800 0.00000000 0.00450000
v 0.00801900 0.00000000 0.00450000
v 0.00933100 0.00000000 0.00450000
v 0.01064200 0.00000000 0.00450000
v 0.01195300 0.00000000 0.00450000
v 0.01326500 0.00000000 0.00450000
v 0.01457600 0.00000000 0.00450000
v 0.01588700 0.00000000 0.00450000
v 0.01719800 0.00000000 0.00450000
v 0.01851000 0.00000000 0.00450000
v 0.01982100 0.00000000 0.00450000
v 0.02113200 0.00000000 0.00450000
v 0.02244400 0.00000000 0.00450000
v 0.02375500 0.00000000 0.00450000
v 0.02506600 0.00000000 0.00450000
v 0.02637700 0.00000000 0.00450000
v 0.02768900 0.00000000 0.00450000
v 0.00670800 0.00025000 0.00475000
v 0.00856600 0.00025000 0.00475000
v 0.00856600 0.00037500 0.00487500
v 0.00763700 0.00025000 0.00475000
v 0.00763700 0.00037500 0.00487500
v 0.00856600 0.00012500 0.00462500
v 0.00763700 0.00012500 0.00462500
v 0.02950000 0.00000000 0.00400000
v 0.02950000 -0.00000000 -0.00400000
v 0.03000000 0.00050000 -0.00350000
v 0.03000000 0.00050000 -0.00116700
v 0.03000000 0.00050000 0.00116700
v 0.03000000 0.00050000 0.00350000
v 0.02950000 0.00000000 0.00285700
v 0.02950000 0.00000000 0.00171400
v 0.02950000 0.00000000 0.00057100
v 0.02950000 -0.00000000 -0.00057100
v 0.02950000 -0.00000000 -0.00171400
v 0.02950000 -0.00000000 -0.00285700
v 0.02900000 -0.00000000 -0.00450000
v 0.02850000 0.00050000 -0.00500000
v 0.02651900 0.00050000 -0.00500000
v 0.02453800 0.00050000 -0.00500000
v 0.02255700 0.00050000 -0.00500000
v 0.02057600 0.00050000 -0.00500000
v 0.01859500 0.00050000 -0.00500000
v 0.01661400 0.00050000 -0.00500000
v 0.01463200 0.00050000 -0.00500000
v 0.01265100 0.00050000 -0.00500000
v 0.01067000 0.00050000 -0.00500000
v 0.00868900 0.00050000 -0.00500000
v 0.00670800 -0.00000000 -0.00450000
v 0.00801900 -0.00000000 -0.00450000
v 0.00933100 -0.00000000 -0.00450000
v 0.01064200 -0.00000000 -0.00450000
v 0.01195300 -0.00000000 -0.00450000
v 0.01326500 -0.00000000 -0.00450000
v 0.01457600 -0.00000000 -0.00450000
v 0.01588700 -0.00000000 -0.00450000
v 0.01719800 -0.00000000 -0.00450000
v 0.01851000 -0.00000000 -0.00450000
v 0.01982100 -0.00000000 -0.00450000
v 0.02113200 -0.00000000 -0.00450000
v 0.02244400 -0.00000000 -0.00450000
v 0.02375500 -0.00000000 -0.00450000
v 0.02506600 -0.00000000 -0.00450000
v 0.02637700 -0.00000000 -0.00450000
v 0.02768900 -0.00000000 -0.00450000
v 0.00670800 0.00050000 -0.00500000
v 0.00670800 0.00025000 -0.00475000
v 0.00856600 0.00025000 -0.00475000
v 0.00763700 0.00025000 -0.00475000
v 0.00856600 0.00037500 -0.00487500
v 0.00763700 0.00037500 -0.00487500
v 0.00856600 0.00012500 -0.00462500
v 0.00763700 0.00012500 -0.00462500
v 0.00479200 -0.00142900 -0.00450000
v 0.00670800 -0.00000000 -0.00450000
v 0.00670800 0.00050000 -0.00500000
v 0.00499900 -0.00096200 -0.00450000
v 0.00531800 -0.00056200 -0.00450000
v 0.00572800 -0.00025700 -0.00450000
v 0.00620100 -0.00006500 -0.00450000
v 0.00670800 0.00025000 -0.00475000
v 0.00617800 0.00044300 -0.00500000
v 0.00567300 0.00027600 -0.00500000
v 0.00521400 0.00000400 -0.00500000
v 0.00482300 -0.00035800 -0.00500000
v 0.00451800 -0.00079400 -0.00500000
v 0.00431200 -0.00128600 -0.00500000
v 0.00455200 -0.00135700 -0.00475000
v 0.02693800 0.00575000 -0.00475000
v 0.00496300 0.00575000 -0.00475000
v 0.00296600 0.00550000 -0.00500000
v 0.02850000 0.00550000 -0.00500000
v 0.02708100 0.00550000 -0.00500000
v 0.02566300 0.00550000 -0.00500000
v 0.02424400 0.00550000 -0.00500000
v 0.02282600 0.00550000 -0.00500000
v 0.02140700 0.00550000 -0.00500000
v 0.01998900 0.00550000 -0.00500000
v 0.01857000 0.00550000 -0.00500000
v 0.01715100 0.00550000 -0.00500000
v 0.01573300 0.00550000 -0.00500000
v 0.01431400 0.00550000 -0.00500000
v 0.01289600 0.00550000 -0.00500000
v 0.01147700 0.00550000 -0.00500000
v 0.01005800 0.00550000 -0.00500000
v 0.00864000 0.00550000 -0.00500000
v 0.00722100 0.00550000 -0.00500000
v 0.00580300 0.00550000 -0.00500000
v 0.00438400 0.00550000 -0.00500000
v 0.00296600 0.00600000 -0.00450000
v 0.00438400 0.00600000 -0.00450000
v 0.00580300 0.00600000 -0.00450000
v 0.00722100 0.00600000 -0.00450000
v 0.00864000 0.00600000 -0.00450000
v 0.01005800 0.00600000 -0.00450000
v 0.01147700 0.00600000 -0.00450000
v 0.01289600 0.00600000 -0.00450000
v 0.01431400 0.00600000 -0.00450000
v 0.01573300 0.00600000 -0.00450000
v 0.01715100 0.00600000 -0.00450000
v 0.01857000 0.00600000 -0.00450000
v 0.01998900 0.00600000 -0.00450000
v 0.02140700 0.00600000 -0.00450000
v 0.02282600 0.00600000 -0.00450000
v 0.02424400 0.00600000 -0.00450000
v 0.02566300 0.00600000 -0.00450000
v 0.02708100 0.00600000 -0.00450000
v 0.02850000 0.00600000 -0.00450000
v 0.02893500 0.00593500 -0.00456500
v 0.02693800 0.00587500 -0.00462500
v 0.02793700 0.00575000 -0.00475000
v 0.02793700 0.00587500 -0.00462500
v 0.00296600 0.00575000 -0.00475000
v 0.00396400 0.00575000 -0.00475000
v 0.00496300 0.00562500 -0.00487500
v 0.00396400 0.00562500 -0.00487500
v 0.00496300 0.00587500 -0.00462500
v 0.00396400 0.00587500 -0.00462500
v 0.02294200 0.00575000 -0.00475000
v 0.02094500 0.00575000 -0.00475000
v 0.01894700 0.00575000 -0.00475000
v 0.01694900 0.00575000 -0.00475000
v 0.01495200 0.00575000 -0.00475000
v 0.01295400 0.00575000 -0.00475000
v 0.01095600 0.00575000 -0.00475000
v 0.00895900 0.00575000 -0.00475000
v 0.00696100 0.00575000 -0.00475000
v -0.00427000 0.00142100 -0.00500000
v 0.00431200 -0.00128600 -0.00500000
v 0.00479200 -0.00142900 -0.00450000
v 0.00456100 -0.00204800 -0.00450000
v 0.00425200 -0.00263100 -0.00450000
v 0.00386800 -0.00316900 -0.00450000
v 0.00341600 -0.00365100 -0.00450000
v 0.00290500 -0.00407000 -0.00450000
v 0.00234300 -0.00441700 -0.00450000
v 0.00174000 -0.00468700 -0.00450000
v 0.00110700 -0.00487600 -0.00450000
v 0.00045500 -0.00497900 -0.00450000
v -0.00020600 -0.00499600 -0.00450000
v -0.00086200 -0.00492500 -0.00450000
v -0.00150400 -0.00476800 -0.00450000
v -0.00212000 -0.00452800 -0.00450000
v -0.00269800 -0.00420900 -0.00450000
v -0.00323000 -0.00381700 -0.00450000
v -0.00370500 -0.00335800 -0.00450000
v -0.00411500 -0.00284000 -0.00450000
v -0.00445300 -0.00227300 -0.00450000
v -0.00471400 -0.00166600 -0.00450000
v -0.00489300 -0.00103000 -0.00450000
v -0.00498600 -0.00037600 -0.00450000
v -0.00499200 0.00028500 -0.00450000
v -0.00491100 0.00094000 -0.00450000
v 0.00455200 -0.00135700 -0.00475000
v -0.00474400 0.00157900 -0.00450000
v -0.00450700 0.00150000 -0.00475000
v -0.00443000 0.00079300 -0.00500000
v -0.00449800 0.00014800 -0.00500000
v -0.00447200 -0.00050000 -0.00500000
v -0.00435400 -0.00113800 -0.00500000
v -0.00414500 -0.00175200 -0.00500000
v -0.00385000 -0.00232900 -0.00500000
v -0.00347600 -0.00285800 -0.00500000
v -0.00302900 -0.00332800 -0.00500000
v -0.00251900 -0.00372900 -0.00500000
v -0.00195700 -0.00405200 -0.00500000
v -0.00135400 -0.00429200 -0.00500000
v -0.00072300 -0.00444200 -0.00500000
v -0.00007700 -0.00449900 -0.00500000
v 0.00057100 -0.00446400 -0.00500000
v 0.00120600 -0.00433500 -0.00500000
v 0.00181700 -0.00411700 -0.00500000
v 0.00239000 -0.00381300 -0.00500000
v 0.00291300 -0.00343000 -0.00500000
v 0.00337600 -0.00297600 -0.00500000
v 0.00376800 -0.00245900 -0.00500000
v 0.00408300 -0.00189200 -0.00500000
v 0.00296600 0.00550000 -0.00500000
v 0.00296600 0.00600000 -0.00450000
v 0.00248000 0.00606000 -0.00450000
v 0.00202400 0.00623500 -0.00450000
v 0.00162400 0.00651700 -0.00450000
v 0.00130400 0.00688600 -0.00450000
v 0.00296600 0.00575000 -0.00475000
v 0.00061300 0.00715300 -0.00500000
v 0.00083400 0.00669400 -0.00500000
v 0.00114300 0.00628900 -0.00500000
v 0.00152800 0.00595500 -0.00500000
v 0.00197300 0.00570600 -0.00500000
v 0.00245900 0.00555200 -0.00500000
v 0.00108400 0.00732300 -0.00450000
v 0.00084900 0.00723800 -0.00475000
v 0.00224800 0.00586700 -0.00475000
v 0.00116700 0.00664800 -0.00475000
v -0.00476000 0.00288900 -0.00450000
v -0.00428900 0.00305800 -0.00500000
v -0.00474400 0.00157900 -0.00450000
v -0.00465700 0.00245700 -0.00450000
v -0.00465100 0.00201300 -0.00450000
v -0.00450700 0.00150000 -0.00475000
v -0.00452500 0.00297300 -0.00475000
v -0.00427000 0.00142100 -0.00500000
v -0.00415400 0.00196400 -0.00500000
v -0.00416100 0.00251900 -0.00500000
v -0.00021100 0.00944200 -0.00500000
v 0.00026000 0.00961100 -0.00450000
v 0.00067200 0.00846700 -0.00450000
v 0.00108400 0.00732300 -0.00450000
v 0.00084900 0.00723800 -0.00475000
v 0.00061300 0.00715300 -0.00500000
v 0.00020100 0.00829800 -0.00500000
v 0.00002500 0.00952700 -0.00475000
v -0.00428900 0.00305800 -0.00500000
v -0.00632600 0.00724000 -0.00450000
v -0.00580400 0.00579000 -0.00450000
v -0.00528200 0.00433900 -0.00450000
v -0.00476000 0.00288900 -0.00450000
v -0.00452500 0.00297300 -0.00475000
v -0.00585600 0.00741000 -0.00500000
v -0.00609100 0.00732500 -0.00475000
v -0.00481200 0.00450900 -0.00500000
v -0.00533400 0.00595900 -0.00500000
v -0.00021100 0.00944200 -0.00500000
v 0.00026000 0.00961100 -0.00450000
v 0.00015700 0.01004300 -0.00450000
v 0.00015100 0.01048700 -0.00450000
v 0.00002500 0.00952700 -0.00475000
v -0.00023000 0.01107900 -0.00500000
v -0.00034600 0.01053600 -0.00500000
v -0.00033900 0.00998100 -0.00500000
v 0.00024400 0.01092100 -0.00450000
v 0.00000700 0.01100000 -0.00475000
v -0.00688400 0.00868300 -0.00500000
v -0.00632600 0.00724000 -0.00450000
v -0.00714900 0.00825900 -0.00450000
v -0.00680100 0.00798400 -0.00450000
v -0.00652200 0.00763900 -0.00450000
v -0.00609100 0.00732500 -0.00475000
v -0.00585600 0.00741000 -0.00500000
v -0.00610100 0.00790700 -0.00500000
v -0.00644900 0.00833900 -0.00500000
v -0.00701600 0.00847100 -0.00475000
v 0.00024400 0.01092100 -0.00450000
v -0.00701600 0.00847100 -0.00475000
v -0.00714900 0.00825900 -0.00450000
v -0.00775000 0.00870000 -0.00450000
v -0.00827800 0.00922500 -0.00450000
v -0.00872300 0.00982300 -0.00450000
v -0.00907400 0.01048100 -0.00450000
v -0.00932300 0.01118300 -0.00450000
v -0.00946600 0.01191400 -0.00450000
v -0.00949700 0.01265900 -0.00450000
v -0.00941800 0.01340000 -0.00450000
v -0.00923000 0.01412100 -0.00450000
v -0.00893700 0.01480600 -0.00450000
v -0.00854500 0.01544000 -0.00450000
v -0.00806300 0.01600800 -0.00450000
v -0.00750200 0.01649900 -0.00450000
v -0.00687400 0.01690000 -0.00450000
v -0.00619400 0.01720400 -0.00450000
v -0.00547600 0.01740400 -0.00450000
v -0.00473600 0.01749400 -0.00450000
v -0.00399100 0.01747400 -0.00450000
v -0.00325700 0.01734300 -0.00450000
v -0.00255100 0.01710500 -0.00450000
v -0.00188900 0.01676400 -0.00450000
v -0.00128400 0.01632800 -0.00450000
v -0.00075100 0.01580800 -0.00450000
v -0.00030100 0.01521400 -0.00450000
v 0.00005600 0.01455900 -0.00450000
v 0.00031200 0.01385900 -0.00450000
v 0.00046000 0.01312900 -0.00450000
v 0.00049900 0.01238500 -0.00450000
v 0.00042600 0.01164300 -0.00450000
v 0.00000700 0.01100000 -0.00475000
v -0.00023000 0.01107900 -0.00500000
v -0.00005400 0.01180200 -0.00500000
v -0.00000000 0.01254600 -0.00500000
v -0.00006900 0.01328700 -0.00500000
v -0.00026000 0.01400800 -0.00500000
v -0.00056700 0.01468700 -0.00500000
v -0.00098200 0.01530600 -0.00500000
v -0.00149300 0.01584800 -0.00500000
v -0.00208600 0.01629800 -0.00500000
v -0.00274600 0.01664400 -0.00500000
v -0.00345400 0.01687700 -0.00500000
v -0.00419000 0.01698900 -0.00500000
v -0.00493500 0.01697900 -0.00500000
v -0.00566800 0.01684600 -0.00500000
v -0.00637000 0.01659300 -0.00500000
v -0.00701900 0.01622900 -0.00500000
v -0.00760000 0.01576200 -0.00500000
v -0.00809600 0.01520600 -0.00500000
v -0.00849300 0.01457500 -0.00500000
v -0.00878100 0.01388800 -0.00500000
v -0.00895100 0.01316300 -0.00500000
v -0.00899900 0.01241900 -0.00500000
v -0.00892400 0.01167800 -0.00500000
v -0.00872800 0.01095900 -0.00500000
v -0.00841600 0.01028300 -0.00500000
v -0.00799600 0.00966700 -0.00500000
v -0.00748100 0.00912900 -0.00500000
v -0.00688400 0.00868300 -0.00500000
v 0.00022200 0.01198200 -0.00475000
v 0.00001600 0.01397400 -0.00475000
v -0.00093400 0.01563700 -0.00475000
v -0.00038000 0.01486400 -0.00475000
v -0.00163100 0.01628500 -0.00475000
v -0.00333700 0.01710500 -0.00475000
v -0.00244300 0.01678100 -0.00475000
v -0.00528000 0.01718600 -0.00475000
v -0.00432700 0.01724700 -0.00475000
v -0.00622300 0.01692600 -0.00475000
v -0.00708400 0.01648600 -0.00475000
v -0.00843500 0.01516000 -0.00475000
v -0.00782600 0.01589100 -0.00475000
v -0.00888700 0.01432200 -0.00475000
v -0.00916200 0.01341100 -0.00475000
v -0.00925000 0.01250000 -0.00475000
v -0.00913200 0.01144900 -0.00475000
v -0.00882600 0.01053800 -0.00475000
v -0.00836200 0.00973500 -0.00475000
v -0.00775100 0.00903700 -0.00475000
v 0.01365000 0.00600000 -0.00000000
v 0.01365000 0.00300000 -0.00000000
v 0.01365000 0.00000000 0.00000000
v 0.01035000 0.00600000 -0.00000000
v 0.01365000 0.00600000 -0.00000000
v 0.01365000 0.00300000 -0.00000000
v 0.01365000 0.00000000 0.00000000
v 0.01348700 0.00600000 0.00071600
v 0.01302900 0.00600000 0.00129000
v 0.01236700 0.00600000 0.00160900
v 0.01163300 0.00600000 0.00160900
v 0.01097100 0.00600000 0.00129000
v 0.01051300 0.00600000 0.00071600
v 0.01346100 -0.00000000 -0.00076700
v 0.01293700 -0.00000000 -0.00135800
v 0.01219900 -0.00000000 -0.00163800
v 0.01141500 -0.00000000 -0.00154300
v 0.01076500 -0.00000000 -0.00109400
v 0.01039800 -0.00000000 -0.00039500
v 0.01039800 0.00000000 0.00039500
v 0.01076500 0.00000000 0.00109400
v 0.01141500 0.00000000 0.00154300
v 0.01219900 0.00000000 0.00163800
v 0.01293700 0.00000000 0.00135800
v 0.01346100 0.00000000 0.00076700
v 0.01051300 0.00600000 -0.00071600
v 0.01097100 0.00600000 -0.00129000
v 0.01163300 0.00600000 -0.00160900
v 0.01236700 0.00600000 -0.00160900
v 0.01302900 0.00600000 -0.00129000
v 0.01348700 0.00600000 -0.00071600
v 0.01315500 0.00300000 0.00117800
v 0.01262400 0.00300000 0.00152700
v 0.01200000 0.00300000 0.00165000
v 0.01047300 0.00300000 0.00062400
v 0.01082200 0.00300000 0.00115500
v 0.01134900 0.00300000 0.00151600
v 0.01035000 0.00300000 -0.00000000
v 0.01084500 0.00300000 -0.00117800
v 0.01048400 0.00300000 -0.00065100
v 0.01137600 0.00300000 -0.00152800
v 0.01200000 0.00300000 -0.00165000
v 0.01352800 0.00300000 -0.00062400
v 0.01317800 0.00300000 -0.00115500
v 0.01265100 0.00300000 -0.00151600
v 0.02365000 0.00600000 -0.00000000
v 0.02365000 0.00300000 -0.00000000
v 0.02365000 0.00000000 0.00000000
v 0.02035000 0.00600000 -0.00000000
v 0.02365000 0.00600000 -0.00000000
v 0.02365000 0.00300000 -0.00000000
v 0.02365000 0.00000000 0.00000000
v 0.02348700 0.00600000 0.00071600
v 0.02302900 0.00600000 0.00129000
v 0.02236700 0.00600000 0.00160900
v 0.02163300 0.00600000 0.00160900
v 0.02097100 0.00600000 0.00129000
v 0.02051300 0.00600000 0.00071600
v 0.02346100 -0.00000000 -0.00076700
v 0.02293700 -0.00000000 -0.00135800
v 0.02219900 -0.00000000 -0.00163800
v 0.02141500 -0.00000000 -0.00154300
v 0.02076500 -0.00000000 -0.00109400
v 0.02039800 -0.00000000 -0.00039500
v 0.02039800 0.00000000 0.00039500
v 0.02076500 0.00000000 0.00109400
v 0.02141500 0.00000000 0.00154300
v 0.02219900 0.00000000 0.00163800
v 0.02293700 0.00000000 0.00135800
v 0.02346100 0.00000000 0.00076700
v 0.02051300 0.00600000 -0.00071600
v 0.02097100 0.00600000 -0.00129000
v 0.02163300 0.00600000 -0.00160900
v 0.02236700 0.00600000 -0.00160900
v 0.02302900 0.00600000 -0.00129000
v 0.02348700 0.00600000 -0.00071600
v 0.02315500 0.00300000 0.00117800
v 0.02262400 0.00300000 0.00152700
v 0.02200000 0.00300000 0.00165000
v 0.02047300 0.00300000 0.00062400
v 0.02082200 0.00300000 0.00115500
v 0.02134900 0.00300000 0.00151600
v 0.02035000 0.00300000 -0.00000000
v 0.02084500 0.00300000 -0.00117800
v 0.02048400 0.00300000 -0.00065100
v 0.02137600 0.00300000 -0.00152800
v 0.02200000 0.00300000 -0.00165000
v 0.02352800 0.00300000 -0.00062400
v 0.02317800 0.00300000 -0.00115500
v 0.02265100 0.00300000 -0.00151600
v 0.02850000 0.00050000 0.00500000
v 0.02850000 0.00216700 0.00500000
v 0.02850000 0.00383300 0.00500000
v 0.02850000 0.00550000 0.00500000
v 0.03000000 0.00450000 0.00350000
v 0.03000000 0.00050000 0.00350000
v 0.02893500 0.00593500 0.00456500
v 0.02925000 0.00296800 0.00425000
v 0.02900000 0.00000000 0.00450000
v 0.02950000 0.00000000 0.00400000
v 0.02935300 0.00573400 0.00414700
v 0.02970500 0.00539400 0.00379500
v 0.02992800 0.00495900 0.00357200
v 0.02887500 0.00296800 0.00462500
v 0.02925000 0.00445200 0.00425000
v 0.02887500 0.00445200 0.00462500
v 0.02962500 0.00296800 0.00387500
v 0.02962500 0.00445200 0.00387500
v 0.02925000 0.00148400 0.00425000
v 0.02962500 0.00148400 0.00387500
v 0.02887500 0.00148400 0.00462500
v 0.02850000 0.00050000 -0.00500000
v 0.02850000 0.00216700 -0.00500000
v 0.02850000 0.00383300 -0.00500000
v 0.02850000 0.00550000 -0.00500000
v 0.03000000 0.00450000 -0.00350000
v 0.03000000 0.00050000 -0.00350000
v 0.02950000 -0.00000000 -0.00400000
v 0.02925000 0.00296800 -0.00425000
v 0.02962500 0.00296800 -0.00387500
v 0.02900000 -0.00000000 -0.00450000
v 0.02887500 0.00296800 -0.00462500
v 0.02893500 0.00593500 -0.00456500
v 0.02935300 0.00573400 -0.00414700
v 0.02970500 0.00539400 -0.00379500
v 0.02992800 0.00495900 -0.00357200
v 0.02925000 0.00445200 -0.00425000
v 0.02906300 0.00296800 -0.00443800
v 0.02887500 0.00445200 -0.00462500
v 0.02906300 0.00445200 -0.00443800
v 0.02962500 0.00445200 -0.00387500
v 0.02943800 0.00296800 -0.00406300
v 0.02943800 0.00445200 -0.00406300
v 0.02981300 0.00296800 -0.00368800
v 0.02981300 0.00445200 -0.00368800
v 0.02962500 0.00148400 -0.00387500
v 0.02925000 0.00148400 -0.00425000
v 0.02943800 0.00148400 -0.00406300
v 0.02887500 0.00148400 -0.00462500
v 0.02906300 0.00148400 -0.00443800
v 0.02987800 0.00509100 -0.00152200
v 0.02987800 0.00509100 0.00152200
v 0.02955000 0.00557100 -0.00152200
v 0.02955000 0.00557100 0.00152200
v 0.02906700 0.00588900 -0.00152200
v 0.02906700 0.00588900 0.00152200
v 0.03000000 0.00450000 0.00350000
v 0.03000000 0.00450000 0.00175000
v 0.03000000 0.00450000 -0.00000000
v 0.03000000 0.00450000 -0.00175000
v 0.03000000 0.00450000 -0.00350000
v 0.02850000 0.00600000 -0.00450000
v 0.02850000 0.00600000 -0.00321400
v 0.02850000 0.00600000 -0.00192900
v 0.02850000 0.00600000 -0.00064300
v 0.02850000 0.00600000 0.00064300
v 0.02850000 0.00600000 0.00192900
v 0.02850000 0.00600000 0.00321400
v 0.02850000 0.00600000 0.00450000
v 0.02893500 0.00593500 0.00456500
v 0.02906700 0.00588900 0.00304300
v 0.02878900 0.00597200 0.00152200
v 0.02878900 0.00597200 0.00304300
v 0.02893500 0.00593500 -0.00456500
v 0.02878900 0.00597200 -0.00152200
v 0.02906700 0.00588900 -0.00304300
v 0.02878900 0.00597200 -0.00304300
v 0.02935300 0.00573400 0.00414700
v 0.02970500 0.00539400 0.00379500
v 0.02992800 0.00495900 0.00357200
v 0.02955000 0.00557100 0.00304300
v 0.02932400 0.00575300 0.00152200
v 0.02932400 0.00575300 0.00304300
v 0.02987800 0.00509100 0.00304300
v 0.02973800 0.00534700 0.00152200
v 0.02973800 0.00534700 0.00304300
v 0.02996900 0.00480200 0.00152200
v 0.02996900 0.00480200 0.00304300
v 0.02992800 0.00495900 -0.00357200
v 0.02970500 0.00539400 -0.00379500
v 0.02935300 0.00573400 -0.00414700
v 0.02987800 0.00509100 -0.00304300
v 0.02996900 0.00480200 -0.00152200
v 0.02996900 0.00480200 -0.00304300
v 0.02955000 0.00557100 -0.00304300
v 0.02973800 0.00534700 -0.00152200
v 0.02973800 0.00534700 -0.00304300
v 0.02932400 0.00575300 -0.00152200
v 0.02932400 0.00575300 -0.00304300
vn -1.00000000 -0.00000000 -0.00000000
vn -1.00000000 -0.00000000 -0.00000000
vn -1.00000000 -0.00000000 -0.00000000
vn 1.00000000 -0.00000000 -0.00000000
vn 1.00000000 -0.00000000 -0.00000000
vn -1.00000000 -0.00000000 -0.00000000
vn -1.00000000 -0.00000000 -0.00000000
vn -1.00000000 -0.00000000 -0.00000000
vn -0.97090000 0.23930000 -0.00000000
vn -0.88550000 0.46470000 -0.00000000
vn -0.74850000 0.66310000 -0.00000000
vn -0.56810000 0.82300000 -0.00000000
vn -0.35460000 0.93500000 -0.00000000
vn -0.12060000 0.99270000 -0.00000000
vn 0.12050000 0.99270000 -0.00000000
vn 0.35460000 0.93500000 -0.00000000
vn 0.56810000 0.82300000 -0.00000000
vn 0.74850000 0.66310000 -0.00000000
vn 0.88550000 0.46470000 -0.00000000
vn 0.97090000 0.23930000 -0.00000000
vn -0.97090000 -0.23930000 -0.00000000
vn -0.88550000 -0.46470000 -0.00000000
vn -0.74850000 -0.66310000 -0.00000000
vn -0.56810000 -0.82300000 -0.00000000
vn -0.35460000 -0.93500000 -0.00000000
vn -0.12050000 -0.99270000 -0.00000000
vn 0.12060000 -0.99270000 -0.00000000
vn 0.35460000 -0.93500000 -0.00000000
vn 0.56810000 -0.82300000 -0.00000000
vn 0.74850000 -0.66310000 -0.00000000
vn 0.88550000 -0.46470000 -0.00000000
vn 0.97090000 -0.23930000 -0.00000000
vn 0.97090000 0.23930000 -0.00000000
vn 0.88550000 0.46470000 -0.00000000
vn 0.74850000 0.66310000 -0.00000000
vn 0.56810000 0.82300000 -0.00000000
vn 0.35460000 0.93500000 -0.00000000
vn 0.12050000 0.99270000 -0.00000000
vn -0.12060000 0.99270000 -0.00000000
vn -0.35460000 0.93500000 -0.00000000
vn -0.56810000 0.82300000 -0.00000000
vn -0.74850000 0.66310000 -0.00000000
vn -0.88550000 0.46470000 -0.00000000
vn -0.97090000 0.23930000 -0.00000000
vn 0.97090000 -0.23930000 -0.00000000
vn 0.88550000 -0.46470000 -0.00000000
vn 0.74850000 -0.66310000 -0.00000000
vn 0.56810000 -0.82300000 -0.00000000
vn 0.35460000 -0.93500000 -0.00000000
vn 0.12060000 -0.99270000 -0.00000000
vn -0.12050000 -0.99270000 -0.00000000
vn -0.35460000 -0.93500000 -0.00000000
vn -0.56810000 -0.82300000 -0.00000000
vn -0.74850000 -0.66310000 -0.00000000
vn -0.88550000 -0.46470000 -0.00000000
vn -0.97090000 -0.23930000 -0.00000000
vn -0.70010000 0.71410000 -0.00000000
vn -0.82460000 0.56580000 -0.00000000
vn -0.54940000 0.83560000 -0.00000000
vn -0.91900000 0.39430000 -0.00000000
vn -0.37810000 0.92580000 -0.00000000
vn -0.19270000 0.98130000 -0.00000000
vn 0.20450000 0.97890000 -0.00000000
vn -0.00000000 1.00000000 -0.00000000
vn 0.39430000 0.91900000 -0.00000000
vn 0.56580000 0.82450000 -0.00000000
vn 0.71410000 0.70010000 -0.00000000
vn 0.83560000 0.54940000 -0.00000000
vn 0.98130000 0.19270000 -0.00000000
vn 0.92580000 0.37810000 -0.00000000
vn 1.00000000 -0.00000000 -0.00000000
vn 0.97890000 -0.20450000 -0.00000000
vn 0.91900000 -0.39430000 -0.00000000
vn 0.70010000 -0.71410000 -0.00000000
vn 0.82460000 -0.56580000 -0.00000000
vn 0.54940000 -0.83560000 -0.00000000
vn 0.37810000 -0.92580000 -0.00000000
vn 0.19270000 -0.98130000 -0.00000000
vn -0.20450000 -0.97890000 -0.00000000
vn -0.00000000 -1.00000000 -0.00000000
vn -0.39430000 -0.91900000 -0.00000000
vn -0.56580000 -0.82450000 -0.00000000
vn -0.71410000 -0.70010000 -0.00000000
vn -0.83560000 -0.54940000 -0.00000000
vn -0.98130000 -0.19270000 -0.00000000
vn -0.92580000 -0.37810000 -0.00000000
vn -1.00000000 -0.00000000 -0.00000000
vn -1.00000000 -0.00000000 -0.00000000
vn -1.00000000 -0.00000000 -0.00000000
vn 1.00000000 -0.00000000 -0.00000000
vn 1.00000000 -0.00000000 -0.00000000
vn -1.00000000 -0.00000000 -0.00000000
vn -1.00000000 -0.00000000 -0.00000000
vn -1.00000000 -0.00000000 -0.00000000
vn -0.97090000 0.23930000 -0.00000000
vn -0.88550000 0.46470000 -0.00000000
vn -0.74850000 0.66310000 -0.00000000
vn -0.56810000 0.82300000 -0.00000000
vn -0.35460000 0.93500000 -0.00000000
vn -0.12060000 0.99270000 -0.00000000
vn 0.12050000 0.99270000 -0.00000000
vn 0.35460000 0.93500000 -0.00000000
vn 0.56810000 0.82300000 -0.00000000
vn 0.74850000 0.66310000 -0.00000000
vn 0.88550000 0.46470000 -0.00000000
vn 0.97090000 0.23930000 -0.00000000
vn -0.97090000 -0.23930000 -0.00000000
vn -0.88550000 -0.46470000 -0.00000000
vn -0.74850000 -0.66310000 -0.00000000
vn -0.56810000 -0.82300000 -0.00000000
vn -0.35460000 -0.93500000 -0.00000000
vn -0.12050000 -0.99270000 -0.00000000
vn 0.12060000 -0.99270000 -0.00000000
vn 0.35460000 -0.93500000 -0.00000000
vn 0.56810000 -0.82300000 -0.00000000
vn 0.74850000 -0.66310000 -0.00000000
vn 0.88550000 -0.46470000 -0.00000000
vn 0.97090000 -0.23930000 -0.00000000
vn 0.97090000 0.23930000 -0.00000000
vn 0.88550000 0.46470000 -0.00000000
vn 0.74850000 0.66310000 -0.00000000
vn 0.56810000 0.82300000 -0.00000000
vn 0.35460000 0.93500000 -0.00000000
vn 0.12050000 0.99270000 -0.00000000
vn -0.12060000 0.99270000 -0.00000000
vn -0.35460000 0.93500000 -0.00000000
vn -0.56810000 0.82300000 -0.00000000
vn -0.74850000 0.66310000 -0.00000000
vn -0.88550000 0.46470000 -0.00000000
vn -0.97090000 0.23930000 -0.00000000
vn 0.97090000 -0.23930000 -0.00000000
vn 0.88550000 -0.46470000 -0.00000000
vn 0.74850000 -0.66310000 -0.00000000
vn 0.56810000 -0.82300000 -0.00000000
vn 0.35460000 -0.93500000 -0.00000000
vn 0.12060000 -0.99270000 -0.00000000
vn -0.12050000 -0.99270000 -0.00000000
vn -0.35460000 -0.93500000 -0.00000000
vn -0.56810000 -0.82300000 -0.00000000
vn -0.74850000 -0.66310000 -0.00000000
vn -0.88550000 -0.46470000 -0.00000000
vn -0.97090000 -0.23930000 -0.00000000
vn -0.70010000 0.71410000 -0.00000000
vn -0.82460000 0.56580000 -0.00000000
vn -0.54940000 0.83560000 -0.00000000
vn -0.91900000 0.39430000 -0.00000000
vn -0.37810000 0.92580000 -0.00000000
vn -0.19270000 0.98130000 -0.00000000
vn -0.00000000 1.00000000 -0.00000000
vn 0.39430000 0.91900000 -0.00000000
vn 0.20450000 0.97890000 -0.00000000
vn 0.56580000 0.82450000 -0.00000000
vn 0.71410000 0.70010000 -0.00000000
vn 0.83560000 0.54940000 -0.00000000
vn 0.98130000 0.19270000 -0.00000000
vn 0.92580000 0.37810000 -0.00000000
vn 1.00000000 -0.00000000 -0.00000000
vn 0.97890000 -0.20450000 -0.00000000
vn 0.91900000 -0.39430000 -0.00000000
vn 0.70010000 -0.71410000 -0.00000000
vn 0.82460000 -0.56580000 -0.00000000
vn 0.54940000 -0.83560000 -0.00000000
vn 0.37810000 -0.92580000 -0.00000000
vn 0.19270000 -0.98130000 -0.00000000
vn -0.20450000 -0.97890000 -0.00000000
vn -0.00000000 -1.00000000 -0.00000000
vn -0.39430000 -0.91900000 -0.00000000
vn -0.56570000 -0.82460000 -0.00000000
vn -0.71410000 -0.70010000 -0.00000000
vn -0.83560000 -0.54940000 -0.00000000
vn -0.98130000 -0.19270000 -0.00000000
vn -0.92580000 -0.37810000 -0.00000000
vn -0.00000000 -0.00000000 1.00000000
vn -0.00000000 -0.00000000 1.00000000
vn -0.00000000 -0.00000000 1.00000000
vn -0.00000000 -0.00000000 1.00000000
vn -0.00000000 -0.00000000 1.00000000
vn -0.00000000 -0.00000000 1.00000000
vn -0.00000000 -0.00000000 1.00000000
vn -0.00000000 -0.00000000 1.00000000
vn -0.00000000 -0.00000000 1.00000000
vn -0.00000000 -0.00000000 1.00000000
vn -0.00000000 -0.00000000 1.00000000
vn -0.00000000 -0.00000000 1.00000000
vn -0.00000000 -0.00000000 1.00000000
vn -0.00000000 -0.00000000 1.00000000
vn -0.00000000 -0.00000000 1.00000000
vn -0.00000000 -0.00000000 1.00000000
vn -0.00000000 -0.00000000 1.00000000
vn -0.00000000 -0.00000000 1.00000000
vn -0.00000000 -0.00000000 1.00000000
vn -0.00000000 -0.00000000 1.00000000
vn -0.00000000 -0.00000000 1.00000000
vn -0.00000000 -0.00000000 1.00000000
vn -0.00000000 -0.00000000 1.00000000
vn -0.00000000 -0.00000000 1.00000000
vn -0.00000000 -0.00000000 1.00000000
vn -0.00000000 -0.00000000 1.00000000
vn -0.00000000 -0.00000000 1.00000000
vn -0.00000000 -0.00000000 1.00000000
vn -0.00000000 -0.00000000 1.00000000
vn -0.00000000 -0.00000000 1.00000000
vn -0.00000000 -0.00000000 1.00000000
vn -0.00000000 -0.00000000 1.00000000
vn -0.00000000 -0.00000000 1.00000000
vn -0.00000000 -0.00000000 1.00000000
vn -0.00000000 -0.00000000 1.00000000
vn -0.00000000 -0.00000000 1.00000000
vn -0.00000000 -0.00000000 1.00000000
vn -0.00000000 -0.00000000 1.00000000
vn -0.00000000 -0.00000000 1.00000000
vn -0.00000000 -0.00000000 1.00000000
vn -0.00000000 -0.00000000 1.00000000
vn -0.00000000 -0.00000000 1.00000000
vn -0.00000000 -0.00000000 1.00000000
vn -0.00000000 -0.00000000 1.00000000
vn -0.00000000 -0.00000000 1.00000000
vn -0.00000000 -0.00000000 1.00000000
vn -0.00000000 -0.00000000 1.00000000
vn -0.00000000 -0.00000000 1.00000000
vn -0.00000000 -0.00000000 1.00000000
vn -0.00000000 -0.00000000 1.00000000
vn -0.00000000 -0.00000000 1.00000000
vn -0.00000000 -0.00000000 1.00000000
vn -0.00000000 -0.00000000 1.00000000
vn -0.00000000 -0.00000000 1.00000000
vn -0.00000000 -0.00000000 1.00000000
vn -0.00000000 -0.00000000 1.00000000
vn -0.00000000 -0.00000000 1.00000000
vn -0.00000000 -0.00000000 1.00000000
vn -0.00000000 -0.00000000 1.00000000
vn -0.00000000 -0.00000000 1.00000000
vn -0.00000000 -0.00000000 1.00000000
vn -0.00000000 -0.00000000 1.00000000
vn -0.00000000 -0.00000000 1.00000000
vn -0.00000000 -0.00000000 1.00000000
vn -0.00000000 -0.00000000 1.00000000
vn -0.00000000 -0.00000000 1.00000000
vn -0.00000000 -0.00000000 1.00000000
vn -0.00000000 -0.00000000 1.00000000
vn -0.00000000 -0.00000000 1.00000000
vn -0.00000000 -0.00000000 1.00000000
vn -0.00000000 -0.00000000 1.00000000
vn -0.00000000 -0.00000000 1.00000000
vn -0.00000000 -0.00000000 1.00000000
vn -0.00000000 -0.00000000 1.00000000
vn -0.00000000 -0.00000000 1.00000000
vn -0.00000000 -0.00000000 1.00000000
vn -0.00000000 -0.00000000 1.00000000
vn -0.00000000 -0.00000000 1.00000000
vn -0.00000000 -0.00000000 1.00000000
vn -0.00000000 -0.00000000 1.00000000
vn -0.00000000 -0.00000000 1.00000000
vn -0.00000000 -0.00000000 1.00000000
vn -0.00000000 -0.00000000 1.00000000
vn -0.00000000 -0.00000000 1.00000000
vn -0.00000000 -0.00000000 1.00000000
vn -0.00000000 -0.00000000 1.00000000
vn -0.00000000 -0.00000000 1.00000000
vn -0.00000000 -0.00000000 1.00000000
vn -0.00000000 -0.00000000 1.00000000
vn -0.00000000 -0.00000000 1.00000000
vn -0.00000000 -0.00000000 1.00000000
vn -0.00000000 -0.00000000 1.00000000
vn -0.00000000 -0.00000000 1.00000000
vn -0.00000000 -0.00000000 1.00000000
vn -0.00000000 -0.00000000 1.00000000
vn -0.00000000 -0.00000000 1.00000000
vn -0.00000000 -0.00000000 1.00000000
vn -0.00000000 -0.00000000 1.00000000
vn -0.00000000 -0.00000000 1.00000000
vn -0.00000000 -0.00000000 1.00000000
vn -0.00000000 -0.00000000 1.00000000
vn -0.00000000 -0.00000000 1.00000000
vn -0.00000000 -0.00000000 1.00000000
vn -0.00000000 -0.00000000 1.00000000
vn -0.00000000 -0.00000000 1.00000000
vn -0.00000000 -0.00000000 1.00000000
vn -0.00000000 -0.00000000 1.00000000
vn -0.00000000 -0.00000000 1.00000000
vn -0.00000000 -0.00000000 1.00000000
vn -0.00000000 -0.00000000 1.00000000
vn -0.00000000 -0.00000000 1.00000000
vn -0.00000000 -0.00000000 1.00000000
vn -0.00000000 -0.00000000 1.00000000
vn -0.00000000 -0.00000000 1.00000000
vn -0.00000000 -0.00000000 1.00000000
vn -0.00000000 -0.00000000 1.00000000
vn -0.00000000 -0.00000000 1.00000000
vn -0.00000000 -0.00000000 1.00000000
vn -0.00000000 -0.00000000 1.00000000
vn -0.00000000 -0.00000000 1.00000000
vn -0.00000000 -0.00000000 1.00000000
vn -0.00000000 -0.00000000 1.00000000
vn -0.00000000 -0.00000000 1.00000000
vn -0.00000000 -0.00000000 1.00000000
vn -0.00000000 -0.00000000 1.00000000
vn -0.00000000 -0.00000000 1.00000000
vn -0.00000000 -0.00000000 1.00000000
vn -0.00000000 -0.00000000 1.00000000
vn -0.00000000 -0.00000000 1.00000000
vn -0.00000000 -0.00000000 1.00000000
vn -0.00000000 -0.00000000 1.00000000
vn -0.00000000 -0.00000000 1.00000000
vn -0.00000000 -0.00000000 1.00000000
vn -0.00000000 -0.00000000 1.00000000
vn -0.00000000 -0.00000000 1.00000000
vn -0.00000000 -0.00000000 1.00000000
vn -0.00000000 -0.00000000 1.00000000
vn -0.00000000 -0.00000000 1.00000000
vn -0.00000000 -0.00000000 1.00000000
vn -0.00000000 -0.00000000 1.00000000
vn -0.00000000 -0.00000000 1.00000000
vn -0.00000000 -0.00000000 1.00000000
vn -0.00000000 -0.00000000 1.00000000
vn -0.00000000 -0.00000000 1.00000000
vn -0.00000000 -0.00000000 1.00000000
vn -0.00000000 -0.00000000 1.00000000
vn -0.00000000 -0.00000000 1.00000000
vn -0.00000000 -0.00000000 1.00000000
vn -0.00000000 -0.00000000 1.00000000
vn -0.00000000 -0.00000000 1.00000000
vn -0.00000000 -0.00000000 1.00000000
vn -0.00000000 -0.00000000 1.00000000
vn -0.00000000 -0.00000000 1.00000000
vn -0.00000000 -0.00000000 1.00000000
vn -0.00000000 -0.00000000 1.00000000
vn -0.00000000 -0.00000000 1.00000000
vn -0.00000000 -0.00000000 1.00000000
vn -0.00000000 -0.00000000 1.00000000
vn -0.00000000 -0.00000000 1.00000000
vn -0.00000000 -0.00000000 1.00000000
vn -0.00000000 -0.00000000 1.00000000
vn -0.00000000 -0.00000000 -1.00000000
vn -0.00000000 -0.00000000 -1.00000000
vn -0.00000000 -0.00000000 -1.00000000
vn -0.00000000 -0.00000000 -1.00000000
vn -0.00000000 -0.00000000 -1.00000000
vn -0.00000000 -0.00000000 -1.00000000
vn -0.00000000 -0.00000000 -1.00000000
vn -0.00000000 -0.00000000 -1.00000000
vn -0.00000000 -0.00000000 -1.00000000
vn -0.00000000 -0.00000000 -1.00000000
vn -0.00000000 -0.00000000 -1.00000000
vn -0.00000000 -0.00000000 -1.00000000
vn -0.00000000 -0.00000000 -1.00000000
vn -0.00000000 -0.00000000 -1.00000000
vn -0.00000000 -0.00000000 -1.00000000
vn -0.00000000 -0.00000000 -1.00000000
vn -0.00000000 -0.00000000 -1.00000000
vn -0.00000000 -0.00000000 -1.00000000
vn -0.00000000 -0.00000000 -1.00000000
vn -0.00000000 -0.00000000 -1.00000000
vn -0.00000000 -0.00000000 -1.00000000
vn -0.00000000 -0.00000000 -1.00000000
vn -0.00000000 -0.00000000 -1.00000000
vn -0.00000000 -0.00000000 -1.00000000
vn -0.00000000 -0.00000000 -1.00000000
vn -0.00000000 -0.00000000 -1.00000000
vn -0.00000000 -0.00000000 -1.00000000
vn -0.00000000 -0.00000000 -1.00000000
vn -0.00000000 -0.00000000 -1.00000000
vn -0.00000000 -0.00000000 -1.00000000
vn -0.00000000 -0.00000000 -1.00000000
vn -0.00000000 -0.00000000 -1.00000000
vn -0.00000000 -0.00000000 -1.00000000
vn -0.00000000 -0.00000000 -1.00000000
vn -0.00000000 -0.00000000 -1.00000000
vn -0.00000000 -0.00000000 -1.00000000
vn -0.00000000 -0.00000000 -1.00000000
vn -0.00000000 -0.00000000 -1.00000000
vn -0.00000000 -0.00000000 -1.00000000
vn -0.00000000 -0.00000000 -1.00000000
vn -0.00000000 -0.00000000 -1.00000000
vn -0.00000000 -0.00000000 -1.00000000
vn -0.00000000 -0.00000000 -1.00000000
vn -0.00000000 -0.00000000 -1.00000000
vn -0.00000000 -0.00000000 -1.00000000
vn -0.00000000 -0.00000000 -1.00000000
vn -0.00000000 -0.00000000 -1.00000000
vn -0.00000000 -0.00000000 -1.00000000
vn -0.00000000 -0.00000000 -1.00000000
vn -0.00000000 -0.00000000 -1.00000000
vn -0.00000000 -0.00000000 -1.00000000
vn -0.00000000 -0.00000000 -1.00000000
vn -0.00000000 -0.00000000 -1.00000000
vn -0.00000000 -0.00000000 -1.00000000
vn -0.00000000 -0.00000000 -1.00000000
vn -0.00000000 -0.00000000 -1.00000000
vn -0.00000000 -0.00000000 -1.00000000
vn -0.00000000 -0.00000000 -1.00000000
vn -0.00000000 -0.00000000 -1.00000000
vn -0.00000000 -0.00000000 -1.00000000
vn -0.00000000 -0.00000000 -1.00000000
vn -0.00000000 -0.00000000 -1.00000000
vn -0.00000000 -0.00000000 -1.00000000
vn -0.00000000 -0.00000000 -1.00000000
vn -0.00000000 -0.00000000 -1.00000000
vn -0.00000000 -0.00000000 -1.00000000
vn -0.00000000 -0.00000000 -1.00000000
vn -0.00000000 -0.00000000 -1.00000000
vn -0.00000000 -0.00000000 -1.00000000
vn -0.00000000 -0.00000000 -1.00000000
vn -0.00000000 -0.00000000 -1.00000000
vn -0.00000000 -0.00000000 -1.00000000
vn -0.00000000 -0.00000000 -1.00000000
vn -0.00000000 -0.00000000 -1.00000000
vn -0.00000000 -0.00000000 -1.00000000
vn -0.00000000 -0.00000000 -1.00000000
vn -0.00000000 -0.00000000 -1.00000000
vn -0.00000000 -0.00000000 -1.00000000
vn -0.00000000 -0.00000000 -1.00000000
vn -0.00000000 -0.00000000 -1.00000000
vn -0.00000000 -0.00000000 -1.00000000
vn -0.00000000 -0.00000000 -1.00000000
vn -0.00000000 -0.00000000 -1.00000000
vn -0.00000000 -0.00000000 -1.00000000
vn -0.00000000 -0.00000000 -1.00000000
vn -0.00000000 -0.00000000 -1.00000000
vn -0.00000000 -0.00000000 -1.00000000
vn -0.00000000 -0.00000000 -1.00000000
vn -0.00000000 -0.00000000 -1.00000000
vn -0.00000000 -0.00000000 -1.00000000
vn -0.00000000 -0.00000000 -1.00000000
vn -0.00000000 -0.00000000 -1.00000000
vn -0.00000000 -0.00000000 -1.00000000
vn -0.00000000 -0.00000000 -1.00000000
vn -0.00000000 -0.00000000 -1.00000000
vn -0.00000000 -0.00000000 -1.00000000
vn -0.00000000 -0.00000000 -1.00000000
vn -0.00000000 -0.00000000 -1.00000000
vn -0.00000000 -0.00000000 -1.00000000
vn -0.00000000 -0.00000000 -1.00000000
vn -0.00000000 -0.00000000 -1.00000000
vn -0.00000000 -0.00000000 -1.00000000
vn -0.00000000 -0.00000000 -1.00000000
vn -0.00000000 -0.00000000 -1.00000000
vn -0.00000000 -0.00000000 -1.00000000
vn -0.00000000 -0.00000000 -1.00000000
vn -0.00000000 -0.00000000 -1.00000000
vn -0.00000000 -0.00000000 -1.00000000
vn -0.00000000 -0.00000000 -1.00000000
vn -0.00000000 -0.00000000 -1.00000000
vn -0.00000000 -0.00000000 -1.00000000
vn -0.00000000 -0.00000000 -1.00000000
vn -0.00000000 -0.00000000 -1.00000000
vn -0.00000000 -0.00000000 -1.00000000
vn -0.00000000 -0.00000000 -1.00000000
vn -0.00000000 -0.00000000 -1.00000000
vn -0.00000000 -0.00000000 -1.00000000
vn -0.00000000 -0.00000000 -1.00000000
vn -0.00000000 -0.00000000 -1.00000000
vn -0.00000000 -0.00000000 -1.00000000
vn -0.00000000 -0.00000000 -1.00000000
vn -0.00000000 -0.00000000 -1.00000000
vn -0.00000000 -0.00000000 -1.00000000
vn -0.00000000 -0.00000000 -1.00000000
vn -0.00000000 -0.00000000 -1.00000000
vn -0.00000000 -0.00000000 -1.00000000
vn -0.00000000 -0.00000000 -1.00000000
vn -0.00000000 -0.00000000 -1.00000000
vn -0.00000000 -0.00000000 -1.00000000
vn -0.00000000 -0.00000000 -1.00000000
vn -0.00000000 -0.00000000 -1.00000000
vn -0.00000000 -0.00000000 -1.00000000
vn -0.00000000 -0.00000000 -1.00000000
vn -0.00000000 -0.00000000 -1.00000000
vn -0.00000000 -0.00000000 -1.00000000
vn -0.00000000 -0.00000000 -1.00000000
vn -0.00000000 -0.00000000 -1.00000000
vn -0.00000000 -0.00000000 -1.00000000
vn -0.00000000 -0.00000000 -1.00000000
vn -0.00000000 -0.00000000 -1.00000000
vn -0.00000000 -0.00000000 -1.00000000
vn -0.00000000 -0.00000000 -1.00000000
vn -0.00000000 -0.00000000 -1.00000000
vn -0.00000000 -0.00000000 -1.00000000
vn -0.00000000 -0.00000000 -1.00000000
vn -0.00000000 -0.00000000 -1.00000000
vn -0.00000000 -0.00000000 -1.00000000
vn -0.00000000 -0.00000000 -1.00000000
vn -0.00000000 -0.00000000 -1.00000000
vn -0.00000000 -0.00000000 -1.00000000
vn -0.00000000 -0.00000000 -1.00000000
vn -0.00000000 -0.00000000 -1.00000000
vn -0.00000000 -0.00000000 -1.00000000
vn -0.00000000 -0.00000000 -1.00000000
vn -0.00000000 -0.00000000 -1.00000000
vn -0.00000000 -0.00000000 -1.00000000
vn -0.00000000 -0.00000000 -1.00000000
vn -0.00000000 -0.00000000 -1.00000000
vn -0.00000000 -0.00000000 -1.00000000
vn -0.00000000 -0.00000000 -1.00000000
vn -0.00000000 -0.00000000 -1.00000000
vn -0.00000000 -0.00000000 -1.00000000
vn -0.00000000 -0.00000000 -1.00000000
vn -0.00000000 -0.00000000 -1.00000000
vn -0.00000000 -0.00000000 -1.00000000
vn -0.52970000 -0.84820000 -0.00000000
vn -0.52980000 -0.84810000 -0.00000000
vn -0.52970000 -0.84820000 -0.00000000
vn -0.68300000 -0.73040000 -0.00000000
vn -0.81300000 -0.58230000 -0.00000000
vn -0.91430000 -0.40500000 -0.00000000
vn -0.97750000 -0.21070000 -0.00000000
vn -1.00000000 -0.00010000 -0.00000000
vn -0.97910000 0.20350000 -0.00000000
vn -0.91660000 0.39980000 -0.00000000
vn -0.81710000 0.57640000 -0.00000000
vn -0.68600000 0.72760000 -0.00000000
vn -0.52720000 0.84970000 -0.00000000
vn -0.34730000 0.93780000 -0.00000000
vn -0.15340000 0.98820000 -0.00000000
vn 0.05170000 0.99870000 -0.00000000
vn 0.25800000 0.96610000 -0.00000000
vn 0.45040000 0.89280000 -0.00000000
vn 0.61970000 0.78490000 -0.00000000
vn 0.76370000 0.64560000 -0.00000000
vn 0.87710000 0.48040000 -0.00000000
vn 0.95520000 0.29590000 -0.00000000
vn 0.99590000 0.09060000 -0.00000000
vn 0.99390000 -0.11070000 -0.00000000
vn 0.94880000 -0.31590000 -0.00000000
vn 0.94880000 -0.31590000 -0.00000000
vn 0.94880000 -0.31590000 -0.00000000
vn 0.94880000 -0.31590000 -0.00000000
vn 0.94880000 -0.31590000 -0.00000000
vn 0.98520000 -0.17140000 -0.00000000
vn 0.99970000 -0.02300000 -0.00000000
vn 0.99210000 0.12580000 -0.00000000
vn 0.96230000 0.27190000 -0.00000000
vn 0.91120000 0.41190000 -0.00000000
vn 0.83990000 0.54270000 -0.00000000
vn 0.74990000 0.66150000 -0.00000000
vn 0.64330000 0.76570000 -0.00000000
vn 0.52230000 0.85280000 -0.00000000
vn 0.38970000 0.92090000 -0.00000000
vn 0.24850000 0.96860000 -0.00000000
vn 0.10180000 0.99480000 -0.00000000
vn -0.04720000 0.99890000 -0.00000000
vn -0.19510000 0.98080000 -0.00000000
vn -0.33870000 0.94090000 -0.00000000
vn -0.47480000 0.88010000 -0.00000000
vn -0.60030000 0.79980000 -0.00000000
vn -0.71250000 0.70170000 -0.00000000
vn -0.80890000 0.58790000 -0.00000000
vn -0.88730000 0.46120000 -0.00000000
vn -0.94600000 0.32420000 -0.00000000
vn -0.98370000 0.18000000 -0.00000000
vn -0.99950000 0.03180000 -0.00000000
vn -0.99310000 -0.11710000 -0.00000000
vn -0.96470000 -0.26350000 -0.00000000
vn -0.91480000 -0.40390000 -0.00000000
vn -0.84460000 -0.53540000 -0.00000000
vn -0.75570000 -0.65500000 -0.00000000
vn -0.64990000 -0.76000000 -0.00000000
vn 0.99390000 -0.11060000 -0.00000000
vn 0.97670000 -0.21450000 -0.00000000
vn 0.97670000 -0.21450000 -0.00000000
vn 0.99590000 0.09050000 -0.00000000
vn 0.99990000 -0.01010000 -0.00000000
vn 0.99990000 -0.01010000 -0.00000000
vn 0.95520000 0.29590000 -0.00000000
vn 0.98090000 0.19430000 -0.00000000
vn 0.98090000 0.19430000 0.00010000
vn 0.87710000 0.48040000 -0.00000000
vn 0.92080000 0.39010000 -0.00000000
vn 0.92080000 0.39010000 -0.00000000
vn 0.76370000 0.64560000 -0.00000000
vn 0.82450000 0.56580000 -0.00000000
vn 0.82460000 0.56570000 0.00010000
vn 0.61960000 0.78500000 -0.00030000
vn 0.69520000 0.71880000 -0.00000000
vn 0.69520000 0.71880000 -0.00000000
vn 0.45040000 0.89280000 -0.00010000
vn 0.53780000 0.84310000 -0.00000000
vn 0.53780000 0.84310000 -0.00000000
vn 0.25790000 0.96620000 -0.00000000
vn 0.35600000 0.93450000 -0.00000000
vn 0.35600000 0.93450000 -0.00000000
vn 0.05160000 0.99870000 -0.00000000
vn 0.15560000 0.98780000 -0.00000000
vn 0.15570000 0.98780000 0.00020000
vn -0.15350000 0.98810000 -0.00000000
vn -0.05120000 0.99870000 -0.00000000
vn -0.05120000 0.99870000 -0.00010000
vn -0.34730000 0.93780000 -0.00000000
vn -0.25160000 0.96780000 -0.00000000
vn -0.25160000 0.96780000 -0.00000000
vn -0.52730000 0.84970000 0.00010000
vn -0.43950000 0.89830000 -0.00000000
vn -0.43940000 0.89830000 -0.00000000
vn -0.68600000 0.72760000 -0.00000000
vn -0.60970000 0.79260000 -0.00000000
vn -0.60970000 0.79260000 -0.00000000
vn -0.81720000 0.57630000 -0.00000000
vn -0.75540000 0.65520000 -0.00000000
vn -0.75550000 0.65520000 -0.00000000
vn -0.91660000 0.39980000 0.00010000
vn -0.87140000 0.49060000 -0.00000000
vn -0.87140000 0.49070000 0.00010000
vn -0.97900000 0.20370000 -0.00000000
vn -0.95290000 0.30340000 -0.00000000
vn -0.95290000 0.30340000 -0.00000000
vn -1.00000000 -0.00000000 -0.00000000
vn -0.99470000 0.10240000 -0.00000000
vn -0.99470000 0.10240000 -0.00000000
vn -0.97750000 -0.21080000 -0.00000000
vn -0.99440000 -0.10600000 -0.00000000
vn -0.99440000 -0.10600000 -0.00000000
vn -0.91430000 -0.40500000 -0.00000000
vn -0.95090000 -0.30950000 -0.00000000
vn -0.95090000 -0.30950000 -0.00000000
vn -0.81300000 -0.58230000 -0.00000000
vn -0.86820000 -0.49620000 -0.00000000
vn -0.86820000 -0.49620000 -0.00000000
vn -0.68300000 -0.73040000 -0.00000000
vn -0.75170000 -0.65960000 -0.00000000
vn -0.75170000 -0.65950000 -0.00000000
vn -0.52980000 -0.84810000 -0.00000000
vn -0.60920000 -0.79300000 -0.00000000
vn -0.60920000 -0.79300000 -0.00000000
vn -0.52980000 -0.84810000 -0.00000000
vn -0.64990000 -0.76000000 -0.00000000
vn -0.75570000 -0.65500000 -0.00000000
vn -0.84460000 -0.53540000 -0.00000000
vn -0.91480000 -0.40390000 -0.00000000
vn -0.96470000 -0.26350000 -0.00000000
vn -0.99310000 -0.11710000 -0.00000000
vn -0.99950000 0.03180000 -0.00000000
vn -0.98370000 0.18000000 -0.00000000
vn -0.94600000 0.32420000 -0.00000000
vn -0.88730000 0.46120000 -0.00000000
vn -0.80890000 0.58790000 -0.00000000
vn -0.71260000 0.70160000 -0.00000000
vn -0.60030000 0.79980000 -0.00000000
vn -0.47480000 0.88010000 -0.00000000
vn -0.33870000 0.94090000 -0.00000000
vn -0.19510000 0.98080000 -0.00000000
vn -0.04720000 0.99890000 -0.00000000
vn 0.10180000 0.99480000 -0.00000000
vn 0.24860000 0.96860000 -0.00000000
vn 0.38970000 0.92090000 -0.00000000
vn 0.52230000 0.85280000 -0.00000000
vn 0.64330000 0.76570000 -0.00000000
vn 0.74990000 0.66150000 -0.00000000
vn 0.83990000 0.54270000 -0.00000000
vn 0.91120000 0.41190000 -0.00000000
vn 0.96230000 0.27190000 -0.00000000
vn 0.99200000 0.12580000 -0.00000000
vn 0.99970000 -0.02300000 -0.00000000
vn 0.98520000 -0.17130000 -0.00000000
vn -0.68300000 -0.73040000 -0.00000000
vn -0.60920000 -0.79300000 -0.00000000
vn -0.81300000 -0.58230000 -0.00000000
vn -0.75160000 -0.65960000 -0.00000000
vn -0.91430000 -0.40500000 -0.00000000
vn -0.86820000 -0.49620000 -0.00000000
vn -0.97750000 -0.21080000 -0.00000000
vn -0.95090000 -0.30950000 -0.00000000
vn -1.00000000 -0.00000000 -0.00000000
vn -0.99440000 -0.10600000 -0.00000000
vn -0.97900000 0.20370000 -0.00000000
vn -0.99470000 0.10230000 -0.00000000
vn -0.91660000 0.39990000 -0.00000000
vn -0.95290000 0.30340000 -0.00000000
vn -0.81730000 0.57630000 -0.00000000
vn -0.87140000 0.49070000 -0.00010000
vn -0.68600000 0.72760000 -0.00000000
vn -0.75540000 0.65520000 -0.00000000
vn -0.52720000 0.84970000 -0.00000000
vn -0.60970000 0.79270000 -0.00000000
vn -0.34730000 0.93780000 -0.00000000
vn -0.43940000 0.89830000 -0.00000000
vn -0.15350000 0.98810000 -0.00000000
vn -0.25160000 0.96780000 -0.00000000
vn 0.05160000 0.99870000 -0.00000000
vn -0.05120000 0.99870000 0.00010000
vn 0.25790000 0.96620000 -0.00000000
vn 0.15560000 0.98780000 -0.00000000
vn 0.45030000 0.89290000 -0.00000000
vn 0.35610000 0.93440000 -0.00000000
vn 0.61960000 0.78500000 0.00030000
vn 0.53780000 0.84310000 -0.00000000
vn 0.76370000 0.64560000 -0.00000000
vn 0.69520000 0.71880000 -0.00000000
vn 0.87710000 0.48040000 -0.00000000
vn 0.82460000 0.56570000 -0.00010000
vn 0.95520000 0.29590000 -0.00000000
vn 0.92080000 0.39010000 -0.00000000
vn 0.99590000 0.09050000 -0.00000000
vn 0.98090000 0.19430000 -0.00000000
vn 0.99390000 -0.11060000 -0.00000000
vn 0.99990000 -0.01010000 -0.00000000
vn 0.97670000 -0.21460000 -0.00010000
vn 1.00000000 -0.00000000 -0.00000000
vn 1.00000000 -0.00000000 -0.00000000
vn 1.00000000 -0.00000000 -0.00000000
vn 1.00000000 -0.00000000 -0.00000000
vn 1.00000000 -0.00000000 -0.00000000
vn 1.00000000 -0.00000000 -0.00000000
vn 1.00000000 -0.00000000 -0.00000000
vn 1.00000000 -0.00000000 -0.00000000
vn 1.00000000 -0.00000000 -0.00000000
vn -0.00000000 1.00000000 -0.00000000
vn -0.00000000 1.00000000 -0.00000000
vn -0.00000000 1.00000000 -0.00000000
vn -0.00000000 1.00000000 -0.00000000
vn -0.00000000 1.00000000 -0.00000000
vn -0.00000000 1.00000000 -0.00000000
vn -0.00000000 1.00000000 -0.00000000
vn -0.00000000 1.00000000 -0.00000000
vn -0.00000000 1.00000000 -0.00000000
vn -0.00000000 1.00000000 -0.00000000
vn -0.00000000 1.00000000 -0.00000000
vn -0.00000000 1.00000000 -0.00000000
vn -0.00000000 1.00000000 -0.00000000
vn -0.00000000 1.00000000 -0.00000000
vn -0.00000000 1.00000000 -0.00000000
vn -0.00000000 1.00000000 -0.00000000
vn -0.00000000 1.00000000 -0.00000000
vn -0.00000000 1.00000000 -0.00000000
vn -0.00000000 1.00000000 -0.00000000
vn -0.00000000 1.00000000 -0.00000000
vn -0.00000000 1.00000000 -0.00000000
vn -0.00000000 1.00000000 -0.00000000
vn -0.00000000 1.00000000 -0.00000000
vn -0.00000000 1.00000000 -0.00000000
vn -0.00000000 1.00000000 -0.00000000
vn -0.00000000 1.00000000 -0.00000000
vn -0.00000000 1.00000000 -0.00000000
vn -0.00000000 1.00000000 -0.00000000
vn -0.00000000 1.00000000 -0.00000000
vn -0.00000000 1.00000000 -0.00000000
vn -0.00000000 1.00000000 -0.00000000
vn -0.00000000 1.00000000 -0.00000000
vn -0.00000000 1.00000000 -0.00000000
vn -0.00000000 1.00000000 -0.00000000
vn -0.00000000 1.00000000 -0.00000000
vn -0.00000000 1.00000000 -0.00000000
vn -0.00000000 1.00000000 -0.00000000
vn -0.00000000 1.00000000 -0.00000000
vn -0.00000000 1.00000000 -0.00000000
vn -0.00000000 1.00000000 -0.00000000
vn -0.00000000 1.00000000 -0.00000000
vn -0.00000000 1.00000000 -0.00000000
vn -0.00000000 1.00000000 -0.00000000
vn -0.00000000 1.00000000 -0.00000000
vn -0.00000000 1.00000000 -0.00000000
vn -0.00000000 1.00000000 -0.00000000
vn -0.00000000 1.00000000 -0.00000000
vn -0.00000000 1.00000000 -0.00000000
vn -0.00000000 1.00000000 -0.00000000
vn -0.00000000 1.00000000 -0.00000000
vn -0.00000000 1.00000000 -0.00000000
vn -0.00000000 1.00000000 -0.00000000
vn -0.00000000 1.00000000 -0.00000000
vn -0.00000000 1.00000000 -0.00000000
vn -0.00000000 1.00000000 -0.00000000
vn -0.00000000 1.00000000 -0.00000000
vn -0.00000000 1.00000000 -0.00000000
vn -0.00000000 1.00000000 -0.00000000
vn -0.00000000 1.00000000 -0.00000000
vn -0.00000000 1.00000000 -0.00000000
vn -0.00000000 1.00000000 -0.00000000
vn -0.00000000 1.00000000 -0.00000000
vn -0.00000000 1.00000000 -0.00000000
vn -0.00000000 1.00000000 -0.00000000
vn -0.00000000 1.00000000 -0.00000000
vn -0.00000000 1.00000000 -0.00000000
vn -0.00000000 1.00000000 -0.00000000
vn -0.00000000 1.00000000 -0.00000000
vn -0.00000000 1.00000000 -0.00000000
vn -0.00000000 1.00000000 -0.00000000
vn -0.00000000 1.00000000 -0.00000000
vn -0.00000000 1.00000000 -0.00000000
vn -0.00000000 1.00000000 -0.00000000
vn -0.00000000 1.00000000 -0.00000000
vn -0.00000000 1.00000000 -0.00000000
vn -0.00000000 1.00000000 -0.00000000
vn -0.00000000 1.00000000 -0.00000000
vn -0.00000000 1.00000000 -0.00000000
vn -0.00000000 1.00000000 -0.00000000
vn -0.00000000 1.00000000 -0.00000000
vn -0.00000000 1.00000000 -0.00000000
vn -0.00000000 1.00000000 -0.00000000
vn -0.00000000 1.00000000 -0.00000000
vn -0.00000000 1.00000000 -0.00000000
vn -0.00000000 1.00000000 -0.00000000
vn -0.00000000 1.00000000 -0.00000000
vn -0.00000000 1.00000000 -0.00000000
vn -0.00000000 1.00000000 -0.00000000
vn -0.00000000 1.00000000 -0.00000000
vn -0.00000000 1.00000000 -0.00000000
vn -0.00000000 1.00000000 -0.00000000
vn -0.00000000 1.00000000 -0.00000000
vn -0.00000000 1.00000000 -0.00000000
vn -0.00000000 1.00000000 -0.00000000
vn -0.00000000 1.00000000 -0.00000000
vn -0.00000000 1.00000000 -0.00000000
vn -0.00000000 1.00000000 -0.00000000
vn -0.00000000 1.00000000 -0.00000000
vn -0.00000000 1.00000000 -0.00000000
vn -0.00000000 1.00000000 -0.00000000
vn -0.00000000 1.00000000 -0.00000000
vn -0.00000000 1.00000000 -0.00000000
vn -0.00000000 1.00000000 -0.00000000
vn -0.00000000 1.00000000 -0.00000000
vn -0.00000000 1.00000000 -0.00000000
vn -0.00000000 1.00000000 -0.00000000
vn -0.00000000 1.00000000 -0.00000000
vn -0.00000000 1.00000000 -0.00000000
vn -0.00000000 1.00000000 -0.00000000
vn -0.00000000 1.00000000 -0.00000000
vn -0.00000000 1.00000000 -0.00000000
vn -0.00000000 1.00000000 -0.00000000
vn -0.00000000 1.00000000 -0.00000000
vn -0.00000000 1.00000000 -0.00000000
vn -0.00000000 1.00000000 -0.00000000
vn -0.00000000 1.00000000 -0.00000000
vn -0.00000000 1.00000000 -0.00000000
vn -0.00000000 1.00000000 -0.00000000
vn -0.00000000 1.00000000 -0.00000000
vn -0.00000000 1.00000000 -0.00000000
vn -0.00000000 1.00000000 -0.00000000
vn -0.00000000 1.00000000 -0.00000000
vn -0.00000000 1.00000000 -0.00000000
vn -0.00000000 1.00000000 -0.00000000
vn -0.00000000 1.00000000 -0.00000000
vn -0.00000000 1.00000000 -0.00000000
vn -0.00000000 1.00000000 -0.00000000
vn -0.00000000 1.00000000 -0.00000000
vn -0.00000000 1.00000000 -0.00000000
vn -0.00000000 1.00000000 -0.00000000
vn -0.00000000 1.00000000 -0.00000000
vn -0.00000000 1.00000000 -0.00000000
vn -0.00000000 1.00000000 -0.00000000
vn -0.00000000 1.00000000 -0.00000000
vn -0.00000000 1.00000000 -0.00000000
vn -0.00000000 1.00000000 -0.00000000
vn -0.00000000 1.00000000 -0.00000000
vn -0.00000000 1.00000000 -0.00000000
vn -0.00000000 1.00000000 -0.00000000
vn -0.00000000 1.00000000 -0.00000000
vn -0.00000000 1.00000000 -0.00000000
vn -0.00000000 1.00000000 -0.00000000
vn -0.00000000 1.00000000 -0.00000000
vn -0.00000000 1.00000000 -0.00000000
vn -0.00000000 1.00000000 -0.00000000
vn -0.00000000 1.00000000 -0.00000000
vn -0.00000000 1.00000000 -0.00000000
vn -0.00000000 1.00000000 -0.00000000
vn -0.00000000 1.00000000 -0.00000000
vn -0.00000000 1.00000000 -0.00000000
vn 0.94090000 0.33870000 -0.00000000
vn 0.94090000 0.33870000 -0.00000000
vn 0.94090000 0.33870000 -0.00000000
vn 0.94090000 0.33870000 -0.00000000
vn 0.94090000 0.33870000 -0.00000000
vn 0.94090000 0.33870000 -0.00000000
vn 0.94090000 0.33870000 -0.00000000
vn 0.94090000 0.33870000 -0.00000000
vn 0.94090000 0.33870000 -0.00000000
vn 0.94090000 0.33870000 -0.00000000
vn 0.94090000 0.33870000 -0.00000000
vn 0.94090000 0.33870000 -0.00000000
vn -0.00000000 -1.00000000 -0.00000000
vn -0.00000000 -1.00000000 -0.00000000
vn -0.00000000 -1.00000000 -0.00000000
vn -0.00000000 -1.00000000 -0.00000000
vn -0.00000000 -1.00000000 -0.00000000
vn -0.00000000 -1.00000000 -0.00000000
vn -0.00000000 -1.00000000 -0.00000000
vn -0.00000000 -1.00000000 -0.00000000
vn -0.00000000 -1.00000000 -0.00000000
vn -0.00000000 -1.00000000 -0.00000000
vn -0.00000000 -1.00000000 -0.00000000
vn -0.00000000 -1.00000000 -0.00000000
vn -0.00000000 -1.00000000 -0.00000000
vn -0.00000000 -1.00000000 -0.00000000
vn -0.00000000 -1.00000000 -0.00000000
vn -0.00000000 -1.00000000 -0.00000000
vn -0.00000000 -1.00000000 -0.00000000
vn -0.00000000 -1.00000000 -0.00000000
vn -0.00000000 -1.00000000 -0.00000000
vn -0.00000000 -1.00000000 -0.00000000
vn -0.00000000 -1.00000000 -0.00000000
vn -0.00000000 -1.00000000 -0.00000000
vn -0.00000000 -1.00000000 -0.00000000
vn -0.00000000 -1.00000000 -0.00000000
vn -0.00000000 -1.00000000 -0.00000000
vn -0.00000000 -1.00000000 -0.00000000
vn -0.00000000 -1.00000000 -0.00000000
vn -0.00000000 -1.00000000 -0.00000000
vn -0.00000000 -1.00000000 -0.00000000
vn -0.00000000 -1.00000000 -0.00000000
vn -0.00000000 -1.00000000 -0.00000000
vn -0.00000000 -1.00000000 -0.00000000
vn -0.00000000 -1.00000000 -0.00000000
vn -0.00000000 -1.00000000 -0.00000000
vn -0.00000000 -1.00000000 -0.00000000
vn -0.00000000 -1.00000000 -0.00000000
vn -0.00000000 -1.00000000 -0.00000000
vn -0.00000000 -1.00000000 -0.00000000
vn -0.00000000 -1.00000000 -0.00000000
vn -0.00000000 -1.00000000 -0.00000000
vn -0.00000000 -1.00000000 -0.00000000
vn -0.00000000 -1.00000000 -0.00000000
vn -0.00000000 -1.00000000 -0.00000000
vn -0.00000000 -1.00000000 -0.00000000
vn -0.00000000 -1.00000000 -0.00000000
vn -0.00000000 -1.00000000 -0.00000000
vn -0.00000000 -1.00000000 -0.00000000
vn -0.00000000 -1.00000000 -0.00000000
vn -0.00000000 -1.00000000 -0.00000000
vn -0.00000000 -1.00000000 -0.00000000
vn -0.00000000 -1.00000000 -0.00000000
vn -0.00000000 -1.00000000 -0.00000000
vn -0.00000000 -1.00000000 -0.00000000
vn -0.00000000 -1.00000000 -0.00000000
vn -0.00000000 -1.00000000 -0.00000000
vn -0.00000000 -1.00000000 -0.00000000
vn -0.00000000 -1.00000000 -0.00000000
vn -0.00000000 -1.00000000 -0.00000000
vn -0.00000000 -1.00000000 -0.00000000
vn -0.00000000 -1.00000000 -0.00000000
vn -0.00000000 -1.00000000 -0.00000000
vn -0.00000000 -1.00000000 -0.00000000
vn -0.00000000 -1.00000000 -0.00000000
vn -0.00000000 -1.00000000 -0.00000000
vn -0.00000000 -1.00000000 -0.00000000
vn -0.00000000 -1.00000000 -0.00000000
vn -0.00000000 -1.00000000 -0.00000000
vn -0.00000000 -1.00000000 -0.00000000
vn -0.00000000 -1.00000000 -0.00000000
vn -0.00000000 -1.00000000 -0.00000000
vn -0.00000000 -1.00000000 -0.00000000
vn -0.00000000 -1.00000000 -0.00000000
vn -0.00000000 -1.00000000 -0.00000000
vn -0.00000000 -1.00000000 -0.00000000
vn -0.00000000 -1.00000000 -0.00000000
vn -0.00000000 -1.00000000 -0.00000000
vn -0.00000000 -1.00000000 -0.00000000
vn -0.00000000 -1.00000000 -0.00000000
vn -0.00000000 -1.00000000 -0.00000000
vn -0.00000000 -1.00000000 -0.00000000
vn -0.00000000 -1.00000000 -0.00000000
vn -0.00000000 -1.00000000 -0.00000000
vn -0.00000000 -1.00000000 -0.00000000
vn -0.00000000 -1.00000000 -0.00000000
vn -0.00000000 -1.00000000 -0.00000000
vn -0.00000000 -1.00000000 -0.00000000
vn -0.00000000 -1.00000000 -0.00000000
vn -0.00000000 -1.00000000 -0.00000000
vn -0.00000000 -1.00000000 -0.00000000
vn -0.00000000 -1.00000000 -0.00000000
vn -0.00000000 -1.00000000 -0.00000000
vn -0.00000000 -1.00000000 -0.00000000
vn -0.00000000 -1.00000000 -0.00000000
vn -0.00000000 -1.00000000 -0.00000000
vn -0.00000000 -1.00000000 -0.00000000
vn -0.00000000 -1.00000000 -0.00000000
vn -0.00000000 -1.00000000 -0.00000000
vn -0.00000000 -1.00000000 -0.00000000
vn -0.00000000 -1.00000000 -0.00000000
vn -0.00000000 -1.00000000 -0.00000000
vn -0.00000000 -1.00000000 -0.00000000
vn -0.00000000 -1.00000000 -0.00000000
vn -0.00000000 -1.00000000 -0.00000000
vn -0.00000000 -1.00000000 -0.00000000
vn -0.00000000 -1.00000000 -0.00000000
vn -0.00000000 -1.00000000 -0.00000000
vn -0.00000000 -1.00000000 -0.00000000
vn -0.00000000 -1.00000000 -0.00000000
vn -0.00000000 -1.00000000 -0.00000000
vn -0.00000000 -1.00000000 -0.00000000
vn -0.00000000 -1.00000000 -0.00000000
vn -0.00000000 -1.00000000 -0.00000000
vn -0.00000000 -1.00000000 -0.00000000
vn -0.00000000 -1.00000000 -0.00000000
vn -0.00000000 -1.00000000 -0.00000000
vn -0.00000000 -1.00000000 -0.00000000
vn -0.00000000 -1.00000000 -0.00000000
vn -0.00000000 -1.00000000 -0.00000000
vn -0.00000000 -1.00000000 -0.00000000
vn -0.00000000 -1.00000000 -0.00000000
vn -0.00000000 -1.00000000 -0.00000000
vn -0.00000000 -1.00000000 -0.00000000
vn -0.00000000 -1.00000000 -0.00000000
vn -0.00000000 -1.00000000 -0.00000000
vn -0.00000000 -1.00000000 -0.00000000
vn -0.00000000 -1.00000000 -0.00000000
vn -0.00000000 -1.00000000 -0.00000000
vn -0.00000000 -1.00000000 -0.00000000
vn -0.00000000 -1.00000000 -0.00000000
vn -0.00000000 -1.00000000 -0.00000000
vn -0.00000000 -1.00000000 -0.00000000
vn -0.00000000 -1.00000000 -0.00000000
vn -0.00000000 -1.00000000 -0.00000000
vn -0.00000000 -1.00000000 -0.00000000
vn -0.00000000 -1.00000000 -0.00000000
vn -0.00000000 -1.00000000 -0.00000000
vn -0.00000000 -1.00000000 -0.00000000
vn -0.00000000 -1.00000000 -0.00000000
vn -0.00000000 -1.00000000 -0.00000000
vn -0.00000000 -1.00000000 -0.00000000
vn -0.00000000 -1.00000000 -0.00000000
vn -0.00000000 -1.00000000 -0.00000000
vn -0.00000000 -1.00000000 -0.00000000
vn -0.00000000 -1.00000000 -0.00000000
vn -0.00000000 -1.00000000 -0.00000000
vn -0.00000000 -1.00000000 -0.00000000
vn -0.00000000 -1.00000000 -0.00000000
vn -0.00000000 -1.00000000 -0.00000000
vn -0.94880000 0.31590000 -0.00000000
vn -0.94880000 0.31590000 -0.00000000
vn -0.99050000 0.13760000 -0.00000000
vn -0.99870000 -0.05130000 -0.00000000
vn -0.97300000 -0.23100000 -0.00000000
vn -0.91620000 -0.40080000 -0.00000000
vn -0.83170000 -0.55520000 -0.00000000
vn -0.72310000 -0.69080000 -0.00000000
vn -0.59250000 -0.80550000 -0.00000000
vn -0.44410000 -0.89600000 -0.00000000
vn -0.28220000 -0.95940000 -0.00000000
vn -0.10360000 -0.99460000 -0.00000000
vn 0.07670000 -0.99710000 -0.00000000
vn 0.24810000 -0.96870000 -0.00000000
vn 0.41690000 -0.90900000 -0.00000000
vn 0.56470000 -0.82530000 -0.00000000
vn 0.69640000 -0.71770000 -0.00000000
vn 0.80790000 -0.58930000 -0.00000000
vn 0.89610000 -0.44390000 -0.00000000
vn 0.95830000 -0.28570000 -0.00000000
vn 0.95830000 -0.28570000 -0.00000000
vn 0.95830000 -0.28570000 -0.00000000
vn -0.94880000 0.31590000 -0.00000000
vn -0.94880000 0.31590000 -0.00000000
vn -0.94880000 0.31590000 -0.00000000
vn -0.94880000 0.31590000 -0.00000000
vn -0.98220000 0.18800000 -0.00000000
vn -0.99840000 0.05690000 -0.00000000
vn -0.99720000 -0.07520000 -0.00000000
vn -0.97860000 -0.20600000 -0.00000000
vn -0.94290000 -0.33320000 -0.00000000
vn -0.89070000 -0.45460000 -0.00000000
vn -0.82300000 -0.56810000 -0.00000000
vn -0.74090000 -0.67160000 -0.00000000
vn -0.64590000 -0.76340000 -0.00000000
vn -0.53960000 -0.84190000 -0.00000000
vn -0.42390000 -0.90570000 -0.00000000
vn -0.30080000 -0.95370000 -0.00000000
vn -0.17250000 -0.98500000 -0.00000000
vn -0.04110000 -0.99920000 -0.00000000
vn 0.09100000 -0.99590000 -0.00000000
vn 0.22140000 -0.97520000 -0.00000000
vn 0.34810000 -0.93750000 -0.00000000
vn 0.46860000 -0.88340000 -0.00000000
vn 0.58100000 -0.81390000 -0.00000000
vn 0.68320000 -0.73020000 -0.00000000
vn 0.77350000 -0.63380000 -0.00000000
vn 0.85030000 -0.52620000 -0.00000000
vn 0.91230000 -0.40950000 -0.00000000
vn -0.99050000 0.13760000 -0.00000000
vn -0.97370000 0.22770000 -0.00000000
vn -0.97370000 0.22760000 -0.00000000
vn -0.99870000 -0.05150000 -0.00000000
vn -0.99910000 0.04320000 -0.00000000
vn -0.99910000 0.04320000 -0.00000000
vn -0.97290000 -0.23140000 0.00010000
vn -0.98990000 -0.14200000 -0.00000000
vn -0.98990000 -0.14200000 -0.00000000
vn -0.91630000 -0.40060000 0.00030000
vn -0.94830000 -0.31730000 -0.00000000
vn -0.94830000 -0.31730000 -0.00000000
vn -0.83180000 -0.55510000 -0.00000000
vn -0.87740000 -0.47980000 -0.00000000
vn -0.87730000 -0.47990000 0.00020000
vn -0.72310000 -0.69080000 -0.00000000
vn -0.78040000 -0.62530000 -0.00000000
vn -0.78040000 -0.62530000 -0.00000000
vn -0.59250000 -0.80560000 -0.00000000
vn -0.66030000 -0.75100000 -0.00000000
vn -0.66030000 -0.75100000 -0.00000000
vn -0.44410000 -0.89600000 -0.00000000
vn -0.52030000 -0.85400000 -0.00000000
vn -0.52030000 -0.85400000 -0.00000000
vn -0.28220000 -0.95940000 -0.00000000
vn -0.36450000 -0.93120000 -0.00000000
vn -0.36450000 -0.93120000 -0.00000000
vn -0.10380000 -0.99460000 -0.00010000
vn -0.19380000 -0.98100000 -0.00000000
vn -0.19390000 -0.98100000 -0.00000000
vn 0.07680000 -0.99700000 -0.00000000
vn -0.01360000 -0.99990000 -0.00000000
vn -0.01350000 -0.99990000 0.00010000
vn 0.24800000 -0.96880000 -0.00000000
vn 0.16300000 -0.98660000 -0.00000000
vn 0.16300000 -0.98660000 -0.00000000
vn 0.41680000 -0.90900000 -0.00000000
vn 0.33380000 -0.94270000 -0.00000000
vn 0.33370000 -0.94270000 -0.00000000
vn 0.56480000 -0.82530000 -0.00000000
vn 0.49250000 -0.87030000 -0.00000000
vn 0.49260000 -0.87030000 -0.00000000
vn 0.69640000 -0.71770000 -0.00000000
vn 0.63290000 -0.77430000 -0.00000000
vn 0.63290000 -0.77430000 -0.00000000
vn 0.80790000 -0.58930000 -0.00000000
vn 0.75490000 -0.65590000 -0.00000000
vn 0.75490000 -0.65590000 0.00020000
vn 0.89600000 -0.44400000 -0.00000000
vn 0.85510000 -0.51850000 -0.00000000
vn 0.85510000 -0.51850000 -0.00000000
vn 0.95830000 -0.28570000 -0.00000000
vn 0.93060000 -0.36610000 -0.00000000
vn 0.93060000 -0.36610000 -0.00000000
vn 0.95830000 -0.28570000 -0.00000000
vn 0.91230000 -0.40950000 -0.00000000
vn 0.85030000 -0.52620000 -0.00000000
vn 0.77350000 -0.63380000 -0.00000000
vn 0.68320000 -0.73020000 -0.00000000
vn 0.58100000 -0.81390000 -0.00000000
vn 0.46860000 -0.88340000 -0.00000000
vn 0.34810000 -0.93750000 -0.00000000
vn 0.22150000 -0.97520000 -0.00000000
vn 0.09100000 -0.99590000 -0.00000000
vn -0.04110000 -0.99920000 -0.00000000
vn -0.17250000 -0.98500000 -0.00000000
vn -0.30080000 -0.95370000 -0.00000000
vn -0.42390000 -0.90570000 -0.00000000
vn -0.53960000 -0.84190000 -0.00000000
vn -0.64590000 -0.76340000 -0.00000000
vn -0.74090000 -0.67160000 -0.00000000
vn -0.82300000 -0.56810000 -0.00000000
vn -0.89070000 -0.45460000 -0.00000000
vn -0.94290000 -0.33320000 -0.00000000
vn -0.97860000 -0.20600000 -0.00000000
vn -0.99720000 -0.07520000 -0.00000000
vn -0.99840000 0.05690000 -0.00000000
vn -0.98220000 0.18800000 -0.00000000
vn 0.89610000 -0.44390000 -0.00000000
vn 0.93060000 -0.36610000 -0.00000000
vn 0.80800000 -0.58920000 -0.00040000
vn 0.85510000 -0.51850000 -0.00000000
vn 0.69640000 -0.71770000 -0.00000000
vn 0.75490000 -0.65590000 0.00030000
vn 0.56480000 -0.82530000 -0.00000000
vn 0.63290000 -0.77430000 -0.00040000
vn 0.41680000 -0.90900000 -0.00000000
vn 0.49260000 -0.87030000 -0.00000000
vn 0.24800000 -0.96880000 -0.00000000
vn 0.33380000 -0.94270000 -0.00000000
vn 0.07680000 -0.99700000 -0.00000000
vn 0.16300000 -0.98660000 -0.00000000
vn -0.10380000 -0.99460000 0.00010000
vn -0.01350000 -0.99990000 -0.00010000
vn -0.28220000 -0.95940000 -0.00000000
vn -0.19390000 -0.98100000 -0.00000000
vn -0.44410000 -0.89600000 -0.00000000
vn -0.36450000 -0.93120000 -0.00000000
vn -0.59250000 -0.80550000 0.00010000
vn -0.52030000 -0.85400000 -0.00000000
vn -0.72310000 -0.69080000 -0.00000000
vn -0.66030000 -0.75100000 -0.00000000
vn -0.83180000 -0.55510000 -0.00000000
vn -0.78040000 -0.62520000 -0.00050000
vn -0.91620000 -0.40070000 -0.00010000
vn -0.87730000 -0.47990000 -0.00020000
vn -0.97290000 -0.23140000 -0.00010000
vn -0.94830000 -0.31730000 -0.00000000
vn -0.99870000 -0.05130000 -0.00000000
vn -0.98990000 -0.14200000 -0.00000000
vn -0.99050000 0.13750000 -0.00000000
vn -0.99910000 0.04330000 -0.00000000
vn -0.97370000 0.22770000 -0.00000000
vn -0.94090000 -0.33870000 -0.00000000
vn -0.94090000 -0.33870000 -0.00000000
vn -0.94090000 -0.33870000 -0.00000000
vn -0.94090000 -0.33870000 -0.00000000
vn -0.94090000 -0.33870000 -0.00000000
vn -0.94090000 -0.33870000 -0.00000000
vn -0.94090000 -0.33870000 -0.00000000
vn -0.94090000 -0.33870000 -0.00000000
vn -0.94090000 -0.33870000 -0.00000000
vn -0.94090000 -0.33870000 -0.00000000
vn -0.94090000 -0.33870000 -0.00000000
vn -0.94090000 -0.33870000 -0.00000000
vn -0.94090000 -0.33870000 -0.00000000
vn -0.94090000 -0.33870000 -0.00000000
vn -0.94090000 -0.33870000 -0.00000000
vn -0.94090000 -0.33870000 -0.00000000
vn -0.94090000 -0.33870000 -0.00000000
vn -0.94090000 -0.33870000 -0.00000000
vn -0.94090000 -0.33870000 -0.00000000
vn -0.94090000 -0.33870000 -0.00000000
vn -0.94090000 -0.33870000 -0.00000000
vn -0.94090000 -0.33870000 -0.00000000
vn -0.00000000 -1.00000000 -0.00000000
vn -0.00000000 -1.00000000 -0.00000000
vn 0.33180000 -0.94340000 -0.00000000
vn 0.33180000 -0.94340000 -0.00000000
vn 0.60900000 -0.79320000 -0.00000000
vn 0.60900000 -0.79320000 -0.00000000
vn 0.82370000 -0.56700000 -0.00000000
vn 0.82370000 -0.56700000 -0.00000000
vn 0.95830000 -0.28570000 -0.00000000
vn 0.95830000 -0.28570000 -0.00000000
vn -0.00000000 -1.00000000 -0.00000000
vn -0.00000000 -1.00000000 -0.00000000
vn -0.00000000 -1.00000000 -0.00000000
vn -0.00000000 -1.00000000 -0.00000000
vn -0.00000000 -1.00000000 -0.00000000
vn -0.00000000 -1.00000000 -0.00000000
vn 0.95830000 -0.28570000 -0.00000000
vn 0.95830000 -0.28570000 -0.00000000
vn 0.95830000 -0.28570000 -0.00000000
vn 0.25340000 -0.96740000 -0.00000000
vn 0.49030000 -0.87160000 -0.00000000
vn 0.69510000 -0.71890000 -0.00000000
vn 0.85460000 -0.51920000 -0.00000000
vn 0.33180000 -0.94330000 -0.00000000
vn 0.16830000 -0.98570000 -0.00000000
vn 0.16820000 -0.98570000 -0.00000000
vn 0.60910000 -0.79310000 -0.00000000
vn 0.47640000 -0.87920000 -0.00000000
vn 0.47640000 -0.87920000 -0.00000000
vn 0.82370000 -0.56700000 0.00010000
vn 0.72530000 -0.68850000 -0.00000000
vn 0.72530000 -0.68840000 -0.00000000
vn 0.90210000 -0.43160000 -0.00000000
vn 0.90200000 -0.43160000 -0.00000000
vn 0.85460000 -0.51920000 -0.00000000
vn 0.69510000 -0.71890000 -0.00000000
vn 0.49030000 -0.87160000 -0.00000000
vn 0.25340000 -0.96740000 -0.00000000
vn 0.82370000 -0.56700000 -0.00010000
vn 0.90210000 -0.43160000 -0.00000000
vn 0.90200000 -0.43160000 -0.00000000
vn 0.60910000 -0.79310000 -0.00000000
vn 0.72530000 -0.68850000 -0.00000000
vn 0.72530000 -0.68840000 -0.00000000
vn 0.33180000 -0.94330000 -0.00000000
vn 0.47640000 -0.87920000 -0.00000000
vn 0.47640000 -0.87920000 -0.00000000
vn 0.16830000 -0.98570000 -0.00000000
vn 0.16820000 -0.98570000 -0.00000000
vn -0.00000000 1.00000000 -0.00000000
vn -0.00000000 1.00000000 -0.00000000
vn 0.31880000 0.94780000 -0.00000000
vn 0.31880000 0.94780000 -0.00000000
vn 0.58690000 0.80970000 -0.00000000
vn 0.58690000 0.80970000 -0.00000000
vn 0.79930000 0.60090000 -0.00000000
vn 0.79930000 0.60090000 -0.00000000
vn 0.94090000 0.33880000 -0.00000000
vn -0.00000000 1.00000000 -0.00000000
vn -0.00000000 1.00000000 -0.00000000
vn -0.00000000 1.00000000 -0.00000000
vn -0.00000000 1.00000000 -0.00000000
vn -0.00000000 1.00000000 -0.00000000
vn -0.00000000 1.00000000 -0.00000000
vn 0.94090000 0.33880000 -0.00000000
vn 0.94090000 0.33870000 -0.00000000
vn 0.94090000 0.33870000 -0.00000000
vn 0.94090000 0.33870000 -0.00000000
vn 0.83060000 0.55690000 -0.00000000
vn 0.67070000 0.74170000 -0.00000000
vn 0.47070000 0.88230000 -0.00000000
vn 0.24260000 0.97010000 -0.00000000
vn 0.79940000 0.60080000 -0.00000000
vn 0.87990000 0.47510000 -0.00000000
vn 0.87990000 0.47510000 -0.00000000
vn 0.58690000 0.80970000 -0.00000000
vn 0.70090000 0.71320000 -0.00000000
vn 0.70090000 0.71320000 -0.00000000
vn 0.31880000 0.94780000 -0.00000000
vn 0.45810000 0.88890000 -0.00000000
vn 0.45810000 0.88890000 -0.00000000
vn 0.16150000 0.98690000 -0.00000000
vn 0.16150000 0.98690000 -0.00000000
vn 0.24260000 0.97010000 -0.00000000
vn 0.47070000 0.88230000 -0.00000000
vn 0.67070000 0.74170000 -0.00000000
vn 0.83060000 0.55690000 -0.00000000
vn 0.31880000 0.94780000 -0.00000000
vn 0.16150000 0.98690000 -0.00000000
vn 0.16150000 0.98690000 -0.00000000
vn 0.58680000 0.80970000 -0.00000000
vn 0.45810000 0.88890000 -0.00000000
vn 0.45810000 0.88890000 -0.00000000
vn 0.79930000 0.60090000 -0.00000000
vn 0.70090000 0.71320000 -0.00000000
vn 0.70090000 0.71320000 -0.00000000
vn 0.87990000 0.47510000 -0.00000000
vn 0.88000000 0.47500000 0.00010000
vn 0.94090000 0.33870000 -0.00000000
vn 0.99990000 0.01270000 -0.00000000
vn 0.99990000 0.01270000 -0.00000000
vn 0.94880000 -0.31590000 -0.00000000
vn 0.94880000 -0.31590000 -0.00000000
vn 0.94880000 -0.31590000 -0.00000000
vn 0.94880000 -0.31590000 -0.00000000
vn 0.94880000 -0.31590000 -0.00000000
vn 0.94090000 0.33870000 -0.00000000
vn 0.94090000 0.33870000 -0.00000000
vn 0.94090000 0.33870000 -0.00000000
vn 0.99510000 -0.09890000 -0.00000000
vn 0.99240000 0.12290000 -0.00000000
vn 0.99990000 0.01280000 -0.00000000
vn 0.98810000 -0.15370000 -0.00000000
vn 0.98810000 -0.15370000 -0.00010000
vn 0.98400000 0.17820000 -0.00000000
vn 0.98400000 0.17820000 -0.00000000
vn 0.94090000 0.33870000 -0.00000000
vn 0.99240000 0.12290000 -0.00000000
vn 0.99510000 -0.09890000 -0.00000000
vn 0.99990000 0.01290000 -0.00000000
vn 0.98400000 0.17820000 -0.00000000
vn 0.98400000 0.17820000 -0.00000000
vn 0.98810000 -0.15370000 -0.00000000
vn 0.98810000 -0.15360000 -0.00000000
vn -0.52980000 -0.84810000 -0.00000000
vn -0.52980000 -0.84810000 -0.00000000
vn -0.77760000 -0.62870000 -0.00000000
vn -0.77760000 -0.62870000 -0.00000000
vn -0.94090000 -0.33880000 -0.00000000
vn -0.94090000 -0.33880000 -0.00000000
vn -0.52980000 -0.84810000 -0.00000000
vn -0.52980000 -0.84810000 -0.00000000
vn -0.52980000 -0.84810000 -0.00000000
vn -0.94090000 -0.33870000 -0.00000000
vn -0.94090000 -0.33870000 -0.00000000
vn -0.94090000 -0.33870000 -0.00000000
vn -0.84300000 -0.53780000 -0.00000000
vn -0.70370000 -0.71050000 -0.00000000
vn -0.77740000 -0.62900000 -0.00000000
vn -0.87130000 -0.49070000 -0.00000000
vn -0.87140000 -0.49060000 -0.00010000
vn -0.66270000 -0.74890000 -0.00000000
vn -0.66270000 -0.74890000 -0.00000000
vn -0.70370000 -0.71050000 -0.00000000
vn -0.84310000 -0.53780000 -0.00000000
vn -0.77740000 -0.62900000 -0.00000000
vn -0.66270000 -0.74890000 -0.00000000
vn -0.66270000 -0.74890000 -0.00000000
vn -0.87130000 -0.49070000 -0.00000000
vn -0.87130000 -0.49070000 -0.00000000
vn -0.94880000 0.31590000 -0.00000000
vn -0.94880000 0.31590000 -0.00000000
vn -0.99990000 -0.01300000 -0.00000000
vn -0.99990000 -0.01300000 -0.00000000
vn -0.94880000 0.31590000 -0.00000000
vn -0.94880000 0.31590000 -0.00000000
vn -0.94880000 0.31590000 -0.00000000
vn -0.94880000 0.31590000 -0.00000000
vn -0.94090000 -0.33870000 -0.00000000
vn -0.94090000 -0.33870000 -0.00000000
vn -0.94090000 -0.33870000 -0.00000000
vn -0.94090000 -0.33870000 -0.00000000
vn -0.94090000 -0.33870000 -0.00000000
vn -0.99510000 0.09890000 -0.00000000
vn -0.99240000 -0.12290000 -0.00000000
vn -0.99990000 -0.01340000 -0.00000000
vn -0.98820000 0.15340000 -0.00000000
vn -0.98820000 0.15340000 -0.00000000
vn -0.98390000 -0.17850000 -0.00000000
vn -0.98390000 -0.17850000 -0.00010000
vn -0.94090000 -0.33870000 -0.00000000
vn -0.99240000 -0.12290000 -0.00000000
vn -0.99510000 0.09890000 -0.00000000
vn -0.99990000 -0.01330000 0.00010000
vn -0.98390000 -0.17850000 -0.00000000
vn -0.98390000 -0.17850000 -0.00000000
vn -0.98820000 0.15340000 -0.00000000
vn -0.98820000 0.15350000 0.00010000
vn 1.00000000 -0.00000000 -0.00000000
vn 1.00000000 -0.00000000 -0.00000000
vn -1.00000000 -0.00000000 -0.00000000
vn 1.00000000 -0.00000000 -0.00000000
vn 1.00000000 -0.00000000 -0.00000000
vn 0.97820000 0.20790000 -0.00000000
vn 0.91350000 0.40670000 -0.00000000
vn 0.80900000 0.58780000 -0.00000000
vn 0.66920000 0.74310000 0.00010000
vn 0.50000000 0.86600000 -0.00000000
vn 0.30900000 0.95100000 -0.00000000
vn 0.10450000 0.99450000 -0.00000000
vn -0.10450000 0.99450000 -0.00000000
vn -0.30900000 0.95110000 -0.00000000
vn -0.50000000 0.86600000 -0.00000000
vn -0.66910000 0.74310000 -0.00000000
vn -0.80900000 0.58780000 -0.00000000
vn -0.91350000 0.40670000 -0.00000000
vn -0.97810000 0.20790000 -0.00000000
vn -0.97810000 -0.20790000 -0.00000000
vn -0.91350000 -0.40670000 -0.00000000
vn -0.80900000 -0.58780000 -0.00000000
vn -0.66920000 -0.74310000 -0.00000000
vn -0.50000000 -0.86600000 -0.00000000
vn -0.30900000 -0.95110000 -0.00000000
vn -0.10450000 -0.99450000 -0.00000000
vn 0.10450000 -0.99450000 -0.00000000
vn 0.30900000 -0.95100000 -0.00000000
vn 0.50000000 -0.86600000 -0.00000000
vn 0.66920000 -0.74310000 0.00010000
vn 0.80900000 -0.58780000 -0.00000000
vn 0.91350000 -0.40670000 -0.00000000
vn 0.97820000 -0.20790000 -0.00000000
vn 0.94580000 -0.32470000 -0.00000000
vn 0.78910000 -0.61420000 -0.00000000
vn 0.54690000 -0.83720000 -0.00000000
vn 0.24550000 -0.96940000 -0.00000000
vn -0.08260000 -0.99660000 -0.00000000
vn -0.40170000 -0.91580000 -0.00000000
vn -0.67730000 -0.73570000 -0.00000000
vn -0.87950000 -0.47590000 -0.00000000
vn -0.98640000 -0.16460000 -0.00000000
vn -0.98640000 0.16460000 -0.00000000
vn -0.87950000 0.47590000 -0.00000000
vn -0.67730000 0.73570000 -0.00000000
vn -0.40170000 0.91580000 -0.00000000
vn -0.08260000 0.99660000 -0.00000000
vn 0.24550000 0.96940000 -0.00000000
vn 0.54690000 0.83720000 -0.00000000
vn 0.78910000 0.61420000 -0.00000000
vn 0.94580000 0.32470000 -0.00000000
vn -0.00000000 -0.00000000 1.00000000
vn -0.00000000 -0.00000000 1.00000000
vn -0.00000000 -0.00000000 1.00000000
vn -0.00000000 -0.00000000 1.00000000
vn -0.00000000 -0.00000000 1.00000000
vn -0.00000000 -0.00000000 1.00000000
vn -0.00000000 -0.00000000 1.00000000
vn -0.00000000 -0.00000000 1.00000000
vn -0.00000000 -0.00000000 1.00000000
vn -0.00000000 -0.00000000 1.00000000
vn -0.00000000 -0.00000000 1.00000000
vn -0.00000000 -0.00000000 1.00000000
vn -0.00000000 -0.00000000 1.00000000
vn -0.00000000 -0.00000000 1.00000000
vn -0.00000000 -0.00000000 1.00000000
vn -0.00000000 -0.00000000 1.00000000
vn -0.00000000 -0.00000000 1.00000000
vn -0.00000000 -0.00000000 1.00000000
vn -0.00000000 -0.00000000 1.00000000
vn -0.00000000 -0.00000000 1.00000000
vn -0.00000000 -0.00000000 1.00000000
vn -0.00000000 -0.00000000 1.00000000
vn -0.00000000 -0.00000000 1.00000000
vn -0.00000000 -0.00000000 1.00000000
vn -0.00000000 -0.00000000 1.00000000
vn -0.00000000 -0.00000000 1.00000000
vn -0.00000000 -0.00000000 1.00000000
vn -0.00000000 -0.00000000 1.00000000
vn -0.00000000 -0.00000000 1.00000000
vn -0.00000000 -0.00000000 1.00000000
vn -0.00000000 -0.00000000 1.00000000
vn -0.00000000 -0.00000000 1.00000000
vn -0.00000000 -0.00000000 1.00000000
vn -0.00000000 -0.00000000 1.00000000
vn -0.00000000 -0.00000000 1.00000000
vn -0.00000000 -0.00000000 1.00000000
vn -0.00000000 -0.00000000 1.00000000
vn -0.00000000 -0.00000000 1.00000000
vn -0.00000000 -0.00000000 1.00000000
vn -0.00000000 -0.00000000 1.00000000
vn -0.00000000 -0.00000000 1.00000000
vn -0.00000000 -0.00000000 1.00000000
vn -0.00000000 -0.00000000 1.00000000
vn -0.00000000 -0.00000000 1.00000000
vn -0.00000000 -0.00000000 1.00000000
vn -0.00000000 -0.00000000 1.00000000
vn -0.00000000 -0.00000000 1.00000000
vn -0.00000000 -0.00000000 1.00000000
vn -0.00000000 -0.00000000 1.00000000
vn -0.00000000 -0.00000000 1.00000000
vn -0.00000000 -0.00000000 1.00000000
vn -0.00000000 -0.00000000 1.00000000
vn -0.00000000 -0.00000000 1.00000000
vn -0.00000000 -0.00000000 1.00000000
vn -0.00000000 -0.00000000 1.00000000
vn -0.00000000 -0.00000000 1.00000000
vn 1.00000000 -0.00000000 -0.00000000
vn 1.00000000 -0.00000000 -0.00000000
vn -1.00000000 -0.00000000 -0.00000000
vn 1.00000000 -0.00000000 -0.00000000
vn 1.00000000 -0.00000000 -0.00000000
vn 0.97820000 0.20790000 -0.00000000
vn 0.91350000 0.40670000 -0.00000000
vn 0.80900000 0.58780000 -0.00000000
vn 0.66920000 0.74310000 0.00010000
vn 0.50000000 0.86600000 -0.00000000
vn 0.30900000 0.95110000 -0.00000000
vn 0.10450000 0.99450000 -0.00000000
vn -0.10450000 0.99450000 -0.00000000
vn -0.30900000 0.95110000 -0.00000000
vn -0.50000000 0.86600000 -0.00000000
vn -0.66910000 0.74310000 -0.00000000
vn -0.80900000 0.58780000 -0.00000000
vn -0.91350000 0.40670000 -0.00000000
vn -0.97810000 0.20790000 -0.00000000
vn -0.97810000 -0.20790000 -0.00000000
vn -0.91350000 -0.40670000 -0.00000000
vn -0.80900000 -0.58780000 -0.00000000
vn -0.66910000 -0.74320000 -0.00000000
vn -0.50000000 -0.86600000 -0.00000000
vn -0.30900000 -0.95110000 -0.00000000
vn -0.10450000 -0.99450000 -0.00000000
vn 0.10450000 -0.99450000 -0.00000000
vn 0.30900000 -0.95110000 -0.00000000
vn 0.50000000 -0.86600000 -0.00000000
vn 0.66920000 -0.74310000 0.00010000
vn 0.80900000 -0.58780000 -0.00000000
vn 0.91350000 -0.40670000 -0.00000000
vn 0.97820000 -0.20790000 -0.00000000
vn 0.94580000 -0.32470000 -0.00000000
vn 0.78910000 -0.61420000 -0.00000000
vn 0.54690000 -0.83720000 -0.00000000
vn 0.24550000 -0.96940000 -0.00000000
vn -0.08260000 -0.99660000 -0.00000000
vn -0.40170000 -0.91580000 -0.00000000
vn -0.67730000 -0.73570000 -0.00000000
vn -0.87950000 -0.47590000 -0.00000000
vn -0.98640000 -0.16460000 -0.00000000
vn -0.98640000 0.16460000 -0.00000000
vn -0.87950000 0.47590000 -0.00000000
vn -0.67730000 0.73570000 -0.00000000
vn -0.40170000 0.91580000 -0.00000000
vn -0.08260000 0.99660000 -0.00000000
vn 0.24550000 0.96940000 -0.00000000
vn 0.54690000 0.83720000 -0.00000000
vn 0.78910000 0.61420000 -0.00000000
vn 0.94580000 0.32470000 -0.00000000
vn -0.00000000 -0.00000000 1.00000000
vn -0.00000000 -0.00000000 1.00000000
vn -0.00000000 -0.00000000 1.00000000
vn -0.00000000 -0.00000000 1.00000000
vn -0.00000000 -0.00000000 1.00000000
vn -0.00000000 -0.00000000 1.00000000
vn -0.00000000 -0.00000000 1.00000000
vn -0.00000000 -0.00000000 1.00000000
vn -0.00000000 -0.00000000 1.00000000
vn -0.00000000 -0.00000000 1.00000000
vn -0.00000000 -0.00000000 1.00000000
vn -0.00000000 -0.00000000 1.00000000
vn -0.00000000 -0.00000000 1.00000000
vn -0.00000000 -0.00000000 1.00000000
vn -0.00000000 -0.00000000 1.00000000
vn -0.00000000 -0.00000000 1.00000000
vn -0.00000000 -0.00000000 1.00000000
vn -0.00000000 -0.00000000 1.00000000
vn -0.00000000 -0.00000000 1.00000000
vn -0.00000000 -0.00000000 1.00000000
vn -0.00000000 -0.00000000 1.00000000
vn -0.00000000 -0.00000000 1.00000000
vn -0.00000000 -0.00000000 1.00000000
vn -0.00000000 -0.00000000 1.00000000
vn -0.00000000 -0.00000000 1.00000000
vn -0.00000000 -0.00000000 1.00000000
vn -0.00000000 -0.00000000 1.00000000
vn -0.00000000 -0.00000000 1.00000000
vn -0.00000000 -0.00000000 1.00000000
vn -0.00000000 -0.00000000 1.00000000
vn -0.00000000 -0.00000000 1.00000000
vn -0.00000000 -0.00000000 1.00000000
vn -0.00000000 -0.00000000 1.00000000
vn -0.00000000 -0.00000000 1.00000000
vn -0.00000000 -0.00000000 1.00000000
vn -0.00000000 -0.00000000 1.00000000
vn -0.00000000 -0.00000000 1.00000000
vn -0.00000000 -0.00000000 1.00000000
vn -0.00000000 -0.00000000 1.00000000
vn -0.00000000 -0.00000000 1.00000000
vn -0.00000000 -0.00000000 1.00000000
vn -0.00000000 -0.00000000 1.00000000
vn -0.00000000 -0.00000000 1.00000000
vn -0.00000000 -0.00000000 1.00000000
vn -0.00000000 -0.00000000 1.00000000
vn -0.00000000 -0.00000000 1.00000000
vn -0.00000000 -0.00000000 1.00000000
vn -0.00000000 -0.00000000 1.00000000
vn -0.00000000 -0.00000000 1.00000000
vn -0.00000000 -0.00000000 1.00000000
vn -0.00000000 -0.00000000 1.00000000
vn -0.00000000 -0.00000000 1.00000000
vn -0.00000000 -0.00000000 1.00000000
vn -0.00000000 -0.00000000 1.00000000
vn -0.00000000 -0.00000000 1.00000000
vn -0.00000000 -0.00000000 1.00000000
vn -1.00000000 -0.00000000 -0.00000000
vn -1.00000000 -0.00000000 -0.00000000
vn 1.00000000 -0.00000000 -0.00000000
vn -1.00000000 -0.00000000 -0.00000000
vn -1.00000000 -0.00000000 -0.00000000
vn -0.97820000 0.20790000 -0.00000000
vn -0.91350000 0.40670000 -0.00000000
vn -0.80900000 0.58780000 -0.00000000
vn -0.66920000 0.74310000 -0.00010000
vn -0.50000000 0.86600000 -0.00000000
vn -0.30900000 0.95110000 -0.00000000
vn -0.10450000 0.99450000 -0.00000000
vn 0.10450000 0.99450000 -0.00000000
vn 0.30900000 0.95110000 -0.00000000
vn 0.50000000 0.86600000 -0.00000000
vn 0.66910000 0.74310000 -0.00000000
vn 0.80900000 0.58780000 -0.00000000
vn 0.91350000 0.40670000 -0.00000000
vn 0.97810000 0.20790000 -0.00000000
vn 0.97810000 -0.20790000 -0.00000000
vn 0.91350000 -0.40670000 -0.00000000
vn 0.80900000 -0.58780000 -0.00000000
vn 0.66910000 -0.74320000 -0.00000000
vn 0.50000000 -0.86600000 -0.00000000
vn 0.30900000 -0.95110000 -0.00000000
vn 0.10450000 -0.99450000 -0.00000000
vn -0.10450000 -0.99450000 -0.00000000
vn -0.30900000 -0.95110000 -0.00000000
vn -0.50000000 -0.86600000 -0.00000000
vn -0.66920000 -0.74310000 -0.00010000
vn -0.80900000 -0.58780000 -0.00000000
vn -0.91350000 -0.40670000 -0.00000000
vn -0.97820000 -0.20790000 -0.00000000
vn -0.94580000 -0.32470000 -0.00000000
vn -0.78910000 -0.61420000 -0.00000000
vn -0.54690000 -0.83720000 -0.00000000
vn -0.24550000 -0.96940000 -0.00000000
vn 0.08260000 -0.99660000 -0.00000000
vn 0.40170000 -0.91580000 -0.00000000
vn 0.67730000 -0.73570000 -0.00000000
vn 0.87950000 -0.47590000 -0.00000000
vn 0.98640000 -0.16460000 -0.00000000
vn 0.98640000 0.16460000 -0.00000000
vn 0.87950000 0.47590000 -0.00000000
vn 0.67730000 0.73570000 -0.00000000
vn 0.40170000 0.91580000 -0.00000000
vn 0.08260000 0.99660000 -0.00000000
vn -0.24550000 0.96940000 -0.00000000
vn -0.54690000 0.83720000 -0.00000000
vn -0.78910000 0.61420000 -0.00000000
vn -0.94580000 0.32470000 -0.00000000
vn -0.00000000 -0.00000000 -1.00000000
vn -0.00000000 -0.00000000 -1.00000000
vn -0.00000000 -0.00000000 -1.00000000
vn -0.00000000 -0.00000000 -1.00000000
vn -0.00000000 -0.00000000 -1.00000000
vn -0.00000000 -0.00000000 -1.00000000
vn -0.00000000 -0.00000000 -1.00000000
vn -0.00000000 -0.00000000 -1.00000000
vn -0.00000000 -0.00000000 -1.00000000
vn -0.00000000 -0.00000000 -1.00000000
vn -0.00000000 -0.00000000 -1.00000000
vn -0.00000000 -0.00000000 -1.00000000
vn -0.00000000 -0.00000000 -1.00000000
vn -0.00000000 -0.00000000 -1.00000000
vn -0.00000000 -0.00000000 -1.00000000
vn -0.00000000 -0.00000000 -1.00000000
vn -0.00000000 -0.00000000 -1.00000000
vn -0.00000000 -0.00000000 -1.00000000
vn -0.00000000 -0.00000000 -1.00000000
vn -0.00000000 -0.00000000 -1.00000000
vn -0.00000000 -0.00000000 -1.00000000
vn -0.00000000 -0.00000000 -1.00000000
vn -0.00000000 -0.00000000 -1.00000000
vn -0.00000000 -0.00000000 -1.00000000
vn -0.00000000 -0.00000000 -1.00000000
vn -0.00000000 -0.00000000 -1.00000000
vn -0.00000000 -0.00000000 -1.00000000
vn -0.00000000 -0.00000000 -1.00000000
vn -0.00000000 -0.00000000 -1.00000000
vn -0.00000000 -0.00000000 -1.00000000
vn -0.00000000 -0.00000000 -1.00000000
vn -0.00000000 -0.00000000 -1.00000000
vn -0.00000000 -0.00000000 -1.00000000
vn -0.00000000 -0.00000000 -1.00000000
vn -0.00000000 -0.00000000 -1.00000000
vn -0.00000000 -0.00000000 -1.00000000
vn -0.00000000 -0.00000000 -1.00000000
vn -0.00000000 -0.00000000 -1.00000000
vn -0.00000000 -0.00000000 -1.00000000
vn -0.00000000 -0.00000000 -1.00000000
vn -0.00000000 -0.00000000 -1.00000000
vn -0.00000000 -0.00000000 -1.00000000
vn -0.00000000 -0.00000000 -1.00000000
vn -0.00000000 -0.00000000 -1.00000000
vn -0.00000000 -0.00000000 -1.00000000
vn -0.00000000 -0.00000000 -1.00000000
vn -0.00000000 -0.00000000 -1.00000000
vn -0.00000000 -0.00000000 -1.00000000
vn -0.00000000 -0.00000000 -1.00000000
vn -0.00000000 -0.00000000 -1.00000000
vn -0.00000000 -0.00000000 -1.00000000
vn -0.00000000 -0.00000000 -1.00000000
vn -0.00000000 -0.00000000 -1.00000000
vn -0.00000000 -0.00000000 -1.00000000
vn -0.00000000 -0.00000000 -1.00000000
vn -0.00000000 -0.00000000 -1.00000000
vn -1.00000000 -0.00000000 -0.00000000
vn -1.00000000 -0.00000000 -0.00000000
vn 1.00000000 -0.00000000 -0.00000000
vn -1.00000000 -0.00000000 -0.00000000
vn -1.00000000 -0.00000000 -0.00000000
vn -0.97820000 0.20790000 -0.00000000
vn -0.91350000 0.40670000 -0.00000000
vn -0.80900000 0.58780000 -0.00000000
vn -0.66920000 0.74310000 -0.00010000
vn -0.50000000 0.86600000 -0.00000000
vn -0.30900000 0.95100000 -0.00000000
vn -0.10450000 0.99450000 -0.00010000
vn 0.10450000 0.99450000 -0.00000000
vn 0.30900000 0.95110000 -0.00000000
vn 0.50000000 0.86600000 -0.00000000
vn 0.66910000 0.74310000 -0.00000000
vn 0.80900000 0.58780000 -0.00000000
vn 0.91350000 0.40670000 -0.00000000
vn 0.97810000 0.20790000 -0.00000000
vn 0.97810000 -0.20790000 -0.00000000
vn 0.91350000 -0.40670000 -0.00000000
vn 0.80900000 -0.58780000 -0.00000000
vn 0.66910000 -0.74310000 -0.00000000
vn 0.50000000 -0.86600000 -0.00000000
vn 0.30900000 -0.95110000 -0.00000000
vn 0.10450000 -0.99450000 -0.00000000
vn -0.10450000 -0.99450000 -0.00010000
vn -0.30900000 -0.95100000 -0.00000000
vn -0.50000000 -0.86600000 -0.00000000
vn -0.66920000 -0.74310000 -0.00010000
vn -0.80900000 -0.58780000 -0.00000000
vn -0.91350000 -0.40670000 -0.00000000
vn -0.97820000 -0.20790000 -0.00000000
vn -0.94580000 -0.32470000 -0.00000000
vn -0.78910000 -0.61420000 -0.00000000
vn -0.54690000 -0.83720000 -0.00000000
vn -0.24550000 -0.96940000 -0.00000000
vn 0.08260000 -0.99660000 -0.00000000
vn 0.40170000 -0.91580000 -0.00000000
vn 0.67730000 -0.73570000 -0.00000000
vn 0.87950000 -0.47590000 -0.00000000
vn 0.98640000 -0.16460000 -0.00000000
vn 0.98640000 0.16460000 -0.00000000
vn 0.87950000 0.47590000 -0.00000000
vn 0.67730000 0.73570000 -0.00000000
vn 0.40170000 0.91580000 -0.00000000
vn 0.08260000 0.99660000 -0.00000000
vn -0.24550000 0.96940000 -0.00000000
vn -0.54690000 0.83720000 -0.00000000
vn -0.78910000 0.61420000 -0.00000000
vn -0.94580000 0.32470000 -0.00000000
vn -0.00000000 -0.00000000 -1.00000000
vn -0.00000000 -0.00000000 -1.00000000
vn -0.00000000 -0.00000000 -1.00000000
vn -0.00000000 -0.00000000 -1.00000000
vn -0.00000000 -0.00000000 -1.00000000
vn -0.00000000 -0.00000000 -1.00000000
vn -0.00000000 -0.00000000 -1.00000000
vn -0.00000000 -0.00000000 -1.00000000
vn -0.00000000 -0.00000000 -1.00000000
vn -0.00000000 -0.00000000 -1.00000000
vn -0.00000000 -0.00000000 -1.00000000
vn -0.00000000 -0.00000000 -1.00000000
vn -0.00000000 -0.00000000 -1.00000000
vn -0.00000000 -0.00000000 -1.00000000
vn -0.00000000 -0.00000000 -1.00000000
vn -0.00000000 -0.00000000 -1.00000000
vn -0.00000000 -0.00000000 -1.00000000
vn -0.00000000 -0.00000000 -1.00000000
vn -0.00000000 -0.00000000 -1.00000000
vn -0.00000000 -0.00000000 -1.00000000
vn -0.00000000 -0.00000000 -1.00000000
vn -0.00000000 -0.00000000 -1.00000000
vn -0.00000000 -0.00000000 -1.00000000
vn -0.00000000 -0.00000000 -1.00000000
vn -0.00000000 -0.00000000 -1.00000000
vn -0.00000000 -0.00000000 -1.00000000
vn -0.00000000 -0.00000000 -1.00000000
vn -0.00000000 -0.00000000 -1.00000000
vn -0.00000000 -0.00000000 -1.00000000
vn -0.00000000 -0.00000000 -1.00000000
vn -0.00000000 -0.00000000 -1.00000000
vn -0.00000000 -0.00000000 -1.00000000
vn -0.00000000 -0.00000000 -1.00000000
vn -0.00000000 -0.00000000 -1.00000000
vn -0.00000000 -0.00000000 -1.00000000
vn -0.00000000 -0.00000000 -1.00000000
vn -0.00000000 -0.00000000 -1.00000000
vn -0.00000000 -0.00000000 -1.00000000
vn -0.00000000 -0.00000000 -1.00000000
vn -0.00000000 -0.00000000 -1.00000000
vn -0.00000000 -0.00000000 -1.00000000
vn -0.00000000 -0.00000000 -1.00000000
vn -0.00000000 -0.00000000 -1.00000000
vn -0.00000000 -0.00000000 -1.00000000
vn -0.00000000 -0.00000000 -1.00000000
vn -0.00000000 -0.00000000 -1.00000000
vn -0.00000000 -0.00000000 -1.00000000
vn -0.00000000 -0.00000000 -1.00000000
vn -0.00000000 -0.00000000 -1.00000000
vn -0.00000000 -0.00000000 -1.00000000
vn -0.00000000 -0.00000000 -1.00000000
vn -0.00000000 -0.00000000 -1.00000000
vn -0.00000000 -0.00000000 -1.00000000
vn -0.00000000 -0.00000000 -1.00000000
vn -0.00000000 -0.00000000 -1.00000000
vn -0.00000000 -0.00000000 -1.00000000
vn -0.00000000 0.70710000 0.70710000
vn -0.00000000 0.70710000 0.70710000
vn -0.00000000 0.70710000 0.70710000
vn -0.00000000 0.70710000 0.70710000
vn -0.00000000 0.70710000 0.70710000
vn -0.00000000 0.70710000 0.70710000
vn -0.00000000 0.70710000 0.70710000
vn -0.00000000 0.70710000 0.70710000
vn -0.00000000 0.70710000 0.70710000
vn -0.00000000 0.70710000 0.70710000
vn -0.00000000 0.70710000 0.70710000
vn -0.00000000 0.70710000 0.70710000
vn -0.00000000 0.70710000 0.70710000
vn -0.00000000 0.70710000 0.70710000
vn -0.00000000 0.70710000 0.70710000
vn -0.00000000 0.70710000 0.70710000
vn -0.00000000 0.70710000 0.70710000
vn -0.00000000 0.70710000 0.70710000
vn -0.00000000 0.70710000 0.70710000
vn -0.00000000 0.70710000 0.70710000
vn -0.00000000 0.70710000 0.70710000
vn -0.00000000 0.70710000 0.70710000
vn -0.00000000 0.70710000 0.70710000
vn -0.00000000 0.70710000 0.70710000
vn -0.00000000 0.70710000 0.70710000
vn -0.00000000 0.70710000 0.70710000
vn -0.00000000 0.70710000 0.70710000
vn -0.00000000 0.70710000 0.70710000
vn -0.00000000 0.70710000 0.70710000
vn -0.00000000 0.70710000 0.70710000
vn -0.00000000 0.70710000 0.70710000
vn -0.00000000 0.70710000 0.70710000
vn -0.00000000 0.70710000 0.70710000
vn -0.00000000 0.70710000 0.70710000
vn -0.00000000 0.70710000 0.70710000
vn -0.00000000 0.70710000 0.70710000
vn -0.00000000 0.70710000 0.70710000
vn -0.00000000 0.70710000 0.70710000
vn -0.00000000 0.70710000 0.70710000
vn -0.00000000 0.70710000 0.70710000
vn -0.00000000 0.70710000 0.70710000
vn -0.00000000 0.70710000 0.70710000
vn -0.00000000 0.70710000 0.70710000
vn -0.00000000 0.70710000 0.70710000
vn -0.00000000 0.70710000 0.70710000
vn 0.66530000 0.23950000 0.70710000
vn 0.58730000 0.39380000 0.70710000
vn 0.47430000 0.52450000 0.70710000
vn 0.33280000 0.62390000 0.70710000
vn 0.17150000 0.68600000 0.70710000
vn -0.00000000 0.70710000 0.70710000
vn -0.00000000 0.70710000 0.70710000
vn 0.14340000 0.69240000 0.70710000
vn 0.28080000 0.64890000 0.70710000
vn 0.40660000 0.57850000 0.70710000
vn 0.51550000 0.48400000 0.70710000
vn 0.60290000 0.36940000 0.70710000
vn 0.66530000 0.23950000 0.70710000
vn 0.66530000 0.23950000 0.70710000
vn 0.56450000 0.42580000 0.70710000
vn 0.21510000 0.67360000 0.70710000
vn 0.66530000 0.23950000 0.70710000
vn 0.66530000 0.23950000 0.70710000
vn 0.66530000 0.23950000 0.70710000
vn 0.66530000 0.23950000 0.70710000
vn 0.66530000 0.23950000 0.70710000
vn 0.66530000 0.23950000 0.70710000
vn 0.66530000 0.23950000 0.70710000
vn 0.66530000 0.23950000 0.70710000
vn 0.67090000 -0.22340000 0.70710000
vn 0.66530000 0.23950000 0.70710000
vn 0.67090000 -0.22340000 0.70710000
vn 0.70360000 -0.06990000 0.70710000
vn 0.70170000 0.08690000 0.70710000
vn 0.66530000 0.23950000 0.70710000
vn 0.66530000 0.23950000 0.70710000
vn 0.70170000 0.08690000 0.70710000
vn 0.70360000 -0.06990000 0.70710000
vn 0.67090000 -0.22340000 0.70710000
vn -0.37460000 -0.59970000 0.70710000
vn 0.67090000 -0.22340000 0.70710000
vn 0.67090000 -0.22340000 0.70710000
vn 0.69660000 -0.12120000 0.70710000
vn 0.70690000 -0.01630000 0.70710000
vn 0.70150000 0.08900000 0.70710000
vn 0.68050000 0.19220000 0.70710000
vn 0.64430000 0.29130000 0.70710000
vn 0.59390000 0.38380000 0.70710000
vn 0.53030000 0.46780000 0.70710000
vn 0.45480000 0.54140000 0.70710000
vn 0.36930000 0.60300000 0.70710000
vn 0.27560000 0.65120000 0.70710000
vn 0.17570000 0.68490000 0.70710000
vn 0.07200000 0.70340000 0.70710000
vn -0.03340000 0.70630000 0.70710000
vn -0.13800000 0.69350000 0.70710000
vn -0.23950000 0.66530000 0.70710000
vn -0.33570000 0.62230000 0.70710000
vn -0.42450000 0.56550000 0.70710000
vn -0.50380000 0.49610000 0.70710000
vn -0.57200000 0.41570000 0.70710000
vn -0.62740000 0.32610000 0.70710000
vn -0.66890000 0.22920000 0.70710000
vn -0.69560000 0.12730000 0.70710000
vn -0.70670000 0.02250000 0.70710000
vn -0.70220000 -0.08280000 0.70710000
vn -0.68210000 -0.18630000 0.70710000
vn -0.64690000 -0.28560000 0.70710000
vn -0.59720000 -0.37860000 0.70710000
vn -0.53430000 -0.46310000 0.70710000
vn -0.45960000 -0.53740000 0.70710000
vn 0.67090000 -0.22340000 0.70710000
vn -0.37460000 -0.59970000 0.70710000
vn -0.37460000 -0.59970000 0.70710000
vn -0.46840000 -0.52970000 0.70710000
vn -0.54940000 -0.44520000 0.70710000
vn -0.61530000 -0.34840000 0.70710000
vn -0.66440000 -0.24210000 0.70710000
vn -0.69520000 -0.12920000 0.70710000
vn -0.70700000 -0.01270000 0.70710000
vn -0.69940000 0.10410000 0.70710000
vn -0.67260000 0.21810000 0.70710000
vn -0.62740000 0.32610000 0.70710000
vn -0.56500000 0.42520000 0.70710000
vn -0.48710000 0.51260000 0.70710000
vn -0.39590000 0.58590000 0.70710000
vn -0.29380000 0.64320000 0.70710000
vn -0.18360000 0.68290000 0.70710000
vn -0.06840000 0.70380000 0.70710000
vn 0.04860000 0.70540000 0.70710000
vn 0.16440000 0.68770000 0.70710000
vn 0.27560000 0.65120000 0.70710000
vn 0.37920000 0.59680000 0.70710000
vn 0.47250000 0.52600000 0.70710000
vn 0.55290000 0.44090000 0.70710000
vn 0.61800000 0.34360000 0.70710000
vn 0.66620000 0.23690000 0.70710000
vn 0.69620000 0.12370000 0.70710000
vn 0.70710000 0.00720000 0.70710000
vn 0.69860000 -0.10960000 0.70710000
vn -0.57490000 -0.41170000 0.70710000
vn -0.64650000 -0.28630000 0.70710000
vn -0.69120000 -0.14900000 0.70710000
vn -0.70710000 -0.00000000 0.70710000
vn -0.69230000 0.14400000 0.70710000
vn -0.64810000 0.28280000 0.70710000
vn -0.48510000 0.51450000 0.70710000
vn -0.57790000 0.40750000 0.70710000
vn -0.37280000 0.60090000 0.70710000
vn -0.24560000 0.66310000 0.70710000
vn -0.10850000 0.69870000 0.70710000
vn 0.18240000 0.68320000 0.70710000
vn 0.03640000 0.70620000 0.70710000
vn 0.31850000 0.63130000 0.70710000
vn 0.43820000 0.55500000 0.70710000
vn 0.54000000 0.45650000 0.70710000
vn 0.62020000 0.33970000 0.70710000
vn 0.67540000 0.20930000 0.70710000
vn 0.70420000 0.06410000 0.70710000
vn 0.70280000 -0.07820000 0.70710000
vn -0.66530000 -0.23950000 0.70710000
vn -0.37460000 -0.59970000 0.70710000
vn -0.59610000 -0.38030000 0.70710000
vn -0.49760000 -0.50240000 0.70710000
vn -0.37460000 -0.59970000 0.70710000
vn -0.37460000 -0.59970000 0.70710000
vn -0.66530000 -0.23950000 0.70710000
vn -0.66530000 -0.23960000 0.70710000
vn -0.49760000 -0.50240000 0.70710000
vn -0.59610000 -0.38030000 0.70710000
vn -0.66530000 -0.23950000 0.70710000
vn -0.66530000 -0.23950000 0.70710000
vn -0.66530000 -0.23950000 0.70710000
vn -0.66530000 -0.23950000 0.70710000
vn -0.66530000 -0.23950000 0.70710000
vn -0.66530000 -0.23950000 0.70710000
vn -0.66530000 -0.23950000 0.70710000
vn -0.66530000 -0.23950000 0.70710000
vn -0.66530000 -0.23950000 0.70710000
vn -0.66530000 -0.23950000 0.70710000
vn -0.66530000 -0.23950000 0.70710000
vn -0.66530000 -0.23950000 0.70710000
vn -0.66530000 -0.23950000 0.70710000
vn -0.66530000 -0.23950000 0.70710000
vn -0.66530000 -0.23950000 0.70710000
vn -0.66530000 -0.23950000 0.70710000
vn -0.66530000 -0.23950000 0.70710000
vn -0.66530000 -0.23950000 0.70710000
vn -0.66530000 -0.23950000 0.70710000
vn -0.66530000 -0.23950000 0.70710000
vn -0.66530000 -0.23950000 0.70710000
vn -0.66530000 -0.23950000 0.70710000
vn -0.66530000 -0.23950000 0.70710000
vn -0.66530000 -0.23950000 0.70710000
vn -0.67090000 0.22340000 0.70710000
vn -0.67090000 0.22340000 0.70710000
vn -0.70370000 0.06990000 0.70710000
vn -0.70180000 -0.08690000 0.70710000
vn -0.66530000 -0.23950000 0.70710000
vn -0.66530000 -0.23950000 0.70710000
vn -0.66530000 -0.23950000 0.70710000
vn -0.70170000 -0.08690000 0.70710000
vn -0.70360000 0.06990000 0.70710000
vn -0.67090000 0.22330000 0.70710000
vn 0.67760000 -0.20200000 0.70710000
vn -0.67090000 0.22330000 0.70710000
vn -0.67090000 0.22340000 0.70710000
vn -0.69450000 0.13300000 0.70710000
vn -0.70590000 0.04020000 0.70710000
vn -0.70510000 -0.05320000 0.70710000
vn -0.69190000 -0.14570000 0.70710000
vn -0.66670000 -0.23560000 0.70710000
vn -0.62980000 -0.32140000 0.70710000
vn -0.58190000 -0.40170000 0.70710000
vn -0.52390000 -0.47490000 0.70710000
vn -0.45670000 -0.53980000 0.70710000
vn -0.38160000 -0.59530000 0.70710000
vn -0.29980000 -0.64040000 0.70710000
vn -0.21270000 -0.67430000 0.70710000
vn -0.12200000 -0.69650000 0.70710000
vn -0.02910000 -0.70650000 0.70710000
vn 0.06430000 -0.70420000 0.70710000
vn 0.15660000 -0.68950000 0.70710000
vn 0.24610000 -0.66290000 0.70710000
vn 0.33140000 -0.62470000 0.70710000
vn 0.41080000 -0.57550000 0.70710000
vn 0.48310000 -0.51630000 0.70710000
vn 0.54700000 -0.44810000 0.70710000
vn 0.60120000 -0.37210000 0.70710000
vn 0.64510000 -0.28960000 0.70710000
vn -0.67090000 0.22340000 0.70710000
vn 0.67760000 -0.20200000 0.70710000
vn 0.67760000 -0.20210000 0.70710000
vn 0.64160000 -0.29730000 0.70710000
vn 0.59220000 -0.38640000 0.70710000
vn 0.53050000 -0.46760000 0.70710000
vn 0.45770000 -0.53900000 0.70710000
vn 0.37550000 -0.59920000 0.70710000
vn 0.28550000 -0.64690000 0.70710000
vn 0.18960000 -0.68120000 0.70710000
vn 0.08970000 -0.70140000 0.70710000
vn -0.01210000 -0.70700000 0.70710000
vn -0.11360000 -0.69790000 0.70710000
vn -0.21270000 -0.67440000 0.70710000
vn -0.30740000 -0.63680000 0.70710000
vn -0.39580000 -0.58600000 0.70710000
vn -0.47590000 -0.52300000 0.70710000
vn -0.54610000 -0.44920000 0.70710000
vn -0.60500000 -0.36600000 0.70710000
vn -0.65130000 -0.27520000 0.70710000
vn -0.68410000 -0.17880000 0.70710000
vn -0.70270000 -0.07860000 0.70710000
vn -0.70670000 0.02330000 0.70710000
vn -0.69600000 0.12460000 0.70710000
vn -0.00000000 -0.70710000 0.70710000
vn -0.00000000 -0.70710000 0.70710000
vn 0.67760000 -0.20210000 0.70710000
vn 0.17920000 -0.68400000 0.70710000
vn 0.34670000 -0.61630000 0.70710000
vn 0.49160000 -0.50830000 0.70710000
vn 0.60430000 -0.36710000 0.70710000
vn 0.67760000 -0.20200000 0.70710000
vn 0.67760000 -0.20210000 0.70710000
vn 0.61940000 -0.34100000 0.70710000
vn 0.53310000 -0.46450000 0.70710000
vn 0.42260000 -0.56700000 0.70710000
vn 0.29290000 -0.64360000 0.70710000
vn 0.14980000 -0.69110000 0.70710000
vn -0.00000000 -0.70710000 0.70710000
vn -0.00000000 -0.70710000 0.70710000
vn -0.00000000 -0.70710000 0.70710000
vn -0.00000000 -0.70710000 0.70710000
vn -0.00000000 -0.70710000 0.70710000
vn -0.00000000 -0.70710000 0.70710000
vn -0.00000000 -0.70710000 0.70710000
vn -0.00000000 -0.70710000 0.70710000
vn -0.00000000 -0.70710000 0.70710000
vn -0.00000000 -0.70710000 0.70710000
vn -0.00000000 -0.70710000 0.70710000
vn -0.00000000 -0.70710000 0.70710000
vn -0.00000000 -0.70710000 0.70710000
vn -0.00000000 -0.70710000 0.70710000
vn -0.00000000 -0.70710000 0.70710000
vn -0.00000000 -0.70710000 0.70710000
vn -0.00000000 -0.70710000 0.70710000
vn -0.00000000 -0.70710000 0.70710000
vn -0.00000000 -0.70710000 0.70710000
vn -0.00000000 -0.70710000 0.70710000
vn -0.00000000 -0.70710000 0.70710000
vn -0.00000000 -0.70710000 0.70710000
vn -0.00000000 -0.70710000 0.70710000
vn -0.00000000 -0.70710000 0.70710000
vn -0.00000000 -0.70710000 0.70710000
vn -0.00000000 -0.70710000 0.70710000
vn -0.00000000 -0.70710000 0.70710000
vn -0.00000000 -0.70710000 0.70710000
vn -0.00000000 -0.70710000 0.70710000
vn -0.00000000 -0.70710000 0.70710000
vn -0.00000000 -0.70710000 0.70710000
vn -0.00000000 -0.70710000 0.70710000
vn -0.00000000 -0.70710000 0.70710000
vn -0.00000000 -0.70710000 0.70710000
vn -0.00000000 -0.70710000 0.70710000
vn -0.00000000 -0.70710000 0.70710000
vn -0.00000000 -0.70710000 0.70710000
vn -0.00000000 -0.70710000 0.70710000
vn 0.70710000 -0.70710000 -0.00000000
vn 0.70710000 -0.70710000 -0.00000000
vn 0.70710000 -0.70710000 -0.00000000
vn 0.70710000 -0.70710000 -0.00000000
vn 0.70710000 -0.70710000 -0.00000000
vn 0.70710000 -0.70710000 -0.00000000
vn 0.70710000 -0.70710000 -0.00000000
vn 0.70710000 -0.70710000 -0.00000000
vn 0.70710000 -0.70710000 -0.00000000
vn 0.70710000 -0.70710000 -0.00000000
vn 0.70710000 -0.70710000 -0.00000000
vn 0.70710000 -0.70710000 -0.00000000
vn -0.00000000 -0.70710000 -0.70710000
vn -0.00000000 -0.70710000 -0.70710000
vn -0.00000000 -0.70710000 -0.70710000
vn -0.00000000 -0.70710000 -0.70710000
vn -0.00000000 -0.70710000 -0.70710000
vn -0.00000000 -0.70710000 -0.70710000
vn -0.00000000 -0.70710000 -0.70710000
vn -0.00000000 -0.70710000 -0.70710000
vn -0.00000000 -0.70710000 -0.70710000
vn -0.00000000 -0.70710000 -0.70710000
vn -0.00000000 -0.70710000 -0.70710000
vn -0.00000000 -0.70710000 -0.70710000
vn -0.00000000 -0.70710000 -0.70710000
vn -0.00000000 -0.70710000 -0.70710000
vn -0.00000000 -0.70710000 -0.70710000
vn -0.00000000 -0.70710000 -0.70710000
vn -0.00000000 -0.70710000 -0.70710000
vn -0.00000000 -0.70710000 -0.70710000
vn -0.00000000 -0.70710000 -0.70710000
vn -0.00000000 -0.70710000 -0.70710000
vn -0.00000000 -0.70710000 -0.70710000
vn -0.00000000 -0.70710000 -0.70710000
vn -0.00000000 -0.70710000 -0.70710000
vn -0.00000000 -0.70710000 -0.70710000
vn -0.00000000 -0.70710000 -0.70710000
vn -0.00000000 -0.70710000 -0.70710000
vn -0.00000000 -0.70710000 -0.70710000
vn -0.00000000 -0.70710000 -0.70710000
vn -0.00000000 -0.70710000 -0.70710000
vn -0.00000000 -0.70710000 -0.70710000
vn -0.00000000 -0.70710000 -0.70710000
vn -0.00000000 -0.70710000 -0.70710000
vn -0.00000000 -0.70710000 -0.70710000
vn -0.00000000 -0.70710000 -0.70710000
vn -0.00000000 -0.70710000 -0.70710000
vn -0.00000000 -0.70710000 -0.70710000
vn -0.00000000 -0.70710000 -0.70710000
vn 0.67760000 -0.20210000 -0.70710000
vn -0.00000000 -0.70710000 -0.70710000
vn -0.00000000 -0.70710000 -0.70710000
vn 0.60430000 -0.36720000 -0.70710000
vn 0.49160000 -0.50830000 -0.70710000
vn 0.34670000 -0.61630000 -0.70710000
vn 0.17920000 -0.68400000 -0.70710000
vn -0.00000000 -0.70710000 -0.70710000
vn 0.14980000 -0.69110000 -0.70710000
vn 0.29290000 -0.64360000 -0.70710000
vn 0.42260000 -0.56700000 -0.70710000
vn 0.53310000 -0.46450000 -0.70710000
vn 0.61940000 -0.34100000 -0.70710000
vn 0.67760000 -0.20210000 -0.70710000
vn 0.67760000 -0.20200000 -0.70710000
vn -0.00000000 0.70710000 -0.70710000
vn -0.00000000 0.70710000 -0.70710000
vn -0.00000000 0.70710000 -0.70710000
vn -0.00000000 0.70710000 -0.70710000
vn -0.00000000 0.70710000 -0.70710000
vn -0.00000000 0.70710000 -0.70710000
vn -0.00000000 0.70710000 -0.70710000
vn -0.00000000 0.70710000 -0.70710000
vn -0.00000000 0.70710000 -0.70710000
vn -0.00000000 0.70710000 -0.70710000
vn -0.00000000 0.70710000 -0.70710000
vn -0.00000000 0.70710000 -0.70710000
vn -0.00000000 0.70710000 -0.70710000
vn -0.00000000 0.70710000 -0.70710000
vn -0.00000000 0.70710000 -0.70710000
vn -0.00000000 0.70710000 -0.70710000
vn -0.00000000 0.70710000 -0.70710000
vn -0.00000000 0.70710000 -0.70710000
vn -0.00000000 0.70710000 -0.70710000
vn -0.00000000 0.70710000 -0.70710000
vn -0.00000000 0.70710000 -0.70710000
vn -0.00000000 0.70710000 -0.70710000
vn -0.00000000 0.70710000 -0.70710000
vn -0.00000000 0.70710000 -0.70710000
vn -0.00000000 0.70710000 -0.70710000
vn -0.00000000 0.70710000 -0.70710000
vn -0.00000000 0.70710000 -0.70710000
vn -0.00000000 0.70710000 -0.70710000
vn -0.00000000 0.70710000 -0.70710000
vn -0.00000000 0.70710000 -0.70710000
vn -0.00000000 0.70710000 -0.70710000
vn -0.00000000 0.70710000 -0.70710000
vn -0.00000000 0.70710000 -0.70710000
vn -0.00000000 0.70710000 -0.70710000
vn -0.00000000 0.70710000 -0.70710000
vn -0.00000000 0.70710000 -0.70710000
vn -0.00000000 0.70710000 -0.70710000
vn -0.00000000 0.70710000 -0.70710000
vn -0.00000000 0.70710000 -0.70710000
vn -0.00000000 0.70710000 -0.70710000
vn -0.00000000 0.70710000 -0.70710000
vn -0.00000000 0.70710000 -0.70710000
vn -0.00000000 0.70710000 -0.70710000
vn -0.00000000 0.70710000 -0.70710000
vn -0.00000000 0.70710000 -0.70710000
vn -0.00000000 0.70710000 -0.70710000
vn -0.00000000 0.70710000 -0.70710000
vn -0.00000000 0.70710000 -0.70710000
vn -0.00000000 0.70710000 -0.70710000
vn -0.00000000 0.70710000 -0.70710000
vn -0.00000000 0.70710000 -0.70710000
vn -0.00000000 0.70710000 -0.70710000
vn -0.00000000 0.70710000 -0.70710000
vn -0.00000000 0.70710000 -0.70710000
vn -0.00000000 0.70710000 -0.70710000
vn -0.00000000 0.70710000 -0.70710000
vn -0.00000000 0.70710000 -0.70710000
vn -0.00000000 0.70710000 -0.70710000
vn -0.00000000 0.70710000 -0.70710000
vn -0.67090000 0.22330000 -0.70710000
vn 0.67760000 -0.20210000 -0.70710000
vn 0.67760000 -0.20200000 -0.70710000
vn 0.64510000 -0.28960000 -0.70710000
vn 0.60120000 -0.37210000 -0.70710000
vn 0.54700000 -0.44810000 -0.70710000
vn 0.48310000 -0.51630000 -0.70710000
vn 0.41080000 -0.57550000 -0.70710000
vn 0.33140000 -0.62470000 -0.70710000
vn 0.24610000 -0.66290000 -0.70710000
vn 0.15660000 -0.68950000 -0.70710000
vn 0.06430000 -0.70420000 -0.70710000
vn -0.02910000 -0.70650000 -0.70710000
vn -0.12200000 -0.69650000 -0.70710000
vn -0.21270000 -0.67430000 -0.70710000
vn -0.29980000 -0.64040000 -0.70710000
vn -0.38160000 -0.59530000 -0.70710000
vn -0.45670000 -0.53980000 -0.70710000
vn -0.52390000 -0.47490000 -0.70710000
vn -0.58190000 -0.40170000 -0.70710000
vn -0.62980000 -0.32140000 -0.70710000
vn -0.66670000 -0.23560000 -0.70710000
vn -0.69190000 -0.14570000 -0.70710000
vn -0.70510000 -0.05320000 -0.70710000
vn -0.70590000 0.04020000 -0.70710000
vn -0.69450000 0.13300000 -0.70710000
vn 0.67760000 -0.20200000 -0.70710000
vn -0.67090000 0.22340000 -0.70710000
vn -0.67090000 0.22340000 -0.70710000
vn -0.69600000 0.12460000 -0.70710000
vn -0.70670000 0.02330000 -0.70710000
vn -0.70270000 -0.07860000 -0.70710000
vn -0.68410000 -0.17880000 -0.70710000
vn -0.65130000 -0.27530000 -0.70710000
vn -0.60500000 -0.36600000 -0.70710000
vn -0.54610000 -0.44920000 -0.70710000
vn -0.47590000 -0.52300000 -0.70710000
vn -0.39580000 -0.58600000 -0.70710000
vn -0.30750000 -0.63680000 -0.70710000
vn -0.21270000 -0.67430000 -0.70710000
vn -0.11360000 -0.69790000 -0.70710000
vn -0.01210000 -0.70700000 -0.70710000
vn 0.08970000 -0.70140000 -0.70710000
vn 0.18960000 -0.68120000 -0.70710000
vn 0.28550000 -0.64690000 -0.70710000
vn 0.37550000 -0.59920000 -0.70710000
vn 0.45770000 -0.53900000 -0.70710000
vn 0.53050000 -0.46760000 -0.70710000
vn 0.59210000 -0.38650000 -0.70710000
vn 0.64160000 -0.29730000 -0.70710000
vn -0.00000000 0.70710000 -0.70710000
vn -0.00000000 0.70710000 -0.70710000
vn 0.17150000 0.68600000 -0.70710000
vn 0.33290000 0.62390000 -0.70710000
vn 0.47430000 0.52450000 -0.70710000
vn 0.58730000 0.39380000 -0.70710000
vn -0.00000000 0.70710000 -0.70710000
vn 0.66530000 0.23950000 -0.70710000
vn 0.60290000 0.36940000 -0.70710000
vn 0.51550000 0.48400000 -0.70710000
vn 0.40660000 0.57850000 -0.70710000
vn 0.28080000 0.64890000 -0.70710000
vn 0.14340000 0.69240000 -0.70710000
vn 0.66530000 0.23950000 -0.70710000
vn 0.66530000 0.23950000 -0.70710000
vn 0.22540000 0.67020000 -0.70710000
vn 0.56520000 0.42490000 -0.70710000
vn -0.66530000 -0.23950000 -0.70710000
vn -0.66530000 -0.23950000 -0.70710000
vn -0.67090000 0.22340000 -0.70710000
vn -0.70170000 -0.08690000 -0.70710000
vn -0.70360000 0.06990000 -0.70710000
vn -0.67090000 0.22340000 -0.70710000
vn -0.66530000 -0.23950000 -0.70710000
vn -0.67090000 0.22340000 -0.70710000
vn -0.70360000 0.06990000 -0.70710000
vn -0.70170000 -0.08690000 -0.70710000
vn 0.66530000 0.23950000 -0.70710000
vn 0.66530000 0.23950000 -0.70710000
vn 0.66530000 0.23950000 -0.70710000
vn 0.66530000 0.23950000 -0.70710000
vn 0.66530000 0.23950000 -0.70710000
vn 0.66530000 0.23950000 -0.70710000
vn 0.66530000 0.23950000 -0.70710000
vn 0.66530000 0.23950000 -0.70710000
vn -0.66530000 -0.23950000 -0.70710000
vn -0.66530000 -0.23950000 -0.70710000
vn -0.66530000 -0.23950000 -0.70710000
vn -0.66530000 -0.23950000 -0.70710000
vn -0.66530000 -0.23950000 -0.70710000
vn -0.66530000 -0.23950000 -0.70710000
vn -0.66530000 -0.23950000 -0.70710000
vn -0.66530000 -0.23950000 -0.70710000
vn -0.66530000 -0.23950000 -0.70710000
vn -0.66530000 -0.23950000 -0.70710000
vn 0.66530000 0.23950000 -0.70710000
vn 0.66530000 0.23950000 -0.70710000
vn 0.70170000 0.08690000 -0.70710000
vn 0.70360000 -0.06990000 -0.70710000
vn 0.66530000 0.23950000 -0.70710000
vn 0.67090000 -0.22340000 -0.70710000
vn 0.70360000 -0.06990000 -0.70710000
vn 0.70170000 0.08690000 -0.70710000
vn 0.67090000 -0.22340000 -0.70710000
vn 0.67090000 -0.22340000 -0.70710000
vn -0.37460000 -0.59970000 -0.70710000
vn -0.66530000 -0.23950000 -0.70710000
vn -0.37460000 -0.59970000 -0.70710000
vn -0.49760000 -0.50240000 -0.70710000
vn -0.59610000 -0.38030000 -0.70710000
vn -0.66530000 -0.23950000 -0.70710000
vn -0.66530000 -0.23950000 -0.70710000
vn -0.59610000 -0.38030000 -0.70710000
vn -0.49760000 -0.50240000 -0.70710000
vn -0.37460000 -0.59970000 -0.70710000
vn 0.67090000 -0.22340000 -0.70710000
vn -0.37460000 -0.59970000 -0.70710000
vn -0.37460000 -0.59970000 -0.70710000
vn -0.45950000 -0.53740000 -0.70710000
vn -0.53440000 -0.46310000 -0.70710000
vn -0.59720000 -0.37860000 -0.70710000
vn -0.64690000 -0.28560000 -0.70710000
vn -0.68210000 -0.18630000 -0.70710000
vn -0.70220000 -0.08280000 -0.70710000
vn -0.70670000 0.02250000 -0.70710000
vn -0.69560000 0.12730000 -0.70710000
vn -0.66890000 0.22920000 -0.70710000
vn -0.62740000 0.32610000 -0.70710000
vn -0.57200000 0.41570000 -0.70710000
vn -0.50380000 0.49610000 -0.70710000
vn -0.42450000 0.56550000 -0.70710000
vn -0.33570000 0.62230000 -0.70710000
vn -0.23950000 0.66530000 -0.70710000
vn -0.13800000 0.69350000 -0.70710000
vn -0.03340000 0.70630000 -0.70710000
vn 0.07200000 0.70340000 -0.70710000
vn 0.17570000 0.68490000 -0.70710000
vn 0.27560000 0.65120000 -0.70710000
vn 0.36930000 0.60300000 -0.70710000
vn 0.45480000 0.54140000 -0.70710000
vn 0.53020000 0.46780000 -0.70710000
vn 0.59390000 0.38380000 -0.70710000
vn 0.64430000 0.29120000 -0.70710000
vn 0.68050000 0.19220000 -0.70710000
vn 0.70150000 0.08900000 -0.70710000
vn 0.70690000 -0.01630000 -0.70710000
vn 0.69660000 -0.12120000 -0.70710000
vn 0.67090000 -0.22330000 -0.70710000
vn 0.67090000 -0.22340000 -0.70710000
vn 0.69860000 -0.10960000 -0.70710000
vn 0.70710000 0.00720000 -0.70710000
vn 0.69620000 0.12370000 -0.70710000
vn 0.66620000 0.23690000 -0.70710000
vn 0.61800000 0.34360000 -0.70710000
vn 0.55280000 0.44090000 -0.70710000
vn 0.47250000 0.52600000 -0.70710000
vn 0.37930000 0.59680000 -0.70710000
vn 0.27560000 0.65120000 -0.70710000
vn 0.16440000 0.68770000 -0.70710000
vn 0.04860000 0.70540000 -0.70710000
vn -0.06840000 0.70380000 -0.70710000
vn -0.18360000 0.68280000 -0.70710000
vn -0.29380000 0.64320000 -0.70710000
vn -0.39590000 0.58590000 -0.70710000
vn -0.48710000 0.51260000 -0.70710000
vn -0.56500000 0.42520000 -0.70710000
vn -0.62740000 0.32610000 -0.70710000
vn -0.67260000 0.21810000 -0.70710000
vn -0.69940000 0.10410000 -0.70710000
vn -0.70700000 -0.01270000 -0.70710000
vn -0.69520000 -0.12920000 -0.70710000
vn -0.66440000 -0.24210000 -0.70710000
vn -0.61530000 -0.34840000 -0.70710000
vn -0.54940000 -0.44520000 -0.70710000
vn -0.46840000 -0.52970000 -0.70710000
vn -0.37460000 -0.59970000 -0.70710000
vn 0.70290000 -0.07710000 -0.70710000
vn 0.67220000 0.21940000 -0.70710000
vn 0.53090000 0.46710000 -0.70710000
vn 0.61340000 0.35190000 -0.70710000
vn 0.42720000 0.56350000 -0.70710000
vn 0.17310000 0.68560000 -0.70710000
vn 0.30630000 0.63730000 -0.70710000
vn -0.11610000 0.69750000 -0.70710000
vn 0.02580000 0.70670000 -0.70710000
vn -0.25650000 0.65890000 -0.70710000
vn -0.38460000 0.59340000 -0.70710000
vn -0.58580000 0.39600000 -0.70710000
vn -0.49520000 0.50480000 -0.70710000
vn -0.65300000 0.27130000 -0.70710000
vn -0.69400000 0.13570000 -0.70710000
vn -0.70710000 -0.00000000 -0.70710000
vn -0.68960000 -0.15650000 -0.70710000
vn -0.64400000 -0.29200000 -0.70710000
vn -0.57490000 -0.41160000 -0.70710000
vn -0.48400000 -0.51550000 -0.70710000
vn -1.00000000 -0.00000000 -0.00000000
vn -1.00000000 -0.00000000 -0.00000000
vn -1.00000000 -0.00000000 -0.00010000
vn 1.00000000 -0.00000000 -0.00000000
vn -1.00000000 -0.00000000 -0.00000000
vn -1.00000000 -0.00000000 -0.00000000
vn -1.00000000 -0.00000000 -0.00000000
vn -0.90100000 -0.00000000 -0.43390000
vn -0.62350000 -0.00000000 -0.78180000
vn -0.22250000 -0.00000000 -0.97490000
vn 0.22250000 -0.00000000 -0.97490000
vn 0.62350000 -0.00000000 -0.78180000
vn 0.90100000 -0.00000000 -0.43390000
vn -0.88550000 -0.00000000 0.46470000
vn -0.56800000 -0.00000000 0.82300000
vn -0.12050000 -0.00000000 0.99270000
vn 0.35460000 -0.00000000 0.93500000
vn 0.74850000 -0.00000000 0.66310000
vn 0.97090000 -0.00000000 0.23930000
vn 0.97090000 -0.00000000 -0.23930000
vn 0.74850000 -0.00000000 -0.66310000
vn 0.35460000 -0.00000000 -0.93500000
vn -0.12050000 -0.00000000 -0.99270000
vn -0.56810000 -0.00000000 -0.82300000
vn -0.88550000 -0.00000000 -0.46470000
vn 0.90100000 -0.00000000 0.43390000
vn 0.62350000 -0.00000000 0.78180000
vn 0.22250000 -0.00000000 0.97490000
vn -0.22250000 -0.00000000 0.97490000
vn -0.62350000 -0.00000000 0.78180000
vn -0.90100000 -0.00000000 0.43390000
vn -0.70010000 -0.00000000 -0.71400000
vn -0.37810000 -0.00000000 -0.92580000
vn -0.00000000 -0.00000000 -1.00000000
vn 0.92580000 -0.00000000 -0.37810000
vn 0.71410000 -0.00000000 -0.70010000
vn 0.39430000 -0.00000000 -0.91900000
vn 1.00000000 -0.00000000 -0.00000000
vn 0.70010000 -0.00000000 0.71400000
vn 0.91900000 -0.00000000 0.39420000
vn 0.37810000 -0.00000000 0.92580000
vn -0.00000000 -0.00000000 1.00000000
vn -0.92580000 -0.00000000 0.37810000
vn -0.71400000 -0.00000000 0.70010000
vn -0.39430000 -0.00000000 0.91900000
vn -1.00000000 -0.00000000 -0.00000000
vn -1.00000000 -0.00000000 -0.00000000
vn -1.00000000 -0.00000000 -0.00010000
vn 1.00000000 -0.00000000 -0.00000000
vn -1.00000000 -0.00000000 -0.00000000
vn -1.00000000 -0.00000000 -0.00000000
vn -1.00000000 -0.00000000 -0.00000000
vn -0.90100000 -0.00000000 -0.43390000
vn -0.62350000 -0.00000000 -0.78180000
vn -0.22250000 -0.00000000 -0.97490000
vn 0.22250000 -0.00000000 -0.97490000
vn 0.62350000 -0.00000000 -0.78180000
vn 0.90100000 -0.00000000 -0.43390000
vn -0.88550000 -0.00000000 0.46470000
vn -0.56800000 -0.00000000 0.82300000
vn -0.12050000 -0.00000000 0.99270000
vn 0.35460000 -0.00000000 0.93500000
vn 0.74850000 -0.00000000 0.66310000
vn 0.97090000 -0.00000000 0.23930000
vn 0.97090000 -0.00000000 -0.23930000
vn 0.74850000 -0.00000000 -0.66310000
vn 0.35460000 -0.00000000 -0.93500000
vn -0.12050000 -0.00000000 -0.99270000
vn -0.56810000 -0.00000000 -0.82300000
vn -0.88550000 -0.00000000 -0.46470000
vn 0.90100000 -0.00000000 0.43390000
vn 0.62350000 -0.00000000 0.78180000
vn 0.22250000 -0.00000000 0.97490000
vn -0.22250000 -0.00000000 0.97490000
vn -0.62350000 -0.00000000 0.78180000
vn -0.90100000 -0.00000000 0.43390000
vn -0.70010000 -0.00000000 -0.71400000
vn -0.37810000 -0.00000000 -0.92580000
vn -0.00000000 -0.00000000 -1.00000000
vn 0.92580000 -0.00000000 -0.37810000
vn 0.71410000 -0.00000000 -0.70010000
vn 0.39430000 -0.00000000 -0.91900000
vn 1.00000000 -0.00000000 -0.00000000
vn 0.70010000 -0.00000000 0.71410000
vn 0.91900000 -0.00000000 0.39430000
vn 0.37810000 -0.00000000 0.92580000
vn -0.00000000 -0.00000000 1.00000000
vn -0.92580000 -0.00000000 0.37810000
vn -0.71400000 -0.00000000 0.70010000
vn -0.39430000 -0.00000000 0.91900000
vn 0.70710000 -0.00000000 0.70710000
vn 0.70710000 -0.00000000 0.70710000
vn 0.70710000 -0.00000000 0.70710000
vn 0.70710000 -0.00000000 0.70710000
vn 0.70710000 -0.00000000 0.70710000
vn 0.70710000 -0.00000000 0.70710000
vn 0.70710000 -0.00000000 0.70710000
vn 0.70710000 -0.00000000 0.70710000
vn 0.70710000 -0.00000000 0.70710000
vn 0.70710000 -0.00000000 0.70710000
vn 0.70710000 -0.00000000 0.70710000
vn 0.70710000 -0.00000000 0.70710000
vn 0.70710000 -0.00000000 0.70710000
vn 0.70710000 -0.00000000 0.70710000
vn 0.70710000 -0.00000000 0.70710000
vn 0.70710000 -0.00000000 0.70710000
vn 0.70710000 -0.00000000 0.70710000
vn 0.70710000 -0.00000000 0.70710000
vn 0.70710000 -0.00000000 0.70710000
vn 0.70710000 -0.00000000 0.70710000
vn 0.70710000 -0.00000000 0.70710000
vn 0.70710000 -0.00000000 -0.70710000
vn 0.70710000 -0.00000000 -0.70710000
vn 0.70710000 -0.00000000 -0.70710000
vn 0.70710000 -0.00000000 -0.70710000
vn 0.70710000 -0.00000000 -0.70710000
vn 0.70710000 -0.00000000 -0.70710000
vn 0.70710000 -0.00000000 -0.70710000
vn 0.70710000 -0.00000000 -0.70710000
vn 0.70710000 -0.00000000 -0.70710000
vn 0.70710000 -0.00000000 -0.70710000
vn 0.70710000 -0.00000000 -0.70710000
vn 0.70710000 -0.00000000 -0.70710000
vn 0.70710000 -0.00000000 -0.70710000
vn 0.70710000 -0.00000000 -0.70710000
vn 0.70710000 -0.00000000 -0.70710000
vn 0.70710000 -0.00000000 -0.70710000
vn 0.70710000 -0.00000000 -0.70710000
vn 0.70710000 -0.00000000 -0.70710000
vn 0.70710000 -0.00000000 -0.70710000
vn 0.70710000 -0.00000000 -0.70710000
vn 0.70710000 -0.00000000 -0.70710000
vn 0.70710000 -0.00000000 -0.70710000
vn 0.70710000 -0.00000000 -0.70710000
vn 0.70710000 -0.00000000 -0.70710000
vn 0.70710000 -0.00000000 -0.70710000
vn 0.70710000 -0.00000000 -0.70710000
vn 0.70710000 -0.00000000 -0.70710000
vn 0.70710000 -0.00000000 -0.70710000
vn 0.70710000 -0.00000000 -0.70710000
vn 0.91900000 0.39420000 -0.00000000
vn 0.91900000 0.39420000 -0.00000000
vn 0.70030000 0.71390000 -0.00000000
vn 0.70030000 0.71390000 -0.00000000
vn 0.37810000 0.92580000 -0.00000000
vn 0.37810000 0.92580000 -0.00000000
vn 1.00000000 -0.00000000 -0.00000000
vn 1.00000000 -0.00000000 -0.00000000
vn 1.00000000 -0.00000000 -0.00000000
vn 1.00000000 -0.00000000 -0.00000000
vn 1.00000000 -0.00000000 -0.00000000
vn -0.00000000 1.00000000 -0.00000000
vn -0.00000000 1.00000000 -0.00000000
vn -0.00000000 1.00000000 -0.00000000
vn -0.00000000 1.00000000 -0.00000000
vn -0.00000000 1.00000000 -0.00000000
vn -0.00000000 1.00000000 -0.00000000
vn -0.00000000 1.00000000 -0.00000000
vn -0.00000000 1.00000000 -0.00000000
vn 0.29030000 0.95690000 -0.00000000
vn 0.37810000 0.92580000 -0.00000000
vn 0.19270000 0.98130000 -0.00000000
vn 0.19260000 0.98130000 -0.00000000
vn 0.29030000 0.95690000 -0.00000000
vn 0.19270000 0.98130000 -0.00000000
vn 0.37810000 0.92580000 -0.00000000
vn 0.19270000 0.98130000 -0.00000000
vn 0.56900000 0.82240000 -0.00000000
vn 0.80330000 0.59550000 0.00050000
vn 0.95210000 0.30580000 -0.00000000
vn 0.70000000 0.71420000 0.00010000
vn 0.54940000 0.83560000 -0.00000000
vn 0.54940000 0.83550000 -0.00000000
vn 0.91900000 0.39430000 -0.00000000
vn 0.82520000 0.56490000 -0.00000000
vn 0.82520000 0.56490000 -0.00000000
vn 0.97950000 0.20130000 -0.00000000
vn 0.97950000 0.20120000 -0.00000000
vn 0.95210000 0.30580000 -0.00000000
vn 0.80320000 0.59570000 -0.00000000
vn 0.56900000 0.82240000 -0.00000000
vn 0.91900000 0.39430000 -0.00000000
vn 0.97950000 0.20130000 -0.00000000
vn 0.97950000 0.20120000 -0.00000000
vn 0.70000000 0.71420000 -0.00010000
vn 0.82520000 0.56490000 -0.00000000
vn 0.82520000 0.56490000 -0.00000000
vn 0.54940000 0.83560000 -0.00000000
vn 0.54950000 0.83550000 -0.00000000
vt 0.26063200 0.62868200
vt 0.22803000 0.62868200
vt 0.19542900 0.62868200
vt 0.26063200 0.75435100
vt 0.19542900 0.75435100
vt 0.26063200 0.88002000
vt 0.22803000 0.88002000
vt 0.19542900 0.88002000
vt 0.26063200 0.63834900
vt 0.26063200 0.64801600
vt 0.26063200 0.65768300
vt 0.26063200 0.66735000
vt 0.26063200 0.67701600
vt 0.26063200 0.68668300
vt 0.26063200 0.69635000
vt 0.26063200 0.70601700
vt 0.26063200 0.71568400
vt 0.26063200 0.72535100
vt 0.26063200 0.73501800
vt 0.26063200 0.74468500
vt 0.19542900 0.87035400
vt 0.19542900 0.86068700
vt 0.19542900 0.85102000
vt 0.19542900 0.84135300
vt 0.19542900 0.83168600
vt 0.19542900 0.82201900
vt 0.19542900 0.81235200
vt 0.19542900 0.80268600
vt 0.19542900 0.79301900
vt 0.19542900 0.78335200
vt 0.19542900 0.77368500
vt 0.19542900 0.76401800
vt 0.19542900 0.74468500
vt 0.19542900 0.73501800
vt 0.19542900 0.72535100
vt 0.19542900 0.71568400
vt 0.19542900 0.70601700
vt 0.19542900 0.69635000
vt 0.19542900 0.68668300
vt 0.19542900 0.67701600
vt 0.19542900 0.66735000
vt 0.19542900 0.65768300
vt 0.19542900 0.64801600
vt 0.19542900 0.63834900
vt 0.26063200 0.76401800
vt 0.26063200 0.77368500
vt 0.26063200 0.78335200
vt 0.26063200 0.79301900
vt 0.26063200 0.80268600
vt 0.26063200 0.81235200
vt 0.26063200 0.82201900
vt 0.26063200 0.83168600
vt 0.26063200 0.84135300
vt 0.26063200 0.85102000
vt 0.26063200 0.86068700
vt 0.26063200 0.87035400
vt 0.22803000 0.66049500
vt 0.22803000 0.65273900
vt 0.22803000 0.66825000
vt 0.22803000 0.64489400
vt 0.22803000 0.67600600
vt 0.22803000 0.68376100
vt 0.22803000 0.69975500
vt 0.22803000 0.69151700
vt 0.22803000 0.70772900
vt 0.22803000 0.71557300
vt 0.22803000 0.72332900
vt 0.22803000 0.73108500
vt 0.22803000 0.74659600
vt 0.22803000 0.73884000
vt 0.22803000 0.75435100
vt 0.22803000 0.76259000
vt 0.22803000 0.77056300
vt 0.22803000 0.78616400
vt 0.22803000 0.77840800
vt 0.22803000 0.79391900
vt 0.22803000 0.80167500
vt 0.22803000 0.80943000
vt 0.22803000 0.82542400
vt 0.22803000 0.81718600
vt 0.22803000 0.83339800
vt 0.22803000 0.84124300
vt 0.22803000 0.84899800
vt 0.22803000 0.85675400
vt 0.22803000 0.87226500
vt 0.22803000 0.86450900
vt 0.30728400 0.00000000
vt 0.27414200 0.00000000
vt 0.24100100 0.00000000
vt 0.30728400 0.12566900
vt 0.24100100 0.12566900
vt 0.30728400 0.25133800
vt 0.27414200 0.25133800
vt 0.24100100 0.25133800
vt 0.30728400 0.00966700
vt 0.30728400 0.01933400
vt 0.30728400 0.02900100
vt 0.30728400 0.03866700
vt 0.30728400 0.04833400
vt 0.30728400 0.05800100
vt 0.30728400 0.06766800
vt 0.30728400 0.07733500
vt 0.30728400 0.08700200
vt 0.30728400 0.09666900
vt 0.30728400 0.10633500
vt 0.30728400 0.11600200
vt 0.24100100 0.24167100
vt 0.24100100 0.23200500
vt 0.24100100 0.22233800
vt 0.24100100 0.21267100
vt 0.24100100 0.20300400
vt 0.24100100 0.19333700
vt 0.24100100 0.18367000
vt 0.24100100 0.17400300
vt 0.24100100 0.16433700
vt 0.24100100 0.15467000
vt 0.24100100 0.14500300
vt 0.24100100 0.13533600
vt 0.24100100 0.11600200
vt 0.24100100 0.10633500
vt 0.24100100 0.09666900
vt 0.24100100 0.08700200
vt 0.24100100 0.07733500
vt 0.24100100 0.06766800
vt 0.24100100 0.05800100
vt 0.24100100 0.04833400
vt 0.24100100 0.03866700
vt 0.24100100 0.02900100
vt 0.24100100 0.01933400
vt 0.24100100 0.00966700
vt 0.30728400 0.13533600
vt 0.30728400 0.14500300
vt 0.30728400 0.15467000
vt 0.30728400 0.16433700
vt 0.30728400 0.17400300
vt 0.30728400 0.18367000
vt 0.30728400 0.19333700
vt 0.30728400 0.20300400
vt 0.30728400 0.21267100
vt 0.30728400 0.22233800
vt 0.30728400 0.23200500
vt 0.30728400 0.24167100
vt 0.27414200 0.03181200
vt 0.27414200 0.02405700
vt 0.27414200 0.03956800
vt 0.27414200 0.01621200
vt 0.27414200 0.04732300
vt 0.27414200 0.05507900
vt 0.27414200 0.06283500
vt 0.27414200 0.07904600
vt 0.27414200 0.07107300
vt 0.27414200 0.08689100
vt 0.27414200 0.09464700
vt 0.27414200 0.10240200
vt 0.27414200 0.11791400
vt 0.27414200 0.11015800
vt 0.27414200 0.12566900
vt 0.27414200 0.13390800
vt 0.27414200 0.14188100
vt 0.27414200 0.15748100
vt 0.27414200 0.14972600
vt 0.27414200 0.16523700
vt 0.27414200 0.17299300
vt 0.27414200 0.18074800
vt 0.27414200 0.19674200
vt 0.27414200 0.18850400
vt 0.27414200 0.20471600
vt 0.27414200 0.21256000
vt 0.27414200 0.22031600
vt 0.27414200 0.22807200
vt 0.27414200 0.24358300
vt 0.27414200 0.23582700
vt 0.42033200 0.76844700
vt 0.42033200 0.80679700
vt 0.38468100 0.80679700
vt 0.42033200 0.84514600
vt 0.45598300 0.88349600
vt 0.45598300 0.92184600
vt 0.37970700 0.78971200
vt 0.37970700 0.76337400
vt 0.37970700 0.73703700
vt 0.37970700 0.71069900
vt 0.37970700 0.68436200
vt 0.37970700 0.65802500
vt 0.37970700 0.63168700
vt 0.37970700 0.60535000
vt 0.37970700 0.57901200
vt 0.37970700 0.55267500
vt 0.37970700 0.52633700
vt 0.37970700 0.50000000
vt 0.40181600 0.50000000
vt 0.42392500 0.50000000
vt 0.44603400 0.50000000
vt 0.44603400 0.52828900
vt 0.44603400 0.55657800
vt 0.44603400 0.58486700
vt 0.44603400 0.61315600
vt 0.44603400 0.64144500
vt 0.44603400 0.66973400
vt 0.44603400 0.69802300
vt 0.44603400 0.72631200
vt 0.44603400 0.75460100
vt 0.44603400 0.78289000
vt 0.44603400 0.81117900
vt 0.44603400 0.83946800
vt 0.53889200 0.98525000
vt 0.55396700 0.98272900
vt 0.56740900 0.97543900
vt 0.57776000 0.96416900
vt 0.58390000 0.95014200
vt 0.58516200 0.93487700
vt 0.58141000 0.92002800
vt 0.57305100 0.90720500
vt 0.56098900 0.89779700
vt 0.54653400 0.89282300
vt 0.53125000 0.89282300
vt 0.51679400 0.89779700
vt 0.50473300 0.90720500
vt 0.49637300 0.92002800
vt 0.49262100 0.93487700
vt 0.49388300 0.95014200
vt 0.50002300 0.96416900
vt 0.51037400 0.97543900
vt 0.52381600 0.98272900
vt 0.37307400 0.92542500
vt 0.38814900 0.92290400
vt 0.40159100 0.91561300
vt 0.41194300 0.90434400
vt 0.41808200 0.89031700
vt 0.41934400 0.87505200
vt 0.41559200 0.86020300
vt 0.40723300 0.84738000
vt 0.39517200 0.83797100
vt 0.38071600 0.83299800
vt 0.36543200 0.83299800
vt 0.35097600 0.83797100
vt 0.33891500 0.84738000
vt 0.33055500 0.86020300
vt 0.32680300 0.87505200
vt 0.32806600 0.89031700
vt 0.33420500 0.90434400
vt 0.34455700 0.91561300
vt 0.35799800 0.92290400
vt 0.44672300 0.84620900
vt 0.44876100 0.85266800
vt 0.45206500 0.85858000
vt 0.45649600 0.86369700
vt 0.46187000 0.86780700
vt 0.46796400 0.87074000
vt 0.43815700 0.84514600
vt 0.42033200 0.82597200
vt 0.43815700 0.80679700
vt 0.43815700 0.82597200
vt 0.43815700 0.88349600
vt 0.43815700 0.86432100
vt 0.48314500 0.87621700
vt 0.49832600 0.88169400
vt 0.50548200 0.88340700
vt 0.51283900 0.88349600
vt 0.52003500 0.88195700
vt 0.52963900 0.87961700
vt 0.53949600 0.87889700
vt 0.54933700 0.87981700
vt 0.55889100 0.88235200
vt 0.56789800 0.88643100
vt 0.57610900 0.89194500
vt 0.58330000 0.89874000
vt 0.58927300 0.90663200
vt 0.59386600 0.91540300
vt 0.59695100 0.92481300
vt 0.59844500 0.93460400
vt 0.59830600 0.94450800
vt 0.59653800 0.95425400
vt 0.59319100 0.96357400
vt 0.58835400 0.97221200
vt 0.58216200 0.97993200
vt 0.57478400 0.98652300
vt 0.56642200 0.99180300
vt 0.55730500 0.99562800
vt 0.54768300 0.99789200
vt 0.53782000 0.99853500
vt 0.52798700 0.99753800
vt 0.51845200 0.99492900
vt 0.50947800 0.99077800
vt 0.50131100 0.98520100
vt 0.49417300 0.97834900
vt 0.48826100 0.97041100
vt 0.48369500 0.96462900
vt 0.47797000 0.95999800
vt 0.47136600 0.95674600
vt 0.45598300 0.94102000
vt 0.47380800 0.92184600
vt 0.47380800 0.94102000
vt 0.45693500 0.95154000
vt 0.44250300 0.94633300
vt 0.42807100 0.94112600
vt 0.41364000 0.93591900
vt 0.40648300 0.93420600
vt 0.39912600 0.93411700
vt 0.39193100 0.93565600
vt 0.38359400 0.93778300
vt 0.37503800 0.93868700
vt 0.36644200 0.93834900
vt 0.35798400 0.93677600
vt 0.34983900 0.93400200
vt 0.34217600 0.93008200
vt 0.33515600 0.92510000
vt 0.32892200 0.91915800
vt 0.32360600 0.91237900
vt 0.31931700 0.90490600
vt 0.31614500 0.89689200
vt 0.31415500 0.88850400
vt 0.31338800 0.87991700
vt 0.31386100 0.87130800
vt 0.31556400 0.86285700
vt 0.31846100 0.85473900
vt 0.32249300 0.84712300
vt 0.32757500 0.84016700
vt 0.33360200 0.83401400
vt 0.34044800 0.82879400
vt 0.34797300 0.82461500
vt 0.35601800 0.82156300
vt 0.36253700 0.81882700
vt 0.36833000 0.81477000
vt 0.37313300 0.80957400
vt 0.37672900 0.80347700
vt 0.37895400 0.79675400
vt 0.42033200 0.53835000
vt 0.42033200 0.61504900
vt 0.42033200 0.69174800
vt 0.42033200 0.73009800
vt 0.42033200 0.65339800
vt 0.42033200 0.88349600
vt 0.41624200 0.26844700
vt 0.41624200 0.30679700
vt 0.38040800 0.30679700
vt 0.48791000 0.38349600
vt 0.45207600 0.38349600
vt 0.45207600 0.42184600
vt 0.44207600 0.00000000
vt 0.44207600 0.01885900
vt 0.44207600 0.03771900
vt 0.44207600 0.05657800
vt 0.44207600 0.07543700
vt 0.44207600 0.09429700
vt 0.44207600 0.11315600
vt 0.44207600 0.13201600
vt 0.44207600 0.15087500
vt 0.44207600 0.16973400
vt 0.44207600 0.18859400
vt 0.44207600 0.20745300
vt 0.44207600 0.22631200
vt 0.44207600 0.24517200
vt 0.44207600 0.26403100
vt 0.44207600 0.28289000
vt 0.44207600 0.30175000
vt 0.44207600 0.32060900
vt 0.44207600 0.33946900
vt 0.37540800 0.00000000
vt 0.39763000 0.00000000
vt 0.41985300 0.00000000
vt 0.37540800 0.28971200
vt 0.37540800 0.26337400
vt 0.37540800 0.23703700
vt 0.37540800 0.21069900
vt 0.37540800 0.18436200
vt 0.37540800 0.15802500
vt 0.37540800 0.13168700
vt 0.37540800 0.10535000
vt 0.37540800 0.07901200
vt 0.37540800 0.05267500
vt 0.37540800 0.02633700
vt 0.36874100 0.33236300
vt 0.35358800 0.33488400
vt 0.34007700 0.34217500
vt 0.32967200 0.35344400
vt 0.32350100 0.36747100
vt 0.32223300 0.38273700
vt 0.32600400 0.39758500
vt 0.33440600 0.41040900
vt 0.34653000 0.41981700
vt 0.36106000 0.42479000
vt 0.37642200 0.42479000
vt 0.39095200 0.41981700
vt 0.40307500 0.41040900
vt 0.41147800 0.39758500
vt 0.41524900 0.38273700
vt 0.41398100 0.36747100
vt 0.40780900 0.35344400
vt 0.39740500 0.34217500
vt 0.38389400 0.33488400
vt 0.53541100 0.39218900
vt 0.52025800 0.39471000
vt 0.50674700 0.40200000
vt 0.49634200 0.41326900
vt 0.49017100 0.42729700
vt 0.48890300 0.44256200
vt 0.49267400 0.45741100
vt 0.50107600 0.47023400
vt 0.51320000 0.47964200
vt 0.52773000 0.48461600
vt 0.54309200 0.48461600
vt 0.55762200 0.47964200
vt 0.56974500 0.47023400
vt 0.57814800 0.45741100
vt 0.58191900 0.44256200
vt 0.58065000 0.42729700
vt 0.57447900 0.41326900
vt 0.56407500 0.40200000
vt 0.55056400 0.39471000
vt 0.35159800 0.32156200
vt 0.35815000 0.31882700
vt 0.36397300 0.31477000
vt 0.36880000 0.30957400
vt 0.37241500 0.30347700
vt 0.37465100 0.29675400
vt 0.38769500 0.43565600
vt 0.37931500 0.43778300
vt 0.37071600 0.43868700
vt 0.36207500 0.43834900
vt 0.35357300 0.43677600
vt 0.34538700 0.43400200
vt 0.33768500 0.43008200
vt 0.33062800 0.42510000
vt 0.32436300 0.41915800
vt 0.31901900 0.41237900
vt 0.31470800 0.40490600
vt 0.31151900 0.39689200
vt 0.30951900 0.38850400
vt 0.30874900 0.37991700
vt 0.30922400 0.37130800
vt 0.31093600 0.36285700
vt 0.31384800 0.35473900
vt 0.31790000 0.34712300
vt 0.32300800 0.34016700
vt 0.32906600 0.33401400
vt 0.33594800 0.32879400
vt 0.34351100 0.32461500
vt 0.44276800 0.34620900
vt 0.44481700 0.35266800
vt 0.44813800 0.35858000
vt 0.45259100 0.36369700
vt 0.45799300 0.36780700
vt 0.46411900 0.37074000
vt 0.43415900 0.34514600
vt 0.41624200 0.32597200
vt 0.43415900 0.32597200
vt 0.43415900 0.38349600
vt 0.43415900 0.36432100
vt 0.46999300 0.38349600
vt 0.40951500 0.43591900
vt 0.40232200 0.43420600
vt 0.39492700 0.43411700
vt 0.47937800 0.37621700
vt 0.49463700 0.38169400
vt 0.46753900 0.45674600
vt 0.44819700 0.44980400
vt 0.42885600 0.44286100
vt 0.50183000 0.38340700
vt 0.50922500 0.38349600
vt 0.51645700 0.38195700
vt 0.48452000 0.47041100
vt 0.47993100 0.46462900
vt 0.47417600 0.45999800
vt 0.46999300 0.42184600
vt 0.46999300 0.44102000
vt 0.52611000 0.37961700
vt 0.53601800 0.37889700
vt 0.54591000 0.37981700
vt 0.55551300 0.38235200
vt 0.56456600 0.38643100
vt 0.57281900 0.39194500
vt 0.58004700 0.39874000
vt 0.58605100 0.40663200
vt 0.59066700 0.41540300
vt 0.59376800 0.42481300
vt 0.59527000 0.43460400
vt 0.59513000 0.44450800
vt 0.59335400 0.45425400
vt 0.58998900 0.46357400
vt 0.58512800 0.47221200
vt 0.57890400 0.47993200
vt 0.57148800 0.48652300
vt 0.56308200 0.49180300
vt 0.55391800 0.49562800
vt 0.54424700 0.49789200
vt 0.53433400 0.49853500
vt 0.52445000 0.49753800
vt 0.51486700 0.49492900
vt 0.50584600 0.49077800
vt 0.49763700 0.48520100
vt 0.49046200 0.47834900
vt 0.41624200 0.03835000
vt 0.41624200 0.11504900
vt 0.41624200 0.15339800
vt 0.41624200 0.19174800
vt 0.41624200 0.23009800
vt 0.41624200 0.38349600
vt 0.00000000 0.50000000
vt 0.00000000 0.56000100
vt 0.00000000 0.62000200
vt 0.01289200 0.56000100
vt 0.02603800 0.56000100
vt 0.03966400 0.56000100
vt 0.05329000 0.56000100
vt 0.06743200 0.56000100
vt 0.08109200 0.56000100
vt 0.09483100 0.56000100
vt 0.10833300 0.56000100
vt 0.12169700 0.56000100
vt 0.13506100 0.56000100
vt 0.14842500 0.56000100
vt 0.16178900 0.56000100
vt 0.17548100 0.56000100
vt 0.18942000 0.56000100
vt 0.20316000 0.56000100
vt 0.21656000 0.56000100
vt 0.22992400 0.56000100
vt 0.24328800 0.56000100
vt 0.25665200 0.56000100
vt 0.27061900 0.56000100
vt 0.28404400 0.56000100
vt 0.29806500 0.50000000
vt 0.29806500 0.56000100
vt 0.29806500 0.62000200
vt 0.29806500 0.53000100
vt 0.29806500 0.59000200
vt 0.28812900 0.62000200
vt 0.27819400 0.62000200
vt 0.26825800 0.62000200
vt 0.25832300 0.62000200
vt 0.24838700 0.62000200
vt 0.23845200 0.62000200
vt 0.22851600 0.62000200
vt 0.21858100 0.62000200
vt 0.20864500 0.62000200
vt 0.19871000 0.62000200
vt 0.18877400 0.62000200
vt 0.17883900 0.62000200
vt 0.16890300 0.62000200
vt 0.15896800 0.62000200
vt 0.14903200 0.62000200
vt 0.13909700 0.62000200
vt 0.12916100 0.62000200
vt 0.11922600 0.62000200
vt 0.10929000 0.62000200
vt 0.09935500 0.62000200
vt 0.08941900 0.62000200
vt 0.07948400 0.62000200
vt 0.06954800 0.62000200
vt 0.05961300 0.62000200
vt 0.04967700 0.62000200
vt 0.03974200 0.62000200
vt 0.02980600 0.62000200
vt 0.01987100 0.62000200
vt 0.00993500 0.62000200
vt 0.28404400 0.59000200
vt 0.29105400 0.56000100
vt 0.29105400 0.59000200
vt 0.27061900 0.59000200
vt 0.27733100 0.56000100
vt 0.27733100 0.59000200
vt 0.25665200 0.59000200
vt 0.26363500 0.56000100
vt 0.26363500 0.59000200
vt 0.24328800 0.59000200
vt 0.24997000 0.56000100
vt 0.24997000 0.59000200
vt 0.22992400 0.59000200
vt 0.23660600 0.56000100
vt 0.23660600 0.59000200
vt 0.21656000 0.59000200
vt 0.22324200 0.56000100
vt 0.22324200 0.59000200
vt 0.20316000 0.59000200
vt 0.20986000 0.56000100
vt 0.20986000 0.59000200
vt 0.18942000 0.59000200
vt 0.19629000 0.56000100
vt 0.19629000 0.59000200
vt 0.17548100 0.59000200
vt 0.18245100 0.56000100
vt 0.18245100 0.59000200
vt 0.16178900 0.59000200
vt 0.16863500 0.56000100
vt 0.16863500 0.59000200
vt 0.14842500 0.59000200
vt 0.15510700 0.56000100
vt 0.15510700 0.59000200
vt 0.13506100 0.59000200
vt 0.14174300 0.56000100
vt 0.14174300 0.59000200
vt 0.12169700 0.59000200
vt 0.12837900 0.56000100
vt 0.12837900 0.59000200
vt 0.10833300 0.59000200
vt 0.11501500 0.56000100
vt 0.11501500 0.59000200
vt 0.09483100 0.59000200
vt 0.10158200 0.56000100
vt 0.10158200 0.59000200
vt 0.08109200 0.59000200
vt 0.08796200 0.56000100
vt 0.08796200 0.59000200
vt 0.06743200 0.59000200
vt 0.07426200 0.56000100
vt 0.07426200 0.59000200
vt 0.05329000 0.59000200
vt 0.06036100 0.56000100
vt 0.06036100 0.59000200
vt 0.03966400 0.59000200
vt 0.04647700 0.56000100
vt 0.04647700 0.59000200
vt 0.02603800 0.59000200
vt 0.03285100 0.56000100
vt 0.03285100 0.59000200
vt 0.01289200 0.59000200
vt 0.01946500 0.56000100
vt 0.01946500 0.59000200
vt 0.00000000 0.59000200
vt 0.00644600 0.56000100
vt 0.00644600 0.59000200
vt 0.00000000 0.53000100
vt 0.00993500 0.50000000
vt 0.01987100 0.50000000
vt 0.02980600 0.50000000
vt 0.03974200 0.50000000
vt 0.04967700 0.50000000
vt 0.05961300 0.50000000
vt 0.06954800 0.50000000
vt 0.07948400 0.50000000
vt 0.08941900 0.50000000
vt 0.09935500 0.50000000
vt 0.10929000 0.50000000
vt 0.11922600 0.50000000
vt 0.12916100 0.50000000
vt 0.13909700 0.50000000
vt 0.14903200 0.50000000
vt 0.15896800 0.50000000
vt 0.16890300 0.50000000
vt 0.17883900 0.50000000
vt 0.18877400 0.50000000
vt 0.19871000 0.50000000
vt 0.20864500 0.50000000
vt 0.21858100 0.50000000
vt 0.22851600 0.50000000
vt 0.23845200 0.50000000
vt 0.24838700 0.50000000
vt 0.25832300 0.50000000
vt 0.26825800 0.50000000
vt 0.27819400 0.50000000
vt 0.28812900 0.50000000
vt 0.01289200 0.53000100
vt 0.00644600 0.53000100
vt 0.02603800 0.53000100
vt 0.01946500 0.53000100
vt 0.03966400 0.53000100
vt 0.03285100 0.53000100
vt 0.05329000 0.53000100
vt 0.04647700 0.53000100
vt 0.06743200 0.53000100
vt 0.06036100 0.53000100
vt 0.08109200 0.53000100
vt 0.07426200 0.53000100
vt 0.09483100 0.53000100
vt 0.08796200 0.53000100
vt 0.10833300 0.53000100
vt 0.10158200 0.53000100
vt 0.12169700 0.53000100
vt 0.11501500 0.53000100
vt 0.13506100 0.53000100
vt 0.12837900 0.53000100
vt 0.14842500 0.53000100
vt 0.14174300 0.53000100
vt 0.16178900 0.53000100
vt 0.15510700 0.53000100
vt 0.17548100 0.53000100
vt 0.16863500 0.53000100
vt 0.18942000 0.53000100
vt 0.18245100 0.53000100
vt 0.20316000 0.53000100
vt 0.19629000 0.53000100
vt 0.21656000 0.53000100
vt 0.20986000 0.53000100
vt 0.22992400 0.53000100
vt 0.22324200 0.53000100
vt 0.24328800 0.53000100
vt 0.23660600 0.53000100
vt 0.25665200 0.53000100
vt 0.24997000 0.53000100
vt 0.27061900 0.53000100
vt 0.26363500 0.53000100
vt 0.28404400 0.53000100
vt 0.27733100 0.53000100
vt 0.29105400 0.53000100
vt 0.71991200 0.75343600
vt 0.71991200 0.84677200
vt 0.77178100 0.75343600
vt 0.77178100 0.84677200
vt 0.77178100 0.77677000
vt 0.77178100 0.80010400
vt 0.77178100 0.82343800
vt 0.71991200 0.81566000
vt 0.71991200 0.78454800
vt 0.12000200 0.00000000
vt 0.00000000 0.00000000
vt 0.10500200 0.02619000
vt 0.09000200 0.02619000
vt 0.07500100 0.02619000
vt 0.06000100 0.02619000
vt 0.04500100 0.02619000
vt 0.03000100 0.02619000
vt 0.01500000 0.02619000
vt 0.10500200 0.05237900
vt 0.09000200 0.05237900
vt 0.07500100 0.05237900
vt 0.06000100 0.05237900
vt 0.04500100 0.05237900
vt 0.03000100 0.05237900
vt 0.01500000 0.05237900
vt 0.10500200 0.07856900
vt 0.09000200 0.07856900
vt 0.03000100 0.07856900
vt 0.01500000 0.07856900
vt 0.10500200 0.10475900
vt 0.09000200 0.10475900
vt 0.03000100 0.10475900
vt 0.01500000 0.10475900
vt 0.10500200 0.13094800
vt 0.09000200 0.13094800
vt 0.07500100 0.13094800
vt 0.06000100 0.13094800
vt 0.04500100 0.13094800
vt 0.03000100 0.13094800
vt 0.01500000 0.13094800
vt 0.10500200 0.15713800
vt 0.09000200 0.15713800
vt 0.07500100 0.15713800
vt 0.06000100 0.15713800
vt 0.04500100 0.15713800
vt 0.03000100 0.15713800
vt 0.01500000 0.15713800
vt 0.10500200 0.18332800
vt 0.09000200 0.18332800
vt 0.07500100 0.18332800
vt 0.06000100 0.18332800
vt 0.04500100 0.18332800
vt 0.03000100 0.18332800
vt 0.01500000 0.18332800
vt 0.10500200 0.20951800
vt 0.09000200 0.20951800
vt 0.03000100 0.20951800
vt 0.01500000 0.20951800
vt 0.10500200 0.23570700
vt 0.09000200 0.23570700
vt 0.03000100 0.23570700
vt 0.01500000 0.23570700
vt 0.10500200 0.26189700
vt 0.09000200 0.26189700
vt 0.07500100 0.26189700
vt 0.06000100 0.26189700
vt 0.04500100 0.26189700
vt 0.03000100 0.26189700
vt 0.01500000 0.26189700
vt 0.10500200 0.28808700
vt 0.09000200 0.28808700
vt 0.07500100 0.28808700
vt 0.06000100 0.28808700
vt 0.04500100 0.28808700
vt 0.03000100 0.28808700
vt 0.01500000 0.28808700
vt 0.10500200 0.31427600
vt 0.09000200 0.31427600
vt 0.07500100 0.31427600
vt 0.06000100 0.31427600
vt 0.04500100 0.31427600
vt 0.03000100 0.31427600
vt 0.01500000 0.31427600
vt 0.12000200 0.34046600
vt 0.00000000 0.34046600
vt 0.00000000 0.32155100
vt 0.00000000 0.30263600
vt 0.00000000 0.28372200
vt 0.00000000 0.26480700
vt 0.00000000 0.24589200
vt 0.00000000 0.22697700
vt 0.00000000 0.20806300
vt 0.00000000 0.18914800
vt 0.00000000 0.17023300
vt 0.00000000 0.15131800
vt 0.00000000 0.13240300
vt 0.00000000 0.11348900
vt 0.00000000 0.09457400
vt 0.00000000 0.07565900
vt 0.00000000 0.05674400
vt 0.00000000 0.03783000
vt 0.00000000 0.01891500
vt 0.01714300 0.00000000
vt 0.03428600 0.00000000
vt 0.05143000 0.00000000
vt 0.06857300 0.00000000
vt 0.08571600 0.00000000
vt 0.10285900 0.00000000
vt 0.12000200 0.01891500
vt 0.12000200 0.03783000
vt 0.12000200 0.05674400
vt 0.12000200 0.07565900
vt 0.12000200 0.09457400
vt 0.12000200 0.11348900
vt 0.12000200 0.13240300
vt 0.12000200 0.15131800
vt 0.12000200 0.17023300
vt 0.12000200 0.18914800
vt 0.12000200 0.20806300
vt 0.12000200 0.22697700
vt 0.12000200 0.24589200
vt 0.12000200 0.26480700
vt 0.12000200 0.28372200
vt 0.12000200 0.30263600
vt 0.12000200 0.32155100
vt 0.10285900 0.34046600
vt 0.08571600 0.34046600
vt 0.06857300 0.34046600
vt 0.05143000 0.34046600
vt 0.03428600 0.34046600
vt 0.01714300 0.34046600
vt 0.06000100 0.19800400
vt 0.05045600 0.20018300
vt 0.04280100 0.20628700
vt 0.03855200 0.21510900
vt 0.03855200 0.22490000
vt 0.04280100 0.23372100
vt 0.05045600 0.23982600
vt 0.06000100 0.24200500
vt 0.06954700 0.23982600
vt 0.07720200 0.23372100
vt 0.08145000 0.22490000
vt 0.08145000 0.21510900
vt 0.07720200 0.20628700
vt 0.06954700 0.20018300
vt 0.06000100 0.06466800
vt 0.05045600 0.06684700
vt 0.04280100 0.07295100
vt 0.03855200 0.08177300
vt 0.03855200 0.09156400
vt 0.04280100 0.10038500
vt 0.05045600 0.10649000
vt 0.06000100 0.10866900
vt 0.06954700 0.10649000
vt 0.07720200 0.10038500
vt 0.08145000 0.09156400
vt 0.08145000 0.08177300
vt 0.07720200 0.07295100
vt 0.06954700 0.06684700
vt 0.64736000 0.00000000
vt 0.64736000 0.12000200
vt 0.67979500 0.12000200
vt 0.64736000 0.09000200
vt 0.64736000 0.06000100
vt 0.64736000 0.03000100
vt 0.66357700 0.00000000
vt 0.67979500 0.06000100
vt 0.67979500 0.00000000
vt 0.67979500 0.03000100
vt 0.67979500 0.09000200
vt 0.66357700 0.12000200
vt 0.10372000 0.65205900
vt 0.08890300 0.65205900
vt 0.07408600 0.65205900
vt 0.05926900 0.65205900
vt 0.04445200 0.65205900
vt 0.02963400 0.65205900
vt 0.01481700 0.65205900
vt 0.10372000 0.67543600
vt 0.08890300 0.67543600
vt 0.07408600 0.67543600
vt 0.05926900 0.67543600
vt 0.04445200 0.67543600
vt 0.02963400 0.67543600
vt 0.01481700 0.67543600
vt 0.10372000 0.69881200
vt 0.08890300 0.69881200
vt 0.07408600 0.69881200
vt 0.05926900 0.69881200
vt 0.04445200 0.69881200
vt 0.02963400 0.69881200
vt 0.01481700 0.69881200
vt 0.10372000 0.72218900
vt 0.08890300 0.72218900
vt 0.02963400 0.72218900
vt 0.01481700 0.72218900
vt 0.10372000 0.74556500
vt 0.08890300 0.74556500
vt 0.02963400 0.74556500
vt 0.01481700 0.74556500
vt 0.10372000 0.76894200
vt 0.08890300 0.76894200
vt 0.07408600 0.76894200
vt 0.05926900 0.76894200
vt 0.04445200 0.76894200
vt 0.02963400 0.76894200
vt 0.01481700 0.76894200
vt 0.10372000 0.79231900
vt 0.08890300 0.79231900
vt 0.07408600 0.79231900
vt 0.05926900 0.79231900
vt 0.04445200 0.79231900
vt 0.02963400 0.79231900
vt 0.01481700 0.79231900
vt 0.10372000 0.81569500
vt 0.08890300 0.81569500
vt 0.07408600 0.81569500
vt 0.05926900 0.81569500
vt 0.04445200 0.81569500
vt 0.02963400 0.81569500
vt 0.01481700 0.81569500
vt 0.10372000 0.83907200
vt 0.08890300 0.83907200
vt 0.07408600 0.83907200
vt 0.04445200 0.83907200
vt 0.02963400 0.83907200
vt 0.01481700 0.83907200
vt 0.10372000 0.86244900
vt 0.08890300 0.86244900
vt 0.02963400 0.86244900
vt 0.01481700 0.86244900
vt 0.10372000 0.88582500
vt 0.08890300 0.88582500
vt 0.07408600 0.88582500
vt 0.04445200 0.88582500
vt 0.02963400 0.88582500
vt 0.01481700 0.88582500
vt 0.10372000 0.90920200
vt 0.08890300 0.90920200
vt 0.07408600 0.90920200
vt 0.04445200 0.90920200
vt 0.02963400 0.90920200
vt 0.01481700 0.90920200
vt 0.11853700 0.93257900
vt 0.00000000 0.93257900
vt 0.00658500 0.62868200
vt 0.02163800 0.62868200
vt 0.03669000 0.62868200
vt 0.05174300 0.62868200
vt 0.06679500 0.62868200
vt 0.08184700 0.62868200
vt 0.09690000 0.62868200
vt 0.11195200 0.62868200
vt 0.00000000 0.91509500
vt 0.00000000 0.89761000
vt 0.00000000 0.88012600
vt 0.00000000 0.86264200
vt 0.00000000 0.84515800
vt 0.00000000 0.82767400
vt 0.00000000 0.81019000
vt 0.00000000 0.79270600
vt 0.00000000 0.77522200
vt 0.00000000 0.75773800
vt 0.00000000 0.74025400
vt 0.00000000 0.72276900
vt 0.00000000 0.70528500
vt 0.00000000 0.68780100
vt 0.00000000 0.67031700
vt 0.00000000 0.65283300
vt 0.00000000 0.63534900
vt 0.10160400 0.93257900
vt 0.08467000 0.93257900
vt 0.06773600 0.93257900
vt 0.05080200 0.93257900
vt 0.03386800 0.93257900
vt 0.01693400 0.93257900
vt 0.11853700 0.63534900
vt 0.11853700 0.65283300
vt 0.11853700 0.67031700
vt 0.11853700 0.68780100
vt 0.11853700 0.70528500
vt 0.11853700 0.72276900
vt 0.11853700 0.74025400
vt 0.11853700 0.75773800
vt 0.11853700 0.77522200
vt 0.11853700 0.79270600
vt 0.11853700 0.81019000
vt 0.11853700 0.82767400
vt 0.11853700 0.84515800
vt 0.11853700 0.86264200
vt 0.11853700 0.88012600
vt 0.11853700 0.89761000
vt 0.11853700 0.91509500
vt 0.05926900 0.84002000
vt 0.04916900 0.84254000
vt 0.04138400 0.84952200
vt 0.03769500 0.85936800
vt 0.03894900 0.86982100
vt 0.04485800 0.87848800
vt 0.05406800 0.88338100
vt 0.06447000 0.88338100
vt 0.07368000 0.87848800
vt 0.07958800 0.86982100
vt 0.08084200 0.85936800
vt 0.07715400 0.84952200
vt 0.06936800 0.84254000
vt 0.05926900 0.70668400
vt 0.04916900 0.70920400
vt 0.04138400 0.71618600
vt 0.03769500 0.72603200
vt 0.03894900 0.73648600
vt 0.04485800 0.74515200
vt 0.05406800 0.75004500
vt 0.06447000 0.75004500
vt 0.07368000 0.74515200
vt 0.07958800 0.73648600
vt 0.08084200 0.72603200
vt 0.07715400 0.71618600
vt 0.06936800 0.70920400
vt 0.71844700 0.63720500
vt 0.59990900 0.63720500
vt 0.65917800 0.64943200
vt 0.65917800 0.66206200
vt 0.65917800 0.67419200
vt 0.65917800 0.68612100
vt 0.65917800 0.69786000
vt 0.65917800 0.70946300
vt 0.65917800 0.72106600
vt 0.65917800 0.73266900
vt 0.65917800 0.74427300
vt 0.65917800 0.75641200
vt 0.65917800 0.76846800
vt 0.65917800 0.78005400
vt 0.65917800 0.79200200
vt 0.65917800 0.80335000
vt 0.65917800 0.81469800
vt 0.65917800 0.82604600
vt 0.65917800 0.83739400
vt 0.71844700 0.84874200
vt 0.65917800 0.84874200
vt 0.59990900 0.84874200
vt 0.62361700 0.63720500
vt 0.64732500 0.63720500
vt 0.67103200 0.63720500
vt 0.69473900 0.63720500
vt 0.71844700 0.64601900
vt 0.71844700 0.65483300
vt 0.71844700 0.66364700
vt 0.71844700 0.67246200
vt 0.71844700 0.68127600
vt 0.71844700 0.69009000
vt 0.71844700 0.69890400
vt 0.71844700 0.70771800
vt 0.71844700 0.71653200
vt 0.71844700 0.72534600
vt 0.71844700 0.73416000
vt 0.71844700 0.74297400
vt 0.71844700 0.75178800
vt 0.71844700 0.76060200
vt 0.71844700 0.76941600
vt 0.71844700 0.77823000
vt 0.71844700 0.78704400
vt 0.71844700 0.79585800
vt 0.71844700 0.80467200
vt 0.71844700 0.81348600
vt 0.71844700 0.82230000
vt 0.71844700 0.83111400
vt 0.71844700 0.83992800
vt 0.68881300 0.64943200
vt 0.65917800 0.64331800
vt 0.68881300 0.64331800
vt 0.68881300 0.66206200
vt 0.65917800 0.65574700
vt 0.68881300 0.65574700
vt 0.68881300 0.67419200
vt 0.65917800 0.66812700
vt 0.68881300 0.66812700
vt 0.68881300 0.68612100
vt 0.65917800 0.68015600
vt 0.68881300 0.68015600
vt 0.68881300 0.69786000
vt 0.65917800 0.69199000
vt 0.68881300 0.69199000
vt 0.68881300 0.70946300
vt 0.65917800 0.70366200
vt 0.68881300 0.70366200
vt 0.68881300 0.72106600
vt 0.65917800 0.71526500
vt 0.68881300 0.71526500
vt 0.68881300 0.73266900
vt 0.65917800 0.72686800
vt 0.68881300 0.72686800
vt 0.68881300 0.74427300
vt 0.65917800 0.73847100
vt 0.68881300 0.73847100
vt 0.68881300 0.75641200
vt 0.65917800 0.75034200
vt 0.68881300 0.75034200
vt 0.68881300 0.76846800
vt 0.65917800 0.76244000
vt 0.68881300 0.76244000
vt 0.68881300 0.78005400
vt 0.65917800 0.77426100
vt 0.68881300 0.77426100
vt 0.68881300 0.79200200
vt 0.65917800 0.78602800
vt 0.68881300 0.78602800
vt 0.68881300 0.80335000
vt 0.65917800 0.79767600
vt 0.68881300 0.79767600
vt 0.68881300 0.81469800
vt 0.65917800 0.80902400
vt 0.68881300 0.80902400
vt 0.68881300 0.82604600
vt 0.65917800 0.82037200
vt 0.68881300 0.82037200
vt 0.68881300 0.83739400
vt 0.65917800 0.83172000
vt 0.68881300 0.83172000
vt 0.68881300 0.84874200
vt 0.65917800 0.84306800
vt 0.68881300 0.84306800
vt 0.62954400 0.84874200
vt 0.59990900 0.83992800
vt 0.59990900 0.83111400
vt 0.59990900 0.82230000
vt 0.59990900 0.81348600
vt 0.59990900 0.80467200
vt 0.59990900 0.79585800
vt 0.59990900 0.78704400
vt 0.59990900 0.77823000
vt 0.59990900 0.76941600
vt 0.59990900 0.76060200
vt 0.59990900 0.75178800
vt 0.59990900 0.74297400
vt 0.59990900 0.73416000
vt 0.59990900 0.72534600
vt 0.59990900 0.71653200
vt 0.59990900 0.70771800
vt 0.59990900 0.69890400
vt 0.59990900 0.69009000
vt 0.59990900 0.68127600
vt 0.59990900 0.67246200
vt 0.59990900 0.66364700
vt 0.59990900 0.65483300
vt 0.59990900 0.64601900
vt 0.62954400 0.83739400
vt 0.62954400 0.84306800
vt 0.62954400 0.82604600
vt 0.62954400 0.83172000
vt 0.62954400 0.81469800
vt 0.62954400 0.82037200
vt 0.62954400 0.80335000
vt 0.62954400 0.80902400
vt 0.62954400 0.79200200
vt 0.62954400 0.79767600
vt 0.62954400 0.78005400
vt 0.62954400 0.78602800
vt 0.62954400 0.76846800
vt 0.62954400 0.77426100
vt 0.62954400 0.75641200
vt 0.62954400 0.76244000
vt 0.62954400 0.74427300
vt 0.62954400 0.75034200
vt 0.62954400 0.73266900
vt 0.62954400 0.73847100
vt 0.62954400 0.72106600
vt 0.62954400 0.72686800
vt 0.62954400 0.70946300
vt 0.62954400 0.71526500
vt 0.62954400 0.69786000
vt 0.62954400 0.70366200
vt 0.62954400 0.68612100
vt 0.62954400 0.69199000
vt 0.62954400 0.67419200
vt 0.62954400 0.68015600
vt 0.62954400 0.66206200
vt 0.62954400 0.66812700
vt 0.62954400 0.64943200
vt 0.62954400 0.65574700
vt 0.62954400 0.64331800
vt 0.17833400 0.12000200
vt 0.23953600 0.00000000
vt 0.23953600 0.12000200
vt 0.23953600 0.03000100
vt 0.23953600 0.06000100
vt 0.23953600 0.09000200
vt 0.20893500 0.12000200
vt 0.20893500 0.06000100
vt 0.17833400 0.00000000
vt 0.19873400 0.00000000
vt 0.21913500 0.00000000
vt 0.17833400 0.09600200
vt 0.17833400 0.07200100
vt 0.17833400 0.04800100
vt 0.17833400 0.02400000
vt 0.22423600 0.12000200
vt 0.19363400 0.12000200
vt 0.20893500 0.09000200
vt 0.22423600 0.06000100
vt 0.22423600 0.09000200
vt 0.19363400 0.06000100
vt 0.19363400 0.09000200
vt 0.74778300 0.00000000
vt 0.74778300 0.12000200
vt 0.75678500 0.04000100
vt 0.75678500 0.08000200
vt 0.76521400 0.04000100
vt 0.76521400 0.08000200
vt 0.77354700 0.04000100
vt 0.77354700 0.08000200
vt 0.78188000 0.00000000
vt 0.78188000 0.12000200
vt 0.74778300 0.10285900
vt 0.74778300 0.08571600
vt 0.74778300 0.06857300
vt 0.74778300 0.05143000
vt 0.74778300 0.03428600
vt 0.74778300 0.01714300
vt 0.78188000 0.03000100
vt 0.78188000 0.06000100
vt 0.78188000 0.09000200
vt 0.75460200 0.00000000
vt 0.76142200 0.00000000
vt 0.76824100 0.00000000
vt 0.77506000 0.00000000
vt 0.75678500 0.02000000
vt 0.75228400 0.04000100
vt 0.75228400 0.02000000
vt 0.76521400 0.02000000
vt 0.76100000 0.04000100
vt 0.76100000 0.02000000
vt 0.77354700 0.02000000
vt 0.76938100 0.04000100
vt 0.76938100 0.02000000
vt 0.77771300 0.04000100
vt 0.77771300 0.02000000
vt 0.77506000 0.12000200
vt 0.76824100 0.12000200
vt 0.76142200 0.12000200
vt 0.75460200 0.12000200
vt 0.77354700 0.10000200
vt 0.77771300 0.08000200
vt 0.77771300 0.10000200
vt 0.76521400 0.10000200
vt 0.76938100 0.08000200
vt 0.76938100 0.10000200
vt 0.75678500 0.10000200
vt 0.76100000 0.08000200
vt 0.76100000 0.10000200
vt 0.75228400 0.08000200
vt 0.75228400 0.10000200
vt 0.77324600 0.75343600
vt 0.77324600 0.87343900
vt 0.78149600 0.79343700
vt 0.78149600 0.83343800
vt 0.78919200 0.79343700
vt 0.78919200 0.83343800
vt 0.79679500 0.79343700
vt 0.79679500 0.83343800
vt 0.80439800 0.87343900
vt 0.77324600 0.85629600
vt 0.77324600 0.83915200
vt 0.77324600 0.82200900
vt 0.77324600 0.80486600
vt 0.77324600 0.78772300
vt 0.77324600 0.77058000
vt 0.80439800 0.75343600
vt 0.80439800 0.78343700
vt 0.80439800 0.81343800
vt 0.80439800 0.84343800
vt 0.79816800 0.87343900
vt 0.79193700 0.87343900
vt 0.78570700 0.87343900
vt 0.77947700 0.87343900
vt 0.79679500 0.85343800
vt 0.80059700 0.83343800
vt 0.80059700 0.85343800
vt 0.78919200 0.85343800
vt 0.79299400 0.83343800
vt 0.79299400 0.85343800
vt 0.78149600 0.85343800
vt 0.78534400 0.83343800
vt 0.78534400 0.85343800
vt 0.77737100 0.83343800
vt 0.77737100 0.85343800
vt 0.77947700 0.75343600
vt 0.78570700 0.75343600
vt 0.79193700 0.75343600
vt 0.79816800 0.75343600
vt 0.78149600 0.77343700
vt 0.77737100 0.79343700
vt 0.77737100 0.77343700
vt 0.78919200 0.77343700
vt 0.78534400 0.79343700
vt 0.78534400 0.77343700
vt 0.79679500 0.77343700
vt 0.79299400 0.79343700
vt 0.79299400 0.77343700
vt 0.80059700 0.79343700
vt 0.80059700 0.77343700
vt 0.72213600 0.12000200
vt 0.73058300 0.04000100
vt 0.73058300 0.08000200
vt 0.73906800 0.00000000
vt 0.73906800 0.12000200
vt 0.73906800 0.03000100
vt 0.73906800 0.06000100
vt 0.73906800 0.09000200
vt 0.72213600 0.09000200
vt 0.72213600 0.06000100
vt 0.72213600 0.03000100
vt 0.73342400 0.12000200
vt 0.72778000 0.12000200
vt 0.73058300 0.10000200
vt 0.73482500 0.08000200
vt 0.73482500 0.10000200
vt 0.72635900 0.08000200
vt 0.72635900 0.10000200
vt 0.72213600 0.00000000
vt 0.72778000 0.00000000
vt 0.73342400 0.00000000
vt 0.73058300 0.02000000
vt 0.72635900 0.04000100
vt 0.72635900 0.02000000
vt 0.73482500 0.04000100
vt 0.73482500 0.02000000
vt 0.16026900 0.00000000
vt 0.16026900 0.12000200
vt 0.16853900 0.04000100
vt 0.16853900 0.08000200
vt 0.17686900 0.00000000
vt 0.17686900 0.12000200
vt 0.16026900 0.09000200
vt 0.16026900 0.06000100
vt 0.16026900 0.03000100
vt 0.17686900 0.03000100
vt 0.17686900 0.06000100
vt 0.17686900 0.09000200
vt 0.17133600 0.12000200
vt 0.16580200 0.12000200
vt 0.16853900 0.10000200
vt 0.17270400 0.08000200
vt 0.17270400 0.10000200
vt 0.16440400 0.08000200
vt 0.16440400 0.10000200
vt 0.16580200 0.00000000
vt 0.17133600 0.00000000
vt 0.16853900 0.02000000
vt 0.16440400 0.04000100
vt 0.16440400 0.02000000
vt 0.17270400 0.04000100
vt 0.17270400 0.02000000
vt 0.69649000 0.00000000
vt 0.69649000 0.12000200
vt 0.70498800 0.04000100
vt 0.70498800 0.08000200
vt 0.69649000 0.09600200
vt 0.69649000 0.07200100
vt 0.69649000 0.04800100
vt 0.69649000 0.02400000
vt 0.71342100 0.00000000
vt 0.71342100 0.02400000
vt 0.71342100 0.04800100
vt 0.71342100 0.07200100
vt 0.71342100 0.09600200
vt 0.70213400 0.00000000
vt 0.70777800 0.00000000
vt 0.70498800 0.02000000
vt 0.70073900 0.04000100
vt 0.70073900 0.02000000
vt 0.70920500 0.04000100
vt 0.70920500 0.02000000
vt 0.71342100 0.12000200
vt 0.70777800 0.12000200
vt 0.70213400 0.12000200
vt 0.70498800 0.10000200
vt 0.70920500 0.08000200
vt 0.70920500 0.10000200
vt 0.70073900 0.08000200
vt 0.70073900 0.10000200
vt 0.96992400 0.50000000
vt 0.93805500 0.50000000
vt 0.96992400 0.64661400
vt 0.96992400 0.79322800
vt 0.93805500 0.79322800
vt 0.96992400 0.50977400
vt 0.96992400 0.51954900
vt 0.96992400 0.52932300
vt 0.96992400 0.53909700
vt 0.96992400 0.54887100
vt 0.96992400 0.55864600
vt 0.96992400 0.56842000
vt 0.96992400 0.57819400
vt 0.96992400 0.58796800
vt 0.96992400 0.59774300
vt 0.96992400 0.60751700
vt 0.96992400 0.61729100
vt 0.96992400 0.62706500
vt 0.96992400 0.63684000
vt 0.96992400 0.65638800
vt 0.96992400 0.66616300
vt 0.96992400 0.67593700
vt 0.96992400 0.68571100
vt 0.96992400 0.69548500
vt 0.96992400 0.70526000
vt 0.96992400 0.71503400
vt 0.96992400 0.72480800
vt 0.96992400 0.73458200
vt 0.96992400 0.74435700
vt 0.96992400 0.75413100
vt 0.96992400 0.76390500
vt 0.96992400 0.77367900
vt 0.96992400 0.78345400
vt 0.93805500 0.77779500
vt 0.93805500 0.76236200
vt 0.93805500 0.74692900
vt 0.93805500 0.73149600
vt 0.93805500 0.71606300
vt 0.93805500 0.70063000
vt 0.93805500 0.68519700
vt 0.93805500 0.66976400
vt 0.93805500 0.65433100
vt 0.93805500 0.63889700
vt 0.93805500 0.62346400
vt 0.93805500 0.60803100
vt 0.93805500 0.59259800
vt 0.93805500 0.57716500
vt 0.93805500 0.56173200
vt 0.93805500 0.54629900
vt 0.93805500 0.53086600
vt 0.93805500 0.51543300
vt 0.80609700 0.29641200
vt 0.80725900 0.30598500
vt 0.81067800 0.31500100
vt 0.81615600 0.32293700
vt 0.82337400 0.32933200
vt 0.83191300 0.33381300
vt 0.84127600 0.33612100
vt 0.85091900 0.33612100
vt 0.86028200 0.33381300
vt 0.86882000 0.32933200
vt 0.87603800 0.32293700
vt 0.88151600 0.31500100
vt 0.88493600 0.30598500
vt 0.88609800 0.29641200
vt 0.88493600 0.28683900
vt 0.88151600 0.27782300
vt 0.87603800 0.26988600
vt 0.86882000 0.26349200
vt 0.86028200 0.25901100
vt 0.85091900 0.25670300
vt 0.84127600 0.25670300
vt 0.83191300 0.25901100
vt 0.82337400 0.26349200
vt 0.81615600 0.26988600
vt 0.81067800 0.27782300
vt 0.80725900 0.28683900
vt 0.89276500 0.29641200
vt 0.89174500 0.30611500
vt 0.88873000 0.31539300
vt 0.88385200 0.32384200
vt 0.87732400 0.33109300
vt 0.86943100 0.33682700
vt 0.86051800 0.34079500
vt 0.85097500 0.34282400
vt 0.84121900 0.34282400
vt 0.83167600 0.34079500
vt 0.82276400 0.33682700
vt 0.81487100 0.33109300
vt 0.80834200 0.32384200
vt 0.80346400 0.31539300
vt 0.80045000 0.30611500
vt 0.79943000 0.29641200
vt 0.80045000 0.28670900
vt 0.80346400 0.27743100
vt 0.80834200 0.26898100
vt 0.81487100 0.26173100
vt 0.82276400 0.25599700
vt 0.83167600 0.25202800
vt 0.84121900 0.25000000
vt 0.85097500 0.25000000
vt 0.86051800 0.25202800
vt 0.86943100 0.25599700
vt 0.87732400 0.26173100
vt 0.88385200 0.26898100
vt 0.88873000 0.27743100
vt 0.89174500 0.28670900
vt 0.93659000 0.50000000
vt 0.90472100 0.50000000
vt 0.93659000 0.64661400
vt 0.93659000 0.79322800
vt 0.90472100 0.79322800
vt 0.93659000 0.50977400
vt 0.93659000 0.51954900
vt 0.93659000 0.52932300
vt 0.93659000 0.53909700
vt 0.93659000 0.54887100
vt 0.93659000 0.55864600
vt 0.93659000 0.56842000
vt 0.93659000 0.57819400
vt 0.93659000 0.58796800
vt 0.93659000 0.59774300
vt 0.93659000 0.60751700
vt 0.93659000 0.61729100
vt 0.93659000 0.62706500
vt 0.93659000 0.63684000
vt 0.93659000 0.65638800
vt 0.93659000 0.66616300
vt 0.93659000 0.67593700
vt 0.93659000 0.68571100
vt 0.93659000 0.69548500
vt 0.93659000 0.70526000
vt 0.93659000 0.71503400
vt 0.93659000 0.72480800
vt 0.93659000 0.73458200
vt 0.93659000 0.74435700
vt 0.93659000 0.75413100
vt 0.93659000 0.76390500
vt 0.93659000 0.77367900
vt 0.93659000 0.78345400
vt 0.90472100 0.77779500
vt 0.90472100 0.76236200
vt 0.90472100 0.74692900
vt 0.90472100 0.73149600
vt 0.90472100 0.71606300
vt 0.90472100 0.70063000
vt 0.90472100 0.68519700
vt 0.90472100 0.66976400
vt 0.90472100 0.65433100
vt 0.90472100 0.63889700
vt 0.90472100 0.62346400
vt 0.90472100 0.60803100
vt 0.90472100 0.59259800
vt 0.90472100 0.57716500
vt 0.90472100 0.56173200
vt 0.90472100 0.54629900
vt 0.90472100 0.53086600
vt 0.90472100 0.51543300
vt 0.80609700 0.04641200
vt 0.80725900 0.05598500
vt 0.81067800 0.06500100
vt 0.81615600 0.07293700
vt 0.82337400 0.07933200
vt 0.83191300 0.08381300
vt 0.84127600 0.08612100
vt 0.85091900 0.08612100
vt 0.86028200 0.08381300
vt 0.86882000 0.07933200
vt 0.87603800 0.07293700
vt 0.88151600 0.06500100
vt 0.88493600 0.05598500
vt 0.88609800 0.04641200
vt 0.88493600 0.03683900
vt 0.88151600 0.02782300
vt 0.87603800 0.01988600
vt 0.86882000 0.01349200
vt 0.86028200 0.00901100
vt 0.85091900 0.00670300
vt 0.84127600 0.00670300
vt 0.83191300 0.00901100
vt 0.82337400 0.01349200
vt 0.81615600 0.01988600
vt 0.81067800 0.02782300
vt 0.80725900 0.03683900
vt 0.89276500 0.04641200
vt 0.89174500 0.05611500
vt 0.88873000 0.06539300
vt 0.88385200 0.07384200
vt 0.87732400 0.08109300
vt 0.86943100 0.08682700
vt 0.86051800 0.09079500
vt 0.85097500 0.09282400
vt 0.84121900 0.09282400
vt 0.83167600 0.09079500
vt 0.82276400 0.08682700
vt 0.81487100 0.08109300
vt 0.80834200 0.07384200
vt 0.80346400 0.06539300
vt 0.80045000 0.05611500
vt 0.79943000 0.04641200
vt 0.80045000 0.03670900
vt 0.80346400 0.02743100
vt 0.80834200 0.01898100
vt 0.81487100 0.01173100
vt 0.82276400 0.00599700
vt 0.83167600 0.00202800
vt 0.84121900 0.00000000
vt 0.85097500 0.00000000
vt 0.86051800 0.00202800
vt 0.86943100 0.00599700
vt 0.87732400 0.01173100
vt 0.88385200 0.01898100
vt 0.88873000 0.02743100
vt 0.89174500 0.03670900
vt 0.93307300 0.00000000
vt 0.89973900 0.00000000
vt 0.93307300 0.14661400
vt 0.93307300 0.29322800
vt 0.89973900 0.29322800
vt 0.93307300 0.00977400
vt 0.93307300 0.01954900
vt 0.93307300 0.02932300
vt 0.93307300 0.03909700
vt 0.93307300 0.04887100
vt 0.93307300 0.05864600
vt 0.93307300 0.06842000
vt 0.93307300 0.07819400
vt 0.93307300 0.08796800
vt 0.93307300 0.09774300
vt 0.93307300 0.10751700
vt 0.93307300 0.11729100
vt 0.93307300 0.12706500
vt 0.93307300 0.13684000
vt 0.93307300 0.15638800
vt 0.93307300 0.16616300
vt 0.93307300 0.17593700
vt 0.93307300 0.18571100
vt 0.93307300 0.19548500
vt 0.93307300 0.20526000
vt 0.93307300 0.21503400
vt 0.93307300 0.22480800
vt 0.93307300 0.23458200
vt 0.93307300 0.24435700
vt 0.93307300 0.25413100
vt 0.93307300 0.26390500
vt 0.93307300 0.27367900
vt 0.93307300 0.28345400
vt 0.89973900 0.27779500
vt 0.89973900 0.26236200
vt 0.89973900 0.24692900
vt 0.89973900 0.23149600
vt 0.89973900 0.21606300
vt 0.89973900 0.20063000
vt 0.89973900 0.18519700
vt 0.89973900 0.16976400
vt 0.89973900 0.15433100
vt 0.89973900 0.13889700
vt 0.89973900 0.12346400
vt 0.89973900 0.10803100
vt 0.89973900 0.09259800
vt 0.89973900 0.07716500
vt 0.89973900 0.06173200
vt 0.89973900 0.04629900
vt 0.89973900 0.03086600
vt 0.89973900 0.01543300
vt 0.74608200 0.36967000
vt 0.75565400 0.36850800
vt 0.76467100 0.36508800
vt 0.77260700 0.35961000
vt 0.77900200 0.35239200
vt 0.78348300 0.34385400
vt 0.78579100 0.33449100
vt 0.78579100 0.32484800
vt 0.78348300 0.31548500
vt 0.77900200 0.30694600
vt 0.77260700 0.29972800
vt 0.76467100 0.29425100
vt 0.75565400 0.29083100
vt 0.74608200 0.28966900
vt 0.73650900 0.29083100
vt 0.72749200 0.29425100
vt 0.71955600 0.29972800
vt 0.71316200 0.30694600
vt 0.70868000 0.31548500
vt 0.70637200 0.32484800
vt 0.70637200 0.33449100
vt 0.70868000 0.34385400
vt 0.71316200 0.35239200
vt 0.71955600 0.35961000
vt 0.72749200 0.36508800
vt 0.73650900 0.36850800
vt 0.74608200 0.37633700
vt 0.73637900 0.37531700
vt 0.72710000 0.37230200
vt 0.71865100 0.36742400
vt 0.71140100 0.36089600
vt 0.70566600 0.35300300
vt 0.70169800 0.34409100
vt 0.69967000 0.33454800
vt 0.69967000 0.32479100
vt 0.70169800 0.31524800
vt 0.70566600 0.30633600
vt 0.71140100 0.29844300
vt 0.71865100 0.29191500
vt 0.72710000 0.28703700
vt 0.73637900 0.28402200
vt 0.74608200 0.28300200
vt 0.75578400 0.28402200
vt 0.76506300 0.28703700
vt 0.77351200 0.29191500
vt 0.78076200 0.29844300
vt 0.78649700 0.30633600
vt 0.79046500 0.31524800
vt 0.79249300 0.32479100
vt 0.79249300 0.33454800
vt 0.79046500 0.34409100
vt 0.78649700 0.35300300
vt 0.78076200 0.36089600
vt 0.77351200 0.36742400
vt 0.76506300 0.37230200
vt 0.75578400 0.37531700
vt 0.96889800 0.00000000
vt 0.93556400 0.00000000
vt 0.96889800 0.14661400
vt 0.96889800 0.29322800
vt 0.93556400 0.29322800
vt 0.96889800 0.00977400
vt 0.96889800 0.01954900
vt 0.96889800 0.02932300
vt 0.96889800 0.03909700
vt 0.96889800 0.04887100
vt 0.96889800 0.05864600
vt 0.96889800 0.06842000
vt 0.96889800 0.07819400
vt 0.96889800 0.08796800
vt 0.96889800 0.09774300
vt 0.96889800 0.10751700
vt 0.96889800 0.11729100
vt 0.96889800 0.12706500
vt 0.96889800 0.13684000
vt 0.96889800 0.15638800
vt 0.96889800 0.16616300
vt 0.96889800 0.17593700
vt 0.96889800 0.18571100
vt 0.96889800 0.19548500
vt 0.96889800 0.20526000
vt 0.96889800 0.21503400
vt 0.96889800 0.22480800
vt 0.96889800 0.23458200
vt 0.96889800 0.24435700
vt 0.96889800 0.25413100
vt 0.96889800 0.26390500
vt 0.96889800 0.27367900
vt 0.96889800 0.28345400
vt 0.93556400 0.27779500
vt 0.93556400 0.26236200
vt 0.93556400 0.24692900
vt 0.93556400 0.23149600
vt 0.93556400 0.21606300
vt 0.93556400 0.20063000
vt 0.93556400 0.18519700
vt 0.93556400 0.16976400
vt 0.93556400 0.15433100
vt 0.93556400 0.13889700
vt 0.93556400 0.12346400
vt 0.93556400 0.10803100
vt 0.93556400 0.09259800
vt 0.93556400 0.07716500
vt 0.93556400 0.06173200
vt 0.93556400 0.04629900
vt 0.93556400 0.03086600
vt 0.93556400 0.01543300
vt 0.64632100 0.36967000
vt 0.65589400 0.36850800
vt 0.66491100 0.36508800
vt 0.67284700 0.35961000
vt 0.67924100 0.35239200
vt 0.68372300 0.34385400
vt 0.68603100 0.33449100
vt 0.68603100 0.32484800
vt 0.68372300 0.31548500
vt 0.67924100 0.30694600
vt 0.67284700 0.29972800
vt 0.66491100 0.29425100
vt 0.65589400 0.29083100
vt 0.64632100 0.28966900
vt 0.63674900 0.29083100
vt 0.62773200 0.29425100
vt 0.61979600 0.29972800
vt 0.61340100 0.30694600
vt 0.60892000 0.31548500
vt 0.60661200 0.32484800
vt 0.60661200 0.33449100
vt 0.60892000 0.34385400
vt 0.61340100 0.35239200
vt 0.61979600 0.35961000
vt 0.62773200 0.36508800
vt 0.63674900 0.36850800
vt 0.64632100 0.37633700
vt 0.63661900 0.37531700
vt 0.62734000 0.37230200
vt 0.61889100 0.36742400
vt 0.61164100 0.36089600
vt 0.60590600 0.35300300
vt 0.60193800 0.34409100
vt 0.59990900 0.33454800
vt 0.59990900 0.32479100
vt 0.60193800 0.31524800
vt 0.60590600 0.30633600
vt 0.61164100 0.29844300
vt 0.61889100 0.29191500
vt 0.62734000 0.28703700
vt 0.63661900 0.28402200
vt 0.64632100 0.28300200
vt 0.65602400 0.28402200
vt 0.66530300 0.28703700
vt 0.67375200 0.29191500
vt 0.68100200 0.29844300
vt 0.68673700 0.30633600
vt 0.69070500 0.31524800
vt 0.69273300 0.32479100
vt 0.69273300 0.33454800
vt 0.69070500 0.34409100
vt 0.68673700 0.35300300
vt 0.68100200 0.36089600
vt 0.67375200 0.36742400
vt 0.66530300 0.37230200
vt 0.65602400 0.37531700
vt 0.19396400 0.63448800
vt 0.19396400 0.66286000
vt 0.19396400 0.69123200
vt 0.19396400 0.71960400
vt 0.19396400 0.74797600
vt 0.19396400 0.77634900
vt 0.19396400 0.80472100
vt 0.19396400 0.83309300
vt 0.19396400 0.86146500
vt 0.19396400 0.88983700
vt 0.19396400 0.91820900
vt 0.19396400 0.94658200
vt 0.18600000 0.97495400
vt 0.18600000 0.95603900
vt 0.18600000 0.93712400
vt 0.18600000 0.91820900
vt 0.18600000 0.89929500
vt 0.18600000 0.88038000
vt 0.18600000 0.86146500
vt 0.18600000 0.84255000
vt 0.18600000 0.82363600
vt 0.18600000 0.80472100
vt 0.18600000 0.78580600
vt 0.18600000 0.76689100
vt 0.18600000 0.74797600
vt 0.18600000 0.72906200
vt 0.18600000 0.71014700
vt 0.18600000 0.69123200
vt 0.18600000 0.67231700
vt 0.18600000 0.65340300
vt 0.18600000 0.63448800
vt 0.18702900 0.62868200
vt 0.18998200 0.65341600
vt 0.18799100 0.65341600
vt 0.18998200 0.64104900
vt 0.18799100 0.64104900
vt 0.19396400 0.97495400
vt 0.18998200 0.97495400
vt 0.18998200 0.95022000
vt 0.18998200 0.96258700
vt 0.19197300 0.95022000
vt 0.19197300 0.96258700
vt 0.18799100 0.95022000
vt 0.18799100 0.96258700
vt 0.12194600 0.04077100
vt 0.13006200 0.00000000
vt 0.13006200 0.00815400
vt 0.13006200 0.01630800
vt 0.13006200 0.02446300
vt 0.13006200 0.03261700
vt 0.13006200 0.04077100
vt 0.12600400 0.04077100
vt 0.12194600 0.03397600
vt 0.12194600 0.02718100
vt 0.12194600 0.02038600
vt 0.12194600 0.01359000
vt 0.12194600 0.00679500
vt 0.12194600 0.00000000
vt 0.12600400 0.00000000
vt 0.12600400 0.01000500
vt 0.12600400 0.03048500
vt 0.30249500 0.92920300
vt 0.30249500 0.93863100
vt 0.28701000 0.93863100
vt 0.27152500 0.93863100
vt 0.27152500 0.93391700
vt 0.30249500 0.93391700
vt 0.27152500 0.92920300
vt 0.28701000 0.92920300
vt 0.27256200 0.62868200
vt 0.27256200 0.64984700
vt 0.28156300 0.62868200
vt 0.28156300 0.63573700
vt 0.28156300 0.64279200
vt 0.28156300 0.64984700
vt 0.27706300 0.64984700
vt 0.27256200 0.64279200
vt 0.27256200 0.63573700
vt 0.27706300 0.62868200
vt 0.15226900 0.62868200
vt 0.15625100 0.92674700
vt 0.14828700 0.92674700
vt 0.14828700 0.91681100
vt 0.14828700 0.90687600
vt 0.14828700 0.89694000
vt 0.14828700 0.88700500
vt 0.14828700 0.87706900
vt 0.14828700 0.86713400
vt 0.14828700 0.85719800
vt 0.14828700 0.84726300
vt 0.14828700 0.83732700
vt 0.14828700 0.82739200
vt 0.14828700 0.81745600
vt 0.14828700 0.80752100
vt 0.14828700 0.79758500
vt 0.14828700 0.78765000
vt 0.14828700 0.77771400
vt 0.14828700 0.76777900
vt 0.14828700 0.75784400
vt 0.14828700 0.74790800
vt 0.14828700 0.73797300
vt 0.14828700 0.72803700
vt 0.14828700 0.71810200
vt 0.14828700 0.70816600
vt 0.14828700 0.69823100
vt 0.14828700 0.68829500
vt 0.14828700 0.67836000
vt 0.14828700 0.66842400
vt 0.14828700 0.65848900
vt 0.14828700 0.64855300
vt 0.14828700 0.63861800
vt 0.15226900 0.92674700
vt 0.14828700 0.62868200
vt 0.15625100 0.62868200
vt 0.15625100 0.63972200
vt 0.15625100 0.65076100
vt 0.15625100 0.66180100
vt 0.15625100 0.67284000
vt 0.15625100 0.68387900
vt 0.15625100 0.69491900
vt 0.15625100 0.70595800
vt 0.15625100 0.71699800
vt 0.15625100 0.72803700
vt 0.15625100 0.73907600
vt 0.15625100 0.75011600
vt 0.15625100 0.76115500
vt 0.15625100 0.77219500
vt 0.15625100 0.78323400
vt 0.15625100 0.79427400
vt 0.15625100 0.80531300
vt 0.15625100 0.81635300
vt 0.15625100 0.82739200
vt 0.15625100 0.83843100
vt 0.15625100 0.84947100
vt 0.15625100 0.86051000
vt 0.15625100 0.87155000
vt 0.15625100 0.88258900
vt 0.15625100 0.89362900
vt 0.15625100 0.90466800
vt 0.15625100 0.91570700
vt 0.15226900 0.65472000
vt 0.15226900 0.66834600
vt 0.15226900 0.68197200
vt 0.15226900 0.69611400
vt 0.15226900 0.70977400
vt 0.15226900 0.72351300
vt 0.15226900 0.75037900
vt 0.15226900 0.73701500
vt 0.15226900 0.76374300
vt 0.15226900 0.77710700
vt 0.15226900 0.79047100
vt 0.15226900 0.81810300
vt 0.15226900 0.80416300
vt 0.15226900 0.83184200
vt 0.15226900 0.84524200
vt 0.15226900 0.85860600
vt 0.15226900 0.87197000
vt 0.15226900 0.88533400
vt 0.15226900 0.89930100
vt 0.15226900 0.91272600
vt 0.27006000 0.78760800
vt 0.26209600 0.80982800
vt 0.27006000 0.79501500
vt 0.27006000 0.80242200
vt 0.27006000 0.80982800
vt 0.26607800 0.80982800
vt 0.26209600 0.78760800
vt 0.26607800 0.78760800
vt 0.26209600 0.80242200
vt 0.26209600 0.79501500
vt 0.18453500 0.62868200
vt 0.18055400 0.64923900
vt 0.18055400 0.66979500
vt 0.17657200 0.69035100
vt 0.18453500 0.64409900
vt 0.18453500 0.65951700
vt 0.18453500 0.67493400
vt 0.17657200 0.62868200
vt 0.18055400 0.62868200
vt 0.17856300 0.64923900
vt 0.18055400 0.63896000
vt 0.17856300 0.63896000
vt 0.18254500 0.64923900
vt 0.18254500 0.63896000
vt 0.18453500 0.69035100
vt 0.18055400 0.69035100
vt 0.18055400 0.68007300
vt 0.18254500 0.66979500
vt 0.18254500 0.68007300
vt 0.17856300 0.66979500
vt 0.17856300 0.68007300
vt 0.17657200 0.67493400
vt 0.17657200 0.65951700
vt 0.17657200 0.64409900
vt 0.27109700 0.62868200
vt 0.26209600 0.62868200
vt 0.27109700 0.63573700
vt 0.27109700 0.64279200
vt 0.27109700 0.64984700
vt 0.26659700 0.64984700
vt 0.26209600 0.64984700
vt 0.26209600 0.64279200
vt 0.26209600 0.63573700
vt 0.26659700 0.62868200
vt 0.81529100 0.63720500
vt 0.82325500 0.84874300
vt 0.81529100 0.84874300
vt 0.81529100 0.83992900
vt 0.81529100 0.83111500
vt 0.81529100 0.82230100
vt 0.81529100 0.81348700
vt 0.81529100 0.80467300
vt 0.81529100 0.79585900
vt 0.81529100 0.78704500
vt 0.81529100 0.77823100
vt 0.81529100 0.76941700
vt 0.81529100 0.76060200
vt 0.81529100 0.75178800
vt 0.81529100 0.74297400
vt 0.81529100 0.73416000
vt 0.81529100 0.72534600
vt 0.81529100 0.71653200
vt 0.81529100 0.70771800
vt 0.81529100 0.69890400
vt 0.81529100 0.69009000
vt 0.81529100 0.68127600
vt 0.81529100 0.67246200
vt 0.81529100 0.66364800
vt 0.81529100 0.65483300
vt 0.81529100 0.64601900
vt 0.81927300 0.84874300
vt 0.81927300 0.63720500
vt 0.82325500 0.63720500
vt 0.82325500 0.64682100
vt 0.82325500 0.65643600
vt 0.82325500 0.66605100
vt 0.82325500 0.67566700
vt 0.82325500 0.68528200
vt 0.82325500 0.69489700
vt 0.82325500 0.70451300
vt 0.82325500 0.71412800
vt 0.82325500 0.72374400
vt 0.82325500 0.73335900
vt 0.82325500 0.74297400
vt 0.82325500 0.75259000
vt 0.82325500 0.76220500
vt 0.82325500 0.77182000
vt 0.82325500 0.78143600
vt 0.82325500 0.79105100
vt 0.82325500 0.80066700
vt 0.82325500 0.81028200
vt 0.82325500 0.81989700
vt 0.82325500 0.82951300
vt 0.82325500 0.83912800
vt 0.14922400 0.00000000
vt 0.14110700 0.00000000
vt 0.14922400 0.04262100
vt 0.14922400 0.00852400
vt 0.14922400 0.01704800
vt 0.14922400 0.02557300
vt 0.14922400 0.03409700
vt 0.14516500 0.04262100
vt 0.14110700 0.04262100
vt 0.14110700 0.03551800
vt 0.14110700 0.02841400
vt 0.14110700 0.02131100
vt 0.14110700 0.01420700
vt 0.14110700 0.00710400
vt 0.14516500 0.00000000
vt 0.12000200 0.62868200
vt 0.12796600 0.92591200
vt 0.12000200 0.91924500
vt 0.12000200 0.89283000
vt 0.12000200 0.86641600
vt 0.12000200 0.84000100
vt 0.12000200 0.81358600
vt 0.12000200 0.78717100
vt 0.12000200 0.76075600
vt 0.12000200 0.73434100
vt 0.12000200 0.70792700
vt 0.12000200 0.68151200
vt 0.12000200 0.65509700
vt 0.12796600 0.62868200
vt 0.12796600 0.64616600
vt 0.12796600 0.66365000
vt 0.12796600 0.68113500
vt 0.12796600 0.69861900
vt 0.12796600 0.71610300
vt 0.12796600 0.73358700
vt 0.12796600 0.75107100
vt 0.12796600 0.76855500
vt 0.12796600 0.78603900
vt 0.12796600 0.80352300
vt 0.12796600 0.82100700
vt 0.12796600 0.83849100
vt 0.12796600 0.85597600
vt 0.12796600 0.87346000
vt 0.12796600 0.89094400
vt 0.12796600 0.90842800
vt 0.12398400 0.62868200
vt 0.12398400 0.65345100
vt 0.12199300 0.65345100
vt 0.12398400 0.64106700
vt 0.12199300 0.64106700
vt 0.12597500 0.65345100
vt 0.12597500 0.64106700
vt 0.16567900 0.62868200
vt 0.16567900 0.73535100
vt 0.15771500 0.72868400
vt 0.15771500 0.69757200
vt 0.15771500 0.66646100
vt 0.15771500 0.63534900
vt 0.16567900 0.64392100
vt 0.16567900 0.65915900
vt 0.16567900 0.67439700
vt 0.16567900 0.68963600
vt 0.16567900 0.70487400
vt 0.16567900 0.72011300
vt 0.12943100 0.62868200
vt 0.13739400 0.63534900
vt 0.13739400 0.66176400
vt 0.13739400 0.68817900
vt 0.13739400 0.71459300
vt 0.13739400 0.74100800
vt 0.13739400 0.76742300
vt 0.13739400 0.79383800
vt 0.13739400 0.82025300
vt 0.13739400 0.84666700
vt 0.13739400 0.87308200
vt 0.13739400 0.89949700
vt 0.12943100 0.92591200
vt 0.12943100 0.90842800
vt 0.12943100 0.89094400
vt 0.12943100 0.87346000
vt 0.12943100 0.85597600
vt 0.12943100 0.83849100
vt 0.12943100 0.82100700
vt 0.12943100 0.80352300
vt 0.12943100 0.78603900
vt 0.12943100 0.76855500
vt 0.12943100 0.75107100
vt 0.12943100 0.73358700
vt 0.12943100 0.71610300
vt 0.12943100 0.69861900
vt 0.12943100 0.68113500
vt 0.12943100 0.66365000
vt 0.12943100 0.64616600
vt 0.13739400 0.92591200
vt 0.13341200 0.92591200
vt 0.13341200 0.90114300
vt 0.13341200 0.91352700
vt 0.13540300 0.90114300
vt 0.13540300 0.91352700
vt 0.13142100 0.90114300
vt 0.13142100 0.91352700
vt 0.15880400 0.00000000
vt 0.15880400 0.04262100
vt 0.15068800 0.04262100
vt 0.15880400 0.00852400
vt 0.15880400 0.01704800
vt 0.15880400 0.02557300
vt 0.15880400 0.03409700
vt 0.15474600 0.04262100
vt 0.15068800 0.03551800
vt 0.15068800 0.02841400
vt 0.15068800 0.02131100
vt 0.15068800 0.01420700
vt 0.15068800 0.00710400
vt 0.15068800 0.00000000
vt 0.15474600 0.00000000
vt 0.30794200 0.65531800
vt 0.30794200 0.94831800
vt 0.31192300 0.97495400
vt 0.31192300 0.63448800
vt 0.31192300 0.65340300
vt 0.31192300 0.67231700
vt 0.31192300 0.69123200
vt 0.31192300 0.71014700
vt 0.31192300 0.72906200
vt 0.31192300 0.74797600
vt 0.31192300 0.76689100
vt 0.31192300 0.78580600
vt 0.31192300 0.80472100
vt 0.31192300 0.82363600
vt 0.31192300 0.84255000
vt 0.31192300 0.86146500
vt 0.31192300 0.88038000
vt 0.31192300 0.89929500
vt 0.31192300 0.91820900
vt 0.31192300 0.93712400
vt 0.31192300 0.95603900
vt 0.30396000 0.97495400
vt 0.30396000 0.95603900
vt 0.30396000 0.93712400
vt 0.30396000 0.91820900
vt 0.30396000 0.89929500
vt 0.30396000 0.88038000
vt 0.30396000 0.86146500
vt 0.30396000 0.84255000
vt 0.30396000 0.82363600
vt 0.30396000 0.80472100
vt 0.30396000 0.78580600
vt 0.30396000 0.76689100
vt 0.30396000 0.74797600
vt 0.30396000 0.72906200
vt 0.30396000 0.71014700
vt 0.30396000 0.69123200
vt 0.30396000 0.67231700
vt 0.30396000 0.65340300
vt 0.30396000 0.63448800
vt 0.30498900 0.62868200
vt 0.30595100 0.65531800
vt 0.30794200 0.64200000
vt 0.30595100 0.64200000
vt 0.30794200 0.97495400
vt 0.30794200 0.96163600
vt 0.30993300 0.94831800
vt 0.30993300 0.96163600
vt 0.30595100 0.94831800
vt 0.30595100 0.96163600
vt 0.30794200 0.70859100
vt 0.30794200 0.73522700
vt 0.30794200 0.76186400
vt 0.30794200 0.78850000
vt 0.30794200 0.81513600
vt 0.30794200 0.84177200
vt 0.30794200 0.86840900
vt 0.30794200 0.89504500
vt 0.30794200 0.92168100
vt 0.81382700 0.63720500
vt 0.81382700 0.84874200
vt 0.80586300 0.84874200
vt 0.80586300 0.83992800
vt 0.80586300 0.83111400
vt 0.80586300 0.82230000
vt 0.80586300 0.81348600
vt 0.80586300 0.80467200
vt 0.80586300 0.79585800
vt 0.80586300 0.78704400
vt 0.80586300 0.77823000
vt 0.80586300 0.76941600
vt 0.80586300 0.76060200
vt 0.80586300 0.75178800
vt 0.80586300 0.74297400
vt 0.80586300 0.73416000
vt 0.80586300 0.72534600
vt 0.80586300 0.71653200
vt 0.80586300 0.70771800
vt 0.80586300 0.69890400
vt 0.80586300 0.69009000
vt 0.80586300 0.68127600
vt 0.80586300 0.67246200
vt 0.80586300 0.66364700
vt 0.80586300 0.65483300
vt 0.80586300 0.64601900
vt 0.80984500 0.84874200
vt 0.80586300 0.63720500
vt 0.80984500 0.63720500
vt 0.81382700 0.64682100
vt 0.81382700 0.65643600
vt 0.81382700 0.66605100
vt 0.81382700 0.67566700
vt 0.81382700 0.68528200
vt 0.81382700 0.69489700
vt 0.81382700 0.70451300
vt 0.81382700 0.71412800
vt 0.81382700 0.72374300
vt 0.81382700 0.73335900
vt 0.81382700 0.74297400
vt 0.81382700 0.75258900
vt 0.81382700 0.76220500
vt 0.81382700 0.77182000
vt 0.81382700 0.78143500
vt 0.81382700 0.79105000
vt 0.81382700 0.80066600
vt 0.81382700 0.81028100
vt 0.81382700 0.81989600
vt 0.81382700 0.82951200
vt 0.81382700 0.83912700
vt 0.13152600 0.00000000
vt 0.13964300 0.00000000
vt 0.13964300 0.00815400
vt 0.13964300 0.01630800
vt 0.13964300 0.02446300
vt 0.13964300 0.03261700
vt 0.13558500 0.00000000
vt 0.13152600 0.04077100
vt 0.13152600 0.03397600
vt 0.13152600 0.02718100
vt 0.13152600 0.02038600
vt 0.13152600 0.01359000
vt 0.13152600 0.00679500
vt 0.13964300 0.04077100
vt 0.13558500 0.04077100
vt 0.13558500 0.01079700
vt 0.13558500 0.03082000
vt 0.29202900 0.62868200
vt 0.28302800 0.62868200
vt 0.29202900 0.64984700
vt 0.29202900 0.63573700
vt 0.29202900 0.64279200
vt 0.28752900 0.64984700
vt 0.28752900 0.62868200
vt 0.28302800 0.64984700
vt 0.28302800 0.64279200
vt 0.28302800 0.63573700
vt 0.27152500 0.86783300
vt 0.27152500 0.85840500
vt 0.28701000 0.85840500
vt 0.30249500 0.85840500
vt 0.30249500 0.86311900
vt 0.30249500 0.86783300
vt 0.28701000 0.86783300
vt 0.27152500 0.86311900
vt 0.17510700 0.62868200
vt 0.16714400 0.69035100
vt 0.16714400 0.66979500
vt 0.16714400 0.64923900
vt 0.16714400 0.62868200
vt 0.17112500 0.62868200
vt 0.17510700 0.69035100
vt 0.17112500 0.69035100
vt 0.17510700 0.64923900
vt 0.17510700 0.66979500
vt 0.29349400 0.62868200
vt 0.30249500 0.62868200
vt 0.30249500 0.63573700
vt 0.30249500 0.64279200
vt 0.29799500 0.62868200
vt 0.29349400 0.64984700
vt 0.29349400 0.64279200
vt 0.29349400 0.63573700
vt 0.30249500 0.64984700
vt 0.29799500 0.64984700
vt 0.27152500 0.79703600
vt 0.29374500 0.78760800
vt 0.27152500 0.78760800
vt 0.27893200 0.78760800
vt 0.28633800 0.78760800
vt 0.29374500 0.79232200
vt 0.29374500 0.79703600
vt 0.28633800 0.79703600
vt 0.27893200 0.79703600
vt 0.27152500 0.79232200
vt 0.13885900 0.62868200
vt 0.14284100 0.92674600
vt 0.13885900 0.92674600
vt 0.13885900 0.91681100
vt 0.13885900 0.90687500
vt 0.13885900 0.89694000
vt 0.13885900 0.88700500
vt 0.13885900 0.87706900
vt 0.13885900 0.86713400
vt 0.13885900 0.85719800
vt 0.13885900 0.84726300
vt 0.13885900 0.83732700
vt 0.13885900 0.82739200
vt 0.13885900 0.81745600
vt 0.13885900 0.80752100
vt 0.13885900 0.79758500
vt 0.13885900 0.78765000
vt 0.13885900 0.77771400
vt 0.13885900 0.76777900
vt 0.13885900 0.75784300
vt 0.13885900 0.74790800
vt 0.13885900 0.73797200
vt 0.13885900 0.72803700
vt 0.13885900 0.71810200
vt 0.13885900 0.70816600
vt 0.13885900 0.69823100
vt 0.13885900 0.68829500
vt 0.13885900 0.67836000
vt 0.13885900 0.66842400
vt 0.13885900 0.65848900
vt 0.13885900 0.64855300
vt 0.13885900 0.63861800
vt 0.14284100 0.62868200
vt 0.14682200 0.62868200
vt 0.14682200 0.63972200
vt 0.14682200 0.65076100
vt 0.14682200 0.66180000
vt 0.14682200 0.67284000
vt 0.14682200 0.68387900
vt 0.14682200 0.69491900
vt 0.14682200 0.70595800
vt 0.14682200 0.71699800
vt 0.14682200 0.72803700
vt 0.14682200 0.73907600
vt 0.14682200 0.75011600
vt 0.14682200 0.76115500
vt 0.14682200 0.77219500
vt 0.14682200 0.78323400
vt 0.14682200 0.79427300
vt 0.14682200 0.80531300
vt 0.14682200 0.81635200
vt 0.14682200 0.82739200
vt 0.14682200 0.83843100
vt 0.14682200 0.84947000
vt 0.14682200 0.86051000
vt 0.14682200 0.87154900
vt 0.14682200 0.88258900
vt 0.14682200 0.89362800
vt 0.14682200 0.90466800
vt 0.14682200 0.91570700
vt 0.14682200 0.92674600
vt 0.14284100 0.64281400
vt 0.14284100 0.67109800
vt 0.14284100 0.69813800
vt 0.14284100 0.68477400
vt 0.14284100 0.71150200
vt 0.14284100 0.73823000
vt 0.14284100 0.72486600
vt 0.14284100 0.76568700
vt 0.14284100 0.75227300
vt 0.14284100 0.77942700
vt 0.14284100 0.79300100
vt 0.14284100 0.81972900
vt 0.14284100 0.80636500
vt 0.14284100 0.83309300
vt 0.14284100 0.84645700
vt 0.14284100 0.85931500
vt 0.14284100 0.87417300
vt 0.14284100 0.88766700
vt 0.14284100 0.90069400
vt 0.14284100 0.91372000
vt 0.59990900 0.50000000
vt 0.59990900 0.54000100
vt 0.59990900 0.58000200
vt 0.66902800 0.50000000
vt 0.73814600 0.50000000
vt 0.73814600 0.54000100
vt 0.73814600 0.58000200
vt 0.60978400 0.50000000
vt 0.61965800 0.50000000
vt 0.62953200 0.50000000
vt 0.63940600 0.50000000
vt 0.64928000 0.50000000
vt 0.65915400 0.50000000
vt 0.72751200 0.58000200
vt 0.71687800 0.58000200
vt 0.70624500 0.58000200
vt 0.69561100 0.58000200
vt 0.68497800 0.58000200
vt 0.67434400 0.58000200
vt 0.66371100 0.58000200
vt 0.65307700 0.58000200
vt 0.64244400 0.58000200
vt 0.63181000 0.58000200
vt 0.62117700 0.58000200
vt 0.61054300 0.58000200
vt 0.67890200 0.50000000
vt 0.68877600 0.50000000
vt 0.69865000 0.50000000
vt 0.70852400 0.50000000
vt 0.71839800 0.50000000
vt 0.72827200 0.50000000
vt 0.61740600 0.54000100
vt 0.62593700 0.54000100
vt 0.63446800 0.54000100
vt 0.66049600 0.54000100
vt 0.65196500 0.54000100
vt 0.64338500 0.54000100
vt 0.66902800 0.54000100
vt 0.68652400 0.54000100
vt 0.67794400 0.54000100
vt 0.69505500 0.54000100
vt 0.70358700 0.54000100
vt 0.72961400 0.54000100
vt 0.72108300 0.54000100
vt 0.71250300 0.54000100
vt 0.90325600 0.50000000
vt 0.86398800 0.50000000
vt 0.82472000 0.50000000
vt 0.90325600 0.56911800
vt 0.90325600 0.63823600
vt 0.86398800 0.63823600
vt 0.82472000 0.63823600
vt 0.90325600 0.50987400
vt 0.90325600 0.51974800
vt 0.90325600 0.52962200
vt 0.90325600 0.53949600
vt 0.90325600 0.54937000
vt 0.90325600 0.55924400
vt 0.82472000 0.62760300
vt 0.82472000 0.61696900
vt 0.82472000 0.60633500
vt 0.82472000 0.59570200
vt 0.82472000 0.58506800
vt 0.82472000 0.57443500
vt 0.82472000 0.56380100
vt 0.82472000 0.55316800
vt 0.82472000 0.54253400
vt 0.82472000 0.53190100
vt 0.82472000 0.52126700
vt 0.82472000 0.51063400
vt 0.90325600 0.57899200
vt 0.90325600 0.58886600
vt 0.90325600 0.59874000
vt 0.90325600 0.60861400
vt 0.90325600 0.61848800
vt 0.90325600 0.62836200
vt 0.86398800 0.51749700
vt 0.86398800 0.52602800
vt 0.86398800 0.53455900
vt 0.86398800 0.56058700
vt 0.86398800 0.55205600
vt 0.86398800 0.54347600
vt 0.86398800 0.56911800
vt 0.86398800 0.58661500
vt 0.86398800 0.57803500
vt 0.86398800 0.59514600
vt 0.86398800 0.60367700
vt 0.86398800 0.62970500
vt 0.86398800 0.62117400
vt 0.86398800 0.61259400
vt 0.79238500 0.72360600
vt 0.77016300 0.72360600
vt 0.74794000 0.72360600
vt 0.72571700 0.72360600
vt 0.73905100 0.69532100
vt 0.79238500 0.69532100
vt 0.71991200 0.71539500
vt 0.75948200 0.70946300
vt 0.79905200 0.71417700
vt 0.79905200 0.70474900
vt 0.72260400 0.70751200
vt 0.72713700 0.70088700
vt 0.73293600 0.69667600
vt 0.75948200 0.71653400
vt 0.73969700 0.70946300
vt 0.73969700 0.71653400
vt 0.75948200 0.70239200
vt 0.73969700 0.70239200
vt 0.77926700 0.70946300
vt 0.77926700 0.70239200
vt 0.77926700 0.71653400
vt 0.72657900 0.63720500
vt 0.74880100 0.63720500
vt 0.77102400 0.63720500
vt 0.79324700 0.63720500
vt 0.77991300 0.66549000
vt 0.72657900 0.66549000
vt 0.71991200 0.65606200
vt 0.75948200 0.65134800
vt 0.75948200 0.65841900
vt 0.71991200 0.64663400
vt 0.75948200 0.64427600
vt 0.79905200 0.64541600
vt 0.79636000 0.65329900
vt 0.79182700 0.65992400
vt 0.78602800 0.66413600
vt 0.77926700 0.65134800
vt 0.75948200 0.64781200
vt 0.77926700 0.64427600
vt 0.77926700 0.64781200
vt 0.77926700 0.65841900
vt 0.75948200 0.65488300
vt 0.77926700 0.65488300
vt 0.75948200 0.66195500
vt 0.77926700 0.66195500
vt 0.73969700 0.65841900
vt 0.73969700 0.65134800
vt 0.73969700 0.65488300
vt 0.73969700 0.64427600
vt 0.73969700 0.64781200
vt 0.60799200 0.04057500
vt 0.60799200 0.08115000
vt 0.61577000 0.04057500
vt 0.61577000 0.08115000
vt 0.62350300 0.04057500
vt 0.62350300 0.08115000
vt 0.59990900 0.10753000
vt 0.59990900 0.08419600
vt 0.59990900 0.06086200
vt 0.59990900 0.03752900
vt 0.59990900 0.01419500
vt 0.63123600 0.00086100
vt 0.63123600 0.01800400
vt 0.63123600 0.03514800
vt 0.63123600 0.05229100
vt 0.63123600 0.06943400
vt 0.63123600 0.08657700
vt 0.63123600 0.10372000
vt 0.63123600 0.12086300
vt 0.62536200 0.12172500
vt 0.62350300 0.10143700
vt 0.62736900 0.08115000
vt 0.62736900 0.10143700
vt 0.62536200 0.00000000
vt 0.62736900 0.04057500
vt 0.62350300 0.02028700
vt 0.62736900 0.02028700
vt 0.61916500 0.11615100
vt 0.61263600 0.11146600
vt 0.60610700 0.10848800
vt 0.61577000 0.10143700
vt 0.61963600 0.08115000
vt 0.61963600 0.10143700
vt 0.60799200 0.10143700
vt 0.61188100 0.08115000
vt 0.61188100 0.10143700
vt 0.60395100 0.08115000
vt 0.60395100 0.10143700
vt 0.60610700 0.01323700
vt 0.61263600 0.01025900
vt 0.61916500 0.00557400
vt 0.60799200 0.02028700
vt 0.60395100 0.04057500
vt 0.60395100 0.02028700
vt 0.61577000 0.02028700
vt 0.61188100 0.04057500
vt 0.61188100 0.02028700
vt 0.61963600 0.04057500
vt 0.61963600 0.02028700
f 2/2/2 9/9/9 1/1/1
f 10/10/10 58/58/58 57/57/57
f 57/57/57 11/11/11 10/10/10
f 11/11/11 57/57/57 59/59/59
f 59/59/59 12/12/12 11/11/11
f 60/60/60 10/10/10 9/9/9
f 60/60/60 9/9/9 44/44/44
f 2/2/2 44/44/44 9/9/9
f 42/42/42 57/57/57 58/58/58
f 57/57/57 42/42/42 41/41/41
f 41/41/41 59/59/59 57/57/57
f 58/58/58 10/10/10 60/60/60
f 43/43/43 58/58/58 60/60/60
f 61/61/61 13/13/13 12/12/12
f 12/12/12 59/59/59 61/61/61
f 13/13/13 61/61/61 62/62/62
f 62/62/62 14/14/14 13/13/13
f 14/14/14 64/64/64 63/63/63
f 63/63/63 15/15/15 14/14/14
f 15/15/15 63/63/63 65/65/65
f 65/65/65 16/16/16 15/15/15
f 64/64/64 14/14/14 62/62/62
f 16/16/16 65/65/65 66/66/66
f 66/66/66 17/17/17 16/16/16
f 17/17/17 66/66/66 67/67/67
f 67/67/67 18/18/18 17/17/17
f 61/61/61 40/40/40 39/39/39
f 39/39/39 62/62/62 61/61/61
f 18/18/18 67/67/67 68/68/68
f 68/68/68 19/19/19 18/18/18
f 19/19/19 70/70/70 69/69/69
f 69/69/69 20/20/20 19/19/19
f 20/20/20 69/69/69 71/71/71
f 71/71/71 4/4/4 20/20/20
f 59/59/59 41/41/41 40/40/40
f 40/40/40 61/61/61 59/59/59
f 44/44/44 2/2/2 3/3/3
f 42/42/42 58/58/58 43/43/43
f 60/60/60 44/44/44 43/43/43
f 63/63/63 64/64/64 38/38/38
f 64/64/64 62/62/62 39/39/39
f 64/64/64 39/39/39 38/38/38
f 37/37/37 65/65/65 63/63/63
f 63/63/63 38/38/38 37/37/37
f 65/65/65 37/37/37 36/36/36
f 36/36/36 66/66/66 65/65/65
f 35/35/35 68/68/68 67/67/67
f 19/19/19 68/68/68 70/70/70
f 34/34/34 70/70/70 68/68/68
f 66/66/66 36/36/36 35/35/35
f 35/35/35 67/67/67 66/66/66
f 34/34/34 68/68/68 35/35/35
f 5/5/5 71/71/71 69/69/69
f 69/69/69 33/33/33 5/5/5
f 33/33/33 69/69/69 70/70/70
f 70/70/70 34/34/34 33/33/33
f 72/72/72 45/45/45 4/4/4
f 4/4/4 71/71/71 72/72/72
f 73/73/73 46/46/46 45/45/45
f 45/45/45 72/72/72 73/73/73
f 71/71/71 5/5/5 32/32/32
f 32/32/32 72/72/72 71/71/71
f 46/46/46 75/75/75 74/74/74
f 74/74/74 47/47/47 46/46/46
f 47/47/47 74/74/74 76/76/76
f 76/76/76 48/48/48 47/47/47
f 31/31/31 75/75/75 73/73/73
f 46/46/46 73/73/73 75/75/75
f 74/74/74 30/30/30 29/29/29
f 29/29/29 76/76/76 74/74/74
f 77/77/77 49/49/49 48/48/48
f 48/48/48 76/76/76 77/77/77
f 76/76/76 29/29/29 28/28/28
f 28/28/28 77/77/77 76/76/76
f 30/30/30 74/74/74 75/75/75
f 72/72/72 32/32/32 31/31/31
f 31/31/31 73/73/73 72/72/72
f 49/49/49 77/77/77 78/78/78
f 78/78/78 50/50/50 49/49/49
f 79/79/79 51/51/51 80/80/80
f 51/51/51 79/79/79 81/81/81
f 81/81/81 52/52/52 51/51/51
f 80/80/80 51/51/51 50/50/50
f 78/78/78 80/80/80 50/50/50
f 52/52/52 81/81/81 82/82/82
f 82/82/82 53/53/53 52/52/52
f 53/53/53 82/82/82 83/83/83
f 83/83/83 54/54/54 53/53/53
f 27/27/27 80/80/80 78/78/78
f 54/54/54 83/83/83 84/84/84
f 84/84/84 55/55/55 54/54/54
f 55/55/55 86/86/86 85/85/85
f 85/85/85 56/56/56 55/55/55
f 56/56/56 85/85/85 7/7/7
f 7/7/7 6/6/6 56/56/56
f 77/77/77 28/28/28 27/27/27
f 27/27/27 78/78/78 77/77/77
f 30/30/30 75/75/75 31/31/31
f 79/79/79 26/26/26 25/25/25
f 25/25/25 81/81/81 79/79/79
f 26/26/26 79/79/79 80/80/80
f 26/26/26 80/80/80 27/27/27
f 24/24/24 82/82/82 81/81/81
f 81/81/81 25/25/25 24/24/24
f 82/82/82 24/24/24 23/23/23
f 23/23/23 83/83/83 82/82/82
f 22/22/22 86/86/86 84/84/84
f 55/55/55 84/84/84 86/86/86
f 86/86/86 22/22/22 21/21/21
f 21/21/21 85/85/85 86/86/86
f 23/23/23 84/84/84 83/83/83
f 22/22/22 84/84/84 23/23/23
f 8/8/8 7/7/7 85/85/85
f 85/85/85 21/21/21 8/8/8
f 88/88/88 95/95/95 87/87/87
f 96/96/96 144/144/144 143/143/143
f 143/143/143 97/97/97 96/96/96
f 97/97/97 143/143/143 145/145/145
f 145/145/145 98/98/98 97/97/97
f 146/146/146 96/96/96 95/95/95
f 146/146/146 95/95/95 130/130/130
f 88/88/88 130/130/130 95/95/95
f 128/128/128 143/143/143 144/144/144
f 143/143/143 128/128/128 127/127/127
f 127/127/127 145/145/145 143/143/143
f 144/144/144 96/96/96 146/146/146
f 129/129/129 144/144/144 146/146/146
f 147/147/147 99/99/99 98/98/98
f 98/98/98 145/145/145 147/147/147
f 99/99/99 147/147/147 148/148/148
f 148/148/148 100/100/100 99/99/99
f 101/101/101 100/100/100 149/149/149
f 101/101/101 151/151/151 150/150/150
f 150/150/150 102/102/102 101/101/101
f 149/149/149 100/100/100 148/148/148
f 102/102/102 150/150/150 152/152/152
f 152/152/152 103/103/103 102/102/102
f 103/103/103 152/152/152 153/153/153
f 153/153/153 104/104/104 103/103/103
f 147/147/147 126/126/126 125/125/125
f 125/125/125 148/148/148 147/147/147
f 104/104/104 153/153/153 154/154/154
f 154/154/154 105/105/105 104/104/104
f 105/105/105 156/156/156 155/155/155
f 155/155/155 106/106/106 105/105/105
f 106/106/106 155/155/155 157/157/157
f 157/157/157 90/90/90 106/106/106
f 145/145/145 127/127/127 126/126/126
f 126/126/126 147/147/147 145/145/145
f 130/130/130 88/88/88 89/89/89
f 128/128/128 144/144/144 129/129/129
f 146/146/146 130/130/130 129/129/129
f 101/101/101 149/149/149 151/151/151
f 151/151/151 149/149/149 124/124/124
f 149/149/149 148/148/148 125/125/125
f 149/149/149 125/125/125 124/124/124
f 123/123/123 150/150/150 151/151/151
f 151/151/151 124/124/124 123/123/123
f 150/150/150 123/123/123 122/122/122
f 122/122/122 152/152/152 150/150/150
f 121/121/121 154/154/154 153/153/153
f 105/105/105 154/154/154 156/156/156
f 120/120/120 156/156/156 154/154/154
f 152/152/152 122/122/122 121/121/121
f 121/121/121 153/153/153 152/152/152
f 120/120/120 154/154/154 121/121/121
f 91/91/91 157/157/157 155/155/155
f 155/155/155 119/119/119 91/91/91
f 119/119/119 155/155/155 156/156/156
f 156/156/156 120/120/120 119/119/119
f 158/158/158 131/131/131 90/90/90
f 90/90/90 157/157/157 158/158/158
f 159/159/159 132/132/132 131/131/131
f 131/131/131 158/158/158 159/159/159
f 157/157/157 91/91/91 118/118/118
f 118/118/118 158/158/158 157/157/157
f 132/132/132 161/161/161 160/160/160
f 160/160/160 133/133/133 132/132/132
f 133/133/133 160/160/160 162/162/162
f 162/162/162 134/134/134 133/133/133
f 117/117/117 161/161/161 159/159/159
f 132/132/132 159/159/159 161/161/161
f 160/160/160 116/116/116 115/115/115
f 115/115/115 162/162/162 160/160/160
f 163/163/163 135/135/135 134/134/134
f 134/134/134 162/162/162 163/163/163
f 162/162/162 115/115/115 114/114/114
f 114/114/114 163/163/163 162/162/162
f 116/116/116 160/160/160 161/161/161
f 158/158/158 118/118/118 117/117/117
f 117/117/117 159/159/159 158/158/158
f 135/135/135 163/163/163 164/164/164
f 164/164/164 136/136/136 135/135/135
f 165/165/165 137/137/137 166/166/166
f 137/137/137 165/165/165 167/167/167
f 167/167/167 138/138/138 137/137/137
f 166/166/166 137/137/137 136/136/136
f 164/164/164 166/166/166 136/136/136
f 138/138/138 167/167/167 168/168/168
f 168/168/168 139/139/139 138/138/138
f 139/139/139 168/168/168 169/169/169
f 169/169/169 140/140/140 139/139/139
f 113/113/113 166/166/166 164/164/164
f 140/140/140 169/169/169 170/170/170
f 170/170/170 141/141/141 140/140/140
f 141/141/141 172/172/172 171/171/171
f 171/171/171 142/142/142 141/141/141
f 142/142/142 171/171/171 93/93/93
f 93/93/93 92/92/92 142/142/142
f 163/163/163 114/114/114 113/113/113
f 113/113/113 164/164/164 163/163/163
f 116/116/116 161/161/161 117/117/117
f 165/165/165 112/112/112 111/111/111
f 111/111/111 167/167/167 165/165/165
f 112/112/112 165/165/165 166/166/166
f 112/112/112 166/166/166 113/113/113
f 110/110/110 168/168/168 167/167/167
f 167/167/167 111/111/111 110/110/110
f 168/168/168 110/110/110 109/109/109
f 109/109/109 169/169/169 168/168/168
f 108/108/108 172/172/172 170/170/170
f 141/141/141 170/170/170 172/172/172
f 172/172/172 108/108/108 107/107/107
f 107/107/107 171/171/171 172/172/172
f 109/109/109 170/170/170 169/169/169
f 108/108/108 170/170/170 109/109/109
f 94/94/94 93/93/93 171/171/171
f 171/171/171 107/107/107 94/94/94
f 173/173/173 174/174/174 175/175/175
f 176/176/176 251/251/251 253/253/253
f 253/253/253 250/250/250 176/176/176
f 251/251/251 174/174/174 252/252/252
f 252/252/252 253/253/253 251/251/251
f 176/176/176 250/250/250 255/255/255
f 177/177/177 254/254/254 255/255/255
f 291/291/291 178/178/178 292/292/292
f 292/292/292 293/293/293 291/291/291
f 194/194/194 192/192/192 193/193/193
f 196/196/196 328/328/328 195/195/195
f 197/197/197 329/329/329 196/196/196
f 195/195/195 328/328/328 194/194/194
f 330/330/330 199/199/199 200/200/200
f 200/200/200 201/201/201 331/331/331
f 197/197/197 198/198/198 332/332/332
f 332/332/332 329/329/329 197/197/197
f 198/198/198 199/199/199 332/332/332
f 191/191/191 192/192/192 328/328/328
f 329/329/329 328/328/328 196/196/196
f 185/185/185 329/329/329 332/332/332
f 199/199/199 330/330/330 332/332/332
f 183/183/183 332/332/332 330/330/330
f 192/192/192 194/194/194 328/328/328
f 187/187/187 328/328/328 329/329/329
f 202/202/202 203/203/203 173/173/173
f 174/174/174 203/203/203 252/252/252
f 181/181/181 331/331/331 173/173/173
f 202/202/202 173/173/173 331/331/331
f 174/174/174 173/173/173 203/203/203
f 200/200/200 331/331/331 330/330/330
f 201/201/201 202/202/202 331/331/331
f 182/182/182 330/330/330 331/331/331
f 252/252/252 203/203/203 204/204/204
f 216/216/216 260/260/260 261/261/261
f 177/177/177 247/247/247 248/248/248
f 255/255/255 333/333/333 176/176/176
f 216/216/216 261/261/261 262/262/262
f 257/257/257 218/218/218 256/256/256
f 263/263/263 264/264/264 215/215/215
f 263/263/263 215/215/215 262/262/262
f 248/248/248 249/249/249 177/177/177
f 204/204/204 205/205/205 253/253/253
f 253/253/253 252/252/252 204/204/204
f 205/205/205 250/250/250 253/253/253
f 250/250/250 205/205/205 244/244/244
f 255/255/255 246/246/246 247/247/247
f 250/250/250 245/245/245 255/255/255
f 246/246/246 255/255/255 245/245/245
f 244/244/244 245/245/245 250/250/250
f 177/177/177 255/255/255 247/247/247
f 256/256/256 177/177/177 249/249/249
f 175/175/175 174/174/174 251/251/251
f 189/189/189 190/190/190 191/191/191
f 191/191/191 328/328/328 189/189/189
f 189/189/189 328/328/328 188/188/188
f 328/328/328 187/187/187 188/188/188
f 329/329/329 186/186/186 187/187/187
f 183/183/183 330/330/330 182/182/182
f 185/185/185 186/186/186 329/329/329
f 184/184/184 332/332/332 183/183/183
f 181/181/181 182/182/182 331/331/331
f 332/332/332 184/184/184 185/185/185
f 180/180/180 181/181/181 173/173/173
f 179/179/179 180/180/180 173/173/173
f 175/175/175 327/327/327 179/179/179
f 179/179/179 173/173/173 175/175/175
f 175/175/175 325/325/325 326/326/326
f 324/324/324 235/235/235 323/323/323
f 235/235/235 322/322/322 323/323/323
f 234/234/234 324/324/324 325/325/325
f 326/326/326 327/327/327 175/175/175
f 175/175/175 234/234/234 325/325/325
f 233/233/233 234/234/234 175/175/175
f 236/236/236 320/320/320 321/321/321
f 236/236/236 322/322/322 235/235/235
f 236/236/236 321/321/321 322/322/322
f 234/234/234 235/235/235 324/324/324
f 333/333/333 255/255/255 254/254/254
f 231/231/231 176/176/176 230/230/230
f 176/176/176 231/231/231 232/232/232
f 232/232/232 233/233/233 251/251/251
f 175/175/175 251/251/251 233/233/233
f 237/237/237 320/320/320 236/236/236
f 318/318/318 319/319/319 237/237/237
f 320/320/320 237/237/237 319/319/319
f 318/318/318 237/237/237 317/317/317
f 238/238/238 316/316/316 317/317/317
f 238/238/238 317/317/317 237/237/237
f 315/315/315 238/238/238 239/239/239
f 315/315/315 239/239/239 314/314/314
f 313/313/313 314/314/314 239/239/239
f 240/240/240 313/313/313 239/239/239
f 316/316/316 238/238/238 315/315/315
f 251/251/251 176/176/176 232/232/232
f 258/258/258 218/218/218 257/257/257
f 212/212/212 269/269/269 270/270/270
f 268/268/268 213/213/213 267/267/267
f 269/269/269 212/212/212 268/268/268
f 212/212/212 213/213/213 268/268/268
f 212/212/212 270/270/270 211/211/211
f 211/211/211 271/271/271 272/272/272
f 211/211/211 272/272/272 210/210/210
f 273/273/273 210/210/210 272/272/272
f 274/274/274 210/210/210 273/273/273
f 270/270/270 271/271/271 211/211/211
f 215/215/215 264/264/264 214/214/214
f 260/260/260 216/216/216 217/217/217
f 216/216/216 262/262/262 215/215/215
f 259/259/259 260/260/260 217/217/217
f 214/214/214 265/265/265 266/266/266
f 214/214/214 264/264/264 265/265/265
f 266/266/266 213/213/213 214/214/214
f 218/218/218 292/292/292 256/256/256
f 217/217/217 218/218/218 258/258/258
f 213/213/213 266/266/266 267/267/267
f 219/219/219 292/292/292 218/218/218
f 209/209/209 274/274/274 275/275/275
f 208/208/208 209/209/209 276/276/276
f 275/275/275 276/276/276 209/209/209
f 277/277/277 208/208/208 276/276/276
f 208/208/208 278/278/278 207/207/207
f 280/280/280 207/207/207 279/279/279
f 278/278/278 279/279/279 207/207/207
f 206/206/206 207/207/207 280/280/280
f 277/277/277 278/278/278 208/208/208
f 284/284/284 285/285/285 223/223/223
f 222/222/222 223/223/223 286/286/286
f 285/285/285 286/286/286 223/223/223
f 284/284/284 223/223/223 224/224/224
f 282/282/282 206/206/206 281/281/281
f 280/280/280 281/281/281 206/206/206
f 224/224/224 283/283/283 284/284/284
f 283/283/283 224/224/224 282/282/282
f 282/282/282 224/224/224 206/206/206
f 274/274/274 209/209/209 210/210/210
f 286/286/286 287/287/287 222/222/222
f 178/178/178 228/228/228 254/254/254
f 254/254/254 229/229/229 333/333/333
f 254/254/254 228/228/228 229/229/229
f 178/178/178 254/254/254 177/177/177
f 176/176/176 333/333/333 230/230/230
f 227/227/227 228/228/228 297/297/297
f 296/296/296 228/228/228 178/178/178
f 227/227/227 299/299/299 226/226/226
f 226/226/226 301/301/301 225/225/225
f 292/292/292 178/178/178 177/177/177
f 256/256/256 292/292/292 177/177/177
f 310/310/310 240/240/240 241/241/241
f 312/312/312 240/240/240 311/311/311
f 310/310/310 311/311/311 240/240/240
f 310/310/310 241/241/241 309/309/309
f 240/240/240 312/312/312 313/313/313
f 306/306/306 307/307/307 242/242/242
f 241/241/241 308/308/308 309/309/309
f 307/307/307 308/308/308 242/242/242
f 243/243/243 306/306/306 242/242/242
f 242/242/242 308/308/308 241/241/241
f 303/303/303 243/243/243 225/225/225
f 229/229/229 230/230/230 333/333/333
f 293/293/293 220/220/220 221/221/221
f 295/295/295 291/291/291 294/294/294
f 291/291/291 293/293/293 294/294/294
f 178/178/178 295/295/295 296/296/296
f 289/289/289 293/293/293 221/221/221
f 295/295/295 178/178/178 291/291/291
f 222/222/222 288/288/288 221/221/221
f 293/293/293 290/290/290 294/294/294
f 293/293/293 289/289/289 290/290/290
f 221/221/221 288/288/288 289/289/289
f 288/288/288 222/222/222 287/287/287
f 299/299/299 300/300/300 226/226/226
f 305/305/305 306/306/306 243/243/243
f 301/301/301 226/226/226 300/300/300
f 302/302/302 225/225/225 301/301/301
f 299/299/299 227/227/227 298/298/298
f 296/296/296 297/297/297 228/228/228
f 303/303/303 225/225/225 302/302/302
f 243/243/243 304/304/304 305/305/305
f 243/243/243 303/303/303 304/304/304
f 298/298/298 227/227/227 297/297/297
f 220/220/220 293/293/293 292/292/292
f 292/292/292 219/219/219 220/220/220
f 217/217/217 258/258/258 259/259/259
f 334/334/334 336/336/336 335/335/335
f 446/446/446 445/445/445 447/447/447
f 447/447/447 335/335/335 446/446/446
f 338/338/338 449/449/449 448/448/448
f 339/339/339 450/450/450 338/338/338
f 450/450/450 339/339/339 337/337/337
f 339/339/339 466/466/466 465/465/465
f 341/341/341 340/340/340 361/361/361
f 344/344/344 343/343/343 493/493/493
f 342/342/342 341/341/341 493/493/493
f 343/343/343 342/342/342 493/493/493
f 346/346/346 345/345/345 494/494/494
f 348/348/348 347/347/347 495/495/495
f 494/494/494 347/347/347 346/346/346
f 345/345/345 344/344/344 494/494/494
f 349/349/349 348/348/348 495/495/495
f 361/361/361 493/493/493 341/341/341
f 350/350/350 349/349/349 496/496/496
f 370/370/370 494/494/494 493/493/493
f 494/494/494 344/344/344 493/493/493
f 495/495/495 347/347/347 494/494/494
f 368/368/368 495/495/495 494/494/494
f 349/349/349 495/495/495 496/496/496
f 360/360/360 493/493/493 361/361/361
f 497/497/497 352/352/352 351/351/351
f 496/496/496 497/497/497 351/351/351
f 353/353/353 352/352/352 497/497/497
f 334/334/334 354/354/354 353/353/353
f 353/353/353 497/497/497 334/334/334
f 365/365/365 497/497/497 496/496/496
f 350/350/350 496/496/496 351/351/351
f 366/366/366 496/496/496 495/495/495
f 443/443/443 442/442/442 338/338/338
f 338/338/338 442/442/442 449/449/449
f 446/446/446 388/388/388 498/498/498
f 467/467/467 392/392/392 468/468/468
f 393/393/393 467/467/467 461/461/461
f 454/454/454 337/337/337 455/455/455
f 468/468/468 392/392/392 469/469/469
f 338/338/338 444/444/444 443/443/443
f 355/355/355 354/354/354 334/334/334
f 447/447/447 357/357/357 356/356/356
f 357/357/357 447/447/447 445/445/445
f 445/445/445 358/358/358 357/357/357
f 335/335/335 356/356/356 355/355/355
f 449/449/449 441/441/441 440/440/440
f 445/445/445 440/440/440 439/439/439
f 358/358/358 445/445/445 439/439/439
f 449/449/449 440/440/440 445/445/445
f 449/449/449 442/442/442 441/441/441
f 356/356/356 335/335/335 447/447/447
f 454/454/454 444/444/444 450/450/450
f 498/498/498 449/449/449 445/445/445
f 445/445/445 446/446/446 498/498/498
f 372/372/372 360/360/360 359/359/359
f 360/360/360 372/372/372 493/493/493
f 372/372/372 371/371/371 493/493/493
f 493/493/493 371/371/371 370/370/370
f 355/355/355 334/334/334 335/335/335
f 494/494/494 369/369/369 368/368/368
f 367/367/367 495/495/495 368/368/368
f 336/336/336 334/334/334 362/362/362
f 373/373/373 336/336/336 414/414/414
f 369/369/369 494/494/494 370/370/370
f 334/334/334 497/497/497 364/364/364
f 367/367/367 366/366/366 495/495/495
f 497/497/497 365/365/365 364/364/364
f 365/365/365 496/496/496 366/366/366
f 363/363/363 334/334/334 364/364/364
f 336/336/336 362/362/362 416/416/416
f 336/336/336 415/415/415 414/414/414
f 414/414/414 413/413/413 373/373/373
f 415/415/415 336/336/336 416/416/416
f 362/362/362 334/334/334 363/363/363
f 446/446/446 335/335/335 336/336/336
f 412/412/412 373/373/373 413/413/413
f 373/373/373 391/391/391 336/336/336
f 412/412/412 411/411/411 374/374/374
f 411/411/411 438/438/438 374/374/374
f 373/373/373 412/412/412 374/374/374
f 446/446/446 336/336/336 391/391/391
f 446/446/446 391/391/391 390/390/390
f 446/446/446 390/390/390 389/389/389
f 446/446/446 389/389/389 388/388/388
f 375/375/375 374/374/374 438/438/438
f 436/436/436 375/375/375 437/437/437
f 438/438/438 437/437/437 375/375/375
f 436/436/436 435/435/435 375/375/375
f 376/376/376 435/435/435 434/434/434
f 376/376/376 375/375/375 435/435/435
f 433/433/433 377/377/377 376/376/376
f 432/432/432 377/377/377 433/433/433
f 434/434/434 433/433/433 376/376/376
f 432/432/432 431/431/431 377/377/377
f 378/378/378 431/431/431 430/430/430
f 377/377/377 431/431/431 378/378/378
f 469/469/469 410/410/410 470/470/470
f 407/407/407 475/475/475 408/408/408
f 408/408/408 474/474/474 473/473/473
f 475/475/475 474/474/474 408/408/408
f 409/409/409 408/408/408 473/473/473
f 407/407/407 476/476/476 475/475/475
f 406/406/406 478/478/478 477/477/477
f 407/407/407 406/406/406 477/477/477
f 479/479/479 478/478/478 406/406/406
f 476/476/476 407/407/407 477/477/477
f 392/392/392 410/410/410 469/469/469
f 460/460/460 459/459/459 394/394/394
f 393/393/393 392/392/392 467/467/467
f 393/393/393 461/461/461 460/460/460
f 409/409/409 472/472/472 471/471/471
f 410/410/410 471/471/471 470/470/470
f 471/471/471 410/410/410 409/409/409
f 455/455/455 337/337/337 394/394/394
f 460/460/460 394/394/394 393/393/393
f 409/409/409 473/473/473 472/472/472
f 395/395/395 394/394/394 337/337/337
f 405/405/405 479/479/479 406/406/406
f 405/405/405 481/481/481 480/480/480
f 481/481/481 405/405/405 404/404/404
f 404/404/404 403/403/403 483/483/483
f 482/482/482 481/481/481 404/404/404
f 479/479/479 405/405/405 480/480/480
f 403/403/403 484/484/484 483/483/483
f 403/403/403 402/402/402 485/485/485
f 485/485/485 484/484/484 403/403/403
f 404/404/404 483/483/483 482/482/482
f 486/486/486 485/485/485 402/402/402
f 400/400/400 399/399/399 491/491/491
f 399/399/399 398/398/398 462/462/462
f 399/399/399 492/492/492 491/491/491
f 488/488/488 487/487/487 401/401/401
f 402/402/402 401/401/401 487/487/487
f 489/489/489 488/488/488 401/401/401
f 400/400/400 491/491/491 490/490/490
f 490/490/490 489/489/489 400/400/400
f 489/489/489 401/401/401 400/400/400
f 487/487/487 486/486/486 402/402/402
f 399/399/399 462/462/462 492/492/492
f 338/338/338 450/450/450 444/444/444
f 337/337/337 465/465/465 395/395/395
f 449/449/449 498/498/498 448/448/448
f 339/339/339 338/338/338 448/448/448
f 387/387/387 498/498/498 388/388/388
f 450/450/450 337/337/337 454/454/454
f 339/339/339 448/448/448 386/386/386
f 458/458/458 339/339/339 386/386/386
f 386/386/386 448/448/448 498/498/498
f 386/386/386 385/385/385 451/451/451
f 498/498/498 387/387/387 386/386/386
f 384/384/384 452/452/452 385/385/385
f 337/337/337 339/339/339 465/465/465
f 428/428/428 379/379/379 378/378/378
f 429/429/429 428/428/428 378/378/378
f 427/427/427 379/379/379 428/428/428
f 427/427/427 426/426/426 379/379/379
f 430/430/430 429/429/429 378/378/378
f 384/384/384 383/383/383 417/417/417
f 381/381/381 380/380/380 424/424/424
f 426/426/426 425/425/425 380/380/380
f 380/380/380 425/425/425 424/424/424
f 379/379/379 426/426/426 380/380/380
f 466/466/466 397/397/397 396/396/396
f 386/386/386 451/451/451 458/458/458
f 339/339/339 457/457/457 466/466/466
f 457/457/457 339/339/339 458/458/458
f 464/464/464 397/397/397 466/466/466
f 385/385/385 452/452/452 451/451/451
f 463/463/463 398/398/398 464/464/464
f 466/466/466 457/457/457 456/456/456
f 466/466/466 456/456/456 464/464/464
f 398/398/398 397/397/397 464/464/464
f 463/463/463 462/462/462 398/398/398
f 422/422/422 421/421/421 381/381/381
f 417/417/417 453/453/453 384/384/384
f 381/381/381 424/424/424 423/423/423
f 423/423/423 422/422/422 381/381/381
f 383/383/383 418/418/418 417/417/417
f 381/381/381 421/421/421 382/382/382
f 383/383/383 382/382/382 419/419/419
f 383/383/383 419/419/419 418/418/418
f 421/421/421 420/420/420 382/382/382
f 420/420/420 419/419/419 382/382/382
f 384/384/384 453/453/453 452/452/452
f 396/396/396 465/465/465 466/466/466
f 465/465/465 396/396/396 395/395/395
f 455/455/455 394/394/394 459/459/459
f 502/502/502 621/621/621 654/654/654
f 654/654/654 653/653/653 502/502/502
f 617/617/617 622/622/622 621/621/621
f 621/621/621 502/502/502 617/617/617
f 503/503/503 618/618/618 656/656/656
f 656/656/656 655/655/655 503/503/503
f 618/618/618 502/502/502 653/653/653
f 653/653/653 656/656/656 618/618/618
f 619/619/619 617/617/617 502/502/502
f 502/502/502 618/618/618 619/619/619
f 614/614/614 619/619/619 618/618/618
f 618/618/618 503/503/503 614/614/614
f 504/504/504 615/615/615 658/658/658
f 658/658/658 657/657/657 504/504/504
f 615/615/615 503/503/503 655/655/655
f 655/655/655 658/658/658 615/615/615
f 616/616/616 614/614/614 503/503/503
f 503/503/503 615/615/615 616/616/616
f 611/611/611 616/616/616 615/615/615
f 615/615/615 504/504/504 611/611/611
f 505/505/505 612/612/612 660/660/660
f 660/660/660 659/659/659 505/505/505
f 612/612/612 504/504/504 657/657/657
f 657/657/657 660/660/660 612/612/612
f 613/613/613 611/611/611 504/504/504
f 504/504/504 612/612/612 613/613/613
f 608/608/608 613/613/613 612/612/612
f 612/612/612 505/505/505 608/608/608
f 506/506/506 609/609/609 662/662/662
f 662/662/662 661/661/661 506/506/506
f 609/609/609 505/505/505 659/659/659
f 659/659/659 662/662/662 609/609/609
f 610/610/610 608/608/608 505/505/505
f 505/505/505 609/609/609 610/610/610
f 605/605/605 610/610/610 609/609/609
f 609/609/609 506/506/506 605/605/605
f 507/507/507 606/606/606 664/664/664
f 664/664/664 663/663/663 507/507/507
f 606/606/606 506/506/506 661/661/661
f 661/661/661 664/664/664 606/606/606
f 607/607/607 605/605/605 506/506/506
f 506/506/506 606/606/606 607/607/607
f 602/602/602 607/607/607 606/606/606
f 606/606/606 507/507/507 602/602/602
f 508/508/508 603/603/603 666/666/666
f 666/666/666 665/665/665 508/508/508
f 603/603/603 507/507/507 663/663/663
f 663/663/663 666/666/666 603/603/603
f 604/604/604 602/602/602 507/507/507
f 507/507/507 603/603/603 604/604/604
f 599/599/599 604/604/604 603/603/603
f 603/603/603 508/508/508 599/599/599
f 509/509/509 600/600/600 668/668/668
f 668/668/668 667/667/667 509/509/509
f 600/600/600 508/508/508 665/665/665
f 665/665/665 668/668/668 600/600/600
f 601/601/601 599/599/599 508/508/508
f 508/508/508 600/600/600 601/601/601
f 596/596/596 601/601/601 600/600/600
f 600/600/600 509/509/509 596/596/596
f 510/510/510 597/597/597 670/670/670
f 670/670/670 669/669/669 510/510/510
f 597/597/597 509/509/509 667/667/667
f 667/667/667 670/670/670 597/597/597
f 598/598/598 596/596/596 509/509/509
f 509/509/509 597/597/597 598/598/598
f 593/593/593 598/598/598 597/597/597
f 597/597/597 510/510/510 593/593/593
f 511/511/511 594/594/594 672/672/672
f 672/672/672 671/671/671 511/511/511
f 594/594/594 510/510/510 669/669/669
f 669/669/669 672/672/672 594/594/594
f 595/595/595 593/593/593 510/510/510
f 510/510/510 594/594/594 595/595/595
f 590/590/590 595/595/595 594/594/594
f 594/594/594 511/511/511 590/590/590
f 512/512/512 591/591/591 674/674/674
f 674/674/674 673/673/673 512/512/512
f 591/591/591 511/511/511 671/671/671
f 671/671/671 674/674/674 591/591/591
f 592/592/592 590/590/590 511/511/511
f 511/511/511 591/591/591 592/592/592
f 587/587/587 592/592/592 591/591/591
f 591/591/591 512/512/512 587/587/587
f 513/513/513 588/588/588 676/676/676
f 676/676/676 675/675/675 513/513/513
f 588/588/588 512/512/512 673/673/673
f 673/673/673 676/676/676 588/588/588
f 589/589/589 587/587/587 512/512/512
f 512/512/512 588/588/588 589/589/589
f 584/584/584 589/589/589 588/588/588
f 588/588/588 513/513/513 584/584/584
f 514/514/514 585/585/585 678/678/678
f 678/678/678 677/677/677 514/514/514
f 585/585/585 513/513/513 675/675/675
f 675/675/675 678/678/678 585/585/585
f 586/586/586 584/584/584 513/513/513
f 513/513/513 585/585/585 586/586/586
f 581/581/581 586/586/586 585/585/585
f 585/585/585 514/514/514 581/581/581
f 515/515/515 582/582/582 680/680/680
f 680/680/680 679/679/679 515/515/515
f 582/582/582 514/514/514 677/677/677
f 677/677/677 680/680/680 582/582/582
f 583/583/583 581/581/581 514/514/514
f 514/514/514 582/582/582 583/583/583
f 578/578/578 583/583/583 582/582/582
f 582/582/582 515/515/515 578/578/578
f 516/516/516 579/579/579 682/682/682
f 682/682/682 681/681/681 516/516/516
f 579/579/579 515/515/515 679/679/679
f 679/679/679 682/682/682 579/579/579
f 580/580/580 578/578/578 515/515/515
f 515/515/515 579/579/579 580/580/580
f 575/575/575 580/580/580 579/579/579
f 579/579/579 516/516/516 575/575/575
f 517/517/517 576/576/576 684/684/684
f 684/684/684 683/683/683 517/517/517
f 576/576/576 516/516/516 681/681/681
f 681/681/681 684/684/684 576/576/576
f 577/577/577 575/575/575 516/516/516
f 516/516/516 576/576/576 577/577/577
f 572/572/572 577/577/577 576/576/576
f 576/576/576 517/517/517 572/572/572
f 518/518/518 573/573/573 686/686/686
f 686/686/686 685/685/685 518/518/518
f 573/573/573 517/517/517 683/683/683
f 683/683/683 686/686/686 573/573/573
f 574/574/574 572/572/572 517/517/517
f 517/517/517 573/573/573 574/574/574
f 569/569/569 574/574/574 573/573/573
f 573/573/573 518/518/518 569/569/569
f 519/519/519 570/570/570 688/688/688
f 688/688/688 687/687/687 519/519/519
f 570/570/570 518/518/518 685/685/685
f 685/685/685 688/688/688 570/570/570
f 571/571/571 569/569/569 518/518/518
f 518/518/518 570/570/570 571/571/571
f 566/566/566 571/571/571 570/570/570
f 570/570/570 519/519/519 566/566/566
f 520/520/520 567/567/567 690/690/690
f 690/690/690 689/689/689 520/520/520
f 567/567/567 519/519/519 687/687/687
f 687/687/687 690/690/690 567/567/567
f 568/568/568 566/566/566 519/519/519
f 519/519/519 567/567/567 568/568/568
f 563/563/563 568/568/568 567/567/567
f 567/567/567 520/520/520 563/563/563
f 521/521/521 564/564/564 692/692/692
f 692/692/692 691/691/691 521/521/521
f 564/564/564 520/520/520 689/689/689
f 689/689/689 692/692/692 564/564/564
f 565/565/565 563/563/563 520/520/520
f 520/520/520 564/564/564 565/565/565
f 560/560/560 565/565/565 564/564/564
f 564/564/564 521/521/521 560/560/560
f 522/522/522 561/561/561 694/694/694
f 694/694/694 693/693/693 522/522/522
f 561/561/561 521/521/521 691/691/691
f 691/691/691 694/694/694 561/561/561
f 562/562/562 560/560/560 521/521/521
f 521/521/521 561/561/561 562/562/562
f 557/557/557 562/562/562 561/561/561
f 561/561/561 522/522/522 557/557/557
f 558/558/558 522/522/522 693/693/693
f 693/693/693 695/695/695 558/558/558
f 559/559/559 557/557/557 522/522/522
f 522/522/522 558/558/558 559/559/559
f 499/499/499 624/624/624 654/654/654
f 654/654/654 623/623/623 499/499/499
f 500/500/500 623/623/623 654/654/654
f 654/654/654 621/621/621 500/500/500
f 653/653/653 654/654/654 624/624/624
f 624/624/624 625/625/625 656/656/656
f 656/656/656 653/653/653 624/624/624
f 626/626/626 627/627/627 657/657/657
f 657/657/657 658/658/658 626/626/626
f 627/627/627 628/628/628 660/660/660
f 660/660/660 657/657/657 627/627/627
f 625/625/625 626/626/626 655/655/655
f 655/655/655 656/656/656 625/625/625
f 628/628/628 629/629/629 662/662/662
f 662/662/662 659/659/659 628/628/628
f 626/626/626 658/658/658 655/655/655
f 661/661/661 662/662/662 629/629/629
f 629/629/629 630/630/630 661/661/661
f 659/659/659 660/660/660 628/628/628
f 630/630/630 631/631/631 663/663/663
f 663/663/663 664/664/664 630/630/630
f 631/631/631 632/632/632 666/666/666
f 666/666/666 663/663/663 631/631/631
f 661/661/661 630/630/630 664/664/664
f 632/632/632 633/633/633 665/665/665
f 665/665/665 666/666/666 632/632/632
f 634/634/634 635/635/635 670/670/670
f 670/670/670 667/667/667 634/634/634
f 635/635/635 636/636/636 672/672/672
f 672/672/672 669/669/669 635/635/635
f 633/633/633 634/634/634 667/667/667
f 667/667/667 668/668/668 633/633/633
f 636/636/636 637/637/637 671/671/671
f 671/671/671 672/672/672 636/636/636
f 668/668/668 665/665/665 633/633/633
f 637/637/637 674/674/674 671/671/671
f 673/673/673 674/674/674 637/637/637
f 637/637/637 638/638/638 673/673/673
f 669/669/669 670/670/670 635/635/635
f 621/621/621 622/622/622 620/620/620
f 620/620/620 500/500/500 621/621/621
f 556/556/556 622/622/622 617/617/617
f 501/501/501 620/620/620 622/622/622
f 555/555/555 619/619/619 614/614/614
f 616/616/616 611/611/611 553/553/553
f 553/553/553 554/554/554 616/616/616
f 611/611/611 613/613/613 552/552/552
f 552/552/552 553/553/553 611/611/611
f 554/554/554 614/614/614 616/616/616
f 617/617/617 619/619/619 555/555/555
f 555/555/555 556/556/556 617/617/617
f 556/556/556 501/501/501 622/622/622
f 554/554/554 555/555/555 614/614/614
f 551/551/551 608/608/608 610/610/610
f 552/552/552 608/608/608 551/551/551
f 610/610/610 605/605/605 550/550/550
f 550/550/550 551/551/551 610/610/610
f 613/613/613 608/608/608 552/552/552
f 549/549/549 607/607/607 602/602/602
f 548/548/548 604/604/604 599/599/599
f 547/547/547 599/599/599 601/601/601
f 602/602/602 604/604/604 548/548/548
f 548/548/548 549/549/549 602/602/602
f 546/546/546 596/596/596 598/598/598
f 593/593/593 595/595/595 544/544/544
f 544/544/544 545/545/545 593/593/593
f 544/544/544 595/595/595 590/590/590
f 545/545/545 598/598/598 593/593/593
f 601/601/601 596/596/596 546/546/546
f 546/546/546 547/547/547 601/601/601
f 549/549/549 550/550/550 607/607/607
f 547/547/547 548/548/548 599/599/599
f 542/542/542 543/543/543 592/592/592
f 592/592/592 587/587/587 542/542/542
f 543/543/543 544/544/544 590/590/590
f 598/598/598 545/545/545 546/546/546
f 543/543/543 590/590/590 592/592/592
f 605/605/605 607/607/607 550/550/550
f 638/638/638 639/639/639 676/676/676
f 676/676/676 673/673/673 638/638/638
f 639/639/639 640/640/640 678/678/678
f 678/678/678 675/675/675 639/639/639
f 676/676/676 639/639/639 675/675/675
f 640/640/640 641/641/641 677/677/677
f 677/677/677 678/678/678 640/640/640
f 642/642/642 643/643/643 682/682/682
f 682/682/682 679/679/679 642/642/642
f 643/643/643 644/644/644 684/684/684
f 684/684/684 681/681/681 643/643/643
f 641/641/641 642/642/642 679/679/679
f 679/679/679 680/680/680 641/641/641
f 644/644/644 645/645/645 683/683/683
f 683/683/683 684/684/684 644/644/644
f 641/641/641 680/680/680 677/677/677
f 643/643/643 681/681/681 682/682/682
f 645/645/645 686/686/686 683/683/683
f 645/645/645 646/646/646 685/685/685
f 685/685/685 686/686/686 645/645/645
f 688/688/688 685/685/685 646/646/646
f 646/646/646 647/647/647 688/688/688
f 647/647/647 648/648/648 690/690/690
f 690/690/690 687/687/687 647/647/647
f 648/648/648 649/649/649 689/689/689
f 689/689/689 690/690/690 648/648/648
f 650/650/650 651/651/651 694/694/694
f 694/694/694 691/691/691 650/650/650
f 523/523/523 695/695/695 652/652/652
f 651/651/651 652/652/652 693/693/693
f 693/693/693 694/694/694 651/651/651
f 649/649/649 650/650/650 692/692/692
f 692/692/692 689/689/689 649/649/649
f 526/526/526 695/695/695 523/523/523
f 647/647/647 687/687/687 688/688/688
f 652/652/652 695/695/695 693/693/693
f 558/558/558 695/695/695 526/526/526
f 526/526/526 524/524/524 558/558/558
f 691/691/691 692/692/692 650/650/650
f 541/541/541 589/589/589 584/584/584
f 586/586/586 581/581/581 539/539/539
f 539/539/539 540/540/540 586/586/586
f 584/584/584 586/586/586 540/540/540
f 540/540/540 541/541/541 584/584/584
f 538/538/538 583/583/583 578/578/578
f 537/537/537 580/580/580 575/575/575
f 536/536/536 575/575/575 577/577/577
f 578/578/578 580/580/580 537/537/537
f 537/537/537 538/538/538 578/578/578
f 539/539/539 581/581/581 583/583/583
f 541/541/541 542/542/542 587/587/587
f 587/587/587 589/589/589 541/541/541
f 538/538/538 539/539/539 583/583/583
f 535/535/535 572/572/572 574/574/574
f 536/536/536 537/537/537 575/575/575
f 535/535/535 536/536/536 577/577/577
f 577/577/577 572/572/572 535/535/535
f 534/534/534 535/535/535 574/574/574
f 574/574/574 569/569/569 534/534/534
f 569/569/569 571/571/571 533/533/533
f 533/533/533 534/534/534 569/569/569
f 532/532/532 566/566/566 568/568/568
f 568/568/568 563/563/563 531/531/531
f 531/531/531 532/532/532 568/568/568
f 533/533/533 571/571/571 566/566/566
f 560/560/560 562/562/562 529/529/529
f 529/529/529 530/530/530 560/560/560
f 529/529/529 562/562/562 557/557/557
f 530/530/530 565/565/565 560/560/560
f 531/531/531 563/563/563 565/565/565
f 530/530/530 531/531/531 565/565/565
f 533/533/533 566/566/566 532/532/532
f 559/559/559 527/527/527 525/525/525
f 525/525/525 528/528/528 559/559/559
f 524/524/524 527/527/527 559/559/559
f 559/559/559 558/558/558 524/524/524
f 528/528/528 529/529/529 557/557/557
f 559/559/559 528/528/528 557/557/557
f 704/704/704 696/696/696 698/698/698
f 698/698/698 700/700/700 704/704/704
f 697/697/697 703/703/703 702/702/702
f 702/702/702 699/699/699 697/697/697
f 703/703/703 704/704/704 700/700/700
f 700/700/700 701/701/701 703/703/703
f 703/703/703 701/701/701 702/702/702
f 715/715/715 708/708/708 707/707/707
f 707/707/707 714/714/714 715/715/715
f 716/716/716 709/709/709 708/708/708
f 708/708/708 715/715/715 716/716/716
f 717/717/717 710/710/710 709/709/709
f 709/709/709 716/716/716 717/717/717
f 718/718/718 711/711/711 710/710/710
f 710/710/710 717/717/717 718/718/718
f 719/719/719 712/712/712 711/711/711
f 711/711/711 718/718/718 719/719/719
f 720/720/720 713/713/713 712/712/712
f 712/712/712 719/719/719 720/720/720
f 722/722/722 715/715/715 714/714/714
f 714/714/714 721/721/721 722/722/722
f 724/724/724 720/720/720 719/719/719
f 719/719/719 723/723/723 724/724/724
f 726/726/726 722/722/722 721/721/721
f 721/721/721 725/725/725 726/726/726
f 728/728/728 724/724/724 723/723/723
f 723/723/723 727/727/727 728/728/728
f 730/730/730 726/726/726 725/725/725
f 725/725/725 729/729/729 730/730/730
f 735/735/735 728/728/728 727/727/727
f 727/727/727 734/734/734 735/735/735
f 737/737/737 730/730/730 729/729/729
f 729/729/729 736/736/736 737/737/737
f 738/738/738 731/731/731 730/730/730
f 730/730/730 737/737/737 738/738/738
f 739/739/739 732/732/732 731/731/731
f 731/731/731 738/738/738 739/739/739
f 740/740/740 733/733/733 732/732/732
f 732/732/732 739/739/739 740/740/740
f 741/741/741 734/734/734 733/733/733
f 733/733/733 740/740/740 741/741/741
f 742/742/742 735/735/735 734/734/734
f 734/734/734 741/741/741 742/742/742
f 744/744/744 737/737/737 736/736/736
f 736/736/736 743/743/743 744/744/744
f 745/745/745 738/738/738 737/737/737
f 737/737/737 744/744/744 745/745/745
f 746/746/746 739/739/739 738/738/738
f 738/738/738 745/745/745 746/746/746
f 747/747/747 740/740/740 739/739/739
f 739/739/739 746/746/746 747/747/747
f 748/748/748 741/741/741 740/740/740
f 740/740/740 747/747/747 748/748/748
f 749/749/749 742/742/742 741/741/741
f 741/741/741 748/748/748 749/749/749
f 751/751/751 744/744/744 743/743/743
f 743/743/743 750/750/750 751/751/751
f 753/753/753 749/749/749 748/748/748
f 748/748/748 752/752/752 753/753/753
f 755/755/755 751/751/751 750/750/750
f 750/750/750 754/754/754 755/755/755
f 757/757/757 753/753/753 752/752/752
f 752/752/752 756/756/756 757/757/757
f 759/759/759 755/755/755 754/754/754
f 754/754/754 758/758/758 759/759/759
f 764/764/764 757/757/757 756/756/756
f 756/756/756 763/763/763 764/764/764
f 766/766/766 759/759/759 758/758/758
f 758/758/758 765/765/765 766/766/766
f 767/767/767 760/760/760 759/759/759
f 759/759/759 766/766/766 767/767/767
f 768/768/768 761/761/761 760/760/760
f 760/760/760 767/767/767 768/768/768
f 769/769/769 762/762/762 761/761/761
f 761/761/761 768/768/768 769/769/769
f 770/770/770 763/763/763 762/762/762
f 762/762/762 769/769/769 770/770/770
f 771/771/771 764/764/764 763/763/763
f 763/763/763 770/770/770 771/771/771
f 773/773/773 766/766/766 765/765/765
f 765/765/765 772/772/772 773/773/773
f 774/774/774 767/767/767 766/766/766
f 766/766/766 773/773/773 774/774/774
f 775/775/775 768/768/768 767/767/767
f 767/767/767 774/774/774 775/775/775
f 776/776/776 769/769/769 768/768/768
f 768/768/768 775/775/775 776/776/776
f 777/777/777 770/770/770 769/769/769
f 769/769/769 776/776/776 777/777/777
f 778/778/778 771/771/771 770/770/770
f 770/770/770 777/777/777 778/778/778
f 803/803/803 705/705/705 804/804/804
f 707/707/707 708/708/708 802/802/802
f 802/802/802 803/803/803 707/707/707
f 804/804/804 707/707/707 803/803/803
f 707/707/707 804/804/804 805/805/805
f 714/714/714 805/805/805 806/806/806
f 721/721/721 714/714/714 806/806/806
f 806/806/806 807/807/807 721/721/721
f 707/707/707 805/805/805 714/714/714
f 708/708/708 709/709/709 801/801/801
f 801/801/801 802/802/802 708/708/708
f 709/709/709 710/710/710 801/801/801
f 716/716/716 715/715/715 853/853/853
f 715/715/715 722/722/722 853/853/853
f 854/854/854 717/717/717 716/716/716
f 853/853/853 854/854/854 716/716/716
f 717/717/717 854/854/854 841/841/841
f 725/725/725 808/808/808 809/809/809
f 725/725/725 721/721/721 807/807/807
f 807/807/807 808/808/808 725/725/725
f 729/729/729 725/725/725 809/809/809
f 809/809/809 810/810/810 729/729/729
f 810/810/810 811/811/811 736/736/736
f 736/736/736 729/729/729 810/810/810
f 812/812/812 736/736/736 811/811/811
f 853/853/853 722/722/722 852/852/852
f 851/851/851 852/852/852 722/722/722
f 851/851/851 726/726/726 850/850/850
f 726/726/726 851/851/851 722/722/722
f 731/731/731 726/726/726 730/730/730
f 732/732/732 848/848/848 849/849/849
f 731/731/731 849/849/849 850/850/850
f 731/731/731 732/732/732 849/849/849
f 726/726/726 731/731/731 850/850/850
f 711/711/711 800/800/800 710/710/710
f 801/801/801 710/710/710 800/800/800
f 711/711/711 712/712/712 799/799/799
f 799/799/799 800/800/800 711/711/711
f 718/718/718 717/717/717 842/842/842
f 842/842/842 717/717/717 841/841/841
f 842/842/842 843/843/843 718/718/718
f 843/843/843 719/719/719 718/718/718
f 713/713/713 797/797/797 798/798/798
f 798/798/798 799/799/799 712/712/712
f 712/712/712 713/713/713 798/798/798
f 798/798/798 797/797/797 706/706/706
f 795/795/795 796/796/796 720/720/720
f 713/713/713 720/720/720 796/796/796
f 720/720/720 724/724/724 794/794/794
f 794/794/794 795/795/795 720/720/720
f 797/797/797 713/713/713 796/796/796
f 843/843/843 723/723/723 719/719/719
f 845/845/845 727/727/727 723/723/723
f 844/844/844 845/845/845 723/723/723
f 727/727/727 845/845/845 846/846/846
f 843/843/843 844/844/844 723/723/723
f 733/733/733 847/847/847 732/732/732
f 734/734/734 727/727/727 733/733/733
f 733/733/733 727/727/727 846/846/846
f 847/847/847 733/733/733 846/846/846
f 724/724/724 728/728/728 793/793/793
f 793/793/793 794/794/794 724/724/724
f 793/793/793 728/728/728 792/792/792
f 735/735/735 742/742/742 790/790/790
f 790/790/790 791/791/791 735/735/735
f 791/791/791 792/792/792 728/728/728
f 728/728/728 735/735/735 791/791/791
f 790/790/790 742/742/742 789/789/789
f 847/847/847 848/848/848 732/732/732
f 743/743/743 736/736/736 812/812/812
f 750/750/750 743/743/743 813/813/813
f 813/813/813 814/814/814 750/750/750
f 812/812/812 813/813/813 743/743/743
f 754/754/754 750/750/750 814/814/814
f 814/814/814 815/815/815 754/754/754
f 754/754/754 815/815/815 816/816/816
f 839/839/839 744/744/744 751/751/751
f 746/746/746 745/745/745 840/840/840
f 839/839/839 840/840/840 745/745/745
f 827/827/827 828/828/828 746/746/746
f 840/840/840 827/827/827 746/746/746
f 838/838/838 751/751/751 837/837/837
f 838/838/838 839/839/839 751/751/751
f 755/755/755 836/836/836 837/837/837
f 836/836/836 755/755/755 759/759/759
f 744/744/744 839/839/839 745/745/745
f 751/751/751 755/755/755 837/837/837
f 758/758/758 816/816/816 817/817/817
f 765/765/765 758/758/758 817/817/817
f 817/817/817 818/818/818 765/765/765
f 772/772/772 819/819/819 820/820/820
f 772/772/772 765/765/765 818/818/818
f 818/818/818 819/819/819 772/772/772
f 820/820/820 821/821/821 772/772/772
f 779/779/779 821/821/821 820/820/820
f 836/836/836 760/760/760 835/835/835
f 835/835/835 761/761/761 834/834/834
f 760/760/760 761/761/761 835/835/835
f 760/760/760 836/836/836 759/759/759
f 821/821/821 822/822/822 773/773/773
f 773/773/773 772/772/772 821/821/821
f 822/822/822 823/823/823 774/774/774
f 774/774/774 773/773/773 822/822/822
f 823/823/823 775/775/775 774/774/774
f 758/758/758 754/754/754 816/816/816
f 829/829/829 747/747/747 828/828/828
f 746/746/746 828/828/828 747/747/747
f 829/829/829 752/752/752 748/748/748
f 747/747/747 829/829/829 748/748/748
f 763/763/763 756/756/756 832/832/832
f 830/830/830 752/752/752 829/829/829
f 831/831/831 832/832/832 756/756/756
f 831/831/831 752/752/752 830/830/830
f 788/788/788 789/789/789 749/749/749
f 749/749/749 789/789/789 742/742/742
f 787/787/787 788/788/788 749/749/749
f 749/749/749 753/753/753 787/787/787
f 831/831/831 756/756/756 752/752/752
f 753/753/753 757/757/757 786/786/786
f 786/786/786 787/787/787 753/753/753
f 785/785/785 786/786/786 757/757/757
f 833/833/833 762/762/762 832/832/832
f 762/762/762 763/763/763 832/832/832
f 824/824/824 825/825/825 777/777/777
f 777/777/777 776/776/776 824/824/824
f 775/775/775 824/824/824 776/776/776
f 825/825/825 826/826/826 778/778/778
f 778/778/778 777/777/777 825/825/825
f 824/824/824 775/775/775 823/823/823
f 784/784/784 785/785/785 764/764/764
f 764/764/764 785/785/785 757/757/757
f 783/783/783 784/784/784 764/764/764
f 764/764/764 771/771/771 783/783/783
f 771/771/771 778/778/778 782/782/782
f 782/782/782 783/783/783 771/771/771
f 778/778/778 781/781/781 782/782/782
f 826/826/826 781/781/781 778/778/778
f 781/781/781 826/826/826 780/780/780
f 761/761/761 762/762/762 833/833/833
f 833/833/833 834/834/834 761/761/761
f 860/860/860 855/855/855 861/861/861
f 859/859/859 860/860/860 861/861/861
f 859/859/859 866/866/866 858/858/858
f 858/858/858 866/866/866 856/856/856
f 861/861/861 862/862/862 859/859/859
f 864/864/864 862/862/862 861/861/861
f 859/859/859 862/862/862 866/866/866
f 857/857/857 866/866/866 865/865/865
f 862/862/862 865/865/865 866/866/866
f 863/863/863 864/864/864 861/861/861
f 875/875/875 874/874/874 867/867/867
f 867/867/867 868/868/868 875/875/875
f 876/876/876 875/875/875 868/868/868
f 868/868/868 869/869/869 876/876/876
f 877/877/877 876/876/876 869/869/869
f 869/869/869 870/870/870 877/877/877
f 878/878/878 877/877/877 870/870/870
f 870/870/870 871/871/871 878/878/878
f 879/879/879 878/878/878 871/871/871
f 871/871/871 872/872/872 879/879/879
f 880/880/880 879/879/879 872/872/872
f 872/872/872 873/873/873 880/880/880
f 882/882/882 881/881/881 874/874/874
f 874/874/874 875/875/875 882/882/882
f 883/883/883 882/882/882 875/875/875
f 875/875/875 876/876/876 883/883/883
f 884/884/884 883/883/883 876/876/876
f 876/876/876 877/877/877 884/884/884
f 885/885/885 884/884/884 877/877/877
f 877/877/877 878/878/878 885/885/885
f 886/886/886 885/885/885 878/878/878
f 878/878/878 879/879/879 886/886/886
f 887/887/887 886/886/886 879/879/879
f 879/879/879 880/880/880 887/887/887
f 889/889/889 888/888/888 881/881/881
f 881/881/881 882/882/882 889/889/889
f 891/891/891 890/890/890 886/886/886
f 886/886/886 887/887/887 891/891/891
f 893/893/893 892/892/892 888/888/888
f 888/888/888 889/889/889 893/893/893
f 895/895/895 894/894/894 890/890/890
f 890/890/890 891/891/891 895/895/895
f 897/897/897 896/896/896 892/892/892
f 892/892/892 893/893/893 897/897/897
f 902/902/902 901/901/901 894/894/894
f 894/894/894 895/895/895 902/902/902
f 904/904/904 903/903/903 896/896/896
f 896/896/896 897/897/897 904/904/904
f 905/905/905 904/904/904 897/897/897
f 897/897/897 898/898/898 905/905/905
f 906/906/906 905/905/905 898/898/898
f 898/898/898 899/899/899 906/906/906
f 907/907/907 906/906/906 899/899/899
f 899/899/899 900/900/900 907/907/907
f 908/908/908 907/907/907 900/900/900
f 900/900/900 901/901/901 908/908/908
f 909/909/909 908/908/908 901/901/901
f 901/901/901 902/902/902 909/909/909
f 911/911/911 910/910/910 903/903/903
f 903/903/903 904/904/904 911/911/911
f 912/912/912 911/911/911 904/904/904
f 904/904/904 905/905/905 912/912/912
f 913/913/913 912/912/912 905/905/905
f 905/905/905 906/906/906 913/913/913
f 914/914/914 913/913/913 906/906/906
f 906/906/906 907/907/907 914/914/914
f 915/915/915 914/914/914 907/907/907
f 907/907/907 908/908/908 915/915/915
f 916/916/916 915/915/915 908/908/908
f 908/908/908 909/909/909 916/916/916
f 918/918/918 917/917/917 910/910/910
f 910/910/910 911/911/911 918/918/918
f 919/919/919 918/918/918 911/911/911
f 911/911/911 912/912/912 919/919/919
f 921/921/921 920/920/920 914/914/914
f 914/914/914 915/915/915 921/921/921
f 922/922/922 921/921/921 915/915/915
f 915/915/915 916/916/916 922/922/922
f 924/924/924 923/923/923 917/917/917
f 917/917/917 918/918/918 924/924/924
f 926/926/926 925/925/925 921/921/921
f 921/921/921 922/922/922 926/926/926
f 928/928/928 927/927/927 923/923/923
f 923/923/923 924/924/924 928/928/928
f 932/932/932 931/931/931 925/925/925
f 925/925/925 926/926/926 932/932/932
f 934/934/934 933/933/933 927/927/927
f 927/927/927 928/928/928 934/934/934
f 935/935/935 934/934/934 928/928/928
f 928/928/928 929/929/929 935/935/935
f 937/937/937 936/936/936 930/930/930
f 930/930/930 931/931/931 937/937/937
f 938/938/938 937/937/937 931/931/931
f 931/931/931 932/932/932 938/938/938
f 867/867/867 973/973/973 972/972/972
f 947/947/947 867/867/867 948/948/948
f 972/972/972 948/948/948 867/867/867
f 973/973/973 867/867/867 874/874/874
f 874/874/874 974/974/974 973/973/973
f 874/874/874 975/975/975 974/974/974
f 976/976/976 975/975/975 881/881/881
f 874/874/874 881/881/881 975/975/975
f 946/946/946 868/868/868 867/867/867
f 867/867/867 947/947/947 946/946/946
f 945/945/945 869/869/869 868/868/868
f 868/868/868 946/946/946 945/945/945
f 945/945/945 870/870/870 869/869/869
f 1013/1013/1013 882/882/882 883/883/883
f 944/944/944 870/870/870 945/945/945
f 888/888/888 977/977/977 976/976/976
f 976/976/976 881/881/881 888/888/888
f 977/977/977 888/888/888 892/892/892
f 892/892/892 978/978/978 977/977/977
f 882/882/882 1013/1013/1013 889/889/889
f 896/896/896 979/979/979 978/978/978
f 978/978/978 892/892/892 896/896/896
f 896/896/896 980/980/980 979/979/979
f 1011/1011/1011 893/893/893 889/889/889
f 889/889/889 1013/1013/1013 1012/1012/1012
f 884/884/884 1014/1014/1014 883/883/883
f 1013/1013/1013 883/883/883 1014/1014/1014
f 1011/1011/1011 1010/1010/1010 893/893/893
f 889/889/889 1012/1012/1012 1011/1011/1011
f 1009/1009/1009 898/898/898 1010/1010/1010
f 898/898/898 893/893/893 1010/1010/1010
f 899/899/899 898/898/898 1009/1009/1009
f 897/897/897 893/893/893 898/898/898
f 1014/1014/1014 884/884/884 1002/1002/1002
f 943/943/943 872/872/872 871/871/871
f 871/871/871 944/944/944 943/943/943
f 871/871/871 870/870/870 944/944/944
f 942/942/942 873/873/873 872/872/872
f 872/872/872 943/943/943 942/942/942
f 885/885/885 886/886/886 1004/1004/1004
f 965/965/965 873/873/873 941/941/941
f 942/942/942 941/941/941 873/873/873
f 873/873/873 965/965/965 964/964/964
f 963/963/963 880/880/880 873/873/873
f 873/873/873 964/964/964 963/963/963
f 880/880/880 963/963/963 962/962/962
f 962/962/962 887/887/887 880/880/880
f 887/887/887 962/962/962 961/961/961
f 887/887/887 961/961/961 960/960/960
f 960/960/960 891/891/891 887/887/887
f 1003/1003/1003 884/884/884 885/885/885
f 1004/1004/1004 886/886/886 890/890/890
f 890/890/890 1006/1006/1006 1005/1005/1005
f 890/890/890 1005/1005/1005 1004/1004/1004
f 900/900/900 899/899/899 1008/1008/1008
f 1002/1002/1002 884/884/884 1003/1003/1003
f 894/894/894 1007/1007/1007 1006/1006/1006
f 1008/1008/1008 1007/1007/1007 900/900/900
f 900/900/900 1007/1007/1007 894/894/894
f 891/891/891 960/960/960 959/959/959
f 959/959/959 895/895/895 891/891/891
f 900/900/900 894/894/894 901/901/901
f 895/895/895 959/959/959 958/958/958
f 958/958/958 902/902/902 895/895/895
f 957/957/957 902/902/902 958/958/958
f 894/894/894 1006/1006/1006 890/890/890
f 1004/1004/1004 1003/1003/1003 885/885/885
f 1008/1008/1008 899/899/899 1009/1009/1009
f 980/980/980 896/896/896 903/903/903
f 903/903/903 981/981/981 980/980/980
f 910/910/910 982/982/982 981/981/981
f 981/981/981 903/903/903 910/910/910
f 917/917/917 984/984/984 983/983/983
f 917/917/917 983/983/983 982/982/982
f 982/982/982 910/910/910 917/917/917
f 923/923/923 985/985/985 984/984/984
f 984/984/984 917/917/917 923/923/923
f 913/913/913 919/919/919 912/912/912
f 1001/1001/1001 919/919/919 989/989/989
f 1000/1000/1000 918/918/918 919/919/919
f 989/989/989 920/920/920 990/990/990
f 924/924/924 918/918/918 999/999/999
f 1000/1000/1000 919/919/919 1001/1001/1001
f 999/999/999 918/918/918 1000/1000/1000
f 999/999/999 998/998/998 924/924/924
f 927/927/927 986/986/986 985/985/985
f 985/985/985 923/923/923 927/927/927
f 933/933/933 987/987/987 986/986/986
f 986/986/986 927/927/927 933/933/933
f 966/966/966 939/939/939 988/988/988
f 988/988/988 933/933/933 966/966/966
f 987/987/987 933/933/933 988/988/988
f 934/934/934 967/967/967 966/966/966
f 966/966/966 933/933/933 934/934/934
f 929/929/929 998/998/998 997/997/997
f 928/928/928 924/924/924 998/998/998
f 997/997/997 996/996/996 929/929/929
f 928/928/928 998/998/998 929/929/929
f 935/935/935 968/968/968 967/967/967
f 967/967/967 934/934/934 935/935/935
f 930/930/930 936/936/936 935/935/935
f 935/935/935 929/929/929 930/930/930
f 936/936/936 969/969/969 968/968/968
f 968/968/968 935/935/935 936/936/936
f 914/914/914 920/920/920 913/913/913
f 991/991/991 920/920/920 921/921/921
f 913/913/913 920/920/920 919/919/919
f 920/920/920 991/991/991 990/990/990
f 992/992/992 921/921/921 925/925/925
f 993/993/993 992/992/992 925/925/925
f 991/991/991 921/921/921 992/992/992
f 919/919/919 920/920/920 989/989/989
f 956/956/956 909/909/909 902/902/902
f 902/902/902 957/957/957 956/956/956
f 955/955/955 916/916/916 909/909/909
f 909/909/909 956/956/956 955/955/955
f 916/916/916 955/955/955 954/954/954
f 954/954/954 922/922/922 916/916/916
f 954/954/954 953/953/953 922/922/922
f 922/922/922 953/953/953 952/952/952
f 952/952/952 926/926/926 922/922/922
f 930/930/930 995/995/995 994/994/994
f 931/931/931 930/930/930 993/993/993
f 994/994/994 993/993/993 930/930/930
f 929/929/929 996/996/996 995/995/995
f 995/995/995 930/930/930 929/929/929
f 969/969/969 936/936/936 937/937/937
f 937/937/937 970/970/970 969/969/969
f 951/951/951 932/932/932 926/926/926
f 926/926/926 952/952/952 951/951/951
f 932/932/932 951/951/951 950/950/950
f 950/950/950 938/938/938 932/932/932
f 938/938/938 971/971/971 970/970/970
f 970/970/970 937/937/937 938/938/938
f 938/938/938 949/949/949 971/971/971
f 940/940/940 971/971/971 949/949/949
f 950/950/950 949/949/949 938/938/938
f 931/931/931 993/993/993 925/925/925
f 1017/1017/1017 1065/1065/1065 1066/1066/1066
f 1066/1066/1066 1064/1064/1064 1017/1017/1017
f 1174/1174/1174 1176/1176/1176 1065/1065/1065
f 1065/1065/1065 1017/1017/1017 1174/1174/1174
f 1018/1018/1018 1068/1068/1068 1069/1069/1069
f 1069/1069/1069 1067/1067/1067 1018/1018/1018
f 1068/1068/1068 1017/1017/1017 1064/1064/1064
f 1064/1064/1064 1069/1069/1069 1068/1068/1068
f 1175/1175/1175 1174/1174/1174 1017/1017/1017
f 1017/1017/1017 1068/1068/1068 1175/1175/1175
f 1172/1172/1172 1175/1175/1175 1068/1068/1068
f 1068/1068/1068 1018/1018/1018 1172/1172/1172
f 1019/1019/1019 1071/1071/1071 1072/1072/1072
f 1072/1072/1072 1070/1070/1070 1019/1019/1019
f 1071/1071/1071 1018/1018/1018 1067/1067/1067
f 1067/1067/1067 1072/1072/1072 1071/1071/1071
f 1173/1173/1173 1172/1172/1172 1018/1018/1018
f 1018/1018/1018 1071/1071/1071 1173/1173/1173
f 1170/1170/1170 1173/1173/1173 1071/1071/1071
f 1071/1071/1071 1019/1019/1019 1170/1170/1170
f 1020/1020/1020 1074/1074/1074 1075/1075/1075
f 1075/1075/1075 1073/1073/1073 1020/1020/1020
f 1074/1074/1074 1019/1019/1019 1070/1070/1070
f 1070/1070/1070 1075/1075/1075 1074/1074/1074
f 1171/1171/1171 1170/1170/1170 1019/1019/1019
f 1019/1019/1019 1074/1074/1074 1171/1171/1171
f 1168/1168/1168 1171/1171/1171 1074/1074/1074
f 1074/1074/1074 1020/1020/1020 1168/1168/1168
f 1021/1021/1021 1077/1077/1077 1078/1078/1078
f 1078/1078/1078 1076/1076/1076 1021/1021/1021
f 1077/1077/1077 1020/1020/1020 1073/1073/1073
f 1073/1073/1073 1078/1078/1078 1077/1077/1077
f 1169/1169/1169 1168/1168/1168 1020/1020/1020
f 1020/1020/1020 1077/1077/1077 1169/1169/1169
f 1166/1166/1166 1169/1169/1169 1077/1077/1077
f 1077/1077/1077 1021/1021/1021 1166/1166/1166
f 1022/1022/1022 1080/1080/1080 1081/1081/1081
f 1081/1081/1081 1079/1079/1079 1022/1022/1022
f 1080/1080/1080 1021/1021/1021 1076/1076/1076
f 1076/1076/1076 1081/1081/1081 1080/1080/1080
f 1167/1167/1167 1166/1166/1166 1021/1021/1021
f 1021/1021/1021 1080/1080/1080 1167/1167/1167
f 1164/1164/1164 1167/1167/1167 1080/1080/1080
f 1080/1080/1080 1022/1022/1022 1164/1164/1164
f 1023/1023/1023 1083/1083/1083 1084/1084/1084
f 1084/1084/1084 1082/1082/1082 1023/1023/1023
f 1083/1083/1083 1022/1022/1022 1079/1079/1079
f 1079/1079/1079 1084/1084/1084 1083/1083/1083
f 1165/1165/1165 1164/1164/1164 1022/1022/1022
f 1022/1022/1022 1083/1083/1083 1165/1165/1165
f 1162/1162/1162 1165/1165/1165 1083/1083/1083
f 1083/1083/1083 1023/1023/1023 1162/1162/1162
f 1024/1024/1024 1086/1086/1086 1087/1087/1087
f 1087/1087/1087 1085/1085/1085 1024/1024/1024
f 1086/1086/1086 1023/1023/1023 1082/1082/1082
f 1082/1082/1082 1087/1087/1087 1086/1086/1086
f 1163/1163/1163 1162/1162/1162 1023/1023/1023
f 1023/1023/1023 1086/1086/1086 1163/1163/1163
f 1160/1160/1160 1163/1163/1163 1086/1086/1086
f 1086/1086/1086 1024/1024/1024 1160/1160/1160
f 1025/1025/1025 1089/1089/1089 1090/1090/1090
f 1090/1090/1090 1088/1088/1088 1025/1025/1025
f 1089/1089/1089 1024/1024/1024 1085/1085/1085
f 1085/1085/1085 1090/1090/1090 1089/1089/1089
f 1161/1161/1161 1160/1160/1160 1024/1024/1024
f 1024/1024/1024 1089/1089/1089 1161/1161/1161
f 1158/1158/1158 1161/1161/1161 1089/1089/1089
f 1089/1089/1089 1025/1025/1025 1158/1158/1158
f 1026/1026/1026 1092/1092/1092 1093/1093/1093
f 1093/1093/1093 1091/1091/1091 1026/1026/1026
f 1092/1092/1092 1025/1025/1025 1088/1088/1088
f 1088/1088/1088 1093/1093/1093 1092/1092/1092
f 1159/1159/1159 1158/1158/1158 1025/1025/1025
f 1025/1025/1025 1092/1092/1092 1159/1159/1159
f 1156/1156/1156 1159/1159/1159 1092/1092/1092
f 1092/1092/1092 1026/1026/1026 1156/1156/1156
f 1027/1027/1027 1095/1095/1095 1096/1096/1096
f 1096/1096/1096 1094/1094/1094 1027/1027/1027
f 1095/1095/1095 1026/1026/1026 1091/1091/1091
f 1091/1091/1091 1096/1096/1096 1095/1095/1095
f 1157/1157/1157 1156/1156/1156 1026/1026/1026
f 1026/1026/1026 1095/1095/1095 1157/1157/1157
f 1154/1154/1154 1157/1157/1157 1095/1095/1095
f 1095/1095/1095 1027/1027/1027 1154/1154/1154
f 1028/1028/1028 1098/1098/1098 1099/1099/1099
f 1099/1099/1099 1097/1097/1097 1028/1028/1028
f 1098/1098/1098 1027/1027/1027 1094/1094/1094
f 1094/1094/1094 1099/1099/1099 1098/1098/1098
f 1155/1155/1155 1154/1154/1154 1027/1027/1027
f 1027/1027/1027 1098/1098/1098 1155/1155/1155
f 1152/1152/1152 1155/1155/1155 1098/1098/1098
f 1098/1098/1098 1028/1028/1028 1152/1152/1152
f 1029/1029/1029 1101/1101/1101 1102/1102/1102
f 1102/1102/1102 1100/1100/1100 1029/1029/1029
f 1101/1101/1101 1028/1028/1028 1097/1097/1097
f 1097/1097/1097 1102/1102/1102 1101/1101/1101
f 1153/1153/1153 1152/1152/1152 1028/1028/1028
f 1028/1028/1028 1101/1101/1101 1153/1153/1153
f 1150/1150/1150 1153/1153/1153 1101/1101/1101
f 1101/1101/1101 1029/1029/1029 1150/1150/1150
f 1030/1030/1030 1104/1104/1104 1105/1105/1105
f 1105/1105/1105 1103/1103/1103 1030/1030/1030
f 1104/1104/1104 1029/1029/1029 1100/1100/1100
f 1100/1100/1100 1105/1105/1105 1104/1104/1104
f 1151/1151/1151 1150/1150/1150 1029/1029/1029
f 1029/1029/1029 1104/1104/1104 1151/1151/1151
f 1148/1148/1148 1151/1151/1151 1104/1104/1104
f 1104/1104/1104 1030/1030/1030 1148/1148/1148
f 1031/1031/1031 1107/1107/1107 1108/1108/1108
f 1108/1108/1108 1106/1106/1106 1031/1031/1031
f 1107/1107/1107 1030/1030/1030 1103/1103/1103
f 1103/1103/1103 1108/1108/1108 1107/1107/1107
f 1149/1149/1149 1148/1148/1148 1030/1030/1030
f 1030/1030/1030 1107/1107/1107 1149/1149/1149
f 1146/1146/1146 1149/1149/1149 1107/1107/1107
f 1107/1107/1107 1031/1031/1031 1146/1146/1146
f 1032/1032/1032 1110/1110/1110 1111/1111/1111
f 1111/1111/1111 1109/1109/1109 1032/1032/1032
f 1110/1110/1110 1031/1031/1031 1106/1106/1106
f 1106/1106/1106 1111/1111/1111 1110/1110/1110
f 1147/1147/1147 1146/1146/1146 1031/1031/1031
f 1031/1031/1031 1110/1110/1110 1147/1147/1147
f 1144/1144/1144 1147/1147/1147 1110/1110/1110
f 1110/1110/1110 1032/1032/1032 1144/1144/1144
f 1033/1033/1033 1113/1113/1113 1114/1114/1114
f 1114/1114/1114 1112/1112/1112 1033/1033/1033
f 1113/1113/1113 1032/1032/1032 1109/1109/1109
f 1109/1109/1109 1114/1114/1114 1113/1113/1113
f 1145/1145/1145 1144/1144/1144 1032/1032/1032
f 1032/1032/1032 1113/1113/1113 1145/1145/1145
f 1142/1142/1142 1145/1145/1145 1113/1113/1113
f 1113/1113/1113 1033/1033/1033 1142/1142/1142
f 1116/1116/1116 1033/1033/1033 1112/1112/1112
f 1112/1112/1112 1117/1117/1117 1116/1116/1116
f 1143/1143/1143 1142/1142/1142 1033/1033/1033
f 1033/1033/1033 1116/1116/1116 1143/1143/1143
f 1066/1066/1066 1015/1015/1015 1041/1041/1041
f 1039/1039/1039 1040/1040/1040 1066/1066/1066
f 1015/1015/1015 1066/1066/1066 1040/1040/1040
f 1064/1064/1064 1066/1066/1066 1041/1041/1041
f 1041/1041/1041 1042/1042/1042 1069/1069/1069
f 1069/1069/1069 1064/1064/1064 1041/1041/1041
f 1043/1043/1043 1044/1044/1044 1072/1072/1072
f 1072/1072/1072 1067/1067/1067 1043/1043/1043
f 1042/1042/1042 1043/1043/1043 1067/1067/1067
f 1067/1067/1067 1069/1069/1069 1042/1042/1042
f 1044/1044/1044 1045/1045/1045 1075/1075/1075
f 1075/1075/1075 1070/1070/1070 1044/1044/1044
f 1039/1039/1039 1066/1066/1066 1065/1065/1065
f 1044/1044/1044 1070/1070/1070 1072/1072/1072
f 1045/1045/1045 1073/1073/1073 1075/1075/1075
f 1073/1073/1073 1045/1045/1045 1046/1046/1046
f 1046/1046/1046 1047/1047/1047 1076/1076/1076
f 1076/1076/1076 1078/1078/1078 1046/1046/1046
f 1047/1047/1047 1048/1048/1048 1081/1081/1081
f 1081/1081/1081 1076/1076/1076 1047/1047/1047
f 1073/1073/1073 1046/1046/1046 1078/1078/1078
f 1048/1048/1048 1049/1049/1049 1084/1084/1084
f 1084/1084/1084 1079/1079/1079 1048/1048/1048
f 1050/1050/1050 1051/1051/1051 1085/1085/1085
f 1085/1085/1085 1087/1087/1087 1050/1050/1050
f 1049/1049/1049 1050/1050/1050 1082/1082/1082
f 1082/1082/1082 1084/1084/1084 1049/1049/1049
f 1051/1051/1051 1052/1052/1052 1088/1088/1088
f 1088/1088/1088 1090/1090/1090 1051/1051/1051
f 1079/1079/1079 1081/1081/1081 1048/1048/1048
f 1050/1050/1050 1087/1087/1087 1082/1082/1082
f 1051/1051/1051 1090/1090/1090 1085/1085/1085
f 1065/1065/1065 1176/1176/1176 1037/1037/1037
f 1037/1037/1037 1038/1038/1038 1065/1065/1065
f 1039/1039/1039 1065/1065/1065 1038/1038/1038
f 1141/1141/1141 1176/1176/1176 1174/1174/1174
f 1175/1175/1175 1172/1172/1172 1139/1139/1139
f 1139/1139/1139 1140/1140/1140 1175/1175/1175
f 1138/1138/1138 1173/1173/1173 1170/1170/1170
f 1139/1139/1139 1172/1172/1172 1173/1173/1173
f 1140/1140/1140 1174/1174/1174 1175/1175/1175
f 1016/1016/1016 1037/1037/1037 1176/1176/1176
f 1141/1141/1141 1016/1016/1016 1176/1176/1176
f 1174/1174/1174 1140/1140/1140 1141/1141/1141
f 1139/1139/1139 1173/1173/1173 1138/1138/1138
f 1137/1137/1137 1138/1138/1138 1170/1170/1170
f 1170/1170/1170 1171/1171/1171 1137/1137/1137
f 1137/1137/1137 1171/1171/1171 1168/1168/1168
f 1136/1136/1136 1168/1168/1168 1169/1169/1169
f 1135/1135/1135 1166/1166/1166 1167/1167/1167
f 1169/1169/1169 1166/1166/1166 1135/1135/1135
f 1135/1135/1135 1136/1136/1136 1169/1169/1169
f 1164/1164/1164 1165/1165/1165 1133/1133/1133
f 1133/1133/1133 1134/1134/1134 1164/1164/1164
f 1132/1132/1132 1162/1162/1162 1163/1163/1163
f 1133/1133/1133 1165/1165/1165 1162/1162/1162
f 1134/1134/1134 1167/1167/1167 1164/1164/1164
f 1135/1135/1135 1167/1167/1167 1134/1134/1134
f 1131/1131/1131 1160/1160/1160 1161/1161/1161
f 1131/1131/1131 1132/1132/1132 1163/1163/1163
f 1163/1163/1163 1160/1160/1160 1131/1131/1131
f 1130/1130/1130 1131/1131/1131 1161/1161/1161
f 1161/1161/1161 1158/1158/1158 1130/1130/1130
f 1162/1162/1162 1132/1132/1132 1133/1133/1133
f 1137/1137/1137 1168/1168/1168 1136/1136/1136
f 1091/1091/1091 1093/1093/1093 1053/1053/1053
f 1093/1093/1093 1088/1088/1088 1052/1052/1052
f 1052/1052/1052 1053/1053/1053 1093/1093/1093
f 1054/1054/1054 1091/1091/1091 1053/1053/1053
f 1054/1054/1054 1055/1055/1055 1094/1094/1094
f 1094/1094/1094 1096/1096/1096 1054/1054/1054
f 1056/1056/1056 1057/1057/1057 1102/1102/1102
f 1102/1102/1102 1097/1097/1097 1056/1056/1056
f 1055/1055/1055 1056/1056/1056 1099/1099/1099
f 1099/1099/1099 1094/1094/1094 1055/1055/1055
f 1057/1057/1057 1058/1058/1058 1100/1100/1100
f 1100/1100/1100 1102/1102/1102 1057/1057/1057
f 1054/1054/1054 1096/1096/1096 1091/1091/1091
f 1058/1058/1058 1105/1105/1105 1100/1100/1100
f 1097/1097/1097 1099/1099/1099 1056/1056/1056
f 1058/1058/1058 1059/1059/1059 1103/1103/1103
f 1103/1103/1103 1105/1105/1105 1058/1058/1058
f 1059/1059/1059 1060/1060/1060 1106/1106/1106
f 1106/1106/1106 1108/1108/1108 1059/1059/1059
f 1059/1059/1059 1108/1108/1108 1103/1103/1103
f 1060/1060/1060 1061/1061/1061 1111/1111/1111
f 1111/1111/1111 1106/1106/1106 1060/1060/1060
f 1062/1062/1062 1063/1063/1063 1112/1112/1112
f 1112/1112/1112 1114/1114/1114 1062/1062/1062
f 1061/1061/1061 1062/1062/1062 1114/1114/1114
f 1114/1114/1114 1109/1109/1109 1061/1061/1061
f 1063/1063/1063 1034/1034/1034 1115/1115/1115
f 1115/1115/1115 1117/1117/1117 1063/1063/1063
f 1109/1109/1109 1111/1111/1111 1061/1061/1061
f 1063/1063/1063 1117/1117/1117 1112/1112/1112
f 1115/1115/1115 1035/1035/1035 1116/1116/1116
f 1116/1116/1116 1117/1117/1117 1115/1115/1115
f 1158/1158/1158 1159/1159/1159 1129/1129/1129
f 1129/1129/1129 1130/1130/1130 1158/1158/1158
f 1128/1128/1128 1156/1156/1156 1157/1157/1157
f 1129/1129/1129 1159/1159/1159 1156/1156/1156
f 1127/1127/1127 1154/1154/1154 1155/1155/1155
f 1152/1152/1152 1153/1153/1153 1125/1125/1125
f 1125/1125/1125 1126/1126/1126 1152/1152/1152
f 1126/1126/1126 1155/1155/1155 1152/1152/1152
f 1157/1157/1157 1154/1154/1154 1127/1127/1127
f 1127/1127/1127 1128/1128/1128 1157/1157/1157
f 1129/1129/1129 1156/1156/1156 1128/1128/1128
f 1155/1155/1155 1126/1126/1126 1127/1127/1127
f 1124/1124/1124 1125/1125/1125 1153/1153/1153
f 1153/1153/1153 1150/1150/1150 1124/1124/1124
f 1124/1124/1124 1150/1150/1150 1151/1151/1151
f 1151/1151/1151 1148/1148/1148 1123/1123/1123
f 1123/1123/1123 1124/1124/1124 1151/1151/1151
f 1122/1122/1122 1149/1149/1149 1146/1146/1146
f 1123/1123/1123 1148/1148/1148 1149/1149/1149
f 1120/1120/1120 1144/1144/1144 1145/1145/1145
f 1121/1121/1121 1147/1147/1147 1144/1144/1144
f 1146/1146/1146 1147/1147/1147 1121/1121/1121
f 1121/1121/1121 1122/1122/1122 1146/1146/1146
f 1122/1122/1122 1123/1123/1123 1149/1149/1149
f 1120/1120/1120 1121/1121/1121 1144/1144/1144
f 1119/1119/1119 1142/1142/1142 1143/1143/1143
f 1036/1036/1036 1119/1119/1119 1143/1143/1143
f 1143/1143/1143 1118/1118/1118 1036/1036/1036
f 1035/1035/1035 1118/1118/1118 1143/1143/1143
f 1143/1143/1143 1116/1116/1116 1035/1035/1035
f 1119/1119/1119 1120/1120/1120 1145/1145/1145
f 1145/1145/1145 1142/1142/1142 1119/1119/1119
f 1196/1196/1196 1195/1195/1195 1184/1184/1184
f 1184/1184/1184 1194/1194/1194 1196/1196/1196
f 1194/1194/1194 1184/1184/1184 1197/1197/1197
f 1197/1197/1197 1198/1198/1198 1194/1194/1194
f 1186/1186/1186 1185/1185/1185 1191/1191/1191
f 1190/1190/1190 1197/1197/1197 1191/1191/1191
f 1186/1186/1186 1191/1191/1191 1197/1197/1197
f 1184/1184/1184 1186/1186/1186 1197/1197/1197
f 1189/1189/1189 1197/1197/1197 1190/1190/1190
f 1188/1188/1188 1198/1198/1198 1197/1197/1197
f 1197/1197/1197 1189/1189/1189 1188/1188/1188
f 1193/1193/1193 1188/1188/1188 1177/1177/1177
f 1198/1198/1198 1193/1193/1193 1183/1183/1183
f 1183/1183/1183 1194/1194/1194 1198/1198/1198
f 1188/1188/1188 1193/1193/1193 1198/1198/1198
f 1186/1186/1186 1184/1184/1184 1195/1195/1195
f 1195/1195/1195 1187/1187/1187 1186/1186/1186
f 1180/1180/1180 1187/1187/1187 1195/1195/1195
f 1187/1187/1187 1180/1180/1180 1178/1178/1178
f 1195/1195/1195 1181/1181/1181 1180/1180/1180
f 1181/1181/1181 1195/1195/1195 1196/1196/1196
f 1196/1196/1196 1182/1182/1182 1181/1181/1181
f 1194/1194/1194 1183/1183/1183 1192/1192/1192
f 1192/1192/1192 1196/1196/1196 1194/1194/1194
f 1179/1179/1179 1182/1182/1182 1196/1196/1196
f 1196/1196/1196 1192/1192/1192 1179/1179/1179
f 1201/1201/1201 1222/1222/1222 1224/1224/1224
f 1224/1224/1224 1223/1223/1223 1201/1201/1201
f 1243/1243/1243 1202/1202/1202 1246/1246/1246
f 1246/1246/1246 1247/1247/1247 1243/1243/1243
f 1203/1203/1203 1225/1225/1225 1227/1227/1227
f 1227/1227/1227 1226/1226/1226 1203/1203/1203
f 1226/1226/1226 1227/1227/1227 1222/1222/1222
f 1222/1222/1222 1201/1201/1201 1226/1226/1226
f 1244/1244/1244 1226/1226/1226 1201/1201/1201
f 1201/1201/1201 1202/1202/1202 1244/1244/1244
f 1226/1226/1226 1244/1244/1244 1204/1204/1204
f 1204/1204/1204 1203/1203/1203 1226/1226/1226
f 1245/1245/1245 1244/1244/1244 1202/1202/1202
f 1202/1202/1202 1243/1243/1243 1245/1245/1245
f 1240/1240/1240 1204/1204/1204 1244/1244/1244
f 1244/1244/1244 1245/1245/1245 1240/1240/1240
f 1205/1205/1205 1228/1228/1228 1230/1230/1230
f 1230/1230/1230 1229/1229/1229 1205/1205/1205
f 1229/1229/1229 1230/1230/1230 1225/1225/1225
f 1225/1225/1225 1203/1203/1203 1229/1229/1229
f 1241/1241/1241 1229/1229/1229 1203/1203/1203
f 1203/1203/1203 1204/1204/1204 1241/1241/1241
f 1229/1229/1229 1241/1241/1241 1206/1206/1206
f 1206/1206/1206 1205/1205/1205 1229/1229/1229
f 1242/1242/1242 1241/1241/1241 1204/1204/1204
f 1204/1204/1204 1240/1240/1240 1242/1242/1242
f 1237/1237/1237 1206/1206/1206 1241/1241/1241
f 1241/1241/1241 1242/1242/1242 1237/1237/1237
f 1231/1231/1231 1232/1232/1232 1228/1228/1228
f 1228/1228/1228 1205/1205/1205 1231/1231/1231
f 1239/1239/1239 1238/1238/1238 1206/1206/1206
f 1206/1206/1206 1237/1237/1237 1239/1239/1239
f 1224/1224/1224 1199/1199/1199 1214/1214/1214
f 1223/1223/1223 1213/1213/1213 1212/1212/1212
f 1213/1213/1213 1223/1223/1223 1224/1224/1224
f 1224/1224/1224 1214/1214/1214 1213/1213/1213
f 1224/1224/1224 1218/1218/1218 1199/1199/1199
f 1219/1219/1219 1222/1222/1222 1227/1227/1227
f 1223/1223/1223 1212/1212/1212 1211/1211/1211
f 1211/1211/1211 1246/1246/1246 1223/1223/1223
f 1219/1219/1219 1218/1218/1218 1222/1222/1222
f 1218/1218/1218 1224/1224/1224 1222/1222/1222
f 1201/1201/1201 1223/1223/1223 1246/1246/1246
f 1246/1246/1246 1202/1202/1202 1201/1201/1201
f 1210/1210/1210 1246/1246/1246 1211/1211/1211
f 1209/1209/1209 1247/1247/1247 1246/1246/1246
f 1246/1246/1246 1210/1210/1210 1209/1209/1209
f 1209/1209/1209 1200/1200/1200 1247/1247/1247
f 1236/1236/1236 1243/1243/1243 1247/1247/1247
f 1235/1235/1235 1245/1245/1245 1243/1243/1243
f 1243/1243/1243 1236/1236/1236 1235/1235/1235
f 1245/1245/1245 1235/1235/1235 1240/1240/1240
f 1200/1200/1200 1236/1236/1236 1247/1247/1247
f 1219/1219/1219 1227/1227/1227 1225/1225/1225
f 1225/1225/1225 1220/1220/1220 1219/1219/1219
f 1220/1220/1220 1225/1225/1225 1230/1230/1230
f 1228/1228/1228 1221/1221/1221 1220/1220/1220
f 1220/1220/1220 1230/1230/1230 1228/1228/1228
f 1232/1232/1232 1207/1207/1207 1221/1221/1221
f 1215/1215/1215 1207/1207/1207 1232/1232/1232
f 1215/1215/1215 1232/1232/1232 1231/1231/1231
f 1216/1216/1216 1215/1215/1215 1231/1231/1231
f 1231/1231/1231 1205/1205/1205 1206/1206/1206
f 1206/1206/1206 1238/1238/1238 1231/1231/1231
f 1221/1221/1221 1228/1228/1228 1232/1232/1232
f 1242/1242/1242 1234/1234/1234 1233/1233/1233
f 1233/1233/1233 1237/1237/1237 1242/1242/1242
f 1240/1240/1240 1234/1234/1234 1242/1242/1242
f 1235/1235/1235 1234/1234/1234 1240/1240/1240
f 1217/1217/1217 1216/1216/1216 1238/1238/1238
f 1239/1239/1239 1217/1217/1217 1238/1238/1238
f 1208/1208/1208 1239/1239/1239 1233/1233/1233
f 1239/1239/1239 1237/1237/1237 1233/1233/1233
f 1217/1217/1217 1239/1239/1239 1208/1208/1208
f 1238/1238/1238 1216/1216/1216 1231/1231/1231
f 1250/1250/1250 1286/1286/1286 1288/1288/1288
f 1288/1288/1288 1287/1287/1287 1250/1250/1250
f 1277/1277/1277 1251/1251/1251 1280/1280/1280
f 1280/1280/1280 1281/1281/1281 1277/1277/1277
f 1252/1252/1252 1289/1289/1289 1291/1291/1291
f 1291/1291/1291 1290/1290/1290 1252/1252/1252
f 1290/1290/1290 1291/1291/1291 1286/1286/1286
f 1286/1286/1286 1250/1250/1250 1290/1290/1290
f 1278/1278/1278 1290/1290/1290 1250/1250/1250
f 1250/1250/1250 1251/1251/1251 1278/1278/1278
f 1290/1290/1290 1278/1278/1278 1253/1253/1253
f 1253/1253/1253 1252/1252/1252 1290/1290/1290
f 1279/1279/1279 1278/1278/1278 1251/1251/1251
f 1251/1251/1251 1277/1277/1277 1279/1279/1279
f 1274/1274/1274 1253/1253/1253 1278/1278/1278
f 1278/1278/1278 1279/1279/1279 1274/1274/1274
f 1254/1254/1254 1292/1292/1292 1294/1294/1294
f 1294/1294/1294 1293/1293/1293 1254/1254/1254
f 1293/1293/1293 1294/1294/1294 1289/1289/1289
f 1289/1289/1289 1252/1252/1252 1293/1293/1293
f 1275/1275/1275 1293/1293/1293 1252/1252/1252
f 1252/1252/1252 1253/1253/1253 1275/1275/1275
f 1293/1293/1293 1275/1275/1275 1255/1255/1255
f 1255/1255/1255 1254/1254/1254 1293/1293/1293
f 1276/1276/1276 1275/1275/1275 1253/1253/1253
f 1253/1253/1253 1274/1274/1274 1276/1276/1276
f 1271/1271/1271 1255/1255/1255 1275/1275/1275
f 1275/1275/1275 1276/1276/1276 1271/1271/1271
f 1295/1295/1295 1296/1296/1296 1292/1292/1292
f 1292/1292/1292 1254/1254/1254 1295/1295/1295
f 1273/1273/1273 1272/1272/1272 1255/1255/1255
f 1255/1255/1255 1271/1271/1271 1273/1273/1273
f 1288/1288/1288 1248/1248/1248 1262/1262/1262
f 1288/1288/1288 1262/1262/1262 1261/1261/1261
f 1261/1261/1261 1287/1287/1287 1288/1288/1288
f 1260/1260/1260 1287/1287/1287 1261/1261/1261
f 1288/1288/1288 1282/1282/1282 1248/1248/1248
f 1282/1282/1282 1286/1286/1286 1291/1291/1291
f 1291/1291/1291 1283/1283/1283 1282/1282/1282
f 1282/1282/1282 1288/1288/1288 1286/1286/1286
f 1250/1250/1250 1287/1287/1287 1280/1280/1280
f 1280/1280/1280 1251/1251/1251 1250/1250/1250
f 1280/1280/1280 1260/1260/1260 1259/1259/1259
f 1257/1257/1257 1281/1281/1281 1280/1280/1280
f 1280/1280/1280 1258/1258/1258 1257/1257/1257
f 1281/1281/1281 1257/1257/1257 1249/1249/1249
f 1258/1258/1258 1280/1280/1280 1259/1259/1259
f 1287/1287/1287 1260/1260/1260 1280/1280/1280
f 1269/1269/1269 1279/1279/1279 1277/1277/1277
f 1277/1277/1277 1270/1270/1270 1269/1269/1269
f 1281/1281/1281 1270/1270/1270 1277/1277/1277
f 1249/1249/1249 1270/1270/1270 1281/1281/1281
f 1289/1289/1289 1283/1283/1283 1291/1291/1291
f 1294/1294/1294 1284/1284/1284 1289/1289/1289
f 1283/1283/1283 1289/1289/1289 1284/1284/1284
f 1292/1292/1292 1285/1285/1285 1284/1284/1284
f 1284/1284/1284 1294/1294/1294 1292/1292/1292
f 1296/1296/1296 1263/1263/1263 1285/1285/1285
f 1264/1264/1264 1263/1263/1263 1296/1296/1296
f 1265/1265/1265 1264/1264/1264 1295/1295/1295
f 1296/1296/1296 1295/1295/1295 1264/1264/1264
f 1295/1295/1295 1254/1254/1254 1255/1255/1255
f 1255/1255/1255 1272/1272/1272 1295/1295/1295
f 1285/1285/1285 1292/1292/1292 1296/1296/1296
f 1295/1295/1295 1272/1272/1272 1265/1265/1265
f 1268/1268/1268 1274/1274/1274 1279/1279/1279
f 1279/1279/1279 1269/1269/1269 1268/1268/1268
f 1276/1276/1276 1274/1274/1274 1268/1268/1268
f 1276/1276/1276 1268/1268/1268 1267/1267/1267
f 1267/1267/1267 1271/1271/1271 1276/1276/1276
f 1265/1265/1265 1272/1272/1272 1266/1266/1266
f 1266/1266/1266 1272/1272/1272 1273/1273/1273
f 1256/1256/1256 1273/1273/1273 1267/1267/1267
f 1271/1271/1271 1267/1267/1267 1273/1273/1273
f 1266/1266/1266 1273/1273/1273 1256/1256/1256
f 1298/1298/1298 1318/1318/1318 1320/1320/1320
f 1320/1320/1320 1319/1319/1319 1298/1298/1298
f 1310/1310/1310 1299/1299/1299 1313/1313/1313
f 1313/1313/1313 1314/1314/1314 1310/1310/1310
f 1321/1321/1321 1322/1322/1322 1318/1318/1318
f 1318/1318/1318 1298/1298/1298 1321/1321/1321
f 1312/1312/1312 1311/1311/1311 1299/1299/1299
f 1299/1299/1299 1310/1310/1310 1312/1312/1312
f 1307/1307/1307 1320/1320/1320 1315/1315/1315
f 1316/1316/1316 1315/1315/1315 1320/1320/1320
f 1319/1319/1319 1320/1320/1320 1307/1307/1307
f 1316/1316/1316 1320/1320/1320 1318/1318/1318
f 1316/1316/1316 1318/1318/1318 1322/1322/1322
f 1322/1322/1322 1317/1317/1317 1316/1316/1316
f 1306/1306/1306 1319/1319/1319 1307/1307/1307
f 1313/1313/1313 1306/1306/1306 1305/1305/1305
f 1314/1314/1314 1305/1305/1305 1297/1297/1297
f 1319/1319/1319 1306/1306/1306 1313/1313/1313
f 1297/1297/1297 1309/1309/1309 1314/1314/1314
f 1314/1314/1314 1309/1309/1309 1310/1310/1310
f 1298/1298/1298 1319/1319/1319 1313/1313/1313
f 1313/1313/1313 1299/1299/1299 1298/1298/1298
f 1305/1305/1305 1314/1314/1314 1313/1313/1313
f 1300/1300/1300 1317/1317/1317 1322/1322/1322
f 1302/1302/1302 1322/1322/1322 1321/1321/1321
f 1299/1299/1299 1311/1311/1311 1321/1321/1321
f 1321/1321/1321 1298/1298/1298 1299/1299/1299
f 1322/1322/1322 1302/1302/1302 1300/1300/1300
f 1321/1321/1321 1303/1303/1303 1302/1302/1302
f 1311/1311/1311 1303/1303/1303 1321/1321/1321
f 1308/1308/1308 1312/1312/1312 1310/1310/1310
f 1309/1309/1309 1308/1308/1308 1310/1310/1310
f 1312/1312/1312 1304/1304/1304 1311/1311/1311
f 1303/1303/1303 1311/1311/1311 1304/1304/1304
f 1308/1308/1308 1301/1301/1301 1312/1312/1312
f 1304/1304/1304 1312/1312/1312 1301/1301/1301
f 1325/1325/1325 1344/1344/1344 1346/1346/1346
f 1346/1346/1346 1345/1345/1345 1325/1325/1325
f 1337/1337/1337 1326/1326/1326 1340/1340/1340
f 1340/1340/1340 1341/1341/1341 1337/1337/1337
f 1347/1347/1347 1348/1348/1348 1344/1344/1344
f 1344/1344/1344 1325/1325/1325 1347/1347/1347
f 1339/1339/1339 1338/1338/1338 1326/1326/1326
f 1326/1326/1326 1337/1337/1337 1339/1339/1339
f 1331/1331/1331 1346/1346/1346 1323/1323/1323
f 1342/1342/1342 1323/1323/1323 1346/1346/1346
f 1345/1345/1345 1346/1346/1346 1331/1331/1331
f 1342/1342/1342 1346/1346/1346 1344/1344/1344
f 1342/1342/1342 1344/1344/1344 1348/1348/1348
f 1348/1348/1348 1343/1343/1343 1342/1342/1342
f 1330/1330/1330 1345/1345/1345 1331/1331/1331
f 1340/1340/1340 1330/1330/1330 1329/1329/1329
f 1341/1341/1341 1329/1329/1329 1324/1324/1324
f 1345/1345/1345 1330/1330/1330 1340/1340/1340
f 1324/1324/1324 1336/1336/1336 1341/1341/1341
f 1341/1341/1341 1336/1336/1336 1337/1337/1337
f 1325/1325/1325 1345/1345/1345 1340/1340/1340
f 1340/1340/1340 1326/1326/1326 1325/1325/1325
f 1329/1329/1329 1341/1341/1341 1340/1340/1340
f 1327/1327/1327 1343/1343/1343 1348/1348/1348
f 1332/1332/1332 1348/1348/1348 1347/1347/1347
f 1326/1326/1326 1338/1338/1338 1347/1347/1347
f 1347/1347/1347 1325/1325/1325 1326/1326/1326
f 1348/1348/1348 1332/1332/1332 1327/1327/1327
f 1347/1347/1347 1333/1333/1333 1332/1332/1332
f 1338/1338/1338 1333/1333/1333 1347/1347/1347
f 1335/1335/1335 1339/1339/1339 1337/1337/1337
f 1336/1336/1336 1335/1335/1335 1337/1337/1337
f 1339/1339/1339 1334/1334/1334 1338/1338/1338
f 1333/1333/1333 1338/1338/1338 1334/1334/1334
f 1335/1335/1335 1328/1328/1328 1339/1339/1339
f 1334/1334/1334 1339/1339/1339 1328/1328/1328
f 1351/1351/1351 1364/1364/1364 1366/1366/1366
f 1366/1366/1366 1365/1365/1365 1351/1351/1351
f 1372/1372/1372 1352/1352/1352 1375/1375/1375
f 1375/1375/1375 1376/1376/1376 1372/1372/1372
f 1367/1367/1367 1368/1368/1368 1364/1364/1364
f 1364/1364/1364 1351/1351/1351 1367/1367/1367
f 1374/1374/1374 1373/1373/1373 1352/1352/1352
f 1352/1352/1352 1372/1372/1372 1374/1374/1374
f 1356/1356/1356 1366/1366/1366 1349/1349/1349
f 1362/1362/1362 1349/1349/1349 1366/1366/1366
f 1366/1366/1366 1356/1356/1356 1355/1355/1355
f 1355/1355/1355 1365/1365/1365 1366/1366/1366
f 1362/1362/1362 1366/1366/1366 1364/1364/1364
f 1364/1364/1364 1363/1363/1363 1362/1362/1362
f 1375/1375/1375 1352/1352/1352 1351/1351/1351
f 1351/1351/1351 1365/1365/1365 1375/1375/1375
f 1354/1354/1354 1375/1375/1375 1365/1365/1365
f 1365/1365/1365 1355/1355/1355 1354/1354/1354
f 1353/1353/1353 1376/1376/1376 1375/1375/1375
f 1375/1375/1375 1354/1354/1354 1353/1353/1353
f 1353/1353/1353 1350/1350/1350 1376/1376/1376
f 1372/1372/1372 1376/1376/1376 1371/1371/1371
f 1376/1376/1376 1350/1350/1350 1371/1371/1371
f 1357/1357/1357 1363/1363/1363 1368/1368/1368
f 1367/1367/1367 1359/1359/1359 1358/1358/1358
f 1358/1358/1358 1368/1368/1368 1367/1367/1367
f 1352/1352/1352 1373/1373/1373 1367/1367/1367
f 1367/1367/1367 1351/1351/1351 1352/1352/1352
f 1368/1368/1368 1358/1358/1358 1357/1357/1357
f 1359/1359/1359 1367/1367/1367 1373/1373/1373
f 1373/1373/1373 1360/1360/1360 1359/1359/1359
f 1370/1370/1370 1374/1374/1374 1372/1372/1372
f 1371/1371/1371 1370/1370/1370 1372/1372/1372
f 1374/1374/1374 1361/1361/1361 1360/1360/1360
f 1360/1360/1360 1373/1373/1373 1374/1374/1374
f 1370/1370/1370 1369/1369/1369 1374/1374/1374
f 1361/1361/1361 1374/1374/1374 1369/1369/1369
f 1368/1368/1368 1363/1363/1363 1364/1364/1364
f 1378/1378/1378 1382/1382/1382 1377/1377/1377
f 1427/1427/1427 1383/1383/1383 1382/1382/1382
f 1426/1426/1426 1385/1385/1385 1384/1384/1384
f 1425/1425/1425 1386/1386/1386 1385/1385/1385
f 1383/1383/1383 1427/1427/1427 1426/1426/1426
f 1426/1426/1426 1384/1384/1384 1383/1383/1383
f 1424/1424/1424 1388/1388/1388 1387/1387/1387
f 1423/1423/1423 1389/1389/1389 1388/1388/1388
f 1422/1422/1422 1391/1391/1391 1390/1390/1390
f 1421/1421/1421 1392/1392/1392 1391/1391/1391
f 1389/1389/1389 1423/1423/1423 1422/1422/1422
f 1422/1422/1422 1390/1390/1390 1389/1389/1389
f 1386/1386/1386 1425/1425/1425 1424/1424/1424
f 1424/1424/1424 1387/1387/1387 1386/1386/1386
f 1427/1427/1427 1382/1382/1382 1378/1378/1378
f 1423/1423/1423 1388/1388/1388 1424/1424/1424
f 1426/1426/1426 1425/1425/1425 1385/1385/1385
f 1420/1420/1420 1394/1394/1394 1393/1393/1393
f 1394/1394/1394 1420/1420/1420 1419/1419/1419
f 1419/1419/1419 1395/1395/1395 1394/1394/1394
f 1421/1421/1421 1391/1391/1391 1422/1422/1422
f 1420/1420/1420 1393/1393/1393 1392/1392/1392
f 1392/1392/1392 1421/1421/1421 1420/1420/1420
f 1419/1419/1419 1379/1379/1379 1395/1395/1395
f 1418/1418/1418 1396/1396/1396 1379/1379/1379
f 1396/1396/1396 1418/1418/1418 1417/1417/1417
f 1417/1417/1417 1397/1397/1397 1396/1396/1396
f 1416/1416/1416 1399/1399/1399 1398/1398/1398
f 1416/1416/1416 1400/1400/1400 1399/1399/1399
f 1417/1417/1417 1398/1398/1398 1397/1397/1397
f 1401/1401/1401 1415/1415/1415 1414/1414/1414
f 1414/1414/1414 1402/1402/1402 1401/1401/1401
f 1414/1414/1414 1403/1403/1403 1402/1402/1402
f 1404/1404/1404 1413/1413/1413 1412/1412/1412
f 1412/1412/1412 1405/1405/1405 1404/1404/1404
f 1411/1411/1411 1407/1407/1407 1406/1406/1406
f 1412/1412/1412 1406/1406/1406 1405/1405/1405
f 1413/1413/1413 1404/1404/1404 1403/1403/1403
f 1415/1415/1415 1401/1401/1401 1400/1400/1400
f 1416/1416/1416 1398/1398/1398 1417/1417/1417
f 1413/1413/1413 1403/1403/1403 1414/1414/1414
f 1416/1416/1416 1415/1415/1415 1400/1400/1400
f 1410/1410/1410 1409/1409/1409 1408/1408/1408
f 1381/1381/1381 1380/1380/1380 1409/1409/1409
f 1411/1411/1411 1406/1406/1406 1412/1412/1412
f 1409/1409/1409 1410/1410/1410 1381/1381/1381
f 1410/1410/1410 1408/1408/1408 1407/1407/1407
f 1407/1407/1407 1411/1411/1411 1410/1410/1410
f 1419/1419/1419 1418/1418/1418 1379/1379/1379
f 1472/1472/1472 1452/1452/1452 1471/1471/1471
f 1472/1472/1472 1451/1451/1451 1452/1452/1452
f 1470/1470/1470 1428/1428/1428 1469/1469/1469
f 1471/1471/1471 1453/1453/1453 1470/1470/1470
f 1453/1453/1453 1471/1471/1471 1452/1452/1452
f 1470/1470/1470 1453/1453/1453 1428/1428/1428
f 1451/1451/1451 1472/1472/1472 1473/1473/1473
f 1475/1475/1475 1449/1449/1449 1474/1474/1474
f 1476/1476/1476 1448/1448/1448 1475/1475/1475
f 1450/1450/1450 1451/1451/1451 1473/1473/1473
f 1475/1475/1475 1448/1448/1448 1449/1449/1449
f 1449/1449/1449 1450/1450/1450 1474/1474/1474
f 1448/1448/1448 1476/1476/1476 1447/1447/1447
f 1474/1474/1474 1450/1450/1450 1473/1473/1473
f 1429/1429/1429 1468/1468/1468 1428/1428/1428
f 1469/1469/1469 1428/1428/1428 1468/1468/1468
f 1467/1467/1467 1468/1468/1468 1429/1429/1429
f 1430/1430/1430 1466/1466/1466 1467/1467/1467
f 1465/1465/1465 1466/1466/1466 1431/1431/1431
f 1466/1466/1466 1430/1430/1430 1431/1431/1431
f 1430/1430/1430 1467/1467/1467 1429/1429/1429
f 1464/1464/1464 1432/1432/1432 1433/1433/1433
f 1465/1465/1465 1432/1432/1432 1464/1464/1464
f 1463/1463/1463 1464/1464/1464 1433/1433/1433
f 1434/1434/1434 1435/1435/1435 1461/1461/1461
f 1461/1461/1461 1462/1462/1462 1434/1434/1434
f 1463/1463/1463 1434/1434/1434 1462/1462/1462
f 1463/1463/1463 1433/1433/1433 1434/1434/1434
f 1431/1431/1431 1432/1432/1432 1465/1465/1465
f 1478/1478/1478 1447/1447/1447 1477/1477/1477
f 1479/1479/1479 1446/1446/1446 1478/1478/1478
f 1478/1478/1478 1446/1446/1446 1447/1447/1447
f 1445/1445/1445 1480/1480/1480 1444/1444/1444
f 1445/1445/1445 1446/1446/1446 1479/1479/1479
f 1480/1480/1480 1445/1445/1445 1479/1479/1479
f 1476/1476/1476 1477/1477/1477 1447/1447/1447
f 1443/1443/1443 1444/1444/1444 1481/1481/1481
f 1482/1482/1482 1443/1443/1443 1481/1481/1481
f 1442/1442/1442 1443/1443/1443 1482/1482/1482
f 1454/1454/1454 1441/1441/1441 1483/1483/1483
f 1442/1442/1442 1483/1483/1483 1441/1441/1441
f 1442/1442/1442 1482/1482/1482 1483/1483/1483
f 1481/1481/1481 1444/1444/1444 1480/1480/1480
f 1458/1458/1458 1459/1459/1459 1437/1437/1437
f 1459/1459/1459 1436/1436/1436 1437/1437/1437
f 1460/1460/1460 1461/1461/1461 1435/1435/1435
f 1436/1436/1436 1460/1460/1460 1435/1435/1435
f 1460/1460/1460 1436/1436/1436 1459/1459/1459
f 1458/1458/1458 1437/1437/1437 1438/1438/1438
f 1440/1440/1440 1441/1441/1441 1455/1455/1455
f 1456/1456/1456 1440/1440/1440 1455/1455/1455
f 1458/1458/1458 1438/1438/1438 1457/1457/1457
f 1439/1439/1439 1457/1457/1457 1438/1438/1438
f 1439/1439/1439 1456/1456/1456 1457/1457/1457
f 1456/1456/1456 1439/1439/1439 1440/1440/1440
f 1441/1441/1441 1454/1454/1454 1455/1455/1455
f 1485/1485/1485 1489/1489/1489 1484/1484/1484
f 1534/1534/1534 1490/1490/1490 1489/1489/1489
f 1533/1533/1533 1492/1492/1492 1491/1491/1491
f 1532/1532/1532 1493/1493/1493 1492/1492/1492
f 1490/1490/1490 1534/1534/1534 1533/1533/1533
f 1533/1533/1533 1491/1491/1491 1490/1490/1490
f 1531/1531/1531 1495/1495/1495 1494/1494/1494
f 1530/1530/1530 1496/1496/1496 1495/1495/1495
f 1529/1529/1529 1498/1498/1498 1497/1497/1497
f 1528/1528/1528 1499/1499/1499 1498/1498/1498
f 1496/1496/1496 1530/1530/1530 1529/1529/1529
f 1529/1529/1529 1497/1497/1497 1496/1496/1496
f 1493/1493/1493 1532/1532/1532 1531/1531/1531
f 1531/1531/1531 1494/1494/1494 1493/1493/1493
f 1534/1534/1534 1489/1489/1489 1485/1485/1485
f 1530/1530/1530 1495/1495/1495 1531/1531/1531
f 1533/1533/1533 1532/1532/1532 1492/1492/1492
f 1527/1527/1527 1501/1501/1501 1500/1500/1500
f 1501/1501/1501 1527/1527/1527 1526/1526/1526
f 1526/1526/1526 1502/1502/1502 1501/1501/1501
f 1528/1528/1528 1498/1498/1498 1529/1529/1529
f 1527/1527/1527 1500/1500/1500 1499/1499/1499
f 1499/1499/1499 1528/1528/1528 1527/1527/1527
f 1526/1526/1526 1486/1486/1486 1502/1502/1502
f 1525/1525/1525 1503/1503/1503 1486/1486/1486
f 1503/1503/1503 1525/1525/1525 1524/1524/1524
f 1524/1524/1524 1504/1504/1504 1503/1503/1503
f 1523/1523/1523 1506/1506/1506 1505/1505/1505
f 1523/1523/1523 1507/1507/1507 1506/1506/1506
f 1524/1524/1524 1505/1505/1505 1504/1504/1504
f 1508/1508/1508 1522/1522/1522 1521/1521/1521
f 1521/1521/1521 1509/1509/1509 1508/1508/1508
f 1521/1521/1521 1510/1510/1510 1509/1509/1509
f 1511/1511/1511 1520/1520/1520 1519/1519/1519
f 1519/1519/1519 1512/1512/1512 1511/1511/1511
f 1518/1518/1518 1514/1514/1514 1513/1513/1513
f 1519/1519/1519 1513/1513/1513 1512/1512/1512
f 1520/1520/1520 1511/1511/1511 1510/1510/1510
f 1522/1522/1522 1508/1508/1508 1507/1507/1507
f 1523/1523/1523 1505/1505/1505 1524/1524/1524
f 1520/1520/1520 1510/1510/1510 1521/1521/1521
f 1523/1523/1523 1522/1522/1522 1507/1507/1507
f 1517/1517/1517 1516/1516/1516 1515/1515/1515
f 1488/1488/1488 1487/1487/1487 1516/1516/1516
f 1518/1518/1518 1513/1513/1513 1519/1519/1519
f 1516/1516/1516 1517/1517/1517 1488/1488/1488
f 1517/1517/1517 1515/1515/1515 1514/1514/1514
f 1514/1514/1514 1518/1518/1518 1517/1517/1517
f 1526/1526/1526 1525/1525/1525 1486/1486/1486
f 1579/1579/1579 1559/1559/1559 1578/1578/1578
f 1579/1579/1579 1558/1558/1558 1559/1559/1559
f 1576/1576/1576 1577/1577/1577 1535/1535/1535
f 1560/1560/1560 1535/1535/1535 1577/1577/1577
f 1578/1578/1578 1560/1560/1560 1577/1577/1577
f 1560/1560/1560 1578/1578/1578 1559/1559/1559
f 1580/1580/1580 1558/1558/1558 1579/1579/1579
f 1582/1582/1582 1556/1556/1556 1581/1581/1581
f 1583/1583/1583 1555/1555/1555 1582/1582/1582
f 1557/1557/1557 1558/1558/1558 1580/1580/1580
f 1582/1582/1582 1555/1555/1555 1556/1556/1556
f 1556/1556/1556 1557/1557/1557 1581/1581/1581
f 1555/1555/1555 1583/1583/1583 1584/1584/1584
f 1581/1581/1581 1557/1557/1557 1580/1580/1580
f 1576/1576/1576 1535/1535/1535 1575/1575/1575
f 1575/1575/1575 1535/1535/1535 1536/1536/1536
f 1574/1574/1574 1575/1575/1575 1536/1536/1536
f 1537/1537/1537 1573/1573/1573 1574/1574/1574
f 1572/1572/1572 1573/1573/1573 1538/1538/1538
f 1537/1537/1537 1538/1538/1538 1573/1573/1573
f 1537/1537/1537 1574/1574/1574 1536/1536/1536
f 1571/1571/1571 1539/1539/1539 1540/1540/1540
f 1572/1572/1572 1539/1539/1539 1571/1571/1571
f 1570/1570/1570 1571/1571/1571 1540/1540/1540
f 1568/1568/1568 1569/1569/1569 1541/1541/1541
f 1570/1570/1570 1541/1541/1541 1569/1569/1569
f 1570/1570/1570 1540/1540/1540 1541/1541/1541
f 1538/1538/1538 1539/1539/1539 1572/1572/1572
f 1585/1585/1585 1554/1554/1554 1584/1584/1584
f 1586/1586/1586 1553/1553/1553 1585/1585/1585
f 1585/1585/1585 1553/1553/1553 1554/1554/1554
f 1552/1552/1552 1587/1587/1587 1551/1551/1551
f 1552/1552/1552 1553/1553/1553 1586/1586/1586
f 1587/1587/1587 1552/1552/1552 1586/1586/1586
f 1555/1555/1555 1584/1584/1584 1554/1554/1554
f 1550/1550/1550 1551/1551/1551 1588/1588/1588
f 1589/1589/1589 1550/1550/1550 1588/1588/1588
f 1549/1549/1549 1550/1550/1550 1589/1589/1589
f 1561/1561/1561 1548/1548/1548 1590/1590/1590
f 1549/1549/1549 1590/1590/1590 1548/1548/1548
f 1549/1549/1549 1589/1589/1589 1590/1590/1590
f 1588/1588/1588 1551/1551/1551 1587/1587/1587
f 1565/1565/1565 1566/1566/1566 1544/1544/1544
f 1566/1566/1566 1543/1543/1543 1544/1544/1544
f 1541/1541/1541 1542/1542/1542 1568/1568/1568
f 1567/1567/1567 1568/1568/1568 1542/1542/1542
f 1543/1543/1543 1567/1567/1567 1542/1542/1542
f 1567/1567/1567 1543/1543/1543 1566/1566/1566
f 1565/1565/1565 1544/1544/1544 1545/1545/1545
f 1547/1547/1547 1548/1548/1548 1562/1562/1562
f 1563/1563/1563 1547/1547/1547 1562/1562/1562
f 1565/1565/1565 1545/1545/1545 1564/1564/1564
f 1546/1546/1546 1564/1564/1564 1545/1545/1545
f 1546/1546/1546 1563/1563/1563 1564/1564/1564
f 1563/1563/1563 1546/1546/1546 1547/1547/1547
f 1548/1548/1548 1561/1561/1561 1562/1562/1562
f 1592/1592/1592 1596/1596/1596 1591/1591/1591
f 1641/1641/1641 1597/1597/1597 1596/1596/1596
f 1640/1640/1640 1599/1599/1599 1598/1598/1598
f 1639/1639/1639 1600/1600/1600 1599/1599/1599
f 1597/1597/1597 1641/1641/1641 1640/1640/1640
f 1640/1640/1640 1598/1598/1598 1597/1597/1597
f 1638/1638/1638 1602/1602/1602 1601/1601/1601
f 1637/1637/1637 1603/1603/1603 1602/1602/1602
f 1636/1636/1636 1605/1605/1605 1604/1604/1604
f 1635/1635/1635 1606/1606/1606 1605/1605/1605
f 1603/1603/1603 1637/1637/1637 1636/1636/1636
f 1636/1636/1636 1604/1604/1604 1603/1603/1603
f 1600/1600/1600 1639/1639/1639 1638/1638/1638
f 1638/1638/1638 1601/1601/1601 1600/1600/1600
f 1641/1641/1641 1596/1596/1596 1592/1592/1592
f 1637/1637/1637 1602/1602/1602 1638/1638/1638
f 1640/1640/1640 1639/1639/1639 1599/1599/1599
f 1634/1634/1634 1608/1608/1608 1607/1607/1607
f 1608/1608/1608 1634/1634/1634 1633/1633/1633
f 1633/1633/1633 1609/1609/1609 1608/1608/1608
f 1635/1635/1635 1605/1605/1605 1636/1636/1636
f 1634/1634/1634 1607/1607/1607 1606/1606/1606
f 1606/1606/1606 1635/1635/1635 1634/1634/1634
f 1633/1633/1633 1593/1593/1593 1609/1609/1609
f 1632/1632/1632 1610/1610/1610 1593/1593/1593
f 1610/1610/1610 1632/1632/1632 1631/1631/1631
f 1631/1631/1631 1611/1611/1611 1610/1610/1610
f 1630/1630/1630 1613/1613/1613 1612/1612/1612
f 1630/1630/1630 1614/1614/1614 1613/1613/1613
f 1631/1631/1631 1612/1612/1612 1611/1611/1611
f 1615/1615/1615 1629/1629/1629 1628/1628/1628
f 1628/1628/1628 1616/1616/1616 1615/1615/1615
f 1628/1628/1628 1617/1617/1617 1616/1616/1616
f 1618/1618/1618 1627/1627/1627 1626/1626/1626
f 1626/1626/1626 1619/1619/1619 1618/1618/1618
f 1625/1625/1625 1621/1621/1621 1620/1620/1620
f 1626/1626/1626 1620/1620/1620 1619/1619/1619
f 1627/1627/1627 1618/1618/1618 1617/1617/1617
f 1629/1629/1629 1615/1615/1615 1614/1614/1614
f 1630/1630/1630 1612/1612/1612 1631/1631/1631
f 1627/1627/1627 1617/1617/1617 1628/1628/1628
f 1630/1630/1630 1629/1629/1629 1614/1614/1614
f 1624/1624/1624 1623/1623/1623 1622/1622/1622
f 1595/1595/1595 1594/1594/1594 1623/1623/1623
f 1625/1625/1625 1620/1620/1620 1626/1626/1626
f 1623/1623/1623 1624/1624/1624 1595/1595/1595
f 1624/1624/1624 1622/1622/1622 1621/1621/1621
f 1621/1621/1621 1625/1625/1625 1624/1624/1624
f 1633/1633/1633 1632/1632/1632 1593/1593/1593
f 1686/1686/1686 1653/1653/1653 1685/1685/1685
f 1686/1686/1686 1652/1652/1652 1653/1653/1653
f 1683/1683/1683 1684/1684/1684 1655/1655/1655
f 1654/1654/1654 1655/1655/1655 1684/1684/1684
f 1685/1685/1685 1654/1654/1654 1684/1684/1684
f 1654/1654/1654 1685/1685/1685 1653/1653/1653
f 1687/1687/1687 1652/1652/1652 1686/1686/1686
f 1689/1689/1689 1650/1650/1650 1688/1688/1688
f 1690/1690/1690 1649/1649/1649 1689/1689/1689
f 1651/1651/1651 1652/1652/1652 1687/1687/1687
f 1689/1689/1689 1649/1649/1649 1650/1650/1650
f 1650/1650/1650 1651/1651/1651 1688/1688/1688
f 1649/1649/1649 1690/1690/1690 1648/1648/1648
f 1688/1688/1688 1651/1651/1651 1687/1687/1687
f 1683/1683/1683 1655/1655/1655 1682/1682/1682
f 1682/1682/1682 1655/1655/1655 1656/1656/1656
f 1681/1681/1681 1682/1682/1682 1656/1656/1656
f 1657/1657/1657 1680/1680/1680 1681/1681/1681
f 1679/1679/1679 1680/1680/1680 1658/1658/1658
f 1657/1657/1657 1658/1658/1658 1680/1680/1680
f 1657/1657/1657 1681/1681/1681 1656/1656/1656
f 1678/1678/1678 1659/1659/1659 1660/1660/1660
f 1679/1679/1679 1659/1659/1659 1678/1678/1678
f 1677/1677/1677 1678/1678/1678 1660/1660/1660
f 1675/1675/1675 1676/1676/1676 1661/1661/1661
f 1661/1661/1661 1662/1662/1662 1675/1675/1675
f 1677/1677/1677 1661/1661/1661 1676/1676/1676
f 1677/1677/1677 1660/1660/1660 1661/1661/1661
f 1658/1658/1658 1659/1659/1659 1679/1679/1679
f 1692/1692/1692 1648/1648/1648 1691/1691/1691
f 1693/1693/1693 1647/1647/1647 1692/1692/1692
f 1692/1692/1692 1647/1647/1647 1648/1648/1648
f 1646/1646/1646 1694/1694/1694 1645/1645/1645
f 1646/1646/1646 1647/1647/1647 1693/1693/1693
f 1694/1694/1694 1646/1646/1646 1693/1693/1693
f 1690/1690/1690 1691/1691/1691 1648/1648/1648
f 1644/1644/1644 1645/1645/1645 1695/1695/1695
f 1696/1696/1696 1644/1644/1644 1695/1695/1695
f 1643/1643/1643 1644/1644/1644 1696/1696/1696
f 1668/1668/1668 1642/1642/1642 1697/1697/1697
f 1643/1643/1643 1697/1697/1697 1642/1642/1642
f 1643/1643/1643 1696/1696/1696 1697/1697/1697
f 1695/1695/1695 1645/1645/1645 1694/1694/1694
f 1672/1672/1672 1673/1673/1673 1664/1664/1664
f 1673/1673/1673 1663/1663/1663 1664/1664/1664
f 1674/1674/1674 1675/1675/1675 1662/1662/1662
f 1663/1663/1663 1674/1674/1674 1662/1662/1662
f 1674/1674/1674 1663/1663/1663 1673/1673/1673
f 1672/1672/1672 1664/1664/1664 1665/1665/1665
f 1667/1667/1667 1642/1642/1642 1669/1669/1669
f 1670/1670/1670 1667/1667/1667 1669/1669/1669
f 1672/1672/1672 1665/1665/1665 1671/1671/1671
f 1666/1666/1666 1671/1671/1671 1665/1665/1665
f 1666/1666/1666 1670/1670/1670 1671/1671/1671
f 1670/1670/1670 1666/1666/1666 1667/1667/1667
f 1642/1642/1642 1668/1668/1668 1669/1669/1669
f 1699/1699/1699 1703/1703/1703 1698/1698/1698
f 1748/1748/1748 1704/1704/1704 1703/1703/1703
f 1747/1747/1747 1706/1706/1706 1705/1705/1705
f 1746/1746/1746 1707/1707/1707 1706/1706/1706
f 1704/1704/1704 1748/1748/1748 1747/1747/1747
f 1747/1747/1747 1705/1705/1705 1704/1704/1704
f 1745/1745/1745 1709/1709/1709 1708/1708/1708
f 1744/1744/1744 1710/1710/1710 1709/1709/1709
f 1743/1743/1743 1712/1712/1712 1711/1711/1711
f 1742/1742/1742 1713/1713/1713 1712/1712/1712
f 1710/1710/1710 1744/1744/1744 1743/1743/1743
f 1743/1743/1743 1711/1711/1711 1710/1710/1710
f 1707/1707/1707 1746/1746/1746 1745/1745/1745
f 1745/1745/1745 1708/1708/1708 1707/1707/1707
f 1748/1748/1748 1703/1703/1703 1699/1699/1699
f 1744/1744/1744 1709/1709/1709 1745/1745/1745
f 1747/1747/1747 1746/1746/1746 1706/1706/1706
f 1741/1741/1741 1715/1715/1715 1714/1714/1714
f 1715/1715/1715 1741/1741/1741 1740/1740/1740
f 1740/1740/1740 1716/1716/1716 1715/1715/1715
f 1742/1742/1742 1712/1712/1712 1743/1743/1743
f 1741/1741/1741 1714/1714/1714 1713/1713/1713
f 1713/1713/1713 1742/1742/1742 1741/1741/1741
f 1740/1740/1740 1700/1700/1700 1716/1716/1716
f 1739/1739/1739 1717/1717/1717 1700/1700/1700
f 1717/1717/1717 1739/1739/1739 1738/1738/1738
f 1738/1738/1738 1718/1718/1718 1717/1717/1717
f 1737/1737/1737 1720/1720/1720 1719/1719/1719
f 1737/1737/1737 1721/1721/1721 1720/1720/1720
f 1738/1738/1738 1719/1719/1719 1718/1718/1718
f 1722/1722/1722 1736/1736/1736 1735/1735/1735
f 1735/1735/1735 1723/1723/1723 1722/1722/1722
f 1735/1735/1735 1724/1724/1724 1723/1723/1723
f 1725/1725/1725 1734/1734/1734 1733/1733/1733
f 1733/1733/1733 1726/1726/1726 1725/1725/1725
f 1732/1732/1732 1728/1728/1728 1727/1727/1727
f 1733/1733/1733 1727/1727/1727 1726/1726/1726
f 1734/1734/1734 1725/1725/1725 1724/1724/1724
f 1736/1736/1736 1722/1722/1722 1721/1721/1721
f 1737/1737/1737 1719/1719/1719 1738/1738/1738
f 1734/1734/1734 1724/1724/1724 1735/1735/1735
f 1737/1737/1737 1736/1736/1736 1721/1721/1721
f 1731/1731/1731 1730/1730/1730 1729/1729/1729
f 1702/1702/1702 1701/1701/1701 1730/1730/1730
f 1732/1732/1732 1727/1727/1727 1733/1733/1733
f 1730/1730/1730 1731/1731/1731 1702/1702/1702
f 1731/1731/1731 1729/1729/1729 1728/1728/1728
f 1728/1728/1728 1732/1732/1732 1731/1731/1731
f 1740/1740/1740 1739/1739/1739 1700/1700/1700
f 1793/1793/1793 1760/1760/1760 1792/1792/1792
f 1793/1793/1793 1759/1759/1759 1760/1760/1760
f 1791/1791/1791 1762/1762/1762 1790/1790/1790
f 1792/1792/1792 1761/1761/1761 1791/1791/1791
f 1761/1761/1761 1792/1792/1792 1760/1760/1760
f 1791/1791/1791 1761/1761/1761 1762/1762/1762
f 1759/1759/1759 1793/1793/1793 1794/1794/1794
f 1796/1796/1796 1757/1757/1757 1795/1795/1795
f 1797/1797/1797 1756/1756/1756 1796/1796/1796
f 1758/1758/1758 1759/1759/1759 1794/1794/1794
f 1796/1796/1796 1756/1756/1756 1757/1757/1757
f 1757/1757/1757 1758/1758/1758 1795/1795/1795
f 1756/1756/1756 1797/1797/1797 1798/1798/1798
f 1795/1795/1795 1758/1758/1758 1794/1794/1794
f 1763/1763/1763 1789/1789/1789 1762/1762/1762
f 1790/1790/1790 1762/1762/1762 1789/1789/1789
f 1788/1788/1788 1789/1789/1789 1763/1763/1763
f 1764/1764/1764 1787/1787/1787 1788/1788/1788
f 1786/1786/1786 1787/1787/1787 1765/1765/1765
f 1787/1787/1787 1764/1764/1764 1765/1765/1765
f 1764/1764/1764 1788/1788/1788 1763/1763/1763
f 1785/1785/1785 1766/1766/1766 1767/1767/1767
f 1786/1786/1786 1766/1766/1766 1785/1785/1785
f 1784/1784/1784 1785/1785/1785 1767/1767/1767
f 1782/1782/1782 1783/1783/1783 1768/1768/1768
f 1784/1784/1784 1768/1768/1768 1783/1783/1783
f 1784/1784/1784 1767/1767/1767 1768/1768/1768
f 1765/1765/1765 1766/1766/1766 1786/1786/1786
f 1799/1799/1799 1755/1755/1755 1798/1798/1798
f 1800/1800/1800 1754/1754/1754 1799/1799/1799
f 1799/1799/1799 1754/1754/1754 1755/1755/1755
f 1753/1753/1753 1801/1801/1801 1752/1752/1752
f 1753/1753/1753 1754/1754/1754 1800/1800/1800
f 1801/1801/1801 1753/1753/1753 1800/1800/1800
f 1756/1756/1756 1798/1798/1798 1755/1755/1755
f 1751/1751/1751 1752/1752/1752 1802/1802/1802
f 1803/1803/1803 1751/1751/1751 1802/1802/1802
f 1750/1750/1750 1751/1751/1751 1803/1803/1803
f 1775/1775/1775 1749/1749/1749 1804/1804/1804
f 1750/1750/1750 1804/1804/1804 1749/1749/1749
f 1750/1750/1750 1803/1803/1803 1804/1804/1804
f 1802/1802/1802 1752/1752/1752 1801/1801/1801
f 1779/1779/1779 1780/1780/1780 1771/1771/1771
f 1780/1780/1780 1770/1770/1770 1771/1771/1771
f 1768/1768/1768 1769/1769/1769 1782/1782/1782
f 1781/1781/1781 1782/1782/1782 1769/1769/1769
f 1770/1770/1770 1781/1781/1781 1769/1769/1769
f 1781/1781/1781 1770/1770/1770 1780/1780/1780
f 1779/1779/1779 1771/1771/1771 1772/1772/1772
f 1774/1774/1774 1749/1749/1749 1776/1776/1776
f 1777/1777/1777 1774/1774/1774 1776/1776/1776
f 1779/1779/1779 1772/1772/1772 1778/1778/1778
f 1773/1773/1773 1778/1778/1778 1772/1772/1772
f 1773/1773/1773 1777/1777/1777 1778/1778/1778
f 1777/1777/1777 1773/1773/1773 1774/1774/1774
f 1749/1749/1749 1775/1775/1775 1776/1776/1776
f 1838/1838/1838 1837/1837/1837 1839/1839/1839
f 1839/1839/1839 1840/1840/1840 1838/1838/1838
f 1848/1848/1848 1844/1844/1844 1843/1843/1843
f 1843/1843/1843 1847/1847/1847 1848/1848/1848
f 1844/1844/1844 1846/1846/1846 1845/1845/1845
f 1845/1845/1845 1843/1843/1843 1844/1844/1844
f 1839/1839/1839 1805/1805/1805 1836/1836/1836
f 1837/1837/1837 1805/1805/1805 1839/1839/1839
f 1837/1837/1837 1838/1838/1838 1833/1833/1833
f 1834/1834/1834 1838/1838/1838 1840/1840/1840
f 1837/1837/1837 1806/1806/1806 1805/1805/1805
f 1840/1840/1840 1839/1839/1839 1836/1836/1836
f 1837/1837/1837 1807/1807/1807 1806/1806/1806
f 1807/1807/1807 1837/1837/1837 1833/1833/1833
f 1808/1808/1808 1830/1830/1830 1829/1829/1829
f 1829/1829/1829 1809/1809/1809 1808/1808/1808
f 1809/1809/1809 1829/1829/1829 1828/1828/1828
f 1828/1828/1828 1810/1810/1810 1809/1809/1809
f 1807/1807/1807 1832/1832/1832 1831/1831/1831
f 1831/1831/1831 1808/1808/1808 1807/1807/1807
f 1810/1810/1810 1827/1827/1827 1826/1826/1826
f 1826/1826/1826 1811/1811/1811 1810/1810/1810
f 1835/1835/1835 1840/1840/1840 1836/1836/1836
f 1834/1834/1834 1840/1840/1840 1835/1835/1835
f 1833/1833/1833 1838/1838/1838 1834/1834/1834
f 1807/1807/1807 1833/1833/1833 1832/1832/1832
f 1830/1830/1830 1808/1808/1808 1831/1831/1831
f 1827/1827/1827 1810/1810/1810 1828/1828/1828
f 1825/1825/1825 1812/1812/1812 1811/1811/1811
f 1811/1811/1811 1826/1826/1826 1825/1825/1825
f 1812/1812/1812 1824/1824/1824 1823/1823/1823
f 1823/1823/1823 1813/1813/1813 1812/1812/1812
f 1814/1814/1814 1821/1821/1821 1820/1820/1820
f 1820/1820/1820 1815/1815/1815 1814/1814/1814
f 1845/1845/1845 1816/1816/1816 1815/1815/1815
f 1813/1813/1813 1823/1823/1823 1822/1822/1822
f 1822/1822/1822 1814/1814/1814 1813/1813/1813
f 1845/1845/1845 1846/1846/1846 1816/1816/1816
f 1841/1841/1841 1816/1816/1816 1846/1846/1846
f 1841/1841/1841 1846/1846/1846 1844/1844/1844
f 1844/1844/1844 1842/1842/1842 1841/1841/1841
f 1842/1842/1842 1844/1844/1844 1848/1848/1848
f 1815/1815/1815 1843/1843/1843 1845/1845/1845
f 1820/1820/1820 1843/1843/1843 1815/1815/1815
f 1824/1824/1824 1812/1812/1812 1825/1825/1825
f 1821/1821/1821 1814/1814/1814 1822/1822/1822
f 1819/1819/1819 1843/1843/1843 1820/1820/1820
f 1848/1848/1848 1847/1847/1847 1818/1818/1818
f 1847/1847/1847 1819/1819/1819 1818/1818/1818
f 1848/1848/1848 1818/1818/1818 1817/1817/1817
f 1817/1817/1817 1842/1842/1842 1848/1848/1848
f 1847/1847/1847 1843/1843/1843 1819/1819/1819
f 1851/1851/1851 1850/1850/1850 1863/1863/1863
f 1864/1864/1864 1851/1851/1851 1863/1863/1863
f 1852/1852/1852 1851/1851/1851 1864/1864/1864
f 1861/1861/1861 1863/1863/1863 1862/1862/1862
f 1861/1861/1861 1860/1860/1860 1864/1864/1864
f 1864/1864/1864 1860/1860/1860 1859/1859/1859
f 1861/1861/1861 1864/1864/1864 1863/1863/1863
f 1865/1865/1865 1853/1853/1853 1852/1852/1852
f 1852/1852/1852 1864/1864/1864 1865/1865/1865
f 1864/1864/1864 1859/1859/1859 1865/1865/1865
f 1854/1854/1854 1853/1853/1853 1865/1865/1865
f 1856/1856/1856 1854/1854/1854 1865/1865/1865
f 1855/1855/1855 1854/1854/1854 1856/1856/1856
f 1858/1858/1858 1865/1865/1865 1859/1859/1859
f 1849/1849/1849 1856/1856/1856 1857/1857/1857
f 1865/1865/1865 1858/1858/1858 1857/1857/1857
f 1865/1865/1865 1857/1857/1857 1856/1856/1856
f 1870/1870/1870 1873/1873/1873 1872/1872/1872
f 1870/1870/1870 1869/1869/1869 1868/1868/1868
f 1871/1871/1871 1873/1873/1873 1870/1870/1870
f 1870/1870/1870 1868/1868/1868 1871/1871/1871
f 1871/1871/1871 1868/1868/1868 1867/1867/1867
f 1866/1866/1866 1873/1873/1873 1871/1871/1871
f 1883/1883/1883 1877/1877/1877 1876/1876/1876
f 1874/1874/1874 1882/1882/1882 1883/1883/1883
f 1877/1877/1877 1883/1883/1883 1882/1882/1882
f 1877/1877/1877 1882/1882/1882 1881/1881/1881
f 1881/1881/1881 1878/1878/1878 1877/1877/1877
f 1880/1880/1880 1879/1879/1879 1878/1878/1878
f 1875/1875/1875 1880/1880/1880 1881/1881/1881
f 1878/1878/1878 1881/1881/1881 1880/1880/1880
f 1884/1884/1884 1918/1918/1918 1919/1919/1919
f 1945/1945/1945 1920/1920/1920 1921/1921/1921
f 1946/1946/1946 1921/1921/1921 1922/1922/1922
f 1945/1945/1945 1919/1919/1919 1920/1920/1920
f 1884/1884/1884 1945/1945/1945 1914/1914/1914
f 1914/1914/1914 1915/1915/1915 1884/1884/1884
f 1945/1945/1945 1884/1884/1884 1919/1919/1919
f 1947/1947/1947 1946/1946/1946 1922/1922/1922
f 1922/1922/1922 1923/1923/1923 1947/1947/1947
f 1921/1921/1921 1946/1946/1946 1945/1945/1945
f 1948/1948/1948 1947/1947/1947 1923/1923/1923
f 1923/1923/1923 1924/1924/1924 1948/1948/1948
f 1946/1946/1946 1947/1947/1947 1911/1911/1911
f 1911/1911/1911 1912/1912/1912 1946/1946/1946
f 1945/1945/1945 1946/1946/1946 1912/1912/1912
f 1912/1912/1912 1913/1913/1913 1945/1945/1945
f 1924/1924/1924 1925/1925/1925 1949/1949/1949
f 1949/1949/1949 1948/1948/1948 1924/1924/1924
f 1950/1950/1950 1949/1949/1949 1925/1925/1925
f 1925/1925/1925 1926/1926/1926 1950/1950/1950
f 1927/1927/1927 1950/1950/1950 1926/1926/1926
f 1948/1948/1948 1949/1949/1949 1908/1908/1908
f 1908/1908/1908 1909/1909/1909 1948/1948/1948
f 1928/1928/1928 1929/1929/1929 1951/1951/1951
f 1951/1951/1951 1952/1952/1952 1928/1928/1928
f 1929/1929/1929 1930/1930/1930 1953/1953/1953
f 1953/1953/1953 1951/1951/1951 1929/1929/1929
f 1927/1927/1927 1928/1928/1928 1952/1952/1952
f 1952/1952/1952 1950/1950/1950 1927/1927/1927
f 1930/1930/1930 1931/1931/1931 1954/1954/1954
f 1954/1954/1954 1953/1953/1953 1930/1930/1930
f 1947/1947/1947 1948/1948/1948 1909/1909/1909
f 1909/1909/1909 1910/1910/1910 1947/1947/1947
f 1915/1915/1915 1917/1917/1917 1884/1884/1884
f 1913/1913/1913 1914/1914/1914 1945/1945/1945
f 1910/1910/1910 1911/1911/1911 1947/1947/1947
f 1907/1907/1907 1908/1908/1908 1949/1949/1949
f 1950/1950/1950 1952/1952/1952 1905/1905/1905
f 1905/1905/1905 1906/1906/1906 1950/1950/1950
f 1951/1951/1951 1953/1953/1953 1903/1903/1903
f 1903/1903/1903 1904/1904/1904 1951/1951/1951
f 1953/1953/1953 1954/1954/1954 1901/1901/1901
f 1901/1901/1901 1902/1902/1902 1953/1953/1953
f 1952/1952/1952 1951/1951/1951 1904/1904/1904
f 1904/1904/1904 1905/1905/1905 1952/1952/1952
f 1953/1953/1953 1902/1902/1902 1903/1903/1903
f 1907/1907/1907 1950/1950/1950 1906/1906/1906
f 1950/1950/1950 1907/1907/1907 1949/1949/1949
f 1954/1954/1954 1931/1931/1931 1932/1932/1932
f 1955/1955/1955 1932/1932/1932 1933/1933/1933
f 1934/1934/1934 1935/1935/1935 1956/1956/1956
f 1956/1956/1956 1957/1957/1957 1934/1934/1934
f 1935/1935/1935 1936/1936/1936 1958/1958/1958
f 1958/1958/1958 1956/1956/1956 1935/1935/1935
f 1933/1933/1933 1934/1934/1934 1957/1957/1957
f 1957/1957/1957 1955/1955/1955 1933/1933/1933
f 1955/1955/1955 1957/1957/1957 1899/1899/1899
f 1899/1899/1899 1900/1900/1900 1955/1955/1955
f 1959/1959/1959 1958/1958/1958 1937/1937/1937
f 1937/1937/1937 1938/1938/1938 1959/1959/1959
f 1956/1956/1956 1958/1958/1958 1896/1896/1896
f 1896/1896/1896 1897/1897/1897 1956/1956/1956
f 1937/1937/1937 1958/1958/1958 1936/1936/1936
f 1957/1957/1957 1956/1956/1956 1897/1897/1897
f 1897/1897/1897 1898/1898/1898 1957/1957/1957
f 1954/1954/1954 1955/1955/1955 1900/1900/1900
f 1900/1900/1900 1901/1901/1901 1954/1954/1954
f 1938/1938/1938 1939/1939/1939 1960/1960/1960
f 1960/1960/1960 1959/1959/1959 1938/1938/1938
f 1939/1939/1939 1940/1940/1940 1961/1961/1961
f 1961/1961/1961 1960/1960/1960 1939/1939/1939
f 1940/1940/1940 1941/1941/1941 1962/1962/1962
f 1962/1962/1962 1961/1961/1961 1940/1940/1940
f 1959/1959/1959 1960/1960/1960 1893/1893/1893
f 1893/1893/1893 1894/1894/1894 1959/1959/1959
f 1943/1943/1943 1963/1963/1963 1942/1942/1942
f 1943/1943/1943 1944/1944/1944 1964/1964/1964
f 1964/1964/1964 1963/1963/1963 1943/1943/1943
f 1942/1942/1942 1962/1962/1962 1941/1941/1941
f 1885/1885/1885 1916/1916/1916 1944/1944/1944
f 1958/1958/1958 1959/1959/1959 1894/1894/1894
f 1894/1894/1894 1895/1895/1895 1958/1958/1958
f 1898/1898/1898 1899/1899/1899 1957/1957/1957
f 1895/1895/1895 1896/1896/1896 1958/1958/1958
f 1892/1892/1892 1893/1893/1893 1960/1960/1960
f 1960/1960/1960 1961/1961/1961 1892/1892/1892
f 1961/1961/1961 1962/1962/1962 1890/1890/1890
f 1890/1890/1890 1891/1891/1891 1961/1961/1961
f 1963/1963/1963 1964/1964/1964 1888/1888/1888
f 1888/1888/1888 1889/1889/1889 1963/1963/1963
f 1944/1944/1944 1916/1916/1916 1964/1964/1964
f 1962/1962/1962 1963/1963/1963 1889/1889/1889
f 1889/1889/1889 1890/1890/1890 1962/1962/1962
f 1963/1963/1963 1962/1962/1962 1942/1942/1942
f 1887/1887/1887 1964/1964/1964 1916/1916/1916
f 1964/1964/1964 1887/1887/1887 1888/1888/1888
f 1916/1916/1916 1886/1886/1886 1887/1887/1887
f 1892/1892/1892 1961/1961/1961 1891/1891/1891
f 1932/1932/1932 1955/1955/1955 1954/1954/1954
f 1972/1972/1972 1967/1967/1967 1965/1965/1965
f 1971/1971/1971 1974/1974/1974 1972/1972/1972
f 1972/1972/1972 1974/1974/1974 1973/1973/1973
f 1968/1968/1968 1967/1967/1967 1972/1972/1972
f 1970/1970/1970 1969/1969/1969 1968/1968/1968
f 1966/1966/1966 1970/1970/1970 1973/1973/1973
f 1970/1970/1970 1972/1972/1972 1973/1973/1973
f 1968/1968/1968 1972/1972/1972 1970/1970/1970
f 1976/1976/1976 1985/1985/1985 1988/1988/1988
f 1988/1988/1988 1987/1987/1987 1976/1976/1976
f 1984/1984/1984 1986/1986/1986 1985/1985/1985
f 1985/1985/1985 1976/1976/1976 1984/1984/1984
f 1991/1991/1991 1977/1977/1977 1992/1992/1992
f 1992/1992/1992 1993/1993/1993 1991/1991/1991
f 1995/1995/1995 1994/1994/1994 1977/1977/1977
f 1977/1977/1977 1991/1991/1991 1995/1995/1995
f 1983/1983/1983 1975/1975/1975 1988/1988/1988
f 1979/1979/1979 1988/1988/1988 1975/1975/1975
f 1985/1985/1985 1983/1983/1983 1988/1988/1988
f 1979/1979/1979 1987/1987/1987 1988/1988/1988
f 1980/1980/1980 1987/1987/1987 1979/1979/1979
f 1986/1986/1986 1983/1983/1983 1985/1985/1985
f 1998/1998/1998 1982/1982/1982 1986/1986/1986
f 1983/1983/1983 1986/1986/1986 1982/1982/1982
f 1984/1984/1984 1998/1998/1998 1986/1986/1986
f 1984/1984/1984 1994/1994/1994 1996/1996/1996
f 1996/1996/1996 1997/1997/1997 1984/1984/1984
f 1984/1984/1984 1976/1976/1976 1977/1977/1977
f 1977/1977/1977 1994/1994/1994 1984/1984/1984
f 1998/1998/1998 1984/1984/1984 1997/1997/1997
f 1976/1976/1976 1987/1987/1987 1992/1992/1992
f 1992/1992/1992 1977/1977/1977 1976/1976/1976
f 1992/1992/1992 1980/1980/1980 1981/1981/1981
f 1993/1993/1993 1992/1992/1992 1981/1981/1981
f 1990/1990/1990 1993/1993/1993 1989/1989/1989
f 1981/1981/1981 1989/1989/1989 1993/1993/1993
f 1990/1990/1990 1991/1991/1991 1993/1993/1993
f 1996/1996/1996 1994/1994/1994 1995/1995/1995
f 1991/1991/1991 1990/1990/1990 1995/1995/1995
f 1978/1978/1978 1995/1995/1995 1990/1990/1990
f 1996/1996/1996 1995/1995/1995 1978/1978/1978
f 1992/1992/1992 1987/1987/1987 1980/1980/1980
f 2008/2008/2008 2001/2001/2001 1999/1999/1999
f 2000/2000/2000 2007/2007/2007 2008/2008/2008
f 2008/2008/2008 2007/2007/2007 2006/2006/2006
f 2006/2006/2006 2004/2004/2004 2008/2008/2008
f 2002/2002/2002 2001/2001/2001 2008/2008/2008
f 2004/2004/2004 2003/2003/2003 2002/2002/2002
f 2005/2005/2005 2004/2004/2004 2006/2006/2006
f 2002/2002/2002 2008/2008/2008 2004/2004/2004
f 2036/2036/2036 2037/2037/2037 2038/2038/2038
f 2038/2038/2038 2039/2039/2039 2033/2033/2033
f 2033/2033/2033 2034/2034/2034 2038/2038/2038
f 2040/2040/2040 2041/2041/2041 2031/2031/2031
f 2031/2031/2031 2032/2032/2032 2040/2040/2040
f 2041/2041/2041 2042/2042/2042 2030/2030/2030
f 2030/2030/2030 2031/2031/2031 2041/2041/2041
f 2039/2039/2039 2040/2040/2040 2032/2032/2032
f 2032/2032/2032 2033/2033/2033 2039/2039/2039
f 2043/2043/2043 2044/2044/2044 2027/2027/2027
f 2027/2027/2027 2028/2028/2028 2043/2043/2043
f 2044/2044/2044 2045/2045/2045 2026/2026/2026
f 2026/2026/2026 2027/2027/2027 2044/2044/2044
f 2046/2046/2046 2047/2047/2047 2024/2024/2024
f 2024/2024/2024 2025/2025/2025 2046/2046/2046
f 2047/2047/2047 2048/2048/2048 2023/2023/2023
f 2023/2023/2023 2024/2024/2024 2047/2047/2047
f 2045/2045/2045 2046/2046/2046 2025/2025/2025
f 2025/2025/2025 2026/2026/2026 2045/2045/2045
f 2029/2029/2029 2042/2042/2042 2043/2043/2043
f 2009/2009/2009 2036/2036/2036 2034/2034/2034
f 2034/2034/2034 2036/2036/2036 2038/2038/2038
f 2029/2029/2029 2030/2030/2030 2042/2042/2042
f 2029/2029/2029 2043/2043/2043 2028/2028/2028
f 2049/2049/2049 2050/2050/2050 2021/2021/2021
f 2021/2021/2021 2022/2022/2022 2049/2049/2049
f 2050/2050/2050 2051/2051/2051 2020/2020/2020
f 2020/2020/2020 2021/2021/2021 2050/2050/2050
f 2052/2052/2052 2053/2053/2053 2018/2018/2018
f 2018/2018/2018 2019/2019/2019 2052/2052/2052
f 2054/2054/2054 2017/2017/2017 2053/2053/2053
f 2051/2051/2051 2052/2052/2052 2019/2019/2019
f 2019/2019/2019 2020/2020/2020 2051/2051/2051
f 2055/2055/2055 2056/2056/2056 2014/2014/2014
f 2014/2014/2014 2015/2015/2015 2055/2055/2055
f 2056/2056/2056 2057/2057/2057 2013/2013/2013
f 2013/2013/2013 2014/2014/2014 2056/2056/2056
f 2035/2035/2035 2058/2058/2058 2010/2010/2010
f 2057/2057/2057 2058/2058/2058 2012/2012/2012
f 2012/2012/2012 2013/2013/2013 2057/2057/2057
f 2054/2054/2054 2055/2055/2055 2015/2015/2015
f 2015/2015/2015 2016/2016/2016 2054/2054/2054
f 2012/2012/2012 2058/2058/2058 2035/2035/2035
f 2022/2022/2022 2023/2023/2023 2048/2048/2048
f 2048/2048/2048 2049/2049/2049 2022/2022/2022
f 2054/2054/2054 2016/2016/2016 2017/2017/2017
f 2035/2035/2035 2011/2011/2011 2012/2012/2012
f 2017/2017/2017 2018/2018/2018 2053/2053/2053
f 2073/2073/2073 2062/2062/2062 2059/2059/2059
f 2062/2062/2062 2072/2072/2072 2071/2071/2071
f 2071/2071/2071 2063/2063/2063 2062/2062/2062
f 2072/2072/2072 2073/2073/2073 2060/2060/2060
f 2062/2062/2062 2073/2073/2073 2072/2072/2072
f 2071/2071/2071 2070/2070/2070 2063/2063/2063
f 2064/2064/2064 2069/2069/2069 2068/2068/2068
f 2068/2068/2068 2065/2065/2065 2064/2064/2064
f 2065/2065/2065 2066/2066/2066 2061/2061/2061
f 2066/2066/2066 2065/2065/2065 2068/2068/2068
f 2064/2064/2064 2070/2070/2070 2069/2069/2069
f 2066/2066/2066 2068/2068/2068 2067/2067/2067
f 2063/2063/2063 2070/2070/2070 2064/2064/2064
f 2106/2106/2106 2108/2108/2108 2107/2107/2107
f 2107/2107/2107 2105/2105/2105 2106/2106/2106
f 2105/2105/2105 2107/2107/2107 2110/2110/2110
f 2110/2110/2110 2109/2109/2109 2105/2105/2105
f 2110/2110/2110 2087/2087/2087 2088/2088/2088
f 2088/2088/2088 2109/2109/2109 2110/2110/2110
f 2109/2109/2109 2088/2088/2088 2089/2089/2089
f 2104/2104/2104 2087/2087/2087 2110/2110/2110
f 2110/2110/2110 2107/2107/2107 2104/2104/2104
f 2109/2109/2109 2089/2089/2089 2090/2090/2090
f 2091/2091/2091 2085/2085/2085 2090/2090/2090
f 2092/2092/2092 2084/2084/2084 2091/2091/2091
f 2105/2105/2105 2109/2109/2109 2090/2090/2090
f 2083/2083/2083 2084/2084/2084 2092/2092/2092
f 2092/2092/2092 2093/2093/2093 2083/2083/2083
f 2108/2108/2108 2104/2104/2104 2107/2107/2107
f 2086/2086/2086 2074/2074/2074 2108/2108/2108
f 2108/2108/2108 2106/2106/2106 2086/2086/2086
f 2104/2104/2104 2108/2108/2108 2074/2074/2074
f 2085/2085/2085 2106/2106/2106 2105/2105/2105
f 2106/2106/2106 2085/2085/2085 2086/2086/2086
f 2090/2090/2090 2085/2085/2085 2105/2105/2105
f 2085/2085/2085 2091/2091/2091 2084/2084/2084
f 2082/2082/2082 2094/2094/2094 2095/2095/2095
f 2081/2081/2081 2096/2096/2096 2097/2097/2097
f 2095/2095/2095 2096/2096/2096 2081/2081/2081
f 2081/2081/2081 2082/2082/2082 2095/2095/2095
f 2098/2098/2098 2099/2099/2099 2079/2079/2079
f 2079/2079/2079 2080/2080/2080 2098/2098/2098
f 2078/2078/2078 2100/2100/2100 2101/2101/2101
f 2101/2101/2101 2102/2102/2102 2077/2077/2077
f 2077/2077/2077 2078/2078/2078 2101/2101/2101
f 2079/2079/2079 2099/2099/2099 2100/2100/2100
f 2080/2080/2080 2097/2097/2097 2098/2098/2098
f 2082/2082/2082 2083/2083/2083 2093/2093/2093
f 2093/2093/2093 2094/2094/2094 2082/2082/2082
f 2080/2080/2080 2081/2081/2081 2097/2097/2097
f 2076/2076/2076 2103/2103/2103 2075/2075/2075
f 2076/2076/2076 2077/2077/2077 2102/2102/2102
f 2102/2102/2102 2103/2103/2103 2076/2076/2076
f 2100/2100/2100 2078/2078/2078 2079/2079/2079
f 2116/2116/2116 2111/2111/2111 2117/2117/2117
f 2115/2115/2115 2117/2117/2117 2118/2118/2118
f 2116/2116/2116 2117/2117/2117 2115/2115/2115
f 2119/2119/2119 2115/2115/2115 2118/2118/2118
f 2114/2114/2114 2115/2115/2115 2119/2119/2119
f 2119/2119/2119 2120/2120/2120 2114/2114/2114
f 2114/2114/2114 2120/2120/2120 2121/2121/2121
f 2114/2114/2114 2121/2121/2121 2122/2122/2122
f 2114/2114/2114 2122/2122/2122 2113/2113/2113
f 2112/2112/2112 2113/2113/2113 2122/2122/2122
f 2159/2159/2159 2155/2155/2155 2154/2154/2154
f 2154/2154/2154 2158/2158/2158 2159/2159/2159
f 2155/2155/2155 2157/2157/2157 2156/2156/2156
f 2156/2156/2156 2154/2154/2154 2155/2155/2155
f 2124/2124/2124 2151/2151/2151 2150/2150/2150
f 2150/2150/2150 2125/2125/2125 2124/2124/2124
f 2124/2124/2124 2123/2123/2123 2151/2151/2151
f 2125/2125/2125 2150/2150/2150 2149/2149/2149
f 2149/2149/2149 2126/2126/2126 2125/2125/2125
f 2127/2127/2127 2147/2147/2147 2146/2146/2146
f 2146/2146/2146 2128/2128/2128 2127/2127/2127
f 2128/2128/2128 2145/2145/2145 2144/2144/2144
f 2144/2144/2144 2129/2129/2129 2128/2128/2128
f 2126/2126/2126 2148/2148/2148 2147/2147/2147
f 2147/2147/2147 2127/2127/2127 2126/2126/2126
f 2129/2129/2129 2144/2144/2144 2143/2143/2143
f 2143/2143/2143 2130/2130/2130 2129/2129/2129
f 2148/2148/2148 2126/2126/2126 2149/2149/2149
f 2128/2128/2128 2146/2146/2146 2145/2145/2145
f 2130/2130/2130 2143/2143/2143 2142/2142/2142
f 2130/2130/2130 2142/2142/2142 2141/2141/2141
f 2141/2141/2141 2131/2131/2131 2130/2130/2130
f 2131/2131/2131 2141/2141/2141 2140/2140/2140
f 2140/2140/2140 2132/2132/2132 2131/2131/2131
f 2156/2156/2156 2134/2134/2134 2133/2133/2133
f 2132/2132/2132 2139/2139/2139 2138/2138/2138
f 2138/2138/2138 2133/2133/2133 2132/2132/2132
f 2156/2156/2156 2157/2157/2157 2134/2134/2134
f 2152/2152/2152 2134/2134/2134 2157/2157/2157
f 2152/2152/2152 2157/2157/2157 2153/2153/2153
f 2153/2153/2153 2157/2157/2157 2155/2155/2155
f 2133/2133/2133 2154/2154/2154 2156/2156/2156
f 2133/2133/2133 2138/2138/2138 2154/2154/2154
f 2158/2158/2158 2138/2138/2138 2137/2137/2137
f 2140/2140/2140 2139/2139/2139 2132/2132/2132
f 2158/2158/2158 2154/2154/2154 2138/2138/2138
f 2135/2135/2135 2159/2159/2159 2136/2136/2136
f 2158/2158/2158 2136/2136/2136 2159/2159/2159
f 2153/2153/2153 2155/2155/2155 2159/2159/2159
f 2159/2159/2159 2135/2135/2135 2153/2153/2153
f 2137/2137/2137 2136/2136/2136 2158/2158/2158
f 2174/2174/2174 2163/2163/2163 2160/2160/2160
f 2163/2163/2163 2172/2172/2172 2171/2171/2171
f 2171/2171/2171 2164/2164/2164 2163/2163/2163
f 2172/2172/2172 2174/2174/2174 2173/2173/2173
f 2163/2163/2163 2174/2174/2174 2172/2172/2172
f 2171/2171/2171 2170/2170/2170 2164/2164/2164
f 2165/2165/2165 2169/2169/2169 2168/2168/2168
f 2168/2168/2168 2166/2166/2166 2165/2165/2165
f 2166/2166/2166 2167/2167/2167 2161/2161/2161
f 2167/2167/2167 2166/2166/2166 2168/2168/2168
f 2165/2165/2165 2170/2170/2170 2169/2169/2169
f 2167/2167/2167 2168/2168/2168 2162/2162/2162
f 2164/2164/2164 2170/2170/2170 2165/2165/2165
f 2216/2216/2216 2218/2218/2218 2217/2217/2217
f 2217/2217/2217 2175/2175/2175 2216/2216/2216
f 2220/2220/2220 2176/2176/2176 2221/2221/2221
f 2221/2221/2221 2222/2222/2222 2220/2220/2220
f 2224/2224/2224 2223/2223/2223 2176/2176/2176
f 2176/2176/2176 2220/2220/2220 2224/2224/2224
f 2178/2178/2178 2179/2179/2179 2175/2175/2175
f 2175/2175/2175 2217/2217/2217 2178/2178/2178
f 2175/2175/2175 2179/2179/2179 2180/2180/2180
f 2225/2225/2225 2175/2175/2175 2180/2180/2180
f 2180/2180/2180 2181/2181/2181 2225/2225/2225
f 2182/2182/2182 2225/2225/2225 2181/2181/2181
f 2175/2175/2175 2225/2225/2225 2211/2211/2211
f 2211/2211/2211 2212/2212/2212 2175/2175/2175
f 2215/2215/2215 2178/2178/2178 2217/2217/2217
f 2226/2226/2226 2225/2225/2225 2182/2182/2182
f 2182/2182/2182 2183/2183/2183 2226/2226/2226
f 2226/2226/2226 2183/2183/2183 2184/2184/2184
f 2184/2184/2184 2185/2185/2185 2227/2227/2227
f 2226/2226/2226 2184/2184/2184 2227/2227/2227
f 2185/2185/2185 2186/2186/2186 2228/2228/2228
f 2228/2228/2228 2227/2227/2227 2185/2185/2185
f 2187/2187/2187 2228/2228/2228 2186/2186/2186
f 2225/2225/2225 2226/2226/2226 2209/2209/2209
f 2209/2209/2209 2210/2210/2210 2225/2225/2225
f 2218/2218/2218 2214/2214/2214 2215/2215/2215
f 2217/2217/2217 2218/2218/2218 2215/2215/2215
f 2216/2216/2216 2213/2213/2213 2218/2218/2218
f 2218/2218/2218 2213/2213/2213 2214/2214/2214
f 2175/2175/2175 2212/2212/2212 2216/2216/2216
f 2212/2212/2212 2213/2213/2213 2216/2216/2216
f 2209/2209/2209 2226/2226/2226 2208/2208/2208
f 2211/2211/2211 2225/2225/2225 2210/2210/2210
f 2227/2227/2227 2228/2228/2228 2206/2206/2206
f 2206/2206/2206 2207/2207/2207 2227/2227/2227
f 2227/2227/2227 2207/2207/2207 2208/2208/2208
f 2228/2228/2228 2205/2205/2205 2206/2206/2206
f 2229/2229/2229 2205/2205/2205 2228/2228/2228
f 2208/2208/2208 2226/2226/2226 2227/2227/2227
f 2229/2229/2229 2228/2228/2228 2187/2187/2187
f 2188/2188/2188 2189/2189/2189 2230/2230/2230
f 2230/2230/2230 2229/2229/2229 2188/2188/2188
f 2189/2189/2189 2190/2190/2190 2231/2231/2231
f 2231/2231/2231 2230/2230/2230 2189/2189/2189
f 2229/2229/2229 2230/2230/2230 2203/2203/2203
f 2203/2203/2203 2204/2204/2204 2229/2229/2229
f 2232/2232/2232 2231/2231/2231 2191/2191/2191
f 2191/2191/2191 2192/2192/2192 2232/2232/2232
f 2190/2190/2190 2191/2191/2191 2231/2231/2231
f 2230/2230/2230 2231/2231/2231 2202/2202/2202
f 2202/2202/2202 2203/2203/2203 2230/2230/2230
f 2187/2187/2187 2188/2188/2188 2229/2229/2229
f 2192/2192/2192 2193/2193/2193 2233/2233/2233
f 2233/2233/2233 2232/2232/2232 2192/2192/2192
f 2221/2221/2221 2194/2194/2194 2195/2195/2195
f 2194/2194/2194 2233/2233/2233 2193/2193/2193
f 2222/2222/2222 2221/2221/2221 2195/2195/2195
f 2222/2222/2222 2177/2177/2177 2219/2219/2219
f 2222/2222/2222 2195/2195/2195 2177/2177/2177
f 2221/2221/2221 2233/2233/2233 2194/2194/2194
f 2222/2222/2222 2219/2219/2219 2220/2220/2220
f 2231/2231/2231 2232/2232/2232 2200/2200/2200
f 2200/2200/2200 2201/2201/2201 2231/2231/2231
f 2201/2201/2201 2202/2202/2202 2231/2231/2231
f 2199/2199/2199 2200/2200/2200 2232/2232/2232
f 2232/2232/2232 2233/2233/2233 2199/2199/2199
f 2223/2223/2223 2233/2233/2233 2176/2176/2176
f 2221/2221/2221 2176/2176/2176 2233/2233/2233
f 2198/2198/2198 2233/2233/2233 2223/2223/2223
f 2197/2197/2197 2198/2198/2198 2223/2223/2223
f 2197/2197/2197 2224/2224/2224 2196/2196/2196
f 2219/2219/2219 2224/2224/2224 2220/2220/2220
f 2197/2197/2197 2223/2223/2223 2224/2224/2224
f 2224/2224/2224 2219/2219/2219 2196/2196/2196
f 2199/2199/2199 2233/2233/2233 2198/2198/2198
f 2205/2205/2205 2229/2229/2229 2204/2204/2204
f 2262/2262/2262 2234/2234/2234 2263/2263/2263
f 2263/2263/2263 2264/2264/2264 2258/2258/2258
f 2258/2258/2258 2259/2259/2259 2263/2263/2263
f 2265/2265/2265 2266/2266/2266 2256/2256/2256
f 2256/2256/2256 2257/2257/2257 2265/2265/2265
f 2266/2266/2266 2267/2267/2267 2255/2255/2255
f 2255/2255/2255 2256/2256/2256 2266/2266/2266
f 2264/2264/2264 2265/2265/2265 2257/2257/2257
f 2257/2257/2257 2258/2258/2258 2264/2264/2264
f 2268/2268/2268 2269/2269/2269 2252/2252/2252
f 2252/2252/2252 2253/2253/2253 2268/2268/2268
f 2269/2269/2269 2270/2270/2270 2251/2251/2251
f 2251/2251/2251 2252/2252/2252 2269/2269/2269
f 2271/2271/2271 2272/2272/2272 2249/2249/2249
f 2249/2249/2249 2250/2250/2250 2271/2271/2271
f 2272/2272/2272 2273/2273/2273 2248/2248/2248
f 2248/2248/2248 2249/2249/2249 2272/2272/2272
f 2270/2270/2270 2271/2271/2271 2250/2250/2250
f 2250/2250/2250 2251/2251/2251 2270/2270/2270
f 2267/2267/2267 2268/2268/2268 2253/2253/2253
f 2253/2253/2253 2254/2254/2254 2267/2267/2267
f 2261/2261/2261 2262/2262/2262 2259/2259/2259
f 2259/2259/2259 2262/2262/2262 2263/2263/2263
f 2254/2254/2254 2255/2255/2255 2267/2267/2267
f 2274/2274/2274 2275/2275/2275 2246/2246/2246
f 2246/2246/2246 2247/2247/2247 2274/2274/2274
f 2275/2275/2275 2276/2276/2276 2245/2245/2245
f 2245/2245/2245 2246/2246/2246 2275/2275/2275
f 2277/2277/2277 2278/2278/2278 2243/2243/2243
f 2243/2243/2243 2244/2244/2244 2277/2277/2277
f 2279/2279/2279 2242/2242/2242 2278/2278/2278
f 2276/2276/2276 2277/2277/2277 2244/2244/2244
f 2244/2244/2244 2245/2245/2245 2276/2276/2276
f 2280/2280/2280 2281/2281/2281 2239/2239/2239
f 2239/2239/2239 2240/2240/2240 2280/2280/2280
f 2281/2281/2281 2282/2282/2282 2238/2238/2238
f 2238/2238/2238 2239/2239/2239 2281/2281/2281
f 2260/2260/2260 2283/2283/2283 2235/2235/2235
f 2282/2282/2282 2283/2283/2283 2237/2237/2237
f 2237/2237/2237 2238/2238/2238 2282/2282/2282
f 2279/2279/2279 2280/2280/2280 2240/2240/2240
f 2240/2240/2240 2241/2241/2241 2279/2279/2279
f 2237/2237/2237 2283/2283/2283 2260/2260/2260
f 2247/2247/2247 2248/2248/2248 2273/2273/2273
f 2273/2273/2273 2274/2274/2274 2247/2247/2247
f 2279/2279/2279 2241/2241/2241 2242/2242/2242
f 2260/2260/2260 2236/2236/2236 2237/2237/2237
f 2242/2242/2242 2243/2243/2243 2278/2278/2278
f 2286/2286/2286 2285/2285/2285 2290/2290/2290
f 2294/2294/2294 2299/2299/2299 2295/2295/2295
f 2286/2286/2286 2299/2299/2299 2287/2287/2287
f 2299/2299/2299 2286/2286/2286 2290/2290/2290
f 2296/2296/2296 2290/2290/2290 2284/2284/2284
f 2299/2299/2299 2290/2290/2290 2296/2296/2296
f 2296/2296/2296 2295/2295/2295 2299/2299/2299
f 2288/2288/2288 2287/2287/2287 2299/2299/2299
f 2289/2289/2289 2288/2288/2288 2300/2300/2300
f 2289/2289/2289 2298/2298/2298 2297/2297/2297
f 2298/2298/2298 2289/2289/2289 2300/2300/2300
f 2300/2300/2300 2294/2294/2294 2293/2293/2293
f 2300/2300/2300 2292/2292/2292 2298/2298/2298
f 2291/2291/2291 2298/2298/2298 2292/2292/2292
f 2293/2293/2293 2292/2292/2292 2300/2300/2300
f 2294/2294/2294 2300/2300/2300 2299/2299/2299
f 2288/2288/2288 2299/2299/2299 2300/2300/2300
f 2307/2307/2307 2304/2304/2304 2301/2301/2301
f 2302/2302/2302 2310/2310/2310 2307/2307/2307
f 2304/2304/2304 2307/2307/2307 2310/2310/2310
f 2309/2309/2309 2305/2305/2305 2304/2304/2304
f 2304/2304/2304 2310/2310/2310 2309/2309/2309
f 2306/2306/2306 2303/2303/2303 2305/2305/2305
f 2308/2308/2308 2306/2306/2306 2309/2309/2309
f 2305/2305/2305 2309/2309/2309 2306/2306/2306
f 2318/2318/2318 2312/2312/2312 2313/2313/2313
f 2318/2318/2318 2317/2317/2317 2311/2311/2311
f 2317/2317/2317 2318/2318/2318 2313/2313/2313
f 2317/2317/2317 2313/2313/2313 2315/2315/2315
f 2315/2315/2315 2316/2316/2316 2317/2317/2317
f 2314/2314/2314 2315/2315/2315 2313/2313/2313
f 2324/2324/2324 2327/2327/2327 2319/2319/2319
f 2323/2323/2323 2322/2322/2322 2324/2324/2324
f 2327/2327/2327 2324/2324/2324 2322/2322/2322
f 2321/2321/2321 2328/2328/2328 2327/2327/2327
f 2327/2327/2327 2322/2322/2322 2321/2321/2321
f 2326/2326/2326 2325/2325/2325 2328/2328/2328
f 2320/2320/2320 2326/2326/2326 2321/2321/2321
f 2328/2328/2328 2321/2321/2321 2326/2326/2326
f 2333/2333/2333 2331/2331/2331 2330/2330/2330
f 2329/2329/2329 2336/2336/2336 2333/2333/2333
f 2331/2331/2331 2333/2333/2333 2336/2336/2336
f 2335/2335/2335 2332/2332/2332 2331/2331/2331
f 2331/2331/2331 2336/2336/2336 2335/2335/2335
f 2338/2338/2338 2337/2337/2337 2332/2332/2332
f 2334/2334/2334 2338/2338/2338 2335/2335/2335
f 2332/2332/2332 2335/2335/2335 2338/2338/2338
f 2348/2348/2348 2342/2342/2342 2341/2341/2341
f 2339/2339/2339 2347/2347/2347 2348/2348/2348
f 2342/2342/2342 2348/2348/2348 2347/2347/2347
f 2347/2347/2347 2346/2346/2346 2343/2343/2343
f 2343/2343/2343 2342/2342/2342 2347/2347/2347
f 2344/2344/2344 2340/2340/2340 2343/2343/2343
f 2345/2345/2345 2344/2344/2344 2346/2346/2346
f 2343/2343/2343 2346/2346/2346 2344/2344/2344
f 2383/2383/2383 2381/2381/2381 2382/2382/2382
f 2410/2410/2410 2384/2384/2384 2385/2385/2385
f 2411/2411/2411 2385/2385/2385 2386/2386/2386
f 2410/2410/2410 2383/2383/2383 2384/2384/2384
f 2410/2410/2410 2411/2411/2411 2378/2378/2378
f 2378/2378/2378 2379/2379/2379 2410/2410/2410
f 2411/2411/2411 2410/2410/2410 2385/2385/2385
f 2387/2387/2387 2388/2388/2388 2412/2412/2412
f 2412/2412/2412 2413/2413/2413 2387/2387/2387
f 2413/2413/2413 2411/2411/2411 2386/2386/2386
f 2386/2386/2386 2387/2387/2387 2413/2413/2413
f 2411/2411/2411 2413/2413/2413 2376/2376/2376
f 2376/2376/2376 2377/2377/2377 2411/2411/2411
f 2410/2410/2410 2381/2381/2381 2383/2383/2383
f 2414/2414/2414 2389/2389/2389 2390/2390/2390
f 2415/2415/2415 2416/2416/2416 2391/2391/2391
f 2391/2391/2391 2392/2392/2392 2415/2415/2415
f 2390/2390/2390 2391/2391/2391 2416/2416/2416
f 2416/2416/2416 2414/2414/2414 2390/2390/2390
f 2412/2412/2412 2414/2414/2414 2373/2373/2373
f 2373/2373/2373 2374/2374/2374 2412/2412/2412
f 2414/2414/2414 2412/2412/2412 2388/2388/2388
f 2388/2388/2388 2389/2389/2389 2414/2414/2414
f 2393/2393/2393 2394/2394/2394 2417/2417/2417
f 2417/2417/2417 2418/2418/2418 2393/2393/2393
f 2395/2395/2395 2417/2417/2417 2394/2394/2394
f 2392/2392/2392 2393/2393/2393 2418/2418/2418
f 2418/2418/2418 2415/2415/2415 2392/2392/2392
f 2414/2414/2414 2416/2416/2416 2371/2371/2371
f 2371/2371/2371 2372/2372/2372 2414/2414/2414
f 2413/2413/2413 2412/2412/2412 2374/2374/2374
f 2374/2374/2374 2375/2375/2375 2413/2413/2413
f 2380/2380/2380 2349/2349/2349 2381/2381/2381
f 2410/2410/2410 2380/2380/2380 2381/2381/2381
f 2379/2379/2379 2380/2380/2380 2410/2410/2410
f 2377/2377/2377 2378/2378/2378 2411/2411/2411
f 2375/2375/2375 2376/2376/2376 2413/2413/2413
f 2370/2370/2370 2371/2371/2371 2416/2416/2416
f 2416/2416/2416 2415/2415/2415 2370/2370/2370
f 2415/2415/2415 2418/2418/2418 2369/2369/2369
f 2369/2369/2369 2370/2370/2370 2415/2415/2415
f 2372/2372/2372 2373/2373/2373 2414/2414/2414
f 2418/2418/2418 2417/2417/2417 2367/2367/2367
f 2367/2367/2367 2368/2368/2368 2418/2418/2418
f 2366/2366/2366 2367/2367/2367 2417/2417/2417
f 2417/2417/2417 2419/2419/2419 2366/2366/2366
f 2368/2368/2368 2369/2369/2369 2418/2418/2418
f 2419/2419/2419 2417/2417/2417 2395/2395/2395
f 2395/2395/2395 2396/2396/2396 2419/2419/2419
f 2396/2396/2396 2397/2397/2397 2420/2420/2420
f 2420/2420/2420 2419/2419/2419 2396/2396/2396
f 2398/2398/2398 2399/2399/2399 2421/2421/2421
f 2421/2421/2421 2422/2422/2422 2398/2398/2398
f 2421/2421/2421 2399/2399/2399 2400/2400/2400
f 2397/2397/2397 2398/2398/2398 2422/2422/2422
f 2422/2422/2422 2420/2420/2420 2397/2397/2397
f 2419/2419/2419 2420/2420/2420 2365/2365/2365
f 2365/2365/2365 2366/2366/2366 2419/2419/2419
f 2422/2422/2422 2421/2421/2421 2362/2362/2362
f 2362/2362/2362 2363/2363/2363 2422/2422/2422
f 2400/2400/2400 2423/2423/2423 2421/2421/2421
f 2421/2421/2421 2423/2423/2423 2361/2361/2361
f 2361/2361/2361 2362/2362/2362 2421/2421/2421
f 2420/2420/2420 2422/2422/2422 2363/2363/2363
f 2363/2363/2363 2364/2364/2364 2420/2420/2420
f 2423/2423/2423 2400/2400/2400 2401/2401/2401
f 2401/2401/2401 2402/2402/2402 2424/2424/2424
f 2424/2424/2424 2423/2423/2423 2401/2401/2401
f 2402/2402/2402 2403/2403/2403 2425/2425/2425
f 2425/2425/2425 2424/2424/2424 2402/2402/2402
f 2403/2403/2403 2404/2404/2404 2426/2426/2426
f 2426/2426/2426 2425/2425/2425 2403/2403/2403
f 2405/2405/2405 2406/2406/2406 2427/2427/2427
f 2404/2404/2404 2405/2405/2405 2427/2427/2427
f 2427/2427/2427 2426/2426/2426 2404/2404/2404
f 2407/2407/2407 2428/2428/2428 2406/2406/2406
f 2407/2407/2407 2408/2408/2408 2429/2429/2429
f 2429/2429/2429 2428/2428/2428 2407/2407/2407
f 2408/2408/2408 2409/2409/2409 2350/2350/2350
f 2350/2350/2350 2429/2429/2429 2408/2408/2408
f 2423/2423/2423 2424/2424/2424 2359/2359/2359
f 2359/2359/2359 2360/2360/2360 2423/2423/2423
f 2364/2364/2364 2365/2365/2365 2420/2420/2420
f 2424/2424/2424 2425/2425/2425 2358/2358/2358
f 2358/2358/2358 2359/2359/2359 2424/2424/2424
f 2360/2360/2360 2361/2361/2361 2423/2423/2423
f 2425/2425/2425 2357/2357/2357 2358/2358/2358
f 2357/2357/2357 2425/2425/2425 2426/2426/2426
f 2426/2426/2426 2427/2427/2427 2355/2355/2355
f 2355/2355/2355 2356/2356/2356 2426/2426/2426
f 2428/2428/2428 2429/2429/2429 2352/2352/2352
f 2352/2352/2352 2353/2353/2353 2428/2428/2428
f 2429/2429/2429 2350/2350/2350 2351/2351/2351
f 2351/2351/2351 2352/2352/2352 2429/2429/2429
f 2428/2428/2428 2427/2427/2427 2406/2406/2406
f 2427/2427/2427 2428/2428/2428 2354/2354/2354
f 2354/2354/2354 2355/2355/2355 2427/2427/2427
f 2353/2353/2353 2354/2354/2354 2428/2428/2428
f 2357/2357/2357 2426/2426/2426 2356/2356/2356
f 2431/2431/2431 2437/2437/2437 2430/2430/2430
f 2431/2431/2431 2461/2461/2461 2437/2437/2437
f 2438/2438/2438 2437/2437/2437 2461/2461/2461
f 2462/2462/2462 2439/2439/2439 2438/2438/2438
f 2438/2438/2438 2461/2461/2461 2462/2462/2462
f 2431/2431/2431 2432/2432/2432 2454/2454/2454
f 2454/2454/2454 2461/2461/2461 2431/2431/2431
f 2463/2463/2463 2439/2439/2439 2462/2462/2462
f 2440/2440/2440 2439/2439/2439 2463/2463/2463
f 2441/2441/2441 2465/2465/2465 2464/2464/2464
f 2464/2464/2464 2442/2442/2442 2441/2441/2441
f 2440/2440/2440 2466/2466/2466 2465/2465/2465
f 2465/2465/2465 2441/2441/2441 2440/2440/2440
f 2442/2442/2442 2464/2464/2464 2467/2467/2467
f 2467/2467/2467 2433/2433/2433 2442/2442/2442
f 2453/2453/2453 2462/2462/2462 2461/2461/2461
f 2462/2462/2462 2452/2452/2452 2463/2463/2463
f 2453/2453/2453 2461/2461/2461 2454/2454/2454
f 2452/2452/2452 2462/2462/2462 2453/2453/2453
f 2451/2451/2451 2466/2466/2466 2463/2463/2463
f 2463/2463/2463 2452/2452/2452 2451/2451/2451
f 2466/2466/2466 2451/2451/2451 2450/2450/2450
f 2450/2450/2450 2465/2465/2465 2466/2466/2466
f 2465/2465/2465 2450/2450/2450 2449/2449/2449
f 2449/2449/2449 2464/2464/2464 2465/2465/2465
f 2467/2467/2467 2464/2464/2464 2449/2449/2449
f 2466/2466/2466 2440/2440/2440 2463/2463/2463
f 2455/2455/2455 2469/2469/2469 2468/2468/2468
f 2468/2468/2468 2456/2456/2456 2455/2455/2455
f 2448/2448/2448 2469/2469/2469 2467/2467/2467
f 2469/2469/2469 2455/2455/2455 2433/2433/2433
f 2433/2433/2433 2467/2467/2467 2469/2469/2469
f 2469/2469/2469 2448/2448/2448 2447/2447/2447
f 2447/2447/2447 2468/2468/2468 2469/2469/2469
f 2470/2470/2470 2457/2457/2457 2456/2456/2456
f 2456/2456/2456 2468/2468/2468 2470/2470/2470
f 2471/2471/2471 2457/2457/2457 2470/2470/2470
f 2458/2458/2458 2457/2457/2457 2471/2471/2471
f 2459/2459/2459 2473/2473/2473 2472/2472/2472
f 2472/2472/2472 2460/2460/2460 2459/2459/2459
f 2458/2458/2458 2474/2474/2474 2473/2473/2473
f 2473/2473/2473 2459/2459/2459 2458/2458/2458
f 2460/2460/2460 2472/2472/2472 2435/2435/2435
f 2435/2435/2435 2434/2434/2434 2460/2460/2460
f 2468/2468/2468 2447/2447/2447 2446/2446/2446
f 2446/2446/2446 2470/2470/2470 2468/2468/2468
f 2470/2470/2470 2446/2446/2446 2445/2445/2445
f 2445/2445/2445 2471/2471/2471 2470/2470/2470
f 2458/2458/2458 2471/2471/2471 2474/2474/2474
f 2471/2471/2471 2445/2445/2445 2444/2444/2444
f 2444/2444/2444 2474/2474/2474 2471/2471/2471
f 2473/2473/2473 2444/2444/2444 2443/2443/2443
f 2443/2443/2443 2472/2472/2472 2473/2473/2473
f 2472/2472/2472 2443/2443/2443 2436/2436/2436
f 2436/2436/2436 2435/2435/2435 2472/2472/2472
f 2474/2474/2474 2444/2444/2444 2473/2473/2473
f 2449/2449/2449 2448/2448/2448 2467/2467/2467
f 2476/2476/2476 2482/2482/2482 2475/2475/2475
f 2476/2476/2476 2506/2506/2506 2482/2482/2482
f 2483/2483/2483 2482/2482/2482 2506/2506/2506
f 2507/2507/2507 2484/2484/2484 2483/2483/2483
f 2483/2483/2483 2506/2506/2506 2507/2507/2507
f 2476/2476/2476 2477/2477/2477 2499/2499/2499
f 2499/2499/2499 2506/2506/2506 2476/2476/2476
f 2508/2508/2508 2484/2484/2484 2507/2507/2507
f 2485/2485/2485 2484/2484/2484 2508/2508/2508
f 2486/2486/2486 2510/2510/2510 2509/2509/2509
f 2509/2509/2509 2487/2487/2487 2486/2486/2486
f 2485/2485/2485 2511/2511/2511 2510/2510/2510
f 2510/2510/2510 2486/2486/2486 2485/2485/2485
f 2487/2487/2487 2509/2509/2509 2512/2512/2512
f 2512/2512/2512 2478/2478/2478 2487/2487/2487
f 2498/2498/2498 2507/2507/2507 2506/2506/2506
f 2507/2507/2507 2497/2497/2497 2508/2508/2508
f 2498/2498/2498 2506/2506/2506 2499/2499/2499
f 2497/2497/2497 2507/2507/2507 2498/2498/2498
f 2496/2496/2496 2511/2511/2511 2508/2508/2508
f 2508/2508/2508 2497/2497/2497 2496/2496/2496
f 2511/2511/2511 2496/2496/2496 2495/2495/2495
f 2495/2495/2495 2510/2510/2510 2511/2511/2511
f 2510/2510/2510 2495/2495/2495 2494/2494/2494
f 2494/2494/2494 2509/2509/2509 2510/2510/2510
f 2512/2512/2512 2509/2509/2509 2494/2494/2494
f 2511/2511/2511 2485/2485/2485 2508/2508/2508
f 2500/2500/2500 2514/2514/2514 2513/2513/2513
f 2513/2513/2513 2501/2501/2501 2500/2500/2500
f 2493/2493/2493 2514/2514/2514 2512/2512/2512
f 2514/2514/2514 2500/2500/2500 2478/2478/2478
f 2478/2478/2478 2512/2512/2512 2514/2514/2514
f 2514/2514/2514 2493/2493/2493 2492/2492/2492
f 2492/2492/2492 2513/2513/2513 2514/2514/2514
f 2515/2515/2515 2502/2502/2502 2501/2501/2501
f 2501/2501/2501 2513/2513/2513 2515/2515/2515
f 2516/2516/2516 2502/2502/2502 2515/2515/2515
f 2503/2503/2503 2502/2502/2502 2516/2516/2516
f 2504/2504/2504 2518/2518/2518 2517/2517/2517
f 2517/2517/2517 2505/2505/2505 2504/2504/2504
f 2503/2503/2503 2519/2519/2519 2518/2518/2518
f 2518/2518/2518 2504/2504/2504 2503/2503/2503
f 2505/2505/2505 2517/2517/2517 2480/2480/2480
f 2480/2480/2480 2479/2479/2479 2505/2505/2505
f 2513/2513/2513 2492/2492/2492 2491/2491/2491
f 2491/2491/2491 2515/2515/2515 2513/2513/2513
f 2515/2515/2515 2491/2491/2491 2490/2490/2490
f 2490/2490/2490 2516/2516/2516 2515/2515/2515
f 2503/2503/2503 2516/2516/2516 2519/2519/2519
f 2516/2516/2516 2490/2490/2490 2489/2489/2489
f 2489/2489/2489 2519/2519/2519 2516/2516/2516
f 2518/2518/2518 2489/2489/2489 2488/2488/2488
f 2488/2488/2488 2517/2517/2517 2518/2518/2518
f 2517/2517/2517 2488/2488/2488 2481/2481/2481
f 2481/2481/2481 2480/2480/2480 2517/2517/2517
f 2519/2519/2519 2489/2489/2489 2518/2518/2518
f 2494/2494/2494 2493/2493/2493 2512/2512/2512
f 2540/2540/2540 2538/2538/2538 2527/2527/2527
f 2527/2527/2527 2533/2533/2533 2540/2540/2540
f 2533/2533/2533 2527/2527/2527 2534/2534/2534
f 2534/2534/2534 2535/2535/2535 2533/2533/2533
f 2527/2527/2527 2536/2536/2536 2537/2537/2537
f 2537/2537/2537 2534/2534/2534 2527/2527/2527
f 2538/2538/2538 2539/2539/2539 2536/2536/2536
f 2536/2536/2536 2527/2527/2527 2538/2538/2538
f 2537/2537/2537 2531/2531/2531 2530/2530/2530
f 2537/2537/2537 2524/2524/2524 2532/2532/2532
f 2531/2531/2531 2537/2537/2537 2532/2532/2532
f 2534/2534/2534 2537/2537/2537 2530/2530/2530
f 2535/2535/2535 2526/2526/2526 2523/2523/2523
f 2522/2522/2522 2533/2533/2533 2535/2535/2535
f 2523/2523/2523 2522/2522/2522 2535/2535/2535
f 2526/2526/2526 2535/2535/2535 2534/2534/2534
f 2534/2534/2534 2530/2530/2530 2526/2526/2526
f 2536/2536/2536 2524/2524/2524 2537/2537/2537
f 2525/2525/2525 2536/2536/2536 2539/2539/2539
f 2538/2538/2538 2529/2529/2529 2539/2539/2539
f 2525/2525/2525 2539/2539/2539 2529/2529/2529
f 2528/2528/2528 2529/2529/2529 2538/2538/2538
f 2525/2525/2525 2524/2524/2524 2536/2536/2536
f 2522/2522/2522 2521/2521/2521 2533/2533/2533
f 2540/2540/2540 2533/2533/2533 2521/2521/2521
f 2520/2520/2520 2528/2528/2528 2540/2540/2540
f 2521/2521/2521 2520/2520/2520 2540/2540/2540
f 2540/2540/2540 2528/2528/2528 2538/2538/2538
f 2556/2556/2556 2548/2548/2548 2557/2557/2557
f 2557/2557/2557 2559/2559/2559 2556/2556/2556
f 2559/2559/2559 2557/2557/2557 2551/2551/2551
f 2551/2551/2551 2558/2558/2558 2559/2559/2559
f 2548/2548/2548 2566/2566/2566 2569/2569/2569
f 2569/2569/2569 2557/2557/2557 2548/2548/2548
f 2557/2557/2557 2569/2569/2569 2568/2568/2568
f 2568/2568/2568 2551/2551/2551 2557/2557/2557
f 2564/2564/2564 2563/2563/2563 2549/2549/2549
f 2549/2549/2549 2560/2560/2560 2564/2564/2564
f 2549/2549/2549 2565/2565/2565 2567/2567/2567
f 2567/2567/2567 2561/2561/2561 2549/2549/2549
f 2561/2561/2561 2567/2567/2567 2566/2566/2566
f 2566/2566/2566 2548/2548/2548 2561/2561/2561
f 2560/2560/2560 2549/2549/2549 2561/2561/2561
f 2561/2561/2561 2562/2562/2562 2560/2560/2560
f 2562/2562/2562 2561/2561/2561 2548/2548/2548
f 2548/2548/2548 2556/2556/2556 2562/2562/2562
f 2568/2568/2568 2550/2550/2550 2541/2541/2541
f 2542/2542/2542 2568/2568/2568 2541/2541/2541
f 2569/2569/2569 2550/2550/2550 2568/2568/2568
f 2542/2542/2542 2551/2551/2551 2568/2568/2568
f 2542/2542/2542 2543/2543/2543 2558/2558/2558
f 2558/2558/2558 2551/2551/2551 2542/2542/2542
f 2566/2566/2566 2550/2550/2550 2569/2569/2569
f 2565/2565/2565 2546/2546/2546 2547/2547/2547
f 2550/2550/2550 2566/2566/2566 2547/2547/2547
f 2566/2566/2566 2567/2567/2567 2547/2547/2547
f 2547/2547/2547 2567/2567/2567 2565/2565/2565
f 2565/2565/2565 2549/2549/2549 2563/2563/2563
f 2546/2546/2546 2565/2565/2565 2563/2563/2563
f 2545/2545/2545 2546/2546/2546 2563/2563/2563
f 2544/2544/2544 2558/2558/2558 2543/2543/2543
f 2552/2552/2552 2559/2559/2559 2558/2558/2558
f 2553/2553/2553 2556/2556/2556 2559/2559/2559
f 2544/2544/2544 2552/2552/2552 2558/2558/2558
f 2552/2552/2552 2553/2553/2553 2559/2559/2559
f 2554/2554/2554 2560/2560/2560 2562/2562/2562
f 2554/2554/2554 2564/2564/2564 2560/2560/2560
f 2554/2554/2554 2555/2555/2555 2564/2564/2564
f 2555/2555/2555 2545/2545/2545 2564/2564/2564
f 2553/2553/2553 2554/2554/2554 2562/2562/2562
f 2553/2553/2553 2562/2562/2562 2556/2556/2556
f 2564/2564/2564 2545/2545/2545 2563/2563/2563
f 2570/2570/2570 2612/2612/2612 2613/2613/2613
f 2613/2613/2613 2611/2611/2611 2570/2570/2570
f 2603/2603/2603 2607/2607/2607 2606/2606/2606
f 2606/2606/2606 2571/2571/2571 2603/2603/2603
f 2572/2572/2572 2615/2615/2615 2616/2616/2616
f 2616/2616/2616 2614/2614/2614 2572/2572/2572
f 2615/2615/2615 2570/2570/2570 2611/2611/2611
f 2611/2611/2611 2616/2616/2616 2615/2615/2615
f 2604/2604/2604 2571/2571/2571 2570/2570/2570
f 2570/2570/2570 2615/2615/2615 2604/2604/2604
f 2615/2615/2615 2572/2572/2572 2573/2573/2573
f 2573/2573/2573 2604/2604/2604 2615/2615/2615
f 2605/2605/2605 2603/2603/2603 2571/2571/2571
f 2571/2571/2571 2604/2604/2604 2605/2605/2605
f 2600/2600/2600 2605/2605/2605 2604/2604/2604
f 2604/2604/2604 2573/2573/2573 2600/2600/2600
f 2574/2574/2574 2617/2617/2617 2618/2618/2618
f 2618/2618/2618 2595/2595/2595 2574/2574/2574
f 2617/2617/2617 2572/2572/2572 2614/2614/2614
f 2614/2614/2614 2618/2618/2618 2617/2617/2617
f 2601/2601/2601 2573/2573/2573 2572/2572/2572
f 2572/2572/2572 2617/2617/2617 2601/2601/2601
f 2617/2617/2617 2574/2574/2574 2575/2575/2575
f 2575/2575/2575 2601/2601/2601 2617/2617/2617
f 2602/2602/2602 2600/2600/2600 2573/2573/2573
f 2573/2573/2573 2601/2601/2601 2602/2602/2602
f 2590/2590/2590 2602/2602/2602 2601/2601/2601
f 2601/2601/2601 2575/2575/2575 2590/2590/2590
f 2594/2594/2594 2574/2574/2574 2595/2595/2595
f 2595/2595/2595 2596/2596/2596 2594/2594/2594
f 2592/2592/2592 2590/2590/2590 2575/2575/2575
f 2575/2575/2575 2591/2591/2591 2592/2592/2592
f 2613/2613/2613 2580/2580/2580 2608/2608/2608
f 2613/2613/2613 2612/2612/2612 2579/2579/2579
f 2579/2579/2579 2580/2580/2580 2613/2613/2613
f 2578/2578/2578 2579/2579/2579 2612/2612/2612
f 2611/2611/2611 2613/2613/2613 2608/2608/2608
f 2616/2616/2616 2611/2611/2611 2609/2609/2609
f 2608/2608/2608 2609/2609/2609 2611/2611/2611
f 2609/2609/2609 2614/2614/2614 2616/2616/2616
f 2614/2614/2614 2609/2609/2609 2610/2610/2610
f 2570/2570/2570 2571/2571/2571 2606/2606/2606
f 2606/2606/2606 2612/2612/2612 2570/2570/2570
f 2577/2577/2577 2578/2578/2578 2606/2606/2606
f 2606/2606/2606 2578/2578/2578 2612/2612/2612
f 2576/2576/2576 2577/2577/2577 2606/2606/2606
f 2606/2606/2606 2607/2607/2607 2576/2576/2576
f 2599/2599/2599 2576/2576/2576 2607/2607/2607
f 2598/2598/2598 2603/2603/2603 2605/2605/2605
f 2607/2607/2607 2603/2603/2603 2599/2599/2599
f 2599/2599/2599 2603/2603/2603 2598/2598/2598
f 2600/2600/2600 2598/2598/2598 2605/2605/2605
f 2597/2597/2597 2598/2598/2598 2600/2600/2600
f 2595/2595/2595 2610/2610/2610 2593/2593/2593
f 2610/2610/2610 2595/2595/2595 2618/2618/2618
f 2596/2596/2596 2595/2595/2595 2593/2593/2593
f 2582/2582/2582 2596/2596/2596 2581/2581/2581
f 2593/2593/2593 2581/2581/2581 2596/2596/2596
f 2582/2582/2582 2583/2583/2583 2594/2594/2594
f 2594/2594/2594 2596/2596/2596 2582/2582/2582
f 2584/2584/2584 2594/2594/2594 2583/2583/2583
f 2594/2594/2594 2591/2591/2591 2575/2575/2575
f 2575/2575/2575 2574/2574/2574 2594/2594/2594
f 2591/2591/2591 2594/2594/2594 2584/2584/2584
f 2584/2584/2584 2585/2585/2585 2591/2591/2591
f 2589/2589/2589 2597/2597/2597 2590/2590/2590
f 2602/2602/2602 2590/2590/2590 2597/2597/2597
f 2590/2590/2590 2592/2592/2592 2589/2589/2589
f 2602/2602/2602 2597/2597/2597 2600/2600/2600
f 2586/2586/2586 2591/2591/2591 2585/2585/2585
f 2592/2592/2592 2591/2591/2591 2586/2586/2586
f 2586/2586/2586 2587/2587/2587 2592/2592/2592
f 2588/2588/2588 2592/2592/2592 2587/2587/2587
f 2589/2589/2589 2592/2592/2592 2588/2588/2588
f 2618/2618/2618 2614/2614/2614 2610/2610/2610

