mtllib material.mtl
usemtl material1.003
v -0.00000000 0.01348700 0.06469800
v -0.00000000 0.01348700 0.06469800
v -0.00000000 0.01348700 0.06469800
v -0.00000000 0.01348700 0.06469800
v -0.00000000 0.01348700 0.06469800
v -0.00000000 0.01348700 0.06469800
v -0.00000000 0.01348700 0.06469800
v -0.00000000 0.01348700 0.06469800
v -0.00000000 0.01348700 0.06469800
v -0.00000000 0.01348700 0.06469800
v -0.00000000 0.01348700 0.06469800
v -0.00000000 0.01348700 0.06469800
v -0.00000000 0.01348700 0.06469800
v -0.00000000 0.01348700 0.06469800
v -0.00529800 0.01408300 0.06469800
v -0.00526100 0.01473600 0.06469800
v -0.00518900 0.01538500 0.06469800
v -0.00507100 0.01602800 0.06469800
v -0.00489800 0.01665800 0.06469800
v -0.00466300 0.01726800 0.06469900
v -0.00435900 0.01784700 0.06469900
v -0.00398500 0.01838400 0.06469900
v -0.00354600 0.01886900 0.06469900
v -0.00304900 0.01929600 0.06470000
v -0.00250300 0.01965700 0.06470000
v -0.00191500 0.01994600 0.06470000
v -0.00129400 0.02015700 0.06470000
v -0.00065200 0.02028900 0.06470000
v -0.01059700 0.01467900 0.06466600
v -0.01052200 0.01598500 0.06466700
v -0.01037800 0.01728300 0.06466800
v -0.01014200 0.01856900 0.06467000
v -0.00979600 0.01982900 0.06467200
v -0.00932600 0.02104800 0.06467400
v -0.00871800 0.02220600 0.06467700
v -0.00797100 0.02328000 0.06467900
v -0.00709300 0.02425100 0.06468100
v -0.00609900 0.02510500 0.06468400
v -0.00500600 0.02582700 0.06468600
v -0.00382900 0.02640400 0.06468700
v -0.00258800 0.02682600 0.06468900
v -0.00130500 0.02708900 0.06469000
v -0.01589500 0.01527400 0.06455200
v -0.01578300 0.01723300 0.06455600
v -0.01556700 0.01918100 0.06456100
v -0.01521300 0.02111000 0.06456700
v -0.01469400 0.02300000 0.06457400
v -0.01398800 0.02482900 0.06458200
v -0.01307700 0.02656600 0.06459100
v -0.01195600 0.02817700 0.06460000
v -0.01063900 0.02963300 0.06460800
v -0.00914800 0.03091400 0.06461600
v -0.00750800 0.03199700 0.06462300
v -0.00574400 0.03286200 0.06462900
v -0.00388200 0.03349600 0.06463400
v -0.00195700 0.03389100 0.06463700
v -0.02119000 0.01587000 0.06430700
v -0.02104100 0.01848200 0.06431500
v -0.02075300 0.02107900 0.06432800
v -0.02028100 0.02365000 0.06434300
v -0.01959000 0.02617100 0.06436100
v -0.01864800 0.02861000 0.06438100
v -0.01743400 0.03092600 0.06440200
v -0.01594000 0.03307400 0.06442300
v -0.01418300 0.03501600 0.06444400
v -0.01219600 0.03672400 0.06446300
v -0.01001000 0.03816800 0.06448100
v -0.00765700 0.03932100 0.06449600
v -0.00517600 0.04016600 0.06450700
v -0.00260900 0.04069200 0.06451400
v -0.02647100 0.01646500 0.06383800
v -0.02628400 0.01972900 0.06385500
v -0.02592500 0.02297600 0.06388000
v -0.02533600 0.02619000 0.06391100
v -0.02447200 0.02934100 0.06394600
v -0.02329700 0.03238900 0.06398500
v -0.02178000 0.03528400 0.06402600
v -0.01991400 0.03796900 0.06406700
v -0.01772000 0.04039700 0.06410800
v -0.01523700 0.04253100 0.06414500
v -0.01250700 0.04433500 0.06417900
v -0.00956800 0.04577700 0.06420800
v -0.00646800 0.04683200 0.06422900
v -0.00326100 0.04748800 0.06424200
v -0.03170500 0.01705800 0.06299900
v -0.03148300 0.02097400 0.06302700
v -0.03105400 0.02486800 0.06306700
v -0.03035100 0.02872500 0.06311600
v -0.02931900 0.03250600 0.06317300
v -0.02791300 0.03616400 0.06323500
v -0.02609700 0.03963800 0.06329900
v -0.02386200 0.04285900 0.06336400
v -0.02123500 0.04577100 0.06342700
v -0.01826100 0.04833100 0.06348600
v -0.01499000 0.05049500 0.06353900
v -0.01146800 0.05222100 0.06358300
v -0.00775300 0.05348500 0.06361600
v -0.00390900 0.05426700 0.06363500
v -0.02822900 0.04179900 0.06271400
v -0.02705700 0.03792800 0.06326700
v -0.03019100 0.03803700 0.06264300
v -0.02926600 0.03994800 0.06267800
v -0.02581300 0.04528700 0.06278600
v -0.02503100 0.04128400 0.06333200
v -0.02707700 0.04358200 0.06275100
v -0.02297300 0.04844000 0.06285600
v -0.02259500 0.04435700 0.06339600
v -0.02444300 0.04690800 0.06282200
v -0.01975600 0.05121100 0.06292100
v -0.01978800 0.04709800 0.06345700
v -0.02140800 0.04987600 0.06288900
v -0.01621900 0.05355100 0.06297900
v -0.01666000 0.04946500 0.06351300
v -0.01802500 0.05243800 0.06295100
v -0.01240800 0.05541800 0.06302700
v -0.01325600 0.05141500 0.06356200
v -0.01434300 0.05454600 0.06300400
v -0.00838900 0.05678200 0.06306300
v -0.00963000 0.05291200 0.06360100
v -0.01042000 0.05616400 0.06304700
v -0.00423000 0.05762400 0.06308400
v -0.00584300 0.05393700 0.06362700
v -0.00632200 0.05726900 0.06307500
v -0.00195900 0.05447400 0.06363900
v -0.00211900 0.05784500 0.06308800
v 0.00000000 0.06123500 0.06223700
v 0.00000000 0.05746800 0.06317700
v -0.00000000 0.05435100 0.06366500
v -0.00000000 0.05121600 0.06399500
v -0.00000000 0.04807500 0.06422500
v -0.00000000 0.04493200 0.06438500
v -0.00000000 0.04178700 0.06449200
v -0.00000000 0.03864200 0.06456500
v -0.00000000 0.03549700 0.06461900
v -0.00000000 0.03235300 0.06465600
v -0.00000000 0.02920800 0.06468000
v -0.00000000 0.02606400 0.06469400
v -0.00000000 0.02291900 0.06469900
v -0.00000000 0.01977500 0.06470000
v -0.00000000 0.01663100 0.06469900
v -0.00449900 0.01348700 0.06469900
v -0.00899800 0.01348700 0.06468200
v -0.01349800 0.01348700 0.06461700
v -0.01799700 0.01348700 0.06447300
v -0.02249500 0.01348700 0.06421700
v -0.02698100 0.01348700 0.06377600
v -0.03143500 0.01348700 0.06305700
v -0.03580900 0.01348700 0.06192300
v -0.03579500 0.01580100 0.06192500
v -0.03575300 0.01802100 0.06192900
v -0.03567700 0.02014400 0.06193600
v -0.03556600 0.02216800 0.06194300
v -0.03523400 0.02591700 0.06196000
v -0.03501700 0.02764100 0.06196900
v -0.03489700 0.02846500 0.06197300
v -0.03483400 0.02886800 0.06197500
v -0.03480200 0.02906700 0.06197500
v -0.03478600 0.02916600 0.06197600
v -0.03477800 0.02921500 0.06197600
v -0.03476900 0.02926400 0.06197600
v -0.03403000 0.03294900 0.06199400
v -0.03352700 0.03489100 0.06200300
v -0.03323600 0.03588500 0.06200800
v -0.03307900 0.03638700 0.06201000
v -0.03299800 0.03663900 0.06201100
v -0.03295700 0.03676500 0.06201200
v -0.03293600 0.03682800 0.06201200
v -0.03292600 0.03686000 0.06201200
v -0.03292100 0.03687600 0.06201200
v -0.03291800 0.03688400 0.06201200
v -0.03291500 0.03689200 0.06201200
v -0.03245600 0.03821000 0.06201800
v -0.03205700 0.03925500 0.06202300
v -0.03180600 0.03987000 0.06202500
v -0.03166600 0.04020000 0.06202700
v -0.03159300 0.04037000 0.06202700
v -0.03155500 0.04045700 0.06202800
v -0.03153600 0.04050100 0.06202800
v -0.03152600 0.04052300 0.06202800
v -0.03151600 0.04054500 0.06202800
v -0.03061300 0.04245200 0.06203700
v -0.02973500 0.04406800 0.06204500
v -0.03282300 0.02998300 0.06251000
v -0.03074100 0.02680200 0.06309000
v -0.03358000 0.02580700 0.06245400
v -0.03324300 0.02790100 0.06248100
v -0.03448300 0.02844700 0.06210400
v -0.03342200 0.02685600 0.06246700
v -0.03466700 0.02736200 0.06209000
v -0.03129900 0.02292500 0.06304600
v -0.03404100 0.02159000 0.06240900
v -0.03384300 0.02370300 0.06243000
v -0.03404800 0.03060800 0.06213400
v -0.03304400 0.02894400 0.06249500
v -0.03427700 0.02953000 0.06211900
v -0.03170900 0.03407600 0.06257400
v -0.02987900 0.03062700 0.06314400
v -0.03231300 0.03204200 0.06254100
v -0.03438200 0.02898900 0.06211100
v -0.03469000 0.02913000 0.06200800
v -0.03443300 0.02871800 0.06210800
v -0.03479100 0.02858300 0.06200100
v -0.03474100 0.02885600 0.06200500
v -0.03366100 0.02923700 0.06231400
v -0.03314600 0.02842300 0.06248800
v -0.03386400 0.02817500 0.06229900
v -0.03376500 0.02870600 0.06230600
v -0.03159000 0.02935500 0.06283500
v -0.03055600 0.02776500 0.06310300
v -0.03199600 0.02735300 0.06280700
v -0.03180300 0.02835500 0.06282100
v -0.02785000 0.02745800 0.06357000
v -0.02566200 0.02458800 0.06389500
v -0.02849600 0.02392300 0.06353000
v -0.02820900 0.02569500 0.06354900
v -0.03457800 0.02790500 0.06209700
v -0.03471600 0.02899300 0.06200700
v -0.03458300 0.02967500 0.06201600
v -0.03433000 0.02925900 0.06211500
v -0.03463700 0.02940200 0.06201200
v -0.03416500 0.03006900 0.06212600
v -0.03352100 0.03274600 0.06216500
v -0.03258000 0.03101500 0.06252500
v -0.03379600 0.03168000 0.06214900
v -0.03466400 0.02926600 0.06201000
v -0.02866500 0.03435300 0.06320400
v -0.03100400 0.03607700 0.06260800
v -0.03216400 0.03693500 0.06223200
v -0.03136900 0.03508100 0.06259000
v -0.03289500 0.03485800 0.06219800
v -0.03254300 0.03590100 0.06221500
v -0.03235700 0.03641900 0.06222300
v -0.03132100 0.03897000 0.06226700
v -0.03061100 0.03706300 0.06262500
v -0.03175700 0.03795800 0.06224900
v -0.03264700 0.03662700 0.06211900
v -0.03245100 0.03616000 0.06221900
v -0.03283500 0.03610400 0.06211100
v -0.03274200 0.03636600 0.06211500
v -0.03158500 0.03650700 0.06242700
v -0.03119000 0.03558000 0.06259900
v -0.03195700 0.03549200 0.06241000
v -0.03177400 0.03600000 0.06241900
v -0.02983700 0.03521600 0.06292900
v -0.02900400 0.03343400 0.06318800
v -0.03051700 0.03329200 0.06289600
v -0.03018900 0.03425900 0.06291200
v -0.02561000 0.03427700 0.06366700
v -0.02392600 0.03088100 0.06396500
v -0.02690100 0.03092400 0.06361700
v -0.02630100 0.03261700 0.06364100
v -0.03272200 0.03538000 0.06220600
v -0.03202400 0.03306300 0.06255700
v -0.03322000 0.03380600 0.06218100
v -0.03279200 0.03673100 0.06206600
v -0.03269500 0.03649700 0.06211700
v -0.03288800 0.03646900 0.06206200
v -0.03284000 0.03660000 0.06206400
v -0.03245300 0.03714800 0.06212800
v -0.03226100 0.03667700 0.06222700
v -0.03255100 0.03688800 0.06212400
v -0.03196400 0.03744800 0.06224100
v -0.03286500 0.03678300 0.06203900
v -0.03281600 0.03666600 0.06206500
v -0.03291300 0.03665200 0.06203700
v -0.03288900 0.03671800 0.06203800
v -0.03269600 0.03699300 0.06207000
v -0.03259900 0.03675800 0.06212100
v -0.03274400 0.03686200 0.06206800
v -0.03281700 0.03691400 0.06204100
v -0.03276800 0.03679700 0.06206700
v -0.03284100 0.03684900 0.06204000
v -0.03287700 0.03687500 0.06202600
v -0.03285300 0.03681600 0.06203900
v -0.03290100 0.03680900 0.06202500
v -0.03288900 0.03684200 0.06202500
v -0.03289500 0.03688800 0.06201900
v -0.03288300 0.03685800 0.06202600
v -0.03290700 0.03685500 0.06201900
v -0.03290100 0.03687100 0.06201900
v -0.03285300 0.03694100 0.06202700
v -0.03282900 0.03688200 0.06204000
v -0.03286500 0.03690800 0.06202700
v -0.03276800 0.03704500 0.06204300
v -0.03272000 0.03692800 0.06206900
v -0.03279200 0.03698000 0.06204200
v -0.03259700 0.03725400 0.06207400
v -0.03250200 0.03701800 0.06212600
v -0.03264700 0.03712400 0.06207200
v -0.03225100 0.03766500 0.06213700
v -0.03206500 0.03719100 0.06223600
v -0.03235300 0.03740700 0.06213200
v -0.03118500 0.03751100 0.06244500
v -0.03081100 0.03657100 0.06261600
v -0.03138800 0.03701000 0.06243600
v -0.02905400 0.03710200 0.06296200
v -0.02830200 0.03526400 0.06321900
v -0.02945900 0.03616500 0.06294500
v -0.03036300 0.04095300 0.06230300
v -0.02974200 0.03900000 0.06266000
v -0.03085700 0.03996800 0.06228500
v -0.03141100 0.04044900 0.06207100
v -0.03109300 0.03947100 0.06227600
v -0.03165200 0.03994200 0.06206300
v -0.03153200 0.04019600 0.06206700
v -0.03090900 0.04145200 0.06208900
v -0.03061300 0.04046200 0.06229400
v -0.03116400 0.04095200 0.06208000
v -0.02928700 0.04287400 0.06233900
v -0.02876100 0.04088200 0.06269600
v -0.02984000 0.04192200 0.06232100
v -0.03147200 0.04032300 0.06206900
v -0.03128900 0.04070100 0.06207600
v -0.03113400 0.04020900 0.06218000
v -0.03097600 0.03972000 0.06228000
v -0.03137200 0.03970700 0.06217100
v -0.03125400 0.03995800 0.06217600
v -0.03030000 0.03948500 0.06248000
v -0.02997000 0.03852000 0.06265200
v -0.03075700 0.03850400 0.06246300
v -0.03053200 0.03899600 0.06247100
v -0.02816400 0.03893900 0.06299700
v -0.02749800 0.03705200 0.06325100
v -0.02862200 0.03802700 0.06297900
v -0.02394300 0.03746200 0.06372000
v -0.02258200 0.03386000 0.06400600
v -0.02482400 0.03589400 0.06369300
v -0.03148100 0.04050900 0.06204300
v -0.03144200 0.04038600 0.06207000
v -0.03154200 0.04038200 0.06204100
v -0.03151100 0.04044600 0.06204200
v -0.03135000 0.04057500 0.06207300
v -0.03088900 0.04070800 0.06218900
v -0.03073600 0.04021600 0.06228900
v -0.03101300 0.04045900 0.06218500
v -0.02981500 0.04045100 0.06249800
v -0.02950800 0.03947600 0.06266900
v -0.03006100 0.03997000 0.06248900
v -0.03127300 0.04032900 0.06212600
v -0.03119400 0.04008400 0.06217800
v -0.03139300 0.04007700 0.06212200
v -0.03133300 0.04020300 0.06212400
v -0.03149600 0.04047700 0.06204300
v -0.03141900 0.04063500 0.06204500
v -0.03138100 0.04051200 0.06207200
v -0.03145000 0.04057200 0.06204400
v -0.03115100 0.04058000 0.06213100
v -0.03107400 0.04033400 0.06218300
v -0.03121200 0.04045500 0.06212900
v -0.03146500 0.04054100 0.06204400
v -0.02847700 0.04608200 0.06205800
v -0.02713500 0.04793800 0.06207100
v -0.02573100 0.04963400 0.06208400
v -0.02501000 0.05042400 0.06209100
v -0.02464700 0.05080500 0.06209500
v -0.02446400 0.05099200 0.06209600
v -0.02437300 0.05108400 0.06209700
v -0.02432700 0.05113000 0.06209800
v -0.02428100 0.05117600 0.06209800
v -0.02265600 0.05269900 0.06211400
v -0.02178900 0.05343600 0.06212200
v -0.02134200 0.05379700 0.06212600
v -0.02111500 0.05397500 0.06212800
v -0.02100100 0.05406400 0.06212900
v -0.02094400 0.05410800 0.06213000
v -0.02091500 0.05413000 0.06213000
v -0.02088600 0.05415200 0.06213000
v -0.01916000 0.05539200 0.06214600
v -0.01819500 0.05601800 0.06215400
v -0.01768600 0.05633000 0.06215900
v -0.01742400 0.05648600 0.06216100
v -0.01729200 0.05656300 0.06216200
v -0.01715900 0.05664100 0.06216300
v -0.01496600 0.05780200 0.06218000
v -0.01283800 0.05874500 0.06219300
v -0.01079800 0.05949300 0.06220500
v -0.00981600 0.05980200 0.06220900
v -0.00933600 0.05994200 0.06221200
v -0.00909800 0.06000800 0.06221300
v -0.00898000 0.06004000 0.06221300
v -0.00892200 0.06005600 0.06221400
v -0.00889200 0.06006400 0.06221400
v -0.00886300 0.06007200 0.06221400
v -0.00672300 0.06057100 0.06222300
v -0.00561600 0.06077300 0.06222700
v -0.00505400 0.06086100 0.06222900
v -0.00477000 0.06090200 0.06222900
v -0.00462800 0.06092200 0.06223000
v -0.00455700 0.06093200 0.06223000
v -0.00452100 0.06093600 0.06223000
v -0.00448600 0.06094100 0.06223000
v -0.00241700 0.06115100 0.06223500
v -0.02383600 0.04976700 0.06248000
v -0.02372000 0.04768600 0.06283900
v -0.02536100 0.04817800 0.06244600
v -0.02461100 0.04898500 0.06246300
v -0.02426700 0.05042600 0.06226200
v -0.02422700 0.04937900 0.06247100
v -0.02505600 0.04962900 0.06224500
v -0.02466400 0.05003100 0.06225400
v -0.02221300 0.05125800 0.06251300
v -0.02220200 0.04917000 0.06287300
v -0.02303700 0.05052500 0.06249700
v -0.02345300 0.05119800 0.06227800
v -0.02344000 0.05014900 0.06248800
v -0.02386300 0.05081500 0.06227000
v -0.02407400 0.05114600 0.06215300
v -0.02406600 0.05062100 0.06226600
v -0.02448200 0.05075300 0.06214500
v -0.02427800 0.05095100 0.06214900
v -0.02438000 0.05085200 0.06214700
v -0.02446600 0.05022900 0.06225800
v -0.02468300 0.05055500 0.06214100
v -0.02417600 0.05104900 0.06215100
v -0.02366000 0.05153200 0.06216100
v -0.02365800 0.05100700 0.06227400
v -0.02386800 0.05134000 0.06215700
v -0.02261500 0.05194400 0.06229400
v -0.02262800 0.05089500 0.06250500
v -0.02303700 0.05157400 0.06228600
v -0.02050000 0.05264300 0.06254500
v -0.02059300 0.05055600 0.06290600
v -0.02136800 0.05196400 0.06252900
v -0.02087100 0.05335300 0.06232500
v -0.02093700 0.05230700 0.06253700
v -0.02175400 0.05266200 0.06231000
v -0.02131500 0.05301100 0.06231800
v -0.01870300 0.05391600 0.06257400
v -0.01890000 0.05183800 0.06293600
v -0.01961200 0.05329400 0.06256000
v -0.01996600 0.05401600 0.06234000
v -0.02005900 0.05297200 0.06255200
v -0.02042100 0.05368800 0.06233200
v -0.02060200 0.05404400 0.06221400
v -0.02064700 0.05352200 0.06232900
v -0.02105600 0.05370700 0.06220600
v -0.02082900 0.05387600 0.06221000
v -0.02092100 0.05405300 0.06214800
v -0.02094300 0.05379200 0.06220800
v -0.02114800 0.05388300 0.06214500
v -0.02103400 0.05396800 0.06214600
v -0.02109300 0.05318300 0.06232100
v -0.02150400 0.05336200 0.06219900
v -0.02128000 0.05353500 0.06220300
v -0.02069200 0.05422200 0.06215200
v -0.02071600 0.05396100 0.06221200
v -0.02080700 0.05413800 0.06215000
v -0.02014300 0.05437500 0.06222100
v -0.02019400 0.05385300 0.06233600
v -0.02037300 0.05421100 0.06221700
v -0.01904200 0.05464900 0.06235400
v -0.01916000 0.05360800 0.06256700
v -0.01950600 0.05433600 0.06234700
v -0.01683000 0.05507100 0.06260200
v -0.01713000 0.05300900 0.06296500
v -0.01777600 0.05450800 0.06258800
v -0.02086400 0.05409600 0.06214900
v -0.01713400 0.05582500 0.06238100
v -0.01730500 0.05479300 0.06259500
v -0.01809700 0.05525200 0.06236800
v -0.01761800 0.05554200 0.06237400
v -0.01488400 0.05610300 0.06262700
v -0.01528900 0.05406400 0.06299200
v -0.01586500 0.05560300 0.06261500
v -0.01728600 0.05619900 0.06226100
v -0.01737700 0.05568500 0.06237800
v -0.01777400 0.05591500 0.06225500
v -0.01753100 0.05605800 0.06225800
v -0.01615200 0.05636600 0.06239300
v -0.01635000 0.05534100 0.06260800
v -0.01664500 0.05609900 0.06238700
v -0.01679300 0.05647700 0.06226700
v -0.01689000 0.05596300 0.06238400
v -0.01704000 0.05633900 0.06226400
v -0.00870500 0.05841900 0.06268500
v -0.00940900 0.05648900 0.06305500
v -0.01081300 0.05778000 0.06266900
v -0.00976400 0.05811600 0.06267700
v -0.00886300 0.05923100 0.06246100
v -0.00923600 0.05827200 0.06268100
v -0.00994100 0.05892300 0.06245400
v -0.00940300 0.05908200 0.06245800
v -0.00656100 0.05892400 0.06269700
v -0.00735900 0.05704200 0.06307000
v -0.00763700 0.05868900 0.06269100
v -0.00894100 0.05963500 0.06234000
v -0.00913300 0.05915800 0.06246000
v -0.00948600 0.05948400 0.06233600
v -0.00921400 0.05956000 0.06233800
v -0.00777500 0.05950500 0.06246800
v -0.00817200 0.05855800 0.06268800
v -0.00832000 0.05937200 0.06246500
v -0.00839400 0.05977700 0.06234300
v -0.00859200 0.05930300 0.06246300
v -0.00866800 0.05970700 0.06234100
v -0.00870600 0.05990800 0.06227800
v -0.00880500 0.05967100 0.06234100
v -0.00898100 0.05983600 0.06227600
v -0.00884300 0.05987200 0.06227700
v -0.00886300 0.05997300 0.06224500
v -0.00891200 0.05985400 0.06227700
v -0.00900000 0.05993600 0.06224400
v -0.00893200 0.05995400 0.06224400
v -0.00907800 0.05959800 0.06233900
v -0.00925500 0.05976100 0.06227500
v -0.00911800 0.05979900 0.06227600
v -0.00872500 0.06000900 0.06224600
v -0.00877500 0.05989000 0.06227800
v -0.00879400 0.05999100 0.06224500
v -0.00843100 0.05997900 0.06228000
v -0.00853100 0.05974200 0.06234200
v -0.00856800 0.05994400 0.06227900
v -0.00784400 0.05991000 0.06234600
v -0.00804800 0.05944000 0.06246600
v -0.00811900 0.05984500 0.06234400
v -0.00668000 0.05974400 0.06247300
v -0.00710000 0.05881000 0.06269400
v -0.00722800 0.05962900 0.06247000
v -0.00438900 0.05929000 0.06270500
v -0.00527900 0.05746300 0.06308000
v -0.00547800 0.05912400 0.06270100
v -0.00446900 0.06011500 0.06248100
v -0.00493400 0.05921100 0.06270300
v -0.00557700 0.05994700 0.06247800
v -0.00502400 0.06003600 0.06247900
v -0.00219900 0.05951600 0.06270900
v -0.00317600 0.05775100 0.06308600
v -0.00329600 0.05942100 0.06270700
v -0.00450800 0.06052600 0.06235900
v -0.00474600 0.06007700 0.06248000
v -0.00506800 0.06044500 0.06235700
v -0.00478800 0.06048700 0.06235800
v -0.00335600 0.06024800 0.06248300
v -0.00384300 0.05936000 0.06270600
v -0.00391300 0.06018600 0.06248200
v -0.00452800 0.06073000 0.06229500
v -0.00464800 0.06050600 0.06235900
v -0.00480900 0.06069100 0.06229500
v -0.00466900 0.06071100 0.06229500
v -0.00394700 0.06059700 0.06236000
v -0.00419100 0.06015200 0.06248200
v -0.00422800 0.06056200 0.06236000
v -0.00453800 0.06083200 0.06226300
v -0.00459900 0.06072000 0.06229500
v -0.00467900 0.06081200 0.06226200
v -0.00460900 0.06082200 0.06226300
v -0.00424700 0.06076700 0.06229600
v -0.00436800 0.06054400 0.06235900
v -0.00438700 0.06074800 0.06229600
v -0.00439700 0.06085000 0.06226300
v -0.00445800 0.06073900 0.06229500
v -0.00446800 0.06084100 0.06226300
v 0.03169700 0.01738500 0.06300000
v 0.03146100 0.02127600 0.06302900
v 0.03101500 0.02514500 0.06307000
v 0.03029400 0.02897500 0.06312000
v 0.02924600 0.03272700 0.06317700
v 0.02782600 0.03635500 0.06323800
v 0.02600000 0.03979700 0.06330200
v 0.02376100 0.04298700 0.06336700
v 0.02113500 0.04586900 0.06342900
v 0.01816800 0.04840200 0.06348800
v 0.01490900 0.05054100 0.06354000
v 0.01140300 0.05224800 0.06358300
v 0.00770800 0.05349700 0.06361600
v 0.00388600 0.05427100 0.06363500
v 0.02646400 0.01673700 0.06383900
v 0.02626600 0.01998100 0.06385700
v 0.02589200 0.02320700 0.06388200
v 0.02528900 0.02639900 0.06391300
v 0.02441200 0.02952600 0.06394800
v 0.02322500 0.03254900 0.06398700
v 0.02169900 0.03541800 0.06402800
v 0.01982900 0.03807600 0.06406900
v 0.01763600 0.04047900 0.06410900
v 0.01516000 0.04259100 0.06414600
v 0.01244000 0.04437500 0.06418000
v 0.00951400 0.04580000 0.06420800
v 0.00643000 0.04684300 0.06422900
v 0.00324100 0.04749200 0.06424200
v 0.02118400 0.01608800 0.06430700
v 0.02102600 0.01868300 0.06431600
v 0.02072600 0.02126400 0.06432900
v 0.02024300 0.02381700 0.06434400
v 0.01954100 0.02631900 0.06436200
v 0.01859000 0.02873700 0.06438200
v 0.01736800 0.03103200 0.06440300
v 0.01587100 0.03315900 0.06442400
v 0.01411600 0.03508100 0.06444500
v 0.01213300 0.03677000 0.06446400
v 0.00995600 0.03819800 0.06448100
v 0.00761400 0.03933900 0.06449600
v 0.00514600 0.04017400 0.06450700
v 0.00259400 0.04069300 0.06451400
v 0.01589100 0.01543800 0.06455200
v 0.01577200 0.01738400 0.06455600
v 0.01554700 0.01932000 0.06456100
v 0.01518500 0.02123500 0.06456700
v 0.01465800 0.02311100 0.06457500
v 0.01394500 0.02492500 0.06458300
v 0.01302900 0.02664600 0.06459100
v 0.01190500 0.02824100 0.06460000
v 0.01058900 0.02968300 0.06460800
v 0.00910100 0.03095000 0.06461600
v 0.00746800 0.03202100 0.06462300
v 0.00571100 0.03287600 0.06462900
v 0.00386000 0.03350300 0.06463400
v 0.00194600 0.03389300 0.06463700
v 0.01059400 0.01478800 0.06466600
v 0.01051500 0.01608500 0.06466700
v 0.01036500 0.01737600 0.06466800
v 0.01012300 0.01865200 0.06467000
v 0.00977200 0.01990300 0.06467200
v 0.00929700 0.02111200 0.06467400
v 0.00868600 0.02226000 0.06467700
v 0.00793700 0.02332300 0.06467900
v 0.00705900 0.02428400 0.06468100
v 0.00606800 0.02512900 0.06468400
v 0.00497900 0.02584300 0.06468600
v 0.00380800 0.02641300 0.06468700
v 0.00257300 0.02683100 0.06468900
v 0.00129700 0.02709100 0.06469000
v 0.00529600 0.01413700 0.06469800
v 0.00525700 0.01478600 0.06469800
v 0.00518200 0.01543100 0.06469800
v 0.00506100 0.01607000 0.06469800
v 0.00488600 0.01669500 0.06469800
v 0.00464800 0.01730000 0.06469900
v 0.00434300 0.01787300 0.06469900
v 0.00396800 0.01840500 0.06469900
v 0.00352900 0.01888500 0.06469900
v 0.00303400 0.01930800 0.06470000
v 0.00248900 0.01966500 0.06470000
v 0.00190400 0.01995000 0.06470000
v 0.00128700 0.02015900 0.06470000
v 0.00064800 0.02028900 0.06470000
v -0.00000000 0.01348700 0.06469800
v -0.00000000 0.01348700 0.06469800
v -0.00000000 0.01348700 0.06469800
v -0.00000000 0.01348700 0.06469800
v -0.00000000 0.01348700 0.06469800
v -0.00000000 0.01348700 0.06469800
v -0.00000000 0.01348700 0.06469800
v -0.00000000 0.01348700 0.06469800
v -0.00000000 0.01348700 0.06469800
v -0.00000000 0.01348700 0.06469800
v -0.00000000 0.01348700 0.06469800
v -0.00000000 0.01348700 0.06469800
v -0.00000000 0.01348700 0.06469800
v -0.00000000 0.01348700 0.06469800
v 0.02696400 0.03810400 0.06327000
v 0.02812400 0.04197200 0.06271800
v 0.03009700 0.03824500 0.06264600
v 0.02916600 0.04013800 0.06268200
v 0.02493100 0.04142800 0.06333500
v 0.02570300 0.04542500 0.06278900
v 0.02696900 0.04373700 0.06275400
v 0.02249300 0.04446900 0.06339900
v 0.02286400 0.04854500 0.06285900
v 0.02433300 0.04703000 0.06282400
v 0.01969100 0.04718200 0.06345900
v 0.01965600 0.05128700 0.06292300
v 0.02130300 0.04996700 0.06289200
v 0.01657200 0.04952300 0.06351500
v 0.01613100 0.05360100 0.06298000
v 0.01793000 0.05250000 0.06295300
v 0.01318300 0.05145100 0.06356300
v 0.01233800 0.05544700 0.06302800
v 0.01426400 0.05458500 0.06300500
v 0.00957500 0.05293100 0.06360100
v 0.00834000 0.05679500 0.06306300
v 0.01036000 0.05618500 0.06304700
v 0.00580800 0.05394400 0.06362700
v 0.00420500 0.05762800 0.06308400
v 0.00628500 0.05727700 0.06307500
v 0.00194700 0.05447500 0.06363900
v 0.00210700 0.05784600 0.06308800
v -0.00000000 0.01663100 0.06469900
v -0.00000000 0.01977500 0.06470000
v -0.00000000 0.02291900 0.06469900
v -0.00000000 0.02606400 0.06469400
v -0.00000000 0.02920800 0.06468000
v -0.00000000 0.03235300 0.06465600
v -0.00000000 0.03549700 0.06461900
v -0.00000000 0.03864200 0.06456500
v -0.00000000 0.04178700 0.06449200
v -0.00000000 0.04493200 0.06438500
v -0.00000000 0.04807500 0.06422500
v -0.00000000 0.05121600 0.06399500
v -0.00000000 0.05435100 0.06366500
v 0.00000000 0.05746800 0.06317700
v 0.00000000 0.06123500 0.06223700
v 0.00241500 0.06115000 0.06223500
v 0.00349300 0.06105700 0.06223300
v 0.00400000 0.06100200 0.06223100
v 0.00424500 0.06097200 0.06223100
v 0.00436600 0.06095700 0.06223100
v 0.00442600 0.06094900 0.06223000
v 0.00445600 0.06094500 0.06223000
v 0.00448500 0.06094100 0.06223000
v 0.00672500 0.06057000 0.06222300
v 0.00780900 0.06033500 0.06221900
v 0.00834200 0.06020600 0.06221600
v 0.00860700 0.06013900 0.06221500
v 0.00873800 0.06010500 0.06221500
v 0.00880400 0.06008800 0.06221400
v 0.00883600 0.06007900 0.06221400
v 0.00886900 0.06007000 0.06221400
v 0.01080500 0.05949100 0.06220500
v 0.01284500 0.05874200 0.06219300
v 0.01497000 0.05780000 0.06217900
v 0.01605800 0.05724900 0.06217200
v 0.01660700 0.05695200 0.06216700
v 0.01688200 0.05679800 0.06216500
v 0.01702000 0.05672000 0.06216400
v 0.01715800 0.05664100 0.06216300
v 0.01915800 0.05539400 0.06214600
v 0.02005500 0.05476900 0.06213800
v 0.02047900 0.05445900 0.06213400
v 0.02068600 0.05430500 0.06213200
v 0.02078700 0.05422800 0.06213100
v 0.02083800 0.05418900 0.06213100
v 0.02086300 0.05417000 0.06213100
v 0.02088800 0.05415100 0.06213000
v 0.02265300 0.05270300 0.06211400
v 0.02348200 0.05195000 0.06210600
v 0.02388300 0.05156800 0.06210200
v 0.02408100 0.05137500 0.06210000
v 0.02417900 0.05127900 0.06209900
v 0.02422700 0.05123000 0.06209900
v 0.02427600 0.05118200 0.06209800
v 0.02572900 0.04963600 0.06208400
v 0.02713300 0.04794100 0.06207100
v 0.02847000 0.04609400 0.06205800
v 0.02972000 0.04409400 0.06204600
v 0.00315700 0.05775300 0.06308600
v 0.00218600 0.05951700 0.06270900
v 0.00436300 0.05929400 0.06270500
v 0.00327700 0.05942300 0.06270800
v 0.00382000 0.05936300 0.06270600
v 0.00333600 0.06025000 0.06248300
v 0.00444200 0.06011900 0.06248100
v 0.00389000 0.06018900 0.06248200
v 0.00524800 0.05746900 0.06308000
v 0.00652200 0.05893200 0.06269700
v 0.00544600 0.05913000 0.06270200
v 0.00416600 0.06015500 0.06248200
v 0.00392400 0.06059900 0.06236000
v 0.00448200 0.06052900 0.06235900
v 0.00420300 0.06056500 0.06236000
v 0.00490500 0.05921600 0.06270300
v 0.00554400 0.05995300 0.06247800
v 0.00499400 0.06004000 0.06247900
v 0.00434200 0.06054800 0.06235900
v 0.00422200 0.06077000 0.06229600
v 0.00450100 0.06073300 0.06229500
v 0.00436100 0.06075200 0.06229600
v 0.00471800 0.06008100 0.06248000
v 0.00503800 0.06045000 0.06235800
v 0.00476000 0.06049100 0.06235800
v 0.00443100 0.06074300 0.06229600
v 0.00437100 0.06085400 0.06226300
v 0.00451100 0.06083500 0.06226300
v 0.00444100 0.06084500 0.06226300
v 0.00462100 0.06051000 0.06235900
v 0.00478100 0.06069500 0.06229500
v 0.00464100 0.06071400 0.06229500
v 0.00731600 0.05705200 0.06307000
v 0.00865500 0.05843300 0.06268500
v 0.00759200 0.05869900 0.06269100
v 0.00812400 0.05857000 0.06268800
v 0.00773000 0.05951600 0.06246800
v 0.00881100 0.05924500 0.06246200
v 0.00827200 0.05938500 0.06246500
v 0.00935500 0.05650600 0.06305600
v 0.01075100 0.05780100 0.06266900
v 0.00970800 0.05813400 0.06267800
v 0.00854200 0.05931600 0.06246300
v 0.00834500 0.05978900 0.06234300
v 0.00889000 0.05964900 0.06234000
v 0.00861800 0.05972000 0.06234200
v 0.00918200 0.05828800 0.06268100
v 0.00988300 0.05894100 0.06245400
v 0.00934900 0.05909700 0.06245800
v 0.00875400 0.05968500 0.06234100
v 0.00865500 0.05992100 0.06227800
v 0.00892900 0.05985000 0.06227700
v 0.00879200 0.05988600 0.06227700
v 0.00908000 0.05917200 0.06246000
v 0.00943200 0.05950000 0.06233700
v 0.00916100 0.05957500 0.06233800
v 0.00872400 0.05990400 0.06227800
v 0.00867400 0.06002200 0.06224600
v 0.00881100 0.05998600 0.06224500
v 0.00874300 0.06000400 0.06224500
v 0.00848100 0.05975500 0.06234200
v 0.00838200 0.05999100 0.06228000
v 0.00851900 0.05995600 0.06227900
v 0.00800100 0.05945100 0.06246600
v 0.00779800 0.05992100 0.06234600
v 0.00807200 0.05985600 0.06234500
v 0.00705800 0.05882000 0.06269400
v 0.00664000 0.05975200 0.06247300
v 0.00718600 0.05963800 0.06247100
v 0.00886000 0.05986800 0.06227700
v 0.00894800 0.05995000 0.06224400
v 0.00888000 0.05996800 0.06224500
v 0.00902500 0.05961200 0.06233900
v 0.00920100 0.05977600 0.06227500
v 0.00906500 0.05981300 0.06227600
v 0.01520500 0.05410800 0.06299300
v 0.01480100 0.05614300 0.06262800
v 0.01673900 0.05512300 0.06260300
v 0.01577800 0.05564900 0.06261600
v 0.01626100 0.05539000 0.06261000
v 0.01606400 0.05641300 0.06239400
v 0.01704100 0.05587800 0.06238200
v 0.01655500 0.05614900 0.06238800
v 0.01703900 0.05306500 0.06296700
v 0.01860500 0.05398000 0.06257600
v 0.01768100 0.05456700 0.06259000
v 0.01679900 0.05601400 0.06238500
v 0.01670200 0.05652700 0.06226800
v 0.01719300 0.05625300 0.06226200
v 0.01694800 0.05639100 0.06226500
v 0.01721200 0.05484800 0.06259700
v 0.01800100 0.05531200 0.06236900
v 0.01752300 0.05559800 0.06237600
v 0.01880200 0.05190700 0.06293800
v 0.02039600 0.05272200 0.06254600
v 0.01951000 0.05336500 0.06256100
v 0.01995500 0.05304700 0.06255400
v 0.01986300 0.05408900 0.06234100
v 0.02076400 0.05343400 0.06232700
v 0.02031600 0.05376500 0.06233400
v 0.02048900 0.05064000 0.06290800
v 0.02210400 0.05135200 0.06251500
v 0.02126000 0.05205000 0.06253100
v 0.02054100 0.05360000 0.06233100
v 0.02049600 0.05412200 0.06221500
v 0.02094800 0.05378800 0.06220800
v 0.02072300 0.05395500 0.06221200
v 0.02083100 0.05238900 0.06253900
v 0.02164500 0.05275000 0.06231200
v 0.02120700 0.05309500 0.06231900
v 0.02061000 0.05403900 0.06221400
v 0.02058600 0.05429900 0.06215300
v 0.02081400 0.05413300 0.06215000
v 0.02070000 0.05421600 0.06215200
v 0.02009000 0.05392800 0.06233800
v 0.02003900 0.05444800 0.06222200
v 0.02026800 0.05428600 0.06221900
v 0.01906000 0.05367600 0.06256900
v 0.01894100 0.05471500 0.06235600
v 0.01940400 0.05440600 0.06234900
v 0.02075700 0.05417400 0.06215100
v 0.02083600 0.05387200 0.06221000
v 0.02104000 0.05396400 0.06214600
v 0.02092700 0.05404800 0.06214800
v 0.02098600 0.05326500 0.06232300
v 0.02139500 0.05344600 0.06220100
v 0.02117200 0.05361800 0.06220400
v 0.02087000 0.05409100 0.06214900
v 0.02209500 0.04926800 0.06287500
v 0.02372400 0.04987700 0.06248200
v 0.02292600 0.05062700 0.06249900
v 0.02332800 0.05025500 0.06249100
v 0.02334000 0.05130100 0.06228100
v 0.02415200 0.05053800 0.06226400
v 0.02374900 0.05092300 0.06227200
v 0.02361000 0.04779900 0.06284200
v 0.02524700 0.04830400 0.06244800
v 0.02449800 0.04910300 0.06246500
v 0.02395100 0.05073100 0.06226800
v 0.02395900 0.05125500 0.06215500
v 0.02436600 0.05086600 0.06214700
v 0.02416300 0.05106100 0.06215100
v 0.02411400 0.04949300 0.06247400
v 0.02494000 0.04974900 0.06224800
v 0.02454900 0.05014700 0.06225600
v 0.02406100 0.05115800 0.06215300
v 0.02354500 0.05111300 0.06227700
v 0.02354600 0.05163700 0.06216300
v 0.02375300 0.05144600 0.06215900
v 0.02251800 0.05099300 0.06250700
v 0.02250300 0.05203900 0.06229600
v 0.02292400 0.05167400 0.06228800
v 0.02426500 0.05096400 0.06214900
v 0.02435100 0.05034300 0.06226000
v 0.02476600 0.05047200 0.06213900
v 0.02456700 0.05067000 0.06214300
v 0.03014900 0.04329500 0.06204700
v 0.03039000 0.04283800 0.06204500
v 0.03051700 0.04259600 0.06204400
v 0.03058100 0.04247100 0.06204300
v 0.03061400 0.04240700 0.06204300
v 0.03063100 0.04237500 0.06204200
v 0.03063900 0.04235900 0.06204200
v 0.03064300 0.04235100 0.06204200
v 0.03064700 0.04234300 0.06204200
v 0.03082500 0.04199500 0.06203900
v 0.03094700 0.04175100 0.06203700
v 0.03101600 0.04161200 0.06203600
v 0.03105200 0.04153800 0.06203600
v 0.03107100 0.04150000 0.06203500
v 0.03109000 0.04146100 0.06203500
v 0.03133100 0.04095500 0.06203100
v 0.03142700 0.04074700 0.06202900
v 0.03146900 0.04065400 0.06202800
v 0.03150700 0.04057000 0.06202800
v 0.03184900 0.03977600 0.06202400
v 0.03204500 0.03929500 0.06202100
v 0.03214800 0.03903400 0.06202000
v 0.03220100 0.03889800 0.06202000
v 0.03222700 0.03882800 0.06202000
v 0.03224100 0.03879300 0.06202000
v 0.03224700 0.03877500 0.06202000
v 0.03225400 0.03875800 0.06201900
v 0.03268200 0.03758100 0.06201500
v 0.03281700 0.03718300 0.06201400
v 0.03286800 0.03703200 0.06201300
v 0.03288900 0.03696900 0.06201300
v 0.03289800 0.03694000 0.06201300
v 0.03290300 0.03692700 0.06201300
v 0.03290500 0.03692000 0.06201300
v 0.03290700 0.03691400 0.06201300
v 0.03345900 0.03512700 0.06200400
v 0.03360800 0.03459700 0.06200200
v 0.03364600 0.03446000 0.06200100
v 0.03368400 0.03431800 0.06200000
v 0.03376000 0.03403300 0.06199900
v 0.03403300 0.03293700 0.06199400
v 0.03446200 0.03096000 0.06198400
v 0.03462800 0.03008100 0.06198000
v 0.03470000 0.02967000 0.06197800
v 0.03473400 0.02947200 0.06197700
v 0.03475000 0.02937500 0.06197700
v 0.03475900 0.02932600 0.06197700
v 0.03476300 0.02930200 0.06197700
v 0.03476400 0.02929000 0.06197700
v 0.03476600 0.02927800 0.06197700
v 0.03531000 0.02517000 0.06195800
v 0.03548200 0.02324400 0.06195000
v 0.03555000 0.02231400 0.06194600
v 0.03560600 0.02140600 0.06194300
v 0.03569900 0.01951300 0.06193600
v 0.03573500 0.01850200 0.06193200
v 0.03575100 0.01798000 0.06193100
v 0.03575800 0.01771600 0.06193000
v 0.03576100 0.01758200 0.06192900
v 0.03576300 0.01751500 0.06192900
v 0.03576400 0.01744800 0.06192900
v 0.03580900 0.01348700 0.06192300
v 0.02865900 0.04106300 0.06270000
v 0.02917900 0.04305400 0.06234200
v 0.03025900 0.04115000 0.06230600
v 0.02973400 0.04211000 0.06232400
v 0.02946000 0.04258400 0.06233300
v 0.02970400 0.04359100 0.06212700
v 0.03026900 0.04263000 0.06211000
v 0.02999000 0.04311200 0.06211900
v 0.02756000 0.04286400 0.06273600
v 0.02798100 0.04488600 0.06237800
v 0.02859500 0.04397900 0.06236000
v 0.03000000 0.04163200 0.06231500
v 0.03080400 0.04165200 0.06209200
v 0.03054000 0.04214300 0.06210100
v 0.02964600 0.03919800 0.06266400
v 0.03122400 0.03918400 0.06227100
v 0.03075600 0.04017400 0.06228800
v 0.02858600 0.03456000 0.06320700
v 0.03163100 0.03431600 0.06257800
v 0.03091700 0.03630100 0.06261200
v 0.03040500 0.04238700 0.06210600
v 0.03047300 0.04226500 0.06210300
v 0.03053900 0.04251500 0.06204900
v 0.03067500 0.04227000 0.06204500
v 0.03067300 0.04189800 0.06209700
v 0.03051200 0.04066400 0.06229700
v 0.03130900 0.04065900 0.06207500
v 0.03106000 0.04115800 0.06208400
v 0.02986800 0.04187200 0.06232000
v 0.03000100 0.04237000 0.06221900
v 0.03027000 0.04188800 0.06221100
v 0.03013700 0.04213000 0.06221500
v 0.02891600 0.04060200 0.06269100
v 0.02919700 0.04158700 0.06252000
v 0.02971400 0.04064500 0.06250200
v 0.02945900 0.04111800 0.06251100
v 0.02649500 0.03895800 0.06328600
v 0.02706400 0.04088600 0.06303500
v 0.02806800 0.03912200 0.06300000
v 0.02757900 0.04001200 0.06301700
v 0.02250500 0.03400700 0.06400800
v 0.02385400 0.03760800 0.06372200
v 0.02553100 0.03445300 0.06367000
v 0.02474000 0.03605600 0.06369600
v 0.03033700 0.04250900 0.06210800
v 0.03047100 0.04263800 0.06205100
v 0.03013000 0.04287200 0.06211400
v 0.03064100 0.04233200 0.06204600
v 0.03060700 0.04202100 0.06209900
v 0.03074200 0.04214800 0.06204200
v 0.03013100 0.04139200 0.06231100
v 0.03053200 0.04140200 0.06220200
v 0.03040200 0.04164500 0.06220600
v 0.03062400 0.04236200 0.06204600
v 0.03050600 0.04220400 0.06210200
v 0.03054000 0.04232900 0.06207500
v 0.03060700 0.04220700 0.06207300
v 0.03057400 0.04226800 0.06207400
v 0.03020400 0.04200900 0.06221300
v 0.03027100 0.04225900 0.06216100
v 0.03040500 0.04201600 0.06215600
v 0.03033800 0.04213700 0.06215900
v 0.03063300 0.04234700 0.06204600
v 0.03065800 0.04230100 0.06204500
v 0.03070800 0.04220900 0.06204400
v 0.03055700 0.04229900 0.06207500
v 0.03057400 0.04236100 0.06206100
v 0.03060700 0.04230000 0.06206000
v 0.03059000 0.04233100 0.06206000
v 0.03043900 0.04232600 0.06210400
v 0.03047200 0.04245100 0.06207700
v 0.03050600 0.04239000 0.06207600
v 0.03093300 0.04140500 0.06208800
v 0.03086900 0.04152900 0.06209000
v 0.03038600 0.04090700 0.06230200
v 0.03078600 0.04091100 0.06219300
v 0.03066000 0.04115700 0.06219700
v 0.02940900 0.03967000 0.06267300
v 0.03020200 0.03968700 0.06248400
v 0.02996100 0.04016800 0.06249300
v 0.02740800 0.03723600 0.06325400
v 0.02896400 0.03730100 0.06296600
v 0.02852900 0.03821800 0.06298300
v 0.03090100 0.04146700 0.06208900
v 0.03093700 0.04159100 0.06206200
v 0.03100100 0.04146700 0.06206000
v 0.03096900 0.04152900 0.06206100
v 0.03099700 0.04128200 0.06208600
v 0.03118600 0.04090900 0.06207900
v 0.03099400 0.03968100 0.06228000
v 0.03155100 0.04015700 0.06206600
v 0.03052100 0.03727800 0.06262900
v 0.03207400 0.03716700 0.06223600
v 0.03166400 0.03818200 0.06225300
v 0.03059600 0.04127900 0.06219900
v 0.03066800 0.04152700 0.06214800
v 0.03079600 0.04128100 0.06214300
v 0.03073200 0.04140400 0.06214500
v 0.03096500 0.04134400 0.06208700
v 0.03106500 0.04134300 0.06205800
v 0.03103300 0.04140500 0.06205900
v 0.03072300 0.04103400 0.06219500
v 0.03092300 0.04103400 0.06213900
v 0.03086000 0.04115800 0.06214100
v 0.03063500 0.04042000 0.06229300
v 0.03103300 0.04041700 0.06218400
v 0.03091100 0.04066500 0.06218800
v 0.03143100 0.04040800 0.06207100
v 0.03137000 0.04053400 0.06207300
v 0.03087600 0.03992800 0.06228400
v 0.03127300 0.03991900 0.06217500
v 0.03115400 0.04016900 0.06218000
v 0.02987500 0.03872300 0.06265500
v 0.03066200 0.03871500 0.06246600
v 0.03043500 0.03920300 0.06247500
v 0.03144800 0.03868500 0.06226200
v 0.03223200 0.03863000 0.06204000
v 0.03201300 0.03914200 0.06204900
v 0.03212300 0.03888600 0.06204500
v 0.03187300 0.03767600 0.06224400
v 0.03244500 0.03811500 0.06203200
v 0.03128700 0.03531300 0.06259400
v 0.03281300 0.03510700 0.06220200
v 0.03245700 0.03614100 0.06221900
v 0.02981400 0.03086300 0.06314800
v 0.03276100 0.03025300 0.06251400
v 0.03224300 0.03229800 0.06254500
v 0.03217800 0.03875800 0.06204300
v 0.03234000 0.03837300 0.06203600
v 0.03155700 0.03843300 0.06225700
v 0.03173000 0.03891400 0.06215800
v 0.03194800 0.03840600 0.06214900
v 0.03184000 0.03866000 0.06215300
v 0.03031200 0.03776300 0.06263800
v 0.03109300 0.03773100 0.06244900
v 0.03088100 0.03822500 0.06245800
v 0.02821900 0.03546300 0.06322300
v 0.02975400 0.03543200 0.06293200
v 0.02937200 0.03637200 0.06294900
v 0.02386000 0.03105300 0.06396800
v 0.02683500 0.03112700 0.06361900
v 0.02622800 0.03280700 0.06364400
v 0.03215100 0.03882200 0.06204400
v 0.03189400 0.03853300 0.06215100
v 0.03198200 0.03877300 0.06210000
v 0.03209000 0.03851800 0.06209500
v 0.03203600 0.03864600 0.06209700
v 0.03176900 0.03792900 0.06224900
v 0.03215900 0.03789500 0.06214000
v 0.03205400 0.03815100 0.06214500
v 0.03072200 0.03679100 0.06262000
v 0.03149700 0.03673500 0.06243100
v 0.03129800 0.03723400 0.06244000
v 0.03206800 0.03901400 0.06204700
v 0.03220500 0.03869400 0.06204200
v 0.03228600 0.03850100 0.06203800
v 0.03219200 0.03872600 0.06204200
v 0.03221400 0.03878600 0.06202900
v 0.03224100 0.03872200 0.06202800
v 0.03222700 0.03875400 0.06202800
v 0.03206300 0.03858200 0.06209600
v 0.03210700 0.03870200 0.06207000
v 0.03216100 0.03857400 0.06206800
v 0.03213400 0.03863800 0.06206900
v 0.03200200 0.03827900 0.06214700
v 0.03219700 0.03826200 0.06209100
v 0.03214400 0.03839000 0.06209300
v 0.03226900 0.03665500 0.06222700
v 0.03284800 0.03707600 0.06201500
v 0.03275000 0.03733700 0.06201900
v 0.03263900 0.03562500 0.06221000
v 0.03194900 0.03331100 0.06256100
v 0.03344800 0.03301200 0.06216900
v 0.03314300 0.03406300 0.06218500
v 0.03236400 0.03639900 0.06222300
v 0.03255900 0.03686600 0.06212300
v 0.03274900 0.03634700 0.06211500
v 0.03265500 0.03660700 0.06211900
v 0.03110500 0.03580800 0.06260300
v 0.03187300 0.03572800 0.06241400
v 0.03168800 0.03623300 0.06242300
v 0.02892800 0.03364800 0.06319200
v 0.03044100 0.03352300 0.06290000
v 0.03011000 0.03448200 0.06291600
v 0.03287300 0.03701100 0.06201400
v 0.03260700 0.03673700 0.06212100
v 0.03270400 0.03697100 0.06207000
v 0.03280000 0.03671100 0.06206500
v 0.03275200 0.03684100 0.06206800
v 0.03217300 0.03691100 0.06223100
v 0.03236200 0.03738200 0.06213200
v 0.03246200 0.03712400 0.06212800
v 0.03277600 0.03677600 0.06206700
v 0.03282400 0.03689300 0.06204000
v 0.03287200 0.03676300 0.06203800
v 0.03284800 0.03682800 0.06203900
v 0.03270200 0.03647700 0.06211700
v 0.03289400 0.03645000 0.06206100
v 0.03284700 0.03658100 0.06206300
v 0.03254900 0.03588400 0.06221400
v 0.03293200 0.03582600 0.06210600
v 0.03284100 0.03608700 0.06211100
v 0.03146200 0.03481600 0.06258600
v 0.03222300 0.03471200 0.06239700
v 0.03205100 0.03522100 0.06240500
v 0.03283600 0.03686100 0.06204000
v 0.03286100 0.03691900 0.06202700
v 0.03288500 0.03685400 0.06202600
v 0.03287300 0.03688700 0.06202600
v 0.03272800 0.03690600 0.06206900
v 0.03277600 0.03702300 0.06204200
v 0.03280000 0.03695800 0.06204100
v 0.03251100 0.03699500 0.06212500
v 0.03260600 0.03723000 0.06207400
v 0.03265500 0.03710100 0.06207200
v 0.03286700 0.03690300 0.06202600
v 0.03287900 0.03693200 0.06202000
v 0.03289100 0.03690000 0.06201900
v 0.03288500 0.03691600 0.06202000
v 0.03281200 0.03692600 0.06204100
v 0.03283600 0.03698400 0.06202800
v 0.03284900 0.03695200 0.06202700
v 0.03298200 0.03458600 0.06219300
v 0.03306300 0.03432500 0.06218900
v 0.03327700 0.03477800 0.06209000
v 0.03344100 0.03425000 0.06208200
v 0.03336000 0.03451400 0.06208600
v 0.03329900 0.03353800 0.06217700
v 0.03251400 0.03127900 0.06252900
v 0.03398400 0.03088900 0.06213800
v 0.03372800 0.03195300 0.06215300
v 0.03069300 0.02706600 0.06309400
v 0.03353700 0.02610700 0.06245700
v 0.03319100 0.02818700 0.06248400
v 0.03179300 0.03381500 0.06256900
v 0.03254700 0.03368800 0.06238000
v 0.03238800 0.03420100 0.06238900
v 0.02954200 0.03179900 0.06316200
v 0.03103200 0.03158200 0.06286900
v 0.03074800 0.03255600 0.06288400
v 0.02488700 0.02797200 0.06393000
v 0.02779800 0.02768700 0.06357300
v 0.02735700 0.02941800 0.06359600
v 0.03322200 0.03380100 0.06218100
v 0.03359700 0.03372000 0.06207400
v 0.03352000 0.03398500 0.06207800
v 0.03209900 0.03280500 0.06255300
v 0.03284700 0.03265500 0.06236400
v 0.03270000 0.03317200 0.06237200
v 0.03298700 0.02922200 0.06249900
v 0.03442800 0.02874400 0.06210800
v 0.03421800 0.02981800 0.06212300
v 0.03432600 0.02928100 0.06211500
v 0.03337400 0.02714800 0.06247100
v 0.03478700 0.02658500 0.06208100
v 0.03461800 0.02766600 0.06209400
v 0.03126800 0.02321400 0.06304800
v 0.03401700 0.02191800 0.06241100
v 0.03381000 0.02401600 0.06243300
v 0.03427200 0.02955000 0.06211900
v 0.03463300 0.02942500 0.06201200
v 0.03457900 0.02969600 0.06201600
v 0.03309100 0.02870500 0.06249200
v 0.03360300 0.02952100 0.06231800
v 0.03381100 0.02846600 0.06230300
v 0.03371000 0.02899400 0.06231000
v 0.03050400 0.02802200 0.06310700
v 0.03153100 0.02961500 0.06283900
v 0.03194500 0.02762700 0.06281100
v 0.03174800 0.02862300 0.06282500
v 0.02562200 0.02480800 0.06389700
v 0.02846000 0.02417700 0.06353300
v 0.02816400 0.02593700 0.06355200
v 0.03410400 0.03035400 0.06213000
v 0.03437800 0.02901300 0.06211200
v 0.03473600 0.02888200 0.06200500
v 0.03468500 0.02915400 0.06200900
v 0.03452600 0.02820500 0.06210100
v 0.03465900 0.02928900 0.06201100
v 0.03467200 0.02922100 0.06201000
v 0.03473600 0.02932500 0.06198400
v 0.03476200 0.02918900 0.06198200
v 0.03474900 0.02925700 0.06198300
v 0.03471100 0.02901800 0.06200700
v 0.03447800 0.02847400 0.06210500
v 0.03483400 0.02833900 0.06199800
v 0.03478600 0.02861000 0.06200200
v 0.03328500 0.02766800 0.06247800
v 0.03399700 0.02740700 0.06228900
v 0.03390600 0.02793700 0.06229600
v 0.03086300 0.02610700 0.06308200
v 0.03228000 0.02562700 0.06278500
v 0.03212200 0.02662800 0.06279800
v 0.03435200 0.02914700 0.06211400
v 0.03447900 0.02935300 0.06206400
v 0.03453200 0.02908300 0.06206100
v 0.03450600 0.02921800 0.06206200
v 0.03376100 0.02873000 0.06230700
v 0.03401800 0.02913800 0.06221500
v 0.03412000 0.02860500 0.06220700
v 0.03407000 0.02887100 0.06221100
v 0.03474300 0.02929100 0.06198400
v 0.03464600 0.02935700 0.06201100
v 0.03472300 0.02939300 0.06198500
v 0.03460600 0.02956000 0.06201400
v 0.03160100 0.01933200 0.06301300
v 0.03426900 0.01770600 0.06237700
v 0.03416700 0.01981300 0.06239200
v 0.03422400 0.01876000 0.06238400
v 0.03554100 0.01786500 0.06199900
v 0.03549400 0.01895900 0.06200600
v 0.03175600 0.01543600 0.06299000
v 0.03436400 0.01348700 0.06235800
v 0.03433200 0.01559600 0.06236600
v 0.03551900 0.01841200 0.06200200
v 0.03430500 0.01665100 0.06237100
v 0.03560500 0.01567500 0.06198700
v 0.03557700 0.01677000 0.06199200
v 0.03556000 0.01731800 0.06199500
v 0.03555100 0.01759100 0.06199700
v 0.03428800 0.01717800 0.06237400
v 0.03490700 0.01778500 0.06219400
v 0.03494300 0.01671100 0.06218800
v 0.03492600 0.01724800 0.06219100
v 0.03173000 0.01641000 0.06299500
v 0.03298700 0.01754500 0.06270900
v 0.03304800 0.01551600 0.06269800
v 0.03302200 0.01653100 0.06270300
v 0.02651400 0.01511200 0.06383300
v 0.02908800 0.01706100 0.06347700
v 0.02914300 0.01527400 0.06346900
v 0.03555600 0.01745400 0.06199600
v 0.03570900 0.01761000 0.06194600
v 0.03571800 0.01733500 0.06194500
v 0.03571400 0.01747200 0.06194500
v 0.03556900 0.01704400 0.06199400
v 0.03559200 0.01622300 0.06198900
v 0.03435100 0.01454100 0.06236100
v 0.03563700 0.01348700 0.06197800
v 0.03562400 0.01458100 0.06198200
v 0.03491700 0.01751700 0.06219200
v 0.03522400 0.01782500 0.06209800
v 0.03524300 0.01728300 0.06209500
v 0.03523400 0.01755400 0.06209600
v 0.03424800 0.01823300 0.06238100
v 0.03486000 0.01886000 0.06220100
v 0.03488500 0.01832300 0.06219800
v 0.03165400 0.01835900 0.06300600
v 0.03288800 0.01957300 0.06272300
v 0.03294300 0.01855900 0.06271600
v 0.02638400 0.01836000 0.06384700
v 0.02887100 0.02062900 0.06350000
v 0.02900000 0.01884600 0.06348700
v 0.03401400 0.01348700 0.06245400
v 0.03401300 0.01348700 0.06245400
v 0.03401200 0.01348700 0.06245400
v 0.02922400 0.01348700 0.06345600
v 0.02437500 0.01348700 0.06406000
v 0.01950400 0.01348700 0.06440200
v 0.01590200 0.01348700 0.06455200
v 0.01230000 0.01348700 0.06464100
v 0.00869800 0.01348700 0.06468400
v 0.00509500 0.01348700 0.06469800
v 0.03177400 0.01446100 0.06298700
v 0.03306700 0.01450100 0.06269500
v 0.03307400 0.01399400 0.06269300
v 0.03371000 0.01452100 0.06253300
v 0.03435800 0.01401400 0.06236000
v 0.03371800 0.01400400 0.06253200
v 0.03372000 0.01374600 0.06253100
v 0.03403800 0.01400900 0.06244700
v 0.03436100 0.01375100 0.06235900
v 0.03404400 0.01348700 0.06244600
v 0.03404100 0.01374800 0.06244600
v 0.03498900 0.01456100 0.06217800
v 0.03563100 0.01403400 0.06198000
v 0.03500200 0.01348700 0.06217400
v 0.03499600 0.01402400 0.06217600
v 0.03372200 0.01361700 0.06253100
v 0.03388100 0.01374700 0.06248900
v 0.03404300 0.01361800 0.06244600
v 0.03388200 0.01361700 0.06248900
v 0.03307700 0.01374100 0.06269200
v 0.03339600 0.01399900 0.06261400
v 0.03339900 0.01374300 0.06261300
v 0.03178100 0.01397400 0.06298500
v 0.03242200 0.01448100 0.06284600
v 0.03242900 0.01398400 0.06284400
v 0.02916000 0.01438000 0.06346700
v 0.03045200 0.01535500 0.06324600
v 0.03047000 0.01442100 0.06324300
v 0.03388300 0.01355200 0.06248800
v 0.03396200 0.01361700 0.06246700
v 0.03404300 0.01355300 0.06244600
v 0.03396300 0.01355200 0.06246700
v 0.03420100 0.01374900 0.06240300
v 0.03436300 0.01361900 0.06235800
v 0.03420400 0.01348700 0.06240200
v 0.03420300 0.01361800 0.06240200
v 0.03467800 0.01401900 0.06226900
v 0.03499900 0.01375600 0.06217500
v 0.03468300 0.01348700 0.06226800
v 0.03468100 0.01375300 0.06226800
v 0.03396300 0.01352000 0.06246700
v 0.03400300 0.01355200 0.06245600
v 0.03404400 0.01352000 0.06244600
v 0.03400300 0.01352000 0.06245600
v 0.03412300 0.01361800 0.06242400
v 0.03420300 0.01355300 0.06240200
v 0.03412400 0.01348700 0.06242400
v 0.03412300 0.01355300 0.06242400
v 0.03400400 0.01350400 0.06245600
v 0.03402300 0.01352000 0.06245100
v 0.03404400 0.01350400 0.06244600
v 0.03402400 0.01348700 0.06245100
v 0.03402400 0.01350400 0.06245100
v 0.03408300 0.01355300 0.06243500
v 0.03412400 0.01352000 0.06242400
v 0.03408400 0.01348700 0.06243500
v 0.03408400 0.01352000 0.06243500
v 0.03400400 0.01349500 0.06245600
v 0.03401400 0.01350400 0.06245400
v 0.03402400 0.01349500 0.06245100
v 0.03401400 0.01349500 0.06245400
v 0.03396400 0.01350400 0.06246700
v 0.03398300 0.01352000 0.06246200
v 0.03398400 0.01350400 0.06246200
v 0.03388300 0.01352000 0.06248800
v 0.03392300 0.01355200 0.06247800
v 0.03392300 0.01352000 0.06247800
v 0.03372200 0.01355200 0.06253000
v 0.03380200 0.01361700 0.06251000
v 0.03380300 0.01355200 0.06250900
v 0.03340000 0.01361500 0.06261300
v 0.03356000 0.01374500 0.06257200
v 0.03356100 0.01361600 0.06257200
v 0.03400400 0.01349100 0.06245600
v 0.03400900 0.01349500 0.06245500
v 0.03401400 0.01349100 0.06245400
v 0.03400900 0.01349100 0.06245500
v 0.03398400 0.01349500 0.06246200
v 0.03399400 0.01350400 0.06245900
v 0.03399400 0.01349500 0.06245900
v 0.03400900 0.01348900 0.06245500
v 0.03401100 0.01349100 0.06245400
v 0.03401400 0.01348900 0.06245400
v 0.03401100 0.01348900 0.06245400
v 0.03401900 0.01349500 0.06245200
v 0.03402400 0.01349100 0.06245100
v 0.03401900 0.01348700 0.06245200
v 0.03401900 0.01349100 0.06245200
v 0.03403400 0.01350400 0.06244800
v 0.03404400 0.01349500 0.06244600
v 0.03403400 0.01348700 0.06244800
v 0.03403400 0.01349500 0.06244800
v 0.03406400 0.01352000 0.06244000
v 0.03408400 0.01350400 0.06243500
v 0.03406400 0.01348700 0.06244000
v 0.03406400 0.01350400 0.06244000
v -0.00000000 0.01348700 0.06469800
v -0.00000000 0.01348700 0.06469800
v -0.00000000 0.01348700 0.06469800
v -0.00000000 0.01348700 0.06469800
v -0.00000000 0.01348700 0.06469800
v -0.00000000 0.01348700 0.06469800
v -0.00000000 0.01348700 0.06469800
v -0.00000000 0.01348700 0.06469800
v -0.00000000 0.01348700 0.06469800
v -0.00000000 0.01348700 0.06469800
v -0.00000000 0.01348700 0.06469800
v -0.00000000 0.01348700 0.06469800
v -0.00000000 0.01348700 0.06469800
v -0.00000000 0.01348700 0.06469800
v -0.00000000 0.01348700 0.06469800
v 0.00529700 0.01283700 0.06469800
v 0.00525700 0.01218800 0.06469800
v 0.00518200 0.01154300 0.06469800
v 0.00506100 0.01090500 0.06469800
v 0.00488600 0.01027900 0.06469800
v 0.00464800 0.00967500 0.06469900
v 0.00434300 0.00910100 0.06469900
v 0.00396800 0.00857000 0.06469900
v 0.00352900 0.00808900 0.06469900
v 0.00303400 0.00766700 0.06470000
v 0.00248900 0.00731000 0.06470000
v 0.00190400 0.00702400 0.06470000
v 0.00128700 0.00681500 0.06470000
v 0.00064900 0.00668500 0.06470000
v 0.01059400 0.01218700 0.06466600
v 0.01051400 0.01088900 0.06466700
v 0.01036500 0.00959900 0.06466800
v 0.01012300 0.00832200 0.06467000
v 0.00977200 0.00707200 0.06467200
v 0.00929700 0.00586300 0.06467400
v 0.00868600 0.00471500 0.06467700
v 0.00793700 0.00365200 0.06467900
v 0.00705900 0.00269100 0.06468100
v 0.00606700 0.00184600 0.06468400
v 0.00497900 0.00113200 0.06468600
v 0.00380700 0.00056200 0.06468700
v 0.00257300 0.00014400 0.06468900
v 0.00129700 -0.00011600 0.06469000
v 0.01589000 0.01153700 0.06455200
v 0.01577100 0.00959000 0.06455600
v 0.01554700 0.00765500 0.06456100
v 0.01518400 0.00574000 0.06456700
v 0.01465800 0.00386400 0.06457500
v 0.01394500 0.00205000 0.06458300
v 0.01302800 0.00032900 0.06459100
v 0.01190500 -0.00126600 0.06460000
v 0.01058800 -0.00270700 0.06460800
v 0.00910100 -0.00397500 0.06461600
v 0.00746800 -0.00504500 0.06462300
v 0.00571100 -0.00590100 0.06462900
v 0.00386000 -0.00652800 0.06463400
v 0.00194600 -0.00691700 0.06463700
v 0.02118400 0.01088700 0.06430700
v 0.02102600 0.00829100 0.06431600
v 0.02072600 0.00571100 0.06432800
v 0.02024300 0.00315700 0.06434400
v 0.01954100 0.00065600 0.06436200
v 0.01859000 -0.00176300 0.06438200
v 0.01736900 -0.00405800 0.06440300
v 0.01587100 -0.00618400 0.06442400
v 0.01411600 -0.00810600 0.06444500
v 0.01213300 -0.00979600 0.06446400
v 0.00995600 -0.01122400 0.06448100
v 0.00761400 -0.01236400 0.06449600
v 0.00514600 -0.01320000 0.06450700
v 0.00259400 -0.01371900 0.06451400
v 0.02646300 0.01023700 0.06383900
v 0.02626500 0.00699400 0.06385700
v 0.02589100 0.00376800 0.06388200
v 0.02528800 0.00057600 0.06391300
v 0.02441100 -0.00255100 0.06394900
v 0.02322400 -0.00557400 0.06398700
v 0.02169900 -0.00844300 0.06402800
v 0.01982800 -0.01110100 0.06406900
v 0.01763600 -0.01350300 0.06410900
v 0.01515900 -0.01561500 0.06414600
v 0.01243900 -0.01739900 0.06418000
v 0.00951300 -0.01882400 0.06420800
v 0.00643000 -0.01986800 0.06422900
v 0.00324100 -0.02051600 0.06424200
v 0.03169700 0.00959000 0.06300000
v 0.03146100 0.00569900 0.06302900
v 0.03101500 0.00182900 0.06307000
v 0.03029400 -0.00200000 0.06312000
v 0.02924600 -0.00575300 0.06317700
v 0.02782600 -0.00938000 0.06323800
v 0.02600000 -0.01282200 0.06330300
v 0.02376000 -0.01601200 0.06336700
v 0.02113400 -0.01889400 0.06342900
v 0.01816800 -0.02142700 0.06348800
v 0.01490900 -0.02356600 0.06354000
v 0.01140300 -0.02527300 0.06358300
v 0.00770700 -0.02652200 0.06361600
v 0.00388600 -0.02729600 0.06363500
v 0.02812400 -0.01499700 0.06271800
v 0.02696400 -0.01112900 0.06327000
v 0.03009700 -0.01127000 0.06264600
v 0.02916600 -0.01316300 0.06268200
v 0.02570300 -0.01845000 0.06278900
v 0.02493100 -0.01445300 0.06333500
v 0.02696900 -0.01676200 0.06275400
v 0.02286400 -0.02157100 0.06285900
v 0.02249300 -0.01749400 0.06339900
v 0.02433300 -0.02005500 0.06282400
v 0.01965600 -0.02431200 0.06292300
v 0.01969000 -0.02020700 0.06345900
v 0.02130300 -0.02299200 0.06289200
v 0.01613100 -0.02662600 0.06298000
v 0.01657200 -0.02254800 0.06351500
v 0.01793000 -0.02552500 0.06295300
v 0.01233800 -0.02847200 0.06302800
v 0.01318300 -0.02447600 0.06356300
v 0.01426400 -0.02761100 0.06300500
v 0.00834000 -0.02982000 0.06306300
v 0.00957500 -0.02595600 0.06360100
v 0.01036000 -0.02921000 0.06304700
v 0.00420500 -0.03065300 0.06308400
v 0.00580800 -0.02696900 0.06362700
v 0.00628500 -0.03030200 0.06307500
v 0.00194700 -0.02750000 0.06363900
v 0.00210700 -0.03087100 0.06308800
v 0.03401400 0.01348700 0.06245400
v 0.03580900 0.01348700 0.06192300
v 0.03579700 0.01127600 0.06192500
v 0.03575800 0.00913000 0.06192900
v 0.03568800 0.00705200 0.06193500
v 0.03558200 0.00504200 0.06194200
v 0.03543800 0.00310200 0.06195100
v 0.03525400 0.00123300 0.06195900
v 0.03503100 -0.00056400 0.06196800
v 0.03490500 -0.00143600 0.06197200
v 0.03483800 -0.00186600 0.06197400
v 0.03480400 -0.00207900 0.06197500
v 0.03478700 -0.00218500 0.06197600
v 0.03476900 -0.00229000 0.06197600
v 0.03403000 -0.00597400 0.06199400
v 0.03352700 -0.00791600 0.06200300
v 0.03323600 -0.00891000 0.06200800
v 0.03307900 -0.00941200 0.06201000
v 0.03299800 -0.00966500 0.06201100
v 0.03295700 -0.00979100 0.06201200
v 0.03293600 -0.00985400 0.06201200
v 0.03292600 -0.00988600 0.06201200
v 0.03292100 -0.00990200 0.06201200
v 0.03291800 -0.00991000 0.06201200
v 0.03291500 -0.00991800 0.06201200
v 0.03243200 -0.01130000 0.06201800
v 0.03203800 -0.01232800 0.06202300
v 0.03179400 -0.01292300 0.06202500
v 0.03166000 -0.01324000 0.06202700
v 0.03158900 -0.01340400 0.06202700
v 0.03155300 -0.01348700 0.06202800
v 0.03153500 -0.01352800 0.06202800
v 0.03152500 -0.01354900 0.06202800
v 0.03151600 -0.01357000 0.06202800
v 0.03060600 -0.01548900 0.06203700
v 0.02973500 -0.01709300 0.06204500
v 0.03276100 -0.00327900 0.06251400
v 0.03069300 -0.00009200 0.06309400
v 0.03353700 0.00086800 0.06245700
v 0.03319100 -0.00121200 0.06248500
v 0.03442800 -0.00176900 0.06210800
v 0.03337400 -0.00017400 0.06247100
v 0.03478700 0.00039000 0.06208100
v 0.03461800 -0.00069100 0.06209400
v 0.03126800 0.00376000 0.06304800
v 0.03401700 0.00505700 0.06241100
v 0.03381000 0.00295800 0.06243300
v 0.03452600 -0.00123000 0.06210100
v 0.03398400 -0.00391400 0.06213800
v 0.03298700 -0.00224700 0.06249900
v 0.03421700 -0.00284400 0.06212300
v 0.03163000 -0.00734200 0.06257800
v 0.02981400 -0.00388900 0.06314800
v 0.03224300 -0.00532300 0.06254500
v 0.03432600 -0.00230700 0.06211500
v 0.03463300 -0.00245000 0.06201200
v 0.03437800 -0.00203800 0.06211200
v 0.03468500 -0.00217900 0.06200900
v 0.03360300 -0.00254600 0.06231800
v 0.03309100 -0.00173000 0.06249200
v 0.03381100 -0.00149100 0.06230300
v 0.03371000 -0.00201900 0.06231000
v 0.03153100 -0.00264000 0.06283900
v 0.03050300 -0.00104800 0.06310700
v 0.03194500 -0.00065300 0.06281100
v 0.03174800 -0.00164800 0.06282500
v 0.02779800 -0.00071200 0.06357300
v 0.02562200 0.00216700 0.06389700
v 0.02846000 0.00279800 0.06353300
v 0.02816400 0.00103700 0.06355200
v 0.02858500 -0.00758500 0.06320700
v 0.03091700 -0.00932600 0.06261200
v 0.03207400 -0.01019200 0.06223600
v 0.03128700 -0.00833800 0.06259400
v 0.03281300 -0.00813200 0.06220200
v 0.03245700 -0.00916700 0.06221900
v 0.03263900 -0.00865000 0.06221000
v 0.03194900 -0.00633600 0.06256100
v 0.03314300 -0.00708800 0.06218500
v 0.03226900 -0.00968100 0.06222700
v 0.03122400 -0.01221000 0.06227100
v 0.03052100 -0.01030400 0.06262900
v 0.03166400 -0.01120700 0.06225300
v 0.03255900 -0.00989100 0.06212300
v 0.03236400 -0.00942400 0.06222300
v 0.03274900 -0.00937300 0.06211500
v 0.03265500 -0.00963200 0.06211900
v 0.03149600 -0.00976000 0.06243100
v 0.03110500 -0.00883400 0.06260300
v 0.03187300 -0.00875300 0.06241400
v 0.03168800 -0.00925800 0.06242300
v 0.02975400 -0.00845700 0.06293300
v 0.02892800 -0.00667300 0.06319200
v 0.03044100 -0.00654800 0.06290000
v 0.03011000 -0.00750700 0.06291600
v 0.02553000 -0.00747800 0.06367000
v 0.02385900 -0.00407800 0.06396800
v 0.02683500 -0.00415200 0.06361900
v 0.02622800 -0.00583200 0.06364400
v 0.03280000 -0.00973600 0.06206500
v 0.03270200 -0.00950300 0.06211700
v 0.03289400 -0.00947500 0.06206100
v 0.03284700 -0.00960600 0.06206300
v 0.03254900 -0.00890900 0.06221400
v 0.03293200 -0.00885200 0.06210600
v 0.03284100 -0.00911200 0.06211100
v 0.03146200 -0.00784100 0.06258600
v 0.03222300 -0.00773700 0.06239700
v 0.03205100 -0.00824600 0.06240600
v 0.03270400 -0.00999600 0.06207000
v 0.03260700 -0.00976200 0.06212100
v 0.03275200 -0.00986600 0.06206800
v 0.03236200 -0.01040700 0.06213200
v 0.03217300 -0.00993700 0.06223100
v 0.03246200 -0.01015000 0.06212800
v 0.03187200 -0.01070100 0.06224400
v 0.03282400 -0.00991800 0.06204000
v 0.03277600 -0.00980100 0.06206700
v 0.03287200 -0.00978800 0.06203800
v 0.03284800 -0.00985300 0.06203900
v 0.03288500 -0.00987900 0.06202600
v 0.03286000 -0.00982100 0.06203900
v 0.03290900 -0.00981400 0.06202500
v 0.03289700 -0.00984700 0.06202500
v 0.03282400 -0.00967100 0.06206400
v 0.03292000 -0.00965700 0.06203600
v 0.03289600 -0.00972300 0.06203700
v 0.03290300 -0.00989200 0.06201900
v 0.03289100 -0.00986300 0.06202500
v 0.03291500 -0.00986000 0.06201800
v 0.03290900 -0.00987600 0.06201900
v 0.03286100 -0.00994500 0.06202700
v 0.03283600 -0.00988600 0.06204000
v 0.03287300 -0.00991200 0.06202600
v 0.03277600 -0.01004900 0.06204300
v 0.03272800 -0.00993100 0.06206900
v 0.03280000 -0.00998400 0.06204100
v 0.03260600 -0.01025600 0.06207400
v 0.03251000 -0.01002100 0.06212500
v 0.03265500 -0.01012600 0.06207200
v 0.03289100 -0.00992500 0.06201900
v 0.03287900 -0.00989600 0.06202600
v 0.03289700 -0.00990900 0.06201900
v 0.03025900 -0.01417500 0.06230600
v 0.02964500 -0.01222300 0.06266400
v 0.03075600 -0.01320000 0.06228800
v 0.03130900 -0.01368400 0.06207500
v 0.03099400 -0.01270600 0.06228000
v 0.03178500 -0.01267600 0.06205800
v 0.03155100 -0.01318200 0.06206600
v 0.03166900 -0.01293000 0.06206200
v 0.03144800 -0.01171000 0.06226200
v 0.03143100 -0.01343400 0.06207100
v 0.03080400 -0.01467800 0.06209200
v 0.03051100 -0.01368900 0.06229700
v 0.03106000 -0.01418300 0.06208400
v 0.02917900 -0.01607900 0.06234200
v 0.02865900 -0.01408800 0.06270000
v 0.02973400 -0.01513500 0.06232400
v 0.03149100 -0.01330800 0.06206800
v 0.03103300 -0.01344200 0.06218400
v 0.03087600 -0.01295300 0.06228400
v 0.03127300 -0.01294500 0.06217500
v 0.03115400 -0.01319400 0.06218000
v 0.03020200 -0.01271200 0.06248400
v 0.02987500 -0.01174800 0.06265500
v 0.03066100 -0.01174100 0.06246600
v 0.03043500 -0.01222800 0.06247500
v 0.02806700 -0.01214700 0.06300000
v 0.02740800 -0.01026100 0.06325400
v 0.02896400 -0.01032600 0.06296600
v 0.02852900 -0.01124300 0.06298300
v 0.02385400 -0.01063300 0.06372200
v 0.02250400 -0.00703100 0.06400800
v 0.02473900 -0.00908100 0.06369600
v 0.03150000 -0.01349300 0.06204300
v 0.03146100 -0.01337100 0.06207000
v 0.03156100 -0.01336700 0.06204000
v 0.03153100 -0.01343000 0.06204200
v 0.03137000 -0.01355900 0.06207300
v 0.03118600 -0.01393400 0.06207900
v 0.03129200 -0.01331400 0.06212600
v 0.03121300 -0.01306900 0.06217700
v 0.03141200 -0.01306300 0.06212100
v 0.03135200 -0.01318900 0.06212400
v 0.03111000 -0.01245900 0.06227500
v 0.03150500 -0.01244300 0.06216600
v 0.03139000 -0.01269400 0.06217100
v 0.03144000 -0.01361900 0.06204500
v 0.03140100 -0.01349600 0.06207200
v 0.03147000 -0.01355600 0.06204400
v 0.03117100 -0.01356300 0.06213000
v 0.03109400 -0.01331800 0.06218200
v 0.03123200 -0.01343900 0.06212800
v 0.03078600 -0.01393700 0.06219300
v 0.03063500 -0.01344500 0.06229300
v 0.03091000 -0.01369000 0.06218800
v 0.02971300 -0.01367000 0.06250200
v 0.02940900 -0.01269500 0.06267300
v 0.02996100 -0.01319300 0.06249300
v 0.03148500 -0.01352500 0.06204300
v 0.02848500 -0.01909700 0.06205800
v 0.02714600 -0.02094900 0.06207100
v 0.02573900 -0.02265000 0.06208400
v 0.02501600 -0.02344400 0.06209100
v 0.02465000 -0.02382700 0.06209500
v 0.02446600 -0.02401500 0.06209600
v 0.02437400 -0.02410900 0.06209700
v 0.02432800 -0.02415500 0.06209800
v 0.02428100 -0.02420100 0.06209800
v 0.02265500 -0.02572600 0.06211400
v 0.02178800 -0.02646200 0.06212200
v 0.02134200 -0.02682200 0.06212600
v 0.02111500 -0.02700100 0.06212800
v 0.02100100 -0.02708900 0.06212900
v 0.02094300 -0.02713400 0.06213000
v 0.02091500 -0.02715600 0.06213000
v 0.02088600 -0.02717800 0.06213000
v 0.01915700 -0.02842000 0.06214600
v 0.01819200 -0.02904500 0.06215500
v 0.01768400 -0.02935600 0.06215900
v 0.01742400 -0.02951100 0.06216100
v 0.01729200 -0.02958900 0.06216200
v 0.01715900 -0.02966600 0.06216300
v 0.01496900 -0.03082600 0.06218000
v 0.01284200 -0.03176800 0.06219300
v 0.01080100 -0.03251700 0.06220500
v 0.00981800 -0.03282700 0.06221000
v 0.00933700 -0.03296700 0.06221200
v 0.00909900 -0.03303300 0.06221300
v 0.00898100 -0.03306500 0.06221300
v 0.00892200 -0.03308100 0.06221400
v 0.00889200 -0.03308900 0.06221400
v 0.00886300 -0.03309700 0.06221400
v 0.00672200 -0.03359600 0.06222300
v 0.00561500 -0.03379800 0.06222700
v 0.00505300 -0.03388700 0.06222900
v 0.00477000 -0.03392800 0.06222900
v 0.00462800 -0.03394700 0.06223000
v 0.00455700 -0.03395700 0.06223000
v 0.00452100 -0.03396200 0.06223000
v 0.00448600 -0.03396600 0.06223000
v 0.00241400 -0.03417600 0.06223500
v -0.00000000 -0.03426100 0.06223700
v 0.02372400 -0.02290200 0.06248200
v 0.02361000 -0.02082500 0.06284200
v 0.02524700 -0.02132900 0.06244800
v 0.02449800 -0.02212800 0.06246600
v 0.02415200 -0.02356300 0.06226400
v 0.02411400 -0.02251800 0.06247400
v 0.02494000 -0.02277500 0.06224800
v 0.02454900 -0.02317200 0.06225600
v 0.02210400 -0.02437700 0.06251500
v 0.02209400 -0.02229300 0.06287500
v 0.02292500 -0.02365200 0.06249900
v 0.02436600 -0.02389200 0.06214700
v 0.02435100 -0.02336800 0.06226000
v 0.02476600 -0.02349700 0.06213900
v 0.02456700 -0.02369500 0.06214300
v 0.02333900 -0.02432700 0.06228100
v 0.02332800 -0.02328000 0.06249100
v 0.02374900 -0.02394800 0.06227300
v 0.02395900 -0.02428000 0.06215500
v 0.02395100 -0.02375600 0.06226800
v 0.02416300 -0.02408700 0.06215100
v 0.02426500 -0.02398900 0.06214900
v 0.02039500 -0.02574700 0.06254600
v 0.02048900 -0.02366500 0.06290800
v 0.02126000 -0.02507500 0.06253100
v 0.02076400 -0.02645900 0.06232700
v 0.02083100 -0.02541500 0.06253900
v 0.02164500 -0.02577500 0.06231200
v 0.02120700 -0.02612100 0.06231900
v 0.01860500 -0.02700600 0.06257600
v 0.01880200 -0.02493200 0.06293800
v 0.01951000 -0.02639100 0.06256100
v 0.02094800 -0.02681300 0.06220800
v 0.02098600 -0.02629100 0.06232300
v 0.02139500 -0.02647200 0.06220100
v 0.02117200 -0.02664300 0.06220400
v 0.01986300 -0.02711400 0.06234100
v 0.01995500 -0.02607200 0.06255400
v 0.02031600 -0.02679000 0.06233400
v 0.02049600 -0.02714700 0.06221500
v 0.02054100 -0.02662500 0.06233100
v 0.02072300 -0.02698100 0.06221200
v 0.02081400 -0.02715800 0.06215000
v 0.02083600 -0.02689700 0.06221000
v 0.02092700 -0.02707400 0.06214800
v 0.02087000 -0.02711600 0.06214900
v 0.02058600 -0.02732500 0.06215400
v 0.02060900 -0.02706400 0.06221400
v 0.02070000 -0.02724200 0.06215200
v 0.02003900 -0.02747400 0.06222200
v 0.02009000 -0.02695300 0.06233800
v 0.02026800 -0.02731100 0.06221900
v 0.01894100 -0.02774000 0.06235600
v 0.01906000 -0.02670200 0.06256900
v 0.01940400 -0.02743100 0.06234900
v 0.01673900 -0.02814800 0.06260300
v 0.01703900 -0.02609000 0.06296700
v 0.01768100 -0.02759200 0.06259000
v 0.01704100 -0.02890300 0.06238200
v 0.01721200 -0.02787400 0.06259700
v 0.01800000 -0.02833700 0.06236900
v 0.01752300 -0.02862400 0.06237600
v 0.01480100 -0.02916900 0.06262800
v 0.01520500 -0.02713400 0.06299300
v 0.01577800 -0.02867400 0.06261600
v 0.01719200 -0.02927800 0.06226200
v 0.01728300 -0.02876400 0.06237900
v 0.01767900 -0.02899600 0.06225600
v 0.01743600 -0.02913800 0.06225900
v 0.01606400 -0.02943800 0.06239500
v 0.01626000 -0.02841500 0.06261000
v 0.01655500 -0.02917400 0.06238800
v 0.01670100 -0.02955200 0.06226800
v 0.01679900 -0.02904000 0.06238500
v 0.01694800 -0.02941600 0.06226500
v 0.00865500 -0.03145800 0.06268500
v 0.00935500 -0.02953100 0.06305600
v 0.01075100 -0.03082600 0.06266900
v 0.00970800 -0.03115900 0.06267800
v 0.00881100 -0.03227100 0.06246200
v 0.00918200 -0.03131300 0.06268100
v 0.00988300 -0.03196600 0.06245400
v 0.00934800 -0.03212300 0.06245800
v 0.00652200 -0.03195700 0.06269700
v 0.00731600 -0.03007800 0.06307000
v 0.00759200 -0.03172400 0.06269100
v 0.00888900 -0.03267400 0.06234000
v 0.00908000 -0.03219800 0.06246000
v 0.00943100 -0.03252500 0.06233700
v 0.00916100 -0.03260100 0.06233800
v 0.00773000 -0.03254100 0.06246800
v 0.00812400 -0.03159600 0.06268800
v 0.00827200 -0.03241000 0.06246500
v 0.00892800 -0.03287500 0.06227700
v 0.00902500 -0.03263800 0.06233900
v 0.00920100 -0.03280100 0.06227500
v 0.00906500 -0.03283800 0.06227600
v 0.00834500 -0.03281500 0.06234300
v 0.00854200 -0.03234100 0.06246300
v 0.00861700 -0.03274500 0.06234200
v 0.00865500 -0.03294700 0.06227800
v 0.00875400 -0.03271000 0.06234100
v 0.00879200 -0.03291100 0.06227700
v 0.00881100 -0.03301200 0.06224500
v 0.00886000 -0.03289300 0.06227700
v 0.00894800 -0.03297500 0.06224400
v 0.00888000 -0.03299300 0.06224500
v 0.00436300 -0.03231900 0.06270500
v 0.00524700 -0.03049400 0.06308000
v 0.00544500 -0.03215500 0.06270200
v 0.00444200 -0.03314400 0.06248100
v 0.00490500 -0.03224100 0.06270300
v 0.00554400 -0.03297800 0.06247800
v 0.00499400 -0.03306600 0.06247900
v 0.00218600 -0.03254300 0.06270900
v 0.00315700 -0.03077900 0.06308600
v 0.00327600 -0.03244800 0.06270800
v 0.00448200 -0.03355400 0.06235900
v 0.00471800 -0.03310600 0.06248000
v 0.00503800 -0.03347500 0.06235800
v 0.00476000 -0.03351600 0.06235800
v 0.00333600 -0.03327500 0.06248300
v 0.00382000 -0.03238800 0.06270600
v 0.00389000 -0.03321400 0.06248200
v 0.00450100 -0.03375900 0.06229500
v 0.00462100 -0.03353500 0.06235900
v 0.00478100 -0.03372000 0.06229500
v 0.00464100 -0.03374000 0.06229500
v 0.00392400 -0.03362500 0.06236000
v 0.00416600 -0.03318000 0.06248200
v 0.00420300 -0.03359100 0.06236000
v 0.00451100 -0.03386100 0.06226300
v 0.00457100 -0.03374900 0.06229500
v 0.00465100 -0.03384200 0.06226300
v 0.00458100 -0.03385100 0.06226300
v 0.00422100 -0.03379500 0.06229600
v 0.00434200 -0.03357300 0.06235900
v 0.00436100 -0.03377700 0.06229600
v 0.00437100 -0.03387900 0.06226300
v 0.00443100 -0.03376800 0.06229600
v 0.00444100 -0.03387000 0.06226300
v -0.00000000 -0.03049400 0.06317700
v -0.00000000 -0.02737700 0.06366500
v -0.00000000 -0.02424200 0.06399500
v -0.00000000 -0.02110100 0.06422500
v -0.00000000 -0.01795800 0.06438500
v -0.00000000 -0.01481300 0.06449200
v -0.00000000 -0.01166800 0.06456500
v -0.00000000 -0.00852300 0.06461900
v -0.00000000 -0.00537800 0.06465600
v -0.00000000 -0.00223400 0.06468000
v -0.00000000 0.00091100 0.06469400
v -0.00000000 0.00405500 0.06469900
v -0.00000000 0.00719900 0.06470000
v -0.00000000 0.01034300 0.06469900
v 0.00509500 0.01348700 0.06469800
v 0.00869800 0.01348700 0.06468400
v 0.01230000 0.01348700 0.06464100
v 0.01590200 0.01348700 0.06455200
v 0.01950400 0.01348700 0.06440200
v 0.02437500 0.01348700 0.06406000
v 0.02922400 0.01348700 0.06345600
v 0.03401200 0.01348700 0.06245400
v 0.03401300 0.01348700 0.06245400
v 0.03426900 0.00926900 0.06237700
v 0.03175600 0.01153900 0.06299000
v 0.03433200 0.01137900 0.06236600
v 0.03435100 0.01243300 0.06236100
v 0.03304800 0.01145900 0.06269800
v 0.03177400 0.01251300 0.06298700
v 0.03306700 0.01247300 0.06269500
v 0.02908800 0.00991300 0.06347700
v 0.02651300 0.01186300 0.06383400
v 0.02914200 0.01170100 0.06346900
v 0.03435800 0.01296000 0.06236000
v 0.03371000 0.01245300 0.06253300
v 0.03307400 0.01298000 0.06269300
v 0.03371700 0.01297000 0.06253200
v 0.03562400 0.01239400 0.06198200
v 0.03436100 0.01322400 0.06235900
v 0.03403800 0.01296500 0.06244700
v 0.03372000 0.01322900 0.06253100
v 0.03404100 0.01322600 0.06244600
v 0.03563100 0.01294100 0.06198000
v 0.03498900 0.01241300 0.06217800
v 0.03499600 0.01295000 0.06217600
v 0.03404200 0.01335700 0.06244600
v 0.03388100 0.01322800 0.06248900
v 0.03372200 0.01335800 0.06253100
v 0.03388200 0.01335700 0.06248900
v 0.03339600 0.01297500 0.06261400
v 0.03307700 0.01323400 0.06269200
v 0.03339900 0.01323100 0.06261300
v 0.03242200 0.01249300 0.06284600
v 0.03178100 0.01300000 0.06298500
v 0.03242800 0.01299000 0.06284400
v 0.03045200 0.01162000 0.06324600
v 0.02915900 0.01259400 0.06346700
v 0.03046900 0.01255400 0.06324300
v 0.03404300 0.01342200 0.06244600
v 0.03396200 0.01335700 0.06246700
v 0.03388300 0.01342200 0.06248800
v 0.03396300 0.01342200 0.06246700
v 0.03436300 0.01335600 0.06235800
v 0.03420100 0.01322500 0.06240300
v 0.03420300 0.01335600 0.06240200
v 0.03499900 0.01321900 0.06217500
v 0.03467800 0.01295500 0.06226900
v 0.03468100 0.01322100 0.06226800
v 0.03404300 0.01345500 0.06244600
v 0.03400300 0.01342200 0.06245600
v 0.03396300 0.01345500 0.06246700
v 0.03400300 0.01345500 0.06245600
v 0.03420300 0.01342200 0.06240200
v 0.03412300 0.01335700 0.06242400
v 0.03412300 0.01342200 0.06242400
v 0.03404400 0.01347100 0.06244600
v 0.03402300 0.01345500 0.06245100
v 0.03400300 0.01347100 0.06245600
v 0.03402400 0.01347100 0.06245100
v 0.03412300 0.01345500 0.06242400
v 0.03408300 0.01342200 0.06243500
v 0.03408300 0.01345500 0.06243500
v 0.03402400 0.01347900 0.06245100
v 0.03401300 0.01347100 0.06245400
v 0.03400400 0.01347900 0.06245600
v 0.03401400 0.01347900 0.06245400
v 0.03398300 0.01345500 0.06246200
v 0.03396300 0.01347100 0.06246700
v 0.03398300 0.01347100 0.06246200
v 0.03392300 0.01342200 0.06247800
v 0.03388300 0.01345500 0.06248800
v 0.03392300 0.01345500 0.06247800
v 0.03380200 0.01335800 0.06251000
v 0.03372200 0.01342300 0.06253000
v 0.03380300 0.01342300 0.06251000
v 0.03356000 0.01323000 0.06257200
v 0.03340000 0.01335900 0.06261300
v 0.03356100 0.01335900 0.06257200
v 0.03401400 0.01348300 0.06245400
v 0.03400900 0.01347900 0.06245500
v 0.03400400 0.01348300 0.06245600
v 0.03400900 0.01348300 0.06245500
v 0.03399300 0.01347100 0.06245900
v 0.03398400 0.01347900 0.06246200
v 0.03399400 0.01347900 0.06245900
v 0.03402400 0.01348300 0.06245100
v 0.03401900 0.01347900 0.06245200
v 0.03401900 0.01348300 0.06245200
v 0.03404400 0.01347900 0.06244600
v 0.03403400 0.01347100 0.06244800
v 0.03403400 0.01347900 0.06244800
v 0.03408400 0.01347100 0.06243500
v 0.03406300 0.01345500 0.06244000
v 0.03406400 0.01347100 0.06244000
v 0.03401900 0.01348500 0.06245200
v 0.03401600 0.01348300 0.06245300
v 0.03401400 0.01348500 0.06245400
v 0.03401600 0.01348500 0.06245300
v -0.03170300 0.00979700 0.06299900
v -0.03149300 0.00611200 0.06302600
v -0.03110100 0.00244500 0.06306300
v -0.03050200 -0.00104700 0.06310700
v -0.02955800 -0.00476400 0.06316100
v -0.02832100 -0.00823900 0.06321900
v -0.02672600 -0.01156600 0.06327900
v -0.02476100 -0.01468900 0.06334000
v -0.02243500 -0.01755400 0.06340000
v -0.01978300 -0.02012500 0.06345800
v -0.01684600 -0.02236400 0.06351100
v -0.01366500 -0.02423400 0.06355700
v -0.01027800 -0.02570700 0.06359500
v -0.00673900 -0.02676400 0.06362200
v -0.00310100 -0.02739100 0.06363800
v -0.02646900 0.01041100 0.06383900
v -0.02629300 0.00733800 0.06385500
v -0.02596400 0.00428100 0.06387800
v -0.02546200 0.00137100 0.06390500
v -0.02467200 -0.00172700 0.06393900
v -0.02363800 -0.00462300 0.06397500
v -0.02230500 -0.00739600 0.06401300
v -0.02066400 -0.00999800 0.06405200
v -0.01872200 -0.01238700 0.06409000
v -0.01650800 -0.01453000 0.06412700
v -0.01405600 -0.01639600 0.06416100
v -0.01140100 -0.01795700 0.06419100
v -0.00857500 -0.01918600 0.06421500
v -0.00562200 -0.02007000 0.06423400
v -0.00258700 -0.02059600 0.06424400
v -0.02118700 0.01102600 0.06430700
v -0.02104700 0.00856800 0.06431500
v -0.02078300 0.00612200 0.06432600
v -0.02038100 0.00379400 0.06434000
v -0.01974900 0.00131500 0.06435800
v -0.01892100 -0.00100100 0.06437600
v -0.01785400 -0.00321900 0.06439500
v -0.01654000 -0.00530100 0.06441500
v -0.01498500 -0.00721200 0.06443500
v -0.01321200 -0.00892600 0.06445400
v -0.01125000 -0.01042000 0.06447100
v -0.00912500 -0.01166900 0.06448700
v -0.00686300 -0.01265300 0.06450000
v -0.00449900 -0.01336000 0.06450900
v -0.00207000 -0.01378200 0.06451500
v -0.01589300 0.01164100 0.06455200
v -0.01578800 0.00979700 0.06455600
v -0.01559000 0.00796300 0.06456000
v -0.01528900 0.00621700 0.06456600
v -0.01481400 0.00435800 0.06457300
v -0.01419300 0.00262100 0.06458000
v -0.01339300 0.00095700 0.06458800
v -0.01240700 -0.00060400 0.06459600
v -0.01124000 -0.00203700 0.06460400
v -0.00991100 -0.00332300 0.06461200
v -0.00843900 -0.00444300 0.06461900
v -0.00684400 -0.00538000 0.06462600
v -0.00514800 -0.00611800 0.06463100
v -0.00337500 -0.00664900 0.06463500
v -0.00155300 -0.00696600 0.06463700
v -0.01059600 0.01225600 0.06466600
v -0.01052500 0.01102700 0.06466700
v -0.01039400 0.00980400 0.06466800
v -0.01019300 0.00864000 0.06467000
v -0.00987600 0.00740100 0.06467200
v -0.00946200 0.00624300 0.06467400
v -0.00892900 0.00513400 0.06467600
v -0.00827100 0.00409300 0.06467800
v -0.00749400 0.00313800 0.06468000
v -0.00660700 0.00228100 0.06468300
v -0.00562600 0.00153400 0.06468500
v -0.00456300 0.00091000 0.06468600
v -0.00343200 0.00041700 0.06468800
v -0.00225000 0.00006300 0.06468900
v -0.00103500 -0.00014800 0.06469000
v -0.00529700 0.01287200 0.06469800
v -0.00526200 0.01225700 0.06469800
v -0.00519600 0.01164600 0.06469800
v -0.00509600 0.01106400 0.06469800
v -0.00493800 0.01044400 0.06469800
v -0.00473100 0.00986500 0.06469900
v -0.00446400 0.00931100 0.06469900
v -0.00413500 0.00879100 0.06469900
v -0.00374700 0.00831300 0.06469900
v -0.00330300 0.00788400 0.06470000
v -0.00281300 0.00751100 0.06470000
v -0.00228100 0.00719900 0.06470000
v -0.00171600 0.00695300 0.06470000
v -0.00112500 0.00677600 0.06470000
v -0.00051800 0.00667000 0.06470000
v -0.00000000 0.01348700 0.06469800
v -0.00000000 0.01348700 0.06469800
v -0.00000000 0.01348700 0.06469800
v -0.00000000 0.01348700 0.06469800
v -0.00000000 0.01348700 0.06469800
v -0.00000000 0.01348700 0.06469800
v -0.00000000 0.01348700 0.06469800
v -0.00000000 0.01348700 0.06469800
v -0.00000000 0.01348700 0.06469800
v -0.00000000 0.01348700 0.06469800
v -0.00000000 0.01348700 0.06469800
v -0.00000000 0.01348700 0.06469800
v -0.00000000 0.01348700 0.06469800
v -0.00000000 0.01348700 0.06469800
v -0.00000000 0.01348700 0.06469800
v -0.02579000 -0.01315700 0.06330900
v -0.02678600 -0.01701900 0.06275900
v -0.02891000 -0.01363800 0.06269100
v -0.02789800 -0.01536000 0.06272500
v -0.02364100 -0.01615700 0.06337000
v -0.02427100 -0.02012100 0.06282600
v -0.02557500 -0.01860800 0.06279300
v -0.02114700 -0.01887900 0.06342900
v -0.02140300 -0.02290400 0.06289000
v -0.02287800 -0.02155500 0.06285900
v -0.01834800 -0.02128800 0.06348500
v -0.01822700 -0.02532700 0.06294800
v -0.01985100 -0.02416300 0.06292000
v -0.01528400 -0.02334700 0.06353500
v -0.01478600 -0.02735000 0.06299900
v -0.01653700 -0.02639000 0.06297500
v -0.01199400 -0.02502200 0.06357700
v -0.01112200 -0.02894200 0.06304000
v -0.01297700 -0.02820100 0.06302100
v -0.00852400 -0.02628800 0.06361000
v -0.00729200 -0.03008200 0.06307000
v -0.00922400 -0.02956900 0.06305700
v -0.00492900 -0.02713200 0.06363200
v -0.00335600 -0.03075600 0.06308600
v -0.00533400 -0.03047800 0.06308000
v -0.00126200 -0.02754000 0.06364000
v -0.00136500 -0.03091400 0.06308800
v -0.03580900 0.01348700 0.06192300
v -0.03143500 0.01348700 0.06305700
v -0.02698100 0.01348700 0.06377600
v -0.02249500 0.01348700 0.06421700
v -0.01799700 0.01348700 0.06447300
v -0.01349800 0.01348700 0.06461700
v -0.00899800 0.01348700 0.06468200
v -0.00449900 0.01348700 0.06469900
v -0.00000000 0.01034300 0.06469900
v -0.00000000 0.00719900 0.06470000
v -0.00000000 0.00405500 0.06469900
v -0.00000000 0.00091100 0.06469400
v -0.00000000 -0.00223400 0.06468000
v -0.00000000 -0.00537800 0.06465600
v -0.00000000 -0.00852300 0.06461900
v -0.00000000 -0.01166800 0.06456500
v -0.00000000 -0.01481300 0.06449200
v -0.00000000 -0.01795800 0.06438500
v -0.00000000 -0.02110100 0.06422500
v -0.00000000 -0.02424200 0.06399500
v -0.00000000 -0.02737700 0.06366500
v -0.00000000 -0.03049400 0.06317700
v -0.00000000 -0.03426100 0.06223700
v -0.00241700 -0.03417500 0.06223500
v -0.00349600 -0.03408200 0.06223300
v -0.00400400 -0.03402600 0.06223100
v -0.00424900 -0.03399700 0.06223100
v -0.00437000 -0.03398100 0.06223100
v -0.00443000 -0.03397400 0.06223000
v -0.00445900 -0.03397000 0.06223000
v -0.00448900 -0.03396600 0.06223000
v -0.00673000 -0.03359500 0.06222300
v -0.00781600 -0.03335900 0.06221900
v -0.00834900 -0.03323000 0.06221600
v -0.00861400 -0.03316300 0.06221500
v -0.00874500 -0.03312800 0.06221500
v -0.00881100 -0.03311100 0.06221400
v -0.00884400 -0.03310200 0.06221400
v -0.00887700 -0.03309300 0.06221400
v -0.01081500 -0.03251300 0.06220500
v -0.01285500 -0.03176300 0.06219300
v -0.01498200 -0.03082000 0.06217900
v -0.01607000 -0.03026800 0.06217200
v -0.01662000 -0.02997000 0.06216700
v -0.01689500 -0.02981600 0.06216500
v -0.01703300 -0.02973800 0.06216400
v -0.01717200 -0.02965800 0.06216300
v -0.01917200 -0.02841000 0.06214600
v -0.02007000 -0.02778400 0.06213800
v -0.02049500 -0.02747300 0.06213400
v -0.02070100 -0.02731900 0.06213200
v -0.02080200 -0.02724200 0.06213100
v -0.02085300 -0.02720300 0.06213100
v -0.02087800 -0.02718400 0.06213000
v -0.02090300 -0.02716500 0.06213000
v -0.02266800 -0.02571400 0.06211400
v -0.02349800 -0.02496000 0.06210600
v -0.02390000 -0.02457700 0.06210200
v -0.02409700 -0.02438500 0.06210000
v -0.02419500 -0.02428800 0.06209900
v -0.02424400 -0.02423900 0.06209900
v -0.02429200 -0.02419100 0.06209800
v -0.02574700 -0.02264100 0.06208400
v -0.02715100 -0.02094300 0.06207100
v -0.02848700 -0.01909300 0.06205800
v -0.02973500 -0.01709300 0.06204500
v -0.00236200 -0.03085000 0.06308800
v -0.00141700 -0.03258800 0.06270900
v -0.00348200 -0.03242600 0.06270700
v -0.00245100 -0.03252200 0.06270900
v -0.00434700 -0.03063200 0.06308400
v -0.00553500 -0.03213900 0.06270100
v -0.00451100 -0.03229800 0.06270500
v -0.00399700 -0.03236600 0.06270600
v -0.00354600 -0.03325300 0.06248300
v -0.00459300 -0.03312400 0.06248100
v -0.00407000 -0.03319200 0.06248200
v -0.00433100 -0.03315900 0.06248100
v -0.00410600 -0.03360300 0.06236000
v -0.00463300 -0.03353400 0.06235900
v -0.00437000 -0.03356900 0.06235900
v -0.00502400 -0.03222300 0.06270300
v -0.00563500 -0.03296200 0.06247700
v -0.00511500 -0.03304700 0.06247900
v -0.00631600 -0.03029500 0.06307600
v -0.00756700 -0.03173000 0.06269200
v -0.00655400 -0.03195000 0.06269700
v -0.00423800 -0.03358600 0.06236000
v -0.00412400 -0.03380700 0.06229600
v -0.00438900 -0.03377400 0.06229600
v -0.00425600 -0.03379100 0.06229600
v -0.00380800 -0.03322400 0.06248300
v -0.00357700 -0.03366400 0.06236100
v -0.00384100 -0.03363400 0.06236100
v -0.00296700 -0.03247800 0.06270800
v -0.00249500 -0.03335100 0.06248500
v -0.00302100 -0.03330600 0.06248400
v -0.00450200 -0.03355200 0.06235900
v -0.00465400 -0.03373800 0.06229500
v -0.00452100 -0.03375600 0.06229500
v -0.00485400 -0.03308600 0.06248000
v -0.00516000 -0.03345600 0.06235700
v -0.00489700 -0.03349600 0.06235800
v -0.00445500 -0.03376500 0.06229600
v -0.00439800 -0.03387600 0.06226300
v -0.00453100 -0.03385800 0.06226300
v -0.00446500 -0.03386700 0.06226300
v -0.00826200 -0.02984000 0.06306400
v -0.00957200 -0.03119900 0.06267900
v -0.00857300 -0.03147900 0.06268600
v -0.00807100 -0.03160800 0.06268900
v -0.00770400 -0.03254700 0.06246800
v -0.00872900 -0.03229200 0.06246200
v -0.00821800 -0.03242300 0.06246500
v -0.00847300 -0.03235900 0.06246400
v -0.00829000 -0.03282800 0.06234400
v -0.00880600 -0.03269600 0.06234100
v -0.00854900 -0.03276300 0.06234200
v -0.00907400 -0.03134300 0.06268200
v -0.00974500 -0.03200700 0.06245500
v -0.00923800 -0.03215300 0.06245900
v -0.01017700 -0.02927000 0.06304900
v -0.01154100 -0.03054900 0.06266200
v -0.01056100 -0.03088900 0.06267100
v -0.00867700 -0.03273000 0.06234100
v -0.00858600 -0.03296400 0.06227900
v -0.00884500 -0.03289700 0.06227700
v -0.00871600 -0.03293100 0.06227800
v -0.00898400 -0.03222400 0.06246100
v -0.00932000 -0.03255600 0.06233700
v -0.00906300 -0.03262700 0.06233900
v -0.00878000 -0.03291400 0.06227800
v -0.00873500 -0.03303100 0.06224600
v -0.00886400 -0.03299800 0.06224500
v -0.00879900 -0.03301500 0.06224500
v -0.00893500 -0.03266200 0.06234000
v -0.00910300 -0.03282800 0.06227600
v -0.00897400 -0.03286300 0.06227600
v -0.01566800 -0.02688400 0.06298700
v -0.01534300 -0.02889900 0.06262200
v -0.01716000 -0.02790400 0.06259700
v -0.01625900 -0.02841500 0.06261000
v -0.01580300 -0.02866100 0.06261600
v -0.01562100 -0.02966700 0.06240000
v -0.01655300 -0.02917500 0.06238800
v -0.01608900 -0.02942500 0.06239400
v -0.01388800 -0.02778900 0.06301000
v -0.01346700 -0.02978200 0.06264300
v -0.01441100 -0.02935500 0.06263300
v -0.01671100 -0.02816300 0.06260400
v -0.01747000 -0.02865500 0.06237600
v -0.01701400 -0.02891800 0.06238300
v -0.01739000 -0.02587100 0.06296200
v -0.01891400 -0.02680000 0.06257100
v -0.01804500 -0.02736500 0.06258500
v -0.01678400 -0.02904800 0.06238600
v -0.01670000 -0.02955300 0.06226800
v -0.01716500 -0.02929400 0.06226300
v -0.01693300 -0.02942400 0.06226600
v -0.01904800 -0.02475700 0.06293400
v -0.02059800 -0.02559300 0.06254300
v -0.01976500 -0.02620900 0.06255700
v -0.02018400 -0.02590400 0.06255000
v -0.02012200 -0.02693000 0.06233700
v -0.02097100 -0.02630200 0.06232300
v -0.02054900 -0.02661900 0.06233000
v -0.02063600 -0.02354500 0.06290500
v -0.02220900 -0.02428700 0.06251300
v -0.02141300 -0.02495200 0.06252800
v -0.02033600 -0.02677500 0.06233400
v -0.02030100 -0.02728800 0.06221800
v -0.02073100 -0.02697500 0.06221200
v -0.02051600 -0.02713200 0.06221500
v -0.01934100 -0.02650800 0.06256400
v -0.01925600 -0.02753100 0.06235100
v -0.01969100 -0.02723400 0.06234400
v -0.02062400 -0.02705400 0.06221300
v -0.02060600 -0.02731000 0.06215300
v -0.02082200 -0.02715200 0.06215000
v -0.02071400 -0.02723100 0.06215200
v -0.02076000 -0.02646100 0.06232700
v -0.02115600 -0.02665500 0.06220500
v -0.02094400 -0.02681600 0.06220800
v -0.02100800 -0.02527500 0.06253600
v -0.02180000 -0.02565000 0.06230900
v -0.02138800 -0.02597900 0.06231600
v -0.02083800 -0.02689500 0.06221000
v -0.02103600 -0.02699200 0.06214600
v -0.02092900 -0.02707200 0.06214800
v -0.02087600 -0.02711200 0.06214900
v -0.02215100 -0.02224100 0.06287400
v -0.02373900 -0.02288700 0.06248200
v -0.02298400 -0.02359800 0.06249800
v -0.02336400 -0.02324500 0.06249000
v -0.02339900 -0.02427200 0.06227900
v -0.02416800 -0.02354800 0.06226400
v -0.02378600 -0.02391300 0.06227200
v -0.02358500 -0.02084900 0.06284200
v -0.02518400 -0.02139800 0.06245000
v -0.02447200 -0.02215300 0.06246600
v -0.02397800 -0.02373100 0.06226800
v -0.02399700 -0.02424400 0.06215400
v -0.02438200 -0.02387600 0.06214700
v -0.02419000 -0.02406100 0.06215000
v -0.02410800 -0.02252300 0.06247400
v -0.02491400 -0.02280100 0.06224900
v -0.02454400 -0.02317700 0.06225600
v -0.02409400 -0.02415300 0.06215200
v -0.02359400 -0.02409300 0.06227600
v -0.02360700 -0.02460700 0.06216200
v -0.02380200 -0.02442600 0.06215800
v -0.02259900 -0.02394500 0.06250600
v -0.02261000 -0.02497300 0.06229400
v -0.02300700 -0.02462500 0.06228700
v -0.02428600 -0.02396900 0.06214900
v -0.02435600 -0.02336300 0.06226000
v -0.02476100 -0.02350200 0.06213900
v -0.02457200 -0.02369000 0.06214300
v -0.03059900 -0.01550200 0.06203700
v -0.03105300 -0.01458200 0.06203300
v -0.03128300 -0.01409000 0.06203000
v -0.03139800 -0.01383600 0.06202900
v -0.03145600 -0.01370700 0.06202900
v -0.03148500 -0.01364200 0.06202800
v -0.03149900 -0.01360900 0.06202800
v -0.03150600 -0.01359300 0.06202800
v -0.03151400 -0.01357600 0.06202800
v -0.03242400 -0.01132300 0.06201900
v -0.03271500 -0.01051000 0.06201500
v -0.03282600 -0.01018500 0.06201400
v -0.03287400 -0.01004300 0.06201300
v -0.03289500 -0.00997800 0.06201300
v -0.03290600 -0.00994600 0.06201300
v -0.03291100 -0.00993000 0.06201200
v -0.03291400 -0.00992300 0.06201200
v -0.03291500 -0.00991900 0.06201200
v -0.03291600 -0.00991500 0.06201200
v -0.03350100 -0.00801100 0.06200300
v -0.03400100 -0.00609600 0.06199400
v -0.03442400 -0.00417700 0.06198500
v -0.03460800 -0.00321700 0.06198100
v -0.03469300 -0.00273800 0.06197900
v -0.03473400 -0.00249800 0.06197700
v -0.03475400 -0.00237800 0.06197700
v -0.03476400 -0.00231800 0.06197700
v -0.03477400 -0.00225800 0.06197600
v -0.03507900 -0.00019100 0.06196700
v -0.03531000 0.00180700 0.06195800
v -0.03548300 0.00373400 0.06195000
v -0.03555000 0.00467100 0.06194600
v -0.03558000 0.00513300 0.06194500
v -0.03559400 0.00536200 0.06194400
v -0.03560100 0.00547600 0.06194300
v -0.03560400 0.00553300 0.06194300
v -0.03560600 0.00556100 0.06194300
v -0.03560700 0.00557600 0.06194300
v -0.03560800 0.00559000 0.06194300
v -0.03574800 0.00887300 0.06193100
v -0.03579300 0.01101500 0.06192500
v -0.02756900 -0.00992500 0.06324900
v -0.03063200 -0.01003500 0.06262400
v -0.02982100 -0.01186000 0.06265800
v -0.02937700 -0.01275500 0.06267400
v -0.02999400 -0.01466800 0.06231600
v -0.03093800 -0.01282300 0.06228200
v -0.03047900 -0.01375200 0.06229900
v -0.03071200 -0.01328900 0.06229000
v -0.03102700 -0.01424700 0.06208500
v -0.03149500 -0.01330100 0.06206800
v -0.03126400 -0.01377600 0.06207700
v -0.03023900 -0.01095300 0.06264100
v -0.03177900 -0.01092800 0.06224800
v -0.03137200 -0.01188100 0.06226500
v -0.02898200 -0.00651700 0.06319000
v -0.03196800 -0.00627200 0.06256000
v -0.03134600 -0.00817000 0.06259200
v -0.03138000 -0.01353900 0.06207300
v -0.03115800 -0.01235400 0.06227300
v -0.03193500 -0.01234200 0.06205200
v -0.03171800 -0.01282300 0.06206000
v -0.03132200 -0.01365700 0.06207500
v -0.03082600 -0.01305600 0.06228600
v -0.03098800 -0.01353300 0.06218600
v -0.03121700 -0.01306200 0.06217700
v -0.03110300 -0.01329800 0.06218200
v -0.02960200 -0.01230900 0.06266600
v -0.02992900 -0.01325500 0.06249500
v -0.03038000 -0.01234200 0.06247800
v -0.03015800 -0.01280000 0.06248600
v -0.02715900 -0.01075200 0.06326400
v -0.02782000 -0.01260300 0.06300900
v -0.02869700 -0.01089400 0.06297700
v -0.02827100 -0.01175500 0.06299300
v -0.02301000 -0.00602800 0.06399400
v -0.02452100 -0.00948200 0.06370300
v -0.02598500 -0.00643200 0.06365400
v -0.02529500 -0.00797700 0.06367800
v -0.03114700 -0.01401200 0.06208100
v -0.03024000 -0.01421200 0.06230700
v -0.03078400 -0.01471500 0.06209300
v -0.02841600 -0.01450600 0.06270800
v -0.02894500 -0.01645600 0.06234900
v -0.02948300 -0.01557000 0.06233200
v -0.03135100 -0.01359800 0.06207400
v -0.03139100 -0.01371700 0.06204700
v -0.03144900 -0.01359900 0.06204500
v -0.03142000 -0.01365800 0.06204600
v -0.03143800 -0.01342000 0.06207000
v -0.03160700 -0.01306200 0.06206400
v -0.03104600 -0.01341500 0.06218400
v -0.03112600 -0.01365400 0.06213200
v -0.03124200 -0.01341800 0.06212800
v -0.03118400 -0.01353600 0.06213000
v -0.03059600 -0.01352100 0.06229400
v -0.03075300 -0.01400000 0.06219400
v -0.03087200 -0.01376700 0.06219000
v -0.03140900 -0.01347900 0.06207100
v -0.03150700 -0.01348000 0.06204200
v -0.03147800 -0.01353900 0.06204300
v -0.03116000 -0.01318000 0.06217900
v -0.03135600 -0.01318200 0.06212300
v -0.03129900 -0.01330000 0.06212600
v -0.03104900 -0.01258900 0.06227800
v -0.03143800 -0.01258900 0.06216900
v -0.03132800 -0.01282600 0.06217300
v -0.03003300 -0.01140800 0.06264900
v -0.03080600 -0.01141800 0.06246100
v -0.03059600 -0.01188200 0.06246900
v -0.02795600 -0.00908700 0.06323400
v -0.02947900 -0.00913800 0.06294500
v -0.02910000 -0.01002100 0.06296100
v -0.03146400 -0.01356900 0.06204400
v -0.03100100 -0.00910700 0.06260800
v -0.03251900 -0.00899200 0.06221600
v -0.03216100 -0.00996500 0.06223200
v -0.03197300 -0.01044800 0.06224000
v -0.03254800 -0.01088200 0.06202800
v -0.03234300 -0.00947900 0.06222400
v -0.03166800 -0.00722500 0.06257600
v -0.03316300 -0.00702200 0.06218400
v -0.03285300 -0.00801100 0.06220000
v -0.03007100 -0.00291600 0.06313300
v -0.03298600 -0.00224700 0.06249900
v -0.03252100 -0.00427100 0.06252900
v -0.03268900 -0.00850200 0.06220800
v -0.03225300 -0.00972200 0.06222800
v -0.03245000 -0.01017800 0.06212800
v -0.03263400 -0.00968800 0.06212000
v -0.03254300 -0.00993300 0.06212400
v -0.03117600 -0.00863900 0.06260000
v -0.03158200 -0.00953600 0.06242800
v -0.03193300 -0.00858200 0.06241100
v -0.03176100 -0.00906000 0.06241900
v -0.02866200 -0.00738200 0.06320400
v -0.03016700 -0.00734400 0.06291400
v -0.02983400 -0.00824600 0.06292900
v -0.02419100 -0.00318800 0.06395700
v -0.02712100 -0.00324600 0.06360700
v -0.02659200 -0.00485300 0.06363000
v -0.03290100 -0.00995800 0.06201300
v -0.03243200 -0.00923600 0.06222000
v -0.03281100 -0.00919600 0.06211200
v -0.03272300 -0.00944300 0.06211600
v -0.03258900 -0.00981100 0.06212200
v -0.03268800 -0.01003900 0.06207000
v -0.03277900 -0.00979200 0.06206600
v -0.03273400 -0.00991600 0.06206800
v -0.03267900 -0.00956500 0.06211800
v -0.03286900 -0.00954600 0.06206300
v -0.03282400 -0.00966900 0.06206400
v -0.03275600 -0.00985400 0.06206700
v -0.03280600 -0.00996800 0.06204100
v -0.03285100 -0.00984400 0.06203900
v -0.03282900 -0.00990600 0.06204000
v -0.03284000 -0.00987500 0.06204000
v -0.03286500 -0.00993200 0.06202700
v -0.03288800 -0.00987000 0.06202600
v -0.03287600 -0.00990100 0.06202600
v -0.03280200 -0.00973100 0.06206500
v -0.03289700 -0.00972100 0.06203700
v -0.03287400 -0.00978300 0.06203800
v -0.03287100 -0.00991700 0.06202600
v -0.03288300 -0.00994500 0.06202000
v -0.03289400 -0.00991400 0.06201900
v -0.03288900 -0.00993000 0.06201900
v -0.03281700 -0.00993700 0.06204100
v -0.03284200 -0.00999400 0.06202800
v -0.03285400 -0.00996300 0.06202700
v -0.03271100 -0.00997700 0.06206900
v -0.03276000 -0.01009100 0.06204300
v -0.03285500 -0.01008200 0.06201500
v -0.03278300 -0.01003000 0.06204200
v -0.03249700 -0.01005600 0.06212600
v -0.03259500 -0.01028400 0.06207500
v -0.03278600 -0.01026700 0.06201800
v -0.03264100 -0.01016200 0.06207200
v -0.03206800 -0.01020600 0.06223600
v -0.03226100 -0.01066500 0.06213600
v -0.03264400 -0.01063700 0.06202400
v -0.03235600 -0.01042200 0.06213200
v -0.03081900 -0.00957200 0.06261600
v -0.03120600 -0.01048200 0.06244400
v -0.03139700 -0.01001100 0.06243600
v -0.03288200 -0.00988600 0.06202600
v -0.03290600 -0.00988300 0.06201900
v -0.03290000 -0.00989900 0.06201900
v -0.03286300 -0.00981400 0.06203900
v -0.03291000 -0.00980900 0.06202500
v -0.03289900 -0.00983900 0.06202500
v -0.03289700 -0.00990700 0.06201900
v -0.03290300 -0.00992100 0.06201600
v -0.03290900 -0.00990500 0.06201600
v -0.03290600 -0.00991300 0.06201600
v -0.03276400 -0.00326100 0.06251400
v -0.03373600 -0.00494400 0.06215300
v -0.03421700 -0.00284400 0.06212300
v -0.03398800 -0.00389600 0.06213800
v -0.03083200 0.00069400 0.06308400
v -0.03363100 0.00153400 0.06245000
v -0.03334100 -0.00036100 0.06247300
v -0.03317200 -0.00130500 0.06248600
v -0.03458500 -0.00088600 0.06209700
v -0.03441000 -0.00186600 0.06211000
v -0.03431600 -0.00235500 0.06211600
v -0.03436300 -0.00211100 0.06211300
v -0.03462300 -0.00249900 0.06201300
v -0.03471800 -0.00200600 0.06200700
v -0.03467100 -0.00225300 0.06201000
v -0.03449900 -0.00137700 0.06210300
v -0.03349400 0.00058500 0.06246100
v -0.03488400 0.00108100 0.06207300
v -0.03474300 0.00009600 0.06208500
v -0.03132300 0.00427500 0.06304300
v -0.03405300 0.00550400 0.06240700
v -0.03387000 0.00351600 0.06242700
v -0.03308100 -0.00177700 0.06249300
v -0.03360300 -0.00254600 0.06231800
v -0.03379200 -0.00158600 0.06230500
v -0.03370000 -0.00206600 0.06231100
v -0.03067500 -0.00017700 0.06309500
v -0.03174700 -0.00164800 0.06282500
v -0.03209000 0.00016600 0.06280000
v -0.03192700 -0.00074200 0.06281200
v -0.02573800 0.00282200 0.06389100
v -0.02798800 0.00016100 0.06356300
v -0.02853900 0.00336300 0.06352700
v -0.02829200 0.00175800 0.06354400
v -0.03464700 -0.00237600 0.06201100
v -0.03426700 -0.00260000 0.06211900
v -0.03452300 -0.00299200 0.06202000
v -0.03457400 -0.00274600 0.06201600
v -0.03410500 -0.00337100 0.06213000
v -0.03469400 -0.00212900 0.06200800
v -0.03445500 -0.00162200 0.06210600
v -0.03480800 -0.00151200 0.06200000
v -0.03476300 -0.00175900 0.06200300
v -0.03325900 -0.00083400 0.06248000
v -0.03396400 -0.00062400 0.06229200
v -0.03388000 -0.00110600 0.06229800
v -0.03396800 0.00450900 0.06241700
v -0.03531900 0.00520200 0.06203000
v -0.03523200 0.00416900 0.06203900
v -0.03161700 0.00795400 0.06301100
v -0.03427700 0.00949300 0.06237600
v -0.03418600 0.00749800 0.06239000
v -0.03527700 0.00468600 0.06203400
v -0.03412500 0.00650000 0.06239800
v -0.03545600 0.00727100 0.06201200
v -0.03539300 0.00623600 0.06202000
v -0.03535800 0.00571900 0.06202500
v -0.03533900 0.00546100 0.06202700
v -0.03409000 0.00600200 0.06240300
v -0.03468700 0.00535300 0.06222500
v -0.03476000 0.00636800 0.06221600
v -0.03472500 0.00586000 0.06222000
v -0.03156100 0.00703200 0.06301800
v -0.03277700 0.00580800 0.06273700
v -0.03290600 0.00772500 0.06272100
v -0.03284700 0.00676600 0.06272900
v -0.02639700 0.00887300 0.06384600
v -0.02890000 0.00672500 0.06349700
v -0.02909300 0.01010400 0.06347600
v -0.02901500 0.00841300 0.06348600
v -0.03534800 0.00559000 0.06202600
v -0.03549600 0.00542400 0.06197600
v -0.03551500 0.00568400 0.06197400
v -0.03550600 0.00555400 0.06197500
v -0.03537600 0.00597800 0.06202300
v -0.03542600 0.00675300 0.06201600
v -0.03423600 0.00849500 0.06238300
v -0.03550700 0.00830700 0.06200400
v -0.03175600 0.01164300 0.06299000
v -0.03433400 0.01149100 0.06236500
v -0.03470700 0.00560700 0.06222200
v -0.03500300 0.00527700 0.06212900
v -0.03504200 0.00579000 0.06212400
v -0.03502300 0.00553400 0.06212600
v -0.03401200 0.00500700 0.06241200
v -0.03460100 0.00433900 0.06223400
v -0.03464600 0.00484600 0.06222900
v -0.03141400 0.00519300 0.06303400
v -0.03260000 0.00389500 0.06275600
v -0.03269500 0.00485100 0.06274600
v -0.02615000 0.00580700 0.06386500
v -0.02874400 0.00504100 0.06351100
v -0.03551000 0.00561900 0.06197500
v -0.03558400 0.00553600 0.06194900
v -0.03559400 0.00566600 0.06194800
v -0.03558900 0.00560100 0.06194900
v -0.03536700 0.00584800 0.06202400
v -0.03553300 0.00594300 0.06197200
v -0.03552400 0.00581400 0.06197300
v -0.03474300 0.00611400 0.06221800
v -0.03507700 0.00630200 0.06212000
v -0.03506000 0.00604600 0.06212200
v -0.03415700 0.00699900 0.06239400
v -0.03482200 0.00738400 0.06220700
v -0.03479300 0.00687600 0.06221100
v -0.03558700 0.00556900 0.06194900
v -0.03550100 0.00548900 0.06197600
v -0.03557500 0.00540600 0.06195100
v -0.03558000 0.00547100 0.06195000
v -0.03532900 0.00533100 0.06202800
v -0.03547600 0.00516500 0.06197900
v -0.03548600 0.00529400 0.06197800
v -0.03529800 0.00494400 0.06203200
v -0.03575100 0.00898100 0.05699800
v -0.03552900 0.00436600 0.05699800
v -0.03510200 -0.00000600 0.05699800
v -0.03436800 -0.00445200 0.05699800
v -0.03326300 -0.00882100 0.05699800
v -0.03173900 -0.01305500 0.05699800
v -0.02973500 -0.01709300 0.05699800
v -0.03580900 0.01348700 0.06192300
v -0.03579300 0.01101500 0.06192500
v -0.03574800 0.00887300 0.06193100
v -0.03560800 0.00559000 0.06194300
v -0.03560700 0.00557600 0.06194300
v -0.03560600 0.00556100 0.06194300
v -0.03560400 0.00553300 0.06194300
v -0.03560100 0.00547600 0.06194300
v -0.03559400 0.00536200 0.06194400
v -0.03558000 0.00513300 0.06194500
v -0.03555000 0.00467100 0.06194600
v -0.03548300 0.00373400 0.06195000
v -0.03531000 0.00180700 0.06195800
v -0.03507900 -0.00019100 0.06196700
v -0.03477400 -0.00225800 0.06197600
v -0.03476400 -0.00231800 0.06197700
v -0.03475400 -0.00237800 0.06197700
v -0.03473400 -0.00249800 0.06197700
v -0.03469300 -0.00273800 0.06197900
v -0.03460800 -0.00321700 0.06198100
v -0.03442400 -0.00417700 0.06198500
v -0.03400100 -0.00609600 0.06199400
v -0.03350100 -0.00801100 0.06200300
v -0.03291600 -0.00991500 0.06201200
v -0.03291500 -0.00991900 0.06201200
v -0.03291400 -0.00992300 0.06201200
v -0.03291100 -0.00993000 0.06201200
v -0.03290600 -0.00994600 0.06201300
v -0.03289500 -0.00997800 0.06201300
v -0.03287400 -0.01004300 0.06201300
v -0.03282600 -0.01018500 0.06201400
v -0.03271500 -0.01051000 0.06201500
v -0.03242400 -0.01132300 0.06201900
v -0.03151400 -0.01357600 0.06202800
v -0.03150600 -0.01359300 0.06202800
v -0.03149900 -0.01360900 0.06202800
v -0.03148500 -0.01364200 0.06202800
v -0.03145600 -0.01370700 0.06202900
v -0.03139800 -0.01383600 0.06202900
v -0.03128300 -0.01409000 0.06203000
v -0.03105300 -0.01458200 0.06203300
v -0.03059900 -0.01550200 0.06203700
v -0.02973500 -0.01709300 0.06204500
v -0.03552900 0.00436600 0.05953700
v -0.03566400 0.00667200 0.05699800
v -0.03575100 0.00898100 0.05953700
v -0.03566400 0.00667200 0.05953700
v -0.03552900 0.00436600 0.06080600
v -0.03560300 0.00551900 0.05953700
v -0.03566400 0.00667200 0.06080600
v -0.03560300 0.00551900 0.06080600
v -0.03510200 -0.00000600 0.05953700
v -0.03534700 0.00217500 0.05699800
v -0.03534700 0.00217500 0.05953700
v -0.03560300 0.00551900 0.06144100
v -0.03563600 0.00609600 0.06080600
v -0.03566400 0.00667200 0.06144100
v -0.03563600 0.00609600 0.06144100
v -0.03571300 0.00782600 0.05953700
v -0.03575100 0.00898100 0.06080600
v -0.03571300 0.00782600 0.06080600
v -0.03579500 0.01123300 0.05699800
v -0.03579500 0.01123300 0.05953700
v -0.03560300 0.00551900 0.06175800
v -0.03562000 0.00580700 0.06144100
v -0.03563600 0.00609600 0.06175800
v -0.03562000 0.00580700 0.06175800
v -0.03552900 0.00436600 0.06144100
v -0.03556800 0.00494200 0.06080600
v -0.03556800 0.00494200 0.06144100
v -0.03534700 0.00217500 0.06080600
v -0.03544500 0.00327000 0.05953700
v -0.03544500 0.00327000 0.06080600
v -0.03560300 0.00551900 0.06191700
v -0.03561200 0.00566300 0.06175800
v -0.03562000 0.00580700 0.06191700
v -0.03561200 0.00566300 0.06191700
v -0.03556800 0.00494200 0.06175800
v -0.03558600 0.00523100 0.06144100
v -0.03558600 0.00523100 0.06175800
v -0.03560800 0.00559100 0.06191700
v -0.03558600 0.00523100 0.06191700
v -0.03559500 0.00537500 0.06175800
v -0.03560600 0.00555500 0.06191700
v -0.03560300 0.00551900 0.06183800
v -0.03560800 0.00559100 0.06175800
v -0.03561200 0.00566300 0.06183800
v -0.03560800 0.00559100 0.06183800
v -0.03560300 0.00551900 0.06160000
v -0.03561200 0.00566300 0.06144100
v -0.03562000 0.00580700 0.06160000
v -0.03561200 0.00566300 0.06160000
v -0.03560300 0.00551900 0.06112400
v -0.03562000 0.00580700 0.06080600
v -0.03563600 0.00609600 0.06112400
v -0.03562000 0.00580700 0.06112400
v -0.03560300 0.00551900 0.06017100
v -0.03563600 0.00609600 0.05953700
v -0.03566400 0.00667200 0.06017100
v -0.03563600 0.00609600 0.06017100
v -0.03552900 0.00436600 0.05826700
v -0.03560300 0.00551900 0.05699800
v -0.03566400 0.00667200 0.05826700
v -0.03560300 0.00551900 0.05826700
v -0.03436800 -0.00445200 0.05953700
v -0.03477800 -0.00223500 0.05699800
v -0.03477800 -0.00223500 0.05953700
v -0.03436800 -0.00445200 0.06080600
v -0.03458400 -0.00334500 0.05953700
v -0.03477800 -0.00223500 0.06080600
v -0.03458400 -0.00334500 0.06080600
v -0.03326300 -0.00882100 0.05953700
v -0.03386400 -0.00665300 0.05699800
v -0.03386400 -0.00665300 0.05953700
v -0.03458400 -0.00334500 0.06144100
v -0.03468400 -0.00279000 0.06080600
v -0.03477800 -0.00223500 0.06144100
v -0.03468400 -0.00279000 0.06144100
v -0.03495000 -0.00112200 0.05953700
v -0.03510200 -0.00000600 0.06080600
v -0.03495000 -0.00112200 0.06080600
v -0.03468400 -0.00279000 0.06175800
v -0.03473200 -0.00251200 0.06144100
v -0.03477800 -0.00223500 0.06175800
v -0.03473200 -0.00251200 0.06175800
v -0.03486700 -0.00167900 0.06080600
v -0.03495000 -0.00112200 0.06144100
v -0.03486700 -0.00167900 0.06144100
v -0.03473200 -0.00251200 0.06191700
v -0.03475500 -0.00237400 0.06175800
v -0.03477800 -0.00223500 0.06191700
v -0.03475500 -0.00237400 0.06191700
v -0.03482300 -0.00195700 0.06144100
v -0.03486700 -0.00167900 0.06175800
v -0.03482300 -0.00195700 0.06175800
v -0.03173900 -0.01305500 0.05953700
v -0.03255600 -0.01095900 0.05699800
v -0.03255600 -0.01095900 0.05953700
v -0.03255600 -0.01095900 0.06080600
v -0.03292300 -0.00989500 0.05953700
v -0.03326300 -0.00882100 0.06080600
v -0.03292300 -0.00989500 0.06080600
v -0.03255600 -0.01095900 0.06144100
v -0.03274300 -0.01042800 0.06080600
v -0.03292300 -0.00989500 0.06144100
v -0.03274300 -0.01042800 0.06144100
v -0.03173900 -0.01305500 0.06080600
v -0.03216200 -0.01201200 0.05953700
v -0.03216200 -0.01201200 0.06080600
v -0.03080300 -0.01509900 0.05699800
v -0.03080300 -0.01509900 0.05953700
v -0.03274300 -0.01042800 0.06175800
v -0.03283400 -0.01016200 0.06144100
v -0.03292300 -0.00989500 0.06175800
v -0.03283400 -0.01016200 0.06175800
v -0.03309600 -0.00935900 0.06080600
v -0.03326300 -0.00882100 0.06144100
v -0.03309600 -0.00935900 0.06144100
v -0.03357600 -0.00774200 0.05953700
v -0.03386400 -0.00665300 0.06080600
v -0.03357600 -0.00774200 0.06080600
v -0.03283400 -0.01016200 0.06191700
v -0.03287900 -0.01002900 0.06175800
v -0.03292300 -0.00989500 0.06191700
v -0.03287900 -0.01002900 0.06191700
v -0.03301000 -0.00962700 0.06144100
v -0.03309600 -0.00935900 0.06175800
v -0.03301000 -0.00962700 0.06175800
v -0.03290100 -0.00996200 0.06191700
v -0.03292300 -0.00989500 0.06199600
v -0.03290100 -0.00996200 0.06199600
v -0.03296700 -0.00976100 0.06175800
v -0.03301000 -0.00962700 0.06191700
v -0.03296700 -0.00976100 0.06191700
v -0.03291200 -0.00992800 0.06199600
v -0.03294500 -0.00982800 0.06191700
v -0.03296700 -0.00976100 0.06199600
v -0.03294500 -0.00982800 0.06199600
v -0.03291700 -0.00991200 0.06199600
v -0.03290100 -0.00996200 0.06195700
v -0.03291200 -0.00992800 0.06191700
v -0.03292300 -0.00989500 0.06195700
v -0.03291200 -0.00992800 0.06195700
v -0.03287900 -0.01002900 0.06183800
v -0.03290100 -0.00996200 0.06175800
v -0.03292300 -0.00989500 0.06183800
v -0.03290100 -0.00996200 0.06183800
v -0.03283400 -0.01016200 0.06160000
v -0.03287900 -0.01002900 0.06144100
v -0.03292300 -0.00989500 0.06160000
v -0.03287900 -0.01002900 0.06160000
v -0.03274300 -0.01042800 0.06112400
v -0.03283400 -0.01016200 0.06080600
v -0.03292300 -0.00989500 0.06112400
v -0.03283400 -0.01016200 0.06112400
v -0.03255600 -0.01095900 0.06017100
v -0.03274300 -0.01042800 0.05953700
v -0.03292300 -0.00989500 0.06017100
v -0.03274300 -0.01042800 0.06017100
v -0.03255600 -0.01095900 0.05826700
v -0.03292300 -0.00989500 0.05699800
v -0.03326300 -0.00882100 0.05826700
v -0.03292300 -0.00989500 0.05826700
v -0.03293400 -0.00986200 0.06199600
v -0.03291200 -0.00992800 0.06200600
v -0.03291500 -0.00992000 0.06199600
v -0.03291700 -0.00991200 0.06200600
v -0.03291500 -0.00992000 0.06200600
v -0.03290600 -0.00994500 0.06199600
v -0.03285600 -0.01009500 0.06191700
v -0.03285600 -0.01009500 0.06199600
v -0.03274300 -0.01042800 0.06191700
v -0.03278900 -0.01029500 0.06175800
v -0.03278900 -0.01029500 0.06191700
v -0.03255600 -0.01095900 0.06175800
v -0.03265000 -0.01069400 0.06144100
v -0.03265000 -0.01069400 0.06175800
v -0.03216200 -0.01201200 0.06144100
v -0.03236300 -0.01148700 0.06080600
v -0.03236300 -0.01148700 0.06144100
v -0.03291200 -0.00992800 0.06197700
v -0.03291700 -0.00991200 0.06195700
v -0.03292300 -0.00989500 0.06197700
v -0.03291700 -0.00991200 0.06197700
v -0.03293400 -0.00986200 0.06191700
v -0.03294500 -0.00982800 0.06195700
v -0.03293400 -0.00986200 0.06195700
v -0.03294500 -0.00982800 0.06175800
v -0.03296700 -0.00976100 0.06183800
v -0.03294500 -0.00982800 0.06183800
v -0.03296700 -0.00976100 0.06144100
v -0.03301000 -0.00962700 0.06160000
v -0.03296700 -0.00976100 0.06160000
v -0.03301000 -0.00962700 0.06080600
v -0.03309600 -0.00935900 0.06112400
v -0.03301000 -0.00962700 0.06112400
v -0.03309600 -0.00935900 0.05953700
v -0.03326300 -0.00882100 0.06017100
v -0.03309600 -0.00935900 0.06017100
v -0.03080300 -0.01509900 0.06080600
v -0.03128600 -0.01408300 0.05953700
v -0.03128600 -0.01408300 0.06080600
v -0.03128600 -0.01408300 0.06144100
v -0.03151600 -0.01357000 0.06080600
v -0.03173900 -0.01305500 0.06144100
v -0.03151600 -0.01357000 0.06144100
v -0.03128600 -0.01408300 0.06175800
v -0.03140200 -0.01382700 0.06144100
v -0.03151600 -0.01357000 0.06175800
v -0.03140200 -0.01382700 0.06175800
v -0.03080300 -0.01509900 0.06144100
v -0.03104800 -0.01459200 0.06080600
v -0.03104800 -0.01459200 0.06144100
v -0.03028600 -0.01610200 0.05953700
v -0.03028600 -0.01610200 0.06080600
v -0.03140200 -0.01382700 0.06191700
v -0.03146000 -0.01369800 0.06175800
v -0.03151600 -0.01357000 0.06191700
v -0.03146000 -0.01369800 0.06191700
v -0.03162800 -0.01331300 0.06144100
v -0.03173900 -0.01305500 0.06175800
v -0.03162800 -0.01331300 0.06175800
v -0.03195400 -0.01253500 0.06080600
v -0.03195400 -0.01253500 0.06144100
v -0.03148800 -0.01363400 0.06191700
v -0.03151600 -0.01357000 0.06199600
v -0.03148800 -0.01363400 0.06199600
v -0.03157300 -0.01344100 0.06175800
v -0.03162800 -0.01331300 0.06191700
v -0.03157300 -0.01344100 0.06191700
v -0.03150200 -0.01360200 0.06199600
v -0.03154500 -0.01350600 0.06191700
v -0.03157300 -0.01344100 0.06199600
v -0.03154500 -0.01350600 0.06199600
v -0.02973500 -0.01709300 0.05952100
v -0.03580900 0.01348700 0.05699800
v -0.03580900 0.01348700 0.05946000
v 0.02973500 -0.01709300 0.05699800
v 0.03151400 -0.01357500 0.05699800
v 0.03291900 -0.00990500 0.05699800
v 0.03399800 -0.00610800 0.05699800
v 0.03477700 -0.00224500 0.05699800
v 0.03530000 0.00166600 0.05699800
v 0.03561500 0.00559900 0.05699800
v 0.03576800 0.00954300 0.05699800
v 0.02973500 -0.01709300 0.06204500
v 0.03060600 -0.01548900 0.06203700
v 0.03151600 -0.01357000 0.06202800
v 0.03152500 -0.01354900 0.06202800
v 0.03153500 -0.01352800 0.06202800
v 0.03155300 -0.01348700 0.06202800
v 0.03158900 -0.01340400 0.06202700
v 0.03166000 -0.01324000 0.06202700
v 0.03179400 -0.01292300 0.06202500
v 0.03203800 -0.01232800 0.06202300
v 0.03243200 -0.01130000 0.06201800
v 0.03291500 -0.00991800 0.06201200
v 0.03291800 -0.00991000 0.06201200
v 0.03292100 -0.00990200 0.06201200
v 0.03292600 -0.00988600 0.06201200
v 0.03293600 -0.00985400 0.06201200
v 0.03295700 -0.00979100 0.06201200
v 0.03299800 -0.00966500 0.06201100
v 0.03307900 -0.00941200 0.06201000
v 0.03323600 -0.00891000 0.06200800
v 0.03352700 -0.00791600 0.06200300
v 0.03403000 -0.00597400 0.06199400
v 0.03476900 -0.00229000 0.06197600
v 0.03478700 -0.00218500 0.06197600
v 0.03480400 -0.00207900 0.06197500
v 0.03483800 -0.00186600 0.06197400
v 0.03490500 -0.00143600 0.06197200
v 0.03503100 -0.00056400 0.06196800
v 0.03525400 0.00123300 0.06195900
v 0.03543800 0.00310200 0.06195100
v 0.03558200 0.00504200 0.06194200
v 0.03568800 0.00705200 0.06193500
v 0.03575800 0.00913000 0.06192900
v 0.03579700 0.01127600 0.06192500
v 0.03580900 0.01348700 0.06192300
v 0.03291900 -0.00990500 0.05953700
v 0.03226000 -0.01175800 0.05699800
v 0.03151400 -0.01357500 0.05953700
v 0.03226000 -0.01175800 0.05953700
v 0.03226000 -0.01175800 0.06080600
v 0.03189800 -0.01267200 0.05953700
v 0.03151400 -0.01357500 0.06080600
v 0.03189800 -0.01267200 0.06080600
v 0.03067400 -0.01535500 0.05699800
v 0.03067400 -0.01535500 0.05953700
v 0.03189800 -0.01267200 0.06144100
v 0.03170900 -0.01312500 0.06080600
v 0.03151400 -0.01357500 0.06144100
v 0.03170900 -0.01312500 0.06144100
v 0.03110600 -0.01447000 0.05953700
v 0.03067400 -0.01535500 0.06080600
v 0.03110600 -0.01447000 0.06080600
v 0.03170900 -0.01312500 0.06175800
v 0.03161200 -0.01335000 0.06144100
v 0.03151400 -0.01357500 0.06175800
v 0.03161200 -0.01335000 0.06175800
v 0.03131300 -0.01402400 0.06080600
v 0.03110600 -0.01447000 0.06144100
v 0.03131300 -0.01402400 0.06144100
v 0.03161200 -0.01335000 0.06191700
v 0.03156300 -0.01346300 0.06175800
v 0.03151400 -0.01357500 0.06191700
v 0.03156300 -0.01346300 0.06191700
v 0.03141400 -0.01380000 0.06144100
v 0.03131300 -0.01402400 0.06175800
v 0.03141400 -0.01380000 0.06175800
v 0.03156300 -0.01346300 0.06199600
v 0.03153900 -0.01351900 0.06191700
v 0.03151400 -0.01357500 0.06199600
v 0.03153900 -0.01351900 0.06199600
v 0.03146400 -0.01368800 0.06175800
v 0.03141400 -0.01380000 0.06191700
v 0.03146400 -0.01368800 0.06191700
v 0.03152600 -0.01354700 0.06199600
v 0.03148900 -0.01363200 0.06191700
v 0.03146400 -0.01368800 0.06199600
v 0.03148900 -0.01363200 0.06199600
v 0.03291900 -0.00990500 0.06080600
v 0.03260000 -0.01083600 0.05953700
v 0.03260000 -0.01083600 0.06080600
v 0.03399800 -0.00610800 0.05953700
v 0.03349800 -0.00801800 0.05699800
v 0.03349800 -0.00801800 0.05953700
v 0.03291900 -0.00990500 0.06144100
v 0.03276200 -0.01037200 0.06080600
v 0.03260000 -0.01083600 0.06144100
v 0.03276200 -0.01037200 0.06144100
v 0.03349800 -0.00801800 0.06080600
v 0.03321900 -0.00896600 0.05953700
v 0.03321900 -0.00896600 0.06080600
v 0.03291900 -0.00990500 0.06175800
v 0.03284100 -0.01013900 0.06144100
v 0.03276200 -0.01037200 0.06175800
v 0.03284100 -0.01013900 0.06175800
v 0.03321900 -0.00896600 0.06144100
v 0.03307100 -0.00943700 0.06080600
v 0.03307100 -0.00943700 0.06144100
v 0.03291900 -0.00990500 0.06191700
v 0.03288100 -0.01002200 0.06175800
v 0.03284100 -0.01013900 0.06191700
v 0.03288100 -0.01002200 0.06191700
v 0.03307100 -0.00943700 0.06175800
v 0.03299600 -0.00967100 0.06144100
v 0.03299600 -0.00967100 0.06175800
v 0.03291900 -0.00990500 0.06199600
v 0.03290000 -0.00996400 0.06191700
v 0.03288100 -0.01002200 0.06199600
v 0.03290000 -0.00996400 0.06199600
v 0.03299600 -0.00967100 0.06191700
v 0.03295800 -0.00978800 0.06175800
v 0.03295800 -0.00978800 0.06191700
v 0.03291000 -0.00993500 0.06199600
v 0.03293900 -0.00984700 0.06191700
v 0.03293900 -0.00984700 0.06199600
v 0.03291500 -0.00992000 0.06199600
v 0.03292900 -0.00987600 0.06199600
v 0.03291900 -0.00990500 0.06195700
v 0.03291000 -0.00993500 0.06191700
v 0.03290000 -0.00996400 0.06195700
v 0.03291000 -0.00993500 0.06195700
v 0.03291900 -0.00990500 0.06183800
v 0.03290000 -0.00996400 0.06175800
v 0.03288100 -0.01002200 0.06183800
v 0.03290000 -0.00996400 0.06183800
v 0.03291900 -0.00990500 0.06160000
v 0.03288100 -0.01002200 0.06144100
v 0.03284100 -0.01013900 0.06160000
v 0.03288100 -0.01002200 0.06160000
v 0.03291900 -0.00990500 0.06112400
v 0.03284100 -0.01013900 0.06080600
v 0.03276200 -0.01037200 0.06112400
v 0.03284100 -0.01013900 0.06112400
v 0.03291900 -0.00990500 0.06017100
v 0.03276200 -0.01037200 0.05953700
v 0.03260000 -0.01083600 0.06017100
v 0.03276200 -0.01037200 0.06017100
v 0.03291900 -0.00990500 0.05826700
v 0.03260000 -0.01083600 0.05699800
v 0.03226000 -0.01175800 0.05826700
v 0.03260000 -0.01083600 0.05826700
v 0.03292400 -0.00989100 0.06199600
v 0.03293900 -0.00984700 0.06195700
v 0.03292900 -0.00987600 0.06191700
v 0.03292900 -0.00987600 0.06195700
v 0.03295800 -0.00978800 0.06183800
v 0.03293900 -0.00984700 0.06175800
v 0.03293900 -0.00984700 0.06183800
v 0.03299600 -0.00967100 0.06160000
v 0.03295800 -0.00978800 0.06144100
v 0.03295800 -0.00978800 0.06160000
v 0.03307100 -0.00943700 0.06112400
v 0.03299600 -0.00967100 0.06080600
v 0.03299600 -0.00967100 0.06112400
v 0.03321900 -0.00896600 0.06017100
v 0.03307100 -0.00943700 0.05953700
v 0.03307100 -0.00943700 0.06017100
v 0.03349800 -0.00801800 0.05826700
v 0.03321900 -0.00896600 0.05699800
v 0.03321900 -0.00896600 0.05826700
v 0.03477700 -0.00224500 0.05953700
v 0.03442200 -0.00418300 0.05699800
v 0.03442200 -0.00418300 0.05953700
v 0.03477700 -0.00224500 0.06080600
v 0.03460800 -0.00321600 0.05953700
v 0.03442200 -0.00418300 0.06080600
v 0.03460800 -0.00321600 0.06080600
v 0.03530000 0.00166600 0.05953700
v 0.03506700 -0.00029500 0.05699800
v 0.03506700 -0.00029500 0.05953700
v 0.03477700 -0.00224500 0.06144100
v 0.03469400 -0.00273100 0.06080600
v 0.03460800 -0.00321600 0.06144100
v 0.03469400 -0.00273100 0.06144100
v 0.03506700 -0.00029500 0.06080600
v 0.03492900 -0.00127100 0.05953700
v 0.03492900 -0.00127100 0.06080600
v 0.03477700 -0.00224500 0.06175800
v 0.03473600 -0.00248800 0.06144100
v 0.03469400 -0.00273100 0.06175800
v 0.03473600 -0.00248800 0.06175800
v 0.03492900 -0.00127100 0.06144100
v 0.03485500 -0.00175900 0.06080600
v 0.03485500 -0.00175900 0.06144100
v 0.03485500 -0.00175900 0.06175800
v 0.03481600 -0.00200200 0.06144100
v 0.03481600 -0.00200200 0.06175800
v 0.02973500 -0.01709300 0.05952100
v 0.03580900 0.01348600 0.05946000
v 0.03580900 0.01348600 0.05699800
v 0.03580900 0.01348600 0.05699800
v 0.03576500 0.01744500 0.05699800
v 0.03560700 0.02140000 0.05699800
v 0.03529600 0.02531200 0.05699800
v 0.03476900 0.02926600 0.05699800
v 0.03398500 0.03314000 0.05699800
v 0.03290700 0.03691400 0.05699800
v 0.03150500 0.04057200 0.05699800
v 0.02972000 0.04409400 0.05699800
v 0.03580900 0.01348600 0.05946000
v 0.03580900 0.01348700 0.06192300
v 0.02972000 0.04409400 0.06204600
v 0.02972000 0.04409400 0.05952200
v 0.03580900 0.01348700 0.06192300
v 0.03576500 0.01744500 0.05955000
v 0.03579800 0.01546600 0.05699800
v 0.03579800 0.01546600 0.05955000
v 0.03579800 0.01546600 0.06082700
v 0.03580500 0.01447600 0.05955000
v 0.03580500 0.01447600 0.06082700
v 0.03580500 0.01447600 0.06146500
v 0.03580700 0.01398100 0.06082700
v 0.03580700 0.01398100 0.06146500
v 0.03580700 0.01398100 0.06178400
v 0.03580800 0.01373300 0.06146500
v 0.03580800 0.01373300 0.06178400
v 0.03580800 0.01361000 0.06178400
v 0.03580800 0.01361000 0.06186400
v 0.03580800 0.01354800 0.06178400
v 0.03580800 0.01354800 0.06186400
v 0.03580800 0.01373300 0.06162400
v 0.03580800 0.01361000 0.06146500
v 0.03580800 0.01361000 0.06162400
v 0.03580700 0.01398100 0.06114600
v 0.03580800 0.01373300 0.06082700
v 0.03580800 0.01373300 0.06114600
v 0.03580500 0.01447600 0.06018800
v 0.03580700 0.01398100 0.05955000
v 0.03580700 0.01398100 0.06018800
v 0.03579800 0.01546600 0.05827400
v 0.03580500 0.01447600 0.05699800
v 0.03580500 0.01447600 0.05827400
v 0.03580800 0.01354800 0.06190400
v 0.03580900 0.01351700 0.06186400
v 0.03580900 0.01351700 0.06190400
v 0.03580900 0.01350100 0.06190400
v 0.03580900 0.01350100 0.06191400
v 0.03580900 0.01349400 0.06190400
v 0.03580900 0.01349400 0.06191400
v 0.03580900 0.01351700 0.06188400
v 0.03580900 0.01350100 0.06186400
v 0.03580900 0.01350100 0.06188400
v 0.03580800 0.01354800 0.06182400
v 0.03580900 0.01351700 0.06178400
v 0.03580900 0.01351700 0.06182400
v 0.03580800 0.01361000 0.06170400
v 0.03580800 0.01354800 0.06162400
v 0.03580800 0.01354800 0.06170400
v 0.03580900 0.01349400 0.06191800
v 0.03580900 0.01349000 0.06191400
v 0.03580900 0.01349000 0.06191800
v 0.03579800 0.01546600 0.06192500
v 0.03576400 0.01744800 0.06192900
v 0.03576300 0.01751600 0.06192900
v 0.03576100 0.01758300 0.06192900
v 0.03575800 0.01771600 0.06193000
v 0.03575100 0.01798100 0.06193100
v 0.03573500 0.01850200 0.06193200
v 0.03569900 0.01951300 0.06193600
v 0.03560600 0.02140700 0.06194300
v 0.03555000 0.02231500 0.06194600
v 0.03548200 0.02324400 0.06195000
v 0.03531000 0.02517000 0.06195800
v 0.03507700 0.02718200 0.06196700
v 0.03476600 0.02927800 0.06197700
v 0.03476400 0.02929000 0.06197700
v 0.03476300 0.02930200 0.06197700
v 0.03475900 0.02932600 0.06197700
v 0.03475000 0.02937500 0.06197700
v 0.03473400 0.02947200 0.06197700
v 0.03470000 0.02967100 0.06197800
v 0.03462800 0.03008200 0.06198000
v 0.03446200 0.03096000 0.06198400
v 0.03403300 0.03293700 0.06199400
v 0.03376000 0.03403300 0.06199900
v 0.03368400 0.03431800 0.06200000
v 0.03364600 0.03446000 0.06200100
v 0.03360800 0.03459800 0.06200200
v 0.03345900 0.03512700 0.06200400
v 0.03290700 0.03691400 0.06201300
v 0.03290500 0.03692000 0.06201300
v 0.03290300 0.03692700 0.06201300
v 0.03289800 0.03694000 0.06201300
v 0.03288900 0.03696900 0.06201300
v 0.03286800 0.03703200 0.06201300
v 0.03281700 0.03718300 0.06201400
v 0.03268200 0.03758100 0.06201500
v 0.03225400 0.03875800 0.06201900
v 0.03224700 0.03877600 0.06202000
v 0.03224100 0.03879300 0.06202000
v 0.03222700 0.03882800 0.06202000
v 0.03220100 0.03889800 0.06202000
v 0.03214800 0.03903400 0.06202000
v 0.03204500 0.03929500 0.06202100
v 0.03184900 0.03977600 0.06202400
v 0.03150700 0.04057000 0.06202800
v 0.03146900 0.04065400 0.06202800
v 0.03142700 0.04074700 0.06202900
v 0.03133100 0.04095500 0.06203100
v 0.03109000 0.04146100 0.06203500
v 0.03107100 0.04150000 0.06203500
v 0.03105200 0.04153800 0.06203600
v 0.03101600 0.04161200 0.06203600
v 0.03094700 0.04175100 0.06203700
v 0.03082500 0.04199500 0.06203900
v 0.03064700 0.04234300 0.06204200
v 0.03064300 0.04235100 0.06204200
v 0.03063900 0.04235900 0.06204200
v 0.03063100 0.04237500 0.06204200
v 0.03061400 0.04240700 0.06204300
v 0.03058100 0.04247100 0.06204300
v 0.03051700 0.04259600 0.06204400
v 0.03039000 0.04283800 0.06204500
v 0.03014900 0.04329500 0.06204700
v 0.03560700 0.02140000 0.05955000
v 0.03570200 0.01942300 0.05699800
v 0.03570200 0.01942300 0.05955000
v 0.03570200 0.01942300 0.06082700
v 0.03573700 0.01843400 0.05955000
v 0.03576500 0.01744500 0.06082700
v 0.03573700 0.01843400 0.06082700
v 0.03573700 0.01843400 0.06146500
v 0.03575200 0.01793900 0.06082700
v 0.03576500 0.01744500 0.06146500
v 0.03575200 0.01793900 0.06146500
v 0.03578400 0.01645500 0.05955000
v 0.03578400 0.01645500 0.06082700
v 0.03575800 0.01769200 0.06146500
v 0.03576500 0.01744500 0.06178400
v 0.03575800 0.01769200 0.06178400
v 0.03577500 0.01695000 0.06082700
v 0.03578400 0.01645500 0.06146500
v 0.03577500 0.01695000 0.06146500
v 0.03576200 0.01756800 0.06178400
v 0.03577000 0.01719700 0.06146500
v 0.03577500 0.01695000 0.06178400
v 0.03577000 0.01719700 0.06178400
v 0.03529600 0.02531200 0.05955000
v 0.03547300 0.02335800 0.05699800
v 0.03547300 0.02335800 0.05955000
v 0.03398500 0.03314000 0.05955000
v 0.03441100 0.03121300 0.05699800
v 0.03476900 0.02926600 0.05955000
v 0.03441100 0.03121300 0.05955000
v 0.03441100 0.03121300 0.06082700
v 0.03459900 0.03024100 0.05955000
v 0.03476900 0.02926600 0.06082700
v 0.03459900 0.03024100 0.06082700
v 0.03506200 0.02729300 0.05699800
v 0.03506200 0.02729300 0.05955000
v 0.03459900 0.03024100 0.06146500
v 0.03468600 0.02975300 0.06082700
v 0.03476900 0.02926600 0.06146500
v 0.03468600 0.02975300 0.06146500
v 0.03492300 0.02828000 0.05955000
v 0.03506200 0.02729300 0.06082700
v 0.03492300 0.02828000 0.06082700
v 0.03468600 0.02975300 0.06178400
v 0.03472800 0.02951000 0.06146500
v 0.03476900 0.02926600 0.06178400
v 0.03472800 0.02951000 0.06178400
v 0.03484800 0.02877300 0.06082700
v 0.03492300 0.02828000 0.06146500
v 0.03484800 0.02877300 0.06146500
v 0.03474800 0.02938800 0.06178400
v 0.03476900 0.02926600 0.06194300
v 0.03474800 0.02938800 0.06194300
v 0.03480900 0.02901900 0.06146500
v 0.03484800 0.02877300 0.06178400
v 0.03480900 0.02901900 0.06178400
v 0.03475800 0.02932700 0.06194300
v 0.03478900 0.02914300 0.06178400
v 0.03480900 0.02901900 0.06194300
v 0.03478900 0.02914300 0.06194300
v 0.03476400 0.02929600 0.06194300
v 0.03474800 0.02938800 0.06186400
v 0.03475800 0.02932700 0.06178400
v 0.03476900 0.02926600 0.06186400
v 0.03475800 0.02932700 0.06186400
v 0.03472800 0.02951000 0.06162400
v 0.03474800 0.02938800 0.06146500
v 0.03476900 0.02926600 0.06162400
v 0.03474800 0.02938800 0.06162400
v 0.03468600 0.02975300 0.06114600
v 0.03472800 0.02951000 0.06082700
v 0.03476900 0.02926600 0.06114600
v 0.03472800 0.02951000 0.06114600
v 0.03459900 0.03024100 0.06018800
v 0.03468600 0.02975300 0.05955000
v 0.03476900 0.02926600 0.06018800
v 0.03468600 0.02975300 0.06018800
v 0.03441100 0.03121300 0.05827400
v 0.03459900 0.03024100 0.05699800
v 0.03476900 0.02926600 0.05827400
v 0.03459900 0.03024100 0.05827400
v 0.03477900 0.02920400 0.06194300
v 0.03290700 0.03691400 0.05955000
v 0.03348400 0.03504100 0.05699800
v 0.03348400 0.03504100 0.05955000
v 0.03348400 0.03504100 0.06082700
v 0.03374400 0.03409400 0.05955000
v 0.03398500 0.03314000 0.06082700
v 0.03374400 0.03409400 0.06082700
v 0.03374400 0.03409400 0.06146500
v 0.03386600 0.03361800 0.06082700
v 0.03398500 0.03314000 0.06146500
v 0.03386600 0.03361800 0.06146500
v 0.03420700 0.03218000 0.05955000
v 0.03420700 0.03218000 0.06082700
v 0.03348400 0.03504100 0.06146500
v 0.03361600 0.03456800 0.06082700
v 0.03361600 0.03456800 0.06146500
v 0.03290700 0.03691400 0.06082700
v 0.03320500 0.03598100 0.05955000
v 0.03320500 0.03598100 0.06082700
v 0.03150500 0.04057200 0.05955000
v 0.03225300 0.03876000 0.05699800
v 0.03225300 0.03876000 0.05955000
v 0.03361600 0.03456800 0.06178400
v 0.03368100 0.03433100 0.06146500
v 0.03374400 0.03409400 0.06178400
v 0.03368100 0.03433100 0.06178400
v 0.03348400 0.03504100 0.06178400
v 0.03355100 0.03480500 0.06146500
v 0.03355100 0.03480500 0.06178400
v 0.03320500 0.03598100 0.06146500
v 0.03334700 0.03551200 0.06082700
v 0.03334700 0.03551200 0.06146500
v 0.03290700 0.03691400 0.06146500
v 0.03305800 0.03644800 0.06082700
v 0.03305800 0.03644800 0.06146500
v 0.03225300 0.03876000 0.06082700
v 0.03259000 0.03784100 0.05955000
v 0.03259000 0.03784100 0.06082700
v 0.03290700 0.03691400 0.06178400
v 0.03298300 0.03668100 0.06146500
v 0.03305800 0.03644800 0.06178400
v 0.03298300 0.03668100 0.06178400
v 0.03259000 0.03784100 0.06146500
v 0.03275100 0.03737800 0.06082700
v 0.03275100 0.03737800 0.06146500
v 0.03290700 0.03691400 0.06194300
v 0.03294500 0.03679800 0.06178400
v 0.03298300 0.03668100 0.06194300
v 0.03294500 0.03679800 0.06194300
v 0.03275100 0.03737800 0.06178400
v 0.03283000 0.03714600 0.06146500
v 0.03283000 0.03714600 0.06178400
v 0.03292600 0.03685600 0.06194300
v 0.03286800 0.03703000 0.06178400
v 0.03286800 0.03703000 0.06194300
v 0.03290700 0.03691400 0.06198300
v 0.03291700 0.03688500 0.06194300
v 0.03292600 0.03685600 0.06198300
v 0.03291700 0.03688500 0.06198300
v 0.03288800 0.03697200 0.06194300
v 0.03290700 0.03691400 0.06186400
v 0.03292600 0.03685600 0.06178400
v 0.03294500 0.03679800 0.06186400
v 0.03292600 0.03685600 0.06186400
v 0.03290700 0.03691400 0.06162400
v 0.03294500 0.03679800 0.06146500
v 0.03298300 0.03668100 0.06162400
v 0.03294500 0.03679800 0.06162400
v 0.03290700 0.03691400 0.06114600
v 0.03298300 0.03668100 0.06082700
v 0.03305800 0.03644800 0.06114600
v 0.03298300 0.03668100 0.06114600
v 0.03290700 0.03691400 0.06018800
v 0.03305800 0.03644800 0.05955000
v 0.03320500 0.03598100 0.06018800
v 0.03305800 0.03644800 0.06018800
v 0.03290700 0.03691400 0.05827400
v 0.03320500 0.03598100 0.05699800
v 0.03348400 0.03504100 0.05827400
v 0.03320500 0.03598100 0.05827400
v 0.03288800 0.03697200 0.06198300
v 0.03289700 0.03694300 0.06194300
v 0.03289700 0.03694300 0.06198300
v 0.03286800 0.03703000 0.06186400
v 0.03288800 0.03697200 0.06178400
v 0.03288800 0.03697200 0.06186400
v 0.03283000 0.03714600 0.06162400
v 0.03286800 0.03703000 0.06146500
v 0.03286800 0.03703000 0.06162400
v 0.03275100 0.03737800 0.06114600
v 0.03283000 0.03714600 0.06082700
v 0.03283000 0.03714600 0.06114600
v 0.03259000 0.03784100 0.06018800
v 0.03275100 0.03737800 0.05955000
v 0.03275100 0.03737800 0.06018800
v 0.03225300 0.03876000 0.05827400
v 0.03259000 0.03784100 0.05699800
v 0.03259000 0.03784100 0.05827400
v 0.03289700 0.03694300 0.06200300
v 0.03290200 0.03692900 0.06198300
v 0.03290200 0.03692900 0.06200300
v 0.03225300 0.03876000 0.06146500
v 0.03242500 0.03830100 0.06082700
v 0.03242500 0.03830100 0.06146500
v 0.03150500 0.04057200 0.06082700
v 0.03189300 0.03967100 0.05955000
v 0.03189300 0.03967100 0.06082700
v 0.03064600 0.04234500 0.05699800
v 0.03064600 0.04234500 0.05955000
v 0.03225300 0.03876000 0.06178400
v 0.03234000 0.03853100 0.06146500
v 0.03242500 0.03830100 0.06178400
v 0.03234000 0.03853100 0.06178400
v 0.03189300 0.03967100 0.06146500
v 0.03207600 0.03921700 0.06082700
v 0.03207600 0.03921700 0.06146500
v 0.03225300 0.03876000 0.06194300
v 0.03229700 0.03864600 0.06178400
v 0.03234000 0.03853100 0.06194300
v 0.03229700 0.03864600 0.06194300
v 0.03207600 0.03921700 0.06178400
v 0.03216500 0.03898900 0.06146500
v 0.03216500 0.03898900 0.06178400
v 0.03227500 0.03870300 0.06194300
v 0.03221000 0.03887400 0.06178400
v 0.03221000 0.03887400 0.06194300
v 0.03225300 0.03876000 0.06198300
v 0.03226400 0.03873100 0.06194300
v 0.03227500 0.03870300 0.06198300
v 0.03226400 0.03873100 0.06198300
v 0.03223100 0.03881700 0.06194300
v 0.03225300 0.03876000 0.06186400
v 0.03227500 0.03870300 0.06178400
v 0.03229700 0.03864600 0.06186400
v 0.03227500 0.03870300 0.06186400
v 0.03225300 0.03876000 0.06162400
v 0.03229700 0.03864600 0.06146500
v 0.03234000 0.03853100 0.06162400
v 0.03229700 0.03864600 0.06162400
v 0.03225300 0.03876000 0.06114600
v 0.03234000 0.03853100 0.06082700
v 0.03242500 0.03830100 0.06114600
v 0.03234000 0.03853100 0.06114600
v 0.03225300 0.03876000 0.06018800
v 0.03242500 0.03830100 0.05955000
v 0.03242500 0.03830100 0.06018800
v 0.03223100 0.03881700 0.06198300
v 0.03224200 0.03878900 0.06194300
v 0.03224200 0.03878900 0.06198300
v 0.03221000 0.03887400 0.06186400
v 0.03223100 0.03881700 0.06178400
v 0.03223100 0.03881700 0.06186400
v 0.03216500 0.03898900 0.06162400
v 0.03221000 0.03887400 0.06146500
v 0.03221000 0.03887400 0.06162400
v 0.03207600 0.03921700 0.06114600
v 0.03216500 0.03898900 0.06082700
v 0.03216500 0.03898900 0.06114600
v 0.03189300 0.03967100 0.06018800
v 0.03207600 0.03921700 0.05955000
v 0.03207600 0.03921700 0.06018800
v 0.03150500 0.04057200 0.05827400
v 0.03189300 0.03967100 0.05699800
v 0.03189300 0.03967100 0.05827400
v 0.03150500 0.04057200 0.06146500
v 0.03170300 0.04012300 0.06082700
v 0.03170300 0.04012300 0.06146500
v 0.03064600 0.04234500 0.06082700
v 0.03108800 0.04146300 0.05955000
v 0.03108800 0.04146300 0.06082700
v 0.03150500 0.04057200 0.06178400
v 0.03160500 0.04034800 0.06146500
v 0.03170300 0.04012300 0.06178400
v 0.03160500 0.04034800 0.06178400
v 0.03108800 0.04146300 0.06146500
v 0.03130100 0.04101900 0.06082700
v 0.03130100 0.04101900 0.06146500
v 0.03150500 0.04057200 0.06194300
v 0.03155500 0.04046000 0.06178400
v 0.03160500 0.04034800 0.06194300
v 0.03155500 0.04046000 0.06194300
v 0.03130100 0.04101900 0.06178400
v 0.03140400 0.04079600 0.06146500
v 0.03140400 0.04079600 0.06178400
v 0.03140400 0.04079600 0.06194300
v 0.03145500 0.04068400 0.06178400
v 0.03145500 0.04068400 0.06194300
v 0.03108800 0.04146300 0.06178400
v 0.03119500 0.04124100 0.06146500
v 0.03119500 0.04124100 0.06178400
v 0.03064600 0.04234500 0.06146500
v 0.03087000 0.04190500 0.06082700
v 0.03087000 0.04190500 0.06146500
v 0.03018700 0.04322100 0.05955000
v 0.03018700 0.04322100 0.06082700
v 0.03108800 0.04146300 0.06194300
v 0.03114200 0.04135200 0.06178400
v 0.03119500 0.04124100 0.06194300
v 0.03114200 0.04135200 0.06194300
v 0.03087000 0.04190500 0.06178400
v 0.03098000 0.04168400 0.06146500
v 0.03098000 0.04168400 0.06178400
v 0.03111500 0.04140800 0.06194300
v 0.03114200 0.04135200 0.06202300
v 0.03111500 0.04140800 0.06202300
v 0.03098000 0.04168400 0.06194300
v 0.03103400 0.04157400 0.06178400
v 0.03103400 0.04157400 0.06194300
v 0.03106100 0.04151900 0.06194300
v 0.03064600 0.04234500 0.06178400
v 0.03075900 0.04212500 0.06146500
v 0.03075900 0.04212500 0.06178400
v 0.03018700 0.04322100 0.06146500
v 0.03041800 0.04278400 0.06082700
v 0.03041800 0.04278400 0.06146500
v 0.03064600 0.04234500 0.06194300
v 0.03070300 0.04223500 0.06178400
v 0.03075900 0.04212500 0.06194300
v 0.03070300 0.04223500 0.06194300
v 0.03041800 0.04278400 0.06178400
v 0.03053300 0.04256400 0.06146500
v 0.03053300 0.04256400 0.06178400
v 0.03064600 0.04234500 0.06202300
v 0.03067400 0.04229000 0.06194300
v 0.03070300 0.04223500 0.06202300
v 0.03067400 0.04229000 0.06202300
v 0.03053300 0.04256400 0.06194300
v 0.03059000 0.04245500 0.06178400
v 0.03059000 0.04245500 0.06194300
v 0.03066000 0.04231800 0.06202300
v 0.03061800 0.04240000 0.06194300
v 0.03065300 0.04233100 0.06202300
v 0.03063200 0.04237200 0.06202300
v 0.03064600 0.04234500 0.06198300
v 0.03066000 0.04231800 0.06194300
v 0.03067400 0.04229000 0.06198300
v 0.03066000 0.04231800 0.06198300
v 0.03064600 0.04234500 0.06186400
v 0.03067400 0.04229000 0.06178400
v 0.03070300 0.04223500 0.06186400
v 0.03067400 0.04229000 0.06186400
v 0.03064600 0.04234500 0.06162400
v 0.03070300 0.04223500 0.06146500
v 0.03075900 0.04212500 0.06162400
v 0.03070300 0.04223500 0.06162400
v 0.03064600 0.04234500 0.06114600
v 0.03075900 0.04212500 0.06082700
v 0.03087000 0.04190500 0.06114600
v 0.03075900 0.04212500 0.06114600
v 0.03064600 0.04234500 0.06018800
v 0.03087000 0.04190500 0.05955000
v 0.03108800 0.04146300 0.06018800
v 0.03087000 0.04190500 0.06018800
v 0.03064600 0.04234500 0.05827400
v 0.03108800 0.04146300 0.05699800
v 0.03108800 0.04146300 0.05827400
v 0.03063900 0.04235900 0.06202300
v 0.03061800 0.04240000 0.06198300
v 0.03063200 0.04237200 0.06194300
v 0.03063200 0.04237200 0.06198300
v 0.03059000 0.04245500 0.06186400
v 0.03061800 0.04240000 0.06178400
v 0.03061800 0.04240000 0.06186400
v 0.03053300 0.04256400 0.06162400
v 0.03059000 0.04245500 0.06146500
v 0.03059000 0.04245500 0.06162400
v 0.03041800 0.04278400 0.06114600
v 0.03053300 0.04256400 0.06082700
v 0.03053300 0.04256400 0.06114600
v 0.03018700 0.04322100 0.06018800
v 0.03041800 0.04278400 0.05955000
v 0.03041800 0.04278400 0.06018800
v 0.03018700 0.04322100 0.05699800
v 0.03018700 0.04322100 0.05827400
v -0.02973500 0.04406800 0.05699800
v -0.03173700 0.04003300 0.05699800
v -0.03328900 0.03571000 0.05699800
v -0.03436800 0.03142600 0.05699800
v -0.03510500 0.02698000 0.05699800
v -0.03554400 0.02249500 0.05699800
v -0.03575400 0.01799400 0.05699800
v -0.02973500 0.04406800 0.06204500
v -0.03061300 0.04245200 0.06203700
v -0.03151600 0.04054500 0.06202800
v -0.03152600 0.04052300 0.06202800
v -0.03153600 0.04050100 0.06202800
v -0.03155500 0.04045700 0.06202800
v -0.03159300 0.04037000 0.06202700
v -0.03166600 0.04020000 0.06202700
v -0.03180600 0.03987000 0.06202500
v -0.03205700 0.03925500 0.06202300
v -0.03245600 0.03821000 0.06201800
v -0.03291500 0.03689200 0.06201200
v -0.03291800 0.03688400 0.06201200
v -0.03292100 0.03687600 0.06201200
v -0.03292600 0.03686000 0.06201200
v -0.03293600 0.03682800 0.06201200
v -0.03295700 0.03676500 0.06201200
v -0.03299800 0.03663900 0.06201100
v -0.03307900 0.03638700 0.06201000
v -0.03323600 0.03588500 0.06200800
v -0.03352700 0.03489100 0.06200300
v -0.03403000 0.03294900 0.06199400
v -0.03476900 0.02926400 0.06197600
v -0.03477800 0.02921500 0.06197600
v -0.03478600 0.02916600 0.06197600
v -0.03480200 0.02906700 0.06197500
v -0.03483400 0.02886800 0.06197500
v -0.03489700 0.02846500 0.06197300
v -0.03501700 0.02764100 0.06196900
v -0.03523400 0.02591700 0.06196000
v -0.03556600 0.02216800 0.06194300
v -0.03567700 0.02014400 0.06193600
v -0.03575300 0.01802100 0.06192900
v -0.03579500 0.01580100 0.06192500
v -0.03580900 0.01348700 0.06192300
v -0.03173700 0.04003300 0.05953700
v -0.03080000 0.04207800 0.05699800
v -0.03080000 0.04207800 0.05953700
v -0.03173700 0.04003300 0.06080600
v -0.03128400 0.04106200 0.05953700
v -0.03080000 0.04207800 0.06080600
v -0.03128400 0.04106200 0.06080600
v -0.03328900 0.03571000 0.05953700
v -0.03257000 0.03789600 0.05699800
v -0.03257000 0.03789600 0.05953700
v -0.03173700 0.04003300 0.06144100
v -0.03151400 0.04054900 0.06080600
v -0.03128400 0.04106200 0.06144100
v -0.03151400 0.04054900 0.06144100
v -0.03257000 0.03789600 0.06080600
v -0.03216800 0.03897100 0.05953700
v -0.03216800 0.03897100 0.06080600
v -0.03173700 0.04003300 0.06175800
v -0.03162600 0.04029200 0.06144100
v -0.03151400 0.04054900 0.06175800
v -0.03162600 0.04029200 0.06175800
v -0.03216800 0.03897100 0.06144100
v -0.03195600 0.03950400 0.06080600
v -0.03195600 0.03950400 0.06144100
v -0.03162600 0.04029200 0.06191700
v -0.03157100 0.04042100 0.06175800
v -0.03151400 0.04054900 0.06191700
v -0.03157100 0.04042100 0.06191700
v -0.03140000 0.04080600 0.06144100
v -0.03128400 0.04106200 0.06175800
v -0.03140000 0.04080600 0.06175800
v -0.03104600 0.04157100 0.06080600
v -0.03080000 0.04207800 0.06144100
v -0.03104600 0.04157100 0.06144100
v -0.03028400 0.04308000 0.05953700
v -0.03028400 0.04308000 0.06080600
v -0.03157100 0.04042100 0.06199600
v -0.03154200 0.04048500 0.06191700
v -0.03151400 0.04054900 0.06199600
v -0.03154200 0.04048500 0.06199600
v -0.03145700 0.04067800 0.06175800
v -0.03140000 0.04080600 0.06191700
v -0.03145700 0.04067800 0.06191700
v -0.03152800 0.04051700 0.06199600
v -0.03148600 0.04061400 0.06191700
v -0.03145700 0.04067800 0.06199600
v -0.03148600 0.04061400 0.06199600
v -0.03328900 0.03571000 0.06080600
v -0.03294300 0.03680900 0.05953700
v -0.03294300 0.03680900 0.06080600
v -0.03436800 0.03142600 0.05953700
v -0.03387600 0.03357800 0.05699800
v -0.03387600 0.03357800 0.05953700
v -0.03294300 0.03680900 0.06144100
v -0.03276000 0.03735400 0.06080600
v -0.03257000 0.03789600 0.06144100
v -0.03276000 0.03735400 0.06144100
v -0.03294300 0.03680900 0.06175800
v -0.03285200 0.03708100 0.06144100
v -0.03276000 0.03735400 0.06175800
v -0.03285200 0.03708100 0.06175800
v -0.03328900 0.03571000 0.06144100
v -0.03311900 0.03626100 0.06080600
v -0.03311900 0.03626100 0.06144100
v -0.03387600 0.03357800 0.06080600
v -0.03359500 0.03464700 0.05953700
v -0.03359500 0.03464700 0.06080600
v -0.03294300 0.03680900 0.06191700
v -0.03289800 0.03694500 0.06175800
v -0.03285200 0.03708100 0.06191700
v -0.03289800 0.03694500 0.06191700
v -0.03311900 0.03626100 0.06175800
v -0.03303200 0.03653500 0.06144100
v -0.03303200 0.03653500 0.06175800
v -0.03294300 0.03680900 0.06199600
v -0.03292000 0.03687700 0.06191700
v -0.03289800 0.03694500 0.06199600
v -0.03292000 0.03687700 0.06199600
v -0.03303200 0.03653500 0.06191700
v -0.03298800 0.03667200 0.06175800
v -0.03298800 0.03667200 0.06191700
v -0.03290900 0.03691100 0.06199600
v -0.03287500 0.03701300 0.06191700
v -0.03285200 0.03708100 0.06199600
v -0.03287500 0.03701300 0.06199600
v -0.03280600 0.03721800 0.06175800
v -0.03276000 0.03735400 0.06191700
v -0.03280600 0.03721800 0.06191700
v -0.03266600 0.03762500 0.06144100
v -0.03257000 0.03789600 0.06175800
v -0.03266600 0.03762500 0.06175800
v -0.03237300 0.03843500 0.06080600
v -0.03237300 0.03843500 0.06144100
v -0.03291500 0.03689400 0.06199600
v -0.03293200 0.03684300 0.06199600
v -0.03296500 0.03674000 0.06191700
v -0.03296500 0.03674000 0.06199600
v -0.03292000 0.03687700 0.06195700
v -0.03290900 0.03691100 0.06191700
v -0.03289800 0.03694500 0.06195700
v -0.03290900 0.03691100 0.06195700
v -0.03294300 0.03680900 0.06183800
v -0.03292000 0.03687700 0.06175800
v -0.03289800 0.03694500 0.06183800
v -0.03292000 0.03687700 0.06183800
v -0.03294300 0.03680900 0.06160000
v -0.03289800 0.03694500 0.06144100
v -0.03285200 0.03708100 0.06160000
v -0.03289800 0.03694500 0.06160000
v -0.03294300 0.03680900 0.06112400
v -0.03285200 0.03708100 0.06080600
v -0.03276000 0.03735400 0.06112400
v -0.03285200 0.03708100 0.06112400
v -0.03294300 0.03680900 0.06017100
v -0.03276000 0.03735400 0.05953700
v -0.03257000 0.03789600 0.06017100
v -0.03276000 0.03735400 0.06017100
v -0.03328900 0.03571000 0.05826700
v -0.03294300 0.03680900 0.05699800
v -0.03257000 0.03789600 0.05826700
v -0.03294300 0.03680900 0.05826700
v -0.03292600 0.03686000 0.06199600
v -0.03294300 0.03680900 0.06195700
v -0.03293200 0.03684300 0.06191700
v -0.03293200 0.03684300 0.06195700
v -0.03510500 0.02698000 0.05953700
v -0.03477800 0.02921200 0.05699800
v -0.03477800 0.02921200 0.05953700
v -0.03477800 0.02921200 0.06080600
v -0.03458400 0.03032100 0.05953700
v -0.03436800 0.03142600 0.06080600
v -0.03458400 0.03032100 0.06080600
v -0.03477800 0.02921200 0.06144100
v -0.03468400 0.02976700 0.06080600
v -0.03458400 0.03032100 0.06144100
v -0.03468400 0.02976700 0.06144100
v -0.03510500 0.02698000 0.06080600
v -0.03495100 0.02809800 0.05953700
v -0.03495100 0.02809800 0.06080600
v -0.03554400 0.02249500 0.05953700
v -0.03535800 0.02474000 0.05699800
v -0.03535800 0.02474000 0.05953700
v -0.03477800 0.02921200 0.06175800
v -0.03473200 0.02948900 0.06144100
v -0.03468400 0.02976700 0.06175800
v -0.03473200 0.02948900 0.06175800
v -0.03495100 0.02809800 0.06144100
v -0.03486700 0.02865500 0.06080600
v -0.03486700 0.02865500 0.06144100
v -0.03477800 0.02921200 0.06191700
v -0.03475500 0.02935100 0.06175800
v -0.03473200 0.02948900 0.06191700
v -0.03475500 0.02935100 0.06191700
v -0.03486700 0.02865500 0.06175800
v -0.03482300 0.02893400 0.06144100
v -0.03482300 0.02893400 0.06175800
v -0.03476700 0.02928100 0.06191700
v -0.03480100 0.02907300 0.06175800
v -0.03480100 0.02907300 0.06191700
v -0.03478900 0.02914200 0.06191700
v -0.03580900 0.01348700 0.05946000
v -0.03580900 0.01348700 0.05699800
v -0.02973500 0.04406800 0.05952200
v 0.00000000 0.06123500 0.06223700
v -0.00241700 0.06115100 0.06223500
v -0.00448600 0.06094100 0.06223000
v -0.00452100 0.06093600 0.06223000
v -0.00455700 0.06093200 0.06223000
v -0.00462800 0.06092200 0.06223000
v -0.00477000 0.06090200 0.06222900
v -0.00505400 0.06086100 0.06222900
v -0.00561600 0.06077300 0.06222700
v -0.00672300 0.06057100 0.06222300
v -0.00886300 0.06007200 0.06221400
v -0.00889200 0.06006400 0.06221400
v -0.00892200 0.06005600 0.06221400
v -0.00898000 0.06004000 0.06221300
v -0.00909800 0.06000800 0.06221300
v -0.00933600 0.05994200 0.06221200
v -0.00981600 0.05980200 0.06220900
v -0.01079800 0.05949300 0.06220500
v -0.01283800 0.05874500 0.06219300
v -0.01496600 0.05780200 0.06218000
v -0.01715900 0.05664100 0.06216300
v -0.01729200 0.05656300 0.06216200
v -0.01742400 0.05648600 0.06216100
v -0.01768600 0.05633000 0.06215900
v -0.01819500 0.05601800 0.06215400
v -0.01916000 0.05539200 0.06214600
v -0.02088600 0.05415200 0.06213000
v -0.02091500 0.05413000 0.06213000
v -0.02094400 0.05410800 0.06213000
v -0.02100100 0.05406400 0.06212900
v -0.02111500 0.05397500 0.06212800
v -0.02134200 0.05379700 0.06212600
v -0.02178900 0.05343600 0.06212200
v -0.02265600 0.05269900 0.06211400
v -0.02428100 0.05117600 0.06209800
v -0.02432700 0.05113000 0.06209800
v -0.02437300 0.05108400 0.06209700
v -0.02446400 0.05099200 0.06209600
v -0.02464700 0.05080500 0.06209500
v -0.02501000 0.05042400 0.06209100
v -0.02573100 0.04963400 0.06208400
v -0.02713500 0.04793800 0.06207100
v -0.02847700 0.04608200 0.06205800
v -0.02973500 0.04406800 0.06204500
v -0.00484600 0.06089200 0.05961700
v -0.00484600 0.06089200 0.06092700
v -0.00364000 0.06104200 0.05961700
v -0.00242900 0.06114900 0.06092700
v -0.00364000 0.06104200 0.06092700
v -0.00947200 0.05990300 0.05961700
v -0.00717600 0.06047700 0.05961700
v -0.00484600 0.06089200 0.06158200
v -0.00424300 0.06097200 0.06092700
v -0.00364000 0.06104200 0.06158200
v -0.00424300 0.06097200 0.06158200
v -0.00717600 0.06047700 0.06092700
v -0.00601500 0.06070400 0.05961700
v -0.00601500 0.06070400 0.06092700
v -0.00484600 0.06089200 0.06190900
v -0.00454500 0.06093300 0.06158200
v -0.00424300 0.06097200 0.06190900
v -0.00454500 0.06093300 0.06190900
v -0.00601500 0.06070400 0.06158200
v -0.00543100 0.06080300 0.06092700
v -0.00543100 0.06080300 0.06158200
v -0.00454500 0.06093300 0.06207300
v -0.00439400 0.06095300 0.06190900
v -0.00424300 0.06097200 0.06207300
v -0.00439400 0.06095300 0.06207300
v -0.00394200 0.06100800 0.06158200
v -0.00364000 0.06104200 0.06190900
v -0.00394200 0.06100800 0.06190900
v -0.00303500 0.06110100 0.06092700
v -0.00242900 0.06114900 0.06158200
v -0.00303500 0.06110100 0.06158200
v 0.00459300 0.06092700 0.05961700
v -0.00454500 0.06093300 0.06215500
v -0.00447000 0.06094300 0.06207300
v -0.00439400 0.06095300 0.06215500
v -0.00447000 0.06094300 0.06215500
v -0.00484600 0.06089200 0.06207300
v -0.00469500 0.06091300 0.06190900
v -0.00469500 0.06091300 0.06207300
v -0.00543100 0.06080300 0.06190900
v -0.00513900 0.06084900 0.06158200
v -0.00513900 0.06084900 0.06190900
v -0.00469500 0.06091300 0.06215500
v -0.00462000 0.06092300 0.06207300
v -0.00462000 0.06092300 0.06215500
v -0.00947200 0.05990300 0.06092700
v -0.00832900 0.06021000 0.05961700
v -0.00832900 0.06021000 0.06092700
v -0.01160900 0.05921300 0.05961700
v -0.00947200 0.05990300 0.06158200
v -0.00890200 0.06006100 0.06092700
v -0.00832900 0.06021000 0.06158200
v -0.00890200 0.06006100 0.06158200
v -0.01160900 0.05921300 0.06092700
v -0.01054600 0.05957600 0.05961700
v -0.01054600 0.05957600 0.06092700
v -0.00890200 0.06006100 0.06190900
v -0.00861600 0.06013700 0.06158200
v -0.00832900 0.06021000 0.06190900
v -0.00861600 0.06013700 0.06190900
v -0.00775400 0.06034800 0.06092700
v -0.00717600 0.06047700 0.06158200
v -0.00775400 0.06034800 0.06158200
v -0.00890200 0.06006100 0.06207300
v -0.00875900 0.06009900 0.06190900
v -0.00861600 0.06013700 0.06207300
v -0.00875900 0.06009900 0.06207300
v -0.00947200 0.05990300 0.06190900
v -0.00918700 0.05998300 0.06158200
v -0.00918700 0.05998300 0.06190900
v -0.01054600 0.05957600 0.06158200
v -0.01001100 0.05974400 0.06092700
v -0.01001100 0.05974400 0.06158200
v -0.00890200 0.06006100 0.06215500
v -0.00883100 0.06008000 0.06207300
v -0.00875900 0.06009900 0.06215500
v -0.00883100 0.06008000 0.06215500
v -0.00918700 0.05998300 0.06207300
v -0.00904500 0.06002300 0.06190900
v -0.00904500 0.06002300 0.06207300
v -0.00904500 0.06002300 0.06215500
v -0.00897300 0.06004200 0.06207300
v -0.00897300 0.06004200 0.06215500
v -0.01758500 0.05639000 0.05961700
v -0.01567300 0.05745000 0.05961700
v -0.01758500 0.05639000 0.06092700
v -0.01663700 0.05693500 0.05961700
v -0.01567300 0.05745000 0.06092700
v -0.01663700 0.05693500 0.06092700
v -0.02118900 0.05391800 0.05961700
v -0.01942600 0.05521100 0.05961700
v -0.01758500 0.05639000 0.06158200
v -0.01711300 0.05666700 0.06092700
v -0.01663700 0.05693500 0.06158200
v -0.01711300 0.05666700 0.06158200
v -0.01942600 0.05521100 0.06092700
v -0.01851500 0.05581600 0.05961700
v -0.01851500 0.05581600 0.06092700
v -0.01758500 0.05639000 0.06190900
v -0.01735000 0.05652900 0.06158200
v -0.01711300 0.05666700 0.06190900
v -0.01735000 0.05652900 0.06190900
v -0.01851500 0.05581600 0.06158200
v -0.01805200 0.05610700 0.06092700
v -0.01805200 0.05610700 0.06158200
v -0.02118900 0.05391800 0.06092700
v -0.02031800 0.05457900 0.05961700
v -0.02031800 0.05457900 0.06092700
v -0.02444900 0.05100700 0.05961700
v -0.02286500 0.05251400 0.05961700
v -0.02118900 0.05391800 0.06158200
v -0.02075600 0.05425200 0.06092700
v -0.02031800 0.05457900 0.06158200
v -0.02075600 0.05425200 0.06158200
v -0.02286500 0.05251400 0.06092700
v -0.02203800 0.05322900 0.05961700
v -0.02203800 0.05322900 0.06092700
v -0.02118900 0.05391800 0.06190900
v -0.02097300 0.05408500 0.06158200
v -0.02075600 0.05425200 0.06190900
v -0.02097300 0.05408500 0.06190900
v -0.02203800 0.05322900 0.06158200
v -0.02161600 0.05357700 0.06092700
v -0.02161600 0.05357700 0.06158200
v -0.02097300 0.05408500 0.06207300
v -0.02086500 0.05416900 0.06190900
v -0.02075600 0.05425200 0.06207300
v -0.02086500 0.05416900 0.06207300
v -0.02053800 0.05441600 0.06158200
v -0.02031800 0.05457900 0.06190900
v -0.02053800 0.05441600 0.06190900
v -0.01987500 0.05489800 0.06092700
v -0.01942600 0.05521100 0.06158200
v -0.01987500 0.05489800 0.06158200
v -0.02091900 0.05412700 0.06207300
v -0.02118900 0.05391800 0.06207300
v -0.02108100 0.05400200 0.06190900
v -0.02108100 0.05400200 0.06207300
v -0.02161600 0.05357700 0.06190900
v -0.02140300 0.05374800 0.06158200
v -0.02140300 0.05374800 0.06190900
v -0.02444900 0.05100700 0.06092700
v -0.02366900 0.05177300 0.05961700
v -0.02366900 0.05177300 0.06092700
v -0.02593400 0.04940200 0.05961700
v -0.02444900 0.05100700 0.06158200
v -0.02406200 0.05139300 0.06092700
v -0.02366900 0.05177300 0.06158200
v -0.02406200 0.05139300 0.06158200
v -0.02593400 0.04940200 0.06092700
v -0.02520400 0.05021600 0.05961700
v -0.02520400 0.05021600 0.06092700
v -0.02444900 0.05100700 0.06190900
v -0.02425700 0.05120100 0.06158200
v -0.02406200 0.05139300 0.06190900
v -0.02425700 0.05120100 0.06190900
v -0.02520400 0.05021600 0.06158200
v -0.02483000 0.05061500 0.06092700
v -0.02483000 0.05061500 0.06158200
v -0.02435300 0.05110400 0.06190900
v -0.02483000 0.05061500 0.06190900
v -0.02464000 0.05081200 0.06158200
v -0.02464000 0.05081200 0.06190900
v 0.02972000 0.04409400 0.06204600
v 0.02847000 0.04609400 0.06205800
v 0.02713300 0.04794100 0.06207100
v 0.02572900 0.04963600 0.06208400
v 0.02427600 0.05118200 0.06209800
v 0.02422700 0.05123000 0.06209900
v 0.02417900 0.05127900 0.06209900
v 0.02408100 0.05137500 0.06210000
v 0.02388300 0.05156800 0.06210200
v 0.02348200 0.05195000 0.06210600
v 0.02265300 0.05270300 0.06211400
v 0.02088800 0.05415100 0.06213000
v 0.02086300 0.05417000 0.06213100
v 0.02083800 0.05418900 0.06213100
v 0.02078700 0.05422800 0.06213100
v 0.02068600 0.05430500 0.06213200
v 0.02047900 0.05445900 0.06213400
v 0.02005500 0.05476900 0.06213800
v 0.01915800 0.05539400 0.06214600
v 0.01715800 0.05664100 0.06216300
v 0.01702000 0.05672000 0.06216400
v 0.01688200 0.05679800 0.06216500
v 0.01660700 0.05695200 0.06216700
v 0.01605800 0.05724900 0.06217200
v 0.01497000 0.05780000 0.06217900
v 0.01284500 0.05874200 0.06219300
v 0.01080500 0.05949100 0.06220500
v 0.00886900 0.06007000 0.06221400
v 0.00883600 0.06007900 0.06221400
v 0.00880400 0.06008800 0.06221400
v 0.00873800 0.06010500 0.06221500
v 0.00860700 0.06013900 0.06221500
v 0.00834200 0.06020600 0.06221600
v 0.00780900 0.06033500 0.06221900
v 0.00672500 0.06057000 0.06222300
v 0.00448500 0.06094100 0.06223000
v 0.00445600 0.06094500 0.06223000
v 0.00442600 0.06094900 0.06223000
v 0.00436600 0.06095700 0.06223100
v 0.00424500 0.06097200 0.06223100
v 0.00400000 0.06100200 0.06223100
v 0.00349300 0.06105700 0.06223300
v 0.00241500 0.06115000 0.06223500
v 0.02118200 0.05392300 0.05961700
v 0.02448200 0.05097400 0.05961700
v 0.02287900 0.05250200 0.05961700
v 0.02287900 0.05250200 0.06092700
v 0.02369300 0.05175100 0.05961700
v 0.02448200 0.05097400 0.06092700
v 0.02369300 0.05175100 0.06092700
v 0.02594800 0.04938600 0.05961700
v 0.02369300 0.05175100 0.06158200
v 0.02409000 0.05136600 0.06092700
v 0.02448200 0.05097400 0.06158200
v 0.02409000 0.05136600 0.06158200
v 0.02522700 0.05019200 0.05961700
v 0.02594800 0.04938600 0.06092700
v 0.02522700 0.05019200 0.06092700
v 0.02409000 0.05136600 0.06190900
v 0.02428700 0.05117100 0.06158200
v 0.02448200 0.05097400 0.06190900
v 0.02428700 0.05117100 0.06190900
v 0.02485700 0.05058600 0.06092700
v 0.02522700 0.05019200 0.06158200
v 0.02485700 0.05058600 0.06158200
v 0.02418900 0.05126800 0.06190900
v 0.02369300 0.05175100 0.06190900
v 0.02389200 0.05155900 0.06158200
v 0.02389200 0.05155900 0.06190900
v 0.02287900 0.05250200 0.06158200
v 0.02328900 0.05213000 0.06092700
v 0.02328900 0.05213000 0.06158200
v 0.02118200 0.05392300 0.06092700
v 0.02204200 0.05322600 0.05961700
v 0.02204200 0.05322600 0.06092700
v 0.01759500 0.05638500 0.05961700
v 0.01942700 0.05521100 0.05961700
v 0.01942700 0.05521100 0.06092700
v 0.02031500 0.05458100 0.05961700
v 0.02031500 0.05458100 0.06092700
v 0.02031500 0.05458100 0.06158200
v 0.02075100 0.05425500 0.06092700
v 0.02118200 0.05392300 0.06158200
v 0.02075100 0.05425500 0.06158200
v 0.02075100 0.05425500 0.06190900
v 0.02096700 0.05409000 0.06158200
v 0.02118200 0.05392300 0.06190900
v 0.02096700 0.05409000 0.06190900
v 0.02161500 0.05357800 0.06092700
v 0.02204200 0.05322600 0.06158200
v 0.02161500 0.05357800 0.06158200
v 0.02075100 0.05425500 0.06207300
v 0.02085900 0.05417300 0.06190900
v 0.02096700 0.05409000 0.06207300
v 0.02085900 0.05417300 0.06207300
v 0.02031500 0.05458100 0.06190900
v 0.02053400 0.05441900 0.06158200
v 0.02053400 0.05441900 0.06190900
v 0.01942700 0.05521100 0.06158200
v 0.01987400 0.05489900 0.06092700
v 0.01987400 0.05489900 0.06158200
v 0.01759500 0.05638500 0.06092700
v 0.01852000 0.05581200 0.05961700
v 0.01852000 0.05581200 0.06092700
v 0.01347800 0.05847900 0.05961700
v 0.01557200 0.05750100 0.05961700
v 0.02091300 0.05413100 0.06207300
v 0.02107500 0.05400700 0.06190900
v 0.02118200 0.05392300 0.06207300
v 0.02107500 0.05400700 0.06207300
v 0.02139900 0.05375100 0.06158200
v 0.02161500 0.05357800 0.06190900
v 0.02139900 0.05375100 0.06190900
v 0.02080500 0.05421400 0.06207300
v 0.02064200 0.05433700 0.06190900
v 0.02064200 0.05433700 0.06207300
v 0.01557200 0.05750100 0.06092700
v 0.01659300 0.05696000 0.05961700
v 0.01659300 0.05696000 0.06092700
v 0.01659300 0.05696000 0.06158200
v 0.01709600 0.05667700 0.06092700
v 0.01759500 0.05638500 0.06158200
v 0.01709600 0.05667700 0.06158200
v 0.01709600 0.05667700 0.06190900
v 0.01734600 0.05653200 0.06158200
v 0.01759500 0.05638500 0.06190900
v 0.01734600 0.05653200 0.06190900
v 0.01806000 0.05610200 0.06092700
v 0.01852000 0.05581200 0.06158200
v 0.01806000 0.05610200 0.06158200
v 0.01659300 0.05696000 0.06190900
v 0.01684500 0.05681900 0.06158200
v 0.01684500 0.05681900 0.06190900
v 0.01557200 0.05750100 0.06158200
v 0.01608400 0.05723500 0.06092700
v 0.01608400 0.05723500 0.06158200
v 0.01347800 0.05847900 0.06092700
v 0.01453300 0.05800800 0.05961700
v 0.01453300 0.05800800 0.06092700
v 0.00911800 0.06000300 0.05961700
v 0.01132400 0.05931400 0.05961700
v 0.00687100 0.06054100 0.05961700
v 0.00687100 0.06054100 0.06092700
v 0.00799900 0.06029100 0.05961700
v 0.00911800 0.06000300 0.06092700
v 0.00799900 0.06029100 0.06092700
v 0.00799900 0.06029100 0.06158200
v 0.00856000 0.06015100 0.06092700
v 0.00911800 0.06000300 0.06158200
v 0.00856000 0.06015100 0.06158200
v 0.01022700 0.05967700 0.05961700
v 0.01132400 0.05931400 0.06092700
v 0.01022700 0.05967700 0.06092700
v 0.00856000 0.06015100 0.06190900
v 0.00883900 0.06007800 0.06158200
v 0.00911800 0.06000300 0.06190900
v 0.00883900 0.06007800 0.06190900
v 0.00967400 0.05984400 0.06092700
v 0.01022700 0.05967700 0.06158200
v 0.00967400 0.05984400 0.06158200
v 0.00883900 0.06007800 0.06207300
v 0.00897900 0.06004100 0.06190900
v 0.00911800 0.06000300 0.06207300
v 0.00897900 0.06004100 0.06207300
v 0.00939600 0.05992500 0.06158200
v 0.00967400 0.05984400 0.06190900
v 0.00939600 0.05992500 0.06190900
v 0.00856000 0.06015100 0.06207300
v 0.00869900 0.06011500 0.06190900
v 0.00869900 0.06011500 0.06207300
v 0.00799900 0.06029100 0.06190900
v 0.00828000 0.06022200 0.06158200
v 0.00828000 0.06022200 0.06190900
v 0.00687100 0.06054100 0.06158200
v 0.00743600 0.06042000 0.06092700
v 0.00743600 0.06042000 0.06158200
v 0.00459300 0.06092700 0.06092700
v 0.00573500 0.06075300 0.05961700
v 0.00573500 0.06075300 0.06092700
v 0.00869900 0.06011500 0.06215500
v 0.00876900 0.06009700 0.06207300
v 0.00883900 0.06007800 0.06215500
v 0.00876900 0.06009700 0.06215500
v 0.00230100 0.06115800 0.06092700
v 0.00344900 0.06106200 0.05961700
v 0.00344900 0.06106200 0.06092700
v 0.00344900 0.06106200 0.06158200
v 0.00402100 0.06099900 0.06092700
v 0.00459300 0.06092700 0.06158200
v 0.00402100 0.06099900 0.06158200
v 0.00402100 0.06099900 0.06190900
v 0.00430700 0.06096400 0.06158200
v 0.00459300 0.06092700 0.06190900
v 0.00430700 0.06096400 0.06190900
v 0.00516500 0.06084500 0.06092700
v 0.00573500 0.06075300 0.06158200
v 0.00516500 0.06084500 0.06158200
v 0.00430700 0.06096400 0.06207300
v 0.00445000 0.06094600 0.06190900
v 0.00459300 0.06092700 0.06207300
v 0.00445000 0.06094600 0.06207300
v 0.00487900 0.06088700 0.06158200
v 0.00516500 0.06084500 0.06190900
v 0.00487900 0.06088700 0.06190900
v 0.00445000 0.06094600 0.06215500
v 0.00452100 0.06093600 0.06207300
v 0.00459300 0.06092700 0.06215500
v 0.00452100 0.06093600 0.06215500
v 0.00473600 0.06090700 0.06190900
v 0.00487900 0.06088700 0.06207300
v 0.00473600 0.06090700 0.06207300
v 0.00430700 0.06096400 0.06215500
v 0.00437900 0.06095500 0.06207300
v 0.00437900 0.06095500 0.06215500
v 0.00402100 0.06099900 0.06207300
v 0.00416400 0.06098200 0.06190900
v 0.00416400 0.06098200 0.06207300
v 0.00344900 0.06106200 0.06190900
v 0.00373500 0.06103200 0.06158200
v 0.00373500 0.06103200 0.06190900
v 0.00230100 0.06115800 0.06158200
v 0.00287600 0.06111500 0.06092700
v 0.00287600 0.06111500 0.06158200
v 0.02972000 0.04409400 0.05699800
v 0.02972000 0.04409400 0.05952200
v -0.02973500 0.04406800 0.05952200
v -0.00250000 0.06114400 0.06049800
v -0.00250000 0.06114400 0.05949800
v 0.00000000 0.06123500 0.05949800
v 0.00250000 0.06114400 0.05949800
v 0.00250000 0.06114400 0.06049800
v 0.00300000 0.06110400 0.06049800
v 0.00300000 0.06110400 0.05699800
v 0.00662000 0.06059100 0.05699800
v 0.01016500 0.05969600 0.05699800
v 0.01359500 0.05842900 0.05699800
v 0.01687000 0.05680500 0.05699800
v 0.01995500 0.05484100 0.05699800
v 0.02281300 0.05256100 0.05699800
v 0.02541200 0.04999000 0.05699800
v 0.02772300 0.04715700 0.05699800
v -0.02973500 0.04406800 0.05699800
v -0.02773900 0.04713500 0.05699800
v -0.02542800 0.04997200 0.05699800
v -0.02282800 0.05254800 0.05699800
v -0.01996800 0.05483200 0.05699800
v -0.01688200 0.05679800 0.05699800
v -0.01360400 0.05842500 0.05699800
v -0.01017200 0.05969400 0.05699800
v -0.00662300 0.06059000 0.05699800
v -0.00300000 0.06110400 0.05699800
v -0.00300000 0.06110400 0.06049800
v 0.02973500 -0.01709300 0.05699800
v -0.00000000 -0.03426100 0.06223700
v 0.00241400 -0.03417600 0.06223500
v 0.00448600 -0.03396600 0.06223000
v 0.00452100 -0.03396200 0.06223000
v 0.00455700 -0.03395700 0.06223000
v 0.00462800 -0.03394700 0.06223000
v 0.00477000 -0.03392800 0.06222900
v 0.00505300 -0.03388700 0.06222900
v 0.00561500 -0.03379800 0.06222700
v 0.00672200 -0.03359600 0.06222300
v 0.00886300 -0.03309700 0.06221400
v 0.00889200 -0.03308900 0.06221400
v 0.00892200 -0.03308100 0.06221400
v 0.00898100 -0.03306500 0.06221300
v 0.00909900 -0.03303300 0.06221300
v 0.00933700 -0.03296700 0.06221200
v 0.00981800 -0.03282700 0.06221000
v 0.01080100 -0.03251700 0.06220500
v 0.01284200 -0.03176800 0.06219300
v 0.01496900 -0.03082600 0.06218000
v 0.01715900 -0.02966600 0.06216300
v 0.01729200 -0.02958900 0.06216200
v 0.01742400 -0.02951100 0.06216100
v 0.01768400 -0.02935600 0.06215900
v 0.01819200 -0.02904500 0.06215500
v 0.01915700 -0.02842000 0.06214600
v 0.02088600 -0.02717800 0.06213000
v 0.02091500 -0.02715600 0.06213000
v 0.02094300 -0.02713400 0.06213000
v 0.02100100 -0.02708900 0.06212900
v 0.02111500 -0.02700100 0.06212800
v 0.02134200 -0.02682200 0.06212600
v 0.02178800 -0.02646200 0.06212200
v 0.02265500 -0.02572600 0.06211400
v 0.02428100 -0.02420100 0.06209800
v 0.02432800 -0.02415500 0.06209800
v 0.02437400 -0.02410900 0.06209700
v 0.02446600 -0.02401500 0.06209600
v 0.02465000 -0.02382700 0.06209500
v 0.02501600 -0.02344400 0.06209100
v 0.02573900 -0.02265000 0.06208400
v 0.02714600 -0.02094900 0.06207100
v 0.02848500 -0.01909700 0.06205800
v 0.00483200 -0.03391900 0.05961700
v 0.00483200 -0.03391900 0.06092700
v 0.00362900 -0.03406800 0.05961700
v 0.00242200 -0.03417500 0.06092700
v 0.00362900 -0.03406800 0.06092700
v 0.00946100 -0.03293200 0.05961700
v 0.00716300 -0.03350500 0.05961700
v 0.00483200 -0.03391900 0.06158200
v 0.00423100 -0.03399900 0.06092700
v 0.00362900 -0.03406800 0.06158200
v 0.00423100 -0.03399900 0.06158200
v 0.00716300 -0.03350500 0.06092700
v 0.00600100 -0.03373200 0.05961700
v 0.00600100 -0.03373200 0.06092700
v 0.00483200 -0.03391900 0.06190900
v 0.00453200 -0.03396000 0.06158200
v 0.00423100 -0.03399900 0.06190900
v 0.00453200 -0.03396000 0.06190900
v 0.00600100 -0.03373200 0.06158200
v 0.00541700 -0.03383100 0.06092700
v 0.00541700 -0.03383100 0.06158200
v 0.00453200 -0.03396000 0.06207300
v 0.00438100 -0.03398000 0.06190900
v 0.00423100 -0.03399900 0.06207300
v 0.00438100 -0.03398000 0.06207300
v 0.00393000 -0.03403500 0.06158200
v 0.00362900 -0.03406800 0.06190900
v 0.00393000 -0.03403500 0.06190900
v 0.00302600 -0.03412700 0.06092700
v 0.00242200 -0.03417500 0.06158200
v 0.00302600 -0.03412700 0.06158200
v 0.00453200 -0.03396000 0.06215500
v 0.00445700 -0.03397000 0.06207300
v 0.00438100 -0.03398000 0.06215500
v 0.00445700 -0.03397000 0.06215500
v 0.00483200 -0.03391900 0.06207300
v 0.00468200 -0.03394000 0.06190900
v 0.00468200 -0.03394000 0.06207300
v 0.00541700 -0.03383100 0.06190900
v 0.00512500 -0.03387600 0.06158200
v 0.00512500 -0.03387600 0.06190900
v 0.00468200 -0.03394000 0.06215500
v 0.00460700 -0.03395000 0.06207300
v 0.00460700 -0.03395000 0.06215500
v 0.00946100 -0.03293200 0.06092700
v 0.00831700 -0.03323800 0.05961700
v 0.00831700 -0.03323800 0.06092700
v 0.01159900 -0.03224200 0.05961700
v 0.00946100 -0.03293200 0.06158200
v 0.00889000 -0.03309000 0.06092700
v 0.00831700 -0.03323800 0.06158200
v 0.00889000 -0.03309000 0.06158200
v 0.01159900 -0.03224200 0.06092700
v 0.01053500 -0.03260400 0.05961700
v 0.01053500 -0.03260400 0.06092700
v 0.00889000 -0.03309000 0.06190900
v 0.00860400 -0.03316500 0.06158200
v 0.00831700 -0.03323800 0.06190900
v 0.00860400 -0.03316500 0.06190900
v 0.00774100 -0.03337700 0.06092700
v 0.00716300 -0.03350500 0.06158200
v 0.00774100 -0.03337700 0.06158200
v 0.00889000 -0.03309000 0.06207300
v 0.00874700 -0.03312800 0.06190900
v 0.00860400 -0.03316500 0.06207300
v 0.00874700 -0.03312800 0.06207300
v 0.00946100 -0.03293200 0.06190900
v 0.00917600 -0.03301200 0.06158200
v 0.00917600 -0.03301200 0.06190900
v 0.01053500 -0.03260400 0.06158200
v 0.00999900 -0.03277200 0.06092700
v 0.00999900 -0.03277200 0.06158200
v 0.00889000 -0.03309000 0.06215500
v 0.00881900 -0.03310900 0.06207300
v 0.00874700 -0.03312800 0.06215500
v 0.00881900 -0.03310900 0.06215500
v 0.00917600 -0.03301200 0.06207300
v 0.00903300 -0.03305100 0.06190900
v 0.00903300 -0.03305100 0.06207300
v 0.00903300 -0.03305100 0.06215500
v 0.00896100 -0.03307100 0.06207300
v 0.00896100 -0.03307100 0.06215500
v 0.01757900 -0.02941900 0.05961700
v 0.01566500 -0.03047900 0.05961700
v 0.01757900 -0.02941900 0.06092700
v 0.01663000 -0.02996400 0.05961700
v 0.01566500 -0.03047900 0.06092700
v 0.01663000 -0.02996400 0.06092700
v 0.02118400 -0.02694600 0.05961700
v 0.01942100 -0.02824000 0.05961700
v 0.01757900 -0.02941900 0.06158200
v 0.01710700 -0.02969600 0.06092700
v 0.01663000 -0.02996400 0.06158200
v 0.01710700 -0.02969600 0.06158200
v 0.01942100 -0.02824000 0.06092700
v 0.01850900 -0.02884500 0.05961700
v 0.01850900 -0.02884500 0.06092700
v 0.01757900 -0.02941900 0.06190900
v 0.01734300 -0.02955900 0.06158200
v 0.01710700 -0.02969600 0.06190900
v 0.01734300 -0.02955900 0.06190900
v 0.01850900 -0.02884500 0.06158200
v 0.01804600 -0.02913600 0.06092700
v 0.01804600 -0.02913600 0.06158200
v 0.02118400 -0.02694600 0.06092700
v 0.02031300 -0.02760700 0.05961700
v 0.02031300 -0.02760700 0.06092700
v 0.02444700 -0.02403500 0.05961700
v 0.02286200 -0.02554300 0.05961700
v 0.02118400 -0.02694600 0.06158200
v 0.02075100 -0.02728000 0.06092700
v 0.02031300 -0.02760700 0.06158200
v 0.02075100 -0.02728000 0.06158200
v 0.02286200 -0.02554300 0.06092700
v 0.02203400 -0.02625800 0.05961700
v 0.02203400 -0.02625800 0.06092700
v 0.02118400 -0.02694600 0.06190900
v 0.02096800 -0.02711400 0.06158200
v 0.02075100 -0.02728000 0.06190900
v 0.02096800 -0.02711400 0.06190900
v 0.02203400 -0.02625800 0.06158200
v 0.02161200 -0.02660500 0.06092700
v 0.02161200 -0.02660500 0.06158200
v 0.02096800 -0.02711400 0.06207300
v 0.02086000 -0.02719800 0.06190900
v 0.02075100 -0.02728000 0.06207300
v 0.02086000 -0.02719800 0.06207300
v 0.02053300 -0.02744500 0.06158200
v 0.02031300 -0.02760700 0.06190900
v 0.02053300 -0.02744500 0.06190900
v 0.01986900 -0.02792700 0.06092700
v 0.01942100 -0.02824000 0.06158200
v 0.01986900 -0.02792700 0.06158200
v 0.02091400 -0.02715600 0.06207300
v 0.02118400 -0.02694600 0.06207300
v 0.02107700 -0.02703000 0.06190900
v 0.02107700 -0.02703000 0.06207300
v 0.02161200 -0.02660500 0.06190900
v 0.02139900 -0.02677700 0.06158200
v 0.02139900 -0.02677700 0.06190900
v 0.02444700 -0.02403500 0.06092700
v 0.02366600 -0.02480100 0.05961700
v 0.02366600 -0.02480100 0.06092700
v 0.02593200 -0.02243000 0.05961700
v 0.02444700 -0.02403500 0.06158200
v 0.02405900 -0.02442100 0.06092700
v 0.02366600 -0.02480100 0.06158200
v 0.02405900 -0.02442100 0.06158200
v 0.02593200 -0.02243000 0.06092700
v 0.02520200 -0.02324400 0.05961700
v 0.02520200 -0.02324400 0.06092700
v 0.02444700 -0.02403500 0.06190900
v 0.02425400 -0.02422900 0.06158200
v 0.02405900 -0.02442100 0.06190900
v 0.02425400 -0.02422900 0.06190900
v 0.02520200 -0.02324400 0.06158200
v 0.02482800 -0.02364300 0.06092700
v 0.02482800 -0.02364300 0.06158200
v 0.02435000 -0.02413200 0.06190900
v 0.02482800 -0.02364300 0.06190900
v 0.02463800 -0.02384000 0.06158200
v 0.02463800 -0.02384000 0.06190900
v 0.02973500 -0.01709300 0.06204500
v 0.02973500 -0.01709300 0.05952100
v -0.00000000 -0.03426100 0.05949800
v 0.02773900 -0.02016000 0.05699800
v 0.02542800 -0.02299800 0.05699800
v 0.02282800 -0.02557300 0.05699800
v 0.01996800 -0.02785700 0.05699800
v 0.01688200 -0.02982400 0.05699800
v 0.01360400 -0.03145100 0.05699800
v 0.01017100 -0.03271900 0.05699800
v 0.00662300 -0.03361600 0.05699800
v 0.00300000 -0.03412900 0.05699800
v 0.00300000 -0.03412900 0.06049800
v 0.00250000 -0.03417000 0.06049800
v 0.00250000 -0.03417000 0.05949800
v -0.02973500 -0.01709300 0.05699800
v -0.02973500 -0.01709300 0.06204500
v -0.02848700 -0.01909300 0.06205800
v -0.02715100 -0.02094300 0.06207100
v -0.02574700 -0.02264100 0.06208400
v -0.02429200 -0.02419100 0.06209800
v -0.02424400 -0.02423900 0.06209900
v -0.02419500 -0.02428800 0.06209900
v -0.02409700 -0.02438500 0.06210000
v -0.02390000 -0.02457700 0.06210200
v -0.02349800 -0.02496000 0.06210600
v -0.02266800 -0.02571400 0.06211400
v -0.02090300 -0.02716500 0.06213000
v -0.02087800 -0.02718400 0.06213000
v -0.02085300 -0.02720300 0.06213100
v -0.02080200 -0.02724200 0.06213100
v -0.02070100 -0.02731900 0.06213200
v -0.02049500 -0.02747300 0.06213400
v -0.02007000 -0.02778400 0.06213800
v -0.01917200 -0.02841000 0.06214600
v -0.01717200 -0.02965800 0.06216300
v -0.01703300 -0.02973800 0.06216400
v -0.01689500 -0.02981600 0.06216500
v -0.01662000 -0.02997000 0.06216700
v -0.01607000 -0.03026800 0.06217200
v -0.01498200 -0.03082000 0.06217900
v -0.01285500 -0.03176300 0.06219300
v -0.01081500 -0.03251300 0.06220500
v -0.00887700 -0.03309300 0.06221400
v -0.00884400 -0.03310200 0.06221400
v -0.00881100 -0.03311100 0.06221400
v -0.00874500 -0.03312800 0.06221500
v -0.00861400 -0.03316300 0.06221500
v -0.00834900 -0.03323000 0.06221600
v -0.00781600 -0.03335900 0.06221900
v -0.00673000 -0.03359500 0.06222300
v -0.00448900 -0.03396600 0.06223000
v -0.00445900 -0.03397000 0.06223000
v -0.00443000 -0.03397400 0.06223000
v -0.00437000 -0.03398100 0.06223100
v -0.00424900 -0.03399700 0.06223100
v -0.00400400 -0.03402600 0.06223100
v -0.00349600 -0.03408200 0.06223300
v -0.00241700 -0.03417500 0.06223500
v -0.02120100 -0.02693300 0.05961700
v -0.02450000 -0.02398100 0.05961700
v -0.02289800 -0.02551000 0.05961700
v -0.02289800 -0.02551000 0.06092700
v -0.02371100 -0.02475900 0.05961700
v -0.02450000 -0.02398100 0.06092700
v -0.02371100 -0.02475900 0.06092700
v -0.02596500 -0.02239100 0.05961700
v -0.02371100 -0.02475900 0.06158200
v -0.02410900 -0.02437300 0.06092700
v -0.02450000 -0.02398100 0.06158200
v -0.02410900 -0.02437300 0.06158200
v -0.02524500 -0.02319800 0.05961700
v -0.02596500 -0.02239100 0.06092700
v -0.02524500 -0.02319800 0.06092700
v -0.02410900 -0.02437300 0.06190900
v -0.02430500 -0.02417800 0.06158200
v -0.02450000 -0.02398100 0.06190900
v -0.02430500 -0.02417800 0.06190900
v -0.02487600 -0.02359200 0.06092700
v -0.02524500 -0.02319800 0.06158200
v -0.02487600 -0.02359200 0.06158200
v -0.02420700 -0.02427600 0.06190900
v -0.02371100 -0.02475900 0.06190900
v -0.02391100 -0.02456700 0.06158200
v -0.02391100 -0.02456700 0.06190900
v -0.02289800 -0.02551000 0.06158200
v -0.02330800 -0.02513800 0.06092700
v -0.02330800 -0.02513800 0.06158200
v -0.02120100 -0.02693300 0.06092700
v -0.02206100 -0.02623500 0.05961700
v -0.02206100 -0.02623500 0.06092700
v -0.01761400 -0.02939800 0.05961700
v -0.01944700 -0.02822300 0.05961700
v -0.01944700 -0.02822300 0.06092700
v -0.02033400 -0.02759200 0.05961700
v -0.02033400 -0.02759200 0.06092700
v -0.02033400 -0.02759200 0.06158200
v -0.02077000 -0.02726600 0.06092700
v -0.02120100 -0.02693300 0.06158200
v -0.02077000 -0.02726600 0.06158200
v -0.02077000 -0.02726600 0.06190900
v -0.02098600 -0.02710000 0.06158200
v -0.02120100 -0.02693300 0.06190900
v -0.02098600 -0.02710000 0.06190900
v -0.02163400 -0.02658800 0.06092700
v -0.02206100 -0.02623500 0.06158200
v -0.02163400 -0.02658800 0.06158200
v -0.02077000 -0.02726600 0.06207300
v -0.02087900 -0.02718300 0.06190900
v -0.02098600 -0.02710000 0.06207300
v -0.02087900 -0.02718300 0.06207300
v -0.02033400 -0.02759200 0.06190900
v -0.02055300 -0.02743000 0.06158200
v -0.02055300 -0.02743000 0.06190900
v -0.01944700 -0.02822300 0.06158200
v -0.01989300 -0.02791100 0.06092700
v -0.01989300 -0.02791100 0.06158200
v -0.01761400 -0.02939800 0.06092700
v -0.01854000 -0.02882500 0.05961700
v -0.01854000 -0.02882500 0.06092700
v -0.01349800 -0.03149600 0.05961700
v -0.01559100 -0.03051700 0.05961700
v -0.02093300 -0.02714200 0.06207300
v -0.02109400 -0.02701700 0.06190900
v -0.02120100 -0.02693300 0.06207300
v -0.02109400 -0.02701700 0.06207300
v -0.02141800 -0.02676100 0.06158200
v -0.02163400 -0.02658800 0.06190900
v -0.02141800 -0.02676100 0.06190900
v -0.02082400 -0.02722500 0.06207300
v -0.02055300 -0.02743000 0.06207300
v -0.02066200 -0.02734800 0.06190900
v -0.02066200 -0.02734800 0.06207300
v -0.01559100 -0.03051700 0.06092700
v -0.01661200 -0.02997500 0.05961700
v -0.01661200 -0.02997500 0.06092700
v -0.01661200 -0.02997500 0.06158200
v -0.01711600 -0.02969100 0.06092700
v -0.01761400 -0.02939800 0.06158200
v -0.01711600 -0.02969100 0.06158200
v -0.01711600 -0.02969100 0.06190900
v -0.01736500 -0.02954600 0.06158200
v -0.01761400 -0.02939800 0.06190900
v -0.01736500 -0.02954600 0.06190900
v -0.01807900 -0.02911500 0.06092700
v -0.01854000 -0.02882500 0.06158200
v -0.01807900 -0.02911500 0.06158200
v -0.01661200 -0.02997500 0.06190900
v -0.01686400 -0.02983400 0.06158200
v -0.01686400 -0.02983400 0.06190900
v -0.01559100 -0.03051700 0.06158200
v -0.01610400 -0.03025000 0.06092700
v -0.01610400 -0.03025000 0.06158200
v -0.01349800 -0.03149600 0.06092700
v -0.01455300 -0.03102400 0.05961700
v -0.01455300 -0.03102400 0.06092700
v -0.00913700 -0.03302300 0.05961700
v -0.01134300 -0.03233300 0.05961700
v -0.00461000 -0.03395000 0.05961700
v -0.00688900 -0.03356200 0.05961700
v -0.00688900 -0.03356200 0.06092700
v -0.00801700 -0.03331200 0.05961700
v -0.00913700 -0.03302300 0.06092700
v -0.00801700 -0.03331200 0.06092700
v -0.00801700 -0.03331200 0.06158200
v -0.00857800 -0.03317200 0.06092700
v -0.00913700 -0.03302300 0.06158200
v -0.00857800 -0.03317200 0.06158200
v -0.01024500 -0.03269600 0.05961700
v -0.01134300 -0.03233300 0.06092700
v -0.01024500 -0.03269600 0.06092700
v -0.00857800 -0.03317200 0.06190900
v -0.00885800 -0.03309800 0.06158200
v -0.00913700 -0.03302300 0.06190900
v -0.00885800 -0.03309800 0.06190900
v -0.00969200 -0.03286400 0.06092700
v -0.01024500 -0.03269600 0.06158200
v -0.00969200 -0.03286400 0.06158200
v -0.00885800 -0.03309800 0.06207300
v -0.00899700 -0.03306100 0.06190900
v -0.00913700 -0.03302300 0.06207300
v -0.00899700 -0.03306100 0.06207300
v -0.00941500 -0.03294500 0.06158200
v -0.00969200 -0.03286400 0.06190900
v -0.00941500 -0.03294500 0.06190900
v -0.00857800 -0.03317200 0.06207300
v -0.00871800 -0.03313500 0.06190900
v -0.00871800 -0.03313500 0.06207300
v -0.00801700 -0.03331200 0.06190900
v -0.00829800 -0.03324300 0.06158200
v -0.00829800 -0.03324300 0.06190900
v -0.00688900 -0.03356200 0.06158200
v -0.00745400 -0.03344200 0.06092700
v -0.00745400 -0.03344200 0.06158200
v -0.00461000 -0.03395000 0.06092700
v -0.00575300 -0.03377500 0.05961700
v -0.00575300 -0.03377500 0.06092700
v -0.00871800 -0.03313500 0.06215500
v -0.00878800 -0.03311700 0.06207300
v -0.00885800 -0.03309800 0.06215500
v -0.00878800 -0.03311700 0.06215500
v -0.00231000 -0.03418300 0.06092700
v -0.00346200 -0.03408600 0.05961700
v -0.00346200 -0.03408600 0.06092700
v -0.00346200 -0.03408600 0.06158200
v -0.00403700 -0.03402300 0.06092700
v -0.00461000 -0.03395000 0.06158200
v -0.00403700 -0.03402300 0.06158200
v -0.00403700 -0.03402300 0.06190900
v -0.00432300 -0.03398700 0.06158200
v -0.00461000 -0.03395000 0.06190900
v -0.00432300 -0.03398700 0.06190900
v -0.00518200 -0.03386700 0.06092700
v -0.00575300 -0.03377500 0.06158200
v -0.00518200 -0.03386700 0.06158200
v -0.00432300 -0.03398700 0.06207300
v -0.00446700 -0.03396900 0.06190900
v -0.00461000 -0.03395000 0.06207300
v -0.00446700 -0.03396900 0.06207300
v -0.00489600 -0.03391000 0.06158200
v -0.00518200 -0.03386700 0.06190900
v -0.00489600 -0.03391000 0.06190900
v -0.00446700 -0.03396900 0.06215500
v -0.00453800 -0.03395900 0.06207300
v -0.00461000 -0.03395000 0.06215500
v -0.00453800 -0.03395900 0.06215500
v -0.00475300 -0.03393000 0.06190900
v -0.00489600 -0.03391000 0.06207300
v -0.00475300 -0.03393000 0.06207300
v -0.00432300 -0.03398700 0.06215500
v -0.00439500 -0.03397800 0.06207300
v -0.00439500 -0.03397800 0.06215500
v -0.00403700 -0.03402300 0.06207300
v -0.00418000 -0.03400500 0.06190900
v -0.00418000 -0.03400500 0.06207300
v -0.00346200 -0.03408600 0.06190900
v -0.00375000 -0.03405500 0.06158200
v -0.00375000 -0.03405500 0.06190900
v -0.00231000 -0.03418300 0.06158200
v -0.00288700 -0.03413900 0.06092700
v -0.00288700 -0.03413900 0.06158200
v -0.02973500 -0.01709300 0.05952100
v -0.00000000 -0.03426100 0.06223700
v -0.00000000 -0.03426100 0.05949800
v -0.00250000 -0.03417000 0.05949800
v -0.00250000 -0.03417000 0.06049800
v -0.00300000 -0.03412900 0.06049800
v -0.00300000 -0.03412900 0.05699800
v -0.00662300 -0.03361600 0.05699800
v -0.01017200 -0.03271900 0.05699800
v -0.01360400 -0.03145100 0.05699800
v -0.01688200 -0.02982400 0.05699800
v -0.01996900 -0.02785700 0.05699800
v -0.02282800 -0.02557300 0.05699800
v -0.02542800 -0.02299800 0.05699800
v -0.02773900 -0.02016000 0.05699800
vn -0.00000000 -0.00000000 1.00000000
vn -0.00000000 -0.00020000 1.00000000
vn -0.00000000 0.00020000 1.00000000
vn -0.00000000 -0.00030000 1.00000000
vn -0.00010000 -0.00030000 1.00000000
vn -0.00000000 -0.00000000 1.00000000
vn -0.00000000 0.00020000 1.00000000
vn -0.00000000 0.00010000 1.00000000
vn -0.00000000 -0.00000000 1.00000000
vn -0.00000000 -0.00000000 1.00000000
vn -0.00000000 -0.00000000 1.00000000
vn -0.00000000 0.00010000 1.00000000
vn -0.00000000 0.00010000 1.00000000
vn -0.00000000 -0.00000000 1.00000000
vn -0.00140000 -0.00000000 1.00000000
vn -0.00140000 -0.00000000 1.00000000
vn -0.00130000 -0.00000000 1.00000000
vn -0.00120000 -0.00000000 1.00000000
vn -0.00110000 -0.00000000 1.00000000
vn -0.00100000 0.00010000 1.00000000
vn -0.00080000 0.00010000 1.00000000
vn -0.00070000 0.00010000 1.00000000
vn -0.00060000 -0.00000000 1.00000000
vn -0.00040000 -0.00000000 1.00000000
vn -0.00030000 -0.00010000 1.00000000
vn -0.00020000 -0.00010000 1.00000000
vn -0.00020000 -0.00010000 1.00000000
vn -0.00010000 -0.00010000 1.00000000
vn -0.01220000 -0.00010000 0.99990000
vn -0.01200000 0.00010000 0.99990000
vn -0.01160000 0.00050000 0.99990000
vn -0.01100000 0.00100000 0.99990000
vn -0.01010000 0.00160000 0.99990000
vn -0.00920000 0.00220000 1.00000000
vn -0.00810000 0.00280000 1.00000000
vn -0.00700000 0.00320000 1.00000000
vn -0.00590000 0.00350000 1.00000000
vn -0.00480000 0.00360000 1.00000000
vn -0.00390000 0.00380000 1.00000000
vn -0.00280000 0.00380000 1.00000000
vn -0.00190000 0.00390000 1.00000000
vn -0.00090000 0.00380000 1.00000000
vn -0.03230000 -0.00010000 0.99950000
vn -0.03180000 0.00040000 0.99950000
vn -0.03070000 0.00150000 0.99950000
vn -0.02920000 0.00300000 0.99960000
vn -0.02720000 0.00470000 0.99960000
vn -0.02470000 0.00640000 0.99970000
vn -0.02190000 0.00810000 0.99970000
vn -0.01890000 0.00940000 0.99980000
vn -0.01600000 0.01040000 0.99980000
vn -0.01320000 0.01100000 0.99990000
vn -0.01050000 0.01150000 0.99990000
vn -0.00790000 0.01180000 0.99990000
vn -0.00520000 0.01190000 0.99990000
vn -0.00270000 0.01190000 0.99990000
vn -0.06300000 -0.00010000 0.99800000
vn -0.06190000 0.00100000 0.99810000
vn -0.06000000 0.00320000 0.99820000
vn -0.05700000 0.00620000 0.99840000
vn -0.05310000 0.00960000 0.99850000
vn -0.04830000 0.01320000 0.99870000
vn -0.04290000 0.01650000 0.99890000
vn -0.03710000 0.01920000 0.99910000
vn -0.03150000 0.02130000 0.99930000
vn -0.02600000 0.02260000 0.99940000
vn -0.02060000 0.02360000 0.99950000
vn -0.01540000 0.02420000 0.99960000
vn -0.01030000 0.02450000 0.99960000
vn -0.00520000 0.02470000 0.99970000
vn -0.11830000 0.00040000 0.99300000
vn -0.11660000 0.00310000 0.99320000
vn -0.11340000 0.00780000 0.99350000
vn -0.10840000 0.01400000 0.99400000
vn -0.10170000 0.02120000 0.99460000
vn -0.09330000 0.02870000 0.99520000
vn -0.08360000 0.03580000 0.99590000
vn -0.07310000 0.04210000 0.99640000
vn -0.06260000 0.04710000 0.99690000
vn -0.05220000 0.05090000 0.99730000
vn -0.04180000 0.05380000 0.99770000
vn -0.03140000 0.05580000 0.99790000
vn -0.02110000 0.05730000 0.99810000
vn -0.01070000 0.05820000 0.99820000
vn -0.20530000 0.00190000 0.97870000
vn -0.20300000 0.00770000 0.97920000
vn -0.19860000 0.01700000 0.97990000
vn -0.19140000 0.02930000 0.98110000
vn -0.18150000 0.04330000 0.98240000
vn -0.16840000 0.05820000 0.98400000
vn -0.15280000 0.07300000 0.98560000
vn -0.13520000 0.08660000 0.98700000
vn -0.11730000 0.09790000 0.98830000
vn -0.09890000 0.10730000 0.98930000
vn -0.08000000 0.11490000 0.99020000
vn -0.06050000 0.12090000 0.99080000
vn -0.04090000 0.12520000 0.99130000
vn -0.02080000 0.12800000 0.99160000
vn -0.20780000 0.10570000 0.97240000
vn -0.16090000 0.06570000 0.98480000
vn -0.22670000 0.08390000 0.97030000
vn -0.21770000 0.09490000 0.97140000
vn -0.18590000 0.12640000 0.97440000
vn -0.14410000 0.08010000 0.98630000
vn -0.19710000 0.11640000 0.97350000
vn -0.16290000 0.14430000 0.97600000
vn -0.12630000 0.09260000 0.98770000
vn -0.17450000 0.13570000 0.97530000
vn -0.13860000 0.15950000 0.97740000
vn -0.10810000 0.10280000 0.98880000
vn -0.15090000 0.15220000 0.97680000
vn -0.11290000 0.17240000 0.97850000
vn -0.08950000 0.11130000 0.98980000
vn -0.12600000 0.16620000 0.97800000
vn -0.08590000 0.18280000 0.97940000
vn -0.07020000 0.11810000 0.99050000
vn -0.09950000 0.17790000 0.97900000
vn -0.05820000 0.19050000 0.98000000
vn -0.05070000 0.12320000 0.99110000
vn -0.07220000 0.18700000 0.97970000
vn -0.02970000 0.19550000 0.98030000
vn -0.03090000 0.12680000 0.99140000
vn -0.04410000 0.19330000 0.98010000
vn -0.01050000 0.12880000 0.99160000
vn -0.01500000 0.19700000 0.98030000
vn -0.00000000 0.30930000 0.95100000
vn -0.00000000 0.18680000 0.98240000
vn -0.00000000 0.12600000 0.99200000
vn -0.00000000 0.08640000 0.99630000
vn -0.00000000 0.06100000 0.99810000
vn -0.00000000 0.04150000 0.99910000
vn -0.00000000 0.02770000 0.99960000
vn -0.00000000 0.01980000 0.99980000
vn -0.00000000 0.01430000 0.99990000
vn -0.00000000 0.00960000 1.00000000
vn -0.00000000 0.00580000 1.00000000
vn -0.00000000 0.00290000 1.00000000
vn -0.00000000 0.00090000 1.00000000
vn 0.00010000 -0.00020000 1.00000000
vn -0.00010000 -0.00070000 1.00000000
vn -0.00060000 -0.00000000 1.00000000
vn -0.00800000 0.00010000 1.00000000
vn -0.02200000 -0.00000000 0.99980000
vn -0.04280000 -0.00000000 0.99910000
vn -0.07400000 -0.00010000 0.99730000
vn -0.12500000 -0.00000000 0.99220000
vn -0.19900000 -0.00000000 0.98000000
vn -0.30960000 0.00020000 0.95090000
vn -0.30980000 0.00230000 0.95080000
vn -0.31010000 0.00590000 0.95070000
vn -0.31030000 0.01060000 0.95060000
vn -0.31030000 0.01650000 0.95050000
vn -0.30940000 0.03050000 0.95040000
vn -0.30850000 0.03830000 0.95050000
vn -0.30790000 0.04240000 0.95050000
vn -0.30760000 0.04450000 0.95050000
vn -0.30750000 0.04550000 0.95050000
vn -0.30740000 0.04600000 0.95050000
vn -0.30730000 0.04630000 0.95050000
vn -0.30730000 0.04650000 0.95050000
vn -0.30300000 0.06750000 0.95060000
vn -0.29970000 0.07980000 0.95070000
vn -0.29770000 0.08640000 0.95070000
vn -0.29660000 0.08990000 0.95080000
vn -0.29600000 0.09160000 0.95080000
vn -0.29570000 0.09250000 0.95080000
vn -0.29560000 0.09300000 0.95080000
vn -0.29540000 0.09320000 0.95080000
vn -0.29550000 0.09340000 0.95080000
vn -0.29550000 0.09340000 0.95080000
vn -0.29550000 0.09350000 0.95080000
vn -0.29200000 0.10300000 0.95090000
vn -0.28880000 0.11100000 0.95090000
vn -0.28680000 0.11580000 0.95100000
vn -0.28570000 0.11830000 0.95100000
vn -0.28510000 0.11970000 0.95100000
vn -0.28470000 0.12030000 0.95100000
vn -0.28460000 0.12070000 0.95100000
vn -0.28450000 0.12090000 0.95100000
vn -0.28450000 0.12110000 0.95100000
vn -0.27710000 0.13650000 0.95110000
vn -0.26950000 0.15020000 0.95120000
vn -0.25290000 0.04250000 0.96660000
vn -0.19540000 0.02290000 0.98050000
vn -0.26030000 0.02530000 0.96520000
vn -0.25710000 0.03350000 0.96580000
vn -0.29470000 0.04060000 0.95470000
vn -0.25880000 0.02930000 0.96550000
vn -0.29630000 0.03560000 0.95440000
vn -0.20110000 0.01200000 0.97950000
vn -0.26470000 0.01210000 0.96430000
vn -0.26290000 0.01810000 0.96470000
vn -0.29070000 0.05140000 0.95540000
vn -0.25510000 0.03800000 0.96620000
vn -0.29280000 0.04590000 0.95510000
vn -0.24190000 0.06230000 0.96830000
vn -0.18680000 0.03610000 0.98170000
vn -0.24790000 0.05220000 0.96740000
vn -0.29380000 0.04320000 0.95490000
vn -0.30410000 0.04540000 0.95160000
vn -0.29430000 0.04190000 0.95480000
vn -0.30500000 0.04270000 0.95140000
vn -0.30460000 0.04400000 0.95150000
vn -0.27320000 0.04180000 0.96110000
vn -0.25610000 0.03570000 0.96600000
vn -0.27520000 0.03690000 0.96070000
vn -0.27440000 0.03930000 0.96080000
vn -0.22050000 0.03540000 0.97480000
vn -0.19350000 0.02600000 0.98080000
vn -0.22450000 0.02770000 0.97410000
vn -0.22270000 0.03160000 0.97440000
vn -0.14410000 0.02020000 0.98940000
vn -0.11110000 0.01070000 0.99380000
vn -0.15030000 0.01150000 0.98860000
vn -0.14750000 0.01560000 0.98890000
vn -0.29560000 0.03810000 0.95460000
vn -0.30430000 0.04470000 0.95150000
vn -0.30320000 0.04820000 0.95170000
vn -0.29330000 0.04460000 0.95500000
vn -0.30370000 0.04680000 0.95160000
vn -0.29180000 0.04860000 0.95530000
vn -0.28570000 0.06290000 0.95620000
vn -0.25050000 0.04730000 0.96700000
vn -0.28830000 0.05710000 0.95580000
vn -0.30390000 0.04610000 0.95160000
vn -0.17530000 0.05060000 0.98320000
vn -0.23480000 0.07290000 0.96930000
vn -0.27240000 0.08790000 0.95820000
vn -0.23850000 0.06760000 0.96880000
vn -0.27970000 0.07510000 0.95720000
vn -0.27620000 0.08140000 0.95760000
vn -0.27430000 0.08460000 0.95790000
vn -0.26390000 0.10120000 0.95920000
vn -0.23090000 0.07840000 0.96980000
vn -0.26830000 0.09450000 0.95870000
vn -0.28480000 0.08870000 0.95450000
vn -0.27530000 0.08300000 0.95780000
vn -0.28660000 0.08550000 0.95420000
vn -0.28580000 0.08710000 0.95430000
vn -0.25300000 0.08010000 0.96420000
vn -0.23670000 0.07020000 0.96910000
vn -0.25650000 0.07410000 0.96370000
vn -0.25490000 0.07710000 0.96390000
vn -0.20330000 0.06090000 0.97720000
vn -0.17850000 0.04690000 0.98280000
vn -0.20990000 0.05200000 0.97630000
vn -0.20680000 0.05640000 0.97680000
vn -0.12510000 0.04070000 0.99130000
vn -0.09770000 0.02490000 0.99490000
vn -0.13570000 0.03010000 0.99030000
vn -0.13060000 0.03530000 0.99080000
vn -0.27790000 0.07820000 0.95740000
vn -0.24500000 0.05720000 0.96780000
vn -0.28280000 0.06890000 0.95670000
vn -0.29010000 0.09080000 0.95270000
vn -0.28530000 0.08790000 0.95440000
vn -0.29110000 0.08920000 0.95250000
vn -0.29070000 0.09000000 0.95260000
vn -0.28280000 0.09210000 0.95470000
vn -0.27340000 0.08620000 0.95800000
vn -0.28390000 0.09050000 0.95460000
vn -0.27040000 0.09110000 0.95840000
vn -0.29300000 0.09200000 0.95170000
vn -0.29040000 0.09050000 0.95260000
vn -0.29340000 0.09100000 0.95160000
vn -0.29320000 0.09140000 0.95170000
vn -0.28920000 0.09260000 0.95280000
vn -0.28430000 0.08960000 0.95450000
vn -0.28980000 0.09180000 0.95270000
vn -0.29240000 0.09280000 0.95180000
vn -0.29000000 0.09130000 0.95270000
vn -0.29240000 0.09230000 0.95180000
vn -0.29390000 0.09290000 0.95130000
vn -0.29290000 0.09220000 0.95170000
vn -0.29430000 0.09230000 0.95120000
vn -0.29400000 0.09270000 0.95130000
vn -0.29470000 0.09330000 0.95100000
vn -0.29390000 0.09280000 0.95130000
vn -0.29490000 0.09290000 0.95100000
vn -0.29480000 0.09310000 0.95100000
vn -0.29380000 0.09340000 0.95130000
vn -0.29260000 0.09260000 0.95170000
vn -0.29390000 0.09330000 0.95130000
vn -0.29200000 0.09380000 0.95180000
vn -0.28950000 0.09220000 0.95270000
vn -0.29210000 0.09330000 0.95180000
vn -0.28830000 0.09440000 0.95290000
vn -0.28330000 0.09130000 0.95470000
vn -0.28890000 0.09350000 0.95280000
vn -0.28090000 0.09560000 0.95500000
vn -0.27150000 0.08950000 0.95830000
vn -0.28190000 0.09390000 0.95480000
vn -0.24870000 0.08600000 0.96480000
vn -0.23290000 0.07560000 0.96960000
vn -0.25080000 0.08290000 0.96450000
vn -0.19580000 0.07010000 0.97810000
vn -0.17200000 0.05440000 0.98360000
vn -0.19970000 0.06550000 0.97770000
vn -0.25420000 0.11460000 0.96030000
vn -0.22230000 0.08940000 0.97090000
vn -0.25910000 0.10790000 0.95980000
vn -0.28030000 0.11880000 0.95250000
vn -0.26150000 0.10460000 0.95950000
vn -0.28270000 0.11510000 0.95230000
vn -0.28150000 0.11700000 0.95240000
vn -0.27520000 0.12630000 0.95310000
vn -0.25670000 0.11130000 0.96010000
vn -0.27780000 0.12260000 0.95280000
vn -0.24350000 0.12800000 0.96140000
vn -0.21290000 0.10030000 0.97190000
vn -0.24900000 0.12130000 0.96090000
vn -0.28080000 0.11780000 0.95250000
vn -0.27900000 0.12080000 0.95270000
vn -0.26950000 0.11320000 0.95630000
vn -0.26040000 0.10620000 0.95970000
vn -0.27190000 0.10970000 0.95600000
vn -0.27070000 0.11150000 0.95620000
vn -0.24010000 0.09830000 0.96580000
vn -0.22450000 0.08670000 0.97060000
vn -0.24440000 0.09210000 0.96530000
vn -0.24250000 0.09520000 0.96550000
vn -0.18750000 0.07910000 0.97910000
vn -0.16470000 0.06200000 0.98440000
vn -0.19190000 0.07480000 0.97860000
vn -0.11250000 0.05080000 0.99230000
vn -0.08850000 0.03230000 0.99550000
vn -0.11900000 0.04580000 0.99180000
vn -0.28300000 0.12030000 0.95160000
vn -0.28060000 0.11840000 0.95250000
vn -0.28360000 0.11920000 0.95150000
vn -0.28340000 0.11980000 0.95150000
vn -0.27960000 0.11970000 0.95260000
vn -0.26700000 0.11680000 0.95660000
vn -0.25790000 0.10960000 0.95990000
vn -0.26820000 0.11500000 0.95650000
vn -0.23500000 0.10420000 0.96640000
vn -0.22000000 0.09220000 0.97110000
vn -0.23750000 0.10120000 0.96610000
vn -0.27480000 0.11600000 0.95450000
vn -0.27010000 0.11240000 0.95630000
vn -0.27610000 0.11410000 0.95430000
vn -0.27550000 0.11510000 0.95440000
vn -0.28310000 0.12000000 0.95160000
vn -0.28240000 0.12120000 0.95160000
vn -0.27990000 0.11930000 0.95260000
vn -0.28260000 0.12080000 0.95160000
vn -0.27360000 0.11780000 0.95460000
vn -0.26890000 0.11410000 0.95640000
vn -0.27420000 0.11690000 0.95450000
vn -0.28250000 0.12040000 0.95170000
vn -0.25840000 0.16790000 0.95130000
vn -0.24680000 0.18430000 0.95140000
vn -0.23470000 0.19940000 0.95140000
vn -0.22860000 0.20640000 0.95140000
vn -0.22550000 0.20990000 0.95140000
vn -0.22390000 0.21150000 0.95140000
vn -0.22310000 0.21230000 0.95140000
vn -0.22280000 0.21280000 0.95140000
vn -0.22240000 0.21320000 0.95140000
vn -0.20840000 0.22700000 0.95130000
vn -0.20090000 0.23370000 0.95130000
vn -0.19700000 0.23700000 0.95130000
vn -0.19500000 0.23860000 0.95130000
vn -0.19400000 0.23940000 0.95130000
vn -0.19350000 0.23980000 0.95130000
vn -0.19330000 0.24010000 0.95130000
vn -0.19300000 0.24030000 0.95130000
vn -0.17770000 0.25180000 0.95130000
vn -0.16910000 0.25770000 0.95130000
vn -0.16450000 0.26060000 0.95130000
vn -0.16220000 0.26210000 0.95130000
vn -0.16100000 0.26290000 0.95130000
vn -0.15980000 0.26360000 0.95130000
vn -0.13970000 0.27490000 0.95130000
vn -0.12030000 0.28420000 0.95120000
vn -0.10160000 0.29170000 0.95110000
vn -0.09260000 0.29480000 0.95110000
vn -0.08820000 0.29620000 0.95100000
vn -0.08600000 0.29690000 0.95100000
vn -0.08490000 0.29730000 0.95100000
vn -0.08440000 0.29740000 0.95100000
vn -0.08410000 0.29750000 0.95100000
vn -0.08380000 0.29760000 0.95100000
vn -0.06400000 0.30260000 0.95100000
vn -0.05360000 0.30460000 0.95100000
vn -0.04840000 0.30550000 0.95100000
vn -0.04570000 0.30590000 0.95100000
vn -0.04430000 0.30610000 0.95100000
vn -0.04370000 0.30620000 0.95100000
vn -0.04330000 0.30630000 0.95100000
vn -0.04300000 0.30630000 0.95100000
vn -0.02330000 0.30850000 0.95090000
vn -0.19330000 0.17650000 0.96510000
vn -0.16870000 0.14000000 0.97570000
vn -0.20660000 0.16550000 0.96430000
vn -0.20000000 0.17110000 0.96470000
vn -0.21120000 0.19580000 0.95760000
vn -0.19670000 0.17380000 0.96490000
vn -0.21830000 0.18970000 0.95730000
vn -0.21480000 0.19280000 0.95740000
vn -0.17970000 0.18670000 0.96580000
vn -0.15690000 0.14830000 0.97640000
vn -0.18660000 0.18170000 0.96550000
vn -0.20400000 0.20170000 0.95800000
vn -0.19000000 0.17910000 0.96530000
vn -0.20770000 0.19880000 0.95780000
vn -0.21720000 0.20940000 0.95340000
vn -0.20940000 0.19730000 0.95770000
vn -0.22080000 0.20620000 0.95330000
vn -0.21890000 0.20780000 0.95340000
vn -0.21990000 0.20700000 0.95330000
vn -0.21300000 0.19430000 0.95750000
vn -0.22270000 0.20460000 0.95320000
vn -0.21810000 0.20860000 0.95340000
vn -0.21330000 0.21250000 0.95360000
vn -0.20580000 0.20020000 0.95790000
vn -0.21520000 0.21100000 0.95350000
vn -0.19660000 0.20750000 0.95830000
vn -0.18310000 0.18420000 0.96570000
vn -0.20030000 0.20460000 0.95810000
vn -0.16550000 0.19620000 0.96650000
vn -0.14480000 0.15590000 0.97710000
vn -0.17260000 0.19160000 0.96620000
vn -0.18140000 0.21830000 0.95890000
vn -0.16910000 0.19400000 0.96630000
vn -0.18910000 0.21300000 0.95860000
vn -0.18530000 0.21570000 0.95870000
vn -0.15080000 0.20500000 0.96710000
vn -0.13230000 0.16290000 0.97770000
vn -0.15820000 0.20070000 0.96680000
vn -0.17350000 0.22350000 0.95910000
vn -0.16190000 0.19850000 0.96660000
vn -0.17750000 0.22090000 0.95900000
vn -0.18590000 0.23310000 0.95450000
vn -0.17940000 0.21960000 0.95890000
vn -0.18990000 0.23030000 0.95440000
vn -0.18790000 0.23170000 0.95450000
vn -0.19220000 0.23800000 0.95210000
vn -0.18890000 0.23100000 0.95440000
vn -0.19430000 0.23650000 0.95200000
vn -0.19330000 0.23720000 0.95200000
vn -0.18330000 0.21700000 0.95880000
vn -0.19390000 0.22750000 0.95430000
vn -0.19200000 0.22900000 0.95430000
vn -0.19020000 0.23940000 0.95210000
vn -0.18680000 0.23240000 0.95450000
vn -0.19120000 0.23870000 0.95210000
vn -0.18170000 0.23580000 0.95470000
vn -0.17550000 0.22220000 0.95910000
vn -0.18390000 0.23450000 0.95460000
vn -0.16550000 0.22850000 0.95940000
vn -0.15450000 0.20290000 0.96690000
vn -0.16970000 0.22600000 0.95920000
vn -0.13550000 0.21310000 0.96760000
vn -0.11950000 0.16940000 0.97830000
vn -0.14320000 0.20910000 0.96730000
vn -0.19170000 0.23830000 0.95210000
vn -0.14890000 0.23780000 0.95990000
vn -0.13940000 0.21120000 0.96750000
vn -0.15730000 0.23320000 0.95960000
vn -0.15310000 0.23550000 0.95970000
vn -0.11960000 0.22050000 0.96800000
vn -0.10630000 0.17520000 0.97880000
vn -0.12760000 0.21690000 0.96780000
vn -0.15610000 0.25120000 0.95530000
vn -0.15100000 0.23660000 0.95980000
vn -0.16050000 0.24870000 0.95520000
vn -0.15830000 0.25000000 0.95520000
vn -0.14030000 0.24210000 0.96010000
vn -0.13160000 0.21500000 0.96770000
vn -0.14460000 0.24000000 0.95990000
vn -0.15160000 0.25350000 0.95540000
vn -0.14670000 0.23880000 0.95990000
vn -0.15380000 0.25230000 0.95530000
vn -0.07020000 0.23730000 0.96890000
vn -0.06520000 0.18880000 0.97980000
vn -0.08700000 0.23260000 0.96870000
vn -0.07860000 0.23500000 0.96880000
vn -0.07740000 0.26570000 0.96090000
vn -0.07440000 0.23610000 0.96890000
vn -0.08660000 0.26310000 0.96090000
vn -0.08200000 0.26440000 0.96090000
vn -0.05320000 0.24110000 0.96900000
vn -0.05120000 0.19200000 0.98010000
vn -0.06180000 0.23930000 0.96900000
vn -0.08130000 0.28110000 0.95620000
vn -0.07970000 0.26500000 0.96090000
vn -0.08610000 0.27980000 0.95620000
vn -0.08370000 0.28040000 0.95620000
vn -0.06810000 0.26800000 0.96100000
vn -0.06600000 0.23830000 0.96890000
vn -0.07280000 0.26690000 0.96100000
vn -0.07640000 0.28250000 0.95620000
vn -0.07510000 0.26630000 0.96100000
vn -0.07880000 0.28180000 0.95620000
vn -0.08080000 0.28990000 0.95370000
vn -0.08010000 0.28140000 0.95620000
vn -0.08330000 0.28920000 0.95360000
vn -0.08200000 0.28950000 0.95360000
vn -0.08300000 0.29350000 0.95230000
vn -0.08270000 0.28930000 0.95360000
vn -0.08430000 0.29320000 0.95230000
vn -0.08370000 0.29340000 0.95230000
vn -0.08250000 0.28080000 0.95620000
vn -0.08580000 0.28850000 0.95360000
vn -0.08450000 0.28890000 0.95360000
vn -0.08180000 0.29390000 0.95230000
vn -0.08140000 0.28970000 0.95370000
vn -0.08230000 0.29380000 0.95230000
vn -0.07830000 0.29050000 0.95370000
vn -0.07760000 0.28210000 0.95620000
vn -0.07930000 0.28980000 0.95380000
vn -0.07150000 0.28360000 0.95630000
vn -0.07040000 0.26750000 0.96100000
vn -0.07400000 0.28310000 0.95620000
vn -0.05870000 0.27000000 0.96110000
vn -0.05750000 0.24020000 0.96900000
vn -0.06330000 0.26910000 0.96100000
vn -0.03590000 0.24390000 0.96910000
vn -0.03700000 0.19450000 0.98020000
vn -0.04460000 0.24260000 0.96910000
vn -0.03950000 0.27340000 0.96110000
vn -0.04020000 0.24330000 0.96910000
vn -0.04920000 0.27190000 0.96110000
vn -0.04440000 0.27270000 0.96110000
vn -0.01810000 0.24590000 0.96910000
vn -0.02240000 0.19630000 0.98030000
vn -0.02700000 0.24500000 0.96910000
vn -0.04150000 0.28930000 0.95630000
vn -0.04200000 0.27300000 0.96110000
vn -0.04660000 0.28860000 0.95630000
vn -0.04410000 0.28900000 0.95630000
vn -0.02980000 0.27460000 0.96110000
vn -0.03150000 0.24450000 0.96910000
vn -0.03470000 0.27410000 0.96110000
vn -0.04250000 0.29780000 0.95370000
vn -0.04280000 0.28930000 0.95630000
vn -0.04510000 0.29740000 0.95370000
vn -0.04380000 0.29760000 0.95370000
vn -0.03640000 0.29010000 0.95630000
vn -0.03710000 0.27370000 0.96110000
vn -0.03900000 0.28980000 0.95630000
vn -0.04310000 0.30200000 0.95230000
vn -0.04320000 0.29770000 0.95370000
vn -0.04460000 0.30180000 0.95230000
vn -0.04370000 0.30190000 0.95230000
vn -0.03990000 0.29810000 0.95370000
vn -0.04030000 0.28960000 0.95630000
vn -0.04120000 0.29790000 0.95370000
vn -0.04170000 0.30220000 0.95230000
vn -0.04190000 0.29780000 0.95370000
vn -0.04240000 0.30210000 0.95230000
vn 0.20520000 0.00230000 0.97870000
vn 0.20270000 0.00830000 0.97920000
vn 0.19820000 0.01780000 0.98000000
vn 0.19090000 0.03020000 0.98110000
vn 0.18070000 0.04410000 0.98250000
vn 0.16760000 0.05910000 0.98410000
vn 0.15200000 0.07370000 0.98560000
vn 0.13450000 0.08720000 0.98710000
vn 0.11660000 0.09830000 0.98830000
vn 0.09830000 0.10750000 0.98930000
vn 0.07950000 0.11500000 0.99020000
vn 0.06010000 0.12100000 0.99080000
vn 0.04060000 0.12520000 0.99130000
vn 0.02070000 0.12800000 0.99160000
vn 0.11820000 0.00060000 0.99300000
vn 0.11640000 0.00330000 0.99320000
vn 0.11310000 0.00810000 0.99360000
vn 0.10800000 0.01450000 0.99400000
vn 0.10130000 0.02160000 0.99460000
vn 0.09280000 0.02910000 0.99530000
vn 0.08310000 0.03620000 0.99590000
vn 0.07260000 0.04240000 0.99650000
vn 0.06220000 0.04720000 0.99690000
vn 0.05190000 0.05100000 0.99740000
vn 0.04150000 0.05380000 0.99770000
vn 0.03120000 0.05590000 0.99800000
vn 0.02100000 0.05730000 0.99810000
vn 0.01070000 0.05820000 0.99830000
vn 0.06300000 -0.00000000 0.99800000
vn 0.06180000 0.00110000 0.99810000
vn 0.05980000 0.00340000 0.99820000
vn 0.05680000 0.00640000 0.99840000
vn 0.05280000 0.00990000 0.99860000
vn 0.04800000 0.01340000 0.99880000
vn 0.04260000 0.01660000 0.99900000
vn 0.03680000 0.01930000 0.99910000
vn 0.03130000 0.02130000 0.99930000
vn 0.02580000 0.02270000 0.99940000
vn 0.02050000 0.02360000 0.99950000
vn 0.01530000 0.02420000 0.99960000
vn 0.01030000 0.02450000 0.99960000
vn 0.00520000 0.02470000 0.99970000
vn 0.03220000 -0.00010000 0.99950000
vn 0.03170000 0.00050000 0.99950000
vn 0.03060000 0.00160000 0.99950000
vn 0.02910000 0.00310000 0.99960000
vn 0.02700000 0.00480000 0.99960000
vn 0.02450000 0.00650000 0.99970000
vn 0.02170000 0.00810000 0.99970000
vn 0.01880000 0.00950000 0.99980000
vn 0.01590000 0.01040000 0.99980000
vn 0.01310000 0.01100000 0.99990000
vn 0.01040000 0.01140000 0.99990000
vn 0.00780000 0.01170000 0.99990000
vn 0.00520000 0.01190000 0.99990000
vn 0.00270000 0.01190000 0.99990000
vn 0.01210000 -0.00000000 0.99990000
vn 0.01200000 0.00010000 0.99990000
vn 0.01150000 0.00050000 0.99990000
vn 0.01090000 0.00100000 0.99990000
vn 0.01010000 0.00160000 0.99990000
vn 0.00920000 0.00220000 1.00000000
vn 0.00810000 0.00280000 1.00000000
vn 0.00700000 0.00320000 1.00000000
vn 0.00580000 0.00350000 1.00000000
vn 0.00480000 0.00370000 1.00000000
vn 0.00380000 0.00380000 1.00000000
vn 0.00290000 0.00390000 1.00000000
vn 0.00190000 0.00390000 1.00000000
vn 0.00100000 0.00390000 1.00000000
vn 0.00150000 -0.00000000 1.00000000
vn 0.00140000 -0.00000000 1.00000000
vn 0.00130000 -0.00000000 1.00000000
vn 0.00120000 -0.00000000 1.00000000
vn 0.00110000 -0.00000000 1.00000000
vn 0.00100000 0.00010000 1.00000000
vn 0.00080000 0.00010000 1.00000000
vn 0.00070000 0.00010000 1.00000000
vn 0.00060000 0.00010000 1.00000000
vn 0.00040000 -0.00000000 1.00000000
vn 0.00030000 -0.00010000 1.00000000
vn 0.00030000 -0.00000000 1.00000000
vn 0.00020000 -0.00010000 1.00000000
vn 0.00010000 -0.00010000 1.00000000
vn -0.00000000 -0.00000000 1.00000000
vn -0.00010000 -0.00010000 1.00000000
vn -0.00000000 0.00010000 1.00000000
vn -0.00000000 0.00010000 1.00000000
vn -0.00000000 -0.00000000 1.00000000
vn -0.00000000 -0.00000000 1.00000000
vn -0.00000000 -0.00000000 1.00000000
vn -0.00000000 0.00020000 1.00000000
vn -0.00000000 0.00010000 1.00000000
vn -0.00000000 -0.00000000 1.00000000
vn -0.00000000 -0.00000000 1.00000000
vn -0.00000000 -0.00000000 1.00000000
vn -0.00000000 0.00010000 1.00000000
vn -0.00000000 0.00020000 1.00000000
vn 0.16000000 0.06650000 0.98490000
vn 0.20680000 0.10680000 0.97250000
vn 0.22580000 0.08510000 0.97050000
vn 0.21670000 0.09600000 0.97150000
vn 0.14330000 0.08070000 0.98640000
vn 0.18500000 0.12730000 0.97450000
vn 0.19610000 0.11730000 0.97350000
vn 0.12560000 0.09300000 0.98770000
vn 0.16200000 0.14490000 0.97610000
vn 0.17370000 0.13640000 0.97530000
vn 0.10750000 0.10310000 0.98880000
vn 0.13790000 0.15990000 0.97750000
vn 0.15010000 0.15270000 0.97680000
vn 0.08900000 0.11150000 0.98980000
vn 0.11230000 0.17260000 0.97860000
vn 0.12530000 0.16660000 0.97800000
vn 0.06980000 0.11820000 0.99050000
vn 0.08540000 0.18300000 0.97940000
vn 0.09890000 0.17810000 0.97900000
vn 0.05040000 0.12330000 0.99110000
vn 0.05790000 0.19060000 0.98000000
vn 0.07180000 0.18710000 0.97970000
vn 0.03070000 0.12680000 0.99150000
vn 0.02950000 0.19550000 0.98030000
vn 0.04390000 0.19340000 0.98010000
vn 0.01050000 0.12890000 0.99160000
vn 0.01500000 0.19700000 0.98030000
vn 0.00010000 -0.00070000 1.00000000
vn -0.00020000 -0.00020000 1.00000000
vn -0.00000000 0.00090000 1.00000000
vn 0.00010000 0.00290000 1.00000000
vn 0.00010000 0.00580000 1.00000000
vn -0.00000000 0.00960000 1.00000000
vn -0.00000000 0.01430000 0.99990000
vn -0.00000000 0.01980000 0.99980000
vn -0.00000000 0.02770000 0.99960000
vn -0.00000000 0.04150000 0.99910000
vn -0.00000000 0.06100000 0.99810000
vn -0.00000000 0.08640000 0.99630000
vn -0.00000000 0.12600000 0.99200000
vn -0.00000000 0.18680000 0.98240000
vn -0.00000000 0.30930000 0.95100000
vn 0.02330000 0.30840000 0.95100000
vn 0.03360000 0.30750000 0.95100000
vn 0.03840000 0.30700000 0.95090000
vn 0.04070000 0.30660000 0.95100000
vn 0.04190000 0.30650000 0.95100000
vn 0.04240000 0.30640000 0.95100000
vn 0.04270000 0.30640000 0.95100000
vn 0.04300000 0.30630000 0.95100000
vn 0.06400000 0.30260000 0.95100000
vn 0.07410000 0.30020000 0.95100000
vn 0.07900000 0.29890000 0.95100000
vn 0.08140000 0.29820000 0.95100000
vn 0.08270000 0.29790000 0.95100000
vn 0.08330000 0.29770000 0.95100000
vn 0.08360000 0.29760000 0.95100000
vn 0.08390000 0.29750000 0.95100000
vn 0.10170000 0.29170000 0.95110000
vn 0.12030000 0.28420000 0.95120000
vn 0.13970000 0.27490000 0.95130000
vn 0.14970000 0.26950000 0.95130000
vn 0.15470000 0.26660000 0.95130000
vn 0.15730000 0.26510000 0.95130000
vn 0.15850000 0.26440000 0.95130000
vn 0.15980000 0.26360000 0.95130000
vn 0.17770000 0.25180000 0.95130000
vn 0.18570000 0.24600000 0.95130000
vn 0.18940000 0.24310000 0.95130000
vn 0.19120000 0.24170000 0.95130000
vn 0.19220000 0.24100000 0.95130000
vn 0.19250000 0.24060000 0.95130000
vn 0.19280000 0.24040000 0.95130000
vn 0.19300000 0.24030000 0.95130000
vn 0.20830000 0.22700000 0.95130000
vn 0.21550000 0.22020000 0.95140000
vn 0.21890000 0.21670000 0.95140000
vn 0.22060000 0.21500000 0.95140000
vn 0.22150000 0.21410000 0.95140000
vn 0.22190000 0.21370000 0.95140000
vn 0.22230000 0.21330000 0.95140000
vn 0.23470000 0.19940000 0.95140000
vn 0.24670000 0.18430000 0.95140000
vn 0.25840000 0.16790000 0.95130000
vn 0.26940000 0.15040000 0.95120000
vn 0.02230000 0.19630000 0.98030000
vn 0.01800000 0.24590000 0.96910000
vn 0.03560000 0.24400000 0.96910000
vn 0.02690000 0.24510000 0.96910000
vn 0.03130000 0.24450000 0.96910000
vn 0.02970000 0.27470000 0.96110000
vn 0.03930000 0.27350000 0.96110000
vn 0.03450000 0.27410000 0.96110000
vn 0.03670000 0.19460000 0.98020000
vn 0.05290000 0.24110000 0.96900000
vn 0.04430000 0.24260000 0.96910000
vn 0.03690000 0.27370000 0.96110000
vn 0.03620000 0.29010000 0.95630000
vn 0.04130000 0.28940000 0.95630000
vn 0.03870000 0.28980000 0.95630000
vn 0.04000000 0.24330000 0.96910000
vn 0.04890000 0.27190000 0.96110000
vn 0.04410000 0.27280000 0.96110000
vn 0.04000000 0.28960000 0.95630000
vn 0.03960000 0.29810000 0.95370000
vn 0.04230000 0.29770000 0.95370000
vn 0.04100000 0.29800000 0.95370000
vn 0.04170000 0.27310000 0.96110000
vn 0.04630000 0.28870000 0.95630000
vn 0.04380000 0.28910000 0.95630000
vn 0.04160000 0.29790000 0.95370000
vn 0.04170000 0.30220000 0.95230000
vn 0.04280000 0.30200000 0.95230000
vn 0.04220000 0.30210000 0.95230000
vn 0.04250000 0.28930000 0.95630000
vn 0.04490000 0.29740000 0.95370000
vn 0.04370000 0.29770000 0.95360000
vn 0.05090000 0.19200000 0.98010000
vn 0.06980000 0.23740000 0.96890000
vn 0.06140000 0.23940000 0.96900000
vn 0.06560000 0.23840000 0.96900000
vn 0.06770000 0.26810000 0.96100000
vn 0.07700000 0.26580000 0.96100000
vn 0.07230000 0.26700000 0.96100000
vn 0.06490000 0.18890000 0.97980000
vn 0.08650000 0.23270000 0.96870000
vn 0.07820000 0.23510000 0.96880000
vn 0.07470000 0.26640000 0.96100000
vn 0.07600000 0.28250000 0.95620000
vn 0.08080000 0.28130000 0.95620000
vn 0.07840000 0.28190000 0.95620000
vn 0.07400000 0.23630000 0.96890000
vn 0.08620000 0.26320000 0.96090000
vn 0.08160000 0.26460000 0.96090000
vn 0.07960000 0.28160000 0.95620000
vn 0.08030000 0.29000000 0.95370000
vn 0.08280000 0.28930000 0.95360000
vn 0.08160000 0.28970000 0.95360000
vn 0.07930000 0.26520000 0.96090000
vn 0.08570000 0.27990000 0.95620000
vn 0.08320000 0.28060000 0.95620000
vn 0.08090000 0.28970000 0.95370000
vn 0.08130000 0.29410000 0.95230000
vn 0.08260000 0.29370000 0.95230000
vn 0.08200000 0.29380000 0.95230000
vn 0.07720000 0.28220000 0.95620000
vn 0.07780000 0.29060000 0.95370000
vn 0.07880000 0.29020000 0.95370000
vn 0.07000000 0.26760000 0.96100000
vn 0.07110000 0.28370000 0.95630000
vn 0.07350000 0.28310000 0.95630000
vn 0.05720000 0.24030000 0.96900000
vn 0.05830000 0.27010000 0.96100000
vn 0.06300000 0.26920000 0.96100000
vn 0.08220000 0.28950000 0.95360000
vn 0.08380000 0.29340000 0.95230000
vn 0.08330000 0.29360000 0.95230000
vn 0.08200000 0.28090000 0.95620000
vn 0.08530000 0.28860000 0.95360000
vn 0.08400000 0.28900000 0.95360000
vn 0.10570000 0.17540000 0.97880000
vn 0.11890000 0.22080000 0.96810000
vn 0.13470000 0.21350000 0.96760000
vn 0.12690000 0.21720000 0.96780000
vn 0.13080000 0.21540000 0.96770000
vn 0.13950000 0.24250000 0.96010000
vn 0.14810000 0.23820000 0.95990000
vn 0.14380000 0.24040000 0.96000000
vn 0.11890000 0.16970000 0.97830000
vn 0.15000000 0.20550000 0.96710000
vn 0.14240000 0.20960000 0.96740000
vn 0.14590000 0.23930000 0.95990000
vn 0.15080000 0.25390000 0.95540000
vn 0.15520000 0.25160000 0.95530000
vn 0.15290000 0.25260000 0.95540000
vn 0.13860000 0.21160000 0.96750000
vn 0.15640000 0.23370000 0.95970000
vn 0.15230000 0.23600000 0.95980000
vn 0.13160000 0.16330000 0.97780000
vn 0.16460000 0.19680000 0.96650000
vn 0.15740000 0.20120000 0.96680000
vn 0.16100000 0.19900000 0.96670000
vn 0.17260000 0.22400000 0.95920000
vn 0.18040000 0.21900000 0.95890000
vn 0.17660000 0.22160000 0.95900000
vn 0.14400000 0.15640000 0.97710000
vn 0.17870000 0.18740000 0.96590000
vn 0.17180000 0.19220000 0.96620000
vn 0.17850000 0.22020000 0.95900000
vn 0.18490000 0.23370000 0.95460000
vn 0.18890000 0.23100000 0.95440000
vn 0.18690000 0.23240000 0.95450000
vn 0.16820000 0.19450000 0.96640000
vn 0.18810000 0.21370000 0.95860000
vn 0.18430000 0.21630000 0.95880000
vn 0.18590000 0.23310000 0.95450000
vn 0.18920000 0.24010000 0.95210000
vn 0.19120000 0.23860000 0.95210000
vn 0.19030000 0.23940000 0.95210000
vn 0.17460000 0.22280000 0.95910000
vn 0.18080000 0.23640000 0.95470000
vn 0.18280000 0.23510000 0.95460000
vn 0.15370000 0.20340000 0.96700000
vn 0.16460000 0.22900000 0.95940000
vn 0.16860000 0.22650000 0.95930000
vn 0.19070000 0.23900000 0.95210000
vn 0.18790000 0.23160000 0.95450000
vn 0.19330000 0.23720000 0.95200000
vn 0.19230000 0.23790000 0.95210000
vn 0.18240000 0.21770000 0.95880000
vn 0.19290000 0.22820000 0.95430000
vn 0.19100000 0.22960000 0.95440000
vn 0.19180000 0.23830000 0.95210000
vn 0.15610000 0.14880000 0.97650000
vn 0.19240000 0.17720000 0.96520000
vn 0.18560000 0.18240000 0.96550000
vn 0.18900000 0.17980000 0.96540000
vn 0.20300000 0.20250000 0.95800000
vn 0.21020000 0.19660000 0.95770000
vn 0.20660000 0.19960000 0.95780000
vn 0.16790000 0.14070000 0.97570000
vn 0.20560000 0.16640000 0.96440000
vn 0.19900000 0.17190000 0.96480000
vn 0.20840000 0.19810000 0.95780000
vn 0.21610000 0.21030000 0.95350000
vn 0.21980000 0.20710000 0.95330000
vn 0.21790000 0.20870000 0.95340000
vn 0.19570000 0.17460000 0.96500000
vn 0.21730000 0.19060000 0.95730000
vn 0.21380000 0.19370000 0.95750000
vn 0.21700000 0.20950000 0.95340000
vn 0.20480000 0.20110000 0.95790000
vn 0.21230000 0.21340000 0.95360000
vn 0.21420000 0.21180000 0.95350000
vn 0.18220000 0.18490000 0.96570000
vn 0.19570000 0.20820000 0.95830000
vn 0.19930000 0.20540000 0.95820000
vn 0.21880000 0.20790000 0.95340000
vn 0.21200000 0.19520000 0.95760000
vn 0.22340000 0.20390000 0.95310000
vn 0.22160000 0.20550000 0.95320000
vn 0.27270000 0.14340000 0.95140000
vn 0.27470000 0.13950000 0.95140000
vn 0.27580000 0.13750000 0.95130000
vn 0.27630000 0.13650000 0.95130000
vn 0.27660000 0.13590000 0.95130000
vn 0.27660000 0.13580000 0.95130000
vn 0.27700000 0.13560000 0.95130000
vn 0.27710000 0.13550000 0.95120000
vn 0.27690000 0.13540000 0.95130000
vn 0.27850000 0.13260000 0.95120000
vn 0.27960000 0.13070000 0.95120000
vn 0.28010000 0.12950000 0.95120000
vn 0.28050000 0.12890000 0.95120000
vn 0.28070000 0.12870000 0.95110000
vn 0.28080000 0.12830000 0.95120000
vn 0.28290000 0.12430000 0.95100000
vn 0.28370000 0.12270000 0.95100000
vn 0.28410000 0.12200000 0.95100000
vn 0.28440000 0.12130000 0.95100000
vn 0.28730000 0.11510000 0.95090000
vn 0.28880000 0.11130000 0.95090000
vn 0.28960000 0.10930000 0.95090000
vn 0.29000000 0.10820000 0.95090000
vn 0.29020000 0.10770000 0.95090000
vn 0.29030000 0.10740000 0.95090000
vn 0.29050000 0.10730000 0.95080000
vn 0.29040000 0.10720000 0.95090000
vn 0.29370000 0.09840000 0.95080000
vn 0.29470000 0.09550000 0.95080000
vn 0.29480000 0.09440000 0.95090000
vn 0.29520000 0.09400000 0.95080000
vn 0.29530000 0.09380000 0.95080000
vn 0.29530000 0.09360000 0.95080000
vn 0.29530000 0.09360000 0.95080000
vn 0.29540000 0.09360000 0.95080000
vn 0.29930000 0.08130000 0.95070000
vn 0.30030000 0.07790000 0.95070000
vn 0.30060000 0.07700000 0.95070000
vn 0.30080000 0.07600000 0.95060000
vn 0.30130000 0.07420000 0.95060000
vn 0.30310000 0.06740000 0.95060000
vn 0.30560000 0.05580000 0.95050000
vn 0.30660000 0.05090000 0.95050000
vn 0.30690000 0.04870000 0.95050000
vn 0.30710000 0.04760000 0.95050000
vn 0.30720000 0.04710000 0.95050000
vn 0.30720000 0.04690000 0.95050000
vn 0.30730000 0.04680000 0.95050000
vn 0.30720000 0.04680000 0.95050000
vn 0.30720000 0.04660000 0.95050000
vn 0.30940000 0.02740000 0.95050000
vn 0.30980000 0.02010000 0.95060000
vn 0.30990000 0.01700000 0.95060000
vn 0.30990000 0.01420000 0.95070000
vn 0.30990000 0.00910000 0.95070000
vn 0.30980000 0.00680000 0.95080000
vn 0.30980000 0.00580000 0.95080000
vn 0.30980000 0.00530000 0.95080000
vn 0.30980000 0.00500000 0.95080000
vn 0.30970000 0.00490000 0.95080000
vn 0.30970000 0.00480000 0.95080000
vn 0.30960000 -0.00000000 0.95090000
vn 0.21190000 0.10140000 0.97200000
vn 0.24240000 0.12920000 0.96150000
vn 0.25320000 0.11600000 0.96040000
vn 0.24790000 0.12260000 0.96100000
vn 0.24520000 0.12590000 0.96130000
vn 0.26300000 0.14260000 0.95420000
vn 0.26870000 0.13520000 0.95370000
vn 0.26590000 0.13890000 0.95390000
vn 0.20160000 0.11200000 0.97300000
vn 0.23070000 0.14240000 0.96260000
vn 0.23670000 0.13580000 0.96200000
vn 0.25060000 0.11930000 0.96070000
vn 0.27390000 0.12790000 0.95320000
vn 0.27150000 0.13150000 0.95340000
vn 0.22130000 0.09060000 0.97100000
vn 0.26290000 0.10280000 0.95930000
vn 0.25820000 0.10930000 0.95990000
vn 0.17460000 0.05150000 0.98330000
vn 0.24110000 0.06360000 0.96840000
vn 0.23400000 0.07410000 0.96940000
vn 0.27000000 0.13330000 0.95360000
vn 0.27080000 0.13240000 0.95350000
vn 0.27560000 0.13660000 0.95150000
vn 0.27690000 0.13470000 0.95140000
vn 0.27280000 0.12960000 0.95330000
vn 0.25570000 0.11270000 0.96020000
vn 0.27920000 0.12040000 0.95270000
vn 0.27670000 0.12410000 0.95290000
vn 0.24930000 0.12100000 0.96080000
vn 0.25810000 0.12880000 0.95750000
vn 0.26080000 0.12520000 0.95720000
vn 0.25950000 0.12700000 0.95740000
vn 0.21430000 0.09870000 0.97180000
vn 0.22900000 0.11130000 0.96700000
vn 0.23400000 0.10540000 0.96650000
vn 0.23150000 0.10840000 0.96680000
vn 0.15610000 0.07010000 0.98530000
vn 0.17760000 0.08890000 0.98010000
vn 0.18670000 0.08010000 0.97920000
vn 0.18230000 0.08460000 0.97960000
vn 0.08810000 0.03270000 0.99560000
vn 0.11190000 0.05130000 0.99240000
vn 0.12450000 0.04120000 0.99140000
vn 0.11830000 0.04630000 0.99190000
vn 0.26930000 0.13430000 0.95370000
vn 0.27480000 0.13760000 0.95160000
vn 0.26730000 0.13700000 0.95380000
vn 0.27640000 0.13510000 0.95150000
vn 0.27210000 0.13050000 0.95340000
vn 0.27760000 0.13380000 0.95130000
vn 0.25190000 0.11770000 0.96060000
vn 0.26350000 0.12180000 0.95690000
vn 0.26170000 0.12340000 0.95720000
vn 0.27640000 0.13540000 0.95140000
vn 0.27110000 0.13200000 0.95350000
vn 0.27350000 0.13400000 0.95250000
vn 0.27430000 0.13290000 0.95240000
vn 0.27390000 0.13360000 0.95240000
vn 0.26010000 0.12610000 0.95730000
vn 0.26470000 0.13010000 0.95550000
vn 0.26610000 0.12830000 0.95540000
vn 0.26540000 0.12920000 0.95540000
vn 0.27640000 0.13530000 0.95150000
vn 0.27670000 0.13500000 0.95140000
vn 0.27730000 0.13430000 0.95140000
vn 0.27360000 0.13380000 0.95250000
vn 0.27480000 0.13510000 0.95200000
vn 0.27530000 0.13420000 0.95200000
vn 0.27500000 0.13460000 0.95200000
vn 0.27050000 0.13290000 0.95350000
vn 0.27280000 0.13500000 0.95260000
vn 0.27310000 0.13460000 0.95250000
vn 0.27550000 0.12600000 0.95300000
vn 0.27480000 0.12690000 0.95310000
vn 0.25440000 0.11430000 0.96030000
vn 0.26600000 0.11820000 0.95670000
vn 0.26480000 0.12000000 0.95680000
vn 0.21910000 0.09330000 0.97120000
vn 0.23880000 0.09940000 0.96600000
vn 0.23670000 0.10250000 0.96620000
vn 0.16390000 0.06280000 0.98450000
vn 0.19480000 0.07100000 0.97830000
vn 0.19080000 0.07550000 0.97870000
vn 0.27510000 0.12640000 0.95310000
vn 0.27760000 0.12830000 0.95210000
vn 0.27810000 0.12740000 0.95210000
vn 0.27780000 0.12790000 0.95210000
vn 0.27610000 0.12510000 0.95300000
vn 0.27800000 0.12230000 0.95280000
vn 0.26060000 0.10600000 0.95960000
vn 0.28170000 0.11660000 0.95240000
vn 0.23000000 0.07960000 0.96990000
vn 0.27150000 0.08930000 0.95830000
vn 0.26730000 0.09590000 0.95880000
vn 0.26410000 0.12090000 0.95690000
vn 0.26870000 0.12480000 0.95510000
vn 0.27000000 0.12290000 0.95500000
vn 0.26940000 0.12380000 0.95500000
vn 0.27580000 0.12550000 0.95300000
vn 0.27890000 0.12650000 0.95200000
vn 0.27840000 0.12690000 0.95200000
vn 0.26530000 0.11910000 0.95680000
vn 0.27120000 0.12120000 0.95480000
vn 0.27070000 0.12200000 0.95490000
vn 0.25690000 0.11100000 0.96000000
vn 0.26850000 0.11480000 0.95640000
vn 0.26730000 0.11620000 0.95660000
vn 0.28040000 0.11850000 0.95250000
vn 0.27980000 0.11950000 0.95260000
vn 0.25940000 0.10770000 0.95980000
vn 0.27090000 0.11120000 0.95620000
vn 0.26980000 0.11300000 0.95630000
vn 0.22360000 0.08790000 0.97070000
vn 0.24340000 0.09330000 0.96540000
vn 0.24150000 0.09650000 0.96560000
vn 0.26510000 0.09930000 0.95910000
vn 0.28860000 0.10560000 0.95160000
vn 0.28640000 0.10930000 0.95190000
vn 0.28760000 0.10740000 0.95170000
vn 0.26950000 0.09260000 0.95850000
vn 0.29080000 0.10190000 0.95140000
vn 0.23760000 0.06880000 0.96890000
vn 0.27890000 0.07660000 0.95730000
vn 0.27530000 0.08290000 0.95780000
vn 0.18620000 0.03700000 0.98180000
vn 0.25230000 0.04380000 0.96670000
vn 0.24710000 0.05340000 0.96750000
vn 0.28810000 0.10650000 0.95170000
vn 0.28970000 0.10370000 0.95150000
vn 0.26620000 0.09760000 0.95900000
vn 0.27550000 0.10420000 0.95560000
vn 0.27770000 0.10060000 0.95540000
vn 0.27660000 0.10240000 0.95550000
vn 0.22790000 0.08230000 0.97020000
vn 0.24770000 0.08730000 0.96490000
vn 0.24550000 0.09030000 0.96520000
vn 0.17120000 0.05530000 0.98370000
vn 0.20260000 0.06200000 0.97730000
vn 0.19880000 0.06640000 0.97780000
vn 0.09720000 0.02530000 0.99490000
vn 0.13510000 0.03070000 0.99040000
vn 0.13010000 0.03590000 0.99090000
vn 0.28770000 0.10700000 0.95170000
vn 0.27720000 0.10150000 0.95540000
vn 0.28210000 0.10480000 0.95360000
vn 0.28320000 0.10310000 0.95350000
vn 0.28270000 0.10400000 0.95360000
vn 0.26840000 0.09430000 0.95870000
vn 0.27990000 0.09720000 0.95510000
vn 0.27890000 0.09890000 0.95520000
vn 0.23200000 0.07680000 0.96970000
vn 0.25210000 0.08150000 0.96430000
vn 0.25020000 0.08440000 0.96450000
vn 0.28690000 0.10840000 0.95180000
vn 0.28830000 0.10600000 0.95170000
vn 0.28920000 0.10470000 0.95150000
vn 0.28820000 0.10630000 0.95160000
vn 0.28950000 0.10700000 0.95120000
vn 0.28980000 0.10670000 0.95110000
vn 0.28960000 0.10690000 0.95120000
vn 0.28290000 0.10350000 0.95360000
vn 0.28530000 0.10520000 0.95260000
vn 0.28590000 0.10430000 0.95260000
vn 0.28560000 0.10480000 0.95260000
vn 0.27830000 0.09980000 0.95530000
vn 0.28440000 0.10100000 0.95340000
vn 0.28370000 0.10200000 0.95350000
vn 0.27340000 0.08610000 0.95800000
vn 0.29480000 0.09480000 0.95080000
vn 0.29380000 0.09650000 0.95100000
vn 0.27710000 0.07970000 0.95750000
vn 0.24420000 0.05840000 0.96800000
vn 0.28500000 0.06440000 0.95640000
vn 0.28210000 0.07040000 0.95680000
vn 0.27440000 0.08450000 0.95790000
vn 0.28400000 0.09030000 0.95460000
vn 0.28580000 0.08690000 0.95430000
vn 0.28480000 0.08860000 0.95450000
vn 0.23580000 0.07150000 0.96920000
vn 0.25590000 0.07550000 0.96380000
vn 0.25360000 0.07830000 0.96410000
vn 0.17780000 0.04780000 0.98290000
vn 0.20920000 0.05310000 0.97640000
vn 0.20590000 0.05740000 0.97690000
vn 0.29500000 0.09420000 0.95080000
vn 0.28440000 0.08940000 0.95450000
vn 0.28930000 0.09250000 0.95280000
vn 0.29020000 0.09070000 0.95260000
vn 0.28960000 0.09150000 0.95270000
vn 0.27250000 0.08770000 0.95820000
vn 0.28200000 0.09370000 0.95480000
vn 0.28300000 0.09200000 0.95470000
vn 0.29010000 0.09120000 0.95260000
vn 0.29260000 0.09270000 0.95170000
vn 0.29300000 0.09180000 0.95170000
vn 0.29270000 0.09220000 0.95180000
vn 0.28530000 0.08780000 0.95440000
vn 0.29120000 0.08900000 0.95250000
vn 0.29070000 0.09010000 0.95260000
vn 0.27620000 0.08130000 0.95760000
vn 0.28760000 0.08360000 0.95410000
vn 0.28680000 0.08500000 0.95420000
vn 0.23940000 0.06620000 0.96870000
vn 0.25910000 0.06970000 0.96330000
vn 0.25730000 0.07250000 0.96360000
vn 0.29260000 0.09250000 0.95180000
vn 0.29400000 0.09330000 0.95120000
vn 0.29420000 0.09280000 0.95120000
vn 0.29390000 0.09290000 0.95130000
vn 0.28960000 0.09210000 0.95270000
vn 0.29210000 0.09350000 0.95180000
vn 0.29190000 0.09310000 0.95190000
vn 0.28350000 0.09110000 0.95460000
vn 0.28840000 0.09420000 0.95290000
vn 0.28870000 0.09350000 0.95280000
vn 0.29370000 0.09310000 0.95130000
vn 0.29450000 0.09350000 0.95110000
vn 0.29460000 0.09340000 0.95100000
vn 0.29480000 0.09350000 0.95100000
vn 0.29210000 0.09280000 0.95190000
vn 0.29350000 0.09390000 0.95130000
vn 0.29380000 0.09350000 0.95130000
vn 0.28050000 0.07350000 0.95700000
vn 0.28130000 0.07190000 0.95690000
vn 0.29100000 0.07700000 0.95360000
vn 0.29250000 0.07380000 0.95340000
vn 0.29170000 0.07540000 0.95350000
vn 0.28360000 0.06740000 0.95660000
vn 0.24980000 0.04850000 0.96710000
vn 0.29010000 0.05290000 0.95550000
vn 0.28770000 0.05850000 0.95590000
vn 0.19490000 0.02370000 0.98050000
vn 0.26000000 0.02640000 0.96530000
vn 0.25650000 0.03470000 0.96590000
vn 0.24270000 0.06100000 0.96820000
vn 0.26250000 0.06420000 0.96280000
vn 0.26100000 0.06700000 0.96300000
vn 0.18360000 0.04050000 0.98220000
vn 0.21500000 0.04450000 0.97560000
vn 0.21220000 0.04880000 0.97600000
vn 0.10480000 0.01800000 0.99430000
vn 0.14360000 0.02080000 0.98940000
vn 0.13960000 0.02570000 0.98990000
vn 0.28280000 0.06890000 0.95670000
vn 0.29400000 0.07070000 0.95320000
vn 0.29320000 0.07220000 0.95330000
vn 0.24570000 0.05590000 0.96770000
vn 0.26530000 0.05860000 0.96240000
vn 0.26380000 0.06130000 0.96260000
vn 0.25450000 0.03920000 0.96630000
vn 0.29420000 0.04220000 0.95480000
vn 0.29230000 0.04740000 0.95520000
vn 0.29320000 0.04470000 0.95500000
vn 0.25830000 0.03040000 0.96560000
vn 0.29740000 0.03220000 0.95420000
vn 0.29590000 0.03700000 0.95450000
vn 0.20070000 0.01270000 0.97960000
vn 0.26440000 0.01300000 0.96430000
vn 0.26250000 0.01910000 0.96480000
vn 0.29280000 0.04600000 0.95510000
vn 0.30350000 0.04690000 0.95170000
vn 0.30320000 0.04830000 0.95170000
vn 0.25550000 0.03690000 0.96610000
vn 0.27260000 0.04310000 0.96120000
vn 0.27460000 0.03810000 0.96080000
vn 0.27370000 0.04060000 0.96100000
vn 0.19300000 0.02690000 0.98080000
vn 0.21990000 0.03650000 0.97480000
vn 0.22420000 0.02880000 0.97410000
vn 0.22260000 0.03280000 0.97440000
vn 0.11070000 0.01110000 0.99380000
vn 0.14990000 0.01200000 0.98860000
vn 0.14710000 0.01620000 0.98900000
vn 0.29120000 0.05010000 0.95530000
vn 0.29380000 0.04330000 0.95490000
vn 0.30460000 0.04410000 0.95150000
vn 0.30400000 0.04550000 0.95160000
vn 0.29510000 0.03950000 0.95470000
vn 0.30380000 0.04620000 0.95160000
vn 0.30400000 0.04590000 0.95160000
vn 0.30660000 0.04680000 0.95070000
vn 0.30670000 0.04610000 0.95070000
vn 0.30660000 0.04640000 0.95070000
vn 0.30440000 0.04490000 0.95150000
vn 0.29470000 0.04070000 0.95470000
vn 0.30540000 0.04140000 0.95130000
vn 0.30500000 0.04280000 0.95140000
vn 0.25750000 0.03250000 0.96570000
vn 0.27640000 0.03350000 0.96040000
vn 0.27560000 0.03580000 0.96060000
vn 0.19660000 0.02070000 0.98030000
vn 0.22740000 0.02170000 0.97360000
vn 0.22570000 0.02510000 0.97390000
vn 0.29350000 0.04400000 0.95490000
vn 0.29840000 0.04580000 0.95330000
vn 0.29890000 0.04440000 0.95330000
vn 0.29860000 0.04510000 0.95330000
vn 0.27420000 0.03940000 0.96090000
vn 0.28330000 0.04250000 0.95810000
vn 0.28420000 0.04010000 0.95790000
vn 0.28380000 0.04130000 0.95800000
vn 0.30670000 0.04660000 0.95070000
vn 0.30360000 0.04650000 0.95170000
vn 0.30640000 0.04710000 0.95070000
vn 0.30330000 0.04760000 0.95170000
vn 0.20420000 0.00480000 0.97890000
vn 0.26670000 0.00410000 0.96380000
vn 0.26580000 0.00800000 0.96400000
vn 0.26630000 0.00590000 0.96390000
vn 0.30310000 0.00540000 0.95290000
vn 0.30290000 0.00750000 0.95300000
vn 0.20580000 0.00070000 0.97860000
vn 0.26800000 -0.00000000 0.96340000
vn 0.26740000 0.00160000 0.96360000
vn 0.30300000 0.00640000 0.95300000
vn 0.26700000 0.00260000 0.96370000
vn 0.30370000 0.00200000 0.95280000
vn 0.30350000 0.00350000 0.95280000
vn 0.30340000 0.00440000 0.95290000
vn 0.30330000 0.00490000 0.95290000
vn 0.26690000 0.00330000 0.96370000
vn 0.28440000 0.00470000 0.95870000
vn 0.28470000 0.00290000 0.95860000
vn 0.28450000 0.00380000 0.95870000
vn 0.20550000 0.00130000 0.97860000
vn 0.23430000 0.00310000 0.97220000
vn 0.23510000 0.00100000 0.97200000
vn 0.23480000 0.00190000 0.97210000
vn 0.11870000 -0.00000000 0.99290000
vn 0.15620000 0.00120000 0.98770000
vn 0.15680000 0.00020000 0.98760000
vn 0.30340000 0.00460000 0.95290000
vn 0.30810000 0.00500000 0.95130000
vn 0.30820000 0.00450000 0.95130000
vn 0.30810000 0.00480000 0.95130000
vn 0.30340000 0.00390000 0.95280000
vn 0.30360000 0.00270000 0.95280000
vn 0.26770000 0.00050000 0.96350000
vn 0.30430000 -0.00000000 0.95260000
vn 0.30400000 0.00080000 0.95270000
vn 0.28450000 0.00420000 0.95870000
vn 0.29370000 0.00490000 0.95590000
vn 0.29380000 0.00400000 0.95580000
vn 0.29380000 0.00450000 0.95590000
vn 0.26650000 0.00490000 0.96380000
vn 0.28400000 0.00670000 0.95880000
vn 0.28420000 0.00570000 0.95880000
vn 0.20470000 0.00340000 0.97880000
vn 0.23340000 0.00620000 0.97240000
vn 0.23390000 0.00450000 0.97220000
vn 0.11750000 0.00170000 0.99310000
vn 0.15390000 0.00530000 0.98810000
vn 0.15530000 0.00290000 0.98790000
vn 0.25880000 0.00010000 0.96590000
vn 0.25870000 -0.00000000 0.96600000
vn 0.25870000 -0.00000000 0.96600000
vn 0.15800000 -0.00000000 0.98740000
vn 0.09290000 -0.00000000 0.99570000
vn 0.05130000 -0.00000000 0.99870000
vn 0.03230000 -0.00000000 0.99950000
vn 0.01770000 0.00010000 0.99980000
vn 0.00730000 -0.00000000 1.00000000
vn 0.00120000 -0.00000000 1.00000000
vn 0.20610000 0.00020000 0.97850000
vn 0.23530000 0.00040000 0.97190000
vn 0.23540000 0.00010000 0.97190000
vn 0.25110000 0.00050000 0.96800000
vn 0.26780000 0.00030000 0.96350000
vn 0.25120000 0.00030000 0.96790000
vn 0.25120000 0.00020000 0.96790000
vn 0.25940000 0.00040000 0.96580000
vn 0.26790000 0.00010000 0.96350000
vn 0.25950000 0.00020000 0.96570000
vn 0.25940000 0.00030000 0.96580000
vn 0.28530000 0.00060000 0.95840000
vn 0.30420000 0.00030000 0.95260000
vn 0.28560000 -0.00000000 0.95840000
vn 0.28550000 0.00030000 0.95840000
vn 0.25130000 -0.00000000 0.96790000
vn 0.25530000 0.00020000 0.96690000
vn 0.25950000 0.00020000 0.96580000
vn 0.25530000 0.00010000 0.96690000
vn 0.23550000 0.00010000 0.97190000
vn 0.24320000 0.00030000 0.97000000
vn 0.24330000 0.00010000 0.96990000
vn 0.20620000 0.00010000 0.97850000
vn 0.22030000 0.00020000 0.97540000
vn 0.22050000 0.00010000 0.97540000
vn 0.15700000 -0.00000000 0.98760000
vn 0.17970000 0.00040000 0.98370000
vn 0.17990000 0.00010000 0.98370000
vn 0.25500000 -0.00000000 0.96690000
vn 0.25740000 0.00030000 0.96630000
vn 0.25940000 0.00010000 0.96580000
vn 0.25740000 0.00010000 0.96630000
vn 0.26360000 0.00020000 0.96460000
vn 0.26790000 0.00010000 0.96340000
vn 0.26380000 -0.00000000 0.96460000
vn 0.26370000 0.00010000 0.96460000
vn 0.27650000 0.00030000 0.96100000
vn 0.28550000 0.00010000 0.95840000
vn 0.27670000 -0.00000000 0.96100000
vn 0.27660000 0.00010000 0.96100000
vn 0.25750000 0.00010000 0.96630000
vn 0.25840000 0.00020000 0.96600000
vn 0.25950000 -0.00000000 0.96570000
vn 0.25870000 0.00010000 0.96600000
vn 0.26160000 0.00020000 0.96520000
vn 0.26360000 -0.00000000 0.96460000
vn 0.26180000 -0.00000000 0.96510000
vn 0.26180000 0.00010000 0.96510000
vn 0.25840000 -0.00000000 0.96600000
vn 0.25910000 0.00010000 0.96590000
vn 0.25950000 0.00010000 0.96570000
vn 0.25890000 -0.00000000 0.96590000
vn 0.25890000 -0.00000000 0.96590000
vn 0.26060000 0.00010000 0.96550000
vn 0.26180000 -0.00000000 0.96510000
vn 0.26060000 -0.00010000 0.96540000
vn 0.26070000 -0.00000000 0.96540000
vn 0.25840000 -0.00000000 0.96600000
vn 0.25850000 -0.00000000 0.96600000
vn 0.25890000 0.00010000 0.96590000
vn 0.25910000 -0.00010000 0.96580000
vn 0.25740000 -0.00000000 0.96630000
vn 0.25800000 0.00010000 0.96620000
vn 0.25800000 -0.00000000 0.96610000
vn 0.25540000 -0.00000000 0.96680000
vn 0.25640000 0.00010000 0.96660000
vn 0.25640000 -0.00000000 0.96660000
vn 0.25130000 -0.00000000 0.96790000
vn 0.25330000 0.00020000 0.96740000
vn 0.25330000 -0.00000000 0.96740000
vn 0.24330000 -0.00000000 0.96990000
vn 0.24730000 -0.00010000 0.96890000
vn 0.24730000 -0.00000000 0.96890000
vn 0.25850000 -0.00000000 0.96600000
vn 0.25850000 -0.00010000 0.96600000
vn 0.25870000 0.00010000 0.96590000
vn 0.25860000 -0.00020000 0.96600000
vn 0.25790000 -0.00000000 0.96620000
vn 0.25860000 -0.00000000 0.96600000
vn 0.25820000 -0.00000000 0.96610000
vn 0.25860000 -0.00000000 0.96600000
vn 0.25900000 -0.00010000 0.96590000
vn 0.25870000 -0.00000000 0.96600000
vn 0.25860000 -0.00000000 0.96600000
vn 0.25890000 -0.00000000 0.96590000
vn 0.25930000 -0.00030000 0.96580000
vn 0.25890000 -0.00000000 0.96590000
vn 0.25880000 -0.00000000 0.96590000
vn 0.25920000 0.00010000 0.96580000
vn 0.25930000 0.00010000 0.96580000
vn 0.25930000 0.00010000 0.96580000
vn 0.25930000 -0.00010000 0.96580000
vn 0.26010000 -0.00000000 0.96560000
vn 0.26060000 -0.00000000 0.96540000
vn 0.26000000 -0.00010000 0.96560000
vn 0.26010000 -0.00000000 0.96560000
vn -0.00000000 -0.00010000 1.00000000
vn -0.00010000 0.00010000 1.00000000
vn -0.00000000 -0.00010000 1.00000000
vn -0.00000000 -0.00010000 1.00000000
vn -0.00000000 0.00030000 1.00000000
vn -0.00000000 -0.00000000 1.00000000
vn -0.00000000 -0.00000000 1.00000000
vn -0.00000000 -0.00020000 1.00000000
vn -0.00000000 -0.00010000 1.00000000
vn -0.00000000 -0.00000000 1.00000000
vn -0.00000000 -0.00000000 1.00000000
vn -0.00000000 -0.00000000 1.00000000
vn -0.00000000 -0.00010000 1.00000000
vn -0.00000000 -0.00010000 1.00000000
vn -0.00000000 -0.00000000 1.00000000
vn 0.00150000 -0.00000000 1.00000000
vn 0.00140000 -0.00000000 1.00000000
vn 0.00130000 -0.00000000 1.00000000
vn 0.00120000 -0.00000000 1.00000000
vn 0.00110000 -0.00000000 1.00000000
vn 0.00100000 -0.00010000 1.00000000
vn 0.00080000 -0.00010000 1.00000000
vn 0.00070000 -0.00010000 1.00000000
vn 0.00060000 -0.00010000 1.00000000
vn 0.00040000 -0.00000000 1.00000000
vn 0.00030000 0.00010000 1.00000000
vn 0.00030000 -0.00000000 1.00000000
vn 0.00020000 0.00010000 1.00000000
vn 0.00010000 0.00010000 1.00000000
vn 0.01210000 -0.00000000 0.99990000
vn 0.01190000 -0.00010000 0.99990000
vn 0.01150000 -0.00050000 0.99990000
vn 0.01090000 -0.00100000 0.99990000
vn 0.01020000 -0.00160000 0.99990000
vn 0.00910000 -0.00220000 1.00000000
vn 0.00800000 -0.00280000 1.00000000
vn 0.00700000 -0.00320000 1.00000000
vn 0.00590000 -0.00350000 1.00000000
vn 0.00480000 -0.00370000 1.00000000
vn 0.00380000 -0.00380000 1.00000000
vn 0.00290000 -0.00390000 1.00000000
vn 0.00190000 -0.00390000 1.00000000
vn 0.00100000 -0.00390000 1.00000000
vn 0.03220000 0.00010000 0.99950000
vn 0.03170000 -0.00050000 0.99950000
vn 0.03060000 -0.00160000 0.99950000
vn 0.02900000 -0.00310000 0.99960000
vn 0.02700000 -0.00480000 0.99960000
vn 0.02450000 -0.00650000 0.99970000
vn 0.02170000 -0.00810000 0.99970000
vn 0.01870000 -0.00950000 0.99980000
vn 0.01600000 -0.01040000 0.99980000
vn 0.01310000 -0.01110000 0.99990000
vn 0.01040000 -0.01150000 0.99990000
vn 0.00780000 -0.01170000 0.99990000
vn 0.00520000 -0.01190000 0.99990000
vn 0.00270000 -0.01200000 0.99990000
vn 0.06300000 0.00010000 0.99800000
vn 0.06190000 -0.00110000 0.99810000
vn 0.05980000 -0.00340000 0.99820000
vn 0.05680000 -0.00640000 0.99840000
vn 0.05280000 -0.00990000 0.99860000
vn 0.04800000 -0.01340000 0.99880000
vn 0.04260000 -0.01660000 0.99900000
vn 0.03680000 -0.01930000 0.99910000
vn 0.03130000 -0.02130000 0.99930000
vn 0.02580000 -0.02270000 0.99940000
vn 0.02050000 -0.02360000 0.99950000
vn 0.01530000 -0.02420000 0.99960000
vn 0.01030000 -0.02450000 0.99960000
vn 0.00520000 -0.02470000 0.99970000
vn 0.11830000 -0.00060000 0.99300000
vn 0.11640000 -0.00340000 0.99320000
vn 0.11310000 -0.00810000 0.99360000
vn 0.10800000 -0.01450000 0.99400000
vn 0.10120000 -0.02160000 0.99460000
vn 0.09280000 -0.02910000 0.99530000
vn 0.08310000 -0.03620000 0.99590000
vn 0.07260000 -0.04240000 0.99650000
vn 0.06220000 -0.04720000 0.99690000
vn 0.05190000 -0.05090000 0.99740000
vn 0.04150000 -0.05380000 0.99770000
vn 0.03120000 -0.05590000 0.99800000
vn 0.02100000 -0.05730000 0.99810000
vn 0.01070000 -0.05820000 0.99820000
vn 0.20520000 -0.00230000 0.97870000
vn 0.20270000 -0.00840000 0.97920000
vn 0.19820000 -0.01780000 0.98000000
vn 0.19090000 -0.03020000 0.98120000
vn 0.18070000 -0.04410000 0.98250000
vn 0.16760000 -0.05900000 0.98410000
vn 0.15200000 -0.07380000 0.98560000
vn 0.13450000 -0.08720000 0.98710000
vn 0.11660000 -0.09830000 0.98830000
vn 0.09830000 -0.10750000 0.98930000
vn 0.07950000 -0.11500000 0.99020000
vn 0.06010000 -0.12090000 0.99080000
vn 0.04060000 -0.12520000 0.99130000
vn 0.02070000 -0.12800000 0.99160000
vn 0.20680000 -0.10670000 0.97250000
vn 0.16000000 -0.06650000 0.98490000
vn 0.22580000 -0.08510000 0.97050000
vn 0.21670000 -0.09600000 0.97150000
vn 0.18500000 -0.12720000 0.97450000
vn 0.14330000 -0.08070000 0.98640000
vn 0.19610000 -0.11730000 0.97350000
vn 0.16200000 -0.14490000 0.97610000
vn 0.12560000 -0.09300000 0.98770000
vn 0.17360000 -0.13640000 0.97530000
vn 0.13790000 -0.15990000 0.97750000
vn 0.10750000 -0.10310000 0.98880000
vn 0.15010000 -0.15270000 0.97680000
vn 0.11230000 -0.17260000 0.97860000
vn 0.08900000 -0.11150000 0.98980000
vn 0.12530000 -0.16660000 0.97800000
vn 0.08540000 -0.18290000 0.97940000
vn 0.06980000 -0.11820000 0.99050000
vn 0.09890000 -0.17810000 0.97900000
vn 0.05790000 -0.19050000 0.98000000
vn 0.05040000 -0.12330000 0.99110000
vn 0.07180000 -0.18710000 0.97970000
vn 0.02950000 -0.19550000 0.98030000
vn 0.03070000 -0.12680000 0.99150000
vn 0.04390000 -0.19340000 0.98010000
vn 0.01050000 -0.12890000 0.99160000
vn 0.01490000 -0.19700000 0.98030000
vn 0.25870000 -0.00000000 0.96590000
vn 0.30960000 -0.00000000 0.95090000
vn 0.30970000 -0.00210000 0.95080000
vn 0.30990000 -0.00550000 0.95080000
vn 0.31010000 -0.01010000 0.95070000
vn 0.31010000 -0.01580000 0.95060000
vn 0.30990000 -0.02240000 0.95050000
vn 0.30940000 -0.02980000 0.95050000
vn 0.30850000 -0.03790000 0.95050000
vn 0.30790000 -0.04220000 0.95050000
vn 0.30760000 -0.04430000 0.95050000
vn 0.30750000 -0.04540000 0.95050000
vn 0.30740000 -0.04600000 0.95050000
vn 0.30730000 -0.04650000 0.95050000
vn 0.30310000 -0.06750000 0.95060000
vn 0.29980000 -0.07980000 0.95070000
vn 0.29780000 -0.08650000 0.95070000
vn 0.29660000 -0.08990000 0.95070000
vn 0.29600000 -0.09160000 0.95080000
vn 0.29570000 -0.09250000 0.95080000
vn 0.29560000 -0.09300000 0.95080000
vn 0.29550000 -0.09340000 0.95080000
vn 0.29540000 -0.09340000 0.95080000
vn 0.29540000 -0.09340000 0.95080000
vn 0.29540000 -0.09340000 0.95080000
vn 0.29180000 -0.10350000 0.95090000
vn 0.28870000 -0.11130000 0.95090000
vn 0.28670000 -0.11600000 0.95100000
vn 0.28570000 -0.11850000 0.95100000
vn 0.28500000 -0.11970000 0.95100000
vn 0.28470000 -0.12040000 0.95100000
vn 0.28460000 -0.12070000 0.95100000
vn 0.28440000 -0.12080000 0.95110000
vn 0.28450000 -0.12110000 0.95100000
vn 0.27700000 -0.13670000 0.95110000
vn 0.26960000 -0.15020000 0.95120000
vn 0.25230000 -0.04380000 0.96670000
vn 0.19490000 -0.02370000 0.98050000
vn 0.26000000 -0.02640000 0.96530000
vn 0.25650000 -0.03470000 0.96590000
vn 0.29420000 -0.04200000 0.95480000
vn 0.25830000 -0.03040000 0.96560000
vn 0.29740000 -0.03220000 0.95420000
vn 0.29590000 -0.03700000 0.95450000
vn 0.20070000 -0.01270000 0.97960000
vn 0.26440000 -0.01300000 0.96430000
vn 0.26250000 -0.01920000 0.96470000
vn 0.29510000 -0.03950000 0.95470000
vn 0.29010000 -0.05290000 0.95550000
vn 0.25450000 -0.03920000 0.96630000
vn 0.29230000 -0.04740000 0.95520000
vn 0.24110000 -0.06360000 0.96840000
vn 0.18620000 -0.03700000 0.98180000
vn 0.24710000 -0.05340000 0.96750000
vn 0.29330000 -0.04470000 0.95500000
vn 0.30360000 -0.04690000 0.95160000
vn 0.29370000 -0.04330000 0.95490000
vn 0.30410000 -0.04550000 0.95160000
vn 0.27260000 -0.04300000 0.96120000
vn 0.25560000 -0.03690000 0.96610000
vn 0.27460000 -0.03820000 0.96080000
vn 0.27360000 -0.04050000 0.96100000
vn 0.21990000 -0.03640000 0.97490000
vn 0.19300000 -0.02690000 0.98080000
vn 0.22400000 -0.02870000 0.97420000
vn 0.22190000 -0.03240000 0.97450000
vn 0.14360000 -0.02080000 0.98940000
vn 0.11080000 -0.01120000 0.99380000
vn 0.14990000 -0.01200000 0.98860000
vn 0.14700000 -0.01620000 0.98900000
vn 0.17460000 -0.05150000 0.98330000
vn 0.23400000 -0.07410000 0.96940000
vn 0.27150000 -0.08940000 0.95830000
vn 0.23760000 -0.06880000 0.96890000
vn 0.27880000 -0.07670000 0.95730000
vn 0.27530000 -0.08290000 0.95780000
vn 0.27720000 -0.07970000 0.95750000
vn 0.24420000 -0.05840000 0.96800000
vn 0.28210000 -0.07040000 0.95680000
vn 0.27340000 -0.08610000 0.95800000
vn 0.26290000 -0.10270000 0.95940000
vn 0.22990000 -0.07960000 0.96990000
vn 0.26730000 -0.09600000 0.95880000
vn 0.28390000 -0.09030000 0.95460000
vn 0.27440000 -0.08450000 0.95790000
vn 0.28580000 -0.08690000 0.95430000
vn 0.28480000 -0.08860000 0.95450000
vn 0.25180000 -0.08130000 0.96430000
vn 0.23580000 -0.07150000 0.96920000
vn 0.25590000 -0.07550000 0.96380000
vn 0.25370000 -0.07830000 0.96410000
vn 0.20250000 -0.06190000 0.97730000
vn 0.17780000 -0.04780000 0.98290000
vn 0.20920000 -0.05300000 0.97640000
vn 0.20590000 -0.05740000 0.97690000
vn 0.12440000 -0.04120000 0.99140000
vn 0.09720000 -0.02530000 0.99490000
vn 0.13510000 -0.03070000 0.99030000
vn 0.13010000 -0.03590000 0.99090000
vn 0.29020000 -0.09070000 0.95270000
vn 0.28530000 -0.08770000 0.95440000
vn 0.29120000 -0.08900000 0.95250000
vn 0.29070000 -0.08980000 0.95260000
vn 0.27630000 -0.08130000 0.95760000
vn 0.28760000 -0.08360000 0.95410000
vn 0.28670000 -0.08530000 0.95420000
vn 0.23940000 -0.06620000 0.96870000
vn 0.25910000 -0.06970000 0.96330000
vn 0.25740000 -0.07260000 0.96360000
vn 0.28940000 -0.09250000 0.95270000
vn 0.28440000 -0.08940000 0.95450000
vn 0.28960000 -0.09150000 0.95280000
vn 0.28200000 -0.09370000 0.95480000
vn 0.27250000 -0.08770000 0.95820000
vn 0.28290000 -0.09200000 0.95470000
vn 0.26950000 -0.09260000 0.95850000
vn 0.29220000 -0.09260000 0.95190000
vn 0.28990000 -0.09110000 0.95270000
vn 0.29300000 -0.09190000 0.95170000
vn 0.29240000 -0.09220000 0.95180000
vn 0.29420000 -0.09290000 0.95120000
vn 0.29290000 -0.09210000 0.95170000
vn 0.29440000 -0.09220000 0.95120000
vn 0.29420000 -0.09250000 0.95130000
vn 0.29050000 -0.09030000 0.95260000
vn 0.29370000 -0.09050000 0.95160000
vn 0.29320000 -0.09130000 0.95170000
vn 0.29470000 -0.09310000 0.95100000
vn 0.29430000 -0.09270000 0.95120000
vn 0.29490000 -0.09280000 0.95100000
vn 0.29480000 -0.09290000 0.95100000
vn 0.29390000 -0.09320000 0.95130000
vn 0.29270000 -0.09250000 0.95170000
vn 0.29380000 -0.09300000 0.95130000
vn 0.29210000 -0.09360000 0.95180000
vn 0.28950000 -0.09200000 0.95280000
vn 0.29220000 -0.09320000 0.95180000
vn 0.28840000 -0.09420000 0.95290000
vn 0.28340000 -0.09110000 0.95470000
vn 0.28900000 -0.09330000 0.95280000
vn 0.29470000 -0.09330000 0.95100000
vn 0.29390000 -0.09290000 0.95130000
vn 0.29470000 -0.09320000 0.95100000
vn 0.25320000 -0.11600000 0.96040000
vn 0.22130000 -0.09060000 0.97100000
vn 0.25810000 -0.10930000 0.95990000
vn 0.27920000 -0.12050000 0.95270000
vn 0.26050000 -0.10600000 0.95960000
vn 0.28410000 -0.11300000 0.95210000
vn 0.28160000 -0.11650000 0.95240000
vn 0.28280000 -0.11480000 0.95230000
vn 0.26510000 -0.09930000 0.95910000
vn 0.28040000 -0.11850000 0.95250000
vn 0.27410000 -0.12780000 0.95320000
vn 0.25570000 -0.11270000 0.96020000
vn 0.27670000 -0.12410000 0.95290000
vn 0.24250000 -0.12920000 0.96150000
vn 0.21190000 -0.10140000 0.97200000
vn 0.24790000 -0.12260000 0.96100000
vn 0.28110000 -0.11760000 0.95240000
vn 0.26840000 -0.11470000 0.95640000
vn 0.25930000 -0.10770000 0.95980000
vn 0.27090000 -0.11120000 0.95620000
vn 0.26970000 -0.11300000 0.95630000
vn 0.23880000 -0.09940000 0.96600000
vn 0.22360000 -0.08780000 0.97070000
vn 0.24340000 -0.09330000 0.96540000
vn 0.24140000 -0.09650000 0.96560000
vn 0.18660000 -0.08010000 0.97920000
vn 0.16390000 -0.06280000 0.98450000
vn 0.19490000 -0.07100000 0.97820000
vn 0.19100000 -0.07570000 0.97870000
vn 0.11190000 -0.05130000 0.99240000
vn 0.08810000 -0.03270000 0.99560000
vn 0.11840000 -0.04640000 0.99190000
vn 0.28310000 -0.11990000 0.95160000
vn 0.28060000 -0.11800000 0.95250000
vn 0.28360000 -0.11870000 0.95160000
vn 0.28350000 -0.11950000 0.95150000
vn 0.27980000 -0.11950000 0.95260000
vn 0.27800000 -0.12230000 0.95280000
vn 0.27500000 -0.11570000 0.95450000
vn 0.27030000 -0.11210000 0.95620000
vn 0.27630000 -0.11380000 0.95430000
vn 0.27570000 -0.11480000 0.95440000
vn 0.26170000 -0.10430000 0.95950000
vn 0.27330000 -0.10770000 0.95590000
vn 0.27210000 -0.10920000 0.95610000
vn 0.28260000 -0.12090000 0.95160000
vn 0.28010000 -0.11900000 0.95260000
vn 0.28290000 -0.12040000 0.95160000
vn 0.27380000 -0.11750000 0.95460000
vn 0.26910000 -0.11390000 0.95630000
vn 0.27440000 -0.11660000 0.95450000
vn 0.26600000 -0.11820000 0.95670000
vn 0.25690000 -0.11100000 0.96000000
vn 0.26710000 -0.11660000 0.95660000
vn 0.23400000 -0.10540000 0.96650000
vn 0.21910000 -0.09330000 0.97120000
vn 0.23640000 -0.10230000 0.96630000
vn 0.28300000 -0.12020000 0.95150000
vn 0.25850000 -0.16770000 0.95130000
vn 0.24690000 -0.18410000 0.95140000
vn 0.23480000 -0.19930000 0.95140000
vn 0.22860000 -0.20640000 0.95140000
vn 0.22550000 -0.20980000 0.95140000
vn 0.22390000 -0.21150000 0.95140000
vn 0.22320000 -0.21240000 0.95140000
vn 0.22270000 -0.21280000 0.95140000
vn 0.22230000 -0.21320000 0.95140000
vn 0.20840000 -0.22700000 0.95130000
vn 0.20090000 -0.23370000 0.95130000
vn 0.19700000 -0.23700000 0.95130000
vn 0.19500000 -0.23870000 0.95130000
vn 0.19400000 -0.23950000 0.95130000
vn 0.19350000 -0.23990000 0.95130000
vn 0.19330000 -0.24010000 0.95130000
vn 0.19300000 -0.24030000 0.95130000
vn 0.17770000 -0.25180000 0.95130000
vn 0.16910000 -0.25770000 0.95130000
vn 0.16450000 -0.26060000 0.95130000
vn 0.16220000 -0.26210000 0.95130000
vn 0.16100000 -0.26290000 0.95130000
vn 0.15980000 -0.26360000 0.95130000
vn 0.13970000 -0.27490000 0.95130000
vn 0.12030000 -0.28420000 0.95120000
vn 0.10160000 -0.29170000 0.95110000
vn 0.09260000 -0.29480000 0.95110000
vn 0.08820000 -0.29620000 0.95100000
vn 0.08600000 -0.29690000 0.95100000
vn 0.08490000 -0.29720000 0.95100000
vn 0.08440000 -0.29740000 0.95100000
vn 0.08410000 -0.29750000 0.95100000
vn 0.08380000 -0.29750000 0.95100000
vn 0.06400000 -0.30260000 0.95100000
vn 0.05360000 -0.30460000 0.95100000
vn 0.04830000 -0.30550000 0.95100000
vn 0.04570000 -0.30590000 0.95100000
vn 0.04430000 -0.30610000 0.95100000
vn 0.04370000 -0.30620000 0.95100000
vn 0.04330000 -0.30630000 0.95100000
vn 0.04300000 -0.30630000 0.95100000
vn 0.02330000 -0.30840000 0.95100000
vn -0.00000000 -0.30930000 0.95100000
vn 0.19240000 -0.17730000 0.96520000
vn 0.16790000 -0.14070000 0.97570000
vn 0.20560000 -0.16640000 0.96440000
vn 0.19900000 -0.17190000 0.96480000
vn 0.21020000 -0.19670000 0.95770000
vn 0.19570000 -0.17460000 0.96500000
vn 0.21730000 -0.19060000 0.95730000
vn 0.21380000 -0.19360000 0.95750000
vn 0.17870000 -0.18730000 0.96590000
vn 0.15610000 -0.14880000 0.97650000
vn 0.18560000 -0.18240000 0.96550000
vn 0.21980000 -0.20710000 0.95330000
vn 0.21200000 -0.19520000 0.95760000
vn 0.22340000 -0.20390000 0.95320000
vn 0.22160000 -0.20550000 0.95320000
vn 0.20300000 -0.20250000 0.95800000
vn 0.18900000 -0.17980000 0.96540000
vn 0.20660000 -0.19960000 0.95780000
vn 0.21610000 -0.21030000 0.95350000
vn 0.20840000 -0.19810000 0.95780000
vn 0.21790000 -0.20870000 0.95340000
vn 0.21880000 -0.20790000 0.95340000
vn 0.16460000 -0.19680000 0.96650000
vn 0.14400000 -0.15640000 0.97710000
vn 0.17180000 -0.19220000 0.96620000
vn 0.18050000 -0.21900000 0.95890000
vn 0.16820000 -0.19450000 0.96640000
vn 0.18810000 -0.21370000 0.95860000
vn 0.18430000 -0.21640000 0.95870000
vn 0.15000000 -0.20550000 0.96710000
vn 0.13160000 -0.16330000 0.97780000
vn 0.15740000 -0.20120000 0.96680000
vn 0.18890000 -0.23090000 0.95450000
vn 0.18240000 -0.21760000 0.95880000
vn 0.19290000 -0.22820000 0.95430000
vn 0.19090000 -0.22960000 0.95440000
vn 0.17260000 -0.22410000 0.95920000
vn 0.16100000 -0.19900000 0.96670000
vn 0.17660000 -0.22160000 0.95900000
vn 0.18490000 -0.23370000 0.95460000
vn 0.17850000 -0.22020000 0.95900000
vn 0.18690000 -0.23230000 0.95450000
vn 0.19130000 -0.23870000 0.95210000
vn 0.18790000 -0.23170000 0.95450000
vn 0.19230000 -0.23790000 0.95210000
vn 0.19180000 -0.23830000 0.95210000
vn 0.18920000 -0.24010000 0.95210000
vn 0.18590000 -0.23300000 0.95450000
vn 0.19020000 -0.23940000 0.95210000
vn 0.18080000 -0.23640000 0.95470000
vn 0.17460000 -0.22280000 0.95910000
vn 0.18290000 -0.23510000 0.95460000
vn 0.16460000 -0.22900000 0.95940000
vn 0.15370000 -0.20340000 0.96700000
vn 0.16860000 -0.22650000 0.95930000
vn 0.13470000 -0.21350000 0.96760000
vn 0.11890000 -0.16970000 0.97830000
vn 0.14240000 -0.20950000 0.96740000
vn 0.14810000 -0.23820000 0.95990000
vn 0.13860000 -0.21150000 0.96750000
vn 0.15640000 -0.23370000 0.95960000
vn 0.15230000 -0.23590000 0.95980000
vn 0.11890000 -0.22080000 0.96810000
vn 0.10570000 -0.17540000 0.97880000
vn 0.12690000 -0.21720000 0.96780000
vn 0.15510000 -0.25140000 0.95540000
vn 0.15020000 -0.23700000 0.95980000
vn 0.15960000 -0.24920000 0.95520000
vn 0.15740000 -0.25040000 0.95530000
vn 0.13950000 -0.24250000 0.96010000
vn 0.13080000 -0.21540000 0.96770000
vn 0.14380000 -0.24040000 0.96000000
vn 0.15080000 -0.25390000 0.95540000
vn 0.14590000 -0.23930000 0.95990000
vn 0.15300000 -0.25270000 0.95540000
vn 0.06980000 -0.23740000 0.96890000
vn 0.06490000 -0.18890000 0.97990000
vn 0.08650000 -0.23270000 0.96870000
vn 0.07820000 -0.23520000 0.96880000
vn 0.07700000 -0.26580000 0.96100000
vn 0.07400000 -0.23630000 0.96890000
vn 0.08610000 -0.26320000 0.96090000
vn 0.08160000 -0.26450000 0.96090000
vn 0.05290000 -0.24110000 0.96910000
vn 0.05090000 -0.19200000 0.98010000
vn 0.06140000 -0.23940000 0.96900000
vn 0.08080000 -0.28130000 0.95620000
vn 0.07930000 -0.26520000 0.96090000
vn 0.08560000 -0.27990000 0.95620000
vn 0.08320000 -0.28060000 0.95620000
vn 0.06770000 -0.26810000 0.96100000
vn 0.06560000 -0.23840000 0.96890000
vn 0.07230000 -0.26700000 0.96100000
vn 0.08280000 -0.28930000 0.95370000
vn 0.08200000 -0.28090000 0.95620000
vn 0.08530000 -0.28860000 0.95360000
vn 0.08400000 -0.28900000 0.95360000
vn 0.07600000 -0.28250000 0.95620000
vn 0.07470000 -0.26640000 0.96100000
vn 0.07840000 -0.28190000 0.95620000
vn 0.08030000 -0.29000000 0.95370000
vn 0.07960000 -0.28160000 0.95620000
vn 0.08160000 -0.28970000 0.95360000
vn 0.08250000 -0.29370000 0.95230000
vn 0.08220000 -0.28940000 0.95370000
vn 0.08400000 -0.29330000 0.95230000
vn 0.08320000 -0.29350000 0.95230000
vn 0.03560000 -0.24400000 0.96910000
vn 0.03670000 -0.19450000 0.98020000
vn 0.04430000 -0.24260000 0.96910000
vn 0.03930000 -0.27340000 0.96110000
vn 0.04000000 -0.24340000 0.96910000
vn 0.04890000 -0.27190000 0.96110000
vn 0.04410000 -0.27270000 0.96110000
vn 0.01800000 -0.24590000 0.96910000
vn 0.02230000 -0.19630000 0.98030000
vn 0.02690000 -0.24500000 0.96910000
vn 0.04130000 -0.28940000 0.95630000
vn 0.04170000 -0.27310000 0.96110000
vn 0.04620000 -0.28870000 0.95630000
vn 0.04380000 -0.28910000 0.95630000
vn 0.02960000 -0.27470000 0.96110000
vn 0.03130000 -0.24450000 0.96910000
vn 0.03450000 -0.27410000 0.96110000
vn 0.04230000 -0.29780000 0.95370000
vn 0.04250000 -0.28930000 0.95630000
vn 0.04490000 -0.29740000 0.95370000
vn 0.04360000 -0.29760000 0.95370000
vn 0.03620000 -0.29020000 0.95630000
vn 0.03690000 -0.27370000 0.96110000
vn 0.03870000 -0.28980000 0.95630000
vn 0.04280000 -0.30200000 0.95230000
vn 0.04290000 -0.29770000 0.95370000
vn 0.04420000 -0.30180000 0.95230000
vn 0.04350000 -0.30190000 0.95230000
vn 0.03970000 -0.29810000 0.95370000
vn 0.04000000 -0.28960000 0.95630000
vn 0.04100000 -0.29800000 0.95370000
vn 0.04150000 -0.30220000 0.95230000
vn 0.04170000 -0.29790000 0.95370000
vn 0.04210000 -0.30210000 0.95230000
vn -0.00000000 -0.18680000 0.98240000
vn -0.00000000 -0.12600000 0.99200000
vn -0.00000000 -0.08640000 0.99630000
vn -0.00000000 -0.06100000 0.99810000
vn -0.00000000 -0.04150000 0.99910000
vn -0.00000000 -0.02770000 0.99960000
vn -0.00000000 -0.01980000 0.99980000
vn 0.00010000 -0.01430000 0.99990000
vn -0.00000000 -0.00960000 1.00000000
vn -0.00000000 -0.00580000 1.00000000
vn -0.00000000 -0.00290000 1.00000000
vn -0.00000000 -0.00090000 1.00000000
vn -0.00020000 0.00020000 1.00000000
vn 0.00010000 0.00070000 1.00000000
vn 0.00120000 -0.00000000 1.00000000
vn 0.00730000 -0.00010000 1.00000000
vn 0.01770000 -0.00010000 0.99980000
vn 0.03230000 -0.00000000 0.99950000
vn 0.05140000 -0.00000000 0.99870000
vn 0.09290000 -0.00000000 0.99570000
vn 0.15800000 -0.00000000 0.98740000
vn 0.25870000 -0.00000000 0.96600000
vn 0.25870000 -0.00000000 0.96600000
vn 0.26670000 -0.00410000 0.96380000
vn 0.20590000 -0.00060000 0.97860000
vn 0.26740000 -0.00140000 0.96360000
vn 0.26760000 -0.00050000 0.96350000
vn 0.23510000 -0.00100000 0.97200000
vn 0.20610000 -0.00020000 0.97850000
vn 0.23530000 -0.00040000 0.97190000
vn 0.15620000 -0.00120000 0.98770000
vn 0.11870000 0.00010000 0.99290000
vn 0.15680000 -0.00020000 0.98760000
vn 0.26780000 -0.00030000 0.96350000
vn 0.25110000 -0.00050000 0.96800000
vn 0.23540000 -0.00010000 0.97190000
vn 0.25120000 -0.00020000 0.96790000
vn 0.30400000 -0.00080000 0.95270000
vn 0.26790000 -0.00010000 0.96350000
vn 0.25940000 -0.00020000 0.96580000
vn 0.25140000 0.00010000 0.96790000
vn 0.25940000 -0.00000000 0.96580000
vn 0.30410000 -0.00030000 0.95260000
vn 0.28530000 -0.00070000 0.95840000
vn 0.28550000 -0.00030000 0.95840000
vn 0.25950000 -0.00020000 0.96570000
vn 0.25530000 -0.00020000 0.96690000
vn 0.25120000 -0.00000000 0.96790000
vn 0.25530000 -0.00010000 0.96690000
vn 0.24320000 -0.00020000 0.97000000
vn 0.23550000 -0.00000000 0.97190000
vn 0.24330000 -0.00010000 0.97000000
vn 0.22030000 -0.00030000 0.97540000
vn 0.20620000 -0.00010000 0.97850000
vn 0.22040000 -0.00010000 0.97540000
vn 0.17970000 -0.00040000 0.98370000
vn 0.15700000 -0.00000000 0.98760000
vn 0.17990000 -0.00010000 0.98370000
vn 0.25940000 -0.00010000 0.96580000
vn 0.25750000 -0.00030000 0.96630000
vn 0.25550000 -0.00000000 0.96680000
vn 0.25750000 -0.00010000 0.96630000
vn 0.26790000 -0.00000000 0.96340000
vn 0.26360000 -0.00000000 0.96460000
vn 0.26370000 -0.00010000 0.96460000
vn 0.28550000 -0.00010000 0.95840000
vn 0.27650000 -0.00050000 0.96100000
vn 0.27660000 -0.00010000 0.96100000
vn 0.25940000 -0.00000000 0.96580000
vn 0.25840000 -0.00020000 0.96600000
vn 0.25760000 -0.00000000 0.96620000
vn 0.25840000 -0.00010000 0.96600000
vn 0.26370000 -0.00000000 0.96460000
vn 0.26160000 -0.00020000 0.96520000
vn 0.26180000 -0.00000000 0.96510000
vn 0.25950000 -0.00000000 0.96580000
vn 0.25890000 -0.00010000 0.96590000
vn 0.25840000 -0.00000000 0.96600000
vn 0.25890000 -0.00010000 0.96590000
vn 0.26160000 -0.00000000 0.96520000
vn 0.26060000 -0.00010000 0.96550000
vn 0.26070000 -0.00000000 0.96540000
vn 0.25910000 -0.00000000 0.96580000
vn 0.25830000 -0.00000000 0.96610000
vn 0.25840000 0.00010000 0.96600000
vn 0.25870000 -0.00000000 0.96600000
vn 0.25770000 -0.00010000 0.96620000
vn 0.25740000 -0.00000000 0.96630000
vn 0.25800000 -0.00000000 0.96610000
vn 0.25650000 -0.00010000 0.96650000
vn 0.25540000 -0.00000000 0.96680000
vn 0.25640000 -0.00000000 0.96660000
vn 0.25330000 -0.00020000 0.96740000
vn 0.25130000 -0.00000000 0.96790000
vn 0.25330000 -0.00000000 0.96740000
vn 0.24720000 -0.00030000 0.96900000
vn 0.24330000 -0.00000000 0.96990000
vn 0.24730000 -0.00000000 0.96890000
vn 0.25860000 0.00010000 0.96600000
vn 0.25830000 -0.00000000 0.96610000
vn 0.25850000 -0.00000000 0.96600000
vn 0.25810000 -0.00000000 0.96610000
vn 0.25850000 -0.00000000 0.96600000
vn 0.25790000 -0.00000000 0.96620000
vn 0.25810000 -0.00010000 0.96610000
vn 0.25900000 -0.00000000 0.96590000
vn 0.25890000 -0.00000000 0.96590000
vn 0.25890000 -0.00000000 0.96590000
vn 0.25950000 -0.00000000 0.96570000
vn 0.25910000 0.00010000 0.96580000
vn 0.25920000 0.00010000 0.96580000
vn 0.26050000 -0.00000000 0.96550000
vn 0.26010000 -0.00000000 0.96560000
vn 0.26000000 -0.00000000 0.96560000
vn 0.25880000 -0.00000000 0.96590000
vn 0.25880000 -0.00000000 0.96590000
vn 0.25860000 0.00020000 0.96600000
vn 0.25870000 0.00010000 0.96600000
vn -0.20530000 -0.00200000 0.97870000
vn -0.20300000 -0.00750000 0.97910000
vn -0.19900000 -0.01610000 0.97990000
vn -0.19300000 -0.02690000 0.98080000
vn -0.18370000 -0.04030000 0.98220000
vn -0.17210000 -0.05420000 0.98360000
vn -0.15800000 -0.06830000 0.98510000
vn -0.14200000 -0.08170000 0.98650000
vn -0.12520000 -0.09320000 0.98770000
vn -0.10810000 -0.10280000 0.98880000
vn -0.09060000 -0.11080000 0.98970000
vn -0.07250000 -0.11730000 0.99040000
vn -0.05410000 -0.12240000 0.99100000
vn -0.03560000 -0.12600000 0.99140000
vn -0.01660000 -0.12840000 0.99160000
vn -0.11830000 -0.00050000 0.99300000
vn -0.11660000 -0.00290000 0.99320000
vn -0.11370000 -0.00720000 0.99350000
vn -0.10940000 -0.01280000 0.99390000
vn -0.10320000 -0.01970000 0.99450000
vn -0.09570000 -0.02670000 0.99510000
vn -0.08680000 -0.03360000 0.99570000
vn -0.07710000 -0.03990000 0.99620000
vn -0.06720000 -0.04510000 0.99670000
vn -0.05740000 -0.04910000 0.99710000
vn -0.04760000 -0.05220000 0.99750000
vn -0.03780000 -0.05460000 0.99780000
vn -0.02810000 -0.05640000 0.99800000
vn -0.01840000 -0.05750000 0.99820000
vn -0.00860000 -0.05830000 0.99830000
vn -0.06300000 0.00010000 0.99800000
vn -0.06200000 -0.00090000 0.99810000
vn -0.06020000 -0.00300000 0.99820000
vn -0.05760000 -0.00560000 0.99830000
vn -0.05390000 -0.00890000 0.99850000
vn -0.04960000 -0.01230000 0.99870000
vn -0.04460000 -0.01550000 0.99890000
vn -0.03930000 -0.01830000 0.99910000
vn -0.03390000 -0.02040000 0.99920000
vn -0.02870000 -0.02200000 0.99930000
vn -0.02360000 -0.02310000 0.99950000
vn -0.01860000 -0.02380000 0.99950000
vn -0.01370000 -0.02430000 0.99960000
vn -0.00900000 -0.02460000 0.99970000
vn -0.00420000 -0.02470000 0.99970000
vn -0.03230000 0.00010000 0.99950000
vn -0.03170000 -0.00040000 0.99950000
vn -0.03080000 -0.00140000 0.99950000
vn -0.02950000 -0.00270000 0.99960000
vn -0.02760000 -0.00430000 0.99960000
vn -0.02530000 -0.00600000 0.99970000
vn -0.02280000 -0.00760000 0.99970000
vn -0.02000000 -0.00890000 0.99980000
vn -0.01730000 -0.01000000 0.99980000
vn -0.01460000 -0.01080000 0.99980000
vn -0.01200000 -0.01120000 0.99990000
vn -0.00950000 -0.01160000 0.99990000
vn -0.00700000 -0.01180000 0.99990000
vn -0.00450000 -0.01180000 0.99990000
vn -0.00210000 -0.01200000 0.99990000
vn -0.01220000 -0.00000000 0.99990000
vn -0.01200000 -0.00010000 0.99990000
vn -0.01160000 -0.00040000 0.99990000
vn -0.01100000 -0.00090000 0.99990000
vn -0.01030000 -0.00150000 0.99990000
vn -0.00950000 -0.00200000 1.00000000
vn -0.00840000 -0.00260000 1.00000000
vn -0.00740000 -0.00310000 1.00000000
vn -0.00630000 -0.00340000 1.00000000
vn -0.00540000 -0.00360000 1.00000000
vn -0.00440000 -0.00380000 1.00000000
vn -0.00350000 -0.00380000 1.00000000
vn -0.00260000 -0.00390000 1.00000000
vn -0.00170000 -0.00380000 1.00000000
vn -0.00080000 -0.00390000 1.00000000
vn -0.00150000 -0.00000000 1.00000000
vn -0.00140000 -0.00000000 1.00000000
vn -0.00130000 -0.00000000 1.00000000
vn -0.00120000 -0.00000000 1.00000000
vn -0.00120000 -0.00000000 1.00000000
vn -0.00100000 -0.00000000 1.00000000
vn -0.00090000 -0.00010000 1.00000000
vn -0.00070000 -0.00010000 1.00000000
vn -0.00070000 -0.00010000 1.00000000
vn -0.00050000 -0.00000000 1.00000000
vn -0.00030000 -0.00000000 1.00000000
vn -0.00020000 0.00010000 1.00000000
vn -0.00020000 0.00010000 1.00000000
vn -0.00020000 0.00010000 1.00000000
vn -0.00020000 -0.00010000 1.00000000
vn -0.00000000 -0.00000000 1.00000000
vn 0.00010000 0.00010000 1.00000000
vn -0.00000000 0.00020000 1.00000000
vn -0.00000000 0.00030000 1.00000000
vn -0.00000000 -0.00000000 1.00000000
vn -0.00000000 -0.00010000 1.00000000
vn -0.00010000 0.00040000 1.00000000
vn -0.00000000 0.00010000 1.00000000
vn -0.00000000 -0.00010000 1.00000000
vn -0.00000000 -0.00010000 1.00000000
vn -0.00000000 -0.00010000 1.00000000
vn -0.00000000 -0.00000000 1.00000000
vn -0.00000000 -0.00000000 1.00000000
vn -0.00000000 -0.00010000 1.00000000
vn -0.00000000 -0.00010000 1.00000000
vn -0.15020000 -0.07510000 0.98580000
vn -0.19440000 -0.11880000 0.97370000
vn -0.21420000 -0.09880000 0.97180000
vn -0.20470000 -0.10890000 0.97270000
vn -0.13360000 -0.08770000 0.98710000
vn -0.17310000 -0.13670000 0.97540000
vn -0.18390000 -0.12810000 0.97460000
vn -0.11670000 -0.09820000 0.98830000
vn -0.15080000 -0.15220000 0.97680000
vn -0.16210000 -0.14480000 0.97610000
vn -0.09940000 -0.10700000 0.98930000
vn -0.12740000 -0.16540000 0.97800000
vn -0.13930000 -0.15910000 0.97740000
vn -0.08160000 -0.11420000 0.99010000
vn -0.10270000 -0.17670000 0.97890000
vn -0.11520000 -0.17130000 0.97840000
vn -0.06330000 -0.12010000 0.99070000
vn -0.07700000 -0.18560000 0.97960000
vn -0.08990000 -0.18140000 0.97930000
vn -0.04490000 -0.12440000 0.99120000
vn -0.05070000 -0.19210000 0.98010000
vn -0.06400000 -0.18910000 0.97990000
vn -0.02610000 -0.12740000 0.99150000
vn -0.02370000 -0.19620000 0.98030000
vn -0.03730000 -0.19440000 0.98020000
vn -0.00680000 -0.12900000 0.99160000
vn -0.00970000 -0.19730000 0.98030000
vn -0.30960000 -0.00000000 0.95090000
vn -0.19900000 -0.00000000 0.98000000
vn -0.12500000 -0.00000000 0.99220000
vn -0.07400000 -0.00000000 0.99730000
vn -0.04290000 -0.00000000 0.99910000
vn -0.02200000 -0.00000000 0.99980000
vn -0.00800000 -0.00010000 1.00000000
vn -0.00060000 -0.00010000 1.00000000
vn 0.00010000 0.00040000 1.00000000
vn 0.00020000 0.00030000 1.00000000
vn -0.00000000 -0.00090000 1.00000000
vn -0.00000000 -0.00290000 1.00000000
vn -0.00000000 -0.00580000 1.00000000
vn -0.00000000 -0.00960000 1.00000000
vn -0.00000000 -0.01430000 0.99990000
vn -0.00000000 -0.01980000 0.99980000
vn -0.00000000 -0.02770000 0.99960000
vn -0.00000000 -0.04150000 0.99910000
vn -0.00000000 -0.06100000 0.99810000
vn -0.00000000 -0.08640000 0.99630000
vn -0.00000000 -0.12600000 0.99200000
vn -0.00000000 -0.18680000 0.98240000
vn -0.00000000 -0.30930000 0.95100000
vn -0.02330000 -0.30840000 0.95100000
vn -0.03360000 -0.30750000 0.95100000
vn -0.03840000 -0.30690000 0.95100000
vn -0.04080000 -0.30660000 0.95100000
vn -0.04190000 -0.30650000 0.95100000
vn -0.04250000 -0.30640000 0.95090000
vn -0.04270000 -0.30640000 0.95100000
vn -0.04300000 -0.30630000 0.95100000
vn -0.06400000 -0.30260000 0.95100000
vn -0.07410000 -0.30020000 0.95100000
vn -0.07910000 -0.29890000 0.95100000
vn -0.08150000 -0.29820000 0.95100000
vn -0.08270000 -0.29790000 0.95100000
vn -0.08330000 -0.29770000 0.95100000
vn -0.08360000 -0.29760000 0.95100000
vn -0.08400000 -0.29750000 0.95100000
vn -0.10180000 -0.29170000 0.95110000
vn -0.12040000 -0.28420000 0.95120000
vn -0.13990000 -0.27480000 0.95130000
vn -0.14980000 -0.26940000 0.95130000
vn -0.15490000 -0.26660000 0.95130000
vn -0.15740000 -0.26510000 0.95130000
vn -0.15860000 -0.26430000 0.95130000
vn -0.15990000 -0.26350000 0.95130000
vn -0.17790000 -0.25170000 0.95130000
vn -0.18580000 -0.24590000 0.95130000
vn -0.18960000 -0.24300000 0.95130000
vn -0.19140000 -0.24160000 0.95130000
vn -0.19220000 -0.24080000 0.95130000
vn -0.19270000 -0.24060000 0.95130000
vn -0.19300000 -0.24040000 0.95130000
vn -0.19320000 -0.24020000 0.95130000
vn -0.20850000 -0.22690000 0.95130000
vn -0.21560000 -0.22000000 0.95140000
vn -0.21910000 -0.21660000 0.95140000
vn -0.22070000 -0.21480000 0.95140000
vn -0.22160000 -0.21400000 0.95140000
vn -0.22200000 -0.21350000 0.95140000
vn -0.22240000 -0.21320000 0.95140000
vn -0.23490000 -0.19920000 0.95140000
vn -0.24690000 -0.18410000 0.95140000
vn -0.25850000 -0.16770000 0.95130000
vn -0.26960000 -0.15020000 0.95120000
vn -0.01670000 -0.19680000 0.98030000
vn -0.01170000 -0.24630000 0.96910000
vn -0.02850000 -0.24480000 0.96910000
vn -0.02020000 -0.24570000 0.96910000
vn -0.03050000 -0.19530000 0.98030000
vn -0.04500000 -0.24250000 0.96910000
vn -0.03680000 -0.24380000 0.96910000
vn -0.03270000 -0.24430000 0.96910000
vn -0.03150000 -0.27450000 0.96110000
vn -0.04060000 -0.27330000 0.96110000
vn -0.03610000 -0.27390000 0.96110000
vn -0.03830000 -0.27360000 0.96110000
vn -0.03780000 -0.28990000 0.95630000
vn -0.04260000 -0.28920000 0.95630000
vn -0.04030000 -0.28960000 0.95630000
vn -0.04100000 -0.24320000 0.96910000
vn -0.04970000 -0.27180000 0.96110000
vn -0.04510000 -0.27250000 0.96110000
vn -0.04410000 -0.19330000 0.98010000
vn -0.06120000 -0.23940000 0.96900000
vn -0.05310000 -0.24100000 0.96910000
vn -0.03910000 -0.28980000 0.95630000
vn -0.03880000 -0.29830000 0.95370000
vn -0.04130000 -0.29790000 0.95370000
vn -0.03980000 -0.29800000 0.95370000
vn -0.03380000 -0.27420000 0.96110000
vn -0.03310000 -0.29050000 0.95630000
vn -0.03570000 -0.29020000 0.95630000
vn -0.02440000 -0.24530000 0.96910000
vn -0.02220000 -0.27540000 0.96110000
vn -0.02680000 -0.27500000 0.96110000
vn -0.04140000 -0.28940000 0.95630000
vn -0.04370000 -0.29760000 0.95370000
vn -0.04250000 -0.29780000 0.95370000
vn -0.04290000 -0.27290000 0.96110000
vn -0.04740000 -0.28850000 0.95630000
vn -0.04500000 -0.28890000 0.95630000
vn -0.04190000 -0.29780000 0.95370000
vn -0.04190000 -0.30210000 0.95230000
vn -0.04300000 -0.30200000 0.95230000
vn -0.04240000 -0.30210000 0.95230000
vn -0.05740000 -0.19060000 0.98000000
vn -0.07710000 -0.23540000 0.96880000
vn -0.06920000 -0.23750000 0.96890000
vn -0.06520000 -0.23850000 0.96900000
vn -0.06750000 -0.26820000 0.96100000
vn -0.07630000 -0.26600000 0.96100000
vn -0.07190000 -0.26710000 0.96100000
vn -0.07410000 -0.26650000 0.96100000
vn -0.07540000 -0.28270000 0.95620000
vn -0.08010000 -0.28150000 0.95620000
vn -0.07780000 -0.28210000 0.95620000
vn -0.07320000 -0.23650000 0.96890000
vn -0.08500000 -0.26360000 0.96090000
vn -0.08060000 -0.26480000 0.96090000
vn -0.07050000 -0.18740000 0.97970000
vn -0.09270000 -0.23070000 0.96860000
vn -0.08500000 -0.23320000 0.96870000
vn -0.07890000 -0.28180000 0.95620000
vn -0.07970000 -0.29010000 0.95370000
vn -0.08200000 -0.28950000 0.95370000
vn -0.08090000 -0.28980000 0.95370000
vn -0.07850000 -0.26540000 0.96090000
vn -0.08460000 -0.28020000 0.95620000
vn -0.08240000 -0.28090000 0.95620000
vn -0.08150000 -0.28970000 0.95360000
vn -0.08170000 -0.29390000 0.95230000
vn -0.08310000 -0.29360000 0.95230000
vn -0.08240000 -0.29370000 0.95230000
vn -0.08120000 -0.28110000 0.95620000
vn -0.08440000 -0.28880000 0.95370000
vn -0.08310000 -0.28910000 0.95370000
vn -0.10900000 -0.17410000 0.97870000
vn -0.12330000 -0.21880000 0.96790000
vn -0.13820000 -0.21180000 0.96750000
vn -0.13080000 -0.21540000 0.96770000
vn -0.12710000 -0.21710000 0.96780000
vn -0.13560000 -0.24430000 0.96020000
vn -0.14380000 -0.24040000 0.96000000
vn -0.13970000 -0.24240000 0.96010000
vn -0.09630000 -0.17910000 0.97910000
vn -0.10810000 -0.22510000 0.96830000
vn -0.11570000 -0.22210000 0.96810000
vn -0.13450000 -0.21360000 0.96760000
vn -0.15180000 -0.23620000 0.95980000
vn -0.14780000 -0.23830000 0.95990000
vn -0.12140000 -0.16850000 0.97820000
vn -0.15250000 -0.20410000 0.96700000
vn -0.14540000 -0.20800000 0.96730000
vn -0.14580000 -0.23930000 0.95990000
vn -0.15070000 -0.25390000 0.95540000
vn -0.15500000 -0.25170000 0.95530000
vn -0.15280000 -0.25260000 0.95540000
vn -0.13340000 -0.16240000 0.97770000
vn -0.16630000 -0.19570000 0.96650000
vn -0.15940000 -0.19990000 0.96670000
vn -0.16290000 -0.19780000 0.96660000
vn -0.17490000 -0.22260000 0.95910000
vn -0.18230000 -0.21780000 0.95880000
vn -0.17860000 -0.22020000 0.95900000
vn -0.14510000 -0.15570000 0.97710000
vn -0.17960000 -0.18670000 0.96590000
vn -0.17300000 -0.19130000 0.96620000
vn -0.17670000 -0.22140000 0.95900000
vn -0.18320000 -0.23490000 0.95460000
vn -0.18700000 -0.23230000 0.95450000
vn -0.18500000 -0.23360000 0.95460000
vn -0.15600000 -0.20200000 0.96690000
vn -0.16730000 -0.22730000 0.95930000
vn -0.17110000 -0.22500000 0.95920000
vn -0.18600000 -0.23290000 0.95450000
vn -0.18940000 -0.23990000 0.95210000
vn -0.19130000 -0.23860000 0.95210000
vn -0.19040000 -0.23930000 0.95210000
vn -0.18040000 -0.21900000 0.95890000
vn -0.19080000 -0.22970000 0.95440000
vn -0.18890000 -0.23100000 0.95440000
vn -0.16970000 -0.19350000 0.96630000
vn -0.18950000 -0.21270000 0.95860000
vn -0.18590000 -0.21520000 0.95870000
vn -0.18790000 -0.23160000 0.95450000
vn -0.19330000 -0.23720000 0.95200000
vn -0.19230000 -0.23790000 0.95210000
vn -0.19180000 -0.23820000 0.95210000
vn -0.15650000 -0.14850000 0.97640000
vn -0.19250000 -0.17710000 0.96520000
vn -0.18610000 -0.18200000 0.96550000
vn -0.18930000 -0.17960000 0.96530000
vn -0.20350000 -0.20210000 0.95800000
vn -0.21030000 -0.19650000 0.95770000
vn -0.20700000 -0.19930000 0.95780000
vn -0.16770000 -0.14080000 0.97570000
vn -0.20500000 -0.16690000 0.96440000
vn -0.19880000 -0.17210000 0.96480000
vn -0.20870000 -0.19790000 0.95780000
vn -0.21640000 -0.21000000 0.95350000
vn -0.21990000 -0.20690000 0.95330000
vn -0.21820000 -0.20850000 0.95340000
vn -0.19570000 -0.17460000 0.96500000
vn -0.21710000 -0.19080000 0.95730000
vn -0.21370000 -0.19370000 0.95750000
vn -0.21720000 -0.20920000 0.95340000
vn -0.20530000 -0.20070000 0.95790000
vn -0.21280000 -0.21290000 0.95360000
vn -0.21460000 -0.21150000 0.95350000
vn -0.18290000 -0.18440000 0.96570000
vn -0.19650000 -0.20750000 0.95830000
vn -0.20010000 -0.20480000 0.95810000
vn -0.21900000 -0.20770000 0.95330000
vn -0.21210000 -0.19510000 0.95760000
vn -0.22340000 -0.20400000 0.95320000
vn -0.22170000 -0.20550000 0.95320000
vn -0.27690000 -0.13680000 0.95110000
vn -0.28070000 -0.12920000 0.95100000
vn -0.28260000 -0.12530000 0.95100000
vn -0.28350000 -0.12320000 0.95100000
vn -0.28410000 -0.12220000 0.95100000
vn -0.28420000 -0.12160000 0.95100000
vn -0.28440000 -0.12140000 0.95100000
vn -0.28430000 -0.12120000 0.95100000
vn -0.28450000 -0.12110000 0.95100000
vn -0.29180000 -0.10370000 0.95090000
vn -0.29390000 -0.09770000 0.95080000
vn -0.29480000 -0.09540000 0.95080000
vn -0.29510000 -0.09430000 0.95080000
vn -0.29530000 -0.09390000 0.95080000
vn -0.29520000 -0.09360000 0.95080000
vn -0.29550000 -0.09350000 0.95080000
vn -0.29560000 -0.09340000 0.95070000
vn -0.29540000 -0.09350000 0.95080000
vn -0.29540000 -0.09340000 0.95080000
vn -0.29960000 -0.08040000 0.95070000
vn -0.30290000 -0.06820000 0.95060000
vn -0.30540000 -0.05690000 0.95050000
vn -0.30640000 -0.05150000 0.95050000
vn -0.30690000 -0.04890000 0.95050000
vn -0.30710000 -0.04760000 0.95050000
vn -0.30720000 -0.04700000 0.95050000
vn -0.30720000 -0.04670000 0.95050000
vn -0.30710000 -0.04590000 0.95060000
vn -0.30870000 -0.03610000 0.95050000
vn -0.30940000 -0.02740000 0.95050000
vn -0.30980000 -0.02010000 0.95060000
vn -0.30990000 -0.01690000 0.95060000
vn -0.30990000 -0.01550000 0.95060000
vn -0.30990000 -0.01480000 0.95070000
vn -0.31000000 -0.01440000 0.95060000
vn -0.30970000 -0.01430000 0.95070000
vn -0.30980000 -0.01420000 0.95070000
vn -0.30970000 -0.01400000 0.95070000
vn -0.30980000 -0.01410000 0.95070000
vn -0.30980000 -0.00600000 0.95080000
vn -0.30970000 -0.00240000 0.95080000
vn -0.16530000 -0.06130000 0.98430000
vn -0.23110000 -0.07810000 0.96980000
vn -0.22300000 -0.08850000 0.97080000
vn -0.21870000 -0.09360000 0.97130000
vn -0.25050000 -0.11940000 0.96070000
vn -0.26000000 -0.10680000 0.95970000
vn -0.25530000 -0.11310000 0.96020000
vn -0.25770000 -0.10990000 0.96000000
vn -0.27640000 -0.12460000 0.95290000
vn -0.28110000 -0.11760000 0.95240000
vn -0.27860000 -0.12110000 0.95270000
vn -0.22720000 -0.08330000 0.97030000
vn -0.26850000 -0.09410000 0.95870000
vn -0.26430000 -0.10050000 0.95920000
vn -0.17830000 -0.04710000 0.98290000
vn -0.24440000 -0.05810000 0.96790000
vn -0.23820000 -0.06790000 0.96880000
vn -0.27990000 -0.11930000 0.95260000
vn -0.26220000 -0.10360000 0.95940000
vn -0.28560000 -0.11050000 0.95200000
vn -0.28340000 -0.11410000 0.95220000
vn -0.27930000 -0.12020000 0.95270000
vn -0.25880000 -0.10840000 0.95980000
vn -0.26800000 -0.11530000 0.95650000
vn -0.27030000 -0.11200000 0.95620000
vn -0.26920000 -0.11370000 0.95630000
vn -0.22090000 -0.09100000 0.97100000
vn -0.23610000 -0.10280000 0.96630000
vn -0.24090000 -0.09720000 0.96570000
vn -0.23840000 -0.09990000 0.96600000
vn -0.16170000 -0.06490000 0.98470000
vn -0.18430000 -0.08230000 0.97940000
vn -0.19240000 -0.07390000 0.97850000
vn -0.18830000 -0.07800000 0.97900000
vn -0.09140000 -0.03020000 0.99540000
vn -0.11670000 -0.04760000 0.99200000
vn -0.12800000 -0.03780000 0.99100000
vn -0.12260000 -0.04280000 0.99150000
vn -0.27760000 -0.12280000 0.95280000
vn -0.25300000 -0.11620000 0.96050000
vn -0.27390000 -0.12810000 0.95320000
vn -0.20950000 -0.10380000 0.97230000
vn -0.24020000 -0.13190000 0.96170000
vn -0.24550000 -0.12570000 0.96120000
vn -0.27960000 -0.11970000 0.95260000
vn -0.28220000 -0.12160000 0.95160000
vn -0.28280000 -0.12080000 0.95150000
vn -0.28210000 -0.12100000 0.95170000
vn -0.28050000 -0.11840000 0.95250000
vn -0.28230000 -0.11580000 0.95230000
vn -0.26850000 -0.11450000 0.95640000
vn -0.27330000 -0.11830000 0.95460000
vn -0.27450000 -0.11650000 0.95450000
vn -0.27390000 -0.11730000 0.95460000
vn -0.25650000 -0.11150000 0.96010000
vn -0.26570000 -0.11870000 0.95670000
vn -0.26680000 -0.11700000 0.95660000
vn -0.28030000 -0.11890000 0.95250000
vn -0.28330000 -0.11990000 0.95150000
vn -0.28300000 -0.12040000 0.95150000
vn -0.26970000 -0.11280000 0.95630000
vn -0.27570000 -0.11470000 0.95440000
vn -0.27510000 -0.11560000 0.95440000
vn -0.26110000 -0.10520000 0.95960000
vn -0.27260000 -0.10870000 0.95600000
vn -0.27140000 -0.11060000 0.95610000
vn -0.22510000 -0.08590000 0.97050000
vn -0.24490000 -0.09130000 0.96520000
vn -0.24310000 -0.09440000 0.96540000
vn -0.16880000 -0.05780000 0.98400000
vn -0.19980000 -0.06510000 0.97770000
vn -0.19620000 -0.06950000 0.97810000
vn -0.28290000 -0.12060000 0.95150000
vn -0.23480000 -0.07290000 0.96930000
vn -0.27590000 -0.08180000 0.95770000
vn -0.27240000 -0.08790000 0.95820000
vn -0.27050000 -0.09100000 0.95840000
vn -0.29180000 -0.10010000 0.95120000
vn -0.27420000 -0.08480000 0.95790000
vn -0.24140000 -0.06290000 0.96840000
vn -0.28220000 -0.07000000 0.95680000
vn -0.27920000 -0.07580000 0.95720000
vn -0.18870000 -0.03350000 0.98150000
vn -0.25450000 -0.03920000 0.96630000
vn -0.24990000 -0.04840000 0.96710000
vn -0.27760000 -0.07880000 0.95750000
vn -0.27330000 -0.08640000 0.95810000
vn -0.28290000 -0.09220000 0.95470000
vn -0.28470000 -0.08900000 0.95450000
vn -0.28370000 -0.09060000 0.95460000
vn -0.23650000 -0.07040000 0.96910000
vn -0.25300000 -0.08010000 0.96420000
vn -0.25620000 -0.07450000 0.96370000
vn -0.25440000 -0.07720000 0.96400000
vn -0.17530000 -0.05060000 0.98320000
vn -0.20650000 -0.05670000 0.97680000
vn -0.20330000 -0.06090000 0.97720000
vn -0.09960000 -0.02310000 0.99480000
vn -0.13760000 -0.02800000 0.99010000
vn -0.13310000 -0.03290000 0.99060000
vn -0.29530000 -0.09370000 0.95080000
vn -0.27510000 -0.08330000 0.95780000
vn -0.28640000 -0.08580000 0.95430000
vn -0.28560000 -0.08740000 0.95440000
vn -0.28420000 -0.08980000 0.95450000
vn -0.28930000 -0.09270000 0.95270000
vn -0.29000000 -0.09110000 0.95270000
vn -0.28960000 -0.09190000 0.95270000
vn -0.28500000 -0.08810000 0.95450000
vn -0.29090000 -0.08950000 0.95260000
vn -0.29050000 -0.09030000 0.95260000
vn -0.28970000 -0.09150000 0.95270000
vn -0.29250000 -0.09300000 0.95170000
vn -0.29270000 -0.09220000 0.95170000
vn -0.29220000 -0.09250000 0.95190000
vn -0.29270000 -0.09240000 0.95170000
vn -0.29410000 -0.09320000 0.95120000
vn -0.29390000 -0.09270000 0.95130000
vn -0.29400000 -0.09320000 0.95130000
vn -0.29030000 -0.09070000 0.95260000
vn -0.29320000 -0.09140000 0.95170000
vn -0.29270000 -0.09160000 0.95180000
vn -0.29400000 -0.09290000 0.95130000
vn -0.29470000 -0.09360000 0.95100000
vn -0.29460000 -0.09340000 0.95100000
vn -0.29470000 -0.09330000 0.95100000
vn -0.29250000 -0.09280000 0.95180000
vn -0.29370000 -0.09360000 0.95130000
vn -0.29380000 -0.09340000 0.95130000
vn -0.28940000 -0.09230000 0.95270000
vn -0.29180000 -0.09390000 0.95180000
vn -0.29490000 -0.09460000 0.95080000
vn -0.29210000 -0.09340000 0.95180000
vn -0.28330000 -0.09140000 0.95470000
vn -0.28820000 -0.09440000 0.95290000
vn -0.29420000 -0.09580000 0.95090000
vn -0.28880000 -0.09350000 0.95280000
vn -0.27140000 -0.08940000 0.95830000
vn -0.28100000 -0.09540000 0.95500000
vn -0.29280000 -0.09840000 0.95110000
vn -0.28200000 -0.09380000 0.95480000
vn -0.23300000 -0.07550000 0.96950000
vn -0.24890000 -0.08560000 0.96470000
vn -0.25110000 -0.08300000 0.96440000
vn -0.29390000 -0.09280000 0.95130000
vn -0.29490000 -0.09300000 0.95100000
vn -0.29480000 -0.09300000 0.95100000
vn -0.29250000 -0.09190000 0.95180000
vn -0.29440000 -0.09230000 0.95120000
vn -0.29430000 -0.09250000 0.95120000
vn -0.29480000 -0.09320000 0.95100000
vn -0.29500000 -0.09350000 0.95090000
vn -0.29520000 -0.09330000 0.95090000
vn -0.29520000 -0.09330000 0.95090000
vn -0.25230000 -0.04370000 0.96670000
vn -0.28770000 -0.05840000 0.95590000
vn -0.29220000 -0.04740000 0.95520000
vn -0.29010000 -0.05280000 0.95550000
vn -0.19630000 -0.02120000 0.98030000
vn -0.26080000 -0.02400000 0.96510000
vn -0.25800000 -0.03120000 0.96560000
vn -0.25630000 -0.03510000 0.96600000
vn -0.29570000 -0.03790000 0.95450000
vn -0.29400000 -0.04250000 0.95490000
vn -0.29320000 -0.04490000 0.95500000
vn -0.29360000 -0.04370000 0.95490000
vn -0.30340000 -0.04710000 0.95170000
vn -0.30440000 -0.04470000 0.95150000
vn -0.30390000 -0.04580000 0.95160000
vn -0.29490000 -0.04020000 0.95470000
vn -0.25950000 -0.02750000 0.96540000
vn -0.29820000 -0.02930000 0.95400000
vn -0.29700000 -0.03350000 0.95430000
vn -0.20130000 -0.01140000 0.97950000
vn -0.26470000 -0.01180000 0.96430000
vn -0.26310000 -0.01750000 0.96460000
vn -0.25540000 -0.03710000 0.96610000
vn -0.27260000 -0.04300000 0.96120000
vn -0.27470000 -0.03860000 0.96080000
vn -0.27380000 -0.04080000 0.96090000
vn -0.19470000 -0.02400000 0.98060000
vn -0.22200000 -0.03250000 0.97450000
vn -0.22550000 -0.02580000 0.97390000
vn -0.22380000 -0.02910000 0.97420000
vn -0.11170000 -0.00990000 0.99370000
vn -0.14540000 -0.01850000 0.98920000
vn -0.15060000 -0.01080000 0.98850000
vn -0.14830000 -0.01440000 0.98880000
vn -0.30380000 -0.04650000 0.95160000
vn -0.29270000 -0.04610000 0.95510000
vn -0.30260000 -0.04970000 0.95180000
vn -0.30310000 -0.04840000 0.95170000
vn -0.29120000 -0.05000000 0.95540000
vn -0.30420000 -0.04520000 0.95150000
vn -0.29450000 -0.04130000 0.95480000
vn -0.30510000 -0.04220000 0.95140000
vn -0.30480000 -0.04340000 0.95140000
vn -0.25720000 -0.03310000 0.96580000
vn -0.27610000 -0.03440000 0.96050000
vn -0.27560000 -0.03650000 0.96060000
vn -0.26400000 -0.01450000 0.96440000
vn -0.30160000 -0.01480000 0.95330000
vn -0.30100000 -0.01800000 0.95350000
vn -0.20430000 -0.00440000 0.97890000
vn -0.26680000 -0.00370000 0.96380000
vn -0.26590000 -0.00720000 0.96400000
vn -0.30130000 -0.01630000 0.95340000
vn -0.26540000 -0.00940000 0.96410000
vn -0.30260000 -0.00920000 0.95310000
vn -0.30220000 -0.01190000 0.95320000
vn -0.30190000 -0.01330000 0.95320000
vn -0.30170000 -0.01400000 0.95330000
vn -0.26510000 -0.01060000 0.96420000
vn -0.28260000 -0.01320000 0.95920000
vn -0.28320000 -0.01050000 0.95900000
vn -0.28290000 -0.01180000 0.95910000
vn -0.20370000 -0.00580000 0.97900000
vn -0.23230000 -0.00940000 0.97260000
vn -0.23350000 -0.00560000 0.97230000
vn -0.23290000 -0.00740000 0.97250000
vn -0.11760000 -0.00150000 0.99310000
vn -0.15420000 -0.00470000 0.98800000
vn -0.15620000 -0.00100000 0.98770000
vn -0.15540000 -0.00260000 0.98780000
vn -0.30180000 -0.01360000 0.95330000
vn -0.30660000 -0.01440000 0.95170000
vn -0.30670000 -0.01360000 0.95170000
vn -0.30670000 -0.01400000 0.95170000
vn -0.30210000 -0.01260000 0.95320000
vn -0.30240000 -0.01050000 0.95310000
vn -0.26640000 -0.00540000 0.96390000
vn -0.30300000 -0.00690000 0.95300000
vn -0.20590000 -0.00060000 0.97860000
vn -0.26740000 -0.00130000 0.96360000
vn -0.28270000 -0.01250000 0.95910000
vn -0.29190000 -0.01400000 0.95630000
vn -0.29230000 -0.01250000 0.95630000
vn -0.29210000 -0.01320000 0.95630000
vn -0.26440000 -0.01310000 0.96430000
vn -0.28180000 -0.01610000 0.95930000
vn -0.28210000 -0.01480000 0.95930000
vn -0.20220000 -0.00940000 0.97930000
vn -0.23060000 -0.01420000 0.97300000
vn -0.23150000 -0.01170000 0.97280000
vn -0.11530000 -0.00490000 0.99330000
vn -0.15260000 -0.00750000 0.98830000
vn -0.30660000 -0.01380000 0.95170000
vn -0.30910000 -0.01420000 0.95090000
vn -0.30940000 -0.01380000 0.95080000
vn -0.30940000 -0.01400000 0.95080000
vn -0.30200000 -0.01290000 0.95320000
vn -0.30700000 -0.01290000 0.95160000
vn -0.30690000 -0.01330000 0.95160000
vn -0.28300000 -0.01120000 0.95910000
vn -0.29250000 -0.01120000 0.95620000
vn -0.29240000 -0.01180000 0.95620000
vn -0.26560000 -0.00830000 0.96400000
vn -0.28370000 -0.00820000 0.95890000
vn -0.28340000 -0.00920000 0.95900000
vn -0.30920000 -0.01410000 0.95090000
vn -0.30670000 -0.01420000 0.95170000
vn -0.30920000 -0.01460000 0.95090000
vn -0.30910000 -0.01440000 0.95090000
vn -0.30160000 -0.01440000 0.95330000
vn -0.30660000 -0.01520000 0.95170000
vn -0.30620000 -0.01480000 0.95180000
vn -0.30140000 -0.01550000 0.95340000
vn -0.99960000 -0.02790000 -0.00000000
vn -0.99750000 -0.07040000 -0.00000000
vn -0.99200000 -0.12660000 -0.00000000
vn -0.97940000 -0.20210000 -0.00000000
vn -0.95700000 -0.29000000 -0.00000000
vn -0.92110000 -0.38940000 -0.00000000
vn -0.86600000 -0.50000000 -0.00000000
vn -1.00000000 -0.00000000 -0.00000000
vn -0.99990000 -0.01380000 -0.00000000
vn -0.99960000 -0.02880000 -0.00000000
vn -0.99830000 -0.05760000 -0.00000000
vn -0.99830000 -0.05790000 0.00010000
vn -0.99830000 -0.05790000 -0.00000000
vn -0.99830000 -0.05820000 0.00010000
vn -0.99830000 -0.05860000 0.00010000
vn -0.99820000 -0.06000000 0.00010000
vn -0.99810000 -0.06220000 -0.00000000
vn -0.99770000 -0.06710000 -0.00000000
vn -0.99700000 -0.07750000 -0.00000000
vn -0.99490000 -0.10120000 -0.00000000
vn -0.99160000 -0.12940000 -0.00000000
vn -0.98670000 -0.16260000 -0.00000000
vn -0.98650000 -0.16370000 -0.00000000
vn -0.98630000 -0.16500000 -0.00000000
vn -0.98590000 -0.16710000 -0.00000000
vn -0.98520000 -0.17120000 -0.00000000
vn -0.98370000 -0.17960000 -0.00000000
vn -0.98040000 -0.19700000 -0.00000000
vn -0.97230000 -0.23360000 -0.00000000
vn -0.96210000 -0.27260000 -0.00000000
vn -0.94930000 -0.31420000 -0.00000000
vn -0.94930000 -0.31440000 -0.00000000
vn -0.94930000 -0.31440000 -0.00020000
vn -0.94930000 -0.31450000 -0.00020000
vn -0.94920000 -0.31480000 -0.00000000
vn -0.94890000 -0.31570000 -0.00010000
vn -0.94840000 -0.31720000 0.00010000
vn -0.94730000 -0.32040000 0.00010000
vn -0.94480000 -0.32760000 -0.00000000
vn -0.93800000 -0.34660000 -0.00000000
vn -0.91530000 -0.40280000 -0.00000000
vn -0.91510000 -0.40330000 -0.00010000
vn -0.91490000 -0.40370000 -0.00010000
vn -0.91450000 -0.40460000 0.00010000
vn -0.91380000 -0.40630000 -0.00000000
vn -0.91230000 -0.40960000 -0.00000000
vn -0.90920000 -0.41640000 -0.00000000
vn -0.90300000 -0.42960000 -0.00000000
vn -0.89060000 -0.45480000 -0.00000000
vn -0.86600000 -0.50000000 -0.00000000
vn -0.99750000 -0.07040000 0.00010000
vn -0.99890000 -0.04730000 -0.00000000
vn -0.99960000 -0.02790000 -0.00000000
vn -0.99890000 -0.04730000 -0.00000000
vn -0.99750000 -0.07040000 -0.00000000
vn -0.99830000 -0.05830000 -0.00000000
vn -0.99890000 -0.04740000 -0.00000000
vn -0.99830000 -0.05830000 -0.00000000
vn -0.99200000 -0.12660000 -0.00000000
vn -0.99530000 -0.09650000 -0.00000000
vn -0.99530000 -0.09650000 -0.00000000
vn -0.99830000 -0.05820000 -0.00000000
vn -0.99860000 -0.05270000 -0.00000000
vn -0.99890000 -0.04730000 -0.00000000
vn -0.99860000 -0.05260000 -0.00000000
vn -0.99930000 -0.03720000 -0.00010000
vn -0.99960000 -0.02790000 -0.00000000
vn -0.99930000 -0.03720000 -0.00000000
vn -0.99990000 -0.01240000 -0.00000000
vn -0.99990000 -0.01280000 -0.00000000
vn -0.99830000 -0.05850000 -0.00000000
vn -0.99850000 -0.05550000 -0.00000000
vn -0.99860000 -0.05270000 -0.00000000
vn -0.99850000 -0.05550000 -0.00000000
vn -0.99750000 -0.07040000 -0.00000000
vn -0.99790000 -0.06420000 -0.00000000
vn -0.99790000 -0.06430000 -0.00000000
vn -0.99530000 -0.09650000 -0.00000000
vn -0.99660000 -0.08290000 -0.00000000
vn -0.99660000 -0.08290000 -0.00000000
vn -0.99830000 -0.05840000 -0.00000000
vn -0.99840000 -0.05670000 -0.00000000
vn -0.99850000 -0.05550000 -0.00000000
vn -0.99840000 -0.05690000 -0.00010000
vn -0.99790000 -0.06420000 -0.00010000
vn -0.99810000 -0.06120000 -0.00020000
vn -0.99810000 -0.06120000 -0.00000000
vn -0.99840000 -0.05740000 -0.00000000
vn -0.99810000 -0.06120000 0.00010000
vn -0.99820000 -0.05980000 -0.00010000
vn -0.99830000 -0.05790000 -0.00000000
vn -0.99830000 -0.05810000 -0.00000000
vn -0.99830000 -0.05760000 -0.00000000
vn -0.99840000 -0.05710000 -0.00000000
vn -0.99830000 -0.05760000 -0.00000000
vn -0.99830000 -0.05830000 -0.00000000
vn -0.99840000 -0.05690000 -0.00000000
vn -0.99850000 -0.05560000 -0.00000000
vn -0.99840000 -0.05690000 -0.00000000
vn -0.99830000 -0.05830000 -0.00000000
vn -0.99850000 -0.05550000 -0.00010000
vn -0.99860000 -0.05250000 -0.00000000
vn -0.99850000 -0.05540000 -0.00010000
vn -0.99830000 -0.05830000 -0.00000000
vn -0.99860000 -0.05270000 -0.00020000
vn -0.99890000 -0.04730000 -0.00000000
vn -0.99860000 -0.05260000 -0.00010000
vn -0.99750000 -0.07040000 -0.00000000
vn -0.99830000 -0.05850000 -0.00000000
vn -0.99890000 -0.04730000 -0.00000000
vn -0.99830000 -0.05820000 0.00010000
vn -0.97940000 -0.20210000 -0.00000000
vn -0.98670000 -0.16230000 -0.00000000
vn -0.98670000 -0.16230000 -0.00000000
vn -0.97940000 -0.20210000 -0.00000000
vn -0.98330000 -0.18190000 -0.00000000
vn -0.98670000 -0.16230000 -0.00010000
vn -0.98330000 -0.18190000 -0.00000000
vn -0.95700000 -0.29000000 -0.00000000
vn -0.96960000 -0.24470000 -0.00000000
vn -0.96960000 -0.24460000 -0.00000000
vn -0.98330000 -0.18190000 -0.00000000
vn -0.98510000 -0.17200000 -0.00020000
vn -0.98680000 -0.16220000 -0.00010000
vn -0.98510000 -0.17200000 -0.00000000
vn -0.98960000 -0.14390000 -0.00000000
vn -0.99190000 -0.12660000 -0.00000000
vn -0.98960000 -0.14380000 -0.00000000
vn -0.98510000 -0.17200000 -0.00000000
vn -0.98590000 -0.16720000 -0.00020000
vn -0.98680000 -0.16220000 -0.00000000
vn -0.98590000 -0.16710000 -0.00000000
vn -0.98820000 -0.15290000 -0.00000000
vn -0.98960000 -0.14390000 -0.00000000
vn -0.98820000 -0.15290000 -0.00000000
vn -0.98590000 -0.16700000 -0.00000000
vn -0.98630000 -0.16470000 -0.00010000
vn -0.98670000 -0.16230000 -0.00000000
vn -0.98630000 -0.16470000 -0.00010000
vn -0.98750000 -0.15760000 -0.00010000
vn -0.98820000 -0.15290000 -0.00000000
vn -0.98750000 -0.15750000 -0.00000000
vn -0.92110000 -0.38940000 -0.00000000
vn -0.94110000 -0.33800000 -0.00000000
vn -0.94110000 -0.33800000 -0.00000000
vn -0.94110000 -0.33820000 -0.00020000
vn -0.94950000 -0.31380000 -0.00000000
vn -0.95700000 -0.29000000 -0.00000000
vn -0.94950000 -0.31380000 -0.00000000
vn -0.94120000 -0.33800000 -0.00000000
vn -0.94540000 -0.32580000 -0.00000000
vn -0.94950000 -0.31380000 -0.00000000
vn -0.94540000 -0.32580000 -0.00010000
vn -0.92110000 -0.38940000 0.00010000
vn -0.93170000 -0.36330000 -0.00000000
vn -0.93170000 -0.36330000 -0.00000000
vn -0.89620000 -0.44360000 -0.00000000
vn -0.89620000 -0.44360000 0.00010000
vn -0.94540000 -0.32580000 -0.00000000
vn -0.94750000 -0.31970000 -0.00000000
vn -0.94950000 -0.31370000 -0.00000000
vn -0.94750000 -0.31980000 -0.00000000
vn -0.95340000 -0.30180000 -0.00000000
vn -0.95700000 -0.29000000 -0.00000000
vn -0.95340000 -0.30180000 -0.00000000
vn -0.96370000 -0.26700000 -0.00000000
vn -0.96960000 -0.24470000 -0.00000000
vn -0.96370000 -0.26690000 0.00010000
vn -0.94740000 -0.32000000 -0.00020000
vn -0.94850000 -0.31670000 -0.00000000
vn -0.94950000 -0.31380000 -0.00000000
vn -0.94850000 -0.31680000 -0.00000000
vn -0.95150000 -0.30780000 -0.00000000
vn -0.95340000 -0.30180000 -0.00000000
vn -0.95150000 -0.30770000 -0.00000000
vn -0.94890000 -0.31540000 -0.00000000
vn -0.94950000 -0.31380000 -0.00010000
vn -0.94900000 -0.31530000 -0.00000000
vn -0.95050000 -0.31080000 -0.00000000
vn -0.95150000 -0.30780000 -0.00000000
vn -0.95060000 -0.31040000 -0.00000000
vn -0.94920000 -0.31460000 -0.00000000
vn -0.95010000 -0.31200000 -0.00000000
vn -0.95050000 -0.31080000 -0.00000000
vn -0.95000000 -0.31230000 -0.00000000
vn -0.94940000 -0.31420000 -0.00000000
vn -0.94890000 -0.31550000 -0.00000000
vn -0.94930000 -0.31450000 -0.00000000
vn -0.94950000 -0.31370000 -0.00000000
vn -0.94920000 -0.31460000 -0.00000000
vn -0.94860000 -0.31660000 0.00010000
vn -0.94900000 -0.31530000 -0.00000000
vn -0.94950000 -0.31380000 -0.00010000
vn -0.94900000 -0.31530000 -0.00000000
vn -0.94740000 -0.31990000 -0.00010000
vn -0.94850000 -0.31680000 -0.00010000
vn -0.94950000 -0.31380000 -0.00010000
vn -0.94850000 -0.31680000 -0.00010000
vn -0.94540000 -0.32580000 -0.00000000
vn -0.94750000 -0.31980000 -0.00020000
vn -0.94950000 -0.31380000 0.00010000
vn -0.94750000 -0.31960000 0.00010000
vn -0.94110000 -0.33800000 -0.00000000
vn -0.94540000 -0.32580000 -0.00040000
vn -0.94950000 -0.31380000 -0.00000000
vn -0.94540000 -0.32580000 -0.00000000
vn -0.94110000 -0.33800000 -0.00000000
vn -0.94950000 -0.31390000 -0.00000000
vn -0.95700000 -0.29000000 -0.00000000
vn -0.94950000 -0.31380000 0.00010000
vn -0.94970000 -0.31300000 -0.00000000
vn -0.94920000 -0.31450000 -0.00010000
vn -0.94930000 -0.31440000 -0.00000000
vn -0.94940000 -0.31420000 0.00020000
vn -0.94930000 -0.31440000 -0.00010000
vn -0.94920000 -0.31470000 -0.00000000
vn -0.94800000 -0.31820000 -0.00010000
vn -0.94800000 -0.31830000 0.00010000
vn -0.94550000 -0.32570000 -0.00020000
vn -0.94650000 -0.32270000 -0.00020000
vn -0.94650000 -0.32270000 -0.00000000
vn -0.94110000 -0.33800000 -0.00000000
vn -0.94330000 -0.33180000 -0.00030000
vn -0.94330000 -0.33190000 -0.00000000
vn -0.93170000 -0.36330000 -0.00000000
vn -0.93660000 -0.35050000 -0.00010000
vn -0.93650000 -0.35060000 0.00010000
vn -0.94930000 -0.31430000 -0.00000000
vn -0.94940000 -0.31420000 -0.00000000
vn -0.94950000 -0.31370000 -0.00000000
vn -0.94930000 -0.31420000 -0.00000000
vn -0.94980000 -0.31300000 -0.00000000
vn -0.95010000 -0.31200000 -0.00000000
vn -0.94980000 -0.31300000 -0.00000000
vn -0.95000000 -0.31230000 -0.00000000
vn -0.95060000 -0.31040000 -0.00000000
vn -0.95000000 -0.31220000 -0.00000000
vn -0.95050000 -0.31080000 -0.00010000
vn -0.95150000 -0.30780000 -0.00000000
vn -0.95050000 -0.31070000 -0.00010000
vn -0.95150000 -0.30780000 -0.00020000
vn -0.95340000 -0.30190000 -0.00000000
vn -0.95150000 -0.30770000 -0.00010000
vn -0.95340000 -0.30180000 0.00010000
vn -0.95700000 -0.29000000 -0.00000000
vn -0.95340000 -0.30180000 -0.00000000
vn -0.89620000 -0.44360000 -0.00000000
vn -0.90930000 -0.41620000 -0.00010000
vn -0.90920000 -0.41640000 -0.00030000
vn -0.90930000 -0.41620000 -0.00000000
vn -0.91530000 -0.40270000 -0.00010000
vn -0.92110000 -0.38940000 -0.00000000
vn -0.91530000 -0.40270000 -0.00030000
vn -0.90930000 -0.41620000 -0.00000000
vn -0.91230000 -0.40950000 -0.00040000
vn -0.91530000 -0.40270000 -0.00010000
vn -0.91240000 -0.40940000 -0.00000000
vn -0.89620000 -0.44360000 -0.00000000
vn -0.90290000 -0.42980000 -0.00000000
vn -0.90290000 -0.42990000 0.00010000
vn -0.88180000 -0.47160000 -0.00000000
vn -0.88180000 -0.47160000 -0.00000000
vn -0.91230000 -0.40940000 -0.00000000
vn -0.91380000 -0.40610000 -0.00020000
vn -0.91540000 -0.40270000 -0.00000000
vn -0.91380000 -0.40620000 -0.00000000
vn -0.91830000 -0.39590000 -0.00040000
vn -0.92110000 -0.38940000 -0.00000000
vn -0.91830000 -0.39600000 -0.00000000
vn -0.92650000 -0.37620000 0.00010000
vn -0.92650000 -0.37620000 -0.00000000
vn -0.91460000 -0.40440000 -0.00010000
vn -0.91530000 -0.40270000 -0.00000000
vn -0.91460000 -0.40440000 -0.00000000
vn -0.91680000 -0.39930000 -0.00020000
vn -0.91830000 -0.39600000 -0.00000000
vn -0.91680000 -0.39940000 -0.00000000
vn -0.91500000 -0.40350000 -0.00000000
vn -0.91610000 -0.40100000 -0.00010000
vn -0.91680000 -0.39930000 -0.00000000
vn -0.91610000 -0.40100000 -0.00000000
vn -0.86600000 -0.50000000 -0.00000000
vn -1.00000000 -0.00000000 -0.00000000
vn -1.00000000 -0.00000000 -0.00000000
vn 0.86600000 -0.50000000 -0.00000000
vn 0.91530000 -0.40280000 -0.00000000
vn 0.94940000 -0.31400000 -0.00000000
vn 0.97230000 -0.23370000 -0.00000000
vn 0.98660000 -0.16300000 -0.00000000
vn 0.99450000 -0.10430000 -0.00000000
vn 0.99840000 -0.05720000 -0.00000000
vn 0.99970000 -0.02250000 -0.00000000
vn 0.86600000 -0.50000000 -0.00000000
vn 0.89080000 -0.45440000 -0.00000000
vn 0.91530000 -0.40270000 -0.00000000
vn 0.91560000 -0.40210000 -0.00000000
vn 0.91580000 -0.40160000 -0.00000000
vn 0.91630000 -0.40050000 -0.00000000
vn 0.91720000 -0.39840000 -0.00000000
vn 0.91910000 -0.39410000 -0.00000000
vn 0.92250000 -0.38600000 -0.00000000
vn 0.92860000 -0.37100000 -0.00000000
vn 0.93820000 -0.34610000 -0.00000000
vn 0.94930000 -0.31430000 -0.00000000
vn 0.94930000 -0.31430000 -0.00000000
vn 0.94940000 -0.31400000 -0.00000000
vn 0.94960000 -0.31340000 0.00010000
vn 0.94990000 -0.31270000 0.00010000
vn 0.95030000 -0.31130000 -0.00000000
vn 0.95120000 -0.30860000 -0.00000000
vn 0.95300000 -0.30290000 -0.00000000
vn 0.95640000 -0.29190000 -0.00000000
vn 0.96270000 -0.27070000 -0.00000000
vn 0.97290000 -0.23120000 -0.00000000
vn 0.98650000 -0.16380000 -0.00000000
vn 0.98680000 -0.16190000 -0.00020000
vn 0.98710000 -0.16010000 -0.00020000
vn 0.98760000 -0.15670000 -0.00000000
vn 0.98870000 -0.14980000 -0.00000000
vn 0.99070000 -0.13620000 -0.00000000
vn 0.99390000 -0.11010000 -0.00000000
vn 0.99630000 -0.08570000 -0.00000000
vn 0.99800000 -0.06310000 -0.00000000
vn 0.99910000 -0.04300000 -0.00010000
vn 0.99970000 -0.02550000 -0.00000000
vn 0.99990000 -0.01110000 0.00010000
vn 1.00000000 -0.00000000 -0.00000000
vn 0.94940000 -0.31400000 -0.00000000
vn 0.93410000 -0.35710000 -0.00000000
vn 0.91530000 -0.40280000 -0.00000000
vn 0.93400000 -0.35720000 -0.00000000
vn 0.93400000 -0.35730000 -0.00030000
vn 0.92510000 -0.37960000 -0.00010000
vn 0.91530000 -0.40280000 -0.00010000
vn 0.92510000 -0.37960000 -0.00000000
vn 0.89270000 -0.45070000 -0.00000000
vn 0.89270000 -0.45070000 -0.00000000
vn 0.92520000 -0.37960000 -0.00000000
vn 0.92030000 -0.39120000 -0.00010000
vn 0.91530000 -0.40280000 -0.00020000
vn 0.92030000 -0.39110000 -0.00000000
vn 0.90450000 -0.42650000 0.00010000
vn 0.89270000 -0.45070000 -0.00000000
vn 0.90450000 -0.42650000 -0.00000000
vn 0.92040000 -0.39110000 -0.00010000
vn 0.91780000 -0.39700000 0.00010000
vn 0.91530000 -0.40280000 -0.00010000
vn 0.91780000 -0.39710000 -0.00000000
vn 0.91000000 -0.41470000 -0.00010000
vn 0.90450000 -0.42650000 -0.00000000
vn 0.91000000 -0.41460000 -0.00000000
vn 0.91780000 -0.39700000 -0.00000000
vn 0.91660000 -0.39990000 -0.00010000
vn 0.91530000 -0.40280000 -0.00000000
vn 0.91660000 -0.39990000 -0.00000000
vn 0.91260000 -0.40880000 -0.00030000
vn 0.91000000 -0.41460000 -0.00000000
vn 0.91270000 -0.40870000 -0.00000000
vn 0.91660000 -0.39990000 -0.00000000
vn 0.91590000 -0.40130000 -0.00010000
vn 0.91530000 -0.40280000 -0.00000000
vn 0.91590000 -0.40140000 -0.00000000
vn 0.91400000 -0.40580000 -0.00010000
vn 0.91270000 -0.40870000 -0.00000000
vn 0.91400000 -0.40570000 -0.00000000
vn 0.91560000 -0.40210000 -0.00000000
vn 0.91460000 -0.40430000 -0.00000000
vn 0.91400000 -0.40580000 -0.00000000
vn 0.91460000 -0.40430000 -0.00010000
vn 0.94940000 -0.31400000 -0.00000000
vn 0.94220000 -0.33520000 -0.00000000
vn 0.94210000 -0.33520000 -0.00000000
vn 0.97230000 -0.23390000 -0.00000000
vn 0.96210000 -0.27280000 -0.00000000
vn 0.96210000 -0.27280000 -0.00000000
vn 0.94940000 -0.31400000 -0.00000000
vn 0.94590000 -0.32450000 -0.00000000
vn 0.94210000 -0.33520000 -0.00000000
vn 0.94590000 -0.32450000 -0.00000000
vn 0.96210000 -0.27280000 -0.00000000
vn 0.95610000 -0.29310000 -0.00000000
vn 0.95610000 -0.29310000 -0.00000000
vn 0.94940000 -0.31400000 -0.00000000
vn 0.94770000 -0.31930000 -0.00000000
vn 0.94590000 -0.32450000 -0.00000000
vn 0.94760000 -0.31940000 -0.00000000
vn 0.95610000 -0.29310000 -0.00000000
vn 0.95280000 -0.30350000 -0.00000000
vn 0.95280000 -0.30350000 -0.00000000
vn 0.94940000 -0.31400000 -0.00000000
vn 0.94850000 -0.31690000 -0.00000000
vn 0.94770000 -0.31920000 -0.00000000
vn 0.94860000 -0.31650000 -0.00000000
vn 0.95290000 -0.30340000 -0.00000000
vn 0.95120000 -0.30870000 -0.00000000
vn 0.95120000 -0.30870000 -0.00000000
vn 0.94940000 -0.31400000 -0.00000000
vn 0.94890000 -0.31550000 -0.00000000
vn 0.94860000 -0.31660000 -0.00000000
vn 0.94900000 -0.31530000 -0.00000000
vn 0.95120000 -0.30870000 -0.00000000
vn 0.95040000 -0.31100000 -0.00000000
vn 0.95030000 -0.31150000 -0.00000000
vn 0.94920000 -0.31460000 -0.00010000
vn 0.94990000 -0.31250000 -0.00000000
vn 0.94990000 -0.31240000 0.00010000
vn 0.94930000 -0.31430000 -0.00000000
vn 0.94960000 -0.31340000 0.00010000
vn 0.94940000 -0.31400000 -0.00000000
vn 0.94920000 -0.31470000 -0.00000000
vn 0.94900000 -0.31520000 -0.00000000
vn 0.94920000 -0.31470000 -0.00000000
vn 0.94940000 -0.31400000 -0.00010000
vn 0.94900000 -0.31530000 -0.00000000
vn 0.94860000 -0.31650000 -0.00000000
vn 0.94900000 -0.31530000 -0.00000000
vn 0.94940000 -0.31400000 -0.00010000
vn 0.94860000 -0.31660000 -0.00010000
vn 0.94760000 -0.31940000 -0.00000000
vn 0.94850000 -0.31670000 -0.00000000
vn 0.94940000 -0.31400000 0.00010000
vn 0.94770000 -0.31920000 -0.00010000
vn 0.94590000 -0.32450000 -0.00000000
vn 0.94760000 -0.31930000 -0.00010000
vn 0.94940000 -0.31400000 0.00010000
vn 0.94590000 -0.32450000 -0.00030000
vn 0.94210000 -0.33520000 -0.00000000
vn 0.94580000 -0.32470000 -0.00020000
vn 0.94940000 -0.31400000 0.00010000
vn 0.94210000 -0.33530000 -0.00000000
vn 0.93410000 -0.35710000 -0.00000000
vn 0.94210000 -0.33520000 -0.00000000
vn 0.94950000 -0.31370000 -0.00000000
vn 0.94990000 -0.31250000 -0.00000000
vn 0.94960000 -0.31340000 -0.00000000
vn 0.94960000 -0.31340000 -0.00000000
vn 0.95020000 -0.31160000 -0.00000000
vn 0.94990000 -0.31270000 -0.00000000
vn 0.94990000 -0.31270000 -0.00000000
vn 0.95120000 -0.30860000 -0.00000000
vn 0.95030000 -0.31140000 -0.00010000
vn 0.95030000 -0.31130000 -0.00010000
vn 0.95290000 -0.30340000 -0.00000000
vn 0.95120000 -0.30870000 -0.00010000
vn 0.95120000 -0.30860000 -0.00010000
vn 0.95610000 -0.29310000 -0.00000000
vn 0.95280000 -0.30350000 -0.00030000
vn 0.95290000 -0.30330000 -0.00020000
vn 0.96210000 -0.27280000 -0.00000000
vn 0.95600000 -0.29320000 -0.00000000
vn 0.95610000 -0.29310000 -0.00000000
vn 0.98660000 -0.16300000 -0.00010000
vn 0.98040000 -0.19710000 -0.00000000
vn 0.98040000 -0.19710000 -0.00000000
vn 0.98660000 -0.16300000 -0.00030000
vn 0.98370000 -0.17980000 -0.00010000
vn 0.98040000 -0.19710000 -0.00000000
vn 0.98370000 -0.17970000 -0.00000000
vn 0.99460000 -0.10420000 -0.00000000
vn 0.99120000 -0.13210000 -0.00000000
vn 0.99120000 -0.13210000 -0.00000000
vn 0.98660000 -0.16300000 -0.00000000
vn 0.98520000 -0.17140000 -0.00030000
vn 0.98370000 -0.17970000 -0.00000000
vn 0.98520000 -0.17130000 -0.00000000
vn 0.99120000 -0.13210000 -0.00000000
vn 0.98910000 -0.14710000 -0.00030000
vn 0.98910000 -0.14720000 -0.00000000
vn 0.98660000 -0.16300000 -0.00020000
vn 0.98590000 -0.16710000 -0.00010000
vn 0.98520000 -0.17130000 -0.00000000
vn 0.98590000 -0.16710000 -0.00010000
vn 0.98910000 -0.14710000 -0.00000000
vn 0.98790000 -0.15490000 -0.00030000
vn 0.98790000 -0.15510000 -0.00000000
vn 0.98790000 -0.15500000 -0.00000000
vn 0.98730000 -0.15900000 -0.00010000
vn 0.98730000 -0.15890000 0.00020000
vn 0.86600000 -0.50000000 -0.00000000
vn 1.00000000 -0.00000000 -0.00000000
vn 1.00000000 -0.00000000 -0.00000000
vn 1.00000000 0.00130000 -0.00000000
vn 0.99970000 0.02380000 -0.00000000
vn 0.99830000 0.05760000 -0.00000000
vn 0.99470000 0.10320000 -0.00000000
vn 0.98660000 0.16340000 -0.00000000
vn 0.97200000 0.23500000 -0.00000000
vn 0.94930000 0.31430000 -0.00000000
vn 0.91250000 0.40910000 -0.00000000
vn 0.88090000 0.47320000 -0.00000000
vn 1.00000000 0.00130000 -0.00000000
vn 1.00000000 0.00130000 -0.00000000
vn 0.88090000 0.47320000 -0.00000000
vn 0.88090000 0.47330000 -0.00000000
vn 1.00000000 0.00140000 -0.00000000
vn 0.99970000 0.02380000 -0.00030000
vn 0.99990000 0.01040000 -0.00000000
vn 0.99990000 0.01060000 -0.00000000
vn 0.99990000 0.01060000 -0.00010000
vn 1.00000000 0.00530000 -0.00000000
vn 1.00000000 0.00540000 -0.00000000
vn 1.00000000 0.00540000 -0.00000000
vn 1.00000000 0.00310000 -0.00000000
vn 1.00000000 0.00310000 -0.00000000
vn 1.00000000 0.00320000 -0.00000000
vn 1.00000000 0.00230000 -0.00000000
vn 1.00000000 0.00220000 -0.00000000
vn 1.00000000 0.00190000 -0.00000000
vn 1.00000000 0.00180000 0.00010000
vn 1.00000000 0.00160000 -0.00000000
vn 1.00000000 0.00160000 -0.00000000
vn 1.00000000 0.00230000 -0.00000000
vn 1.00000000 0.00170000 -0.00010000
vn 1.00000000 0.00180000 -0.00000000
vn 1.00000000 0.00310000 -0.00000000
vn 1.00000000 0.00230000 -0.00000000
vn 1.00000000 0.00230000 -0.00000000
vn 1.00000000 0.00540000 -0.00000000
vn 1.00000000 0.00320000 -0.00020000
vn 1.00000000 0.00300000 0.00010000
vn 0.99990000 0.01040000 -0.00000000
vn 1.00000000 0.00500000 -0.00000000
vn 1.00000000 0.00550000 -0.00000000
vn 1.00000000 0.00150000 -0.00000000
vn 1.00000000 0.00150000 -0.00000000
vn 1.00000000 0.00150000 -0.00000000
vn 1.00000000 0.00120000 -0.00000000
vn 1.00000000 0.00140000 -0.00010000
vn 1.00000000 0.00150000 -0.00000000
vn 1.00000000 0.00140000 -0.00000000
vn 1.00000000 0.00150000 -0.00000000
vn 1.00000000 0.00140000 -0.00000000
vn 1.00000000 0.00120000 -0.00000000
vn 1.00000000 0.00160000 -0.00000000
vn 1.00000000 0.00140000 -0.00000000
vn 1.00000000 0.00150000 -0.00000000
vn 1.00000000 0.00180000 -0.00000000
vn 1.00000000 0.00150000 -0.00000000
vn 1.00000000 0.00160000 -0.00000000
vn 1.00000000 0.00110000 -0.00010000
vn 1.00000000 0.00130000 -0.00000000
vn 1.00000000 0.00130000 -0.00000000
vn 0.99990000 0.01040000 -0.00000000
vn 0.99970000 0.02380000 -0.00000000
vn 0.99970000 0.02430000 -0.00000000
vn 0.99970000 0.02490000 -0.00000000
vn 0.99970000 0.02570000 -0.00000000
vn 0.99960000 0.02790000 -0.00000000
vn 0.99950000 0.03190000 -0.00000000
vn 0.99920000 0.04020000 -0.00000000
vn 0.99830000 0.05780000 -0.00000000
vn 0.99770000 0.06710000 -0.00010000
vn 0.99700000 0.07740000 -0.00000000
vn 0.99490000 0.10120000 -0.00000000
vn 0.99150000 0.12980000 -0.00000000
vn 0.98650000 0.16360000 -0.00000000
vn 0.98650000 0.16380000 -0.00000000
vn 0.98640000 0.16440000 -0.00000000
vn 0.98640000 0.16460000 -0.00000000
vn 0.98620000 0.16530000 -0.00000000
vn 0.98600000 0.16690000 -0.00000000
vn 0.98540000 0.17050000 -0.00000000
vn 0.98410000 0.17750000 -0.00000000
vn 0.98110000 0.19330000 -0.00000000
vn 0.97300000 0.23090000 -0.00000000
vn 0.96740000 0.25340000 -0.00000000
vn 0.96580000 0.25940000 -0.00000000
vn 0.96500000 0.26230000 -0.00010000
vn 0.96420000 0.26520000 -0.00000000
vn 0.96110000 0.27630000 -0.00000000
vn 0.94940000 0.31410000 -0.00000000
vn 0.94940000 0.31410000 0.00010000
vn 0.94930000 0.31440000 -0.00020000
vn 0.94930000 0.31450000 -0.00030000
vn 0.94910000 0.31500000 -0.00040000
vn 0.94860000 0.31640000 -0.00010000
vn 0.94760000 0.31940000 -0.00000000
vn 0.94480000 0.32760000 -0.00000000
vn 0.93470000 0.35550000 -0.00000000
vn 0.93450000 0.35590000 -0.00020000
vn 0.93430000 0.35650000 -0.00000000
vn 0.93390000 0.35750000 -0.00030000
vn 0.93330000 0.35920000 -0.00000000
vn 0.93180000 0.36290000 -0.00000000
vn 0.92900000 0.37010000 -0.00000000
vn 0.92330000 0.38400000 -0.00010000
vn 0.91260000 0.40890000 -0.00000000
vn 0.91120000 0.41210000 0.00010000
vn 0.90970000 0.41530000 -0.00000000
vn 0.90650000 0.42230000 -0.00000000
vn 0.89920000 0.43740000 -0.00000000
vn 0.89880000 0.43840000 0.00010000
vn 0.89820000 0.43960000 0.00010000
vn 0.89720000 0.44160000 -0.00000000
vn 0.89560000 0.44490000 -0.00000000
vn 0.89280000 0.45050000 0.00010000
vn 0.88930000 0.45740000 0.00010000
vn 0.88920000 0.45760000 0.00020000
vn 0.88910000 0.45770000 -0.00000000
vn 0.88890000 0.45800000 -0.00000000
vn 0.88860000 0.45860000 0.00020000
vn 0.88810000 0.45970000 -0.00010000
vn 0.88700000 0.46170000 -0.00040000
vn 0.88520000 0.46520000 -0.00020000
vn 0.88270000 0.47000000 -0.00000000
vn 0.99830000 0.05770000 0.00010000
vn 0.99920000 0.03960000 -0.00010000
vn 0.99920000 0.03940000 -0.00000000
vn 0.99920000 0.03940000 -0.00000000
vn 0.99950000 0.03150000 -0.00030000
vn 0.99970000 0.02380000 -0.00010000
vn 0.99950000 0.03120000 -0.00000000
vn 0.99950000 0.03130000 -0.00000000
vn 0.99960000 0.02740000 0.00010000
vn 0.99970000 0.02370000 -0.00000000
vn 0.99960000 0.02760000 -0.00000000
vn 0.99990000 0.01660000 0.00010000
vn 0.99990000 0.01660000 -0.00000000
vn 0.99970000 0.02560000 -0.00010000
vn 0.99970000 0.02350000 -0.00000000
vn 0.99970000 0.02590000 -0.00000000
vn 0.99980000 0.02000000 -0.00020000
vn 0.99990000 0.01660000 -0.00000000
vn 0.99980000 0.02010000 -0.00000000
vn 0.99970000 0.02470000 -0.00000000
vn 0.99980000 0.02190000 -0.00000000
vn 0.99980000 0.02000000 -0.00000000
vn 0.99980000 0.02190000 -0.00000000
vn 0.99470000 0.10320000 -0.00000000
vn 0.99690000 0.07860000 -0.00000000
vn 0.99690000 0.07870000 -0.00000000
vn 0.97200000 0.23490000 -0.00040000
vn 0.98020000 0.19790000 -0.00000000
vn 0.98660000 0.16340000 -0.00000000
vn 0.98020000 0.19800000 -0.00000000
vn 0.98020000 0.19800000 -0.00000000
vn 0.98360000 0.18040000 -0.00000000
vn 0.98660000 0.16350000 -0.00000000
vn 0.98360000 0.18040000 -0.00000000
vn 0.99130000 0.13150000 0.00010000
vn 0.99130000 0.13150000 -0.00000000
vn 0.98360000 0.18050000 -0.00000000
vn 0.98510000 0.17180000 -0.00000000
vn 0.98660000 0.16350000 -0.00000000
vn 0.98510000 0.17190000 -0.00000000
vn 0.98910000 0.14700000 -0.00000000
vn 0.99130000 0.13150000 -0.00000000
vn 0.98910000 0.14710000 -0.00000000
vn 0.98510000 0.17190000 -0.00000000
vn 0.98590000 0.16760000 -0.00000000
vn 0.98660000 0.16310000 -0.00000000
vn 0.98590000 0.16760000 -0.00000000
vn 0.98790000 0.15510000 -0.00010000
vn 0.98910000 0.14700000 -0.00000000
vn 0.98790000 0.15510000 -0.00000000
vn 0.98620000 0.16540000 -0.00000000
vn 0.98660000 0.16320000 -0.00000000
vn 0.98620000 0.16560000 -0.00000000
vn 0.98720000 0.15920000 -0.00020000
vn 0.98790000 0.15510000 -0.00000000
vn 0.98720000 0.15920000 -0.00000000
vn 0.98640000 0.16450000 -0.00000000
vn 0.98690000 0.16130000 -0.00010000
vn 0.98720000 0.15920000 -0.00000000
vn 0.98690000 0.16130000 -0.00000000
vn 0.98650000 0.16390000 -0.00000000
vn 0.98620000 0.16540000 -0.00000000
vn 0.98640000 0.16440000 -0.00000000
vn 0.98660000 0.16320000 -0.00010000
vn 0.98640000 0.16450000 -0.00000000
vn 0.98580000 0.16780000 -0.00000000
vn 0.98620000 0.16550000 -0.00000000
vn 0.98660000 0.16330000 -0.00000000
vn 0.98620000 0.16550000 -0.00000000
vn 0.98510000 0.17180000 -0.00000000
vn 0.98590000 0.16760000 -0.00010000
vn 0.98660000 0.16350000 -0.00000000
vn 0.98580000 0.16770000 -0.00010000
vn 0.98360000 0.18040000 -0.00000000
vn 0.98510000 0.17180000 -0.00020000
vn 0.98660000 0.16340000 -0.00000000
vn 0.98510000 0.17170000 0.00010000
vn 0.98020000 0.19790000 -0.00000000
vn 0.98360000 0.18050000 -0.00000000
vn 0.98660000 0.16340000 -0.00000000
vn 0.98350000 0.18070000 -0.00030000
vn 0.98670000 0.16230000 -0.00000000
vn 0.94950000 0.31390000 -0.00000000
vn 0.96160000 0.27450000 -0.00000000
vn 0.96160000 0.27450000 -0.00020000
vn 0.96160000 0.27440000 0.00010000
vn 0.96700000 0.25470000 -0.00010000
vn 0.97200000 0.23500000 -0.00000000
vn 0.96710000 0.25460000 -0.00020000
vn 0.96700000 0.25470000 -0.00000000
vn 0.96960000 0.24480000 0.00030000
vn 0.97200000 0.23500000 -0.00000000
vn 0.96960000 0.24480000 -0.00000000
vn 0.97640000 0.21610000 -0.00010000
vn 0.97640000 0.21610000 0.00010000
vn 0.96160000 0.27450000 -0.00000000
vn 0.96440000 0.26460000 -0.00010000
vn 0.96440000 0.26460000 -0.00000000
vn 0.94930000 0.31430000 -0.00000000
vn 0.95570000 0.29430000 -0.00000000
vn 0.95570000 0.29430000 -0.00000000
vn 0.91250000 0.40900000 -0.00000000
vn 0.93460000 0.35560000 -0.00000000
vn 0.93460000 0.35570000 -0.00000000
vn 0.96430000 0.26460000 -0.00020000
vn 0.96570000 0.25960000 0.00020000
vn 0.96700000 0.25470000 -0.00000000
vn 0.96570000 0.25960000 -0.00010000
vn 0.96160000 0.27450000 -0.00000000
vn 0.96300000 0.26960000 0.00040000
vn 0.96300000 0.26950000 -0.00000000
vn 0.95570000 0.29430000 -0.00000000
vn 0.95870000 0.28440000 -0.00000000
vn 0.95870000 0.28440000 -0.00000000
vn 0.94940000 0.31400000 -0.00000000
vn 0.95260000 0.30420000 -0.00000000
vn 0.95260000 0.30420000 -0.00000000
vn 0.93460000 0.35560000 -0.00000000
vn 0.94280000 0.33340000 -0.00000000
vn 0.94280000 0.33340000 -0.00000000
vn 0.94940000 0.31410000 -0.00000000
vn 0.95100000 0.30920000 -0.00000000
vn 0.95260000 0.30420000 -0.00000000
vn 0.95100000 0.30910000 -0.00000000
vn 0.94280000 0.33320000 -0.00010000
vn 0.94630000 0.32330000 -0.00000000
vn 0.94630000 0.32320000 -0.00000000
vn 0.94940000 0.31410000 -0.00000000
vn 0.95020000 0.31170000 -0.00000000
vn 0.95100000 0.30920000 -0.00000000
vn 0.95020000 0.31170000 -0.00010000
vn 0.94630000 0.32330000 -0.00000000
vn 0.94790000 0.31860000 -0.00000000
vn 0.94790000 0.31860000 -0.00000000
vn 0.94990000 0.31270000 -0.00000000
vn 0.94870000 0.31630000 -0.00000000
vn 0.94870000 0.31630000 0.00010000
vn 0.94940000 0.31400000 -0.00000000
vn 0.94960000 0.31350000 -0.00000000
vn 0.94980000 0.31290000 -0.00000000
vn 0.94960000 0.31350000 -0.00010000
vn 0.94900000 0.31530000 -0.00000000
vn 0.94940000 0.31410000 -0.00000000
vn 0.94980000 0.31290000 -0.00000000
vn 0.95020000 0.31160000 -0.00000000
vn 0.94980000 0.31280000 -0.00000000
vn 0.94940000 0.31400000 -0.00010000
vn 0.95020000 0.31160000 -0.00010000
vn 0.95100000 0.30920000 -0.00000000
vn 0.95020000 0.31160000 -0.00010000
vn 0.94940000 0.31400000 -0.00020000
vn 0.95100000 0.30920000 -0.00010000
vn 0.95260000 0.30410000 -0.00000000
vn 0.95100000 0.30910000 -0.00010000
vn 0.94940000 0.31410000 -0.00010000
vn 0.95260000 0.30420000 -0.00020000
vn 0.95570000 0.29430000 -0.00000000
vn 0.95270000 0.30410000 -0.00020000
vn 0.94940000 0.31410000 -0.00010000
vn 0.95570000 0.29430000 -0.00000000
vn 0.96160000 0.27450000 -0.00000000
vn 0.95570000 0.29430000 -0.00000000
vn 0.94900000 0.31520000 -0.00020000
vn 0.94920000 0.31470000 -0.00000000
vn 0.94930000 0.31450000 -0.00000000
vn 0.94870000 0.31630000 -0.00000000
vn 0.94900000 0.31520000 -0.00000000
vn 0.94900000 0.31520000 -0.00000000
vn 0.94790000 0.31870000 -0.00000000
vn 0.94860000 0.31630000 -0.00010000
vn 0.94860000 0.31640000 -0.00000000
vn 0.94630000 0.32330000 -0.00000000
vn 0.94790000 0.31860000 -0.00010000
vn 0.94790000 0.31870000 -0.00010000
vn 0.94290000 0.33310000 -0.00000000
vn 0.94640000 0.32310000 0.00030000
vn 0.94620000 0.32360000 -0.00020000
vn 0.93460000 0.35560000 -0.00010000
vn 0.94280000 0.33340000 -0.00000000
vn 0.94280000 0.33330000 -0.00000000
vn 0.94920000 0.31460000 -0.00020000
vn 0.94930000 0.31440000 -0.00000000
vn 0.94930000 0.31430000 -0.00000000
vn 0.93460000 0.35560000 -0.00000000
vn 0.93900000 0.34400000 -0.00000000
vn 0.93890000 0.34410000 -0.00000000
vn 0.91250000 0.40900000 -0.00000000
vn 0.92460000 0.38090000 -0.00000000
vn 0.92460000 0.38100000 -0.00000000
vn 0.88920000 0.45750000 -0.00000000
vn 0.88920000 0.45740000 -0.00000000
vn 0.93470000 0.35560000 -0.00000000
vn 0.93680000 0.34970000 -0.00000000
vn 0.93890000 0.34410000 -0.00000000
vn 0.93680000 0.34980000 -0.00000000
vn 0.92460000 0.38100000 -0.00000000
vn 0.92990000 0.36790000 -0.00000000
vn 0.92990000 0.36790000 -0.00000000
vn 0.93460000 0.35560000 -0.00000000
vn 0.93570000 0.35280000 -0.00000000
vn 0.93690000 0.34970000 -0.00000000
vn 0.93580000 0.35260000 -0.00000000
vn 0.92990000 0.36780000 -0.00000000
vn 0.93230000 0.36160000 -0.00000000
vn 0.93240000 0.36150000 -0.00000000
vn 0.93530000 0.35390000 -0.00000000
vn 0.93350000 0.35870000 -0.00000000
vn 0.93350000 0.35860000 -0.00000000
vn 0.93460000 0.35560000 -0.00000000
vn 0.93490000 0.35480000 -0.00000000
vn 0.93520000 0.35410000 -0.00000000
vn 0.93480000 0.35520000 -0.00000000
vn 0.93400000 0.35730000 -0.00000000
vn 0.93460000 0.35560000 -0.00010000
vn 0.93520000 0.35410000 -0.00000000
vn 0.93590000 0.35230000 -0.00000000
vn 0.93520000 0.35410000 -0.00000000
vn 0.93460000 0.35560000 -0.00010000
vn 0.93580000 0.35260000 -0.00010000
vn 0.93690000 0.34970000 -0.00000000
vn 0.93580000 0.35260000 -0.00010000
vn 0.93460000 0.35560000 0.00010000
vn 0.93680000 0.34970000 -0.00010000
vn 0.93890000 0.34410000 -0.00000000
vn 0.93690000 0.34970000 -0.00010000
vn 0.93460000 0.35560000 -0.00000000
vn 0.93900000 0.34400000 0.00020000
vn 0.93890000 0.34410000 0.00030000
vn 0.93400000 0.35720000 -0.00030000
vn 0.93430000 0.35640000 -0.00000000
vn 0.93440000 0.35630000 -0.00000000
vn 0.93350000 0.35870000 -0.00000000
vn 0.93410000 0.35710000 -0.00000000
vn 0.93410000 0.35710000 -0.00000000
vn 0.93230000 0.36160000 -0.00000000
vn 0.93350000 0.35860000 -0.00010000
vn 0.93350000 0.35870000 -0.00010000
vn 0.92990000 0.36790000 -0.00000000
vn 0.93230000 0.36170000 -0.00010000
vn 0.93230000 0.36180000 -0.00010000
vn 0.92460000 0.38090000 -0.00000000
vn 0.92990000 0.36790000 -0.00000000
vn 0.92990000 0.36790000 -0.00000000
vn 0.91250000 0.40900000 -0.00000000
vn 0.92460000 0.38100000 -0.00000000
vn 0.92460000 0.38080000 -0.00000000
vn 0.91240000 0.40920000 -0.00030000
vn 0.91880000 0.39460000 -0.00000000
vn 0.91880000 0.39470000 -0.00000000
vn 0.88930000 0.45740000 -0.00000000
vn 0.89920000 0.43750000 -0.00000000
vn 0.89920000 0.43750000 -0.00000000
vn 0.91250000 0.40910000 -0.00000000
vn 0.91580000 0.40170000 -0.00000000
vn 0.91880000 0.39460000 -0.00000000
vn 0.91570000 0.40180000 -0.00000000
vn 0.89920000 0.43750000 0.00010000
vn 0.90550000 0.42430000 -0.00010000
vn 0.90550000 0.42430000 -0.00000000
vn 0.91250000 0.40910000 -0.00010000
vn 0.91420000 0.40540000 -0.00010000
vn 0.91580000 0.40170000 -0.00000000
vn 0.91420000 0.40530000 -0.00000000
vn 0.90550000 0.42440000 0.00020000
vn 0.90890000 0.41700000 -0.00040000
vn 0.90900000 0.41690000 -0.00000000
vn 0.90890000 0.41700000 -0.00000000
vn 0.91070000 0.41300000 -0.00010000
vn 0.91070000 0.41310000 -0.00000000
vn 0.89920000 0.43750000 -0.00010000
vn 0.90230000 0.43120000 -0.00000000
vn 0.90230000 0.43120000 -0.00000000
vn 0.88920000 0.45750000 -0.00000000
vn 0.89380000 0.44850000 -0.00000000
vn 0.89380000 0.44840000 -0.00000000
vn 0.88290000 0.46950000 -0.00000000
vn 0.88290000 0.46950000 -0.00000000
vn 0.89920000 0.43750000 -0.00000000
vn 0.90070000 0.43440000 -0.00010000
vn 0.90230000 0.43120000 -0.00000000
vn 0.90080000 0.43430000 -0.00000000
vn 0.89390000 0.44840000 -0.00020000
vn 0.89640000 0.44330000 -0.00040000
vn 0.89640000 0.44330000 -0.00000000
vn 0.90000000 0.43600000 -0.00000000
vn 0.90070000 0.43440000 -0.00000000
vn 0.90000000 0.43600000 -0.00000000
vn 0.89640000 0.44320000 0.00010000
vn 0.89780000 0.44040000 0.00020000
vn 0.89780000 0.44050000 -0.00000000
vn 0.89850000 0.43900000 -0.00000000
vn 0.88920000 0.45750000 -0.00000000
vn 0.89140000 0.45320000 -0.00000000
vn 0.89140000 0.45320000 -0.00000000
vn 0.88290000 0.46950000 -0.00020000
vn 0.88560000 0.46450000 -0.00000000
vn 0.88560000 0.46440000 -0.00000000
vn 0.88920000 0.45750000 -0.00000000
vn 0.89030000 0.45550000 -0.00000000
vn 0.89140000 0.45330000 0.00010000
vn 0.89040000 0.45520000 -0.00000000
vn 0.88560000 0.46440000 -0.00000000
vn 0.88730000 0.46110000 -0.00000000
vn 0.88730000 0.46130000 -0.00000000
vn 0.88920000 0.45750000 -0.00000000
vn 0.88980000 0.45630000 -0.00000000
vn 0.89030000 0.45540000 -0.00000000
vn 0.88970000 0.45650000 -0.00000000
vn 0.88720000 0.46130000 -0.00030000
vn 0.88830000 0.45930000 -0.00000000
vn 0.88810000 0.45960000 -0.00000000
vn 0.88950000 0.45700000 0.00010000
vn 0.88870000 0.45860000 -0.00000000
vn 0.88940000 0.45710000 0.00030000
vn 0.88890000 0.45800000 0.00030000
vn 0.88920000 0.45750000 -0.00000000
vn 0.88950000 0.45700000 -0.00000000
vn 0.88980000 0.45630000 -0.00000000
vn 0.88950000 0.45700000 -0.00000000
vn 0.88920000 0.45750000 -0.00000000
vn 0.88970000 0.45650000 -0.00000000
vn 0.89040000 0.45520000 -0.00000000
vn 0.88970000 0.45650000 -0.00000000
vn 0.88920000 0.45750000 -0.00010000
vn 0.89030000 0.45540000 -0.00010000
vn 0.89140000 0.45320000 -0.00000000
vn 0.89030000 0.45540000 -0.00000000
vn 0.88930000 0.45740000 -0.00020000
vn 0.89130000 0.45340000 0.00010000
vn 0.89380000 0.44850000 -0.00000000
vn 0.89130000 0.45340000 0.00010000
vn 0.88930000 0.45740000 -0.00010000
vn 0.89390000 0.44820000 -0.00030000
vn 0.89920000 0.43750000 -0.00000000
vn 0.89390000 0.44830000 -0.00010000
vn 0.88920000 0.45750000 -0.00000000
vn 0.89920000 0.43740000 -0.00000000
vn 0.89920000 0.43750000 -0.00000000
vn 0.88910000 0.45780000 -0.00020000
vn 0.88860000 0.45860000 -0.00000000
vn 0.88900000 0.45790000 -0.00000000
vn 0.88890000 0.45800000 -0.00000000
vn 0.88810000 0.45960000 -0.00000000
vn 0.88870000 0.45850000 -0.00000000
vn 0.88870000 0.45850000 -0.00000000
vn 0.88710000 0.46160000 -0.00000000
vn 0.88820000 0.45940000 -0.00000000
vn 0.88820000 0.45940000 -0.00000000
vn 0.88560000 0.46440000 -0.00000000
vn 0.88730000 0.46110000 -0.00010000
vn 0.88730000 0.46120000 -0.00010000
vn 0.88290000 0.46950000 -0.00000000
vn 0.88580000 0.46410000 -0.00020000
vn 0.88570000 0.46420000 -0.00010000
vn 0.88300000 0.46930000 -0.00000000
vn 0.88310000 0.46930000 -0.00000000
vn -0.86600000 0.50000000 -0.00000000
vn -0.92100000 0.38950000 -0.00000000
vn -0.95760000 0.28810000 -0.00000000
vn -0.97940000 0.20210000 -0.00000000
vn -0.99180000 0.12780000 0.00010000
vn -0.99760000 0.06940000 -0.00000000
vn -0.99960000 0.02650000 -0.00000000
vn -0.86600000 0.50000000 -0.00000000
vn -0.89100000 0.45410000 -0.00000000
vn -0.91530000 0.40270000 -0.00000000
vn -0.91560000 0.40210000 -0.00000000
vn -0.91580000 0.40150000 -0.00000000
vn -0.91630000 0.40040000 -0.00000000
vn -0.91730000 0.39810000 -0.00000000
vn -0.91920000 0.39370000 -0.00000000
vn -0.92280000 0.38530000 -0.00000000
vn -0.92910000 0.36980000 -0.00000000
vn -0.93880000 0.34460000 -0.00000000
vn -0.94930000 0.31430000 -0.00000000
vn -0.94940000 0.31400000 0.00020000
vn -0.94940000 0.31390000 -0.00010000
vn -0.94960000 0.31350000 0.00010000
vn -0.94980000 0.31300000 -0.00010000
vn -0.95030000 0.31140000 -0.00020000
vn -0.95120000 0.30850000 0.00010000
vn -0.95300000 0.30300000 -0.00000000
vn -0.95650000 0.29190000 -0.00000000
vn -0.96270000 0.27060000 -0.00000000
vn -0.97290000 0.23120000 -0.00000000
vn -0.98650000 0.16370000 -0.00000000
vn -0.98660000 0.16300000 -0.00000000
vn -0.98680000 0.16200000 0.00010000
vn -0.98710000 0.16030000 -0.00010000
vn -0.98760000 0.15730000 -0.00000000
vn -0.98860000 0.15060000 -0.00000000
vn -0.99050000 0.13770000 -0.00000000
vn -0.99360000 0.11260000 -0.00000000
vn -0.99780000 0.06570000 -0.00000000
vn -0.99900000 0.04480000 -0.00000000
vn -0.99960000 0.02660000 -0.00000000
vn -0.99990000 0.01190000 -0.00000000
vn -1.00000000 0.00080000 -0.00000000
vn -0.92100000 0.38950000 0.00010000
vn -0.89620000 0.44370000 -0.00000000
vn -0.89610000 0.44380000 -0.00000000
vn -0.92100000 0.38950000 0.00010000
vn -0.90920000 0.41630000 -0.00000000
vn -0.89610000 0.44380000 -0.00000000
vn -0.90920000 0.41630000 -0.00000000
vn -0.95760000 0.28810000 -0.00000000
vn -0.94140000 0.33720000 -0.00000000
vn -0.94140000 0.33720000 -0.00000000
vn -0.92110000 0.38940000 -0.00000000
vn -0.91530000 0.40280000 0.00010000
vn -0.90920000 0.41630000 -0.00000000
vn -0.91530000 0.40280000 0.00020000
vn -0.94140000 0.33730000 -0.00020000
vn -0.93180000 0.36290000 -0.00000000
vn -0.93180000 0.36290000 -0.00000000
vn -0.92100000 0.38950000 -0.00000000
vn -0.91820000 0.39610000 -0.00000000
vn -0.91530000 0.40280000 0.00030000
vn -0.91820000 0.39610000 -0.00000000
vn -0.93180000 0.36290000 -0.00000000
vn -0.92660000 0.37610000 -0.00000000
vn -0.92660000 0.37600000 0.00010000
vn -0.91820000 0.39610000 -0.00010000
vn -0.91680000 0.39940000 -0.00020000
vn -0.91530000 0.40280000 -0.00000000
vn -0.91680000 0.39930000 -0.00030000
vn -0.91230000 0.40950000 0.00010000
vn -0.90920000 0.41630000 -0.00000000
vn -0.91230000 0.40950000 -0.00000000
vn -0.90290000 0.43000000 -0.00010000
vn -0.89620000 0.44370000 -0.00000000
vn -0.90290000 0.42990000 -0.00000000
vn -0.88180000 0.47170000 -0.00000000
vn -0.88180000 0.47170000 -0.00000000
vn -0.91680000 0.39950000 -0.00000000
vn -0.91600000 0.40110000 -0.00010000
vn -0.91530000 0.40280000 -0.00000000
vn -0.91600000 0.40110000 -0.00000000
vn -0.91380000 0.40620000 -0.00020000
vn -0.91230000 0.40950000 -0.00000000
vn -0.91380000 0.40630000 -0.00000000
vn -0.91570000 0.40200000 -0.00000000
vn -0.91450000 0.40450000 -0.00010000
vn -0.91380000 0.40620000 -0.00000000
vn -0.91440000 0.40470000 -0.00040000
vn -0.95760000 0.28810000 -0.00000000
vn -0.95000000 0.31240000 -0.00000000
vn -0.95000000 0.31240000 -0.00000000
vn -0.97940000 0.20210000 -0.00000000
vn -0.96980000 0.24370000 -0.00000000
vn -0.96980000 0.24370000 -0.00000000
vn -0.94990000 0.31250000 -0.00000000
vn -0.94580000 0.32470000 -0.00000000
vn -0.94140000 0.33720000 -0.00000000
vn -0.94580000 0.32470000 -0.00010000
vn -0.95000000 0.31230000 -0.00000000
vn -0.94790000 0.31860000 -0.00000000
vn -0.94580000 0.32480000 -0.00000000
vn -0.94790000 0.31850000 -0.00010000
vn -0.95760000 0.28810000 -0.00000000
vn -0.95390000 0.30010000 -0.00020000
vn -0.95390000 0.30010000 -0.00000000
vn -0.96980000 0.24370000 -0.00000000
vn -0.96410000 0.26560000 -0.00000000
vn -0.96410000 0.26560000 -0.00000000
vn -0.94990000 0.31260000 -0.00000000
vn -0.94900000 0.31540000 -0.00000000
vn -0.94800000 0.31830000 -0.00000000
vn -0.94890000 0.31560000 -0.00000000
vn -0.95390000 0.30000000 -0.00000000
vn -0.95200000 0.30620000 -0.00050000
vn -0.95200000 0.30610000 -0.00000000
vn -0.94990000 0.31240000 -0.00010000
vn -0.94940000 0.31390000 -0.00000000
vn -0.94890000 0.31540000 -0.00000000
vn -0.94950000 0.31380000 0.00010000
vn -0.95200000 0.30630000 -0.00010000
vn -0.95100000 0.30930000 0.00030000
vn -0.95090000 0.30950000 -0.00000000
vn -0.94920000 0.31470000 -0.00000000
vn -0.94840000 0.31700000 -0.00010000
vn -0.94790000 0.31850000 -0.00000000
vn -0.94840000 0.31700000 -0.00000000
vn -0.94690000 0.32160000 -0.00020000
vn -0.94580000 0.32470000 -0.00000000
vn -0.94690000 0.32160000 -0.00000000
vn -0.94370000 0.33090000 0.00010000
vn -0.94140000 0.33720000 -0.00000000
vn -0.94370000 0.33090000 -0.00000000
vn -0.93680000 0.34990000 -0.00000000
vn -0.93680000 0.34990000 -0.00000000
vn -0.94930000 0.31450000 -0.00000000
vn -0.94970000 0.31300000 0.00010000
vn -0.95050000 0.31080000 -0.00010000
vn -0.95050000 0.31090000 -0.00010000
vn -0.94940000 0.31400000 -0.00000000
vn -0.94920000 0.31470000 -0.00000000
vn -0.94890000 0.31560000 -0.00000000
vn -0.94920000 0.31470000 -0.00000000
vn -0.95000000 0.31210000 -0.00010000
vn -0.94940000 0.31390000 -0.00010000
vn -0.94890000 0.31570000 -0.00010000
vn -0.94940000 0.31390000 -0.00010000
vn -0.95000000 0.31230000 -0.00010000
vn -0.94890000 0.31550000 -0.00010000
vn -0.94790000 0.31860000 -0.00000000
vn -0.94890000 0.31550000 -0.00010000
vn -0.95000000 0.31230000 -0.00000000
vn -0.94790000 0.31850000 -0.00020000
vn -0.94580000 0.32470000 -0.00000000
vn -0.94790000 0.31860000 -0.00010000
vn -0.95000000 0.31230000 -0.00000000
vn -0.94580000 0.32470000 -0.00040000
vn -0.94140000 0.33720000 -0.00000000
vn -0.94570000 0.32490000 -0.00030000
vn -0.95760000 0.28810000 -0.00000000
vn -0.94990000 0.31250000 -0.00000000
vn -0.94140000 0.33720000 -0.00000000
vn -0.95000000 0.31240000 -0.00000000
vn -0.94960000 0.31350000 -0.00000000
vn -0.95000000 0.31220000 -0.00000000
vn -0.94970000 0.31310000 -0.00000000
vn -0.94970000 0.31310000 -0.00000000
vn -0.99180000 0.12780000 -0.00000000
vn -0.98670000 0.16280000 -0.00000000
vn -0.98670000 0.16280000 0.00010000
vn -0.98670000 0.16280000 0.00010000
vn -0.98330000 0.18200000 -0.00000000
vn -0.97940000 0.20210000 -0.00000000
vn -0.98330000 0.18200000 -0.00000000
vn -0.98670000 0.16280000 0.00010000
vn -0.98500000 0.17240000 -0.00020000
vn -0.98330000 0.18200000 -0.00000000
vn -0.98500000 0.17230000 -0.00000000
vn -0.99180000 0.12780000 -0.00000000
vn -0.98950000 0.14480000 0.00010000
vn -0.98940000 0.14490000 -0.00000000
vn -0.99760000 0.06940000 -0.00000000
vn -0.99530000 0.09680000 -0.00000000
vn -0.99530000 0.09680000 -0.00000000
vn -0.98660000 0.16290000 -0.00010000
vn -0.98580000 0.16770000 -0.00020000
vn -0.98500000 0.17230000 -0.00000000
vn -0.98590000 0.16750000 -0.00000000
vn -0.98950000 0.14490000 -0.00000000
vn -0.98810000 0.15360000 -0.00050000
vn -0.98810000 0.15370000 -0.00000000
vn -0.98660000 0.16290000 -0.00000000
vn -0.98630000 0.16530000 -0.00010000
vn -0.98590000 0.16760000 -0.00000000
vn -0.98630000 0.16520000 -0.00000000
vn -0.98810000 0.15360000 -0.00000000
vn -0.98740000 0.15820000 -0.00020000
vn -0.98740000 0.15810000 -0.00000000
vn -0.98640000 0.16410000 -0.00000000
vn -0.98700000 0.16050000 -0.00010000
vn -0.98700000 0.16050000 -0.00000000
vn -0.98690000 0.16160000 -0.00000000
vn -1.00000000 0.00080000 -0.00000000
vn -1.00000000 0.00090000 -0.00000000
vn -0.86600000 0.50000000 -0.00000000
vn -0.00000000 1.00000000 -0.00000000
vn -0.07040000 0.99750000 -0.00000000
vn -0.13060000 0.99140000 -0.00000000
vn -0.13160000 0.99130000 -0.00010000
vn -0.13300000 0.99110000 -0.00000000
vn -0.13480000 0.99090000 -0.00000000
vn -0.13900000 0.99030000 -0.00000000
vn -0.14720000 0.98910000 -0.00000000
vn -0.16360000 0.98650000 -0.00000000
vn -0.19580000 0.98060000 -0.00000000
vn -0.25810000 0.96610000 -0.00000000
vn -0.25890000 0.96590000 -0.00010000
vn -0.26000000 0.96560000 -0.00000000
vn -0.26160000 0.96520000 -0.00000000
vn -0.26490000 0.96430000 -0.00000000
vn -0.27190000 0.96230000 -0.00000000
vn -0.28590000 0.95830000 -0.00000000
vn -0.31450000 0.94930000 -0.00000000
vn -0.37390000 0.92750000 -0.00000000
vn -0.43590000 0.90000000 -0.00000000
vn -0.49970000 0.86620000 -0.00000000
vn -0.50330000 0.86410000 -0.00030000
vn -0.50740000 0.86170000 -0.00000000
vn -0.51510000 0.85710000 -0.00000000
vn -0.52990000 0.84810000 -0.00000000
vn -0.55800000 0.82980000 -0.00000000
vn -0.60830000 0.79370000 -0.00000000
vn -0.60910000 0.79310000 -0.00000000
vn -0.60980000 0.79250000 -0.00000000
vn -0.61180000 0.79100000 -0.00000000
vn -0.61510000 0.78850000 0.00010000
vn -0.62160000 0.78340000 -0.00000000
vn -0.63460000 0.77290000 -0.00000000
vn -0.65980000 0.75140000 -0.00000000
vn -0.70720000 0.70700000 -0.00000000
vn -0.70840000 0.70580000 -0.00010000
vn -0.70990000 0.70430000 -0.00000000
vn -0.71260000 0.70160000 -0.00000000
vn -0.71780000 0.69620000 -0.00000000
vn -0.72840000 0.68510000 -0.00000000
vn -0.74940000 0.66210000 -0.00000000
vn -0.79030000 0.61270000 -0.00000000
vn -0.82940000 0.55870000 -0.00000000
vn -0.86600000 0.50000000 -0.00000000
vn -0.14110000 0.99000000 -0.00000000
vn -0.14110000 0.99000000 -0.00020000
vn -0.10600000 0.99440000 -0.00000000
vn -0.07070000 0.99750000 -0.00000000
vn -0.10600000 0.99440000 -0.00000000
vn -0.27590000 0.96120000 -0.00000000
vn -0.20900000 0.97790000 -0.00010000
vn -0.14120000 0.99000000 -0.00020000
vn -0.12360000 0.99230000 -0.00000000
vn -0.10600000 0.99440000 -0.00000000
vn -0.12340000 0.99240000 -0.00020000
vn -0.20900000 0.97790000 -0.00000000
vn -0.17520000 0.98450000 -0.00000000
vn -0.17510000 0.98450000 -0.00000000
vn -0.14130000 0.99000000 -0.00000000
vn -0.13240000 0.99120000 -0.00010000
vn -0.12350000 0.99230000 -0.00000000
vn -0.13240000 0.99120000 -0.00020000
vn -0.17520000 0.98450000 -0.00000000
vn -0.15820000 0.98740000 -0.00010000
vn -0.15820000 0.98740000 -0.00000000
vn -0.13240000 0.99120000 -0.00000000
vn -0.12790000 0.99180000 -0.00020000
vn -0.12360000 0.99230000 -0.00000000
vn -0.12800000 0.99180000 -0.00000000
vn -0.11480000 0.99340000 0.00020000
vn -0.10600000 0.99440000 -0.00000000
vn -0.11480000 0.99340000 -0.00000000
vn -0.08830000 0.99610000 -0.00000000
vn -0.07070000 0.99750000 -0.00000000
vn -0.08840000 0.99610000 -0.00000000
vn 0.13380000 0.99100000 -0.00000000
vn -0.13240000 0.99120000 -0.00010000
vn -0.13020000 0.99150000 -0.00010000
vn -0.12800000 0.99180000 -0.00000000
vn -0.13010000 0.99150000 -0.00000000
vn -0.14120000 0.99000000 -0.00000000
vn -0.13670000 0.99060000 0.00010000
vn -0.13670000 0.99060000 -0.00000000
vn -0.15830000 0.98740000 -0.00000000
vn -0.14970000 0.98870000 0.00010000
vn -0.14960000 0.98870000 -0.00000000
vn -0.13710000 0.99060000 0.00010000
vn -0.13450000 0.99090000 -0.00010000
vn -0.13450000 0.99090000 -0.00000000
vn -0.27590000 0.96120000 -0.00040000
vn -0.24260000 0.97010000 -0.00000000
vn -0.24270000 0.97010000 0.00010000
vn -0.33810000 0.94110000 -0.00000000
vn -0.27580000 0.96120000 -0.00000000
vn -0.25930000 0.96580000 -0.00000000
vn -0.24250000 0.97010000 -0.00000000
vn -0.25930000 0.96580000 -0.00030000
vn -0.33810000 0.94110000 -0.00000000
vn -0.30710000 0.95170000 -0.00000000
vn -0.30720000 0.95170000 -0.00000000
vn -0.25930000 0.96580000 -0.00020000
vn -0.25090000 0.96800000 -0.00000000
vn -0.24260000 0.97010000 -0.00000000
vn -0.25090000 0.96800000 -0.00000000
vn -0.22580000 0.97420000 0.00010000
vn -0.20900000 0.97790000 -0.00000000
vn -0.22580000 0.97420000 -0.00000000
vn -0.25920000 0.96580000 -0.00000000
vn -0.25510000 0.96690000 0.00010000
vn -0.25090000 0.96800000 -0.00000000
vn -0.25510000 0.96690000 -0.00000000
vn -0.27590000 0.96120000 -0.00000000
vn -0.26750000 0.96350000 0.00010000
vn -0.26750000 0.96360000 -0.00000000
vn -0.30720000 0.95170000 -0.00000000
vn -0.29160000 0.95660000 -0.00010000
vn -0.29160000 0.95660000 -0.00000000
vn -0.25930000 0.96580000 -0.00010000
vn -0.25720000 0.96640000 -0.00010000
vn -0.25510000 0.96690000 -0.00000000
vn -0.25730000 0.96630000 -0.00020000
vn -0.26760000 0.96350000 -0.00000000
vn -0.26340000 0.96470000 0.00010000
vn -0.26340000 0.96470000 -0.00000000
vn -0.26340000 0.96470000 -0.00000000
vn -0.26140000 0.96520000 -0.00010000
vn -0.26140000 0.96520000 -0.00010000
vn -0.51220000 0.85890000 -0.00000000
vn -0.45650000 0.88970000 -0.00000000
vn -0.51240000 0.85880000 -0.00030000
vn -0.48460000 0.87480000 -0.00000000
vn -0.45640000 0.88980000 -0.00000000
vn -0.48460000 0.87480000 -0.00000000
vn -0.61710000 0.78690000 -0.00000000
vn -0.56580000 0.82450000 -0.00000000
vn -0.51220000 0.85890000 -0.00000000
vn -0.49840000 0.86690000 -0.00000000
vn -0.48460000 0.87480000 -0.00000000
vn -0.49840000 0.86690000 -0.00000000
vn -0.56580000 0.82450000 -0.00000000
vn -0.53920000 0.84220000 -0.00000000
vn -0.53920000 0.84220000 -0.00000000
vn -0.51220000 0.85890000 -0.00000000
vn -0.50530000 0.86290000 -0.00020000
vn -0.49840000 0.86690000 -0.00000000
vn -0.50530000 0.86300000 -0.00030000
vn -0.53930000 0.84210000 -0.00000000
vn -0.52580000 0.85060000 0.00010000
vn -0.52560000 0.85070000 -0.00020000
vn -0.61710000 0.78690000 -0.00010000
vn -0.59180000 0.80610000 -0.00000000
vn -0.59150000 0.80630000 -0.00030000
vn -0.71210000 0.70210000 -0.00000000
vn -0.66600000 0.74590000 -0.00000000
vn -0.61720000 0.78680000 -0.00020000
vn -0.60450000 0.79660000 -0.00010000
vn -0.59180000 0.80610000 -0.00000000
vn -0.60440000 0.79670000 -0.00020000
vn -0.66600000 0.74600000 -0.00000000
vn -0.64190000 0.76680000 -0.00000000
vn -0.64180000 0.76680000 -0.00000000
vn -0.61720000 0.78680000 -0.00000000
vn -0.61080000 0.79180000 -0.00000000
vn -0.60460000 0.79660000 -0.00000000
vn -0.61090000 0.79170000 -0.00010000
vn -0.64180000 0.76680000 -0.00000000
vn -0.62960000 0.77690000 -0.00010000
vn -0.62950000 0.77700000 -0.00000000
vn -0.61120000 0.79150000 -0.00010000
vn -0.60770000 0.79420000 0.00010000
vn -0.60450000 0.79660000 -0.00000000
vn -0.60760000 0.79420000 -0.00000000
vn -0.59810000 0.80140000 -0.00020000
vn -0.59170000 0.80610000 -0.00000000
vn -0.59810000 0.80140000 -0.00000000
vn -0.57880000 0.81540000 0.00010000
vn -0.56580000 0.82450000 -0.00000000
vn -0.57880000 0.81540000 -0.00000000
vn -0.60930000 0.79300000 -0.00010000
vn -0.61710000 0.78690000 -0.00000000
vn -0.61400000 0.78930000 -0.00010000
vn -0.61390000 0.78940000 0.00010000
vn -0.62960000 0.77700000 -0.00000000
vn -0.62340000 0.78190000 -0.00020000
vn -0.62340000 0.78190000 0.00010000
vn -0.71210000 0.70210000 -0.00060000
vn -0.68940000 0.72440000 -0.00000000
vn -0.68940000 0.72440000 -0.00000000
vn -0.75530000 0.65530000 -0.00000000
vn -0.71220000 0.70200000 -0.00020000
vn -0.70080000 0.71340000 -0.00010000
vn -0.68940000 0.72440000 -0.00000000
vn -0.70080000 0.71330000 -0.00000000
vn -0.75530000 0.65540000 -0.00000000
vn -0.73410000 0.67910000 -0.00000000
vn -0.73410000 0.67910000 -0.00000000
vn -0.71210000 0.70200000 -0.00000000
vn -0.70650000 0.70770000 0.00010000
vn -0.70080000 0.71340000 -0.00000000
vn -0.70640000 0.70780000 -0.00000000
vn -0.73410000 0.67910000 -0.00000000
vn -0.72320000 0.69060000 -0.00020000
vn -0.72320000 0.69070000 -0.00000000
vn -0.70930000 0.70490000 -0.00020000
vn -0.72320000 0.69070000 -0.00000000
vn -0.71760000 0.69640000 -0.00020000
vn -0.71760000 0.69640000 -0.00000000
vn 0.86560000 0.50080000 -0.00000000
vn 0.82920000 0.55900000 -0.00000000
vn 0.79020000 0.61280000 -0.00000000
vn 0.74940000 0.66220000 -0.00000000
vn 0.70700000 0.70720000 -0.00000000
vn 0.70560000 0.70860000 -0.00010000
vn 0.70380000 0.71040000 -0.00000000
vn 0.70130000 0.71280000 -0.00000000
vn 0.69560000 0.71850000 0.00010000
vn 0.68390000 0.72960000 -0.00000000
vn 0.65980000 0.75150000 -0.00000000
vn 0.60830000 0.79370000 -0.00000000
vn 0.60770000 0.79420000 -0.00000000
vn 0.60700000 0.79470000 -0.00000000
vn 0.60520000 0.79610000 0.00030000
vn 0.60240000 0.79820000 -0.00000000
vn 0.59640000 0.80270000 -0.00000000
vn 0.58410000 0.81170000 -0.00000000
vn 0.55790000 0.82990000 -0.00000000
vn 0.49970000 0.86620000 -0.00000000
vn 0.49570000 0.86850000 -0.00000000
vn 0.49170000 0.87080000 -0.00000000
vn 0.48360000 0.87530000 -0.00000000
vn 0.46770000 0.88390000 -0.00000000
vn 0.43600000 0.90000000 -0.00000000
vn 0.37410000 0.92740000 -0.00000000
vn 0.31470000 0.94920000 -0.00000000
vn 0.25830000 0.96610000 -0.00000000
vn 0.25740000 0.96630000 0.00020000
vn 0.25630000 0.96660000 -0.00000000
vn 0.25450000 0.96710000 -0.00000000
vn 0.25070000 0.96810000 -0.00000000
vn 0.24300000 0.97000000 -0.00000000
vn 0.22740000 0.97380000 -0.00000000
vn 0.19590000 0.98060000 -0.00000000
vn 0.13060000 0.99140000 -0.00000000
vn 0.12970000 0.99150000 -0.00010000
vn 0.12870000 0.99170000 -0.00000000
vn 0.12720000 0.99190000 -0.00000000
vn 0.12370000 0.99230000 -0.00000000
vn 0.11650000 0.99320000 -0.00000000
vn 0.10170000 0.99480000 -0.00000000
vn 0.07030000 0.99750000 -0.00000000
vn 0.61690000 0.78700000 -0.00000000
vn 0.71300000 0.70120000 -0.00000000
vn 0.66640000 0.74560000 0.00010000
vn 0.66640000 0.74560000 -0.00000000
vn 0.69000000 0.72380000 -0.00000000
vn 0.71300000 0.70120000 0.00010000
vn 0.68990000 0.72390000 -0.00030000
vn 0.75570000 0.65490000 -0.00000000
vn 0.69010000 0.72380000 -0.00000000
vn 0.70160000 0.71260000 -0.00000000
vn 0.71300000 0.70110000 -0.00000000
vn 0.70150000 0.71260000 -0.00020000
vn 0.73470000 0.67840000 -0.00000000
vn 0.75570000 0.65490000 -0.00000000
vn 0.73470000 0.67840000 -0.00000000
vn 0.70160000 0.71260000 -0.00000000
vn 0.70740000 0.70680000 -0.00040000
vn 0.71300000 0.70120000 -0.00000000
vn 0.70730000 0.70690000 -0.00000000
vn 0.72400000 0.68980000 0.00010000
vn 0.73470000 0.67840000 -0.00000000
vn 0.72400000 0.68980000 -0.00000000
vn 0.70450000 0.70970000 -0.00020000
vn 0.69000000 0.72380000 -0.00000000
vn 0.69590000 0.71820000 0.00010000
vn 0.69590000 0.71820000 -0.00000000
vn 0.66630000 0.74560000 -0.00000000
vn 0.67830000 0.73480000 -0.00040000
vn 0.67830000 0.73480000 -0.00000000
vn 0.61690000 0.78700000 -0.00000000
vn 0.64200000 0.76670000 -0.00000000
vn 0.64200000 0.76670000 -0.00000000
vn 0.51240000 0.85870000 -0.00000000
vn 0.56580000 0.82450000 -0.00000000
vn 0.56580000 0.82450000 -0.00000000
vn 0.59170000 0.80620000 -0.00000000
vn 0.59150000 0.80630000 -0.00030000
vn 0.59170000 0.80620000 -0.00000000
vn 0.60440000 0.79670000 -0.00010000
vn 0.61680000 0.78710000 0.00010000
vn 0.60440000 0.79670000 -0.00030000
vn 0.60430000 0.79670000 -0.00010000
vn 0.61070000 0.79190000 -0.00000000
vn 0.61700000 0.78700000 -0.00000000
vn 0.61070000 0.79190000 -0.00010000
vn 0.62960000 0.77700000 -0.00010000
vn 0.64200000 0.76670000 -0.00000000
vn 0.62950000 0.77700000 -0.00000000
vn 0.60430000 0.79680000 -0.00000000
vn 0.60750000 0.79430000 -0.00020000
vn 0.61060000 0.79190000 -0.00000000
vn 0.60750000 0.79430000 -0.00010000
vn 0.59160000 0.80620000 -0.00000000
vn 0.59810000 0.80150000 0.00010000
vn 0.59800000 0.80150000 -0.00000000
vn 0.56580000 0.82450000 -0.00000000
vn 0.57880000 0.81550000 0.00010000
vn 0.57880000 0.81550000 -0.00000000
vn 0.51240000 0.85870000 -0.00000000
vn 0.53940000 0.84210000 -0.00000000
vn 0.53940000 0.84200000 -0.00000000
vn 0.39250000 0.91970000 -0.00000000
vn 0.45350000 0.89120000 -0.00000000
vn 0.60920000 0.79300000 0.00020000
vn 0.61380000 0.78950000 -0.00010000
vn 0.61690000 0.78700000 -0.00000000
vn 0.61380000 0.78950000 -0.00000000
vn 0.62320000 0.78200000 -0.00020000
vn 0.62950000 0.77700000 -0.00000000
vn 0.62320000 0.78200000 -0.00000000
vn 0.60590000 0.79550000 -0.00010000
vn 0.60120000 0.79910000 -0.00010000
vn 0.60120000 0.79910000 -0.00000000
vn 0.45350000 0.89120000 -0.00000000
vn 0.48330000 0.87550000 -0.00000000
vn 0.48330000 0.87550000 -0.00000000
vn 0.48330000 0.87550000 -0.00000000
vn 0.49790000 0.86720000 -0.00010000
vn 0.51240000 0.85870000 -0.00000000
vn 0.49790000 0.86720000 -0.00000000
vn 0.49790000 0.86720000 -0.00030000
vn 0.50520000 0.86300000 0.00010000
vn 0.51240000 0.85870000 -0.00000000
vn 0.50520000 0.86300000 -0.00000000
vn 0.52600000 0.85050000 0.00010000
vn 0.53940000 0.84210000 -0.00000000
vn 0.52600000 0.85050000 -0.00000000
vn 0.48330000 0.87550000 -0.00000000
vn 0.49060000 0.87140000 0.00010000
vn 0.49050000 0.87150000 -0.00010000
vn 0.45350000 0.89120000 -0.00000000
vn 0.46840000 0.88350000 -0.00000000
vn 0.46850000 0.88340000 -0.00000000
vn 0.39260000 0.91970000 -0.00000000
vn 0.42330000 0.90600000 -0.00000000
vn 0.42330000 0.90600000 -0.00000000
vn 0.26560000 0.96410000 -0.00000000
vn 0.32980000 0.94410000 -0.00000000
vn 0.20010000 0.97980000 -0.00000000
vn 0.20010000 0.97980000 -0.00000000
vn 0.23300000 0.97250000 -0.00000000
vn 0.26560000 0.96410000 -0.00000000
vn 0.23270000 0.97250000 -0.00030000
vn 0.23300000 0.97250000 -0.00000000
vn 0.24930000 0.96840000 -0.00000000
vn 0.26570000 0.96410000 -0.00020000
vn 0.24940000 0.96840000 0.00010000
vn 0.29790000 0.95460000 -0.00000000
vn 0.32980000 0.94400000 -0.00000000
vn 0.29790000 0.95460000 -0.00000000
vn 0.24930000 0.96840000 -0.00000000
vn 0.25740000 0.96630000 -0.00000000
vn 0.26550000 0.96410000 -0.00000000
vn 0.25750000 0.96630000 -0.00010000
vn 0.28170000 0.95950000 -0.00000000
vn 0.29780000 0.95460000 -0.00000000
vn 0.28170000 0.95950000 -0.00000000
vn 0.25750000 0.96630000 -0.00000000
vn 0.26150000 0.96520000 -0.00010000
vn 0.26560000 0.96410000 -0.00000000
vn 0.26150000 0.96520000 -0.00010000
vn 0.27370000 0.96180000 0.00010000
vn 0.28170000 0.95950000 -0.00000000
vn 0.27370000 0.96180000 -0.00000000
vn 0.24930000 0.96840000 -0.00000000
vn 0.25330000 0.96740000 -0.00020000
vn 0.25330000 0.96740000 -0.00000000
vn 0.23290000 0.97250000 -0.00000000
vn 0.24110000 0.97050000 -0.00020000
vn 0.24090000 0.97050000 0.00020000
vn 0.20010000 0.97980000 -0.00000000
vn 0.21660000 0.97630000 -0.00000000
vn 0.21650000 0.97630000 0.00010000
vn 0.13380000 0.99100000 -0.00000000
vn 0.16700000 0.98600000 -0.00000000
vn 0.16700000 0.98590000 -0.00000000
vn 0.25340000 0.96740000 -0.00000000
vn 0.25540000 0.96680000 -0.00010000
vn 0.25750000 0.96630000 -0.00000000
vn 0.25540000 0.96680000 -0.00000000
vn 0.06700000 0.99780000 -0.00000000
vn 0.10050000 0.99490000 -0.00000000
vn 0.10040000 0.99490000 -0.00010000
vn 0.10050000 0.99490000 -0.00000000
vn 0.11710000 0.99310000 -0.00010000
vn 0.13380000 0.99100000 -0.00000000
vn 0.11700000 0.99310000 -0.00020000
vn 0.11700000 0.99310000 -0.00000000
vn 0.12540000 0.99210000 -0.00010000
vn 0.13380000 0.99100000 -0.00010000
vn 0.12540000 0.99210000 -0.00010000
vn 0.15040000 0.98860000 -0.00010000
vn 0.16700000 0.98600000 -0.00000000
vn 0.15040000 0.98860000 -0.00000000
vn 0.12550000 0.99210000 -0.00000000
vn 0.12960000 0.99160000 -0.00030000
vn 0.13370000 0.99100000 -0.00000000
vn 0.12960000 0.99160000 -0.00000000
vn 0.14210000 0.98990000 -0.00000000
vn 0.15040000 0.98860000 -0.00000000
vn 0.14220000 0.98980000 -0.00000000
vn 0.12960000 0.99160000 -0.00010000
vn 0.13170000 0.99130000 -0.00010000
vn 0.13380000 0.99100000 -0.00000000
vn 0.13160000 0.99130000 -0.00010000
vn 0.13790000 0.99040000 0.00020000
vn 0.14210000 0.98990000 -0.00000000
vn 0.13790000 0.99040000 -0.00000000
vn 0.12540000 0.99210000 -0.00000000
vn 0.12750000 0.99180000 -0.00010000
vn 0.12750000 0.99180000 -0.00000000
vn 0.11720000 0.99310000 -0.00000000
vn 0.12130000 0.99260000 0.00020000
vn 0.12140000 0.99260000 -0.00020000
vn 0.10040000 0.99490000 -0.00000000
vn 0.10880000 0.99410000 -0.00020000
vn 0.10880000 0.99410000 -0.00000000
vn 0.06700000 0.99780000 -0.00000000
vn 0.08380000 0.99650000 -0.00000000
vn 0.08370000 0.99650000 -0.00000000
vn 0.86560000 0.50080000 -0.00000000
vn 0.86560000 0.50080000 -0.00000000
vn -0.86600000 0.50000000 -0.00000000
vn -0.07280000 0.99730000 -0.00000000
vn -0.07280000 0.99730000 -0.00000000
vn -0.00000000 1.00000000 -0.00000000
vn 0.07280000 0.99730000 -0.00000000
vn 0.07260000 0.99740000 -0.00010000
vn 0.08740000 0.99620000 -0.00000000
vn 0.08740000 0.99620000 -0.00000000
vn 0.19280000 0.98120000 -0.00000000
vn 0.29610000 0.95520000 -0.00000000
vn 0.39590000 0.91830000 -0.00000000
vn 0.49130000 0.87100000 -0.00000000
vn 0.58120000 0.81380000 -0.00000000
vn 0.66440000 0.74740000 -0.00000000
vn 0.74010000 0.67250000 -0.00000000
vn 0.80740000 0.59000000 -0.00000000
vn -0.86600000 0.50000000 -0.00000000
vn -0.80790000 0.58930000 -0.00000000
vn -0.74060000 0.67200000 -0.00000000
vn -0.66480000 0.74700000 -0.00000000
vn -0.58160000 0.81350000 -0.00000000
vn -0.49170000 0.87080000 -0.00000000
vn -0.39620000 0.91820000 -0.00000000
vn -0.29620000 0.95510000 -0.00000000
vn -0.19290000 0.98120000 -0.00000000
vn -0.08740000 0.99620000 -0.00000000
vn -0.08740000 0.99620000 -0.00000000
vn 0.86600000 -0.50000000 -0.00000000
vn -0.00000000 -1.00000000 -0.00000000
vn 0.07030000 -0.99750000 -0.00000000
vn 0.13060000 -0.99140000 -0.00000000
vn 0.13160000 -0.99130000 -0.00000000
vn 0.13290000 -0.99110000 -0.00000000
vn 0.13490000 -0.99090000 0.00010000
vn 0.13900000 -0.99030000 -0.00000000
vn 0.14720000 -0.98910000 -0.00000000
vn 0.16360000 -0.98650000 -0.00000000
vn 0.19580000 -0.98060000 -0.00000000
vn 0.25810000 -0.96610000 -0.00000000
vn 0.25900000 -0.96590000 -0.00000000
vn 0.26000000 -0.96560000 -0.00000000
vn 0.26150000 -0.96520000 -0.00000000
vn 0.26500000 -0.96420000 -0.00000000
vn 0.27190000 -0.96230000 -0.00000000
vn 0.28600000 -0.95820000 -0.00000000
vn 0.31460000 -0.94920000 -0.00000000
vn 0.37400000 -0.92740000 -0.00000000
vn 0.43590000 -0.90000000 -0.00000000
vn 0.49970000 -0.86620000 -0.00000000
vn 0.50350000 -0.86400000 -0.00010000
vn 0.50740000 -0.86170000 -0.00000000
vn 0.51510000 -0.85720000 -0.00000000
vn 0.52990000 -0.84810000 -0.00000000
vn 0.55790000 -0.82990000 -0.00000000
vn 0.60830000 -0.79370000 -0.00000000
vn 0.60920000 -0.79300000 -0.00000000
vn 0.61010000 -0.79230000 -0.00000000
vn 0.61160000 -0.79110000 -0.00000000
vn 0.61490000 -0.78860000 -0.00000000
vn 0.62160000 -0.78330000 -0.00000000
vn 0.63460000 -0.77290000 -0.00000000
vn 0.65980000 -0.75140000 -0.00000000
vn 0.70720000 -0.70700000 -0.00000000
vn 0.70850000 -0.70570000 -0.00010000
vn 0.71020000 -0.70400000 0.00010000
vn 0.71260000 -0.70160000 -0.00000000
vn 0.71790000 -0.69610000 -0.00000000
vn 0.72860000 -0.68500000 -0.00000000
vn 0.74960000 -0.66180000 -0.00000000
vn 0.79060000 -0.61230000 -0.00000000
vn 0.82960000 -0.55830000 -0.00000000
vn 0.14070000 -0.99000000 -0.00000000
vn 0.14070000 -0.99000000 0.00010000
vn 0.10570000 -0.99440000 -0.00000000
vn 0.07050000 -0.99750000 -0.00000000
vn 0.10580000 -0.99440000 0.00010000
vn 0.27550000 -0.96130000 -0.00000000
vn 0.20860000 -0.97800000 -0.00000000
vn 0.14070000 -0.99010000 0.00010000
vn 0.12320000 -0.99240000 -0.00010000
vn 0.10570000 -0.99440000 -0.00000000
vn 0.12310000 -0.99240000 -0.00020000
vn 0.20860000 -0.97800000 -0.00000000
vn 0.17480000 -0.98460000 -0.00000000
vn 0.17480000 -0.98460000 -0.00000000
vn 0.14070000 -0.99010000 -0.00000000
vn 0.13200000 -0.99130000 -0.00030000
vn 0.12320000 -0.99240000 -0.00000000
vn 0.13200000 -0.99130000 -0.00020000
vn 0.17480000 -0.98460000 -0.00000000
vn 0.15780000 -0.98750000 -0.00000000
vn 0.15780000 -0.98750000 -0.00000000
vn 0.13200000 -0.99130000 -0.00000000
vn 0.12760000 -0.99180000 0.00010000
vn 0.12320000 -0.99240000 -0.00000000
vn 0.12760000 -0.99180000 -0.00000000
vn 0.11450000 -0.99340000 -0.00030000
vn 0.10570000 -0.99440000 -0.00000000
vn 0.11450000 -0.99340000 -0.00000000
vn 0.08840000 -0.99610000 0.00010000
vn 0.07050000 -0.99750000 -0.00000000
vn 0.08810000 -0.99610000 -0.00000000
vn 0.13200000 -0.99130000 -0.00010000
vn 0.12980000 -0.99150000 -0.00010000
vn 0.12760000 -0.99180000 -0.00000000
vn 0.12970000 -0.99160000 0.00010000
vn 0.14070000 -0.99000000 -0.00000000
vn 0.13630000 -0.99070000 0.00020000
vn 0.13630000 -0.99070000 -0.00000000
vn 0.15770000 -0.98750000 -0.00000000
vn 0.14930000 -0.98880000 -0.00030000
vn 0.14930000 -0.98880000 -0.00000000
vn 0.13620000 -0.99070000 -0.00000000
vn 0.13420000 -0.99100000 -0.00010000
vn 0.13420000 -0.99100000 -0.00000000
vn 0.27550000 -0.96130000 -0.00000000
vn 0.24220000 -0.97020000 -0.00000000
vn 0.24190000 -0.97030000 -0.00040000
vn 0.33780000 -0.94120000 -0.00000000
vn 0.27560000 -0.96130000 -0.00000000
vn 0.25890000 -0.96590000 -0.00000000
vn 0.24220000 -0.97020000 -0.00000000
vn 0.25890000 -0.96590000 -0.00040000
vn 0.33780000 -0.94120000 -0.00000000
vn 0.30680000 -0.95180000 -0.00000000
vn 0.30680000 -0.95180000 -0.00000000
vn 0.25890000 -0.96590000 -0.00020000
vn 0.25040000 -0.96810000 -0.00040000
vn 0.24220000 -0.97020000 -0.00000000
vn 0.25060000 -0.96810000 -0.00000000
vn 0.22550000 -0.97430000 -0.00020000
vn 0.20860000 -0.97800000 -0.00000000
vn 0.22550000 -0.97430000 -0.00000000
vn 0.25890000 -0.96590000 -0.00000000
vn 0.25470000 -0.96700000 -0.00020000
vn 0.25060000 -0.96810000 -0.00000000
vn 0.25460000 -0.96710000 -0.00000000
vn 0.27560000 -0.96130000 -0.00000000
vn 0.26730000 -0.96360000 -0.00010000
vn 0.26720000 -0.96360000 -0.00000000
vn 0.30690000 -0.95180000 -0.00000000
vn 0.29120000 -0.95670000 -0.00010000
vn 0.29120000 -0.95670000 -0.00010000
vn 0.25890000 -0.96590000 -0.00010000
vn 0.25680000 -0.96650000 -0.00010000
vn 0.25480000 -0.96700000 -0.00000000
vn 0.25690000 -0.96640000 -0.00010000
vn 0.26730000 -0.96360000 -0.00000000
vn 0.26310000 -0.96480000 -0.00020000
vn 0.26310000 -0.96480000 -0.00000000
vn 0.26340000 -0.96470000 0.00010000
vn 0.26100000 -0.96530000 -0.00010000
vn 0.26100000 -0.96530000 -0.00000000
vn 0.51200000 -0.85900000 -0.00000000
vn 0.45620000 -0.88990000 -0.00000000
vn 0.51190000 -0.85900000 0.00010000
vn 0.48430000 -0.87490000 -0.00000000
vn 0.45620000 -0.88990000 -0.00000000
vn 0.48430000 -0.87490000 -0.00000000
vn 0.61700000 -0.78700000 -0.00000000
vn 0.56560000 -0.82470000 -0.00000000
vn 0.51200000 -0.85900000 -0.00000000
vn 0.49820000 -0.86710000 -0.00010000
vn 0.48440000 -0.87490000 -0.00000000
vn 0.49820000 -0.86710000 -0.00000000
vn 0.56560000 -0.82470000 -0.00000000
vn 0.53910000 -0.84230000 -0.00000000
vn 0.53910000 -0.84230000 -0.00000000
vn 0.51200000 -0.85900000 -0.00000000
vn 0.50510000 -0.86310000 -0.00020000
vn 0.49820000 -0.86700000 -0.00000000
vn 0.50510000 -0.86310000 -0.00030000
vn 0.53910000 -0.84230000 -0.00000000
vn 0.52560000 -0.85070000 0.00010000
vn 0.52540000 -0.85080000 -0.00020000
vn 0.61700000 -0.78700000 -0.00010000
vn 0.59160000 -0.80620000 -0.00000000
vn 0.59160000 -0.80620000 0.00010000
vn 0.71200000 -0.70220000 -0.00000000
vn 0.66590000 -0.74600000 -0.00000000
vn 0.61680000 -0.78710000 0.00020000
vn 0.60440000 -0.79670000 -0.00010000
vn 0.59160000 -0.80620000 -0.00000000
vn 0.60430000 -0.79680000 -0.00020000
vn 0.66590000 -0.74600000 0.00010000
vn 0.64170000 -0.76690000 -0.00000000
vn 0.64170000 -0.76690000 -0.00000000
vn 0.61700000 -0.78700000 -0.00000000
vn 0.61070000 -0.79190000 0.00020000
vn 0.60430000 -0.79670000 -0.00000000
vn 0.61070000 -0.79180000 -0.00010000
vn 0.64170000 -0.76690000 -0.00000000
vn 0.62940000 -0.77710000 0.00010000
vn 0.62940000 -0.77710000 -0.00000000
vn 0.61060000 -0.79190000 -0.00000000
vn 0.60750000 -0.79430000 -0.00020000
vn 0.60440000 -0.79670000 -0.00000000
vn 0.60750000 -0.79430000 -0.00000000
vn 0.59800000 -0.80150000 0.00010000
vn 0.59160000 -0.80620000 -0.00000000
vn 0.59800000 -0.80150000 -0.00000000
vn 0.57870000 -0.81550000 -0.00010000
vn 0.56560000 -0.82470000 -0.00000000
vn 0.57870000 -0.81550000 -0.00000000
vn 0.60910000 -0.79310000 -0.00010000
vn 0.61700000 -0.78700000 -0.00000000
vn 0.61380000 -0.78940000 -0.00010000
vn 0.61380000 -0.78950000 0.00010000
vn 0.62950000 -0.77700000 -0.00000000
vn 0.62320000 -0.78200000 -0.00020000
vn 0.62340000 -0.78190000 0.00010000
vn 0.71200000 -0.70220000 -0.00030000
vn 0.68930000 -0.72450000 -0.00000000
vn 0.68930000 -0.72450000 -0.00000000
vn 0.75530000 -0.65540000 -0.00000000
vn 0.71210000 -0.70210000 -0.00020000
vn 0.70070000 -0.71350000 -0.00010000
vn 0.68930000 -0.72450000 -0.00000000
vn 0.70070000 -0.71350000 -0.00000000
vn 0.75530000 -0.65540000 -0.00000000
vn 0.73400000 -0.67910000 -0.00000000
vn 0.73400000 -0.67910000 -0.00000000
vn 0.71220000 -0.70200000 -0.00000000
vn 0.70640000 -0.70780000 -0.00000000
vn 0.70070000 -0.71340000 -0.00000000
vn 0.70640000 -0.70780000 -0.00000000
vn 0.73400000 -0.67910000 -0.00000000
vn 0.72310000 -0.69070000 -0.00010000
vn 0.72310000 -0.69070000 -0.00000000
vn 0.70920000 -0.70500000 -0.00020000
vn 0.72310000 -0.69080000 -0.00010000
vn 0.71760000 -0.69650000 0.00010000
vn 0.71760000 -0.69650000 -0.00010000
vn 0.86600000 -0.50000000 -0.00000000
vn 0.86600000 -0.50000000 -0.00000000
vn -0.00000000 -1.00000000 -0.00000000
vn 0.80790000 -0.58930000 -0.00000000
vn 0.74060000 -0.67200000 -0.00000000
vn 0.66480000 -0.74700000 -0.00000000
vn 0.58160000 -0.81350000 -0.00000000
vn 0.49170000 -0.87080000 -0.00000000
vn 0.39620000 -0.91820000 -0.00000000
vn 0.29620000 -0.95510000 -0.00000000
vn 0.19290000 -0.98120000 -0.00000000
vn 0.08740000 -0.99620000 -0.00000000
vn 0.08740000 -0.99620000 -0.00000000
vn 0.07280000 -0.99730000 -0.00000000
vn 0.07280000 -0.99730000 -0.00000000
vn -0.86600000 -0.50000000 -0.00000000
vn -0.86600000 -0.50000000 -0.00000000
vn -0.82970000 -0.55820000 -0.00000000
vn -0.79080000 -0.61210000 -0.00000000
vn -0.74990000 -0.66160000 -0.00000000
vn -0.70750000 -0.70670000 -0.00000000
vn -0.70610000 -0.70810000 -0.00010000
vn -0.70430000 -0.70990000 0.00010000
vn -0.70170000 -0.71250000 -0.00000000
vn -0.69610000 -0.71800000 -0.00000000
vn -0.68440000 -0.72910000 -0.00000000
vn -0.66020000 -0.75110000 -0.00000000
vn -0.60880000 -0.79330000 -0.00000000
vn -0.60810000 -0.79390000 -0.00010000
vn -0.60720000 -0.79460000 -0.00000000
vn -0.60580000 -0.79560000 0.00010000
vn -0.60290000 -0.79780000 -0.00000000
vn -0.59690000 -0.80230000 -0.00000000
vn -0.58450000 -0.81140000 -0.00000000
vn -0.55840000 -0.82960000 -0.00000000
vn -0.50010000 -0.86600000 -0.00000000
vn -0.49610000 -0.86820000 0.00010000
vn -0.49200000 -0.87060000 -0.00000000
vn -0.48400000 -0.87500000 -0.00000000
vn -0.46800000 -0.88370000 -0.00000000
vn -0.43630000 -0.89980000 -0.00000000
vn -0.37440000 -0.92730000 -0.00000000
vn -0.31500000 -0.94910000 -0.00000000
vn -0.25850000 -0.96600000 -0.00000000
vn -0.25750000 -0.96630000 -0.00000000
vn -0.25680000 -0.96650000 -0.00000000
vn -0.25440000 -0.96710000 0.00020000
vn -0.25100000 -0.96800000 -0.00000000
vn -0.24320000 -0.97000000 -0.00000000
vn -0.22760000 -0.97370000 -0.00000000
vn -0.19600000 -0.98060000 -0.00000000
vn -0.13070000 -0.99140000 -0.00000000
vn -0.12990000 -0.99150000 -0.00000000
vn -0.12890000 -0.99170000 -0.00010000
vn -0.12690000 -0.99190000 0.00020000
vn -0.12380000 -0.99230000 -0.00000000
vn -0.11660000 -0.99320000 -0.00000000
vn -0.10180000 -0.99480000 -0.00000000
vn -0.07040000 -0.99750000 -0.00000000
vn -0.61750000 -0.78660000 -0.00000000
vn -0.71350000 -0.70060000 -0.00000000
vn -0.66680000 -0.74520000 -0.00020000
vn -0.66690000 -0.74520000 -0.00000000
vn -0.69060000 -0.72330000 -0.00000000
vn -0.71350000 -0.70060000 0.00010000
vn -0.69040000 -0.72340000 -0.00030000
vn -0.75620000 -0.65430000 -0.00000000
vn -0.69050000 -0.72330000 -0.00000000
vn -0.70220000 -0.71200000 -0.00000000
vn -0.71360000 -0.70060000 -0.00000000
vn -0.70220000 -0.71200000 0.00010000
vn -0.73520000 -0.67780000 -0.00000000
vn -0.75620000 -0.65430000 -0.00000000
vn -0.73520000 -0.67780000 -0.00000000
vn -0.70220000 -0.71200000 -0.00000000
vn -0.70790000 -0.70630000 -0.00010000
vn -0.71360000 -0.70060000 -0.00000000
vn -0.70790000 -0.70630000 -0.00000000
vn -0.72450000 -0.68930000 0.00010000
vn -0.73520000 -0.67780000 -0.00000000
vn -0.72450000 -0.68930000 -0.00000000
vn -0.70500000 -0.70920000 -0.00020000
vn -0.69060000 -0.72330000 -0.00000000
vn -0.69640000 -0.71770000 -0.00020000
vn -0.69640000 -0.71760000 -0.00000000
vn -0.66690000 -0.74520000 -0.00000000
vn -0.67880000 -0.73430000 -0.00000000
vn -0.67880000 -0.73430000 -0.00000000
vn -0.61750000 -0.78660000 -0.00000000
vn -0.64250000 -0.76630000 -0.00000000
vn -0.64250000 -0.76630000 -0.00000000
vn -0.51300000 -0.85840000 -0.00000000
vn -0.56640000 -0.82410000 -0.00000000
vn -0.56640000 -0.82420000 -0.00000000
vn -0.59220000 -0.80580000 -0.00010000
vn -0.59200000 -0.80590000 -0.00030000
vn -0.59230000 -0.80570000 -0.00000000
vn -0.60490000 -0.79630000 -0.00000000
vn -0.61760000 -0.78650000 -0.00020000
vn -0.60490000 -0.79630000 0.00020000
vn -0.60490000 -0.79630000 -0.00010000
vn -0.61120000 -0.79150000 -0.00000000
vn -0.61740000 -0.78660000 -0.00000000
vn -0.61130000 -0.79140000 -0.00010000
vn -0.63020000 -0.77650000 -0.00030000
vn -0.64250000 -0.76630000 -0.00000000
vn -0.63010000 -0.77650000 -0.00000000
vn -0.60490000 -0.79630000 -0.00000000
vn -0.60810000 -0.79390000 -0.00030000
vn -0.61120000 -0.79150000 -0.00000000
vn -0.60810000 -0.79390000 -0.00010000
vn -0.59220000 -0.80580000 -0.00000000
vn -0.59850000 -0.80110000 -0.00040000
vn -0.59860000 -0.80110000 -0.00000000
vn -0.56640000 -0.82410000 -0.00000000
vn -0.57940000 -0.81510000 -0.00040000
vn -0.57940000 -0.81510000 -0.00000000
vn -0.51300000 -0.85840000 -0.00030000
vn -0.54000000 -0.84170000 -0.00000000
vn -0.54000000 -0.84170000 -0.00000000
vn -0.39310000 -0.91950000 -0.00000000
vn -0.45410000 -0.89100000 -0.00000000
vn -0.60980000 -0.79250000 0.00020000
vn -0.61430000 -0.78900000 0.00020000
vn -0.61750000 -0.78660000 -0.00000000
vn -0.61430000 -0.78900000 -0.00000000
vn -0.62380000 -0.78160000 -0.00020000
vn -0.63010000 -0.77650000 -0.00000000
vn -0.62380000 -0.78160000 -0.00000000
vn -0.60650000 -0.79510000 -0.00010000
vn -0.59860000 -0.80110000 -0.00000000
vn -0.60180000 -0.79870000 -0.00010000
vn -0.60180000 -0.79870000 -0.00000000
vn -0.45410000 -0.89090000 -0.00000000
vn -0.48380000 -0.87520000 -0.00000000
vn -0.48380000 -0.87520000 -0.00000000
vn -0.48380000 -0.87520000 -0.00000000
vn -0.49850000 -0.86690000 -0.00000000
vn -0.51300000 -0.85840000 -0.00000000
vn -0.49850000 -0.86690000 -0.00000000
vn -0.49850000 -0.86690000 -0.00030000
vn -0.50580000 -0.86270000 -0.00020000
vn -0.51300000 -0.85840000 -0.00000000
vn -0.50580000 -0.86270000 -0.00000000
vn -0.52650000 -0.85010000 -0.00010000
vn -0.54000000 -0.84170000 -0.00000000
vn -0.52650000 -0.85010000 -0.00000000
vn -0.48380000 -0.87520000 -0.00000000
vn -0.49120000 -0.87110000 -0.00020000
vn -0.49100000 -0.87110000 -0.00010000
vn -0.45410000 -0.89100000 -0.00000000
vn -0.46900000 -0.88320000 -0.00000000
vn -0.46880000 -0.88330000 0.00010000
vn -0.39310000 -0.91950000 -0.00000000
vn -0.42380000 -0.90570000 -0.00000000
vn -0.42380000 -0.90570000 -0.00000000
vn -0.26610000 -0.96390000 -0.00000000
vn -0.33030000 -0.94390000 -0.00000000
vn -0.13430000 -0.99090000 -0.00000000
vn -0.20060000 -0.97970000 -0.00010000
vn -0.20070000 -0.97970000 -0.00000000
vn -0.23350000 -0.97240000 -0.00000000
vn -0.26610000 -0.96390000 -0.00010000
vn -0.23320000 -0.97240000 -0.00030000
vn -0.23350000 -0.97240000 -0.00000000
vn -0.24980000 -0.96830000 -0.00000000
vn -0.26620000 -0.96390000 -0.00020000
vn -0.24970000 -0.96830000 -0.00020000
vn -0.29850000 -0.95440000 -0.00010000
vn -0.33040000 -0.94390000 -0.00000000
vn -0.29840000 -0.95450000 -0.00000000
vn -0.24980000 -0.96830000 -0.00000000
vn -0.25800000 -0.96620000 -0.00010000
vn -0.26610000 -0.96390000 -0.00000000
vn -0.25800000 -0.96610000 -0.00010000
vn -0.28230000 -0.95930000 -0.00000000
vn -0.29840000 -0.95440000 -0.00000000
vn -0.28230000 -0.95930000 -0.00000000
vn -0.25790000 -0.96620000 -0.00000000
vn -0.26200000 -0.96510000 0.00020000
vn -0.26610000 -0.96390000 -0.00000000
vn -0.26200000 -0.96510000 -0.00000000
vn -0.27420000 -0.96170000 0.00020000
vn -0.28230000 -0.95930000 -0.00000000
vn -0.27420000 -0.96170000 -0.00000000
vn -0.24980000 -0.96830000 -0.00000000
vn -0.25380000 -0.96720000 -0.00020000
vn -0.25390000 -0.96720000 -0.00000000
vn -0.23350000 -0.97240000 -0.00000000
vn -0.24170000 -0.97040000 -0.00020000
vn -0.24150000 -0.97040000 0.00020000
vn -0.20060000 -0.97970000 -0.00000000
vn -0.21710000 -0.97620000 -0.00000000
vn -0.21710000 -0.97610000 -0.00000000
vn -0.13430000 -0.99090000 -0.00010000
vn -0.16750000 -0.98590000 -0.00000000
vn -0.16750000 -0.98590000 -0.00000000
vn -0.25390000 -0.96720000 -0.00000000
vn -0.25590000 -0.96670000 -0.00010000
vn -0.25810000 -0.96610000 -0.00000000
vn -0.25590000 -0.96670000 -0.00010000
vn -0.06730000 -0.99770000 -0.00000000
vn -0.10080000 -0.99490000 -0.00000000
vn -0.10080000 -0.99490000 -0.00010000
vn -0.10080000 -0.99490000 -0.00000000
vn -0.11760000 -0.99310000 -0.00010000
vn -0.13430000 -0.99090000 -0.00000000
vn -0.11740000 -0.99310000 -0.00020000
vn -0.11760000 -0.99310000 -0.00000000
vn -0.12590000 -0.99200000 -0.00000000
vn -0.13430000 -0.99090000 -0.00010000
vn -0.12580000 -0.99200000 -0.00010000
vn -0.15100000 -0.98850000 -0.00010000
vn -0.16750000 -0.98590000 -0.00000000
vn -0.15090000 -0.98850000 -0.00000000
vn -0.12600000 -0.99200000 -0.00000000
vn -0.13010000 -0.99150000 -0.00030000
vn -0.13420000 -0.99100000 -0.00000000
vn -0.13010000 -0.99150000 -0.00000000
vn -0.14270000 -0.98980000 -0.00040000
vn -0.15090000 -0.98850000 -0.00000000
vn -0.14260000 -0.98980000 -0.00000000
vn -0.13010000 -0.99150000 -0.00010000
vn -0.13220000 -0.99120000 -0.00010000
vn -0.13430000 -0.99090000 -0.00000000
vn -0.13210000 -0.99120000 -0.00010000
vn -0.13840000 -0.99040000 0.00020000
vn -0.14260000 -0.98980000 -0.00000000
vn -0.13840000 -0.99040000 -0.00000000
vn -0.12590000 -0.99200000 -0.00000000
vn -0.12800000 -0.99180000 -0.00010000
vn -0.12800000 -0.99180000 -0.00010000
vn -0.11760000 -0.99310000 -0.00000000
vn -0.12170000 -0.99260000 0.00020000
vn -0.12180000 -0.99260000 -0.00010000
vn -0.10080000 -0.99490000 -0.00000000
vn -0.10920000 -0.99400000 0.00010000
vn -0.10920000 -0.99400000 0.00010000
vn -0.06730000 -0.99770000 -0.00000000
vn -0.08410000 -0.99650000 -0.00000000
vn -0.08410000 -0.99650000 0.00010000
vn -0.86600000 -0.50000000 -0.00000000
vn -0.00000000 -1.00000000 -0.00000000
vn -0.00000000 -1.00000000 -0.00000000
vn -0.07280000 -0.99730000 -0.00000000
vn -0.07280000 -0.99730000 -0.00000000
vn -0.08740000 -0.99620000 -0.00000000
vn -0.08740000 -0.99620000 -0.00000000
vn -0.19290000 -0.98120000 -0.00000000
vn -0.29620000 -0.95510000 -0.00000000
vn -0.39620000 -0.91820000 -0.00000000
vn -0.49170000 -0.87080000 -0.00000000
vn -0.58160000 -0.81350000 -0.00000000
vn -0.66490000 -0.74700000 -0.00000000
vn -0.74060000 -0.67200000 -0.00000000
vn -0.80790000 -0.58930000 -0.00000000
vt 0.00000000 0.53090300
vt 0.00000000 0.56427100
vt 0.00000000 0.59763700
vt 0.00000000 0.63099000
vt 0.00000000 0.66429600
vt 0.00000000 0.69759500
vt 0.00000000 0.73089400
vt 0.00000000 0.76420300
vt 0.00000000 0.79753900
vt 0.00000000 0.83090400
vt 0.00000000 0.86426900
vt 0.00000000 0.89767100
vt 0.00000000 0.93111000
vt 0.00000000 0.96456400
vt 0.04994100 0.53090300
vt 0.04994100 0.56427100
vt 0.04994100 0.59763700
vt 0.04994100 0.63099000
vt 0.04994100 0.66429600
vt 0.04994100 0.69759500
vt 0.04994100 0.73089400
vt 0.04994100 0.76420300
vt 0.04994100 0.79753900
vt 0.04994100 0.83090400
vt 0.04994100 0.86426900
vt 0.04994100 0.89767100
vt 0.04994100 0.93111000
vt 0.04994100 0.96456400
vt 0.09987300 0.53090300
vt 0.09987300 0.56427100
vt 0.09987300 0.59763700
vt 0.09987300 0.63099000
vt 0.09987300 0.66429600
vt 0.09987300 0.69759500
vt 0.09987300 0.73089400
vt 0.09987300 0.76420300
vt 0.09987300 0.79753900
vt 0.09987300 0.83090400
vt 0.09987300 0.86426900
vt 0.09987300 0.89767100
vt 0.09987300 0.93111000
vt 0.09987300 0.96456400
vt 0.14980500 0.53090300
vt 0.14980500 0.56427100
vt 0.14980500 0.59763700
vt 0.14980500 0.63099000
vt 0.14980500 0.66429600
vt 0.14980500 0.69759500
vt 0.14980500 0.73089400
vt 0.14980500 0.76420300
vt 0.14980500 0.79753900
vt 0.14980500 0.83090400
vt 0.14980500 0.86426900
vt 0.14980500 0.89767100
vt 0.14980500 0.93111000
vt 0.14980500 0.96456400
vt 0.19972900 0.53090300
vt 0.19972900 0.56427100
vt 0.19972900 0.59763700
vt 0.19972900 0.63099000
vt 0.19972900 0.66429600
vt 0.19972900 0.69759500
vt 0.19972900 0.73089400
vt 0.19972900 0.76420300
vt 0.19972900 0.79753900
vt 0.19972900 0.83090400
vt 0.19972900 0.86426900
vt 0.19972900 0.89767100
vt 0.19972900 0.93111000
vt 0.19972900 0.96456400
vt 0.24961500 0.53090300
vt 0.24961500 0.56427100
vt 0.24961500 0.59763700
vt 0.24961500 0.63099000
vt 0.24961500 0.66429600
vt 0.24961500 0.69759500
vt 0.24961500 0.73089400
vt 0.24961500 0.76420300
vt 0.24961500 0.79753900
vt 0.24961500 0.83090400
vt 0.24961500 0.86426900
vt 0.24961500 0.89767100
vt 0.24961500 0.93111000
vt 0.24961500 0.96456400
vt 0.29945400 0.53090300
vt 0.29945400 0.56427100
vt 0.29945400 0.59763700
vt 0.29945400 0.63099000
vt 0.29945400 0.66429600
vt 0.29945400 0.69759500
vt 0.29945400 0.73089400
vt 0.29945400 0.76420300
vt 0.29945400 0.79753900
vt 0.29945400 0.83090400
vt 0.29945400 0.86426900
vt 0.29945400 0.89767100
vt 0.29945400 0.93111000
vt 0.29945400 0.96456400
vt 0.32428500 0.73089400
vt 0.29945400 0.71424500
vt 0.32428500 0.69759500
vt 0.32428500 0.71424500
vt 0.32428500 0.76420300
vt 0.29945400 0.74754800
vt 0.32428500 0.74754800
vt 0.32428500 0.79753900
vt 0.29945400 0.78087100
vt 0.32428500 0.78087100
vt 0.32428500 0.83090400
vt 0.29945400 0.81422200
vt 0.32428500 0.81422200
vt 0.32428500 0.86426900
vt 0.29945400 0.84758700
vt 0.32428500 0.84758700
vt 0.32428500 0.89767100
vt 0.29945400 0.88097000
vt 0.32428500 0.88097000
vt 0.32428500 0.93111000
vt 0.29945400 0.91439100
vt 0.32428500 0.91439100
vt 0.32428500 0.96456400
vt 0.29945400 0.94783700
vt 0.32428500 0.94783700
vt 0.29945400 0.98129000
vt 0.32428500 0.98129000
vt 0.34900900 0.99801700
vt 0.32088500 0.99801700
vt 0.29796500 0.99801700
vt 0.27504500 0.99801700
vt 0.25212400 0.99801700
vt 0.22920400 0.99801700
vt 0.20628300 0.99801700
vt 0.18336300 0.99801700
vt 0.16044300 0.99801700
vt 0.13752200 0.99801700
vt 0.11460200 0.99801700
vt 0.09168200 0.99801700
vt 0.06876100 0.99801700
vt 0.04584100 0.99801700
vt 0.02292000 0.99801700
vt 0.04229900 0.50050500
vt 0.08459800 0.50050400
vt 0.12689700 0.50050400
vt 0.16919700 0.50050300
vt 0.21149900 0.50050300
vt 0.25379500 0.50050300
vt 0.29609400 0.50050200
vt 0.33839300 0.50050200
vt 0.33862000 0.51794900
vt 0.33886900 0.53465000
vt 0.33913700 0.55060400
vt 0.33942600 0.56581100
vt 0.34006300 0.59398500
vt 0.34041200 0.60695200
vt 0.34059500 0.61315500
vt 0.34068800 0.61618700
vt 0.34073400 0.61768500
vt 0.34075800 0.61843000
vt 0.34077000 0.61880100
vt 0.34078200 0.61917200
vt 0.34173800 0.64701700
vt 0.34229300 0.66183000
vt 0.34258900 0.66945900
vt 0.34274300 0.67332900
vt 0.34282000 0.67527800
vt 0.34286000 0.67625600
vt 0.34287900 0.67674600
vt 0.34288900 0.67699100
vt 0.34289400 0.67711400
vt 0.34289600 0.67717500
vt 0.34289900 0.67723600
vt 0.34332400 0.68749500
vt 0.34366900 0.69569800
vt 0.34387500 0.70056700
vt 0.34398700 0.70319400
vt 0.34404400 0.70455500
vt 0.34407400 0.70524800
vt 0.34408800 0.70559700
vt 0.34409600 0.70577300
vt 0.34410300 0.70594900
vt 0.34474400 0.72139600
vt 0.34526900 0.73485000
vt 0.32428500 0.63099000
vt 0.29945400 0.61431400
vt 0.32428500 0.59763700
vt 0.32428500 0.61431400
vt 0.33670100 0.61431400
vt 0.32428500 0.60597500
vt 0.33670100 0.60597500
vt 0.29945400 0.58095400
vt 0.32428500 0.56427100
vt 0.32428500 0.58095400
vt 0.33670100 0.63099000
vt 0.32428500 0.62265200
vt 0.33670100 0.62265200
vt 0.32428500 0.66429600
vt 0.29945400 0.64764300
vt 0.32428500 0.64764300
vt 0.33670100 0.61848300
vt 0.33980400 0.61848300
vt 0.33670100 0.61639800
vt 0.33980400 0.61431400
vt 0.33980400 0.61639800
vt 0.33049300 0.62265200
vt 0.32428500 0.61848300
vt 0.33049300 0.61431400
vt 0.33049300 0.61848300
vt 0.31187000 0.63099000
vt 0.29945400 0.62265200
vt 0.31187000 0.61431400
vt 0.31187000 0.62265200
vt 0.27453500 0.63099000
vt 0.24961500 0.61431400
vt 0.27453500 0.59763700
vt 0.27453500 0.61431400
vt 0.33670100 0.61014400
vt 0.33980400 0.61744000
vt 0.33980400 0.62265200
vt 0.33670100 0.62056700
vt 0.33980400 0.62056700
vt 0.33670100 0.62682100
vt 0.33670100 0.64764300
vt 0.32428500 0.63931600
vt 0.33670100 0.63931600
vt 0.33980400 0.61952500
vt 0.29945400 0.68094500
vt 0.32428500 0.68094500
vt 0.33670100 0.68094500
vt 0.32428500 0.67262000
vt 0.33670100 0.66429600
vt 0.33670100 0.67262000
vt 0.33670100 0.67678300
vt 0.33670100 0.69759500
vt 0.32428500 0.68927000
vt 0.33670100 0.68927000
vt 0.33980400 0.67678300
vt 0.33670100 0.67470200
vt 0.33980400 0.67262000
vt 0.33980400 0.67470200
vt 0.33049300 0.68094500
vt 0.32428500 0.67678300
vt 0.33049300 0.67262000
vt 0.33049300 0.67678300
vt 0.31187000 0.68094500
vt 0.29945400 0.67262000
vt 0.31187000 0.66429600
vt 0.31187000 0.67262000
vt 0.27453500 0.69759500
vt 0.24961500 0.68094500
vt 0.27453500 0.66429600
vt 0.27453500 0.68094500
vt 0.33670100 0.66845800
vt 0.32428500 0.65596900
vt 0.33670100 0.65596900
vt 0.34135600 0.67678300
vt 0.33980400 0.67574200
vt 0.34135600 0.67470200
vt 0.34135600 0.67574200
vt 0.33980400 0.68094500
vt 0.33670100 0.67886400
vt 0.33980400 0.67886400
vt 0.33670100 0.68510800
vt 0.34213200 0.67678300
vt 0.34135600 0.67626300
vt 0.34213200 0.67574200
vt 0.34213200 0.67626300
vt 0.34135600 0.67886400
vt 0.33980400 0.67782400
vt 0.34135600 0.67782400
vt 0.34213200 0.67782400
vt 0.34135600 0.67730300
vt 0.34213200 0.67730300
vt 0.34252000 0.67730300
vt 0.34213200 0.67704300
vt 0.34252000 0.67678300
vt 0.34252000 0.67704300
vt 0.34271400 0.67730300
vt 0.34252000 0.67717300
vt 0.34271400 0.67704300
vt 0.34271400 0.67717300
vt 0.34252000 0.67782400
vt 0.34213200 0.67756300
vt 0.34252000 0.67756300
vt 0.34213200 0.67886400
vt 0.34135600 0.67834400
vt 0.34213200 0.67834400
vt 0.34135600 0.68094500
vt 0.33980400 0.67990500
vt 0.34135600 0.67990500
vt 0.33980400 0.68510800
vt 0.33670100 0.68302700
vt 0.33980400 0.68302700
vt 0.33049300 0.68927000
vt 0.32428500 0.68510800
vt 0.33049300 0.68510800
vt 0.31187000 0.69759500
vt 0.29945400 0.68927000
vt 0.31187000 0.68927000
vt 0.33670100 0.71424500
vt 0.32428500 0.70592000
vt 0.33670100 0.70592000
vt 0.34290800 0.70592000
vt 0.33670100 0.70175800
vt 0.34290800 0.70175800
vt 0.34290800 0.70383900
vt 0.34290800 0.71424500
vt 0.33670100 0.71008200
vt 0.34290800 0.71008200
vt 0.33670100 0.73089400
vt 0.32428500 0.72256900
vt 0.33670100 0.72256900
vt 0.34290800 0.70487900
vt 0.34290800 0.70800100
vt 0.33980400 0.70592000
vt 0.33670100 0.70383900
vt 0.33980400 0.70175800
vt 0.33980400 0.70383900
vt 0.33049300 0.70592000
vt 0.32428500 0.70175800
vt 0.33049300 0.69759500
vt 0.33049300 0.70175800
vt 0.31187000 0.71424500
vt 0.29945400 0.70592000
vt 0.31187000 0.70592000
vt 0.27453500 0.73089400
vt 0.24961500 0.71424500
vt 0.27453500 0.71424500
vt 0.34368400 0.70592000
vt 0.34290800 0.70540000
vt 0.34368400 0.70487900
vt 0.34368400 0.70540000
vt 0.34290800 0.70696100
vt 0.33980400 0.71008200
vt 0.33670100 0.70800100
vt 0.33980400 0.70800100
vt 0.33049300 0.71424500
vt 0.32428500 0.71008200
vt 0.33049300 0.71008200
vt 0.34135600 0.70592000
vt 0.33980400 0.70487900
vt 0.34135600 0.70383900
vt 0.34135600 0.70487900
vt 0.34368400 0.70566000
vt 0.34368400 0.70696100
vt 0.34290800 0.70644000
vt 0.34368400 0.70644000
vt 0.34135600 0.70800100
vt 0.33980400 0.70696100
vt 0.34135600 0.70696100
vt 0.34368400 0.70618000
vt 0.34589600 0.75222000
vt 0.34645300 0.76895700
vt 0.34693400 0.78505700
vt 0.34714800 0.79286900
vt 0.34724800 0.79671600
vt 0.34729600 0.79862400
vt 0.34732000 0.79957500
vt 0.34733100 0.80004900
vt 0.34734300 0.80052300
vt 0.34771200 0.81680700
vt 0.34787700 0.82512500
vt 0.34795500 0.82932700
vt 0.34799300 0.83143900
vt 0.34801200 0.83249800
vt 0.34802100 0.83302800
vt 0.34802600 0.83329300
vt 0.34803000 0.83355800
vt 0.34827500 0.84910600
vt 0.34839200 0.85752400
vt 0.34844900 0.86189300
vt 0.34847700 0.86411900
vt 0.34849100 0.86524100
vt 0.34850500 0.86637000
vt 0.34871200 0.88453400
vt 0.34887500 0.90157800
vt 0.34899500 0.91749700
vt 0.34903800 0.92503500
vt 0.34905600 0.92869900
vt 0.34906400 0.93050500
vt 0.34906800 0.93140100
vt 0.34906900 0.93184800
vt 0.34907000 0.93207000
vt 0.34907100 0.93229300
vt 0.34911100 0.94839800
vt 0.34911600 0.95664600
vt 0.34911500 0.96081900
vt 0.34911300 0.96291800
vt 0.34911200 0.96397000
vt 0.34911100 0.96449700
vt 0.34911100 0.96476000
vt 0.34911100 0.96502400
vt 0.34907900 0.98027400
vt 0.33670100 0.79753900
vt 0.32428500 0.78920500
vt 0.33670100 0.78087100
vt 0.33670100 0.78920500
vt 0.34290800 0.79753900
vt 0.33670100 0.79337200
vt 0.34290800 0.78920500
vt 0.34290800 0.79337200
vt 0.33670100 0.81422200
vt 0.32428500 0.80588000
vt 0.33670100 0.80588000
vt 0.34290800 0.80588000
vt 0.33670100 0.80171000
vt 0.34290800 0.80171000
vt 0.34601200 0.80171000
vt 0.34290800 0.79962500
vt 0.34601200 0.79753900
vt 0.34601200 0.79962500
vt 0.34601200 0.79858200
vt 0.34290800 0.79545600
vt 0.34601200 0.79545600
vt 0.34601200 0.80066700
vt 0.34601200 0.80588000
vt 0.34290800 0.80379500
vt 0.34601200 0.80379500
vt 0.34290800 0.81422200
vt 0.33670100 0.81005100
vt 0.34290800 0.81005100
vt 0.33670100 0.83090400
vt 0.32428500 0.82256300
vt 0.33670100 0.82256300
vt 0.34290800 0.83090400
vt 0.33670100 0.82673400
vt 0.34290800 0.82256300
vt 0.34290800 0.82673400
vt 0.33670100 0.84758700
vt 0.32428500 0.83924500
vt 0.33670100 0.83924500
vt 0.34290800 0.83924500
vt 0.33670100 0.83507500
vt 0.34290800 0.83507500
vt 0.34601200 0.83507500
vt 0.34290800 0.83299000
vt 0.34601200 0.83090400
vt 0.34601200 0.83299000
vt 0.34756400 0.83299000
vt 0.34601200 0.83194700
vt 0.34756400 0.83090400
vt 0.34756400 0.83194700
vt 0.34290800 0.82881900
vt 0.34601200 0.82673400
vt 0.34601200 0.82881900
vt 0.34756400 0.83507500
vt 0.34601200 0.83403200
vt 0.34756400 0.83403200
vt 0.34601200 0.83924500
vt 0.34290800 0.83716000
vt 0.34601200 0.83716000
vt 0.34290800 0.84758700
vt 0.33670100 0.84341600
vt 0.34290800 0.84341600
vt 0.33670100 0.86426900
vt 0.32428500 0.85592800
vt 0.33670100 0.85592800
vt 0.34756400 0.83351100
vt 0.34290800 0.86426900
vt 0.33670100 0.86009900
vt 0.34290800 0.85592800
vt 0.34290800 0.86009900
vt 0.33670100 0.88097000
vt 0.32428500 0.87262000
vt 0.33670100 0.87262000
vt 0.34601200 0.86426900
vt 0.34290800 0.86218400
vt 0.34601200 0.86009900
vt 0.34601200 0.86218400
vt 0.34290800 0.87262000
vt 0.33670100 0.86844400
vt 0.34290800 0.86844400
vt 0.34601200 0.86844400
vt 0.34290800 0.86635700
vt 0.34601200 0.86635700
vt 0.33670100 0.93111000
vt 0.32428500 0.92275000
vt 0.33670100 0.91439100
vt 0.33670100 0.92275000
vt 0.34290800 0.93111000
vt 0.33670100 0.92693000
vt 0.34290800 0.92275000
vt 0.34290800 0.92693000
vt 0.33670100 0.94783700
vt 0.32428500 0.93947400
vt 0.33670100 0.93947400
vt 0.34601200 0.93111000
vt 0.34290800 0.92902000
vt 0.34601200 0.92693000
vt 0.34601200 0.92902000
vt 0.34290800 0.93947400
vt 0.33670100 0.93529200
vt 0.34290800 0.93529200
vt 0.34601200 0.93529200
vt 0.34290800 0.93320100
vt 0.34601200 0.93320100
vt 0.34756400 0.93320100
vt 0.34601200 0.93215600
vt 0.34756400 0.93111000
vt 0.34756400 0.93215600
vt 0.34834000 0.93215600
vt 0.34756400 0.93163300
vt 0.34834000 0.93111000
vt 0.34834000 0.93163300
vt 0.34601200 0.93006500
vt 0.34756400 0.92902000
vt 0.34756400 0.93006500
vt 0.34834000 0.93320100
vt 0.34756400 0.93267800
vt 0.34834000 0.93267800
vt 0.34756400 0.93529200
vt 0.34601200 0.93424600
vt 0.34756400 0.93424600
vt 0.34601200 0.93947400
vt 0.34290800 0.93738300
vt 0.34601200 0.93738300
vt 0.34290800 0.94783700
vt 0.33670100 0.94365500
vt 0.34290800 0.94365500
vt 0.33670100 0.96456400
vt 0.32428500 0.95620000
vt 0.33670100 0.95620000
vt 0.34290800 0.96456400
vt 0.33670100 0.96038200
vt 0.34290800 0.95620000
vt 0.34290800 0.96038200
vt 0.33670100 0.98129000
vt 0.32428500 0.97292700
vt 0.33670100 0.97292700
vt 0.34601200 0.96456400
vt 0.34290800 0.96247300
vt 0.34601200 0.96038200
vt 0.34601200 0.96247300
vt 0.34290800 0.97292700
vt 0.33670100 0.96874500
vt 0.34290800 0.96874500
vt 0.34756400 0.96456400
vt 0.34601200 0.96351800
vt 0.34756400 0.96247300
vt 0.34756400 0.96351800
vt 0.34601200 0.96874500
vt 0.34290800 0.96665500
vt 0.34601200 0.96665500
vt 0.34834000 0.96456400
vt 0.34756400 0.96404100
vt 0.34834000 0.96351800
vt 0.34834000 0.96404100
vt 0.34756400 0.96665500
vt 0.34601200 0.96560900
vt 0.34756400 0.96560900
vt 0.34834000 0.96560900
vt 0.34756400 0.96508600
vt 0.34834000 0.96508600
vt 0.40026900 0.03308400
vt 0.40026900 0.06615300
vt 0.40026900 0.09922100
vt 0.40026900 0.13227600
vt 0.40026900 0.16528600
vt 0.40026900 0.19829000
vt 0.40026900 0.23129400
vt 0.40026900 0.26430800
vt 0.40026900 0.29735100
vt 0.40026900 0.33042100
vt 0.40026900 0.36349100
vt 0.40026900 0.39659700
vt 0.40026900 0.42974100
vt 0.40026900 0.46289800
vt 0.45010700 0.03308400
vt 0.45010700 0.06615300
vt 0.45010700 0.09922100
vt 0.45010700 0.13227600
vt 0.45010700 0.16528600
vt 0.45010700 0.19829000
vt 0.45010700 0.23129400
vt 0.45010700 0.26430800
vt 0.45010700 0.29735100
vt 0.45010700 0.33042100
vt 0.45010700 0.36349100
vt 0.45010700 0.39659700
vt 0.45010700 0.42974100
vt 0.45010700 0.46289800
vt 0.50000900 0.03308400
vt 0.50000900 0.06615300
vt 0.50000900 0.09922100
vt 0.50000900 0.13227600
vt 0.50000900 0.16528600
vt 0.50000900 0.19829000
vt 0.50000900 0.23129400
vt 0.50000900 0.26430800
vt 0.50000900 0.29735100
vt 0.50000900 0.33042100
vt 0.50000900 0.36349100
vt 0.50000900 0.39659700
vt 0.50000900 0.42974100
vt 0.50000900 0.46289800
vt 0.54993000 0.03308400
vt 0.54993000 0.06615300
vt 0.54993000 0.09922100
vt 0.54993000 0.13227600
vt 0.54993000 0.16528600
vt 0.54993000 0.19829000
vt 0.54993000 0.23129400
vt 0.54993000 0.26430800
vt 0.54993000 0.29735100
vt 0.54993000 0.33042100
vt 0.54993000 0.36349100
vt 0.54993000 0.39659700
vt 0.54993000 0.42974100
vt 0.54993000 0.46289800
vt 0.59986800 0.03308400
vt 0.59986800 0.06615300
vt 0.59986800 0.09922100
vt 0.59986800 0.13227600
vt 0.59986800 0.16528600
vt 0.59986800 0.19829000
vt 0.59986800 0.23129400
vt 0.59986800 0.26430800
vt 0.59986800 0.29735100
vt 0.59986800 0.33042100
vt 0.59986800 0.36349100
vt 0.59986800 0.39659700
vt 0.59986800 0.42974100
vt 0.59986800 0.46289800
vt 0.64981100 0.03308400
vt 0.64981100 0.06615300
vt 0.64981100 0.09922100
vt 0.64981100 0.13227600
vt 0.64981100 0.16528600
vt 0.64981100 0.19829000
vt 0.64981100 0.23129400
vt 0.64981100 0.26430800
vt 0.64981100 0.29735100
vt 0.64981100 0.33042100
vt 0.64981100 0.36349100
vt 0.64981100 0.39659700
vt 0.64981100 0.42974100
vt 0.64981100 0.46289800
vt 0.69975400 0.03308400
vt 0.69975400 0.06615300
vt 0.69975400 0.09922100
vt 0.69975400 0.13227600
vt 0.69975400 0.16528600
vt 0.69975400 0.19829000
vt 0.69975400 0.23129400
vt 0.69975400 0.26430800
vt 0.69975400 0.29735100
vt 0.69975400 0.33042100
vt 0.69975400 0.36349100
vt 0.69975400 0.39659700
vt 0.69975400 0.42974100
vt 0.69975400 0.46289800
vt 0.40026900 0.21479200
vt 0.37543700 0.23129400
vt 0.37543700 0.19829000
vt 0.37543700 0.21479200
vt 0.40026900 0.24780100
vt 0.37543700 0.26430800
vt 0.37543700 0.24780100
vt 0.40026900 0.28082900
vt 0.37543700 0.29735100
vt 0.37543700 0.28082900
vt 0.40026900 0.31388600
vt 0.37543700 0.33042100
vt 0.37543700 0.31388600
vt 0.40026900 0.34695600
vt 0.37543700 0.36349100
vt 0.37543700 0.34695600
vt 0.40026900 0.38004400
vt 0.37543700 0.39659700
vt 0.37543700 0.38004400
vt 0.40026900 0.41316900
vt 0.37543700 0.42974100
vt 0.37543700 0.41316900
vt 0.40026900 0.44631900
vt 0.37543700 0.46289800
vt 0.37543700 0.44631900
vt 0.40026900 0.47947700
vt 0.37543700 0.47947700
vt 0.67683100 0.49605500
vt 0.65390800 0.49605500
vt 0.63098600 0.49605500
vt 0.60806300 0.49605500
vt 0.58514100 0.49605500
vt 0.56221800 0.49605500
vt 0.53929500 0.49605500
vt 0.51637300 0.49605500
vt 0.49345000 0.49605500
vt 0.47052800 0.49605500
vt 0.44760500 0.49605500
vt 0.42468200 0.49605500
vt 0.40176000 0.49605500
vt 0.37883700 0.49605500
vt 0.35071100 0.49605500
vt 0.35064400 0.47838100
vt 0.35062300 0.47046500
vt 0.35061500 0.46673600
vt 0.35061200 0.46493000
vt 0.35061100 0.46404100
vt 0.35061000 0.46360000
vt 0.35061000 0.46338000
vt 0.35061000 0.46316100
vt 0.35060900 0.44656700
vt 0.35062400 0.43845800
vt 0.35063600 0.43445100
vt 0.35064300 0.43245900
vt 0.35064600 0.43146600
vt 0.35064800 0.43097100
vt 0.35064900 0.43072300
vt 0.35065000 0.43047600
vt 0.35072600 0.41571200
vt 0.35084600 0.39984600
vt 0.35100900 0.38287400
vt 0.35110600 0.37397400
vt 0.35115900 0.36942000
vt 0.35118700 0.36711700
vt 0.35120100 0.36595900
vt 0.35121500 0.36479700
vt 0.35144400 0.34760200
vt 0.35156500 0.33962500
vt 0.35162700 0.33579200
vt 0.35165800 0.33391400
vt 0.35167400 0.33298500
vt 0.35168200 0.33252300
vt 0.35168600 0.33229200
vt 0.35169000 0.33206200
vt 0.35200800 0.31541200
vt 0.35218600 0.30725000
vt 0.35228000 0.30321000
vt 0.35232800 0.30120000
vt 0.35235200 0.30019700
vt 0.35236400 0.29969700
vt 0.35237700 0.29919700
vt 0.35278600 0.28373500
vt 0.35326700 0.26769600
vt 0.35382100 0.25107600
vt 0.35444100 0.23387800
vt 0.37543700 0.47118700
vt 0.36302000 0.47947700
vt 0.36302000 0.46289800
vt 0.36302000 0.47118700
vt 0.36302000 0.46704300
vt 0.35681200 0.47118700
vt 0.35681200 0.46289800
vt 0.35681200 0.46704300
vt 0.37543700 0.45460900
vt 0.36302000 0.44631900
vt 0.36302000 0.45460900
vt 0.35681200 0.46497000
vt 0.35370800 0.46704300
vt 0.35370800 0.46289800
vt 0.35370800 0.46497000
vt 0.36302000 0.45875300
vt 0.35681200 0.45460900
vt 0.35681200 0.45875300
vt 0.35370800 0.46393400
vt 0.35215600 0.46497000
vt 0.35215600 0.46289800
vt 0.35215600 0.46393400
vt 0.35681200 0.46082600
vt 0.35370800 0.45875300
vt 0.35370800 0.46082600
vt 0.35215600 0.46341600
vt 0.35138000 0.46393400
vt 0.35138000 0.46289800
vt 0.35138000 0.46341600
vt 0.35370800 0.46186200
vt 0.35215600 0.46082600
vt 0.35215600 0.46186200
vt 0.37543700 0.43803000
vt 0.36302000 0.42974100
vt 0.36302000 0.43803000
vt 0.36302000 0.43388500
vt 0.35681200 0.43803000
vt 0.35681200 0.42974100
vt 0.35681200 0.43388500
vt 0.37543700 0.42145500
vt 0.36302000 0.41316900
vt 0.36302000 0.42145500
vt 0.35681200 0.43181300
vt 0.35370800 0.43388500
vt 0.35370800 0.42974100
vt 0.35370800 0.43181300
vt 0.36302000 0.42559800
vt 0.35681200 0.42145500
vt 0.35681200 0.42559800
vt 0.35370800 0.43077700
vt 0.35215600 0.43181300
vt 0.35215600 0.42974100
vt 0.35215600 0.43077700
vt 0.35681200 0.42766900
vt 0.35370800 0.42559800
vt 0.35370800 0.42766900
vt 0.35215600 0.43129500
vt 0.35138000 0.43181300
vt 0.35138000 0.43077700
vt 0.35138000 0.43129500
vt 0.35370800 0.43284900
vt 0.35215600 0.43388500
vt 0.35215600 0.43284900
vt 0.35681200 0.43595800
vt 0.35370800 0.43803000
vt 0.35370800 0.43595800
vt 0.36302000 0.44217500
vt 0.35681200 0.44631900
vt 0.35681200 0.44217500
vt 0.35215600 0.43025900
vt 0.35138000 0.42974100
vt 0.35138000 0.43025900
vt 0.35370800 0.42870500
vt 0.35215600 0.42766900
vt 0.35215600 0.42870500
vt 0.37543700 0.37176800
vt 0.36302000 0.38004400
vt 0.36302000 0.36349100
vt 0.36302000 0.37176800
vt 0.36302000 0.36762900
vt 0.35681200 0.37176800
vt 0.35681200 0.36349100
vt 0.35681200 0.36762900
vt 0.37543700 0.35522300
vt 0.36302000 0.34695600
vt 0.36302000 0.35522300
vt 0.35681200 0.36556000
vt 0.35370800 0.36762900
vt 0.35370800 0.36349100
vt 0.35370800 0.36556000
vt 0.36302000 0.35935700
vt 0.35681200 0.35522300
vt 0.35681200 0.35935700
vt 0.37543700 0.33868800
vt 0.36302000 0.33042100
vt 0.36302000 0.33868800
vt 0.36302000 0.33455500
vt 0.35681200 0.33868800
vt 0.35681200 0.33042100
vt 0.35681200 0.33455500
vt 0.37543700 0.32215300
vt 0.36302000 0.31388600
vt 0.36302000 0.32215300
vt 0.35681200 0.33248800
vt 0.35370800 0.33455500
vt 0.35370800 0.33042100
vt 0.35370800 0.33248800
vt 0.36302000 0.32628700
vt 0.35681200 0.32215300
vt 0.35681200 0.32628700
vt 0.35370800 0.33352100
vt 0.35215600 0.33455500
vt 0.35215600 0.33248800
vt 0.35215600 0.33352100
vt 0.35681200 0.33662100
vt 0.35370800 0.33868800
vt 0.35370800 0.33662100
vt 0.36302000 0.34282200
vt 0.35681200 0.34695600
vt 0.35681200 0.34282200
vt 0.35215600 0.33300400
vt 0.35370800 0.33145400
vt 0.35215600 0.33042100
vt 0.35215600 0.33145400
vt 0.35681200 0.32835400
vt 0.35370800 0.32628700
vt 0.35370800 0.32835400
vt 0.35215600 0.33197100
vt 0.37543700 0.30561800
vt 0.36302000 0.29735100
vt 0.36302000 0.30561800
vt 0.36302000 0.30148400
vt 0.35681200 0.30561800
vt 0.35681200 0.29735100
vt 0.35681200 0.30148400
vt 0.37543700 0.28909000
vt 0.36302000 0.28082900
vt 0.36302000 0.28909000
vt 0.35681200 0.29941700
vt 0.35370800 0.30148400
vt 0.35370800 0.29735100
vt 0.35370800 0.29941700
vt 0.36302000 0.29322000
vt 0.35681200 0.28909000
vt 0.35681200 0.29322000
vt 0.35370800 0.30045100
vt 0.35681200 0.30355100
vt 0.35370800 0.30561800
vt 0.35370800 0.30355100
vt 0.36302000 0.30975200
vt 0.35681200 0.31388600
vt 0.35681200 0.30975200
vt 0.35370800 0.29838400
vt 0.35681200 0.29528500
vt 0.35370800 0.29322000
vt 0.35370800 0.29528500
vt 0.35484600 0.22730100
vt 0.35501600 0.22354100
vt 0.35509300 0.22154200
vt 0.35513000 0.22051400
vt 0.35514800 0.21999200
vt 0.35515600 0.21972900
vt 0.35516100 0.21959700
vt 0.35516300 0.21953100
vt 0.35516500 0.21946500
vt 0.35525300 0.21660500
vt 0.35531000 0.21461000
vt 0.35534300 0.21347200
vt 0.35536000 0.21286700
vt 0.35536900 0.21255600
vt 0.35537800 0.21223900
vt 0.35549800 0.20813200
vt 0.35555000 0.20645800
vt 0.35557500 0.20571500
vt 0.35559800 0.20503600
vt 0.35584300 0.19871400
vt 0.35600300 0.19492100
vt 0.35609300 0.19286700
vt 0.35614100 0.19180000
vt 0.35616500 0.19125700
vt 0.35617700 0.19098300
vt 0.35618400 0.19084500
vt 0.35619000 0.19070700
vt 0.35660000 0.18154700
vt 0.35673500 0.17846700
vt 0.35678500 0.17730200
vt 0.35680600 0.17681300
vt 0.35681500 0.17659200
vt 0.35681900 0.17648700
vt 0.35682100 0.17643600
vt 0.35682300 0.17638700
vt 0.35736400 0.16265600
vt 0.35751600 0.15861100
vt 0.35755500 0.15756100
vt 0.35759500 0.15647700
vt 0.35767500 0.15430800
vt 0.35798000 0.14598900
vt 0.35851200 0.13106400
vt 0.35873900 0.12445900
vt 0.35884300 0.12137100
vt 0.35889200 0.11988100
vt 0.35891600 0.11914900
vt 0.35892800 0.11878600
vt 0.35893400 0.11860600
vt 0.35893700 0.11851600
vt 0.35894000 0.11842600
vt 0.35985600 0.08761500
vt 0.36021400 0.07319300
vt 0.36036800 0.06622800
vt 0.36050600 0.05942700
vt 0.36075500 0.04524000
vt 0.36087100 0.03766100
vt 0.36092600 0.03375000
vt 0.36095300 0.03176400
vt 0.36096700 0.03076400
vt 0.36097300 0.03026100
vt 0.36098000 0.02975800
vt 0.36133100 0.00000000
vt 0.37543700 0.22304300
vt 0.36302000 0.23129400
vt 0.36302000 0.21479200
vt 0.36302000 0.22304300
vt 0.36302000 0.22716900
vt 0.35681200 0.23129400
vt 0.35681200 0.22304300
vt 0.35681200 0.22716900
vt 0.37543700 0.23954800
vt 0.36302000 0.24780100
vt 0.36302000 0.23954800
vt 0.36302000 0.21891800
vt 0.35681200 0.21479200
vt 0.35681200 0.21891800
vt 0.37543700 0.20654100
vt 0.36302000 0.19829000
vt 0.36302000 0.20654100
vt 0.40026900 0.18178800
vt 0.37543700 0.16528600
vt 0.37543700 0.18178800
vt 0.35681200 0.22098100
vt 0.35681200 0.21994900
vt 0.35526000 0.22098100
vt 0.35526000 0.21891800
vt 0.35681200 0.21685500
vt 0.36302000 0.21066700
vt 0.35681200 0.20654100
vt 0.35681200 0.21066700
vt 0.36302000 0.22098100
vt 0.35991600 0.22304300
vt 0.35991600 0.21891800
vt 0.35991600 0.22098100
vt 0.37543700 0.21891800
vt 0.36922800 0.22304300
vt 0.36922800 0.21479200
vt 0.36922800 0.21891800
vt 0.40026900 0.22304300
vt 0.38785300 0.23129400
vt 0.38785300 0.21479200
vt 0.38785300 0.22304300
vt 0.45010700 0.21479200
vt 0.42518800 0.23129400
vt 0.42518800 0.19829000
vt 0.42518800 0.21479200
vt 0.35681200 0.22201200
vt 0.35526000 0.22201200
vt 0.35681200 0.22510600
vt 0.35526000 0.21943400
vt 0.35681200 0.21788600
vt 0.35526000 0.21788600
vt 0.36302000 0.21685500
vt 0.35991600 0.21479200
vt 0.35991600 0.21685500
vt 0.35526000 0.21969100
vt 0.35681200 0.21943400
vt 0.35603600 0.21994900
vt 0.35603600 0.21891800
vt 0.35603600 0.21943400
vt 0.35991600 0.21994900
vt 0.35836400 0.22098100
vt 0.35836400 0.21891800
vt 0.35836400 0.21994900
vt 0.35526000 0.21956200
vt 0.35526000 0.21917600
vt 0.35526000 0.21840200
vt 0.35603600 0.21969100
vt 0.35564800 0.21994900
vt 0.35564800 0.21943400
vt 0.35564800 0.21969100
vt 0.35681200 0.22046500
vt 0.35603600 0.22098100
vt 0.35603600 0.22046500
vt 0.35681200 0.21273000
vt 0.35681200 0.21376100
vt 0.36302000 0.21273000
vt 0.35991600 0.21066700
vt 0.35991600 0.21273000
vt 0.37543700 0.21066700
vt 0.36922800 0.20654100
vt 0.36922800 0.21066700
vt 0.40026900 0.20654100
vt 0.38785300 0.19829000
vt 0.38785300 0.20654100
vt 0.35681200 0.21324500
vt 0.35603600 0.21376100
vt 0.35603600 0.21273000
vt 0.35603600 0.21324500
vt 0.35681200 0.21169800
vt 0.35681200 0.20860400
vt 0.36302000 0.20241600
vt 0.35681200 0.20241600
vt 0.37543700 0.19003900
vt 0.36302000 0.18178800
vt 0.36302000 0.19003900
vt 0.35991600 0.21376100
vt 0.35836400 0.21479200
vt 0.35836400 0.21273000
vt 0.35836400 0.21376100
vt 0.35681200 0.21221400
vt 0.35603600 0.21169800
vt 0.35603600 0.21221400
vt 0.35991600 0.21169800
vt 0.35836400 0.21066700
vt 0.35836400 0.21169800
vt 0.36302000 0.20860400
vt 0.35991600 0.20654100
vt 0.35991600 0.20860400
vt 0.35681200 0.20447900
vt 0.35681200 0.20551000
vt 0.36302000 0.20447900
vt 0.35991600 0.20241600
vt 0.35991600 0.20447900
vt 0.37543700 0.20241600
vt 0.36922800 0.19829000
vt 0.36922800 0.20241600
vt 0.36302000 0.19416500
vt 0.35681200 0.19003900
vt 0.35681200 0.19416500
vt 0.35681200 0.19210200
vt 0.36302000 0.18591400
vt 0.35681200 0.18591400
vt 0.37543700 0.17353700
vt 0.36302000 0.16528600
vt 0.36302000 0.17353700
vt 0.40026900 0.14878100
vt 0.37543700 0.13227600
vt 0.37543700 0.14878100
vt 0.35681200 0.19107100
vt 0.35681200 0.18797600
vt 0.36302000 0.19210200
vt 0.35991600 0.19416500
vt 0.35991600 0.19003900
vt 0.35991600 0.19210200
vt 0.37543700 0.19416500
vt 0.36922800 0.19003900
vt 0.36922800 0.19416500
vt 0.40026900 0.19003900
vt 0.38785300 0.18178800
vt 0.38785300 0.19003900
vt 0.45010700 0.18178800
vt 0.42518800 0.16528600
vt 0.42518800 0.18178800
vt 0.35681200 0.19158600
vt 0.35991600 0.19107100
vt 0.35836400 0.19210200
vt 0.35836400 0.19003900
vt 0.35836400 0.19107100
vt 0.36302000 0.18797600
vt 0.35991600 0.18591400
vt 0.35991600 0.18797600
vt 0.37543700 0.18591400
vt 0.36922800 0.18178800
vt 0.36922800 0.18591400
vt 0.35681200 0.19313300
vt 0.35681200 0.19055500
vt 0.35681200 0.18900800
vt 0.35681200 0.19081300
vt 0.35642400 0.19107100
vt 0.35642400 0.19055500
vt 0.35642400 0.19081300
vt 0.35836400 0.19055500
vt 0.35758800 0.19107100
vt 0.35758800 0.19003900
vt 0.35758800 0.19055500
vt 0.35991600 0.18900800
vt 0.35836400 0.18797600
vt 0.35836400 0.18900800
vt 0.36302000 0.17766200
vt 0.35681200 0.17766200
vt 0.35681200 0.17972500
vt 0.36302000 0.16941100
vt 0.37543700 0.15703300
vt 0.36302000 0.14878100
vt 0.36302000 0.15703300
vt 0.36302000 0.17560000
vt 0.35991600 0.17766200
vt 0.35991600 0.17353700
vt 0.35991600 0.17560000
vt 0.37543700 0.17766200
vt 0.36922800 0.17353700
vt 0.36922800 0.17766200
vt 0.40026900 0.17353700
vt 0.38785300 0.16528600
vt 0.38785300 0.17353700
vt 0.35681200 0.17714700
vt 0.35991600 0.17663100
vt 0.35836400 0.17766200
vt 0.35836400 0.17560000
vt 0.35836400 0.17663100
vt 0.36302000 0.17972500
vt 0.35991600 0.18178800
vt 0.35991600 0.17972500
vt 0.35836400 0.17611500
vt 0.35758800 0.17663100
vt 0.35758800 0.17560000
vt 0.35758800 0.17611500
vt 0.35991600 0.17456800
vt 0.35836400 0.17353700
vt 0.35836400 0.17456800
vt 0.36302000 0.17147400
vt 0.35991600 0.16941100
vt 0.35991600 0.17147400
vt 0.37543700 0.16941100
vt 0.36922800 0.16528600
vt 0.36922800 0.16941100
vt 0.35758800 0.17637300
vt 0.35720000 0.17663100
vt 0.35720000 0.17611500
vt 0.35720000 0.17637300
vt 0.35836400 0.17714700
vt 0.35758800 0.17766200
vt 0.35758800 0.17714700
vt 0.35991600 0.17869400
vt 0.35836400 0.17972500
vt 0.35836400 0.17869400
vt 0.35720000 0.17650200
vt 0.35700600 0.17663100
vt 0.35700600 0.17637300
vt 0.35700600 0.17650200
vt 0.35758800 0.17688900
vt 0.35720000 0.17714700
vt 0.35720000 0.17688900
vt 0.36302000 0.16116000
vt 0.36302000 0.15909600
vt 0.35991600 0.16116000
vt 0.35991600 0.15703300
vt 0.35991600 0.15909600
vt 0.36302000 0.15290700
vt 0.37543700 0.14052900
vt 0.36302000 0.13227600
vt 0.36302000 0.14052900
vt 0.40026900 0.11574900
vt 0.37543700 0.09922100
vt 0.37543700 0.11574900
vt 0.37543700 0.16116000
vt 0.36922800 0.15703300
vt 0.36922800 0.16116000
vt 0.40026900 0.15703300
vt 0.38785300 0.14878100
vt 0.38785300 0.15703300
vt 0.45010700 0.14878100
vt 0.42518800 0.13227600
vt 0.42518800 0.14878100
vt 0.36302000 0.15497000
vt 0.35991600 0.15290700
vt 0.35991600 0.15497000
vt 0.37543700 0.15290700
vt 0.36922800 0.14878100
vt 0.36922800 0.15290700
vt 0.37543700 0.12401200
vt 0.36302000 0.11574900
vt 0.36302000 0.12401200
vt 0.36302000 0.11988000
vt 0.37543700 0.10748500
vt 0.36302000 0.09922100
vt 0.36302000 0.10748500
vt 0.40026900 0.08268700
vt 0.37543700 0.06615300
vt 0.37543700 0.08268700
vt 0.36302000 0.12194600
vt 0.35991600 0.11988000
vt 0.35991600 0.12194600
vt 0.37543700 0.11988000
vt 0.36922800 0.12401200
vt 0.36922800 0.11574900
vt 0.36922800 0.11988000
vt 0.40026900 0.12401200
vt 0.38785300 0.13227600
vt 0.38785300 0.11574900
vt 0.38785300 0.12401200
vt 0.45010700 0.11574900
vt 0.42518800 0.09922100
vt 0.42518800 0.11574900
vt 0.36302000 0.12814400
vt 0.36302000 0.11781400
vt 0.35991600 0.11574900
vt 0.35991600 0.11781400
vt 0.36302000 0.11161700
vt 0.35991600 0.11884700
vt 0.35991600 0.11833100
vt 0.35914000 0.11884700
vt 0.35914000 0.11781400
vt 0.35914000 0.11833100
vt 0.35991600 0.11678200
vt 0.36302000 0.11368300
vt 0.35991600 0.11161700
vt 0.35991600 0.11368300
vt 0.37543700 0.11161700
vt 0.36922800 0.10748500
vt 0.36922800 0.11161700
vt 0.40026900 0.10748500
vt 0.38785300 0.09922100
vt 0.38785300 0.10748500
vt 0.36302000 0.11884700
vt 0.36146800 0.11988000
vt 0.36146800 0.11781400
vt 0.36146800 0.11884700
vt 0.36922800 0.11781400
vt 0.36612400 0.11988000
vt 0.36612400 0.11574900
vt 0.36612400 0.11781400
vt 0.35914000 0.11858900
vt 0.35991600 0.11936400
vt 0.35914000 0.11936400
vt 0.35991600 0.12091300
vt 0.40026900 0.04961800
vt 0.37543700 0.03308400
vt 0.37543700 0.04961800
vt 0.37543700 0.04135100
vt 0.36302000 0.03308400
vt 0.36302000 0.04135100
vt 0.40026900 0.01654200
vt 0.37543700 0.00000000
vt 0.37543700 0.01654200
vt 0.36302000 0.03721700
vt 0.37543700 0.02481300
vt 0.36302000 0.01654200
vt 0.36302000 0.02481300
vt 0.36302000 0.02894800
vt 0.36302000 0.03101600
vt 0.37543700 0.02894800
vt 0.36922800 0.03308400
vt 0.36922800 0.02481300
vt 0.36922800 0.02894800
vt 0.40026900 0.02481300
vt 0.38785300 0.03308400
vt 0.38785300 0.01654200
vt 0.38785300 0.02481300
vt 0.45010700 0.01654200
vt 0.42518800 0.03308400
vt 0.42518800 0.01654200
vt 0.36302000 0.02998200
vt 0.36146800 0.03101600
vt 0.36146800 0.02894800
vt 0.36146800 0.02998200
vt 0.36302000 0.02688100
vt 0.36302000 0.02067700
vt 0.37543700 0.00827100
vt 0.36302000 0.00000000
vt 0.36302000 0.00827100
vt 0.36922800 0.03101600
vt 0.36612400 0.03308400
vt 0.36612400 0.02894800
vt 0.36612400 0.03101600
vt 0.37543700 0.03721700
vt 0.36922800 0.04135100
vt 0.36922800 0.03721700
vt 0.40026900 0.04135100
vt 0.38785300 0.04961800
vt 0.38785300 0.04135100
vt 0.45010700 0.04961800
vt 0.42518800 0.06615300
vt 0.42518800 0.04961800
vt 0.37883000 0.00000000
vt 0.37883700 0.00000000
vt 0.37884800 0.00000000
vt 0.42468200 0.00000000
vt 0.47052800 0.00000000
vt 0.51637300 0.00000000
vt 0.55024000 0.00000000
vt 0.58410700 0.00000000
vt 0.61797400 0.00000000
vt 0.65184200 0.00000000
vt 0.40026900 0.00827100
vt 0.38785300 0.00827100
vt 0.38785300 0.00413500
vt 0.38164500 0.00827100
vt 0.37543700 0.00413500
vt 0.38164500 0.00413500
vt 0.38164500 0.00206800
vt 0.37854100 0.00413500
vt 0.37543700 0.00206800
vt 0.37854100 0.00000000
vt 0.37854100 0.00206800
vt 0.36922800 0.00827100
vt 0.36302000 0.00413500
vt 0.36922800 0.00000000
vt 0.36922800 0.00413500
vt 0.38164500 0.00103400
vt 0.38009300 0.00206800
vt 0.37854100 0.00103400
vt 0.38009300 0.00103400
vt 0.38785300 0.00206800
vt 0.38474900 0.00413500
vt 0.38474900 0.00206800
vt 0.40026900 0.00413500
vt 0.39406100 0.00827100
vt 0.39406100 0.00413500
vt 0.42518800 0.00827100
vt 0.41272800 0.01654200
vt 0.41272800 0.00827100
vt 0.38009300 0.00051700
vt 0.37931700 0.00103400
vt 0.37854100 0.00051700
vt 0.37931700 0.00051700
vt 0.37698900 0.00206800
vt 0.37543700 0.00103400
vt 0.37698900 0.00000000
vt 0.37698900 0.00103400
vt 0.37233300 0.00413500
vt 0.36922800 0.00206800
vt 0.37233300 0.00000000
vt 0.37233300 0.00206800
vt 0.37931700 0.00025800
vt 0.37892900 0.00051700
vt 0.37854100 0.00025800
vt 0.37892900 0.00025800
vt 0.37776500 0.00103400
vt 0.37698900 0.00051700
vt 0.37776500 0.00000000
vt 0.37776500 0.00051700
vt 0.37892900 0.00012900
vt 0.37873500 0.00025800
vt 0.37854100 0.00012900
vt 0.37873500 0.00000000
vt 0.37873500 0.00012900
vt 0.37815300 0.00051700
vt 0.37776500 0.00025800
vt 0.37815300 0.00000000
vt 0.37815300 0.00025800
vt 0.37892900 0.00006500
vt 0.37883200 0.00012900
vt 0.37873500 0.00006500
vt 0.37883200 0.00006500
vt 0.37931700 0.00012900
vt 0.37912300 0.00025800
vt 0.37912300 0.00012900
vt 0.38009300 0.00025800
vt 0.37970500 0.00051700
vt 0.37970500 0.00025800
vt 0.38164500 0.00051700
vt 0.38086900 0.00103400
vt 0.38086900 0.00051700
vt 0.38474900 0.00103400
vt 0.38319700 0.00206800
vt 0.38319700 0.00103400
vt 0.37892900 0.00003200
vt 0.37888000 0.00006500
vt 0.37883200 0.00003200
vt 0.37888000 0.00003200
vt 0.37912300 0.00006500
vt 0.37902600 0.00012900
vt 0.37902600 0.00006500
vt 0.37888000 0.00001600
vt 0.37885600 0.00003200
vt 0.37883200 0.00001600
vt 0.37885600 0.00001600
vt 0.37878300 0.00006500
vt 0.37873500 0.00003200
vt 0.37878300 0.00000000
vt 0.37878300 0.00003200
vt 0.37863800 0.00012900
vt 0.37854100 0.00006500
vt 0.37863800 0.00000000
vt 0.37863800 0.00006500
vt 0.37834700 0.00025800
vt 0.37815300 0.00012900
vt 0.37834700 0.00000000
vt 0.37834700 0.00012900
vt 0.00000000 0.00000000
vt 0.00000000 0.03308600
vt 0.00000000 0.06615500
vt 0.00000000 0.09922200
vt 0.00000000 0.13227600
vt 0.00000000 0.16528600
vt 0.00000000 0.19829000
vt 0.00000000 0.23129400
vt 0.00000000 0.26430800
vt 0.00000000 0.29735100
vt 0.00000000 0.33042100
vt 0.00000000 0.36349100
vt 0.00000000 0.39659700
vt 0.00000000 0.42974100
vt 0.00000000 0.46289800
vt 0.04994500 0.03308600
vt 0.04994500 0.06615500
vt 0.04994500 0.09922200
vt 0.04994500 0.13227600
vt 0.04994500 0.16528600
vt 0.04994500 0.19829000
vt 0.04994500 0.23129400
vt 0.04994500 0.26430800
vt 0.04994500 0.29735100
vt 0.04994500 0.33042100
vt 0.04994500 0.36349100
vt 0.04994500 0.39659700
vt 0.04994500 0.42974100
vt 0.04994500 0.46289800
vt 0.09988200 0.03308600
vt 0.09988200 0.06615500
vt 0.09988200 0.09922200
vt 0.09988200 0.13227600
vt 0.09988200 0.16528600
vt 0.09988200 0.19829000
vt 0.09988200 0.23129400
vt 0.09988200 0.26430800
vt 0.09988200 0.29735100
vt 0.09988200 0.33042100
vt 0.09988200 0.36349100
vt 0.09988200 0.39659700
vt 0.09988200 0.42974100
vt 0.09988200 0.46289800
vt 0.14981700 0.03308600
vt 0.14981700 0.06615500
vt 0.14981700 0.09922200
vt 0.14981700 0.13227600
vt 0.14981700 0.16528600
vt 0.14981700 0.19829000
vt 0.14981700 0.23129400
vt 0.14981700 0.26430800
vt 0.14981700 0.29735100
vt 0.14981700 0.33042100
vt 0.14981700 0.36349100
vt 0.14981700 0.39659700
vt 0.14981700 0.42974100
vt 0.14981700 0.46289800
vt 0.19974500 0.03308600
vt 0.19974500 0.06615500
vt 0.19974500 0.09922200
vt 0.19974500 0.13227600
vt 0.19974500 0.16528600
vt 0.19974500 0.19829000
vt 0.19974500 0.23129400
vt 0.19974500 0.26430800
vt 0.19974500 0.29735100
vt 0.19974500 0.33042100
vt 0.19974500 0.36349100
vt 0.19974500 0.39659700
vt 0.19974500 0.42974100
vt 0.19974500 0.46289800
vt 0.24963600 0.03308600
vt 0.24963600 0.06615500
vt 0.24963600 0.09922200
vt 0.24963600 0.13227600
vt 0.24963600 0.16528600
vt 0.24963600 0.19829000
vt 0.24963600 0.23129400
vt 0.24963600 0.26430800
vt 0.24963600 0.29735100
vt 0.24963600 0.33042100
vt 0.24963600 0.36349100
vt 0.24963600 0.39659700
vt 0.24963600 0.42974100
vt 0.24963600 0.46289800
vt 0.29947900 0.03308600
vt 0.29947900 0.06615500
vt 0.29947900 0.09922200
vt 0.29947900 0.13227600
vt 0.29947900 0.16528600
vt 0.29947900 0.19829000
vt 0.29947900 0.23129400
vt 0.29947900 0.26430800
vt 0.29947900 0.29735100
vt 0.29947900 0.33042100
vt 0.29947900 0.36349100
vt 0.29947900 0.39659700
vt 0.29947900 0.42974100
vt 0.29947900 0.46289800
vt 0.32431100 0.23129400
vt 0.29947900 0.21479200
vt 0.32431100 0.19829000
vt 0.32431100 0.21479200
vt 0.32431100 0.26430800
vt 0.29947900 0.24780100
vt 0.32431100 0.24780100
vt 0.32431100 0.29735100
vt 0.29947900 0.28082900
vt 0.32431100 0.28082900
vt 0.32431100 0.33042100
vt 0.29947900 0.31388600
vt 0.32431100 0.31388600
vt 0.32431100 0.36349100
vt 0.29947900 0.34695600
vt 0.32431100 0.34695600
vt 0.32431100 0.39659700
vt 0.29947900 0.38004400
vt 0.32431100 0.38004400
vt 0.32431100 0.42974100
vt 0.29947900 0.41316900
vt 0.32431100 0.41316900
vt 0.32431100 0.46289800
vt 0.29947900 0.44631900
vt 0.32431100 0.44631900
vt 0.29947900 0.47947700
vt 0.32431100 0.47947700
vt 0.32091900 0.00000000
vt 0.33841800 0.00000500
vt 0.33861700 0.01662800
vt 0.33884400 0.03272800
vt 0.33910500 0.04830500
vt 0.33939500 0.06335700
vt 0.33970700 0.07788500
vt 0.34004800 0.09188900
vt 0.34041500 0.10536900
vt 0.34060900 0.11191300
vt 0.34070900 0.11513600
vt 0.34075900 0.11673500
vt 0.34078400 0.11753100
vt 0.34081000 0.11832500
vt 0.34176700 0.14608000
vt 0.34232200 0.16085000
vt 0.34261800 0.16845900
vt 0.34277200 0.17232000
vt 0.34284900 0.17426400
vt 0.34288900 0.17523900
vt 0.34290800 0.17572800
vt 0.34291800 0.17597300
vt 0.34292300 0.17609500
vt 0.34292600 0.17615600
vt 0.34292800 0.17621700
vt 0.34337300 0.18694800
vt 0.34371300 0.19500000
vt 0.34391200 0.19969800
vt 0.34402000 0.20221500
vt 0.34407500 0.20351600
vt 0.34410300 0.20417700
vt 0.34411700 0.20451000
vt 0.34412400 0.20467700
vt 0.34413100 0.20484400
vt 0.34477800 0.22034600
vt 0.34529900 0.23365800
vt 0.32431100 0.13227600
vt 0.29947900 0.11574900
vt 0.32431100 0.09922200
vt 0.32431100 0.11574900
vt 0.33672800 0.11574900
vt 0.32431100 0.10748500
vt 0.33672800 0.09922200
vt 0.33672800 0.10748500
vt 0.29947900 0.08268800
vt 0.32431100 0.06615500
vt 0.32431100 0.08268800
vt 0.33672800 0.11161700
vt 0.33672800 0.13227600
vt 0.32431100 0.12401300
vt 0.33672800 0.12401300
vt 0.32431100 0.16528600
vt 0.29947900 0.14878100
vt 0.32431100 0.14878100
vt 0.33672800 0.11988100
vt 0.33983200 0.11988100
vt 0.33672800 0.11781500
vt 0.33983200 0.11781500
vt 0.33052000 0.12401300
vt 0.32431100 0.11988100
vt 0.33052000 0.11574900
vt 0.33052000 0.11988100
vt 0.31189500 0.13227600
vt 0.29947900 0.12401300
vt 0.31189500 0.11574900
vt 0.31189500 0.12401300
vt 0.27455700 0.13227600
vt 0.24963600 0.11574900
vt 0.27455700 0.09922200
vt 0.27455700 0.11574900
vt 0.29947900 0.18178800
vt 0.32431100 0.18178800
vt 0.33672800 0.18178800
vt 0.32431100 0.17353700
vt 0.33672800 0.16528600
vt 0.33672800 0.17353700
vt 0.33672800 0.16941100
vt 0.32431100 0.15703300
vt 0.33672800 0.15703300
vt 0.33672800 0.17766300
vt 0.33672800 0.19829000
vt 0.32431100 0.19003900
vt 0.33672800 0.19003900
vt 0.33983200 0.17766300
vt 0.33672800 0.17560000
vt 0.33983200 0.17353700
vt 0.33983200 0.17560000
vt 0.33052000 0.18178800
vt 0.32431100 0.17766300
vt 0.33052000 0.17353700
vt 0.33052000 0.17766300
vt 0.31189500 0.18178800
vt 0.29947900 0.17353700
vt 0.31189500 0.16528600
vt 0.31189500 0.17353700
vt 0.27455700 0.19829000
vt 0.24963600 0.18178800
vt 0.27455700 0.16528600
vt 0.27455700 0.18178800
vt 0.34138400 0.17560000
vt 0.33983200 0.17456800
vt 0.34138400 0.17353700
vt 0.34138400 0.17456800
vt 0.33672800 0.17147400
vt 0.33983200 0.16941100
vt 0.33983200 0.17147400
vt 0.32431100 0.16941100
vt 0.33052000 0.16528600
vt 0.33052000 0.16941100
vt 0.34138400 0.17766300
vt 0.33983200 0.17663100
vt 0.34138400 0.17663100
vt 0.33983200 0.18178800
vt 0.33672800 0.17972500
vt 0.33983200 0.17972500
vt 0.33672800 0.18591400
vt 0.34216000 0.17663100
vt 0.34138400 0.17611500
vt 0.34216000 0.17560000
vt 0.34216000 0.17611500
vt 0.34254800 0.17611500
vt 0.34216000 0.17585800
vt 0.34254800 0.17560000
vt 0.34254800 0.17585800
vt 0.34138400 0.17508400
vt 0.34216000 0.17456800
vt 0.34216000 0.17508400
vt 0.34274200 0.17611500
vt 0.34254800 0.17598600
vt 0.34274200 0.17585800
vt 0.34274200 0.17598600
vt 0.34254800 0.17663100
vt 0.34216000 0.17637300
vt 0.34254800 0.17637300
vt 0.34216000 0.17766300
vt 0.34138400 0.17714700
vt 0.34216000 0.17714700
vt 0.34138400 0.17972500
vt 0.33983200 0.17869400
vt 0.34138400 0.17869400
vt 0.34274200 0.17637300
vt 0.34254800 0.17624400
vt 0.34274200 0.17624400
vt 0.33672800 0.21479200
vt 0.32431100 0.20654100
vt 0.33672800 0.20654100
vt 0.34293600 0.20654100
vt 0.33672800 0.20241600
vt 0.34293600 0.19829000
vt 0.34293600 0.20241600
vt 0.34293600 0.20035300
vt 0.33672800 0.19416500
vt 0.34293600 0.20447900
vt 0.34293600 0.21479200
vt 0.33672800 0.21066700
vt 0.34293600 0.21066700
vt 0.33672800 0.23129400
vt 0.32431100 0.22304300
vt 0.33672800 0.22304300
vt 0.34293600 0.20344700
vt 0.33983200 0.20654100
vt 0.33672800 0.20447900
vt 0.33983200 0.20241600
vt 0.33983200 0.20447900
vt 0.33052000 0.20654100
vt 0.32431100 0.20241600
vt 0.33052000 0.19829000
vt 0.33052000 0.20241600
vt 0.31189500 0.21479200
vt 0.29947900 0.20654100
vt 0.31189500 0.19829000
vt 0.31189500 0.20654100
vt 0.27455700 0.23129400
vt 0.24963600 0.21479200
vt 0.27455700 0.21479200
vt 0.34371200 0.20447900
vt 0.34293600 0.20396300
vt 0.34371200 0.20344700
vt 0.34371200 0.20396300
vt 0.34293600 0.20551000
vt 0.34293600 0.20860400
vt 0.34138400 0.20447900
vt 0.33983200 0.20344700
vt 0.34138400 0.20241600
vt 0.34138400 0.20344700
vt 0.33672800 0.20035300
vt 0.33983200 0.19829000
vt 0.33983200 0.20035300
vt 0.34371200 0.20551000
vt 0.34293600 0.20499400
vt 0.34371200 0.20499400
vt 0.34138400 0.20654100
vt 0.33983200 0.20551000
vt 0.34138400 0.20551000
vt 0.33983200 0.21066700
vt 0.33672800 0.20860400
vt 0.33983200 0.20860400
vt 0.33052000 0.21479200
vt 0.32431100 0.21066700
vt 0.33052000 0.21066700
vt 0.34371200 0.20473600
vt 0.34592200 0.25088000
vt 0.34647700 0.26753500
vt 0.34695900 0.28362200
vt 0.34717400 0.29145100
vt 0.34727400 0.29531300
vt 0.34732300 0.29723100
vt 0.34734700 0.29818600
vt 0.34735900 0.29866300
vt 0.34737100 0.29913900
vt 0.34774000 0.31538900
vt 0.34790600 0.32367900
vt 0.34798400 0.32786400
vt 0.34802200 0.32996800
vt 0.34804100 0.33102200
vt 0.34805000 0.33155000
vt 0.34805500 0.33181400
vt 0.34805900 0.33207800
vt 0.34830500 0.34760800
vt 0.34842200 0.35599400
vt 0.34847800 0.36034200
vt 0.34850600 0.36255500
vt 0.34852000 0.36367100
vt 0.34853400 0.36479400
vt 0.34874000 0.38288200
vt 0.34890300 0.39986900
vt 0.34902300 0.41574900
vt 0.34906600 0.42327400
vt 0.34908400 0.42693300
vt 0.34909200 0.42873700
vt 0.34909500 0.42963200
vt 0.34909700 0.43007800
vt 0.34909800 0.43030100
vt 0.34909900 0.43052300
vt 0.34914000 0.44658800
vt 0.34914400 0.45481000
vt 0.34914300 0.45896900
vt 0.34914100 0.46106000
vt 0.34914000 0.46210800
vt 0.34914000 0.46263300
vt 0.34913900 0.46289600
vt 0.34913900 0.46315900
vt 0.34910800 0.47838200
vt 0.34903800 0.49605500
vt 0.33672800 0.29735100
vt 0.32431100 0.28909000
vt 0.33672800 0.28082900
vt 0.33672800 0.28909000
vt 0.34293600 0.29735100
vt 0.33672800 0.29322000
vt 0.34293600 0.28909000
vt 0.34293600 0.29322000
vt 0.33672800 0.31388600
vt 0.32431100 0.30561800
vt 0.33672800 0.30561800
vt 0.34604000 0.29735100
vt 0.34293600 0.29528500
vt 0.34604000 0.29322000
vt 0.34604000 0.29528500
vt 0.34293600 0.30561800
vt 0.33672800 0.30148400
vt 0.34293600 0.30148400
vt 0.34604000 0.30148400
vt 0.34293600 0.29941700
vt 0.34604000 0.29941700
vt 0.34604000 0.29838400
vt 0.33672800 0.33042100
vt 0.32431100 0.32215300
vt 0.33672800 0.32215300
vt 0.34293600 0.33042100
vt 0.33672800 0.32628700
vt 0.34293600 0.32215300
vt 0.34293600 0.32628700
vt 0.33672800 0.34695600
vt 0.32431100 0.33868800
vt 0.33672800 0.33868800
vt 0.34604000 0.33042100
vt 0.34293600 0.32835400
vt 0.34604000 0.32628700
vt 0.34604000 0.32835400
vt 0.34293600 0.33868800
vt 0.33672800 0.33455500
vt 0.34293600 0.33455500
vt 0.34604000 0.33455500
vt 0.34293600 0.33248800
vt 0.34604000 0.33248800
vt 0.34759200 0.33248800
vt 0.34604000 0.33145400
vt 0.34759200 0.33145400
vt 0.34759200 0.33197100
vt 0.34759200 0.33455500
vt 0.34604000 0.33352100
vt 0.34759200 0.33352100
vt 0.34604000 0.33868800
vt 0.34293600 0.33662100
vt 0.34604000 0.33662100
vt 0.34293600 0.34695600
vt 0.33672800 0.34282200
vt 0.34293600 0.34282200
vt 0.33672800 0.36349100
vt 0.32431100 0.35522300
vt 0.33672800 0.35522300
vt 0.34293600 0.36349100
vt 0.33672800 0.35935700
vt 0.34293600 0.35522300
vt 0.34293600 0.35935700
vt 0.33672800 0.38004400
vt 0.32431100 0.37176800
vt 0.33672800 0.37176800
vt 0.34604000 0.36349100
vt 0.34293600 0.36142400
vt 0.34604000 0.35935700
vt 0.34604000 0.36142400
vt 0.34293600 0.37176800
vt 0.33672800 0.36762900
vt 0.34293600 0.36762900
vt 0.34604000 0.36762900
vt 0.34293600 0.36556000
vt 0.34604000 0.36556000
vt 0.33672800 0.42974100
vt 0.32431100 0.42145500
vt 0.33672800 0.41316900
vt 0.33672800 0.42145500
vt 0.34293600 0.42974100
vt 0.33672800 0.42559800
vt 0.34293600 0.42145500
vt 0.34293600 0.42559800
vt 0.33672800 0.44631900
vt 0.32431100 0.43803000
vt 0.33672800 0.43803000
vt 0.34604000 0.42974100
vt 0.34293600 0.42766900
vt 0.34604000 0.42559800
vt 0.34604000 0.42766900
vt 0.34293600 0.43803000
vt 0.33672800 0.43388500
vt 0.34293600 0.43388500
vt 0.34759200 0.42974100
vt 0.34604000 0.42870500
vt 0.34759200 0.42766900
vt 0.34759200 0.42870500
vt 0.34604000 0.43388500
vt 0.34293600 0.43181300
vt 0.34604000 0.43181300
vt 0.34759200 0.43181300
vt 0.34604000 0.43077700
vt 0.34759200 0.43077700
vt 0.34836800 0.43077700
vt 0.34759200 0.43025900
vt 0.34836800 0.42974100
vt 0.34836800 0.43025900
vt 0.33672800 0.46289800
vt 0.32431100 0.45460900
vt 0.33672800 0.45460900
vt 0.34293600 0.46289800
vt 0.33672800 0.45875300
vt 0.34293600 0.45460900
vt 0.34293600 0.45875300
vt 0.33672800 0.47947700
vt 0.32431100 0.47118700
vt 0.33672800 0.47118700
vt 0.34604000 0.46289800
vt 0.34293600 0.46082600
vt 0.34604000 0.45875300
vt 0.34604000 0.46082600
vt 0.34293600 0.47118700
vt 0.33672800 0.46704300
vt 0.34293600 0.46704300
vt 0.34759200 0.46289800
vt 0.34604000 0.46186200
vt 0.34759200 0.46082600
vt 0.34759200 0.46186200
vt 0.34604000 0.46704300
vt 0.34293600 0.46497000
vt 0.34604000 0.46497000
vt 0.34836800 0.46289800
vt 0.34759200 0.46238000
vt 0.34836800 0.46186200
vt 0.34836800 0.46238000
vt 0.34759200 0.46497000
vt 0.34604000 0.46393400
vt 0.34759200 0.46393400
vt 0.34836800 0.46393400
vt 0.34759200 0.46341600
vt 0.34836800 0.46341600
vt 0.32091900 0.49605500
vt 0.29799600 0.49605500
vt 0.27507400 0.49605500
vt 0.25215100 0.49605500
vt 0.22922800 0.49605500
vt 0.20630500 0.49605500
vt 0.18338200 0.49605500
vt 0.16046000 0.49605500
vt 0.13753700 0.49605500
vt 0.11461400 0.49605500
vt 0.09169100 0.49605500
vt 0.06876800 0.49605500
vt 0.04584600 0.49605500
vt 0.02292300 0.49605500
vt 0.04791100 0.00000000
vt 0.08177800 0.00000000
vt 0.11564500 0.00000000
vt 0.14951200 0.00000000
vt 0.18337800 0.00000000
vt 0.22922300 0.00000000
vt 0.27506700 0.00000000
vt 0.32090100 0.00000000
vt 0.32091200 0.00000000
vt 0.32431100 0.03308600
vt 0.29947900 0.01654300
vt 0.32431100 0.01654300
vt 0.32431100 0.00827200
vt 0.31189500 0.01654300
vt 0.29947900 0.00827200
vt 0.31189500 0.00827200
vt 0.27455700 0.03308600
vt 0.24963600 0.01654300
vt 0.27455700 0.01654300
vt 0.32431100 0.00413600
vt 0.31810300 0.00827200
vt 0.31189500 0.00413600
vt 0.31810300 0.00413600
vt 0.33672800 0.00827200
vt 0.32431100 0.00206800
vt 0.32120700 0.00413600
vt 0.31810300 0.00206800
vt 0.32120700 0.00206800
vt 0.33672800 0.00413600
vt 0.33052000 0.00827200
vt 0.33052000 0.00413600
vt 0.32120700 0.00103400
vt 0.31965500 0.00206800
vt 0.31810300 0.00103400
vt 0.31965500 0.00103400
vt 0.31499900 0.00413600
vt 0.31189500 0.00206800
vt 0.31499900 0.00206800
vt 0.30568700 0.00827200
vt 0.29947900 0.00413600
vt 0.30568700 0.00413600
vt 0.28701800 0.01654300
vt 0.27455700 0.00827200
vt 0.28701800 0.00827200
vt 0.32120700 0.00051700
vt 0.32043100 0.00103400
vt 0.31965500 0.00051700
vt 0.32043100 0.00051700
vt 0.32431100 0.00103400
vt 0.32275900 0.00206800
vt 0.32275900 0.00103400
vt 0.33052000 0.00206800
vt 0.32741600 0.00413600
vt 0.32741600 0.00206800
vt 0.32120700 0.00025800
vt 0.32081900 0.00051700
vt 0.32043100 0.00025800
vt 0.32081900 0.00025800
vt 0.32275900 0.00051700
vt 0.32198300 0.00103400
vt 0.32198300 0.00051700
vt 0.32120700 0.00012900
vt 0.32101300 0.00025800
vt 0.32081900 0.00012900
vt 0.32101300 0.00012900
vt 0.32198300 0.00025800
vt 0.32159500 0.00051700
vt 0.32159500 0.00025800
vt 0.32101300 0.00006500
vt 0.32091600 0.00012900
vt 0.32081900 0.00006500
vt 0.32091600 0.00006500
vt 0.32062500 0.00025800
vt 0.32043100 0.00012900
vt 0.32062500 0.00012900
vt 0.32004300 0.00051700
vt 0.31965500 0.00025800
vt 0.32004300 0.00025800
vt 0.31887900 0.00103400
vt 0.31810300 0.00051700
vt 0.31887900 0.00051700
vt 0.31655100 0.00206800
vt 0.31499900 0.00103400
vt 0.31655100 0.00103400
vt 0.32091600 0.00003200
vt 0.32086800 0.00006500
vt 0.32081900 0.00003200
vt 0.32086800 0.00003200
vt 0.32072200 0.00012900
vt 0.32062500 0.00006500
vt 0.32072200 0.00006500
vt 0.32101300 0.00003200
vt 0.32096500 0.00006500
vt 0.32096500 0.00003200
vt 0.32120700 0.00006500
vt 0.32111000 0.00012900
vt 0.32111000 0.00006500
vt 0.32159500 0.00012900
vt 0.32140100 0.00025800
vt 0.32140100 0.00012900
vt 0.32096500 0.00001600
vt 0.32094100 0.00003200
vt 0.32091600 0.00001600
vt 0.32094100 0.00001600
vt 0.40026200 0.52884600
vt 0.40026200 0.56015800
vt 0.40026200 0.59146800
vt 0.40026200 0.62153400
vt 0.40026200 0.65403300
vt 0.40026200 0.68528700
vt 0.40026200 0.71653300
vt 0.40026200 0.74778600
vt 0.40026200 0.77905600
vt 0.40026200 0.81036200
vt 0.40026200 0.84167500
vt 0.40026200 0.87299100
vt 0.40026200 0.90435200
vt 0.40026200 0.93574300
vt 0.40026200 0.96713800
vt 0.45010700 0.52884600
vt 0.45010700 0.56015800
vt 0.45010700 0.59146800
vt 0.45010700 0.62153400
vt 0.45010700 0.65403300
vt 0.45010700 0.68528700
vt 0.45010700 0.71653300
vt 0.45010700 0.74778600
vt 0.45010700 0.77905600
vt 0.45010700 0.81036200
vt 0.45010700 0.84167500
vt 0.45010700 0.87299100
vt 0.45010700 0.90435200
vt 0.45010700 0.93574300
vt 0.45010700 0.96713800
vt 0.50001000 0.52884600
vt 0.50001000 0.56015800
vt 0.50001000 0.59146800
vt 0.50001000 0.62153400
vt 0.50001000 0.65403300
vt 0.50001000 0.68528700
vt 0.50001000 0.71653300
vt 0.50001000 0.74778600
vt 0.50001000 0.77905600
vt 0.50001000 0.81036200
vt 0.50001000 0.84167500
vt 0.50001000 0.87299100
vt 0.50001000 0.90435200
vt 0.50001000 0.93574300
vt 0.50001000 0.96713800
vt 0.54993100 0.52884600
vt 0.54993100 0.56015800
vt 0.54993100 0.59146800
vt 0.54993100 0.62153400
vt 0.54993100 0.65403300
vt 0.54993100 0.68528700
vt 0.54993100 0.71653300
vt 0.54993100 0.74778600
vt 0.54993100 0.77905600
vt 0.54993100 0.81036200
vt 0.54993100 0.84167500
vt 0.54993100 0.87299100
vt 0.54993100 0.90435200
vt 0.54993100 0.93574300
vt 0.54993100 0.96713800
vt 0.59986900 0.52884600
vt 0.59986900 0.56015800
vt 0.59986900 0.59146800
vt 0.59986900 0.62153400
vt 0.59986900 0.65403300
vt 0.59986900 0.68528700
vt 0.59986900 0.71653300
vt 0.59986900 0.74778600
vt 0.59986900 0.77905600
vt 0.59986900 0.81036200
vt 0.59986900 0.84167500
vt 0.59986900 0.87299100
vt 0.59986900 0.90435200
vt 0.59986900 0.93574300
vt 0.59986900 0.96713800
vt 0.64981100 0.52884600
vt 0.64981100 0.56015800
vt 0.64981100 0.59146800
vt 0.64981100 0.62153400
vt 0.64981100 0.65403300
vt 0.64981100 0.68528700
vt 0.64981100 0.71653300
vt 0.64981100 0.74778600
vt 0.64981100 0.77905600
vt 0.64981100 0.81036200
vt 0.64981100 0.84167500
vt 0.64981100 0.87299100
vt 0.64981100 0.90435200
vt 0.64981100 0.93574300
vt 0.64981100 0.96713800
vt 0.69975400 0.52884600
vt 0.69975400 0.56015800
vt 0.69975400 0.59146800
vt 0.69975400 0.62153400
vt 0.69975400 0.65403300
vt 0.69975400 0.68528700
vt 0.69975400 0.71653300
vt 0.69975400 0.74778600
vt 0.69975400 0.77905600
vt 0.69975400 0.81036200
vt 0.69975400 0.84167500
vt 0.69975400 0.87299100
vt 0.69975400 0.90435200
vt 0.69975400 0.93574300
vt 0.69975400 0.96713800
vt 0.40026200 0.73215900
vt 0.37541900 0.74778600
vt 0.37541900 0.71653300
vt 0.37541900 0.73215900
vt 0.40026200 0.76342100
vt 0.37541900 0.77905600
vt 0.37541900 0.76342100
vt 0.40026200 0.79470900
vt 0.37541900 0.81036200
vt 0.37541900 0.79470900
vt 0.40026200 0.82601800
vt 0.37541900 0.84167500
vt 0.37541900 0.82601800
vt 0.40026200 0.85733300
vt 0.37541900 0.87299100
vt 0.37541900 0.85733300
vt 0.40026200 0.88867100
vt 0.37541900 0.90435200
vt 0.37541900 0.88867100
vt 0.40026200 0.92004800
vt 0.37541900 0.93574300
vt 0.37541900 0.92004800
vt 0.40026200 0.95144100
vt 0.37541900 0.96713800
vt 0.37541900 0.95144100
vt 0.40026200 0.98283700
vt 0.37541900 0.98283700
vt 0.36130300 0.49752300
vt 0.40360900 0.49752300
vt 0.44591600 0.49752200
vt 0.48821900 0.49752200
vt 0.53052800 0.49752200
vt 0.57283500 0.49752100
vt 0.61514100 0.49752100
vt 0.65744700 0.49752000
vt 0.67682900 0.99357500
vt 0.65390400 0.99357500
vt 0.63097900 0.99357500
vt 0.60805400 0.99357500
vt 0.58512900 0.99357500
vt 0.56220400 0.99357500
vt 0.53927900 0.99357500
vt 0.51635400 0.99357500
vt 0.49342900 0.99357500
vt 0.47050400 0.99357500
vt 0.44757900 0.99357500
vt 0.42465400 0.99357500
vt 0.40172900 0.99357500
vt 0.37880400 0.99357500
vt 0.35068300 0.99357500
vt 0.35061500 0.97588600
vt 0.35059400 0.96796200
vt 0.35058700 0.96423100
vt 0.35058400 0.96242200
vt 0.35058200 0.96153300
vt 0.35058200 0.96109200
vt 0.35058100 0.96087200
vt 0.35058100 0.96065300
vt 0.35058100 0.94404500
vt 0.35059600 0.93592900
vt 0.35060800 0.93191800
vt 0.35061400 0.92992400
vt 0.35061800 0.92893100
vt 0.35062000 0.92843400
vt 0.35062100 0.92818600
vt 0.35062200 0.92793900
vt 0.35069800 0.91316200
vt 0.35081800 0.89728100
vt 0.35098100 0.88029600
vt 0.35107900 0.87138800
vt 0.35113200 0.86683100
vt 0.35116000 0.86452600
vt 0.35117400 0.86336800
vt 0.35118800 0.86220500
vt 0.35141700 0.84499600
vt 0.35153800 0.83701200
vt 0.35160100 0.83317400
vt 0.35163200 0.83129400
vt 0.35164800 0.83036400
vt 0.35165600 0.82990100
vt 0.35166000 0.82967100
vt 0.35166400 0.82944000
vt 0.35198300 0.81277900
vt 0.35216100 0.80461000
vt 0.35225500 0.80056600
vt 0.35230400 0.79855400
vt 0.35232800 0.79755000
vt 0.35234000 0.79704900
vt 0.35235300 0.79654900
vt 0.35276300 0.78105700
vt 0.35324500 0.76499800
vt 0.35380000 0.74837100
vt 0.35442200 0.73117700
vt 0.37541900 0.97498700
vt 0.36299700 0.98283700
vt 0.36299700 0.96713800
vt 0.36299700 0.97498700
vt 0.37541900 0.95928900
vt 0.36299700 0.95144100
vt 0.36299700 0.95928900
vt 0.36299700 0.96321400
vt 0.35678700 0.96713800
vt 0.35678700 0.95928900
vt 0.35678700 0.96321400
vt 0.35678700 0.96125100
vt 0.35368100 0.96321400
vt 0.35368100 0.95928900
vt 0.35368100 0.96125100
vt 0.36299700 0.95536500
vt 0.35678700 0.95144100
vt 0.35678700 0.95536500
vt 0.37541900 0.94359200
vt 0.36299700 0.93574300
vt 0.36299700 0.94359200
vt 0.35368100 0.96223300
vt 0.35212900 0.96321400
vt 0.35212900 0.96125100
vt 0.35212900 0.96223300
vt 0.35678700 0.96517600
vt 0.35368100 0.96713800
vt 0.35368100 0.96517600
vt 0.36299700 0.97106300
vt 0.35678700 0.97498700
vt 0.35678700 0.97106300
vt 0.35368100 0.96027000
vt 0.35212900 0.95928900
vt 0.35212900 0.96027000
vt 0.35678700 0.95732700
vt 0.35368100 0.95536500
vt 0.35368100 0.95732700
vt 0.35212900 0.96076100
vt 0.35135200 0.96125100
vt 0.35135200 0.96027000
vt 0.35135200 0.96076100
vt 0.37541900 0.92789500
vt 0.36299700 0.92004800
vt 0.36299700 0.92789500
vt 0.36299700 0.93181900
vt 0.35678700 0.93574300
vt 0.35678700 0.92789500
vt 0.35678700 0.93181900
vt 0.35678700 0.92985700
vt 0.35368100 0.93181900
vt 0.35368100 0.92789500
vt 0.35368100 0.92985700
vt 0.36299700 0.92397200
vt 0.35678700 0.92004800
vt 0.35678700 0.92397200
vt 0.37541900 0.91220000
vt 0.36299700 0.90435200
vt 0.36299700 0.91220000
vt 0.35368100 0.92887600
vt 0.35212900 0.92985700
vt 0.35212900 0.92789500
vt 0.35212900 0.92887600
vt 0.35678700 0.92593300
vt 0.35368100 0.92397200
vt 0.35368100 0.92593300
vt 0.35212900 0.92838600
vt 0.35135200 0.92887600
vt 0.35135200 0.92789500
vt 0.35135200 0.92838600
vt 0.35368100 0.92691400
vt 0.35212900 0.92593300
vt 0.35212900 0.92691400
vt 0.37541900 0.86516200
vt 0.36299700 0.87299100
vt 0.36299700 0.85733300
vt 0.36299700 0.86516200
vt 0.36299700 0.86907600
vt 0.35678700 0.87299100
vt 0.35678700 0.86516200
vt 0.35678700 0.86907600
vt 0.37541900 0.88083100
vt 0.36299700 0.88867100
vt 0.36299700 0.88083100
vt 0.36299700 0.86124700
vt 0.35678700 0.85733300
vt 0.35678700 0.86124700
vt 0.37541900 0.84950400
vt 0.36299700 0.84167500
vt 0.36299700 0.84950400
vt 0.35678700 0.86320400
vt 0.35368100 0.86516200
vt 0.35368100 0.86124700
vt 0.35368100 0.86320400
vt 0.37541900 0.83384700
vt 0.36299700 0.82601800
vt 0.36299700 0.83384700
vt 0.36299700 0.82993200
vt 0.35678700 0.83384700
vt 0.35678700 0.82601800
vt 0.35678700 0.82993200
vt 0.37541900 0.81819000
vt 0.36299700 0.81036200
vt 0.36299700 0.81819000
vt 0.35678700 0.83188900
vt 0.35368100 0.83384700
vt 0.35368100 0.82993200
vt 0.35368100 0.83188900
vt 0.36299700 0.83776100
vt 0.35678700 0.84167500
vt 0.35678700 0.83776100
vt 0.35368100 0.83091100
vt 0.35212900 0.83188900
vt 0.35212900 0.82993200
vt 0.35212900 0.83091100
vt 0.35678700 0.82797500
vt 0.35368100 0.82601800
vt 0.35368100 0.82797500
vt 0.36299700 0.82210400
vt 0.35678700 0.81819000
vt 0.35678700 0.82210400
vt 0.35368100 0.82895400
vt 0.35212900 0.82797500
vt 0.35212900 0.82895400
vt 0.35212900 0.82944300
vt 0.37541900 0.80253600
vt 0.36299700 0.79470900
vt 0.36299700 0.80253600
vt 0.36299700 0.79862200
vt 0.35678700 0.80253600
vt 0.35678700 0.79470900
vt 0.35678700 0.79862200
vt 0.37541900 0.78688300
vt 0.36299700 0.77905600
vt 0.36299700 0.78688300
vt 0.35678700 0.79666600
vt 0.35368100 0.79862200
vt 0.35368100 0.79470900
vt 0.35368100 0.79666600
vt 0.36299700 0.79079600
vt 0.35678700 0.78688300
vt 0.35678700 0.79079600
vt 0.35368100 0.79764400
vt 0.35678700 0.80057900
vt 0.35368100 0.80253600
vt 0.35368100 0.80057900
vt 0.36299700 0.80644900
vt 0.35678700 0.81036200
vt 0.35678700 0.80644900
vt 0.35368100 0.79568700
vt 0.35678700 0.79275300
vt 0.35368100 0.79079600
vt 0.35368100 0.79275300
vt 0.35494000 0.71797200
vt 0.35524800 0.71048600
vt 0.35541400 0.70652300
vt 0.35550000 0.70448600
vt 0.35554400 0.70345400
vt 0.35556600 0.70293400
vt 0.35557700 0.70267300
vt 0.35558300 0.70254300
vt 0.35558800 0.70241200
vt 0.35634100 0.68464400
vt 0.35660500 0.67832600
vt 0.35670900 0.67580900
vt 0.35675300 0.67471000
vt 0.35677400 0.67420100
vt 0.35678400 0.67395700
vt 0.35678900 0.67383700
vt 0.35679100 0.67377800
vt 0.35679200 0.67374800
vt 0.35679400 0.67371900
vt 0.35737000 0.65909000
vt 0.35791700 0.64452800
vt 0.35843400 0.63003300
vt 0.35868200 0.62281000
vt 0.35880300 0.61920500
vt 0.35886200 0.61740400
vt 0.35889200 0.61650400
vt 0.35890700 0.61605400
vt 0.35892200 0.61560400
vt 0.35940700 0.60009500
vt 0.35983000 0.58512300
vt 0.36018800 0.57068600
vt 0.36034300 0.56366900
vt 0.36041400 0.56021000
vt 0.36044800 0.55849300
vt 0.36046500 0.55763800
vt 0.36047300 0.55721100
vt 0.36047800 0.55699800
vt 0.36048000 0.55689200
vt 0.36048200 0.55678500
vt 0.36087500 0.53217600
vt 0.36108700 0.51610500
vt 0.40026200 0.70091000
vt 0.37541900 0.68528700
vt 0.37541900 0.70091000
vt 0.37541900 0.70872200
vt 0.36299700 0.71653300
vt 0.36299700 0.70091000
vt 0.36299700 0.70872200
vt 0.36299700 0.70481600
vt 0.35678700 0.70872200
vt 0.35678700 0.70091000
vt 0.35678700 0.70481600
vt 0.37541900 0.69309800
vt 0.36299700 0.68528700
vt 0.36299700 0.69309800
vt 0.40026200 0.66966000
vt 0.37541900 0.65403300
vt 0.37541900 0.66966000
vt 0.35678700 0.70286300
vt 0.36299700 0.69700400
vt 0.35678700 0.69309800
vt 0.35678700 0.69700400
vt 0.35678700 0.70383900
vt 0.36299700 0.70286300
vt 0.35989200 0.70481600
vt 0.35989200 0.70091000
vt 0.35989200 0.70286300
vt 0.37541900 0.70481600
vt 0.36920800 0.70872200
vt 0.36920800 0.70091000
vt 0.36920800 0.70481600
vt 0.40026200 0.70872200
vt 0.38784000 0.71653300
vt 0.38784000 0.70091000
vt 0.38784000 0.70872200
vt 0.45010700 0.70091000
vt 0.42518400 0.71653300
vt 0.42518400 0.68528700
vt 0.42518400 0.70091000
vt 0.35678700 0.70676900
vt 0.36299700 0.71262700
vt 0.35678700 0.71262700
vt 0.37541900 0.72434600
vt 0.36299700 0.73215900
vt 0.36299700 0.72434600
vt 0.35678700 0.70335100
vt 0.35601000 0.70383900
vt 0.35601000 0.70286300
vt 0.35601000 0.70335100
vt 0.35678700 0.70188600
vt 0.35678700 0.69895700
vt 0.35989200 0.70383900
vt 0.35833900 0.70481600
vt 0.35833900 0.70286300
vt 0.35833900 0.70383900
vt 0.36299700 0.70676900
vt 0.35989200 0.70872200
vt 0.35989200 0.70676900
vt 0.35678700 0.70237500
vt 0.35601000 0.70188600
vt 0.35601000 0.70237500
vt 0.35989200 0.70188600
vt 0.35833900 0.70091000
vt 0.35833900 0.70188600
vt 0.36299700 0.69895700
vt 0.35989200 0.69700400
vt 0.35989200 0.69895700
vt 0.37541900 0.69700400
vt 0.36920800 0.69309800
vt 0.36920800 0.69700400
vt 0.40026200 0.69309800
vt 0.38784000 0.68528700
vt 0.38784000 0.69309800
vt 0.35601000 0.70261900
vt 0.37541900 0.67747300
vt 0.36299700 0.66966000
vt 0.36299700 0.67747300
vt 0.36299700 0.68138000
vt 0.35678700 0.68138000
vt 0.36299700 0.67356700
vt 0.37541900 0.66184600
vt 0.36299700 0.65403300
vt 0.36299700 0.66184600
vt 0.40026200 0.63778300
vt 0.37541900 0.62153400
vt 0.37541900 0.63778300
vt 0.36299700 0.66575300
vt 0.36299700 0.67552000
vt 0.35989200 0.67747300
vt 0.35989200 0.67356700
vt 0.35989200 0.67552000
vt 0.37541900 0.67356700
vt 0.36920800 0.67747300
vt 0.36920800 0.66966000
vt 0.36920800 0.67356700
vt 0.40026200 0.67747300
vt 0.38784000 0.66966000
vt 0.38784000 0.67747300
vt 0.45010700 0.66966000
vt 0.42518400 0.65403300
vt 0.42518400 0.66966000
vt 0.35678700 0.67405500
vt 0.36299700 0.67161300
vt 0.35989200 0.66966000
vt 0.35989200 0.67161300
vt 0.35989200 0.67454300
vt 0.35833900 0.67552000
vt 0.35833900 0.67356700
vt 0.35833900 0.67454300
vt 0.35989200 0.67259000
vt 0.35833900 0.67161300
vt 0.35833900 0.67259000
vt 0.35833900 0.67405500
vt 0.35756300 0.67454300
vt 0.35756300 0.67356700
vt 0.35756300 0.67405500
vt 0.35756300 0.67381100
vt 0.35717500 0.67405500
vt 0.35717500 0.67356700
vt 0.35717500 0.67381100
vt 0.35833900 0.67307800
vt 0.35756300 0.67259000
vt 0.35756300 0.67307800
vt 0.35717500 0.67393300
vt 0.35698100 0.67405500
vt 0.35698100 0.67381100
vt 0.35698100 0.67393300
vt 0.35756300 0.67429900
vt 0.35717500 0.67454300
vt 0.35717500 0.67429900
vt 0.35833900 0.67503200
vt 0.35756300 0.67552000
vt 0.35678700 0.67503200
vt 0.35756300 0.67503200
vt 0.35989200 0.67649700
vt 0.35833900 0.67747300
vt 0.35678700 0.67649700
vt 0.35833900 0.67649700
vt 0.36299700 0.67942700
vt 0.35989200 0.68138000
vt 0.35678700 0.67942700
vt 0.35989200 0.67942700
vt 0.37541900 0.68138000
vt 0.36920800 0.68528700
vt 0.36920800 0.68138000
vt 0.35717500 0.67368900
vt 0.35698100 0.67356700
vt 0.35698100 0.67368900
vt 0.35756300 0.67332200
vt 0.35717500 0.67307800
vt 0.35717500 0.67332200
vt 0.35698100 0.67375000
vt 0.35688400 0.67381100
vt 0.35688400 0.67368900
vt 0.35688400 0.67375000
vt 0.37541900 0.62965900
vt 0.36299700 0.63778300
vt 0.36299700 0.62153400
vt 0.36299700 0.62965900
vt 0.40026200 0.60650100
vt 0.37541900 0.59146800
vt 0.37541900 0.60650100
vt 0.37541900 0.61401700
vt 0.36299700 0.60650100
vt 0.36299700 0.61401700
vt 0.36299700 0.61777500
vt 0.36299700 0.61589600
vt 0.35989200 0.61777500
vt 0.35989200 0.61401700
vt 0.35989200 0.61589600
vt 0.36299700 0.61025900
vt 0.37541900 0.59898400
vt 0.36299700 0.59146800
vt 0.36299700 0.59898400
vt 0.40026200 0.57581300
vt 0.37541900 0.56015800
vt 0.37541900 0.57581300
vt 0.37541900 0.61777500
vt 0.36920800 0.62153400
vt 0.36920800 0.61401700
vt 0.36920800 0.61777500
vt 0.40026200 0.61401700
vt 0.38784000 0.62153400
vt 0.38784000 0.60650100
vt 0.38784000 0.61401700
vt 0.45010700 0.60650100
vt 0.42518400 0.62153400
vt 0.42518400 0.59146800
vt 0.42518400 0.60650100
vt 0.35989200 0.61683600
vt 0.36299700 0.61965500
vt 0.35989200 0.62153400
vt 0.35989200 0.61965500
vt 0.36299700 0.62559600
vt 0.35989200 0.61495700
vt 0.36299700 0.61213800
vt 0.35989200 0.61025900
vt 0.35989200 0.61213800
vt 0.37541900 0.61025900
vt 0.36920800 0.60650100
vt 0.36920800 0.61025900
vt 0.37541900 0.56798500
vt 0.36299700 0.56015800
vt 0.36299700 0.56798500
vt 0.40026200 0.54450200
vt 0.37541900 0.52884600
vt 0.37541900 0.54450200
vt 0.36299700 0.56407100
vt 0.37541900 0.55233000
vt 0.36299700 0.54450200
vt 0.36299700 0.55233000
vt 0.36299700 0.55624400
vt 0.36299700 0.55820100
vt 0.37541900 0.55624400
vt 0.36920800 0.56015800
vt 0.36920800 0.55233000
vt 0.36920800 0.55624400
vt 0.40026200 0.55233000
vt 0.38784000 0.56015800
vt 0.38784000 0.54450200
vt 0.38784000 0.55233000
vt 0.45010700 0.54450200
vt 0.42518400 0.56015800
vt 0.42518400 0.52884600
vt 0.42518400 0.54450200
vt 0.36299700 0.55722200
vt 0.36144500 0.55820100
vt 0.36144500 0.55624400
vt 0.36144500 0.55722200
vt 0.36299700 0.55428700
vt 0.36299700 0.54841600
vt 0.37541900 0.53667400
vt 0.36299700 0.53667400
vt 0.40026200 0.51318300
vt 0.37541900 0.51318300
vt 0.36920800 0.55820100
vt 0.36610300 0.56015800
vt 0.36610300 0.55624400
vt 0.36610300 0.55820100
vt 0.37541900 0.56407100
vt 0.36920800 0.56798500
vt 0.36920800 0.56407100
vt 0.40026200 0.56798500
vt 0.38784000 0.57581300
vt 0.38784000 0.56798500
vt 0.45010700 0.57581300
vt 0.42518400 0.57581300
vt 0.36144500 0.55673300
vt 0.36066800 0.55722200
vt 0.36066800 0.55624400
vt 0.36066800 0.55673300
vt 0.36299700 0.55526500
vt 0.36144500 0.55428700
vt 0.36144500 0.55526500
vt 0.36920800 0.55428700
vt 0.36610300 0.55233000
vt 0.36610300 0.55428700
vt 0.37541900 0.54841600
vt 0.36920800 0.54450200
vt 0.36920800 0.54841600
vt 0.36066800 0.55697700
vt 0.36144500 0.55771100
vt 0.36066800 0.55820100
vt 0.36066800 0.55771100
vt 0.36299700 0.55917900
vt 0.36144500 0.56015800
vt 0.36144500 0.55917900
vt 0.36299700 0.56211400
vt 0.73813400 0.03288600
vt 0.73813400 0.06660200
vt 0.73813400 0.09867600
vt 0.73813400 0.13159100
vt 0.73813400 0.16454900
vt 0.73813400 0.19764500
vt 0.73813400 0.23064800
vt 0.77272200 0.00000000
vt 0.77273800 0.01803400
vt 0.77277600 0.03366900
vt 0.77286000 0.05765400
vt 0.77286100 0.05775800
vt 0.77286100 0.05786200
vt 0.77286200 0.05807000
vt 0.77286400 0.05848600
vt 0.77286700 0.05932000
vt 0.77287300 0.06099500
vt 0.77288600 0.06437000
vt 0.77291300 0.07122200
vt 0.77297000 0.08534300
vt 0.77303200 0.10003700
vt 0.77309700 0.11530700
vt 0.77309900 0.11575000
vt 0.77310100 0.11619400
vt 0.77310400 0.11708200
vt 0.77311200 0.11885900
vt 0.77312800 0.12241600
vt 0.77315900 0.12954700
vt 0.77322300 0.14388300
vt 0.77328700 0.15835600
vt 0.77335000 0.17298000
vt 0.77335000 0.17300900
vt 0.77335000 0.17303900
vt 0.77335000 0.17309800
vt 0.77335100 0.17321800
vt 0.77335200 0.17346300
vt 0.77335400 0.17397300
vt 0.77335800 0.17507400
vt 0.77336800 0.17760000
vt 0.77339300 0.18394500
vt 0.77346100 0.20182000
vt 0.77346200 0.20195200
vt 0.77346200 0.20208300
vt 0.77346300 0.20234500
vt 0.77346500 0.20286800
vt 0.77346900 0.20390700
vt 0.77347700 0.20595500
vt 0.77349200 0.20993900
vt 0.77352300 0.21745200
vt 0.77358200 0.23064800
vt 0.75596400 0.06660200
vt 0.73813400 0.04974400
vt 0.75596400 0.03288600
vt 0.75596400 0.04974400
vt 0.76487900 0.06660200
vt 0.75596400 0.05817300
vt 0.76487900 0.04974400
vt 0.76487900 0.05817300
vt 0.75596400 0.09867600
vt 0.73813400 0.08263900
vt 0.75596400 0.08263900
vt 0.76933700 0.05817300
vt 0.76487900 0.05395900
vt 0.76933700 0.04974400
vt 0.76933700 0.05395900
vt 0.75596400 0.04131500
vt 0.76487900 0.03288600
vt 0.76487900 0.04131500
vt 0.73813400 0.01644300
vt 0.75596400 0.01644300
vt 0.77156600 0.05817300
vt 0.76933700 0.05606600
vt 0.77156600 0.05395900
vt 0.77156600 0.05606600
vt 0.76933700 0.06660200
vt 0.76487900 0.06238800
vt 0.76933700 0.06238800
vt 0.76487900 0.08263900
vt 0.75596400 0.07462000
vt 0.76487900 0.07462000
vt 0.77268000 0.05817300
vt 0.77156600 0.05711900
vt 0.77268000 0.05606600
vt 0.77268000 0.05711900
vt 0.77156600 0.06238800
vt 0.76933700 0.06028000
vt 0.77156600 0.06028000
vt 0.77268000 0.05764600
vt 0.77268000 0.06028000
vt 0.77156600 0.05922700
vt 0.77268000 0.05791000
vt 0.77212300 0.05817300
vt 0.77156600 0.05764600
vt 0.77212300 0.05711900
vt 0.77212300 0.05764600
vt 0.77045100 0.05817300
vt 0.76933700 0.05711900
vt 0.77045100 0.05606600
vt 0.77045100 0.05711900
vt 0.76710800 0.05817300
vt 0.76487900 0.05606600
vt 0.76710800 0.05395900
vt 0.76710800 0.05606600
vt 0.76042200 0.05817300
vt 0.75596400 0.05395900
vt 0.76042200 0.04974400
vt 0.76042200 0.05395900
vt 0.74704900 0.06660200
vt 0.73813400 0.05817300
vt 0.74704900 0.04974400
vt 0.74704900 0.05817300
vt 0.75596400 0.13159100
vt 0.73813400 0.11513300
vt 0.75596400 0.11513300
vt 0.76487900 0.13159100
vt 0.75596400 0.12336200
vt 0.76487900 0.11513300
vt 0.76487900 0.12336200
vt 0.75596400 0.16454900
vt 0.73813400 0.14807000
vt 0.75596400 0.14807000
vt 0.76933700 0.12336200
vt 0.76487900 0.11924700
vt 0.76933700 0.11513300
vt 0.76933700 0.11924700
vt 0.75596400 0.10690400
vt 0.76487900 0.09867600
vt 0.76487900 0.10690400
vt 0.77156600 0.11924700
vt 0.76933700 0.11719000
vt 0.77156600 0.11513300
vt 0.77156600 0.11719000
vt 0.76487900 0.11101900
vt 0.76933700 0.10690400
vt 0.76933700 0.11101900
vt 0.77268000 0.11719000
vt 0.77156600 0.11616200
vt 0.77268000 0.11513300
vt 0.77268000 0.11616200
vt 0.76933700 0.11307600
vt 0.77156600 0.11101900
vt 0.77156600 0.11307600
vt 0.75596400 0.19764500
vt 0.73813400 0.18109700
vt 0.75596400 0.18109700
vt 0.76487900 0.18109700
vt 0.75596400 0.17282300
vt 0.76487900 0.16454900
vt 0.76487900 0.17282300
vt 0.76933700 0.18109700
vt 0.76487900 0.17696000
vt 0.76933700 0.17282300
vt 0.76933700 0.17696000
vt 0.76487900 0.19764500
vt 0.75596400 0.18937100
vt 0.76487900 0.18937100
vt 0.73813400 0.21414700
vt 0.75596400 0.21414700
vt 0.77156600 0.17696000
vt 0.76933700 0.17489200
vt 0.77156600 0.17282300
vt 0.77156600 0.17489200
vt 0.76487900 0.16868600
vt 0.76933700 0.16454900
vt 0.76933700 0.16868600
vt 0.75596400 0.15631000
vt 0.76487900 0.14807000
vt 0.76487900 0.15631000
vt 0.77268000 0.17489200
vt 0.77156600 0.17385800
vt 0.77268000 0.17282300
vt 0.77268000 0.17385800
vt 0.76933700 0.17075500
vt 0.77156600 0.16868600
vt 0.77156600 0.17075500
vt 0.77268000 0.17334000
vt 0.77323700 0.17282300
vt 0.77323700 0.17334000
vt 0.77156600 0.17178900
vt 0.77268000 0.17075500
vt 0.77268000 0.17178900
vt 0.77323700 0.17308200
vt 0.77268000 0.17230600
vt 0.77323700 0.17178900
vt 0.77323700 0.17230600
vt 0.77323700 0.17295300
vt 0.77295900 0.17334000
vt 0.77268000 0.17308200
vt 0.77295900 0.17282300
vt 0.77295900 0.17308200
vt 0.77212300 0.17385800
vt 0.77156600 0.17334000
vt 0.77212300 0.17282300
vt 0.77212300 0.17334000
vt 0.77045100 0.17489200
vt 0.76933700 0.17385800
vt 0.77045100 0.17282300
vt 0.77045100 0.17385800
vt 0.76710800 0.17696000
vt 0.76487900 0.17489200
vt 0.76710800 0.17282300
vt 0.76710800 0.17489200
vt 0.76042200 0.18109700
vt 0.75596400 0.17696000
vt 0.76042200 0.17282300
vt 0.76042200 0.17696000
vt 0.74704900 0.18109700
vt 0.73813400 0.17282300
vt 0.74704900 0.16454900
vt 0.74704900 0.17282300
vt 0.77323700 0.17256500
vt 0.77330700 0.17308200
vt 0.77323700 0.17301700
vt 0.77330700 0.17295300
vt 0.77330700 0.17301700
vt 0.77323700 0.17321100
vt 0.77268000 0.17437500
vt 0.77323700 0.17437500
vt 0.77268000 0.17696000
vt 0.77156600 0.17592600
vt 0.77268000 0.17592600
vt 0.77156600 0.18109700
vt 0.76933700 0.17902900
vt 0.77156600 0.17902900
vt 0.76933700 0.18937100
vt 0.76487900 0.18523400
vt 0.76933700 0.18523400
vt 0.77309800 0.17308200
vt 0.77295900 0.17295300
vt 0.77309800 0.17282300
vt 0.77309800 0.17295300
vt 0.77268000 0.17256500
vt 0.77295900 0.17230600
vt 0.77295900 0.17256500
vt 0.77156600 0.17230600
vt 0.77212300 0.17178900
vt 0.77212300 0.17230600
vt 0.76933700 0.17178900
vt 0.77045100 0.17075500
vt 0.77045100 0.17178900
vt 0.76487900 0.17075500
vt 0.76710800 0.16868600
vt 0.76710800 0.17075500
vt 0.75596400 0.16868600
vt 0.76042200 0.16454900
vt 0.76042200 0.16868600
vt 0.76487900 0.21414700
vt 0.75596400 0.20589600
vt 0.76487900 0.20589600
vt 0.76933700 0.20589600
vt 0.76487900 0.20177100
vt 0.76933700 0.19764500
vt 0.76933700 0.20177100
vt 0.77156600 0.20589600
vt 0.76933700 0.20383300
vt 0.77156600 0.20177100
vt 0.77156600 0.20383300
vt 0.76933700 0.21414700
vt 0.76487900 0.21002100
vt 0.76933700 0.21002100
vt 0.75596400 0.22239800
vt 0.76487900 0.22239800
vt 0.77268000 0.20383300
vt 0.77156600 0.20280200
vt 0.77268000 0.20177100
vt 0.77268000 0.20280200
vt 0.76933700 0.19970800
vt 0.77156600 0.19764500
vt 0.77156600 0.19970800
vt 0.76487900 0.19350800
vt 0.76933700 0.19350800
vt 0.77268000 0.20228600
vt 0.77323700 0.20177100
vt 0.77323700 0.20228600
vt 0.77156600 0.20073900
vt 0.77268000 0.19970800
vt 0.77268000 0.20073900
vt 0.77323700 0.20202800
vt 0.77268000 0.20125500
vt 0.77323700 0.20073900
vt 0.77323700 0.20125500
vt 0.75585800 0.23064800
vt 0.73813400 0.00000300
vt 0.75542800 0.00000200
vt 0.77526000 0.00000000
vt 0.77526000 0.02884100
vt 0.77526000 0.05766200
vt 0.77526000 0.08649200
vt 0.77526000 0.11532300
vt 0.77526000 0.14415400
vt 0.77526000 0.17298500
vt 0.77526000 0.20183500
vt 0.81070800 0.00000000
vt 0.81064800 0.01331800
vt 0.81058700 0.02888200
vt 0.81058600 0.02905000
vt 0.81058500 0.02921800
vt 0.81058400 0.02955300
vt 0.81058200 0.03021600
vt 0.81057700 0.03152300
vt 0.81056700 0.03405100
vt 0.81054900 0.03876700
vt 0.81051800 0.04684100
vt 0.81047600 0.05756800
vt 0.81047600 0.05762900
vt 0.81047500 0.05769000
vt 0.81047500 0.05781200
vt 0.81047400 0.05805600
vt 0.81047200 0.05854300
vt 0.81046800 0.05951600
vt 0.81045900 0.06145200
vt 0.81044300 0.06529300
vt 0.81041000 0.07285000
vt 0.81034600 0.08750200
vt 0.81022300 0.11498800
vt 0.81022000 0.11577200
vt 0.81021600 0.11655800
vt 0.81020900 0.11813500
vt 0.81019500 0.12131100
vt 0.81016500 0.12774900
vt 0.81010400 0.14097600
vt 0.81004300 0.15468800
vt 0.80998400 0.16890300
vt 0.80993100 0.18361600
vt 0.80988800 0.19881900
vt 0.80985900 0.21450100
vt 0.80984800 0.23065100
vt 0.79309000 0.05766200
vt 0.77526000 0.04325100
vt 0.79309000 0.02884100
vt 0.79309000 0.04325100
vt 0.80200500 0.04325100
vt 0.79309000 0.03604600
vt 0.80200500 0.02884100
vt 0.80200500 0.03604600
vt 0.77526000 0.01442100
vt 0.79309000 0.01442100
vt 0.80646300 0.03604600
vt 0.80200500 0.03244400
vt 0.80646300 0.02884100
vt 0.80646300 0.03244400
vt 0.79309000 0.02163100
vt 0.80200500 0.01442100
vt 0.80200500 0.02163100
vt 0.80869200 0.03244400
vt 0.80646300 0.03064300
vt 0.80869200 0.02884100
vt 0.80869200 0.03064300
vt 0.80200500 0.02523600
vt 0.80646300 0.02163100
vt 0.80646300 0.02523600
vt 0.80980600 0.03064300
vt 0.80869200 0.02974200
vt 0.80980600 0.02884100
vt 0.80980600 0.02974200
vt 0.80646300 0.02703900
vt 0.80869200 0.02523600
vt 0.80869200 0.02703900
vt 0.81036300 0.02974200
vt 0.80980600 0.02929200
vt 0.81036300 0.02884100
vt 0.81036300 0.02929200
vt 0.80869200 0.02794000
vt 0.80980600 0.02703900
vt 0.80980600 0.02794000
vt 0.81036300 0.02906600
vt 0.80980600 0.02839100
vt 0.81036300 0.02794000
vt 0.81036300 0.02839100
vt 0.80200500 0.05766200
vt 0.79309000 0.05045600
vt 0.80200500 0.05045600
vt 0.79309000 0.08649200
vt 0.77526000 0.07207700
vt 0.79309000 0.07207700
vt 0.80646300 0.05766200
vt 0.80200500 0.05405900
vt 0.80646300 0.05045600
vt 0.80646300 0.05405900
vt 0.80200500 0.07207700
vt 0.79309000 0.06486900
vt 0.80200500 0.06486900
vt 0.80869200 0.05766200
vt 0.80646300 0.05586000
vt 0.80869200 0.05405900
vt 0.80869200 0.05586000
vt 0.80646300 0.06486900
vt 0.80200500 0.06126500
vt 0.80646300 0.06126500
vt 0.80980600 0.05766200
vt 0.80869200 0.05676100
vt 0.80980600 0.05586000
vt 0.80980600 0.05676100
vt 0.80869200 0.06126500
vt 0.80646300 0.05946300
vt 0.80869200 0.05946300
vt 0.81036300 0.05766200
vt 0.80980600 0.05721100
vt 0.81036300 0.05676100
vt 0.81036300 0.05721100
vt 0.80980600 0.05946300
vt 0.80869200 0.05856200
vt 0.80980600 0.05856200
vt 0.81036300 0.05743600
vt 0.80980600 0.05811200
vt 0.81036300 0.05811200
vt 0.81036300 0.05754900
vt 0.81036300 0.05788700
vt 0.81008500 0.05766200
vt 0.80980600 0.05743600
vt 0.81008500 0.05721100
vt 0.81008500 0.05743600
vt 0.80924900 0.05766200
vt 0.80869200 0.05721100
vt 0.80924900 0.05676100
vt 0.80924900 0.05721100
vt 0.80757700 0.05766200
vt 0.80646300 0.05676100
vt 0.80757700 0.05586000
vt 0.80757700 0.05676100
vt 0.80423400 0.05766200
vt 0.80200500 0.05586000
vt 0.80423400 0.05405900
vt 0.80423400 0.05586000
vt 0.79754800 0.05766200
vt 0.79309000 0.05405900
vt 0.79754800 0.05045600
vt 0.79754800 0.05405900
vt 0.78417500 0.05766200
vt 0.77526000 0.05045600
vt 0.78417500 0.04325100
vt 0.78417500 0.05045600
vt 0.81036300 0.05777400
vt 0.81008500 0.05811200
vt 0.80980600 0.05788700
vt 0.81008500 0.05788700
vt 0.80924900 0.05856200
vt 0.80869200 0.05811200
vt 0.80924900 0.05811200
vt 0.80757700 0.05946300
vt 0.80646300 0.05856200
vt 0.80757700 0.05856200
vt 0.80423400 0.06126500
vt 0.80200500 0.05946300
vt 0.80423400 0.05946300
vt 0.79754800 0.06486900
vt 0.79309000 0.06126500
vt 0.79754800 0.06126500
vt 0.78417500 0.07207700
vt 0.77526000 0.06486900
vt 0.78417500 0.06486900
vt 0.79309000 0.11532300
vt 0.77526000 0.10090800
vt 0.79309000 0.10090800
vt 0.80200500 0.11532300
vt 0.79309000 0.10811500
vt 0.80200500 0.10090800
vt 0.80200500 0.10811500
vt 0.79309000 0.14415400
vt 0.77526000 0.12973800
vt 0.79309000 0.12973800
vt 0.80646300 0.11532300
vt 0.80200500 0.11171900
vt 0.80646300 0.10811500
vt 0.80646300 0.11171900
vt 0.80200500 0.12973800
vt 0.79309000 0.12253100
vt 0.80200500 0.12253100
vt 0.80869200 0.11532300
vt 0.80646300 0.11352100
vt 0.80869200 0.11171900
vt 0.80869200 0.11352100
vt 0.80646300 0.12253100
vt 0.80200500 0.11892700
vt 0.80646300 0.11892700
vt 0.80869200 0.11892700
vt 0.80646300 0.11712500
vt 0.80869200 0.11712500
vt 0.79298400 0.00000000
vt 0.79255400 0.23064900
vt 0.77526000 0.23064600
vt 0.70121900 0.00000000
vt 0.70121900 0.02885900
vt 0.70121900 0.05771900
vt 0.70121900 0.08633800
vt 0.70121900 0.11543800
vt 0.70121900 0.14429700
vt 0.70121900 0.17315700
vt 0.70121900 0.20201600
vt 0.70121900 0.23087600
vt 0.71850900 0.00000200
vt 0.73579900 0.00000500
vt 0.73666000 0.23087600
vt 0.71893900 0.23087600
vt 0.73579900 0.00000700
vt 0.71914100 0.02885900
vt 0.70121900 0.01443000
vt 0.71914100 0.01443000
vt 0.72810200 0.01443000
vt 0.71914100 0.00721500
vt 0.72810200 0.00721500
vt 0.73258200 0.00721500
vt 0.72810200 0.00360700
vt 0.73258200 0.00360700
vt 0.73482200 0.00360700
vt 0.73258200 0.00180400
vt 0.73482200 0.00180400
vt 0.73482200 0.00090200
vt 0.73538200 0.00090200
vt 0.73482200 0.00045100
vt 0.73538200 0.00045100
vt 0.73370200 0.00180400
vt 0.73258200 0.00090200
vt 0.73370200 0.00090200
vt 0.73034200 0.00360700
vt 0.72810200 0.00180400
vt 0.73034200 0.00180400
vt 0.72362100 0.00721500
vt 0.71914100 0.00360700
vt 0.72362100 0.00360700
vt 0.71018000 0.01443000
vt 0.70121900 0.00721500
vt 0.71018000 0.00721500
vt 0.73566200 0.00045100
vt 0.73538200 0.00022500
vt 0.73566200 0.00022500
vt 0.73566200 0.00011300
vt 0.73573200 0.00011300
vt 0.73566200 0.00005600
vt 0.73573200 0.00005600
vt 0.73552200 0.00022500
vt 0.73538200 0.00011300
vt 0.73552200 0.00011300
vt 0.73510200 0.00045100
vt 0.73482200 0.00022500
vt 0.73510200 0.00022500
vt 0.73426200 0.00090200
vt 0.73370200 0.00045100
vt 0.73426200 0.00045100
vt 0.73576700 0.00005600
vt 0.73573200 0.00002800
vt 0.73576700 0.00002800
vt 0.73581200 0.01443400
vt 0.73584200 0.02888700
vt 0.73584300 0.02937700
vt 0.73584400 0.02986500
vt 0.73584700 0.03083800
vt 0.73585200 0.03276900
vt 0.73586400 0.03657300
vt 0.73588800 0.04394900
vt 0.73593800 0.05776700
vt 0.73596300 0.06439700
vt 0.73599000 0.07119500
vt 0.73604700 0.08529400
vt 0.73610900 0.10007200
vt 0.73617500 0.11553300
vt 0.73617600 0.11562100
vt 0.73617600 0.11571000
vt 0.73617700 0.11588800
vt 0.73617800 0.11624400
vt 0.73618100 0.11696500
vt 0.73618800 0.11843200
vt 0.73620100 0.12147400
vt 0.73622900 0.12798700
vt 0.73629500 0.14276400
vt 0.73633200 0.15104800
vt 0.73634200 0.15321200
vt 0.73634700 0.15429500
vt 0.73635200 0.15534300
vt 0.73637100 0.15938600
vt 0.73643000 0.17315200
vt 0.73643000 0.17320300
vt 0.73643000 0.17325400
vt 0.73643000 0.17335900
vt 0.73643100 0.17358100
vt 0.73643300 0.17407200
vt 0.73643700 0.17524400
vt 0.73644800 0.17834200
vt 0.73647700 0.18756900
vt 0.73647700 0.18770800
vt 0.73647700 0.18784700
vt 0.73647800 0.18812300
vt 0.73648000 0.18867100
vt 0.73648300 0.18974600
vt 0.73649100 0.19181600
vt 0.73650500 0.19563700
vt 0.73653500 0.20199500
vt 0.73653900 0.20267700
vt 0.73654400 0.20342200
vt 0.73655500 0.20510100
vt 0.73658400 0.20921200
vt 0.73658700 0.20952900
vt 0.73658900 0.20984000
vt 0.73659400 0.21044500
vt 0.73660200 0.21158300
vt 0.73661700 0.21357500
vt 0.73663600 0.21643200
vt 0.73663700 0.21649800
vt 0.73663700 0.21656400
vt 0.73663800 0.21669600
vt 0.73663900 0.21695800
vt 0.73664200 0.21747900
vt 0.73664800 0.21850700
vt 0.73665800 0.22050500
vt 0.73666900 0.22426800
vt 0.71914100 0.05771900
vt 0.70121900 0.04328900
vt 0.71914100 0.04328900
vt 0.72810200 0.04328900
vt 0.71914100 0.03607400
vt 0.72810200 0.02885900
vt 0.72810200 0.03607400
vt 0.73258200 0.03607400
vt 0.72810200 0.03246700
vt 0.73258200 0.02885900
vt 0.73258200 0.03246700
vt 0.71914100 0.02164500
vt 0.72810200 0.02164500
vt 0.73258200 0.03066300
vt 0.73482200 0.02885900
vt 0.73482200 0.03066300
vt 0.72810200 0.02525200
vt 0.73258200 0.02164500
vt 0.73258200 0.02525200
vt 0.73482200 0.02976100
vt 0.73258200 0.02705600
vt 0.73482200 0.02525200
vt 0.73482200 0.02705600
vt 0.71914100 0.08633800
vt 0.70121900 0.07202800
vt 0.71914100 0.07202800
vt 0.71914100 0.14429700
vt 0.70121900 0.12986800
vt 0.71914100 0.11543800
vt 0.71914100 0.12986800
vt 0.72810200 0.12986800
vt 0.71914100 0.12265300
vt 0.72810200 0.11543800
vt 0.72810200 0.12265300
vt 0.70121900 0.10088800
vt 0.71914100 0.10088800
vt 0.73258200 0.12265300
vt 0.72810200 0.11904500
vt 0.73258200 0.11543800
vt 0.73258200 0.11904500
vt 0.71914100 0.10816300
vt 0.72810200 0.10088800
vt 0.72810200 0.10816300
vt 0.73482200 0.11904500
vt 0.73258200 0.11724200
vt 0.73482200 0.11543800
vt 0.73482200 0.11724200
vt 0.72810200 0.11180000
vt 0.73258200 0.10816300
vt 0.73258200 0.11180000
vt 0.73482200 0.11634000
vt 0.73594200 0.11543800
vt 0.73594200 0.11634000
vt 0.73258200 0.11361900
vt 0.73482200 0.11180000
vt 0.73482200 0.11361900
vt 0.73594200 0.11588900
vt 0.73482200 0.11452800
vt 0.73594200 0.11361900
vt 0.73594200 0.11452800
vt 0.73594200 0.11566300
vt 0.73538200 0.11634000
vt 0.73482200 0.11588900
vt 0.73538200 0.11543800
vt 0.73538200 0.11588900
vt 0.73370200 0.11724200
vt 0.73258200 0.11634000
vt 0.73370200 0.11543800
vt 0.73370200 0.11634000
vt 0.73034200 0.11904500
vt 0.72810200 0.11724200
vt 0.73034200 0.11543800
vt 0.73034200 0.11724200
vt 0.72362100 0.12265300
vt 0.71914100 0.11904500
vt 0.72362100 0.11543800
vt 0.72362100 0.11904500
vt 0.71018000 0.12986800
vt 0.70121900 0.12265300
vt 0.71018000 0.11543800
vt 0.71018000 0.12265300
vt 0.73594200 0.11498300
vt 0.71914100 0.17315700
vt 0.70121900 0.15872700
vt 0.71914100 0.15872700
vt 0.72810200 0.15872700
vt 0.71914100 0.15151200
vt 0.72810200 0.14429700
vt 0.72810200 0.15151200
vt 0.73258200 0.15151200
vt 0.72810200 0.14790500
vt 0.73258200 0.14429700
vt 0.73258200 0.14790500
vt 0.71914100 0.13708200
vt 0.72810200 0.13708200
vt 0.73258200 0.15872700
vt 0.72810200 0.15512000
vt 0.73258200 0.15512000
vt 0.72810200 0.17315700
vt 0.71914100 0.16594200
vt 0.72810200 0.16594200
vt 0.71914100 0.20201600
vt 0.70121900 0.18758700
vt 0.71914100 0.18758700
vt 0.73482200 0.15512000
vt 0.73258200 0.15331600
vt 0.73482200 0.15151200
vt 0.73482200 0.15331600
vt 0.73482200 0.15872700
vt 0.73258200 0.15692300
vt 0.73482200 0.15692300
vt 0.73258200 0.16594200
vt 0.72810200 0.16233400
vt 0.73258200 0.16233400
vt 0.73258200 0.17315700
vt 0.72810200 0.16954900
vt 0.73258200 0.16954900
vt 0.72810200 0.18758700
vt 0.71914100 0.18037200
vt 0.72810200 0.18037200
vt 0.73482200 0.17315700
vt 0.73258200 0.17135300
vt 0.73482200 0.16954900
vt 0.73482200 0.17135300
vt 0.73258200 0.18037200
vt 0.72810200 0.17676400
vt 0.73258200 0.17676400
vt 0.73594200 0.17315700
vt 0.73482200 0.17225500
vt 0.73594200 0.17135300
vt 0.73594200 0.17225500
vt 0.73482200 0.17676400
vt 0.73258200 0.17496000
vt 0.73482200 0.17496000
vt 0.73594200 0.17270600
vt 0.73482200 0.17405900
vt 0.73594200 0.17405900
vt 0.73622300 0.17315700
vt 0.73594200 0.17293100
vt 0.73622300 0.17270600
vt 0.73622300 0.17293100
vt 0.73594200 0.17360800
vt 0.73538200 0.17315700
vt 0.73482200 0.17270600
vt 0.73538200 0.17225500
vt 0.73538200 0.17270600
vt 0.73370200 0.17315700
vt 0.73258200 0.17225500
vt 0.73370200 0.17135300
vt 0.73370200 0.17225500
vt 0.73034200 0.17315700
vt 0.72810200 0.17135300
vt 0.73034200 0.16954900
vt 0.73034200 0.17135300
vt 0.72362100 0.17315700
vt 0.71914100 0.16954900
vt 0.72362100 0.16594200
vt 0.72362100 0.16954900
vt 0.71018000 0.17315700
vt 0.70121900 0.16594200
vt 0.71018000 0.15872700
vt 0.71018000 0.16594200
vt 0.73622300 0.17360800
vt 0.73594200 0.17338200
vt 0.73622300 0.17338200
vt 0.73538200 0.17405900
vt 0.73482200 0.17360800
vt 0.73538200 0.17360800
vt 0.73370200 0.17496000
vt 0.73258200 0.17405900
vt 0.73370200 0.17405900
vt 0.73034200 0.17676400
vt 0.72810200 0.17496000
vt 0.73034200 0.17496000
vt 0.72362100 0.18037200
vt 0.71914100 0.17676400
vt 0.72362100 0.17676400
vt 0.71018000 0.18758700
vt 0.70121900 0.18037200
vt 0.71018000 0.18037200
vt 0.73636300 0.17338200
vt 0.73622300 0.17327000
vt 0.73636300 0.17327000
vt 0.73258200 0.18758700
vt 0.72810200 0.18397900
vt 0.73258200 0.18397900
vt 0.72810200 0.20201600
vt 0.71914100 0.19480100
vt 0.72810200 0.19480100
vt 0.70121900 0.21644600
vt 0.71914100 0.21644600
vt 0.73482200 0.18758700
vt 0.73258200 0.18578300
vt 0.73482200 0.18397900
vt 0.73482200 0.18578300
vt 0.73258200 0.19480100
vt 0.72810200 0.19119400
vt 0.73258200 0.19119400
vt 0.73594200 0.18758700
vt 0.73482200 0.18668500
vt 0.73594200 0.18578300
vt 0.73594200 0.18668500
vt 0.73482200 0.19119400
vt 0.73258200 0.18939000
vt 0.73482200 0.18939000
vt 0.73594200 0.18713600
vt 0.73482200 0.18848800
vt 0.73594200 0.18848800
vt 0.73622300 0.18758700
vt 0.73594200 0.18736100
vt 0.73622300 0.18713600
vt 0.73622300 0.18736100
vt 0.73594200 0.18803700
vt 0.73538200 0.18758700
vt 0.73482200 0.18713600
vt 0.73538200 0.18668500
vt 0.73538200 0.18713600
vt 0.73370200 0.18758700
vt 0.73258200 0.18668500
vt 0.73370200 0.18578300
vt 0.73370200 0.18668500
vt 0.73034200 0.18758700
vt 0.72810200 0.18578300
vt 0.73034200 0.18397900
vt 0.73034200 0.18578300
vt 0.72362100 0.18758700
vt 0.71914100 0.18397900
vt 0.72362100 0.18397900
vt 0.73622300 0.18803700
vt 0.73594200 0.18781200
vt 0.73622300 0.18781200
vt 0.73538200 0.18848800
vt 0.73482200 0.18803700
vt 0.73538200 0.18803700
vt 0.73370200 0.18939000
vt 0.73258200 0.18848800
vt 0.73370200 0.18848800
vt 0.73034200 0.19119400
vt 0.72810200 0.18939000
vt 0.73034200 0.18939000
vt 0.72362100 0.19480100
vt 0.71914100 0.19119400
vt 0.72362100 0.19119400
vt 0.71018000 0.20201600
vt 0.70121900 0.19480100
vt 0.71018000 0.19480100
vt 0.73258200 0.20201600
vt 0.72810200 0.19840900
vt 0.73258200 0.19840900
vt 0.72810200 0.21644600
vt 0.71914100 0.20923100
vt 0.72810200 0.20923100
vt 0.73482200 0.20201600
vt 0.73258200 0.20021300
vt 0.73482200 0.19840900
vt 0.73482200 0.20021300
vt 0.73258200 0.20923100
vt 0.72810200 0.20562400
vt 0.73258200 0.20562400
vt 0.73594200 0.20201600
vt 0.73482200 0.20111400
vt 0.73594200 0.20021300
vt 0.73594200 0.20111400
vt 0.73482200 0.20562400
vt 0.73258200 0.20382000
vt 0.73482200 0.20382000
vt 0.73594200 0.20382000
vt 0.73482200 0.20291800
vt 0.73594200 0.20291800
vt 0.73482200 0.20923100
vt 0.73258200 0.20742700
vt 0.73482200 0.20742700
vt 0.73258200 0.21644600
vt 0.72810200 0.21283900
vt 0.73258200 0.21283900
vt 0.71914100 0.22366100
vt 0.72810200 0.22366100
vt 0.73594200 0.20923100
vt 0.73482200 0.20832900
vt 0.73594200 0.20742700
vt 0.73594200 0.20832900
vt 0.73482200 0.21283900
vt 0.73258200 0.21103500
vt 0.73482200 0.21103500
vt 0.73594200 0.20878000
vt 0.73650300 0.20832900
vt 0.73650300 0.20878000
vt 0.73594200 0.21103500
vt 0.73482200 0.21013300
vt 0.73594200 0.21013300
vt 0.73594200 0.20968200
vt 0.73482200 0.21644600
vt 0.73258200 0.21464200
vt 0.73482200 0.21464200
vt 0.73258200 0.22366100
vt 0.72810200 0.22005300
vt 0.73258200 0.22005300
vt 0.73594200 0.21644600
vt 0.73482200 0.21554400
vt 0.73594200 0.21464200
vt 0.73594200 0.21554400
vt 0.73482200 0.22005300
vt 0.73258200 0.21825000
vt 0.73482200 0.21825000
vt 0.73650300 0.21644600
vt 0.73594200 0.21599500
vt 0.73650300 0.21554400
vt 0.73650300 0.21599500
vt 0.73594200 0.21825000
vt 0.73482200 0.21734800
vt 0.73594200 0.21734800
vt 0.73650300 0.21622100
vt 0.73594200 0.21689700
vt 0.73650300 0.21633300
vt 0.73650300 0.21667100
vt 0.73622300 0.21644600
vt 0.73594200 0.21622100
vt 0.73622300 0.21599500
vt 0.73622300 0.21622100
vt 0.73538200 0.21644600
vt 0.73482200 0.21599500
vt 0.73538200 0.21554400
vt 0.73538200 0.21599500
vt 0.73370200 0.21644600
vt 0.73258200 0.21554400
vt 0.73370200 0.21464200
vt 0.73370200 0.21554400
vt 0.73034200 0.21644600
vt 0.72810200 0.21464200
vt 0.73034200 0.21283900
vt 0.73034200 0.21464200
vt 0.72362100 0.21644600
vt 0.71914100 0.21283900
vt 0.72362100 0.20923100
vt 0.72362100 0.21283900
vt 0.71018000 0.21644600
vt 0.70121900 0.20923100
vt 0.71018000 0.20923100
vt 0.73650300 0.21655900
vt 0.73622300 0.21689700
vt 0.73594200 0.21667100
vt 0.73622300 0.21667100
vt 0.73538200 0.21734800
vt 0.73482200 0.21689700
vt 0.73538200 0.21689700
vt 0.73370200 0.21825000
vt 0.73258200 0.21734800
vt 0.73370200 0.21734800
vt 0.73034200 0.22005300
vt 0.72810200 0.21825000
vt 0.73034200 0.21825000
vt 0.72362100 0.22366100
vt 0.71914100 0.22005300
vt 0.72362100 0.22005300
vt 0.70121900 0.22366100
vt 0.71018000 0.22366100
vt 0.81238500 0.00000000
vt 0.81238500 0.03296600
vt 0.81238500 0.06660400
vt 0.81238500 0.09889200
vt 0.81238500 0.13183900
vt 0.81238500 0.16476500
vt 0.81238500 0.19772000
vt 0.84783400 0.00000000
vt 0.84777400 0.01342100
vt 0.84771200 0.02888200
vt 0.84771200 0.02905800
vt 0.84771100 0.02923400
vt 0.84771000 0.02958400
vt 0.84770700 0.03027700
vt 0.84770200 0.03164000
vt 0.84769200 0.03427000
vt 0.84767300 0.03914100
vt 0.84764200 0.04733600
vt 0.84760200 0.05755400
vt 0.84760200 0.05761500
vt 0.84760100 0.05767600
vt 0.84760100 0.05779800
vt 0.84760000 0.05804100
vt 0.84759800 0.05852800
vt 0.84759400 0.05950000
vt 0.84758600 0.06143400
vt 0.84756900 0.06527200
vt 0.84753700 0.07282700
vt 0.84747200 0.08748000
vt 0.84734900 0.11497600
vt 0.84734700 0.11534100
vt 0.84734600 0.11570600
vt 0.84734200 0.11643900
vt 0.84733600 0.11791200
vt 0.84732200 0.12089000
vt 0.84729400 0.12697300
vt 0.84723500 0.13965600
vt 0.84711600 0.16716100
vt 0.84706200 0.18198700
vt 0.84701700 0.19752000
vt 0.84698600 0.21374900
vt 0.84697400 0.23065800
vt 0.83021600 0.03296600
vt 0.81238500 0.01648300
vt 0.83021600 0.01648300
vt 0.83913200 0.03296600
vt 0.83021600 0.02472500
vt 0.83913200 0.01648300
vt 0.83913200 0.02472500
vt 0.83021600 0.06660400
vt 0.81238500 0.04978500
vt 0.83021600 0.04978500
vt 0.84358900 0.03296600
vt 0.83913200 0.02884600
vt 0.84358900 0.02472500
vt 0.84358900 0.02884600
vt 0.83913200 0.04978500
vt 0.83021600 0.04137600
vt 0.83913200 0.04137600
vt 0.84581800 0.03296600
vt 0.84358900 0.03090600
vt 0.84581800 0.02884600
vt 0.84581800 0.03090600
vt 0.84358900 0.04137600
vt 0.83913200 0.03717100
vt 0.84358900 0.03717100
vt 0.84693200 0.03090600
vt 0.84581800 0.02987600
vt 0.84693200 0.02884600
vt 0.84693200 0.02987600
vt 0.84358900 0.02678500
vt 0.84581800 0.02472500
vt 0.84581800 0.02678500
vt 0.83913200 0.02060400
vt 0.84358900 0.01648300
vt 0.84358900 0.02060400
vt 0.83021600 0.00824200
vt 0.83913200 0.00824200
vt 0.84749000 0.02987600
vt 0.84693200 0.02936100
vt 0.84749000 0.02884600
vt 0.84749000 0.02936100
vt 0.84581800 0.02781500
vt 0.84693200 0.02678500
vt 0.84693200 0.02781500
vt 0.84749000 0.02910300
vt 0.84693200 0.02833000
vt 0.84749000 0.02781500
vt 0.84749000 0.02833000
vt 0.83913200 0.06660400
vt 0.83021600 0.05819400
vt 0.83913200 0.05819400
vt 0.83021600 0.09889200
vt 0.81238500 0.08274800
vt 0.83021600 0.08274800
vt 0.84358900 0.05819400
vt 0.83913200 0.05399000
vt 0.84358900 0.04978500
vt 0.84358900 0.05399000
vt 0.84581800 0.05819400
vt 0.84358900 0.05609200
vt 0.84581800 0.05399000
vt 0.84581800 0.05609200
vt 0.84358900 0.06660400
vt 0.83913200 0.06239900
vt 0.84358900 0.06239900
vt 0.83913200 0.08274800
vt 0.83021600 0.07467600
vt 0.83913200 0.07467600
vt 0.84693200 0.05819400
vt 0.84581800 0.05714300
vt 0.84693200 0.05609200
vt 0.84693200 0.05714300
vt 0.84581800 0.06239900
vt 0.84358900 0.06029700
vt 0.84581800 0.06029700
vt 0.84749000 0.05819400
vt 0.84693200 0.05766900
vt 0.84749000 0.05714300
vt 0.84749000 0.05766900
vt 0.84693200 0.06029700
vt 0.84581800 0.05924500
vt 0.84693200 0.05924500
vt 0.84749000 0.05740600
vt 0.84693200 0.05661700
vt 0.84749000 0.05609200
vt 0.84749000 0.05661700
vt 0.84581800 0.05504100
vt 0.84693200 0.05399000
vt 0.84693200 0.05504100
vt 0.84358900 0.05188700
vt 0.84581800 0.04978500
vt 0.84581800 0.05188700
vt 0.83913200 0.04558000
vt 0.84358900 0.04558000
vt 0.84749000 0.05753700
vt 0.84749000 0.05793100
vt 0.84693200 0.05872000
vt 0.84749000 0.05872000
vt 0.84721100 0.05766900
vt 0.84693200 0.05740600
vt 0.84721100 0.05714300
vt 0.84721100 0.05740600
vt 0.84637500 0.05819400
vt 0.84581800 0.05766900
vt 0.84637500 0.05714300
vt 0.84637500 0.05766900
vt 0.84470400 0.05819400
vt 0.84358900 0.05714300
vt 0.84470400 0.05609200
vt 0.84470400 0.05714300
vt 0.84136000 0.05819400
vt 0.83913200 0.05609200
vt 0.84136000 0.05399000
vt 0.84136000 0.05609200
vt 0.83467400 0.05819400
vt 0.83021600 0.05399000
vt 0.83467400 0.04978500
vt 0.83467400 0.05399000
vt 0.82130100 0.06660400
vt 0.81238500 0.05819400
vt 0.82130100 0.04978500
vt 0.82130100 0.05819400
vt 0.84749000 0.05780000
vt 0.84721100 0.05819400
vt 0.84693200 0.05793100
vt 0.84721100 0.05793100
vt 0.83021600 0.13183900
vt 0.81238500 0.11536500
vt 0.83021600 0.11536500
vt 0.83913200 0.11536500
vt 0.83021600 0.10712800
vt 0.83913200 0.09889200
vt 0.83913200 0.10712800
vt 0.84358900 0.11536500
vt 0.83913200 0.11124700
vt 0.84358900 0.10712800
vt 0.84358900 0.11124700
vt 0.83913200 0.13183900
vt 0.83021600 0.12360200
vt 0.83913200 0.12360200
vt 0.83021600 0.16476500
vt 0.81238500 0.14830200
vt 0.83021600 0.14830200
vt 0.84581800 0.11536500
vt 0.84358900 0.11330600
vt 0.84581800 0.11124700
vt 0.84581800 0.11330600
vt 0.84358900 0.12360200
vt 0.83913200 0.11948300
vt 0.84358900 0.11948300
vt 0.84693200 0.11536500
vt 0.84581800 0.11433600
vt 0.84693200 0.11330600
vt 0.84693200 0.11433600
vt 0.84581800 0.11948300
vt 0.84358900 0.11742400
vt 0.84581800 0.11742400
vt 0.84693200 0.11485000
vt 0.84581800 0.11639500
vt 0.84693200 0.11639500
vt 0.84693200 0.11588000
vt 0.82968000 0.23066000
vt 0.81238500 0.23066200
vt 0.83011000 0.00000000
vt 0.96295900 0.26580900
vt 0.96294500 0.28370700
vt 0.96291200 0.29909300
vt 0.96291200 0.29935900
vt 0.96291100 0.29962500
vt 0.96291000 0.30015700
vt 0.96290700 0.30121900
vt 0.96290100 0.30333700
vt 0.96288800 0.30754800
vt 0.96286100 0.31587400
vt 0.96279800 0.33213600
vt 0.96279700 0.33236000
vt 0.96279600 0.33258500
vt 0.96279500 0.33303600
vt 0.96279100 0.33394100
vt 0.96278300 0.33576500
vt 0.96276700 0.33946500
vt 0.96273200 0.34708000
vt 0.96265300 0.36316300
vt 0.96255600 0.38038700
vt 0.96244100 0.39874800
vt 0.96243300 0.39989000
vt 0.96242500 0.40102500
vt 0.96241000 0.40327400
vt 0.96238000 0.40769200
vt 0.96232100 0.41620400
vt 0.96221000 0.43193000
vt 0.96220900 0.43219800
vt 0.96220700 0.43246700
vt 0.96220300 0.43300300
vt 0.96219500 0.43407400
vt 0.96218000 0.43621100
vt 0.96215100 0.44046300
vt 0.96209300 0.44887900
vt 0.96198400 0.46536200
vt 0.96198000 0.46584200
vt 0.96197700 0.46632200
vt 0.96197100 0.46728400
vt 0.96195900 0.46921600
vt 0.96193500 0.47311000
vt 0.96188600 0.48101900
vt 0.96179200 0.49732100
vt 0.96170100 0.51426400
vt 0.96161400 0.53184200
vt 0.94454000 0.30178300
vt 0.95375000 0.30178300
vt 0.94454000 0.29279000
vt 0.95375000 0.28379600
vt 0.95375000 0.29279000
vt 0.94454000 0.33681400
vt 0.94454000 0.31929900
vt 0.95835500 0.30178300
vt 0.95375000 0.29728700
vt 0.95835500 0.29279000
vt 0.95835500 0.29728700
vt 0.95375000 0.31929900
vt 0.94454000 0.31054100
vt 0.95375000 0.31054100
vt 0.96065700 0.30178300
vt 0.95835500 0.29953500
vt 0.96065700 0.29728700
vt 0.96065700 0.29953500
vt 0.95835500 0.31054100
vt 0.95375000 0.30616200
vt 0.95835500 0.30616200
vt 0.96180800 0.29953500
vt 0.96065700 0.29841100
vt 0.96180800 0.29728700
vt 0.96180800 0.29841100
vt 0.95835500 0.29503800
vt 0.96065700 0.29279000
vt 0.96065700 0.29503800
vt 0.95375000 0.28829300
vt 0.95835500 0.28379600
vt 0.95835500 0.28829300
vt 0.94454000 0.23172700
vt 0.96238400 0.29953500
vt 0.96180800 0.29897300
vt 0.96238400 0.29841100
vt 0.96238400 0.29897300
vt 0.96180800 0.30178300
vt 0.96065700 0.30065900
vt 0.96180800 0.30065900
vt 0.96065700 0.30616200
vt 0.95835500 0.30397300
vt 0.96065700 0.30397300
vt 0.96238400 0.30065900
vt 0.96180800 0.30009700
vt 0.96238400 0.30009700
vt 0.95375000 0.33681400
vt 0.94454000 0.32805700
vt 0.95375000 0.32805700
vt 0.94454000 0.35343100
vt 0.95835500 0.33681400
vt 0.95375000 0.33243500
vt 0.95835500 0.32805700
vt 0.95835500 0.33243500
vt 0.95375000 0.35343100
vt 0.94454000 0.34512300
vt 0.95375000 0.34512300
vt 0.96065700 0.33243500
vt 0.95835500 0.33024600
vt 0.96065700 0.32805700
vt 0.96065700 0.33024600
vt 0.95375000 0.32367800
vt 0.95835500 0.31929900
vt 0.95835500 0.32367800
vt 0.96180800 0.33243500
vt 0.96065700 0.33134100
vt 0.96180800 0.33024600
vt 0.96180800 0.33134100
vt 0.96065700 0.33681400
vt 0.95835500 0.33462500
vt 0.96065700 0.33462500
vt 0.95835500 0.34512300
vt 0.95375000 0.34096800
vt 0.95835500 0.34096800
vt 0.96238400 0.33243500
vt 0.96180800 0.33188800
vt 0.96238400 0.33134100
vt 0.96238400 0.33188800
vt 0.96180800 0.33462500
vt 0.96065700 0.33353000
vt 0.96180800 0.33353000
vt 0.96238400 0.33353000
vt 0.96180800 0.33298300
vt 0.96238400 0.33298300
vt 0.94454000 0.40240700
vt 0.94454000 0.38622700
vt 0.95375000 0.40240700
vt 0.94454000 0.39431700
vt 0.95375000 0.38622700
vt 0.95375000 0.39431700
vt 0.94454000 0.43476500
vt 0.94454000 0.41858600
vt 0.95835500 0.40240700
vt 0.95375000 0.39836200
vt 0.95835500 0.39431700
vt 0.95835500 0.39836200
vt 0.95375000 0.41858600
vt 0.94454000 0.41049600
vt 0.95375000 0.41049600
vt 0.96065700 0.40240700
vt 0.95835500 0.40038400
vt 0.96065700 0.39836200
vt 0.96065700 0.40038400
vt 0.95835500 0.41049600
vt 0.95375000 0.40645100
vt 0.95835500 0.40645100
vt 0.95375000 0.43476500
vt 0.94454000 0.42667600
vt 0.95375000 0.42667600
vt 0.94454000 0.46712400
vt 0.94454000 0.45094500
vt 0.95835500 0.43476500
vt 0.95375000 0.43072100
vt 0.95835500 0.42667600
vt 0.95835500 0.43072100
vt 0.95375000 0.45094500
vt 0.94454000 0.44285500
vt 0.95375000 0.44285500
vt 0.96065700 0.43476500
vt 0.95835500 0.43274300
vt 0.96065700 0.43072100
vt 0.96065700 0.43274300
vt 0.95835500 0.44285500
vt 0.95375000 0.43881000
vt 0.95835500 0.43881000
vt 0.96180800 0.43274300
vt 0.96065700 0.43173200
vt 0.96180800 0.43072100
vt 0.96180800 0.43173200
vt 0.95835500 0.42869800
vt 0.96065700 0.42667600
vt 0.96065700 0.42869800
vt 0.95375000 0.42263100
vt 0.95835500 0.41858600
vt 0.95835500 0.42263100
vt 0.96180800 0.43223700
vt 0.96180800 0.43476500
vt 0.96065700 0.43375400
vt 0.96180800 0.43375400
vt 0.96065700 0.43881000
vt 0.95835500 0.43678800
vt 0.96065700 0.43678800
vt 0.95375000 0.46712400
vt 0.94454000 0.45903500
vt 0.95375000 0.45903500
vt 0.94454000 0.48330400
vt 0.95835500 0.46712400
vt 0.95375000 0.46307900
vt 0.95835500 0.45903500
vt 0.95835500 0.46307900
vt 0.95375000 0.48330400
vt 0.94454000 0.47521400
vt 0.95375000 0.47521400
vt 0.96065700 0.46712400
vt 0.95835500 0.46510200
vt 0.96065700 0.46307900
vt 0.96065700 0.46510200
vt 0.95835500 0.47521400
vt 0.95375000 0.47116900
vt 0.95835500 0.47116900
vt 0.96065700 0.46611300
vt 0.96065700 0.47116900
vt 0.95835500 0.46914700
vt 0.96065700 0.46914700
vt 0.96161400 0.00000000
vt 0.96170100 0.01745500
vt 0.96179200 0.03432900
vt 0.96188700 0.05061600
vt 0.96198400 0.06631500
vt 0.96198800 0.06682300
vt 0.96199100 0.06733100
vt 0.96199700 0.06834900
vt 0.96201100 0.07038900
vt 0.96203800 0.07449100
vt 0.96209300 0.08277600
vt 0.96221000 0.09967300
vt 0.96221200 0.09990600
vt 0.96221400 0.10014000
vt 0.96221700 0.10060900
vt 0.96222400 0.10155200
vt 0.96223700 0.10345700
vt 0.96226400 0.10734500
vt 0.96232100 0.11543600
vt 0.96244100 0.13287400
vt 0.96244800 0.13405300
vt 0.96245600 0.13522700
vt 0.96247100 0.13756200
vt 0.96250100 0.14217900
vt 0.96255600 0.15120200
vt 0.96265300 0.16840300
vt 0.96273200 0.18448000
vt 0.96279800 0.19943500
vt 0.96279900 0.19968500
vt 0.96280100 0.19993600
vt 0.96280300 0.20043800
vt 0.96280700 0.20144400
vt 0.96281500 0.20346100
vt 0.96283100 0.20751900
vt 0.96286100 0.21572900
vt 0.96291300 0.23252800
vt 0.96291300 0.23275000
vt 0.96291400 0.23297200
vt 0.96291500 0.23341800
vt 0.96291700 0.23431800
vt 0.96292200 0.23614600
vt 0.96293000 0.23991900
vt 0.96294500 0.24793000
vt 0.94454000 0.09691800
vt 0.94454000 0.06415400
vt 0.94454000 0.08053600
vt 0.95375000 0.08053600
vt 0.94454000 0.07234500
vt 0.95375000 0.06415400
vt 0.95375000 0.07234500
vt 0.94454000 0.04816200
vt 0.95835500 0.07234500
vt 0.95375000 0.06824900
vt 0.95835500 0.06415400
vt 0.95835500 0.06824900
vt 0.94454000 0.05615800
vt 0.95375000 0.04816200
vt 0.95375000 0.05615800
vt 0.96065700 0.06824900
vt 0.95835500 0.06620100
vt 0.96065700 0.06415400
vt 0.96065700 0.06620100
vt 0.95375000 0.06015600
vt 0.95835500 0.05615800
vt 0.95835500 0.06015600
vt 0.96065700 0.06722500
vt 0.96065700 0.07234500
vt 0.95835500 0.07029700
vt 0.96065700 0.07029700
vt 0.95835500 0.08053600
vt 0.95375000 0.07644000
vt 0.95835500 0.07644000
vt 0.95375000 0.09691800
vt 0.94454000 0.08872700
vt 0.95375000 0.08872700
vt 0.94454000 0.12913000
vt 0.94454000 0.11302400
vt 0.95375000 0.11302400
vt 0.94454000 0.10497100
vt 0.95375000 0.10497100
vt 0.95835500 0.10497100
vt 0.95375000 0.10094400
vt 0.95835500 0.09691800
vt 0.95835500 0.10094400
vt 0.96065700 0.10094400
vt 0.95835500 0.09893100
vt 0.96065700 0.09691800
vt 0.96065700 0.09893100
vt 0.95375000 0.09282200
vt 0.95835500 0.08872700
vt 0.95835500 0.09282200
vt 0.96180800 0.10094400
vt 0.96065700 0.09993800
vt 0.96180800 0.09893100
vt 0.96180800 0.09993800
vt 0.96065700 0.10497100
vt 0.95835500 0.10295800
vt 0.96065700 0.10295800
vt 0.95835500 0.11302400
vt 0.95375000 0.10899700
vt 0.95835500 0.10899700
vt 0.95375000 0.12913000
vt 0.94454000 0.12107700
vt 0.95375000 0.12107700
vt 0.94454000 0.16332900
vt 0.94454000 0.14623000
vt 0.96180800 0.09943400
vt 0.96065700 0.09792400
vt 0.96180800 0.09691800
vt 0.96180800 0.09792400
vt 0.95835500 0.09487000
vt 0.96065700 0.09282200
vt 0.96065700 0.09487000
vt 0.96180800 0.10044100
vt 0.96065700 0.10195100
vt 0.96180800 0.10195100
vt 0.95375000 0.14623000
vt 0.94454000 0.13768000
vt 0.95375000 0.13768000
vt 0.95835500 0.13768000
vt 0.95375000 0.13340500
vt 0.95835500 0.12913000
vt 0.95835500 0.13340500
vt 0.96065700 0.13340500
vt 0.95835500 0.13126800
vt 0.96065700 0.12913000
vt 0.96065700 0.13126800
vt 0.95375000 0.12510400
vt 0.95835500 0.12107700
vt 0.95835500 0.12510400
vt 0.96065700 0.13768000
vt 0.95835500 0.13554300
vt 0.96065700 0.13554300
vt 0.95835500 0.14623000
vt 0.95375000 0.14195500
vt 0.95835500 0.14195500
vt 0.95375000 0.16332900
vt 0.94454000 0.15478000
vt 0.95375000 0.15478000
vt 0.94454000 0.19752800
vt 0.94454000 0.18042900
vt 0.94454000 0.21462800
vt 0.95375000 0.21462800
vt 0.94454000 0.20607800
vt 0.95375000 0.19752800
vt 0.95375000 0.20607800
vt 0.95835500 0.20607800
vt 0.95375000 0.20180300
vt 0.95835500 0.19752800
vt 0.95835500 0.20180300
vt 0.94454000 0.18897800
vt 0.95375000 0.18042900
vt 0.95375000 0.18897800
vt 0.96065700 0.20180300
vt 0.95835500 0.19966600
vt 0.96065700 0.19752800
vt 0.96065700 0.19966600
vt 0.95375000 0.19325300
vt 0.95835500 0.18897800
vt 0.95835500 0.19325300
vt 0.96180800 0.19966600
vt 0.96065700 0.19859700
vt 0.96180800 0.19752800
vt 0.96180800 0.19859700
vt 0.95835500 0.19539100
vt 0.96065700 0.19325300
vt 0.96065700 0.19539100
vt 0.96180800 0.20180300
vt 0.96065700 0.20073400
vt 0.96180800 0.20073400
vt 0.96065700 0.20607800
vt 0.95835500 0.20394000
vt 0.96065700 0.20394000
vt 0.95835500 0.21462800
vt 0.95375000 0.21035300
vt 0.95835500 0.21035300
vt 0.95375000 0.23172700
vt 0.94454000 0.22317700
vt 0.95375000 0.22317700
vt 0.96238400 0.20073400
vt 0.96180800 0.20020000
vt 0.96238400 0.19966600
vt 0.96238400 0.20020000
vt 0.95375000 0.24876800
vt 0.94454000 0.24024800
vt 0.95375000 0.24024800
vt 0.95835500 0.24024800
vt 0.95375000 0.23598700
vt 0.95835500 0.23172700
vt 0.95835500 0.23598700
vt 0.96065700 0.23598700
vt 0.95835500 0.23385700
vt 0.96065700 0.23172700
vt 0.96065700 0.23385700
vt 0.95375000 0.22745200
vt 0.95835500 0.22317700
vt 0.95835500 0.22745200
vt 0.96180800 0.23385700
vt 0.96065700 0.23279200
vt 0.96180800 0.23172700
vt 0.96180800 0.23279200
vt 0.95835500 0.22959000
vt 0.96065700 0.22745200
vt 0.96065700 0.22959000
vt 0.96238400 0.23279200
vt 0.96180800 0.23226000
vt 0.96238400 0.23172700
vt 0.96238400 0.23226000
vt 0.96065700 0.23065800
vt 0.96180800 0.22959000
vt 0.96180800 0.23065800
vt 0.96238400 0.23385700
vt 0.96180800 0.23332500
vt 0.96238400 0.23332500
vt 0.96180800 0.23598700
vt 0.96065700 0.23492200
vt 0.96180800 0.23492200
vt 0.96065700 0.24024800
vt 0.95835500 0.23811800
vt 0.96065700 0.23811800
vt 0.95835500 0.24876800
vt 0.95375000 0.24450800
vt 0.95835500 0.24450800
vt 0.92612000 0.00000000
vt 0.94386700 0.00000000
vt 0.94386700 0.53184200
vt 0.95073000 0.28432300
vt 0.94369800 0.28432300
vt 0.94369800 0.26580900
vt 0.94369800 0.24729600
vt 0.95073000 0.24729600
vt 0.95073000 0.24358400
vt 0.92612000 0.24358400
vt 0.92612000 0.21652000
vt 0.92612000 0.18945500
vt 0.92612000 0.16239000
vt 0.92612000 0.13532500
vt 0.92612000 0.10826000
vt 0.92612000 0.08119500
vt 0.92612000 0.05413000
vt 0.92612000 0.02706500
vt 0.92612000 0.53184200
vt 0.92612000 0.50475200
vt 0.92612000 0.47766300
vt 0.92612000 0.45057300
vt 0.92612000 0.42348300
vt 0.92612000 0.39639300
vt 0.92612000 0.36930400
vt 0.92612000 0.34221400
vt 0.92612000 0.31512400
vt 0.92612000 0.28803400
vt 0.95073000 0.28803400
vt 0.88781600 0.26253600
vt 0.92465500 0.00000000
vt 0.92464100 0.01764400
vt 0.92460800 0.03284600
vt 0.92460800 0.03310900
vt 0.92460700 0.03337100
vt 0.92460600 0.03389500
vt 0.92460300 0.03494300
vt 0.92459700 0.03703100
vt 0.92458400 0.04118500
vt 0.92455700 0.04940000
vt 0.92449500 0.06545400
vt 0.92449400 0.06567700
vt 0.92449300 0.06589900
vt 0.92449100 0.06634500
vt 0.92448700 0.06724000
vt 0.92447900 0.06904300
vt 0.92446300 0.07270100
vt 0.92442800 0.08022500
vt 0.92434800 0.09610300
vt 0.92425200 0.11309400
vt 0.92413600 0.13119100
vt 0.92412900 0.13231500
vt 0.92412100 0.13343200
vt 0.92410600 0.13564600
vt 0.92407600 0.13999800
vt 0.92401700 0.14839100
vt 0.92390600 0.16393700
vt 0.92390400 0.16420200
vt 0.92390300 0.16446600
vt 0.92389900 0.16499500
vt 0.92389100 0.16605000
vt 0.92387600 0.16815600
vt 0.92384700 0.17234800
vt 0.92378900 0.18065100
vt 0.92368000 0.19693000
vt 0.92367700 0.19740700
vt 0.92367400 0.19788500
vt 0.92366700 0.19884200
vt 0.92365500 0.20076400
vt 0.92363000 0.20463300
vt 0.92358200 0.21247900
vt 0.92348700 0.22859900
vt 0.92339600 0.24528700
vt 0.90623600 0.03539800
vt 0.91544500 0.03539800
vt 0.90623600 0.02654900
vt 0.91544500 0.01769900
vt 0.91544500 0.02654900
vt 0.90623600 0.06998300
vt 0.90623600 0.05269100
vt 0.92005000 0.03539800
vt 0.91544500 0.03097300
vt 0.92005000 0.02654900
vt 0.92005000 0.03097300
vt 0.91544500 0.05269100
vt 0.90623600 0.04404400
vt 0.91544500 0.04404400
vt 0.92235300 0.03539800
vt 0.92005000 0.03318600
vt 0.92235300 0.03097300
vt 0.92235300 0.03318600
vt 0.92005000 0.04404400
vt 0.91544500 0.03972100
vt 0.92005000 0.03972100
vt 0.92350400 0.03318600
vt 0.92235300 0.03207900
vt 0.92350400 0.03097300
vt 0.92350400 0.03207900
vt 0.92005000 0.02876100
vt 0.92235300 0.02654900
vt 0.92235300 0.02876100
vt 0.91544500 0.02212400
vt 0.92005000 0.01769900
vt 0.92005000 0.02212400
vt 0.92408000 0.03318600
vt 0.92350400 0.03263300
vt 0.92408000 0.03207900
vt 0.92408000 0.03263300
vt 0.92350400 0.03539800
vt 0.92235300 0.03429200
vt 0.92350400 0.03429200
vt 0.92235300 0.03972100
vt 0.92005000 0.03756000
vt 0.92235300 0.03756000
vt 0.92408000 0.03429200
vt 0.92350400 0.03373900
vt 0.92408000 0.03373900
vt 0.91544500 0.06998300
vt 0.90623600 0.06133700
vt 0.91544500 0.06133700
vt 0.90623600 0.08639200
vt 0.92005000 0.06998300
vt 0.91544500 0.06566000
vt 0.92005000 0.06133700
vt 0.92005000 0.06566000
vt 0.91544500 0.08639200
vt 0.90623600 0.07818700
vt 0.91544500 0.07818700
vt 0.92235300 0.06566000
vt 0.92005000 0.06349900
vt 0.92235300 0.06133700
vt 0.92235300 0.06349900
vt 0.91544500 0.05701400
vt 0.92005000 0.05269100
vt 0.92005000 0.05701400
vt 0.92350400 0.06566000
vt 0.92235300 0.06457900
vt 0.92350400 0.06349900
vt 0.92350400 0.06457900
vt 0.92235300 0.06998300
vt 0.92005000 0.06782200
vt 0.92235300 0.06782200
vt 0.92005000 0.07818700
vt 0.91544500 0.07408500
vt 0.92005000 0.07408500
vt 0.92408000 0.06566000
vt 0.92350400 0.06512000
vt 0.92408000 0.06457900
vt 0.92408000 0.06512000
vt 0.92350400 0.06782200
vt 0.92235300 0.06674100
vt 0.92350400 0.06674100
vt 0.92408000 0.06674100
vt 0.92350400 0.06620000
vt 0.92408000 0.06620000
vt 0.90623600 0.13474700
vt 0.90623600 0.11877400
vt 0.91544500 0.13474700
vt 0.90623600 0.12676100
vt 0.91544500 0.11877400
vt 0.91544500 0.12676100
vt 0.90623600 0.16669500
vt 0.90623600 0.15072100
vt 0.92005000 0.13474700
vt 0.91544500 0.13075400
vt 0.92005000 0.12676100
vt 0.92005000 0.13075400
vt 0.91544500 0.15072100
vt 0.90623600 0.14273400
vt 0.91544500 0.14273400
vt 0.92235300 0.13474700
vt 0.92005000 0.13275100
vt 0.92235300 0.13075400
vt 0.92235300 0.13275100
vt 0.92005000 0.14273400
vt 0.91544500 0.13874100
vt 0.92005000 0.13874100
vt 0.91544500 0.16669500
vt 0.90623600 0.15870800
vt 0.91544500 0.15870800
vt 0.90623600 0.19864200
vt 0.90623600 0.18266800
vt 0.92005000 0.16669500
vt 0.91544500 0.16270100
vt 0.92005000 0.15870800
vt 0.92005000 0.16270100
vt 0.91544500 0.18266800
vt 0.90623600 0.17468100
vt 0.91544500 0.17468100
vt 0.92235300 0.16669500
vt 0.92005000 0.16469800
vt 0.92235300 0.16270100
vt 0.92235300 0.16469800
vt 0.92005000 0.17468100
vt 0.91544500 0.17068800
vt 0.92005000 0.17068800
vt 0.92350400 0.16469800
vt 0.92235300 0.16369900
vt 0.92350400 0.16270100
vt 0.92350400 0.16369900
vt 0.92005000 0.16070400
vt 0.92235300 0.15870800
vt 0.92235300 0.16070400
vt 0.91544500 0.15471400
vt 0.92005000 0.15072100
vt 0.92005000 0.15471400
vt 0.92350400 0.16419900
vt 0.92350400 0.16669500
vt 0.92235300 0.16569600
vt 0.92350400 0.16569600
vt 0.92235300 0.17068800
vt 0.92005000 0.16869100
vt 0.92235300 0.16869100
vt 0.91544500 0.19864200
vt 0.90623600 0.19065500
vt 0.91544500 0.19065500
vt 0.90623600 0.21461500
vt 0.92005000 0.19864200
vt 0.91544500 0.19464800
vt 0.92005000 0.19065500
vt 0.92005000 0.19464800
vt 0.91544500 0.21461500
vt 0.90623600 0.20662800
vt 0.91544500 0.20662800
vt 0.92235300 0.19864200
vt 0.92005000 0.19664500
vt 0.92235300 0.19464800
vt 0.92235300 0.19664500
vt 0.92005000 0.20662800
vt 0.91544500 0.20263500
vt 0.92005000 0.20263500
vt 0.92235300 0.19764300
vt 0.92235300 0.20263500
vt 0.92005000 0.20063800
vt 0.92235300 0.20063800
vt 0.92330900 0.26253600
vt 0.90556300 0.26253600
vt 0.90539400 0.00000000
vt 0.88781600 0.23580200
vt 0.88781600 0.20906900
vt 0.88781600 0.18233500
vt 0.88781600 0.15560100
vt 0.88781600 0.12886800
vt 0.88781600 0.10213400
vt 0.88781600 0.07540000
vt 0.88781600 0.04866700
vt 0.88781600 0.02193300
vt 0.91242600 0.02193300
vt 0.91242600 0.01827000
vt 0.90539400 0.01827000
vt 0.84951200 0.00000000
vt 0.88500500 0.00000000
vt 0.88509100 0.01722000
vt 0.88518200 0.03388000
vt 0.88527700 0.04997200
vt 0.88537500 0.06549600
vt 0.88537800 0.06599700
vt 0.88538100 0.06649900
vt 0.88538800 0.06750500
vt 0.88540100 0.06952000
vt 0.88542800 0.07357200
vt 0.88548400 0.08175500
vt 0.88560100 0.09844100
vt 0.88560300 0.09867200
vt 0.88560400 0.09890300
vt 0.88560800 0.09936700
vt 0.88561400 0.10029800
vt 0.88562800 0.10218000
vt 0.88565500 0.10602200
vt 0.88571200 0.11401400
vt 0.88583100 0.13123600
vt 0.88583900 0.13240000
vt 0.88584700 0.13355900
vt 0.88586200 0.13586500
vt 0.88589200 0.14042500
vt 0.88594700 0.14933600
vt 0.88604400 0.16632600
vt 0.88612400 0.18220500
vt 0.88619000 0.19697700
vt 0.88619100 0.19722500
vt 0.88619200 0.19747300
vt 0.88619400 0.19796900
vt 0.88619800 0.19896200
vt 0.88620600 0.20095500
vt 0.88622200 0.20496300
vt 0.88625300 0.21307300
vt 0.88630400 0.22966400
vt 0.88630500 0.22988300
vt 0.88630500 0.23010300
vt 0.88630600 0.23054300
vt 0.88630900 0.23143200
vt 0.88631300 0.23323800
vt 0.88632200 0.23696400
vt 0.88633700 0.24487600
vt 0.86793100 0.09568700
vt 0.86793100 0.06334100
vt 0.86793100 0.07951400
vt 0.87714100 0.07951400
vt 0.86793100 0.07142700
vt 0.87714100 0.06334100
vt 0.87714100 0.07142700
vt 0.86793100 0.04755200
vt 0.88174600 0.07142700
vt 0.87714100 0.06738400
vt 0.88174600 0.06334100
vt 0.88174600 0.06738400
vt 0.86793100 0.05544700
vt 0.87714100 0.04755200
vt 0.87714100 0.05544700
vt 0.88404900 0.06738400
vt 0.88174600 0.06536300
vt 0.88404900 0.06334100
vt 0.88404900 0.06536300
vt 0.87714100 0.05939400
vt 0.88174600 0.05544700
vt 0.88174600 0.05939400
vt 0.88404900 0.06637300
vt 0.88404900 0.07142700
vt 0.88174600 0.06940600
vt 0.88404900 0.06940600
vt 0.88174600 0.07951400
vt 0.87714100 0.07547100
vt 0.88174600 0.07547100
vt 0.87714100 0.09568700
vt 0.86793100 0.08760000
vt 0.87714100 0.08760000
vt 0.86793100 0.12748700
vt 0.86793100 0.11158700
vt 0.87714100 0.11158700
vt 0.86793100 0.10363700
vt 0.87714100 0.10363700
vt 0.88174600 0.10363700
vt 0.87714100 0.09966200
vt 0.88174600 0.09568700
vt 0.88174600 0.09966200
vt 0.88404900 0.09966200
vt 0.88174600 0.09767400
vt 0.88404900 0.09568700
vt 0.88404900 0.09767400
vt 0.87714100 0.09164300
vt 0.88174600 0.08760000
vt 0.88174600 0.09164300
vt 0.88520000 0.09966200
vt 0.88404900 0.09866800
vt 0.88520000 0.09767400
vt 0.88520000 0.09866800
vt 0.88404900 0.10363700
vt 0.88174600 0.10164900
vt 0.88404900 0.10164900
vt 0.88174600 0.11158700
vt 0.87714100 0.10761200
vt 0.88174600 0.10761200
vt 0.87714100 0.12748700
vt 0.86793100 0.11953700
vt 0.87714100 0.11953700
vt 0.86793100 0.16125000
vt 0.86793100 0.14436800
vt 0.88520000 0.09817100
vt 0.88404900 0.09668000
vt 0.88520000 0.09568700
vt 0.88520000 0.09668000
vt 0.88174600 0.09366500
vt 0.88404900 0.09164300
vt 0.88404900 0.09366500
vt 0.88520000 0.09916500
vt 0.88520000 0.10164900
vt 0.88404900 0.10065500
vt 0.88520000 0.10065500
vt 0.87714100 0.14436800
vt 0.86793100 0.13592800
vt 0.87714100 0.13592800
vt 0.88174600 0.13592800
vt 0.87714100 0.13170800
vt 0.88174600 0.12748700
vt 0.88174600 0.13170800
vt 0.88404900 0.13170800
vt 0.88174600 0.12959800
vt 0.88404900 0.12748700
vt 0.88404900 0.12959800
vt 0.87714100 0.12351200
vt 0.88174600 0.11953700
vt 0.88174600 0.12351200
vt 0.88404900 0.13592800
vt 0.88174600 0.13381800
vt 0.88404900 0.13381800
vt 0.88174600 0.14436800
vt 0.87714100 0.14014800
vt 0.88174600 0.14014800
vt 0.87714100 0.16125000
vt 0.86793100 0.15280900
vt 0.87714100 0.15280900
vt 0.86793100 0.19501200
vt 0.86793100 0.17813100
vt 0.86793100 0.22877400
vt 0.86793100 0.21189300
vt 0.87714100 0.21189300
vt 0.86793100 0.20345200
vt 0.87714100 0.19501200
vt 0.87714100 0.20345200
vt 0.88174600 0.20345200
vt 0.87714100 0.19923200
vt 0.88174600 0.19501200
vt 0.88174600 0.19923200
vt 0.86793100 0.18657100
vt 0.87714100 0.17813100
vt 0.87714100 0.18657100
vt 0.88404900 0.19923200
vt 0.88174600 0.19712200
vt 0.88404900 0.19501200
vt 0.88404900 0.19712200
vt 0.87714100 0.19079100
vt 0.88174600 0.18657100
vt 0.88174600 0.19079100
vt 0.88520000 0.19712200
vt 0.88404900 0.19606700
vt 0.88520000 0.19501200
vt 0.88520000 0.19606700
vt 0.88174600 0.19290200
vt 0.88404900 0.19079100
vt 0.88404900 0.19290200
vt 0.88520000 0.19923200
vt 0.88404900 0.19817700
vt 0.88520000 0.19817700
vt 0.88404900 0.20345200
vt 0.88174600 0.20134200
vt 0.88404900 0.20134200
vt 0.88174600 0.21189300
vt 0.87714100 0.20767300
vt 0.88174600 0.20767300
vt 0.87714100 0.22877400
vt 0.86793100 0.22033300
vt 0.87714100 0.22033300
vt 0.88577600 0.19817700
vt 0.88520000 0.19764900
vt 0.88577600 0.19712200
vt 0.88577600 0.19764900
vt 0.87714100 0.24565500
vt 0.86793100 0.23721400
vt 0.87714100 0.23721400
vt 0.88174600 0.23721400
vt 0.87714100 0.23299400
vt 0.88174600 0.22877400
vt 0.88174600 0.23299400
vt 0.88404900 0.23299400
vt 0.88174600 0.23088400
vt 0.88404900 0.22877400
vt 0.88404900 0.23088400
vt 0.87714100 0.22455400
vt 0.88174600 0.22033300
vt 0.88174600 0.22455400
vt 0.88520000 0.23088400
vt 0.88404900 0.22982900
vt 0.88520000 0.22877400
vt 0.88520000 0.22982900
vt 0.88174600 0.22666400
vt 0.88404900 0.22455400
vt 0.88404900 0.22666400
vt 0.88577600 0.22982900
vt 0.88520000 0.22930100
vt 0.88577600 0.22877400
vt 0.88577600 0.22930100
vt 0.88404900 0.22771900
vt 0.88520000 0.22666400
vt 0.88520000 0.22771900
vt 0.88577600 0.23088400
vt 0.88520000 0.23035600
vt 0.88577600 0.23035600
vt 0.88520000 0.23299400
vt 0.88404900 0.23193900
vt 0.88520000 0.23193900
vt 0.88404900 0.23721400
vt 0.88174600 0.23510400
vt 0.88404900 0.23510400
vt 0.88174600 0.24565500
vt 0.87714100 0.24143500
vt 0.88174600 0.24143500
vt 0.86725800 0.00000000
vt 0.88635100 0.26253600
vt 0.86709000 0.26253600
vt 0.86709000 0.24426600
vt 0.87412100 0.24426600
vt 0.87412100 0.24060300
vt 0.84951200 0.24060300
vt 0.84951200 0.21387000
vt 0.84951200 0.18713600
vt 0.84951200 0.16040200
vt 0.84951200 0.13366800
vt 0.84951200 0.10693500
vt 0.84951200 0.08020100
vt 0.84951200 0.05346700
vt 0.84951200 0.02673400
f 16/16/16 15/15/15 1/1/1
f 17/17/17 16/16/16 2/2/2
f 18/18/18 17/17/17 3/3/3
f 19/19/19 18/18/18 4/4/4
f 20/20/20 19/19/19 5/5/5
f 21/21/21 20/20/20 6/6/6
f 22/22/22 21/21/21 7/7/7
f 23/23/23 22/22/22 8/8/8
f 24/24/24 23/23/23 9/9/9
f 25/25/25 24/24/24 10/10/10
f 26/26/26 25/25/25 11/11/11
f 27/27/27 26/26/26 12/12/12
f 28/28/28 27/27/27 13/13/13
f 30/30/30 29/29/29 15/15/15
f 15/15/15 16/16/16 30/30/30
f 31/31/31 30/30/30 16/16/16
f 16/16/16 17/17/17 31/31/31
f 32/32/32 31/31/31 17/17/17
f 17/17/17 18/18/18 32/32/32
f 33/33/33 32/32/32 18/18/18
f 18/18/18 19/19/19 33/33/33
f 34/34/34 33/33/33 19/19/19
f 19/19/19 20/20/20 34/34/34
f 35/35/35 34/34/34 20/20/20
f 20/20/20 21/21/21 35/35/35
f 36/36/36 35/35/35 21/21/21
f 21/21/21 22/22/22 36/36/36
f 37/37/37 36/36/36 22/22/22
f 22/22/22 23/23/23 37/37/37
f 38/38/38 37/37/37 23/23/23
f 23/23/23 24/24/24 38/38/38
f 39/39/39 38/38/38 24/24/24
f 24/24/24 25/25/25 39/39/39
f 40/40/40 39/39/39 25/25/25
f 25/25/25 26/26/26 40/40/40
f 41/41/41 40/40/40 26/26/26
f 26/26/26 27/27/27 41/41/41
f 42/42/42 41/41/41 27/27/27
f 27/27/27 28/28/28 42/42/42
f 44/44/44 43/43/43 29/29/29
f 29/29/29 30/30/30 44/44/44
f 45/45/45 44/44/44 30/30/30
f 30/30/30 31/31/31 45/45/45
f 46/46/46 45/45/45 31/31/31
f 31/31/31 32/32/32 46/46/46
f 47/47/47 46/46/46 32/32/32
f 32/32/32 33/33/33 47/47/47
f 48/48/48 47/47/47 33/33/33
f 33/33/33 34/34/34 48/48/48
f 49/49/49 48/48/48 34/34/34
f 34/34/34 35/35/35 49/49/49
f 50/50/50 49/49/49 35/35/35
f 35/35/35 36/36/36 50/50/50
f 51/51/51 50/50/50 36/36/36
f 36/36/36 37/37/37 51/51/51
f 52/52/52 51/51/51 37/37/37
f 37/37/37 38/38/38 52/52/52
f 53/53/53 52/52/52 38/38/38
f 38/38/38 39/39/39 53/53/53
f 54/54/54 53/53/53 39/39/39
f 39/39/39 40/40/40 54/54/54
f 55/55/55 54/54/54 40/40/40
f 40/40/40 41/41/41 55/55/55
f 56/56/56 55/55/55 41/41/41
f 41/41/41 42/42/42 56/56/56
f 58/58/58 57/57/57 43/43/43
f 43/43/43 44/44/44 58/58/58
f 59/59/59 58/58/58 44/44/44
f 44/44/44 45/45/45 59/59/59
f 60/60/60 59/59/59 45/45/45
f 45/45/45 46/46/46 60/60/60
f 61/61/61 60/60/60 46/46/46
f 46/46/46 47/47/47 61/61/61
f 62/62/62 61/61/61 47/47/47
f 47/47/47 48/48/48 62/62/62
f 63/63/63 62/62/62 48/48/48
f 48/48/48 49/49/49 63/63/63
f 64/64/64 63/63/63 49/49/49
f 49/49/49 50/50/50 64/64/64
f 65/65/65 64/64/64 50/50/50
f 50/50/50 51/51/51 65/65/65
f 66/66/66 65/65/65 51/51/51
f 51/51/51 52/52/52 66/66/66
f 67/67/67 66/66/66 52/52/52
f 52/52/52 53/53/53 67/67/67
f 68/68/68 67/67/67 53/53/53
f 53/53/53 54/54/54 68/68/68
f 69/69/69 68/68/68 54/54/54
f 54/54/54 55/55/55 69/69/69
f 70/70/70 69/69/69 55/55/55
f 55/55/55 56/56/56 70/70/70
f 72/72/72 71/71/71 57/57/57
f 57/57/57 58/58/58 72/72/72
f 73/73/73 72/72/72 58/58/58
f 58/58/58 59/59/59 73/73/73
f 213/213/213 60/60/60 74/74/74
f 59/59/59 213/213/213 73/73/73
f 60/60/60 213/213/213 59/59/59
f 75/75/75 74/74/74 60/60/60
f 60/60/60 61/61/61 75/75/75
f 249/249/249 62/62/62 76/76/76
f 61/61/61 249/249/249 75/75/75
f 62/62/62 249/249/249 61/61/61
f 326/326/326 63/63/63 77/77/77
f 62/62/62 326/326/326 76/76/76
f 63/63/63 326/326/326 62/62/62
f 78/78/78 77/77/77 63/63/63
f 63/63/63 64/64/64 78/78/78
f 79/79/79 78/78/78 64/64/64
f 64/64/64 65/65/65 79/79/79
f 80/80/80 79/79/79 65/65/65
f 65/65/65 66/66/66 80/80/80
f 81/81/81 80/80/80 66/66/66
f 66/66/66 67/67/67 81/81/81
f 82/82/82 81/81/81 67/67/67
f 67/67/67 68/68/68 82/82/82
f 83/83/83 82/82/82 68/68/68
f 68/68/68 69/69/69 83/83/83
f 84/84/84 83/83/83 69/69/69
f 69/69/69 70/70/70 84/84/84
f 86/86/86 85/85/85 71/71/71
f 71/71/71 72/72/72 86/86/86
f 190/190/190 214/214/214 87/87/87
f 214/214/214 72/72/72 73/73/73
f 72/72/72 190/190/190 86/86/86
f 190/190/190 72/72/72 214/214/214
f 209/209/209 212/212/212 88/88/88
f 215/215/215 209/209/209 184/184/184
f 212/212/212 209/209/209 215/215/215
f 212/212/212 215/215/215 213/213/213
f 213/213/213 74/74/74 212/212/212
f 215/215/215 214/214/214 73/73/73
f 73/73/73 213/213/213 215/215/215
f 184/184/184 87/87/87 214/214/214
f 214/214/214 215/215/215 184/184/184
f 250/250/250 197/197/197 212/212/212
f 212/212/212 197/197/197 88/88/88
f 197/197/197 250/250/250 89/89/89
f 250/250/250 212/212/212 74/74/74
f 74/74/74 75/75/75 250/250/250
f 297/297/297 248/248/248 90/90/90
f 251/251/251 297/297/297 226/226/226
f 248/248/248 297/297/297 251/251/251
f 248/248/248 251/251/251 249/249/249
f 249/249/249 76/76/76 248/248/248
f 251/251/251 250/250/250 75/75/75
f 75/75/75 249/249/249 251/251/251
f 245/245/245 251/251/251 226/226/226
f 250/250/250 245/245/245 89/89/89
f 251/251/251 245/245/245 250/250/250
f 91/91/91 100/100/100 327/327/327
f 327/327/327 325/325/325 91/91/91
f 325/325/325 327/327/327 326/326/326
f 326/326/326 77/77/77 325/325/325
f 327/327/327 248/248/248 76/76/76
f 76/76/76 326/326/326 327/327/327
f 323/323/323 327/327/327 100/100/100
f 248/248/248 323/323/323 90/90/90
f 327/327/327 323/323/323 248/248/248
f 325/325/325 104/104/104 91/91/91
f 104/104/104 78/78/78 92/92/92
f 78/78/78 325/325/325 77/77/77
f 325/325/325 78/78/78 104/104/104
f 107/107/107 79/79/79 93/93/93
f 78/78/78 107/107/107 92/92/92
f 79/79/79 107/107/107 78/78/78
f 110/110/110 80/80/80 94/94/94
f 79/79/79 110/110/110 93/93/93
f 80/80/80 110/110/110 79/79/79
f 113/113/113 81/81/81 95/95/95
f 80/80/80 113/113/113 94/94/94
f 81/81/81 113/113/113 80/80/80
f 116/116/116 82/82/82 96/96/96
f 81/81/81 116/116/116 95/95/95
f 82/82/82 116/116/116 81/81/81
f 119/119/119 83/83/83 97/97/97
f 82/82/82 119/119/119 96/96/96
f 83/83/83 119/119/119 82/82/82
f 122/122/122 84/84/84 98/98/98
f 83/83/83 122/122/122 97/97/97
f 84/84/84 122/122/122 83/83/83
f 185/185/185 192/192/192 190/190/190
f 190/190/190 87/87/87 185/185/185
f 192/192/192 191/191/191 86/86/86
f 86/86/86 190/190/190 192/192/192
f 204/204/204 221/221/221 195/195/195
f 221/221/221 183/183/183 193/193/193
f 183/183/183 204/204/204 194/194/194
f 204/204/204 183/183/183 221/221/221
f 219/219/219 204/204/204 195/195/195
f 207/207/207 219/219/219 199/199/199
f 204/204/204 219/219/219 207/207/207
f 204/204/204 207/207/207 205/205/205
f 205/205/205 194/194/194 204/204/204
f 207/207/207 206/206/206 186/186/186
f 186/186/186 205/205/205 207/207/207
f 201/201/201 207/207/207 199/199/199
f 206/206/206 201/201/201 187/187/187
f 207/207/207 201/201/201 206/206/206
f 218/218/218 220/220/220 219/219/219
f 219/219/219 195/195/195 218/218/218
f 225/225/225 219/219/219 220/220/220
f 199/199/199 225/225/225 200/200/200
f 219/219/219 225/225/225 199/199/199
f 217/217/217 199/199/199 200/200/200
f 201/201/201 217/217/217 203/203/203
f 199/199/199 217/217/217 201/201/201
f 203/203/203 202/202/202 187/187/187
f 187/187/187 201/201/201 203/203/203
f 183/183/183 194/194/194 211/211/211
f 211/211/211 208/208/208 183/183/183
f 208/208/208 211/211/211 209/209/209
f 209/209/209 88/88/88 208/208/208
f 211/211/211 210/210/210 184/184/184
f 184/184/184 209/209/209 211/211/211
f 205/205/205 211/211/211 194/194/194
f 210/210/210 205/205/205 186/186/186
f 211/211/211 205/205/205 210/210/210
f 188/188/188 210/210/210 186/186/186
f 210/210/210 87/87/87 184/184/184
f 87/87/87 188/188/188 185/185/185
f 188/188/188 87/87/87 210/210/210
f 216/216/216 206/206/206 187/187/187
f 206/206/206 188/188/188 186/186/186
f 188/188/188 216/216/216 189/189/189
f 216/216/216 188/188/188 206/206/206
f 189/189/189 185/185/185 188/188/188
f 230/230/230 254/254/254 253/253/253
f 253/253/253 196/196/196 230/230/230
f 254/254/254 222/222/222 198/198/198
f 198/198/198 253/253/253 254/254/254
f 253/253/253 246/246/246 196/196/196
f 246/246/246 197/197/197 89/89/89
f 197/197/197 253/253/253 198/198/198
f 253/253/253 197/197/197 246/246/246
f 208/208/208 223/223/223 183/183/183
f 223/223/223 197/197/197 198/198/198
f 197/197/197 208/208/208 88/88/88
f 208/208/208 197/197/197 223/223/223
f 222/222/222 224/224/224 223/223/223
f 223/223/223 198/198/198 222/222/222
f 224/224/224 193/193/193 183/183/183
f 183/183/183 223/223/223 224/224/224
f 320/320/320 293/293/293 234/234/234
f 234/234/234 101/101/101 320/320/320
f 293/293/293 320/320/320 233/233/233
f 233/233/233 235/235/235 293/293/293
f 235/235/235 262/262/262 295/295/295
f 295/295/295 293/293/293 235/235/235
f 293/293/293 295/295/295 294/294/294
f 294/294/294 234/234/234 293/293/293
f 295/295/295 240/240/240 227/227/227
f 227/227/227 294/294/294 295/295/295
f 291/291/291 295/295/295 262/262/262
f 240/240/240 291/291/291 228/228/228
f 295/295/295 291/291/291 240/240/240
f 290/290/290 292/292/292 291/291/291
f 291/291/291 262/262/262 290/290/290
f 292/292/292 259/259/259 228/228/228
f 228/228/228 291/291/291 292/292/292
f 101/101/101 234/234/234 298/298/298
f 298/298/298 296/296/296 101/101/101
f 296/296/296 298/298/298 297/297/297
f 297/297/297 90/90/90 296/296/296
f 298/298/298 244/244/244 226/226/226
f 226/226/226 297/297/297 298/298/298
f 294/294/294 298/298/298 234/234/234
f 244/244/244 294/294/294 227/227/227
f 298/298/298 294/294/294 244/244/244
f 241/241/241 244/244/244 227/227/227
f 247/247/247 241/241/241 229/229/229
f 244/244/244 241/241/241 247/247/247
f 244/244/244 247/247/247 245/245/245
f 245/245/245 226/226/226 244/244/244
f 247/247/247 246/246/246 89/89/89
f 89/89/89 245/245/245 247/247/247
f 229/229/229 196/196/196 246/246/246
f 246/246/246 247/247/247 229/229/229
f 287/287/287 289/289/289 288/288/288
f 288/288/288 259/259/259 287/287/287
f 289/289/289 267/267/267 261/261/261
f 261/261/261 288/288/288 289/289/289
f 288/288/288 228/228/228 259/259/259
f 260/260/260 288/288/288 261/261/261
f 228/228/228 288/288/288 260/260/260
f 268/268/268 260/260/260 261/261/261
f 232/232/232 268/268/268 236/236/236
f 260/260/260 268/268/268 232/232/232
f 284/284/284 286/286/286 285/285/285
f 285/285/285 267/267/267 284/284/284
f 286/286/286 270/270/270 269/269/269
f 269/269/269 285/285/285 286/286/286
f 285/285/285 261/261/261 267/267/267
f 268/268/268 285/285/285 269/269/269
f 261/261/261 285/285/285 268/268/268
f 271/271/271 268/268/268 269/269/269
f 236/236/236 271/271/271 255/255/255
f 268/268/268 271/271/271 236/236/236
f 281/281/281 283/283/283 282/282/282
f 282/282/282 270/270/270 281/281/281
f 283/283/283 273/273/273 272/272/272
f 272/272/272 282/282/282 283/283/283
f 282/282/282 269/269/269 270/270/270
f 271/271/271 282/282/282 272/272/272
f 269/269/269 282/282/282 271/271/271
f 274/274/274 271/271/271 272/272/272
f 255/255/255 274/274/274 263/263/263
f 271/271/271 274/274/274 255/255/255
f 277/277/277 280/280/280 278/278/278
f 278/278/278 273/273/273 277/277/277
f 280/280/280 279/279/279 276/276/276
f 276/276/276 278/278/278 280/280/280
f 278/278/278 272/272/272 273/273/273
f 274/274/274 278/278/278 276/276/276
f 272/272/272 278/278/278 274/274/274
f 276/276/276 275/275/275 263/263/263
f 263/263/263 274/274/274 276/276/276
f 263/263/263 266/266/266 264/264/264
f 264/264/264 255/255/255 263/263/263
f 266/266/266 265/265/265 258/258/258
f 258/258/258 264/264/264 266/266/266
f 264/264/264 236/236/236 255/255/255
f 256/256/256 264/264/264 258/258/258
f 236/236/236 264/264/264 256/256/256
f 258/258/258 257/257/257 239/239/239
f 239/239/239 256/256/256 258/258/258
f 256/256/256 232/232/232 236/236/236
f 237/237/237 256/256/256 239/239/239
f 232/232/232 256/256/256 237/237/237
f 239/239/239 238/238/238 231/231/231
f 231/231/231 237/237/237 239/239/239
f 260/260/260 240/240/240 228/228/228
f 243/243/243 260/260/260 232/232/232
f 240/240/240 260/260/260 243/243/243
f 240/240/240 243/243/243 241/241/241
f 241/241/241 227/227/227 240/240/240
f 243/243/243 242/242/242 229/229/229
f 229/229/229 241/241/241 243/243/243
f 237/237/237 243/243/243 232/232/232
f 242/242/242 237/237/237 231/231/231
f 243/243/243 237/237/237 242/242/242
f 252/252/252 242/242/242 231/231/231
f 242/242/242 196/196/196 229/229/229
f 196/196/196 252/252/252 230/230/230
f 252/252/252 196/196/196 242/242/242
f 309/309/309 311/311/311 310/310/310
f 310/310/310 99/99/99 309/309/309
f 336/336/336 311/311/311 299/299/299
f 310/310/310 336/336/336 102/102/102
f 311/311/311 336/336/336 310/310/310
f 322/322/322 310/310/310 102/102/102
f 310/310/310 91/91/91 99/99/99
f 91/91/91 322/322/322 100/100/100
f 322/322/322 91/91/91 310/310/310
f 337/337/337 322/322/322 102/102/102
f 324/324/324 337/337/337 300/300/300
f 322/322/322 337/337/337 324/324/324
f 322/322/322 324/324/324 323/323/323
f 323/323/323 100/100/100 322/322/322
f 324/324/324 296/296/296 90/90/90
f 90/90/90 323/323/323 324/324/324
f 319/319/319 324/324/324 300/300/300
f 296/296/296 319/319/319 101/101/101
f 324/324/324 319/319/319 296/296/296
f 333/333/333 306/306/306 308/308/308
f 299/299/299 333/333/333 307/307/307
f 306/306/306 333/333/333 299/299/299
f 347/347/347 308/308/308 313/313/313
f 333/333/333 347/347/347 335/335/335
f 308/308/308 347/347/347 333/333/333
f 333/333/333 335/335/335 334/334/334
f 334/334/334 307/307/307 333/333/333
f 348/348/348 334/334/334 335/335/335
f 301/301/301 348/348/348 314/314/314
f 334/334/334 348/348/348 301/301/301
f 313/313/313 332/332/332 349/349/349
f 349/349/349 347/347/347 313/313/313
f 347/347/347 349/349/349 348/348/348
f 348/348/348 335/335/335 347/347/347
f 349/349/349 339/339/339 314/314/314
f 314/314/314 348/348/348 349/349/349
f 345/345/345 349/349/349 332/332/332
f 339/339/339 345/345/345 302/302/302
f 349/349/349 345/345/345 339/339/339
f 344/344/344 346/346/346 345/345/345
f 345/345/345 332/332/332 344/344/344
f 350/350/350 345/345/345 346/346/346
f 302/302/302 350/350/350 328/328/328
f 345/345/345 350/350/350 302/302/302
f 299/299/299 307/307/307 338/338/338
f 338/338/338 336/336/336 299/299/299
f 336/336/336 338/338/338 337/337/337
f 337/337/337 102/102/102 336/336/336
f 338/338/338 318/318/318 300/300/300
f 300/300/300 337/337/337 338/338/338
f 334/334/334 338/338/338 307/307/307
f 318/318/318 334/334/334 301/301/301
f 338/338/338 334/334/334 318/318/318
f 315/315/315 318/318/318 301/301/301
f 321/321/321 315/315/315 303/303/303
f 318/318/318 315/315/315 321/321/321
f 318/318/318 321/321/321 319/319/319
f 319/319/319 300/300/300 318/318/318
f 321/321/321 320/320/320 101/101/101
f 101/101/101 319/319/319 321/321/321
f 303/303/303 233/233/233 320/320/320
f 320/320/320 321/321/321 303/303/303
f 343/343/343 302/302/302 328/328/328
f 329/329/329 343/343/343 331/331/331
f 302/302/302 343/343/343 329/329/329
f 331/331/331 330/330/330 312/312/312
f 312/312/312 329/329/329 331/331/331
f 329/329/329 339/339/339 302/302/302
f 342/342/342 329/329/329 312/312/312
f 339/339/339 329/329/329 342/342/342
f 339/339/339 342/342/342 340/340/340
f 340/340/340 314/314/314 339/339/339
f 342/342/342 341/341/341 317/317/317
f 317/317/317 340/340/340 342/342/342
f 312/312/312 305/305/305 341/341/341
f 341/341/341 342/342/342 312/312/312
f 340/340/340 301/301/301 314/314/314
f 315/315/315 340/340/340 317/317/317
f 301/301/301 340/340/340 315/315/315
f 317/317/317 316/316/316 303/303/303
f 303/303/303 315/315/315 317/317/317
f 341/341/341 316/316/316 317/317/317
f 304/304/304 341/341/341 305/305/305
f 316/316/316 341/341/341 304/304/304
f 103/103/103 105/105/105 104/104/104
f 104/104/104 92/92/92 103/103/103
f 105/105/105 99/99/99 91/91/91
f 91/91/91 104/104/104 105/105/105
f 409/409/409 413/413/413 412/412/412
f 412/412/412 397/397/397 409/409/409
f 413/413/413 400/400/400 412/412/412
f 412/412/412 393/393/393 397/397/397
f 398/398/398 412/412/412 400/400/400
f 393/393/393 412/412/412 398/398/398
f 400/400/400 399/399/399 396/396/396
f 396/396/396 398/398/398 400/400/400
f 398/398/398 106/106/106 393/393/393
f 394/394/394 398/398/398 396/396/396
f 106/106/106 398/398/398 394/394/394
f 396/396/396 395/395/395 108/108/108
f 108/108/108 394/394/394 396/396/396
f 394/394/394 93/93/93 106/106/106
f 107/107/107 394/394/394 108/108/108
f 93/93/93 394/394/394 107/107/107
f 108/108/108 103/103/103 92/92/92
f 92/92/92 107/107/107 108/108/108
f 436/436/436 444/444/444 442/442/442
f 442/442/442 424/424/424 436/436/436
f 444/444/444 443/443/443 427/427/427
f 427/427/427 442/442/442 444/444/444
f 442/442/442 421/421/421 424/424/424
f 425/425/425 442/442/442 427/427/427
f 421/421/421 442/442/442 425/425/425
f 427/427/427 426/426/426 423/423/423
f 423/423/423 425/425/425 427/427/427
f 425/425/425 109/109/109 421/421/421
f 422/422/422 425/425/425 423/423/423
f 109/109/109 425/425/425 422/422/422
f 423/423/423 401/401/401 111/111/111
f 111/111/111 422/422/422 423/423/423
f 422/422/422 94/94/94 109/109/109
f 110/110/110 422/422/422 111/111/111
f 94/94/94 422/422/422 110/110/110
f 402/402/402 110/110/110 111/111/111
f 93/93/93 402/402/402 106/106/106
f 110/110/110 402/402/402 93/93/93
f 418/418/418 420/420/420 419/419/419
f 419/419/419 401/401/401 418/418/418
f 420/420/420 404/404/404 403/403/403
f 403/403/403 419/419/419 420/420/420
f 419/419/419 111/111/111 401/401/401
f 402/402/402 419/419/419 403/403/403
f 111/111/111 419/419/419 402/402/402
f 405/405/405 402/402/402 403/403/403
f 106/106/106 405/405/405 393/393/393
f 402/402/402 405/405/405 106/106/106
f 415/415/415 417/417/417 416/416/416
f 416/416/416 404/404/404 415/415/415
f 417/417/417 407/407/407 406/406/406
f 406/406/406 416/416/416 417/417/417
f 416/416/416 403/403/403 404/404/404
f 405/405/405 416/416/416 406/406/406
f 403/403/403 416/416/416 405/405/405
f 408/408/408 405/405/405 406/406/406
f 393/393/393 408/408/408 397/397/397
f 405/405/405 408/408/408 393/393/393
f 414/414/414 406/406/406 407/407/407
f 408/408/408 414/414/414 410/410/410
f 406/406/406 414/414/414 408/408/408
f 411/411/411 408/408/408 410/410/410
f 397/397/397 411/411/411 409/409/409
f 408/408/408 411/411/411 397/397/397
f 465/465/465 468/468/468 466/466/466
f 466/466/466 458/458/458 465/465/465
f 468/468/468 467/467/467 461/461/461
f 461/461/461 466/466/466 468/468/468
f 466/466/466 454/454/454 458/458/458
f 459/459/459 466/466/466 461/461/461
f 454/454/454 466/466/466 459/459/459
f 461/461/461 460/460/460 456/456/456
f 456/456/456 459/459/459 461/461/461
f 459/459/459 112/112/112 454/454/454
f 455/455/455 459/459/459 456/456/456
f 112/112/112 459/459/459 455/455/455
f 456/456/456 428/428/428 114/114/114
f 114/114/114 455/455/455 456/456/456
f 455/455/455 95/95/95 112/112/112
f 113/113/113 455/455/455 114/114/114
f 95/95/95 455/455/455 113/113/113
f 429/429/429 113/113/113 114/114/114
f 94/94/94 429/429/429 109/109/109
f 113/113/113 429/429/429 94/94/94
f 451/451/451 453/453/453 452/452/452
f 452/452/452 428/428/428 451/451/451
f 453/453/453 431/431/431 430/430/430
f 430/430/430 452/452/452 453/453/453
f 452/452/452 114/114/114 428/428/428
f 429/429/429 452/452/452 430/430/430
f 114/114/114 452/452/452 429/429/429
f 432/432/432 429/429/429 430/430/430
f 109/109/109 432/432/432 421/421/421
f 429/429/429 432/432/432 109/109/109
f 448/448/448 450/450/450 449/449/449
f 449/449/449 431/431/431 448/448/448
f 450/450/450 434/434/434 433/433/433
f 433/433/433 449/449/449 450/450/450
f 449/449/449 430/430/430 431/431/431
f 432/432/432 449/449/449 433/433/433
f 430/430/430 449/449/449 432/432/432
f 435/435/435 432/432/432 433/433/433
f 421/421/421 435/435/435 424/424/424
f 432/432/432 435/435/435 421/421/421
f 445/445/445 447/447/447 446/446/446
f 446/446/446 434/434/434 445/445/445
f 457/457/457 446/446/446 447/447/447
f 437/437/437 457/457/457 438/438/438
f 446/446/446 457/457/457 437/437/437
f 446/446/446 433/433/433 434/434/434
f 435/435/435 446/446/446 437/437/437
f 433/433/433 446/446/446 435/435/435
f 439/439/439 435/435/435 437/437/437
f 424/424/424 439/439/439 436/436/436
f 435/435/435 439/439/439 424/424/424
f 438/438/438 441/441/441 439/439/439
f 439/439/439 437/437/437 438/438/438
f 441/441/441 440/440/440 436/436/436
f 436/436/436 439/439/439 441/441/441
f 115/115/115 117/117/117 116/116/116
f 116/116/116 96/96/96 115/115/115
f 463/463/463 116/116/116 117/117/117
f 95/95/95 463/463/463 112/112/112
f 116/116/116 463/463/463 95/95/95
f 462/462/462 464/464/464 463/463/463
f 463/463/463 117/117/117 462/462/462
f 470/470/470 463/463/463 464/464/464
f 112/112/112 470/470/470 454/454/454
f 463/463/463 470/470/470 112/112/112
f 469/469/469 471/471/471 470/470/470
f 470/470/470 464/464/464 469/469/469
f 473/473/473 470/470/470 471/471/471
f 454/454/454 473/473/473 458/458/458
f 470/470/470 473/473/473 454/454/454
f 472/472/472 474/474/474 473/473/473
f 473/473/473 471/471/471 472/472/472
f 474/474/474 465/465/465 458/458/458
f 458/458/458 473/473/473 474/474/474
f 498/498/498 506/506/506 504/504/504
f 504/504/504 486/486/486 498/498/498
f 506/506/506 505/505/505 489/489/489
f 489/489/489 504/504/504 506/506/506
f 504/504/504 479/479/479 486/486/486
f 487/487/487 504/504/504 489/489/489
f 479/479/479 504/504/504 487/487/487
f 489/489/489 488/488/488 482/482/482
f 482/482/482 487/487/487 489/489/489
f 487/487/487 475/475/475 479/479/479
f 480/480/480 487/487/487 482/482/482
f 475/475/475 487/487/487 480/480/480
f 482/482/482 481/481/481 478/478/478
f 478/478/478 480/480/480 482/482/482
f 480/480/480 118/118/118 475/475/475
f 476/476/476 480/480/480 478/478/478
f 118/118/118 480/480/480 476/476/476
f 478/478/478 477/477/477 120/120/120
f 120/120/120 476/476/476 478/478/478
f 476/476/476 97/97/97 118/118/118
f 119/119/119 476/476/476 120/120/120
f 97/97/97 476/476/476 119/119/119
f 120/120/120 115/115/115 96/96/96
f 96/96/96 119/119/119 120/120/120
f 543/543/543 546/546/546 544/544/544
f 544/544/544 536/536/536 543/543/543
f 546/546/546 545/545/545 539/539/539
f 539/539/539 544/544/544 546/546/546
f 544/544/544 529/529/529 536/536/536
f 537/537/537 544/544/544 539/539/539
f 529/529/529 544/544/544 537/537/537
f 539/539/539 538/538/538 532/532/532
f 532/532/532 537/537/537 539/539/539
f 537/537/537 522/522/522 529/529/529
f 530/530/530 537/537/537 532/532/532
f 522/522/522 537/537/537 530/530/530
f 532/532/532 531/531/531 525/525/525
f 525/525/525 530/530/530 532/532/532
f 530/530/530 519/519/519 522/522/522
f 523/523/523 530/530/530 525/525/525
f 519/519/519 530/530/530 523/523/523
f 525/525/525 524/524/524 521/521/521
f 521/521/521 523/523/523 525/525/525
f 523/523/523 121/121/121 519/519/519
f 520/520/520 523/523/523 521/521/521
f 121/121/121 523/523/523 520/520/520
f 521/521/521 483/483/483 123/123/123
f 123/123/123 520/520/520 521/521/521
f 520/520/520 98/98/98 121/121/121
f 122/122/122 520/520/520 123/123/123
f 98/98/98 520/520/520 122/122/122
f 484/484/484 122/122/122 123/123/123
f 97/97/97 484/484/484 118/118/118
f 122/122/122 484/484/484 97/97/97
f 516/516/516 518/518/518 517/517/517
f 517/517/517 483/483/483 516/516/516
f 518/518/518 490/490/490 485/485/485
f 485/485/485 517/517/517 518/518/518
f 517/517/517 123/123/123 483/483/483
f 484/484/484 517/517/517 485/485/485
f 123/123/123 517/517/517 484/484/484
f 491/491/491 484/484/484 485/485/485
f 118/118/118 491/491/491 475/475/475
f 484/484/484 491/491/491 118/118/118
f 513/513/513 515/515/515 514/514/514
f 514/514/514 490/490/490 513/513/513
f 515/515/515 493/493/493 492/492/492
f 492/492/492 514/514/514 515/515/515
f 514/514/514 485/485/485 490/490/490
f 491/491/491 514/514/514 492/492/492
f 485/485/485 514/514/514 491/491/491
f 494/494/494 491/491/491 492/492/492
f 475/475/475 494/494/494 479/479/479
f 491/491/491 494/494/494 475/475/475
f 510/510/510 512/512/512 511/511/511
f 511/511/511 493/493/493 510/510/510
f 512/512/512 496/496/496 495/495/495
f 495/495/495 511/511/511 512/512/512
f 511/511/511 492/492/492 493/493/493
f 494/494/494 511/511/511 495/495/495
f 492/492/492 511/511/511 494/494/494
f 497/497/497 494/494/494 495/495/495
f 479/479/479 497/497/497 486/486/486
f 494/494/494 497/497/497 479/479/479
f 507/507/507 509/509/509 508/508/508
f 508/508/508 496/496/496 507/507/507
f 509/509/509 500/500/500 499/499/499
f 499/499/499 508/508/508 509/509/509
f 508/508/508 495/495/495 496/496/496
f 497/497/497 508/508/508 499/499/499
f 495/495/495 508/508/508 497/497/497
f 501/501/501 497/497/497 499/499/499
f 486/486/486 501/501/501 498/498/498
f 497/497/497 501/501/501 486/486/486
f 500/500/500 503/503/503 501/501/501
f 501/501/501 499/499/499 500/500/500
f 503/503/503 502/502/502 498/498/498
f 498/498/498 501/501/501 503/503/503
f 527/527/527 124/124/124 125/125/125
f 98/98/98 527/527/527 121/121/121
f 124/124/124 527/527/527 98/98/98
f 526/526/526 528/528/528 527/527/527
f 527/527/527 125/125/125 526/526/526
f 534/534/534 527/527/527 528/528/528
f 121/121/121 534/534/534 519/519/519
f 527/527/527 534/534/534 121/121/121
f 533/533/533 535/535/535 534/534/534
f 534/534/534 528/528/528 533/533/533
f 541/541/541 534/534/534 535/535/535
f 519/519/519 541/541/541 522/522/522
f 534/534/534 541/541/541 519/519/519
f 540/540/540 542/542/542 541/541/541
f 541/541/541 535/535/535 540/540/540
f 548/548/548 541/541/541 542/542/542
f 522/522/522 548/548/548 529/529/529
f 541/541/541 548/548/548 522/522/522
f 547/547/547 549/549/549 548/548/548
f 548/548/548 542/542/542 547/547/547
f 551/551/551 548/548/548 549/549/549
f 529/529/529 551/551/551 536/536/536
f 548/548/548 551/551/551 529/529/529
f 550/550/550 552/552/552 551/551/551
f 551/551/551 549/549/549 550/550/550
f 552/552/552 543/543/543 536/536/536
f 536/536/536 551/551/551 552/552/552
f 15/15/15 142/142/142 141/141/141
f 143/143/143 142/142/142 29/29/29
f 141/141/141 1/1/1 15/15/15
f 143/143/143 29/29/29 43/43/43
f 29/29/29 142/142/142 15/15/15
f 43/43/43 144/144/144 143/143/143
f 71/71/71 146/146/146 145/145/145
f 149/149/149 148/148/148 147/147/147
f 85/85/85 147/147/147 146/146/146
f 43/43/43 57/57/57 144/144/144
f 57/57/57 145/145/145 144/144/144
f 71/71/71 85/85/85 146/146/146
f 71/71/71 145/145/145 57/57/57
f 150/150/150 149/149/149 85/85/85
f 147/147/147 85/85/85 149/149/149
f 151/151/151 86/86/86 191/191/191
f 153/153/153 185/185/185 189/189/189
f 192/192/192 185/185/185 153/153/153
f 189/189/189 216/216/216 154/154/154
f 195/195/195 221/221/221 218/218/218
f 155/155/155 216/216/216 187/187/187
f 191/191/191 192/192/192 152/152/152
f 193/193/193 224/224/224 161/161/161
f 193/193/193 218/218/218 221/221/221
f 86/86/86 151/151/151 85/85/85
f 161/161/161 224/224/224 222/222/222
f 222/222/222 254/254/254 161/161/161
f 230/230/230 252/252/252 163/163/163
f 252/252/252 231/231/231 238/238/238
f 162/162/162 254/254/254 230/230/230
f 152/152/152 151/151/151 191/191/191
f 151/151/151 150/150/150 85/85/85
f 189/189/189 154/154/154 153/153/153
f 156/156/156 203/203/203 217/217/217
f 203/203/203 156/156/156 202/202/202
f 217/217/217 200/200/200 157/157/157
f 225/225/225 220/220/220 160/160/160
f 220/220/220 218/218/218 160/160/160
f 160/160/160 200/200/200 225/225/225
f 154/154/154 216/216/216 155/155/155
f 218/218/218 193/193/193 161/161/161
f 187/187/187 202/202/202 155/155/155
f 217/217/217 157/157/157 156/156/156
f 202/202/202 156/156/156 155/155/155
f 200/200/200 159/159/159 158/158/158
f 161/161/161 254/254/254 162/162/162
f 218/218/218 161/161/161 160/160/160
f 200/200/200 160/160/160 159/159/159
f 200/200/200 158/158/158 157/157/157
f 230/230/230 163/163/163 162/162/162
f 257/257/257 238/238/238 239/239/239
f 265/265/265 257/257/257 258/258/258
f 257/257/257 164/164/164 238/238/238
f 166/166/166 266/266/266 275/275/275
f 266/266/266 263/263/263 275/275/275
f 279/279/279 275/275/275 276/276/276
f 166/166/166 265/265/265 266/266/266
f 265/265/265 165/165/165 257/257/257
f 164/164/164 257/257/257 165/165/165
f 166/166/166 275/275/275 167/167/167
f 165/165/165 265/265/265 166/166/166
f 169/169/169 279/279/279 280/280/280
f 279/279/279 169/169/169 168/168/168
f 275/275/275 279/279/279 168/168/168
f 275/275/275 168/168/168 167/167/167
f 170/170/170 169/169/169 280/280/280
f 164/164/164 163/163/163 238/238/238
f 238/238/238 163/163/163 252/252/252
f 192/192/192 153/153/153 152/152/152
f 14/14/14 140/140/140 139/139/139
f 139/139/139 28/28/28 14/14/14
f 99/99/99 105/105/105 309/309/309
f 42/42/42 136/136/136 135/135/135
f 135/135/135 56/56/56 42/42/42
f 70/70/70 132/132/132 131/131/131
f 131/131/131 84/84/84 70/70/70
f 56/56/56 134/134/134 133/133/133
f 133/133/133 70/70/70 56/56/56
f 28/28/28 138/138/138 137/137/137
f 137/137/137 42/42/42 28/28/28
f 290/290/290 262/262/262 235/235/235
f 351/351/351 105/105/105 103/103/103
f 316/316/316 233/233/233 303/303/303
f 174/174/174 233/233/233 316/316/316
f 103/103/103 108/108/108 395/395/395
f 117/117/117 115/115/115 462/462/462
f 115/115/115 120/120/120 477/477/477
f 138/138/138 28/28/28 139/139/139
f 136/136/136 42/42/42 137/137/137
f 134/134/134 56/56/56 135/135/135
f 70/70/70 133/133/133 132/132/132
f 84/84/84 129/129/129 124/124/124
f 124/124/124 128/128/128 127/127/127
f 127/127/127 125/125/125 124/124/124
f 130/130/130 84/84/84 131/131/131
f 124/124/124 129/129/129 128/128/128
f 130/130/130 129/129/129 84/84/84
f 127/127/127 526/526/526 125/125/125
f 98/98/98 84/84/84 124/124/124
f 267/267/267 289/289/289 284/284/284
f 281/281/281 270/270/270 286/286/286
f 284/284/284 289/289/289 287/287/287
f 287/287/287 259/259/259 292/292/292
f 304/304/304 174/174/174 316/316/316
f 290/290/290 172/172/172 292/292/292
f 172/172/172 290/290/290 235/235/235
f 235/235/235 233/233/233 173/173/173
f 283/283/283 277/277/277 273/273/273
f 280/280/280 277/277/277 171/171/171
f 280/280/280 171/171/171 170/170/170
f 283/283/283 171/171/171 277/277/277
f 284/284/284 281/281/281 286/286/286
f 171/171/171 283/283/283 281/281/281
f 175/175/175 304/304/304 305/305/305
f 171/171/171 281/281/281 284/284/284
f 292/292/292 172/172/172 287/287/287
f 284/284/284 287/287/287 172/172/172
f 171/171/171 284/284/284 172/172/172
f 299/299/299 311/311/311 181/181/181
f 395/395/395 352/352/352 103/103/103
f 182/182/182 309/309/309 105/105/105
f 181/181/181 311/311/311 309/309/309
f 456/456/456 460/460/460 451/451/451
f 451/451/451 428/428/428 456/456/456
f 423/423/423 426/426/426 418/418/418
f 418/418/418 401/401/401 423/423/423
f 399/399/399 395/395/395 396/396/396
f 464/464/464 462/462/462 469/469/469
f 481/481/481 477/477/477 478/478/478
f 374/374/374 462/462/462 115/115/115
f 477/477/477 375/375/375 115/115/115
f 528/528/528 526/526/526 533/533/533
f 521/521/521 524/524/524 516/516/516
f 516/516/516 483/483/483 521/521/521
f 312/312/312 176/176/176 305/305/305
f 126/126/126 526/526/526 127/127/127
f 233/233/233 174/174/174 173/173/173
f 177/177/177 330/330/330 331/331/331
f 174/174/174 304/304/304 175/175/175
f 180/180/180 328/328/328 350/350/350
f 328/328/328 179/179/179 343/343/343
f 343/343/343 178/178/178 331/331/331
f 172/172/172 235/235/235 173/173/173
f 176/176/176 312/312/312 330/330/330
f 177/177/177 331/331/331 178/178/178
f 176/176/176 330/330/330 177/177/177
f 180/180/180 346/346/346 344/344/344
f 350/350/350 346/346/346 180/180/180
f 179/179/179 328/328/328 180/180/180
f 343/343/343 179/179/179 178/178/178
f 308/308/308 180/180/180 344/344/344
f 176/176/176 175/175/175 305/305/305
f 313/313/313 344/344/344 332/332/332
f 308/308/308 344/344/344 313/313/313
f 181/181/181 306/306/306 299/299/299
f 105/105/105 351/351/351 182/182/182
f 308/308/308 306/306/306 180/180/180
f 420/420/420 418/418/418 360/360/360
f 418/418/418 426/426/426 360/360/360
f 415/415/415 404/404/404 420/420/420
f 413/413/413 354/354/354 400/400/400
f 351/351/351 103/103/103 352/352/352
f 400/400/400 354/354/354 399/399/399
f 353/353/353 352/352/352 395/395/395
f 426/426/426 427/427/427 443/443/443
f 453/453/453 451/451/451 368/368/368
f 451/451/451 460/460/460 368/368/368
f 448/448/448 431/431/431 453/453/453
f 182/182/182 181/181/181 309/309/309
f 180/180/180 306/306/306 181/181/181
f 409/409/409 411/411/411 356/356/356
f 358/358/358 410/410/410 414/414/414
f 410/410/410 356/356/356 411/411/411
f 399/399/399 353/353/353 395/395/395
f 414/414/414 407/407/407 359/359/359
f 417/417/417 415/415/415 359/359/359
f 361/361/361 360/360/360 426/426/426
f 415/415/415 420/420/420 360/360/360
f 359/359/359 407/407/407 417/417/417
f 399/399/399 354/354/354 353/353/353
f 355/355/355 413/413/413 409/409/409
f 355/355/355 409/409/409 356/356/356
f 357/357/357 356/356/356 410/410/410
f 414/414/414 359/359/359 358/358/358
f 443/443/443 361/361/361 426/426/426
f 415/415/415 360/360/360 359/359/359
f 357/357/357 410/410/410 358/358/358
f 413/413/413 355/355/355 354/354/354
f 362/362/362 361/361/361 443/443/443
f 362/362/362 436/436/436 440/440/440
f 363/363/363 440/440/440 441/441/441
f 362/362/362 444/444/444 436/436/436
f 434/434/434 450/450/450 445/445/445
f 445/445/445 450/450/450 448/448/448
f 366/366/366 438/438/438 457/457/457
f 438/438/438 364/364/364 441/441/441
f 441/441/441 364/364/364 363/363/363
f 438/438/438 365/365/365 364/364/364
f 438/438/438 366/366/366 365/365/365
f 367/367/367 447/447/447 445/445/445
f 445/445/445 368/368/368 367/367/367
f 367/367/367 457/457/457 447/447/447
f 457/457/457 367/367/367 366/366/366
f 448/448/448 368/368/368 445/445/445
f 362/362/362 440/440/440 363/363/363
f 362/362/362 443/443/443 444/444/444
f 453/453/453 368/368/368 448/448/448
f 369/369/369 368/368/368 460/460/460
f 467/467/467 460/460/460 461/461/461
f 465/465/465 474/474/474 372/372/372
f 371/371/371 468/468/468 465/465/465
f 471/471/471 469/469/469 472/472/472
f 481/481/481 482/482/482 488/488/488
f 376/376/376 375/375/375 477/477/477
f 374/374/374 469/469/469 462/462/462
f 374/374/374 472/472/472 469/469/469
f 505/505/505 488/488/488 489/489/489
f 505/505/505 378/378/378 488/488/488
f 488/488/488 377/377/377 481/481/481
f 378/378/378 505/505/505 506/506/506
f 507/507/507 496/496/496 512/512/512
f 498/498/498 502/502/502 506/506/506
f 474/474/474 472/472/472 373/373/373
f 370/370/370 467/467/467 468/468/468
f 490/490/490 518/518/518 513/513/513
f 510/510/510 493/493/493 515/515/515
f 518/518/518 516/516/516 384/384/384
f 524/524/524 531/531/531 385/385/385
f 535/535/535 533/533/533 540/540/540
f 531/531/531 524/524/524 525/525/525
f 384/384/384 516/516/516 524/524/524
f 386/386/386 531/531/531 538/538/538
f 513/513/513 518/518/518 384/384/384
f 532/532/532 538/538/538 531/531/531
f 510/510/510 515/515/515 513/513/513
f 542/542/542 540/540/540 547/547/547
f 545/545/545 538/538/538 539/539/539
f 384/384/384 510/510/510 513/513/513
f 392/392/392 540/540/540 533/533/533
f 510/510/510 507/507/507 512/512/512
f 468/468/468 371/371/371 370/370/370
f 465/465/465 372/372/372 371/371/371
f 474/474/474 373/373/373 372/372/372
f 502/502/502 503/503/503 380/380/380
f 381/381/381 503/503/503 500/500/500
f 115/115/115 375/375/375 374/374/374
f 376/376/376 477/477/477 481/481/481
f 472/472/472 374/374/374 373/373/373
f 377/377/377 488/488/488 378/378/378
f 379/379/379 378/378/378 506/506/506
f 502/502/502 379/379/379 506/506/506
f 380/380/380 503/503/503 381/381/381
f 500/500/500 383/383/383 382/382/382
f 382/382/382 381/381/381 500/500/500
f 380/380/380 379/379/379 502/502/502
f 377/377/377 376/376/376 481/481/481
f 509/509/509 383/383/383 500/500/500
f 383/383/383 507/507/507 510/510/510
f 384/384/384 524/524/524 385/385/385
f 546/546/546 543/543/543 389/389/389
f 388/388/388 545/545/545 546/546/546
f 391/391/391 550/550/550 547/547/547
f 550/550/550 391/391/391 552/552/552
f 392/392/392 526/526/526 126/126/126
f 549/549/549 547/547/547 550/550/550
f 543/543/543 552/552/552 390/390/390
f 547/547/547 540/540/540 392/392/392
f 507/507/507 383/383/383 509/509/509
f 545/545/545 388/388/388 387/387/387
f 545/545/545 387/387/387 538/538/538
f 387/387/387 386/386/386 538/538/538
f 392/392/392 391/391/391 547/547/547
f 543/543/543 390/390/390 389/389/389
f 390/390/390 552/552/552 391/391/391
f 389/389/389 388/388/388 546/546/546
f 531/531/531 386/386/386 385/385/385
f 383/383/383 510/510/510 384/384/384
f 370/370/370 369/369/369 467/467/467
f 467/467/467 369/369/369 460/460/460
f 533/533/533 526/526/526 392/392/392
f 553/553/553 1278/1278/1278 1281/1281/1281
f 1281/1281/1281 1279/1279/1279 553/553/553
f 1274/1274/1274 1281/1281/1281 1269/1269/1269
f 1279/1279/1279 1274/1274/1274 1260/1260/1260
f 1281/1281/1281 1274/1274/1274 1279/1279/1279
f 1281/1281/1281 1280/1280/1280 1267/1267/1267
f 1267/1267/1267 1269/1269/1269 1281/1281/1281
f 1278/1278/1278 1265/1265/1265 1280/1280/1280
f 1280/1280/1280 1281/1281/1281 1278/1278/1278
f 1294/1294/1294 1274/1274/1274 1277/1277/1277
f 1260/1260/1260 1294/1294/1294 1275/1275/1275
f 1274/1274/1274 1294/1294/1294 1260/1260/1260
f 1275/1275/1275 1294/1294/1294 1297/1297/1297
f 1297/1297/1297 1295/1295/1295 1275/1275/1275
f 1295/1295/1295 1297/1297/1297 1273/1273/1273
f 1273/1273/1273 1263/1263/1263 1295/1295/1295
f 1285/1285/1285 1296/1296/1296 1272/1272/1272
f 1297/1297/1297 1285/1285/1285 1273/1273/1273
f 1296/1296/1296 1285/1285/1285 1297/1297/1297
f 1294/1294/1294 1277/1277/1277 1296/1296/1296
f 1296/1296/1296 1297/1297/1297 1294/1294/1294
f 1296/1296/1296 1289/1289/1289 1272/1272/1272
f 1289/1289/1289 1276/1276/1276 1271/1271/1271
f 1276/1276/1276 1296/1296/1296 1277/1277/1277
f 1296/1296/1296 1276/1276/1276 1289/1289/1289
f 1274/1274/1274 1269/1269/1269 1276/1276/1276
f 1276/1276/1276 1277/1277/1277 1274/1274/1274
f 1273/1273/1273 1285/1285/1285 1288/1288/1288
f 1288/1288/1288 1286/1286/1286 1273/1273/1273
f 1285/1285/1285 1272/1272/1272 1287/1287/1287
f 1287/1287/1287 1288/1288/1288 1285/1285/1285
f 1276/1276/1276 1290/1290/1290 1271/1271/1271
f 1290/1290/1290 1267/1267/1267 1270/1270/1270
f 1267/1267/1267 1276/1276/1276 1269/1269/1269
f 1276/1276/1276 1267/1267/1267 1290/1290/1290
f 1328/1328/1328 1267/1267/1267 1291/1291/1291
f 1270/1270/1270 1328/1328/1328 1293/1293/1293
f 1267/1267/1267 1328/1328/1328 1270/1270/1270
f 1353/1353/1353 1291/1291/1291 1321/1321/1321
f 1328/1328/1328 1353/1353/1353 1331/1331/1331
f 1291/1291/1291 1353/1353/1353 1328/1328/1328
f 1328/1328/1328 1331/1331/1331 1329/1329/1329
f 1329/1329/1329 1293/1293/1293 1328/1328/1328
f 1354/1354/1354 1329/1329/1329 1331/1331/1331
f 1292/1292/1292 1354/1354/1354 1330/1330/1330
f 1329/1329/1329 1354/1354/1354 1292/1292/1292
f 1321/1321/1321 1325/1325/1325 1356/1356/1356
f 1356/1356/1356 1353/1353/1353 1321/1321/1321
f 1353/1353/1353 1356/1356/1356 1354/1354/1354
f 1354/1354/1354 1331/1331/1331 1353/1353/1353
f 1356/1356/1356 1355/1355/1355 1330/1330/1330
f 1330/1330/1330 1354/1354/1354 1356/1356/1356
f 1350/1350/1350 1356/1356/1356 1325/1325/1325
f 1355/1355/1355 1350/1350/1350 1266/1266/1266
f 1356/1356/1356 1350/1350/1350 1355/1355/1355
f 1340/1340/1340 1265/1265/1265 1317/1317/1317
f 1280/1280/1280 1340/1340/1340 1318/1318/1318
f 1265/1265/1265 1340/1340/1340 1280/1280/1280
f 1320/1320/1320 1280/1280/1280 1318/1318/1318
f 1267/1267/1267 1320/1320/1320 1291/1291/1291
f 1280/1280/1280 1320/1320/1320 1267/1267/1267
f 1337/1337/1337 1318/1318/1318 1319/1319/1319
f 1320/1320/1320 1337/1337/1337 1322/1322/1322
f 1318/1318/1318 1337/1337/1337 1320/1320/1320
f 1324/1324/1324 1320/1320/1320 1322/1322/1322
f 1291/1291/1291 1324/1324/1324 1321/1321/1321
f 1320/1320/1320 1324/1324/1324 1291/1291/1291
f 1333/1333/1333 1322/1322/1322 1323/1323/1323
f 1324/1324/1324 1333/1333/1333 1327/1327/1327
f 1322/1322/1322 1333/1333/1333 1324/1324/1324
f 1349/1349/1349 1324/1324/1324 1327/1327/1327
f 1321/1321/1321 1349/1349/1349 1325/1325/1325
f 1324/1324/1324 1349/1349/1349 1321/1321/1321
f 1361/1361/1361 1327/1327/1327 1334/1334/1334
f 1349/1349/1349 1361/1361/1361 1352/1352/1352
f 1327/1327/1327 1361/1361/1361 1349/1349/1349
f 1349/1349/1349 1352/1352/1352 1350/1350/1350
f 1350/1350/1350 1325/1325/1325 1349/1349/1349
f 1362/1362/1362 1350/1350/1350 1352/1352/1352
f 1266/1266/1266 1362/1362/1362 1351/1351/1351
f 1350/1350/1350 1362/1362/1362 1266/1266/1266
f 1370/1370/1370 1334/1334/1334 1347/1347/1347
f 1361/1361/1361 1370/1370/1370 1364/1364/1364
f 1334/1334/1334 1370/1370/1370 1361/1361/1361
f 1361/1361/1361 1364/1364/1364 1362/1362/1362
f 1362/1362/1362 1352/1352/1352 1361/1361/1361
f 1371/1371/1371 1362/1362/1362 1364/1364/1364
f 1351/1351/1351 1371/1371/1371 1363/1363/1363
f 1362/1362/1362 1371/1371/1371 1351/1351/1351
f 1409/1409/1409 1347/1347/1347 1359/1359/1359
f 1370/1370/1370 1409/1409/1409 1373/1373/1373
f 1347/1347/1347 1409/1409/1409 1370/1370/1370
f 1370/1370/1370 1373/1373/1373 1371/1371/1371
f 1371/1371/1371 1364/1364/1364 1370/1370/1370
f 1410/1410/1410 1371/1371/1371 1373/1373/1373
f 1363/1363/1363 1410/1410/1410 1372/1372/1372
f 1371/1371/1371 1410/1410/1410 1363/1363/1363
f 1359/1359/1359 1367/1367/1367 1412/1412/1412
f 1412/1412/1412 1409/1409/1409 1359/1359/1359
f 1409/1409/1409 1412/1412/1412 1410/1410/1410
f 1410/1410/1410 1373/1373/1373 1409/1409/1409
f 1412/1412/1412 1411/1411/1411 1372/1372/1372
f 1372/1372/1372 1410/1410/1410 1412/1412/1412
f 1406/1406/1406 1412/1412/1412 1367/1367/1367
f 1411/1411/1411 1406/1406/1406 1326/1326/1326
f 1412/1412/1412 1406/1406/1406 1411/1411/1411
f 1385/1385/1385 1323/1323/1323 1332/1332/1332
f 1333/1333/1333 1385/1385/1385 1335/1335/1335
f 1323/1323/1323 1385/1385/1385 1333/1333/1333
f 1346/1346/1346 1333/1333/1333 1335/1335/1335
f 1327/1327/1327 1346/1346/1346 1334/1334/1334
f 1333/1333/1333 1346/1346/1346 1327/1327/1327
f 1382/1382/1382 1335/1335/1335 1345/1345/1345
f 1346/1346/1346 1382/1382/1382 1348/1348/1348
f 1335/1335/1335 1382/1382/1382 1346/1346/1346
f 1358/1358/1358 1346/1346/1346 1348/1348/1348
f 1334/1334/1334 1358/1358/1358 1347/1347/1347
f 1346/1346/1346 1358/1358/1358 1334/1334/1334
f 1379/1379/1379 1348/1348/1348 1357/1357/1357
f 1358/1358/1358 1379/1379/1379 1360/1360/1360
f 1348/1348/1348 1379/1379/1379 1358/1358/1358
f 1366/1366/1366 1358/1358/1358 1360/1360/1360
f 1347/1347/1347 1366/1366/1366 1359/1359/1359
f 1358/1358/1358 1366/1366/1366 1347/1347/1347
f 1375/1375/1375 1360/1360/1360 1365/1365/1365
f 1366/1366/1366 1375/1375/1375 1369/1369/1369
f 1360/1360/1360 1375/1375/1375 1366/1366/1366
f 1405/1405/1405 1366/1366/1366 1369/1369/1369
f 1359/1359/1359 1405/1405/1405 1367/1367/1367
f 1366/1366/1366 1405/1405/1405 1359/1359/1359
f 1369/1369/1369 1376/1376/1376 1408/1408/1408
f 1408/1408/1408 1405/1405/1405 1369/1369/1369
f 1405/1405/1405 1408/1408/1408 1406/1406/1406
f 1406/1406/1406 1367/1367/1367 1405/1405/1405
f 1408/1408/1408 1407/1407/1407 1326/1326/1326
f 1326/1326/1326 1406/1406/1406 1408/1408/1408
f 1402/1402/1402 1408/1408/1408 1376/1376/1376
f 1407/1407/1407 1402/1402/1402 1368/1368/1368
f 1408/1408/1408 1402/1402/1402 1407/1407/1407
f 1391/1391/1391 1365/1365/1365 1374/1374/1374
f 1375/1375/1375 1391/1391/1391 1377/1377/1377
f 1365/1365/1365 1391/1391/1391 1375/1375/1375
f 1401/1401/1401 1375/1375/1375 1377/1377/1377
f 1369/1369/1369 1401/1401/1401 1376/1376/1376
f 1375/1375/1375 1401/1401/1401 1369/1369/1369
f 1377/1377/1377 1392/1392/1392 1404/1404/1404
f 1404/1404/1404 1401/1401/1401 1377/1377/1377
f 1401/1401/1401 1404/1404/1404 1402/1402/1402
f 1402/1402/1402 1376/1376/1376 1401/1401/1401
f 1404/1404/1404 1403/1403/1403 1368/1368/1368
f 1368/1368/1368 1402/1402/1402 1404/1404/1404
f 1374/1374/1374 1390/1390/1390 1393/1393/1393
f 1393/1393/1393 1391/1391/1391 1374/1374/1374
f 1398/1398/1398 1391/1391/1391 1393/1393/1393
f 1377/1377/1377 1398/1398/1398 1392/1392/1392
f 1391/1391/1391 1398/1398/1398 1377/1377/1377
f 1393/1393/1393 1397/1397/1397 1400/1400/1400
f 1400/1400/1400 1398/1398/1398 1393/1393/1393
f 1398/1398/1398 1400/1400/1400 1399/1399/1399
f 1399/1399/1399 1392/1392/1392 1398/1398/1398
f 1357/1357/1357 1378/1378/1378 1380/1380/1380
f 1380/1380/1380 1379/1379/1379 1357/1357/1357
f 1395/1395/1395 1379/1379/1379 1380/1380/1380
f 1360/1360/1360 1395/1395/1395 1365/1365/1365
f 1379/1379/1379 1395/1395/1395 1360/1360/1360
f 1380/1380/1380 1394/1394/1394 1396/1396/1396
f 1396/1396/1396 1395/1395/1395 1380/1380/1380
f 1395/1395/1395 1396/1396/1396 1374/1374/1374
f 1374/1374/1374 1365/1365/1365 1395/1395/1395
f 1345/1345/1345 1381/1381/1381 1383/1383/1383
f 1383/1383/1383 1382/1382/1382 1345/1345/1345
f 1382/1382/1382 1383/1383/1383 1357/1357/1357
f 1357/1357/1357 1348/1348/1348 1382/1382/1382
f 1332/1332/1332 1384/1384/1384 1386/1386/1386
f 1386/1386/1386 1385/1385/1385 1332/1332/1332
f 1385/1385/1385 1386/1386/1386 1345/1345/1345
f 1345/1345/1345 1335/1335/1335 1385/1385/1385
f 1319/1319/1319 1336/1336/1336 1338/1338/1338
f 1338/1338/1338 1337/1337/1337 1319/1319/1319
f 1388/1388/1388 1337/1337/1337 1338/1338/1338
f 1322/1322/1322 1388/1388/1388 1323/1323/1323
f 1337/1337/1337 1388/1388/1388 1322/1322/1322
f 1338/1338/1338 1387/1387/1387 1389/1389/1389
f 1389/1389/1389 1388/1388/1388 1338/1338/1338
f 1388/1388/1388 1389/1389/1389 1332/1332/1332
f 1332/1332/1332 1323/1323/1323 1388/1388/1388
f 1317/1317/1317 1339/1339/1339 1341/1341/1341
f 1341/1341/1341 1340/1340/1340 1317/1317/1317
f 1340/1340/1340 1341/1341/1341 1319/1319/1319
f 1319/1319/1319 1318/1318/1318 1340/1340/1340
f 1302/1302/1302 554/554/554 1259/1259/1259
f 1211/1211/1211 1302/1302/1302 1261/1261/1261
f 554/554/554 1302/1302/1302 1211/1211/1211
f 1262/1262/1262 1298/1298/1298 1300/1300/1300
f 1300/1300/1300 1299/1299/1299 1262/1262/1262
f 1299/1299/1299 1300/1300/1300 1268/1268/1268
f 1268/1268/1268 1264/1264/1264 1299/1299/1299
f 1295/1295/1295 1300/1300/1300 1275/1275/1275
f 1268/1268/1268 1295/1295/1295 1263/1263/1263
f 1300/1300/1300 1295/1295/1295 1268/1268/1268
f 1298/1298/1298 1260/1260/1260 1275/1275/1275
f 1275/1275/1275 1300/1300/1300 1298/1298/1298
f 1259/1259/1259 1301/1301/1301 1303/1303/1303
f 1303/1303/1303 1302/1302/1302 1259/1259/1259
f 1302/1302/1302 1303/1303/1303 1262/1262/1262
f 1262/1262/1262 1261/1261/1261 1302/1302/1302
f 1298/1298/1298 1279/1279/1279 1260/1260/1260
f 1303/1303/1303 1298/1298/1298 1262/1262/1262
f 1279/1279/1279 1298/1298/1298 1303/1303/1303
f 1301/1301/1301 553/553/553 1279/1279/1279
f 1279/1279/1279 1303/1303/1303 1301/1301/1301
f 1245/1245/1245 1212/1212/1212 1186/1186/1186
f 1210/1210/1210 1245/1245/1245 555/555/555
f 1212/1212/1212 1245/1245/1245 1210/1210/1210
f 1210/1210/1210 554/554/554 1211/1211/1211
f 1211/1211/1211 1212/1212/1212 1210/1210/1210
f 556/556/556 1220/1220/1220 1223/1223/1223
f 1223/1223/1223 1221/1221/1221 556/556/556
f 1221/1221/1221 1223/1223/1223 1203/1203/1203
f 1203/1203/1203 1079/1079/1079 1221/1221/1221
f 1216/1216/1216 1222/1222/1222 1187/1187/1187
f 1223/1223/1223 1216/1216/1216 1203/1203/1203
f 1222/1222/1222 1216/1216/1216 1223/1223/1223
f 1220/1220/1220 1185/1185/1185 1222/1222/1222
f 1222/1222/1222 1223/1223/1223 1220/1220/1220
f 1227/1227/1227 1217/1217/1217 1205/1205/1205
f 1217/1217/1217 1079/1079/1079 1203/1203/1203
f 1079/1079/1079 1227/1227/1227 1183/1183/1183
f 1227/1227/1227 1079/1079/1079 1217/1217/1217
f 1215/1215/1215 1205/1205/1205 1213/1213/1213
f 1258/1258/1258 1248/1248/1248 1214/1214/1214
f 1248/1248/1248 1213/1213/1213 1206/1206/1206
f 1213/1213/1213 1258/1258/1258 1215/1215/1215
f 1258/1258/1258 1213/1213/1213 1248/1248/1248
f 1206/1206/1206 1247/1247/1247 1250/1250/1250
f 1250/1250/1250 1248/1248/1248 1206/1206/1206
f 1256/1256/1256 1250/1250/1250 1232/1232/1232
f 1248/1248/1248 1256/1256/1256 1214/1214/1214
f 1250/1250/1250 1256/1256/1256 1248/1248/1248
f 1233/1233/1233 1249/1249/1249 1230/1230/1230
f 1250/1250/1250 1233/1233/1233 1232/1232/1232
f 1249/1249/1249 1233/1233/1233 1250/1250/1250
f 1247/1247/1247 1228/1228/1228 1249/1249/1249
f 1249/1249/1249 1250/1250/1250 1247/1247/1247
f 1257/1257/1257 1214/1214/1214 1256/1256/1256
f 1256/1256/1256 1232/1232/1232 1234/1234/1234
f 1234/1234/1234 1257/1257/1257 1256/1256/1256
f 1255/1255/1255 1233/1233/1233 1236/1236/1236
f 1232/1232/1232 1255/1255/1255 1234/1234/1234
f 1233/1233/1233 1255/1255/1255 1232/1232/1232
f 1233/1233/1233 1230/1230/1230 1235/1235/1235
f 1235/1235/1235 1236/1236/1236 1233/1233/1233
f 1249/1249/1249 1237/1237/1237 1230/1230/1230
f 1237/1237/1237 1204/1204/1204 1229/1229/1229
f 1204/1204/1204 1249/1249/1249 1228/1228/1228
f 1249/1249/1249 1204/1204/1204 1237/1237/1237
f 1203/1203/1203 1216/1216/1216 1219/1219/1219
f 1219/1219/1219 1217/1217/1217 1203/1203/1203
f 1213/1213/1213 1252/1252/1252 1206/1206/1206
f 1252/1252/1252 1217/1217/1217 1219/1219/1219
f 1217/1217/1217 1213/1213/1213 1205/1205/1205
f 1213/1213/1213 1217/1217/1217 1252/1252/1252
f 1219/1219/1219 1251/1251/1251 1254/1254/1254
f 1254/1254/1254 1252/1252/1252 1219/1219/1219
f 1247/1247/1247 1254/1254/1254 1228/1228/1228
f 1252/1252/1252 1247/1247/1247 1206/1206/1206
f 1254/1254/1254 1247/1247/1247 1252/1252/1252
f 1254/1254/1254 1253/1253/1253 1204/1204/1204
f 1204/1204/1204 1228/1228/1228 1254/1254/1254
f 1251/1251/1251 1218/1218/1218 1253/1253/1253
f 1253/1253/1253 1254/1254/1254 1251/1251/1251
f 1251/1251/1251 1187/1187/1187 1218/1218/1218
f 1216/1216/1216 1251/1251/1251 1219/1219/1219
f 1187/1187/1187 1251/1251/1251 1216/1216/1216
f 1187/1187/1187 1241/1241/1241 1243/1243/1243
f 1243/1243/1243 1218/1218/1218 1187/1187/1187
f 1253/1253/1253 1238/1238/1238 1204/1204/1204
f 1238/1238/1238 1243/1243/1243 1231/1231/1231
f 1243/1243/1243 1253/1253/1253 1218/1218/1218
f 1253/1253/1253 1243/1243/1243 1238/1238/1238
f 1243/1243/1243 1242/1242/1242 1209/1209/1209
f 1209/1209/1209 1231/1231/1231 1243/1243/1243
f 1241/1241/1241 1207/1207/1207 1242/1242/1242
f 1242/1242/1242 1243/1243/1243 1241/1241/1241
f 1204/1204/1204 1238/1238/1238 1240/1240/1240
f 1240/1240/1240 1229/1229/1229 1204/1204/1204
f 1238/1238/1238 1231/1231/1231 1239/1239/1239
f 1239/1239/1239 1240/1240/1240 1238/1238/1238
f 1242/1242/1242 1208/1208/1208 1209/1209/1209
f 1186/1186/1186 1242/1242/1242 1207/1207/1207
f 1208/1208/1208 1242/1242/1242 1186/1186/1186
f 1185/1185/1185 1244/1244/1244 1246/1246/1246
f 1246/1246/1246 1222/1222/1222 1185/1185/1185
f 1241/1241/1241 1246/1246/1246 1207/1207/1207
f 1222/1222/1222 1241/1241/1241 1187/1187/1187
f 1246/1246/1246 1241/1241/1241 1222/1222/1222
f 1246/1246/1246 1245/1245/1245 1186/1186/1186
f 1186/1186/1186 1207/1207/1207 1246/1246/1246
f 1244/1244/1244 555/555/555 1245/1245/1245
f 1245/1245/1245 1246/1246/1246 1244/1244/1244
f 557/557/557 1191/1191/1191 1193/1193/1193
f 1193/1193/1193 1136/1136/1136 557/557/557
f 1188/1188/1188 1193/1193/1193 1125/1125/1125
f 1136/1136/1136 1188/1188/1188 972/972/972
f 1193/1193/1193 1188/1188/1188 1136/1136/1136
f 1200/1200/1200 1192/1192/1192 1080/1080/1080
f 1193/1193/1193 1200/1200/1200 1125/1125/1125
f 1192/1192/1192 1200/1200/1200 1193/1193/1193
f 1191/1191/1191 1078/1078/1078 1192/1192/1192
f 1192/1192/1192 1193/1193/1193 1191/1191/1191
f 972/972/972 1188/1188/1188 1190/1190/1190
f 1190/1190/1190 1157/1157/1157 972/972/972
f 1157/1157/1157 1190/1190/1190 1176/1176/1176
f 1176/1176/1176 1076/1076/1076 1157/1157/1157
f 1177/1177/1177 1189/1189/1189 1127/1127/1127
f 1190/1190/1190 1177/1177/1177 1176/1176/1176
f 1189/1189/1189 1177/1177/1177 1190/1190/1190
f 1188/1188/1188 1125/1125/1125 1189/1189/1189
f 1189/1189/1189 1190/1190/1190 1188/1188/1188
f 1176/1176/1176 1177/1177/1177 1180/1180/1180
f 1180/1180/1180 1178/1178/1178 1176/1176/1176
f 1177/1177/1177 1127/1127/1127 1179/1179/1179
f 1179/1179/1179 1180/1180/1180 1177/1177/1177
f 1127/1127/1127 1197/1197/1197 1199/1199/1199
f 1199/1199/1199 1179/1179/1179 1127/1127/1127
f 1197/1197/1197 1181/1181/1181 1198/1198/1198
f 1198/1198/1198 1199/1199/1199 1197/1197/1197
f 1125/1125/1125 1200/1200/1200 1202/1202/1202
f 1202/1202/1202 1189/1189/1189 1125/1125/1125
f 1197/1197/1197 1202/1202/1202 1181/1181/1181
f 1189/1189/1189 1197/1197/1197 1127/1127/1127
f 1202/1202/1202 1197/1197/1197 1189/1189/1189
f 1202/1202/1202 1201/1201/1201 1126/1126/1126
f 1126/1126/1126 1181/1181/1181 1202/1202/1202
f 1200/1200/1200 1080/1080/1080 1201/1201/1201
f 1201/1201/1201 1202/1202/1202 1200/1200/1200
f 1201/1201/1201 1184/1184/1184 1126/1126/1126
f 1182/1182/1182 1201/1201/1201 1080/1080/1080
f 1184/1184/1184 1201/1201/1201 1182/1182/1182
f 1182/1182/1182 1079/1079/1079 1183/1183/1183
f 1183/1183/1183 1184/1184/1184 1182/1182/1182
f 1221/1221/1221 1182/1182/1182 1192/1192/1192
f 1192/1192/1192 1182/1182/1182 1080/1080/1080
f 1182/1182/1182 1221/1221/1221 1079/1079/1079
f 1221/1221/1221 1192/1192/1192 1078/1078/1078
f 1078/1078/1078 556/556/556 1221/1221/1221
f 558/558/558 1090/1090/1090 1092/1092/1092
f 1092/1092/1092 1035/1035/1035 558/558/558
f 1087/1087/1087 1092/1092/1092 1045/1045/1045
f 1035/1035/1035 1087/1087/1087 653/653/653
f 1092/1092/1092 1087/1087/1087 1035/1035/1035
f 1104/1104/1104 1091/1091/1091 973/973/973
f 1092/1092/1092 1104/1104/1104 1045/1045/1045
f 1091/1091/1091 1104/1104/1104 1092/1092/1092
f 1090/1090/1090 971/971/971 1091/1091/1091
f 1091/1091/1091 1092/1092/1092 1090/1090/1090
f 653/653/653 1087/1087/1087 1089/1089/1089
f 1089/1089/1089 1067/1067/1067 653/653/653
f 1067/1067/1067 1089/1089/1089 1069/1069/1069
f 1069/1069/1069 969/969/969 1067/1067/1067
f 1083/1083/1083 1088/1088/1088 1047/1047/1047
f 1089/1089/1089 1083/1083/1083 1069/1069/1069
f 1088/1088/1088 1083/1083/1083 1089/1089/1089
f 1087/1087/1087 1045/1045/1045 1088/1088/1088
f 1088/1088/1088 1089/1089/1089 1087/1087/1087
f 1071/1071/1071 969/969/969 1084/1084/1084
f 1084/1084/1084 969/969/969 1069/1069/1069
f 1081/1081/1081 1110/1110/1110 1113/1113/1113
f 1113/1113/1113 1111/1111/1111 1081/1081/1081
f 1110/1110/1110 1108/1108/1108 1112/1112/1112
f 1112/1112/1112 1113/1113/1113 1110/1110/1110
f 1069/1069/1069 1083/1083/1083 1086/1086/1086
f 1086/1086/1086 1084/1084/1084 1069/1069/1069
f 1107/1107/1107 1098/1098/1098 1072/1072/1072
f 1098/1098/1098 1084/1084/1084 1086/1086/1086
f 1084/1084/1084 1107/1107/1107 1071/1071/1071
f 1107/1107/1107 1084/1084/1084 1098/1098/1098
f 1086/1086/1086 1097/1097/1097 1100/1100/1100
f 1100/1100/1100 1098/1098/1098 1086/1086/1086
f 1096/1096/1096 1115/1115/1115 1081/1081/1081
f 1115/1115/1115 1098/1098/1098 1100/1100/1100
f 1098/1098/1098 1096/1096/1096 1072/1072/1072
f 1096/1096/1096 1098/1098/1098 1115/1115/1115
f 1100/1100/1100 1114/1114/1114 1117/1117/1117
f 1117/1117/1117 1115/1115/1115 1100/1100/1100
f 1110/1110/1110 1117/1117/1117 1108/1108/1108
f 1115/1115/1115 1110/1110/1110 1081/1081/1081
f 1117/1117/1117 1110/1110/1110 1115/1115/1115
f 1117/1117/1117 1116/1116/1116 1070/1070/1070
f 1070/1070/1070 1108/1108/1108 1117/1117/1117
f 1114/1114/1114 1099/1099/1099 1116/1116/1116
f 1116/1116/1116 1117/1117/1117 1114/1114/1114
f 1114/1114/1114 1085/1085/1085 1099/1099/1099
f 1097/1097/1097 1114/1114/1114 1100/1100/1100
f 1085/1085/1085 1114/1114/1114 1097/1097/1097
f 1097/1097/1097 1047/1047/1047 1085/1085/1085
f 1083/1083/1083 1097/1097/1097 1086/1086/1086
f 1047/1047/1047 1097/1097/1097 1083/1083/1083
f 1118/1118/1118 1101/1101/1101 1103/1103/1103
f 1047/1047/1047 1118/1118/1118 1085/1085/1085
f 1101/1101/1101 1118/1118/1118 1047/1047/1047
f 1085/1085/1085 1118/1118/1118 1120/1120/1120
f 1120/1120/1120 1099/1099/1099 1085/1085/1085
f 1116/1116/1116 1109/1109/1109 1070/1070/1070
f 1120/1120/1120 1116/1116/1116 1099/1099/1099
f 1109/1109/1109 1116/1116/1116 1120/1120/1120
f 1120/1120/1120 1119/1119/1119 1082/1082/1082
f 1082/1082/1082 1109/1109/1109 1120/1120/1120
f 1118/1118/1118 1103/1103/1103 1119/1119/1119
f 1119/1119/1119 1120/1120/1120 1118/1118/1118
f 1119/1119/1119 1074/1074/1074 1082/1082/1082
f 1102/1102/1102 1119/1119/1119 1103/1103/1103
f 1074/1074/1074 1119/1119/1119 1102/1102/1102
f 1101/1101/1101 1073/1073/1073 1102/1102/1102
f 1102/1102/1102 1103/1103/1103 1101/1101/1101
f 1046/1046/1046 1102/1102/1102 1073/1073/1073
f 1102/1102/1102 1046/1046/1046 1074/1074/1074
f 1045/1045/1045 1104/1104/1104 1106/1106/1106
f 1106/1106/1106 1088/1088/1088 1045/1045/1045
f 1101/1101/1101 1106/1106/1106 1073/1073/1073
f 1088/1088/1088 1101/1101/1101 1047/1047/1047
f 1106/1106/1106 1101/1101/1101 1088/1088/1088
f 1106/1106/1106 1105/1105/1105 1046/1046/1046
f 1046/1046/1046 1073/1073/1073 1106/1106/1106
f 1104/1104/1104 973/973/973 1105/1105/1105
f 1105/1105/1105 1106/1106/1106 1104/1104/1104
f 973/973/973 1132/1132/1132 1134/1134/1134
f 1134/1134/1134 1105/1105/1105 973/973/973
f 1143/1143/1143 1134/1134/1134 1121/1121/1121
f 1105/1105/1105 1143/1143/1143 1046/1046/1046
f 1134/1134/1134 1143/1143/1143 1105/1105/1105
f 1128/1128/1128 1133/1133/1133 1077/1077/1077
f 1134/1134/1134 1128/1128/1128 1121/1121/1121
f 1133/1133/1133 1128/1128/1128 1134/1134/1134
f 1132/1132/1132 1075/1075/1075 1133/1133/1133
f 1133/1133/1133 1134/1134/1134 1132/1132/1132
f 1046/1046/1046 1143/1143/1143 1145/1145/1145
f 1145/1145/1145 1144/1144/1144 1046/1046/1046
f 1123/1123/1123 1144/1144/1144 1167/1167/1167
f 1167/1167/1167 1144/1144/1144 1145/1145/1145
f 1145/1145/1145 1166/1166/1166 1168/1168/1168
f 1168/1168/1168 1167/1167/1167 1145/1145/1145
f 1168/1168/1168 1123/1123/1123 1167/1167/1167
f 1122/1122/1122 1168/1168/1168 1164/1164/1164
f 1164/1164/1164 1168/1168/1168 1140/1140/1140
f 1166/1166/1166 1129/1129/1129 1140/1140/1140
f 1140/1140/1140 1168/1168/1168 1166/1166/1166
f 1166/1166/1166 1121/1121/1121 1129/1129/1129
f 1143/1143/1143 1166/1166/1166 1145/1145/1145
f 1121/1121/1121 1166/1166/1166 1143/1143/1143
f 1139/1139/1139 1128/1128/1128 1131/1131/1131
f 1121/1121/1121 1139/1139/1139 1129/1129/1129
f 1128/1128/1128 1139/1139/1139 1121/1121/1121
f 1163/1163/1163 1139/1139/1139 1142/1142/1142
f 1129/1129/1129 1163/1163/1163 1140/1140/1140
f 1139/1139/1139 1163/1163/1163 1129/1129/1129
f 1140/1140/1140 1163/1163/1163 1165/1165/1165
f 1165/1165/1165 1164/1164/1164 1140/1140/1140
f 1165/1165/1165 1173/1173/1173 1175/1175/1175
f 1175/1175/1175 1174/1174/1174 1165/1165/1165
f 1175/1175/1175 1138/1138/1138 1174/1174/1174
f 1173/1173/1173 1147/1147/1147 1160/1160/1160
f 1160/1160/1160 1175/1175/1175 1173/1173/1173
f 1173/1173/1173 1142/1142/1142 1147/1147/1147
f 1163/1163/1163 1173/1173/1173 1165/1165/1165
f 1142/1142/1142 1173/1173/1173 1163/1163/1163
f 1159/1159/1159 1146/1146/1146 1149/1149/1149
f 1142/1142/1142 1159/1159/1159 1147/1147/1147
f 1146/1146/1146 1159/1159/1159 1142/1142/1142
f 1169/1169/1169 1159/1159/1159 1162/1162/1162
f 1147/1147/1147 1169/1169/1169 1160/1160/1160
f 1159/1159/1159 1169/1169/1169 1147/1147/1147
f 1160/1160/1160 1169/1169/1169 1172/1172/1172
f 1172/1172/1172 1170/1170/1170 1160/1160/1160
f 1169/1169/1169 1162/1162/1162 1171/1171/1171
f 1171/1171/1171 1172/1172/1172 1169/1169/1169
f 1159/1159/1159 1149/1149/1149 1161/1161/1161
f 1161/1161/1161 1162/1162/1162 1159/1159/1159
f 1146/1146/1146 1141/1141/1141 1148/1148/1148
f 1148/1148/1148 1149/1149/1149 1146/1146/1146
f 1146/1146/1146 1131/1131/1131 1141/1141/1141
f 1139/1139/1139 1146/1146/1146 1142/1142/1142
f 1131/1131/1131 1146/1146/1146 1139/1139/1139
f 1131/1131/1131 1150/1150/1150 1152/1152/1152
f 1152/1152/1152 1141/1141/1141 1131/1131/1131
f 1150/1150/1150 1130/1130/1130 1151/1151/1151
f 1151/1151/1151 1152/1152/1152 1150/1150/1150
f 1150/1150/1150 1077/1077/1077 1130/1130/1130
f 1128/1128/1128 1150/1150/1150 1131/1131/1131
f 1077/1077/1077 1150/1150/1150 1128/1128/1128
f 1077/1077/1077 1153/1153/1153 1155/1155/1155
f 1155/1155/1155 1130/1130/1130 1077/1077/1077
f 1153/1153/1153 1124/1124/1124 1154/1154/1154
f 1154/1154/1154 1155/1155/1155 1153/1153/1153
f 1075/1075/1075 1156/1156/1156 1158/1158/1158
f 1158/1158/1158 1133/1133/1133 1075/1075/1075
f 1153/1153/1153 1158/1158/1158 1124/1124/1124
f 1133/1133/1133 1153/1153/1153 1077/1077/1077
f 1158/1158/1158 1153/1153/1153 1133/1133/1133
f 1158/1158/1158 1157/1157/1157 1076/1076/1076
f 1076/1076/1076 1124/1124/1124 1158/1158/1158
f 1156/1156/1156 972/972/972 1157/1157/1157
f 1157/1157/1157 1158/1158/1158 1156/1156/1156
f 971/971/971 1135/1135/1135 1137/1137/1137
f 1137/1137/1137 1091/1091/1091 971/971/971
f 1132/1132/1132 1137/1137/1137 1075/1075/1075
f 1091/1091/1091 1132/1132/1132 973/973/973
f 1137/1137/1137 1132/1132/1132 1091/1091/1091
f 1156/1156/1156 1136/1136/1136 972/972/972
f 1137/1137/1137 1156/1156/1156 1075/1075/1075
f 1136/1136/1136 1156/1156/1156 1137/1137/1137
f 1135/1135/1135 557/557/557 1136/1136/1136
f 1136/1136/1136 1137/1137/1137 1135/1135/1135
f 559/559/559 990/990/990 993/993/993
f 993/993/993 991/991/991 559/559/559
f 991/991/991 993/993/993 954/954/954
f 954/954/954 652/652/652 991/991/991
f 986/986/986 992/992/992 654/654/654
f 993/993/993 986/986/986 954/954/954
f 992/992/992 986/986/986 993/993/993
f 990/990/990 651/651/651 992/992/992
f 992/992/992 993/993/993 990/990/990
f 958/958/958 987/987/987 957/957/957
f 987/987/987 652/652/652 954/954/954
f 652/652/652 958/958/958 955/955/955
f 958/958/958 652/652/652 987/987/987
f 955/955/955 958/958/958 961/961/961
f 961/961/961 959/959/959 955/955/955
f 1000/1000/1000 983/983/983 960/960/960
f 983/983/983 958/958/958 957/957/957
f 958/958/958 1000/1000/1000 961/961/961
f 1000/1000/1000 958/958/958 983/983/983
f 957/957/957 982/982/982 985/985/985
f 985/985/985 983/983/983 957/957/957
f 998/998/998 1013/1013/1013 974/974/974
f 1013/1013/1013 983/983/983 985/985/985
f 983/983/983 998/998/998 960/960/960
f 998/998/998 983/983/983 1013/1013/1013
f 985/985/985 1012/1012/1012 1015/1015/1015
f 1015/1015/1015 1013/1013/1013 985/985/985
f 1023/1023/1023 1015/1015/1015 975/975/975
f 1013/1013/1013 1023/1023/1023 974/974/974
f 1015/1015/1015 1023/1023/1023 1013/1013/1013
f 1008/1008/1008 1014/1014/1014 967/967/967
f 1015/1015/1015 1008/1008/1008 975/975/975
f 1014/1014/1014 1008/1008/1008 1015/1015/1015
f 1012/1012/1012 984/984/984 1014/1014/1014
f 1014/1014/1014 1015/1015/1015 1012/1012/1012
f 1012/1012/1012 965/965/965 984/984/984
f 982/982/982 1012/1012/1012 985/985/985
f 965/965/965 1012/1012/1012 982/982/982
f 999/999/999 960/960/960 998/998/998
f 974/974/974 1023/1023/1023 1025/1025/1025
f 1025/1025/1025 1024/1024/1024 974/974/974
f 1025/1025/1025 976/976/976 1024/1024/1024
f 1023/1023/1023 975/975/975 1009/1009/1009
f 1009/1009/1009 1025/1025/1025 1023/1023/1023
f 1019/1019/1019 1008/1008/1008 1011/1011/1011
f 975/975/975 1019/1019/1019 1009/1009/1009
f 1008/1008/1008 1019/1019/1019 975/975/975
f 1009/1009/1009 1019/1019/1019 1022/1022/1022
f 1022/1022/1022 1020/1020/1020 1009/1009/1009
f 1007/1007/1007 1020/1020/1020 1022/1022/1022
f 1016/1016/1016 1021/1021/1021 1001/1001/1001
f 1022/1022/1022 1016/1016/1016 1007/1007/1007
f 1021/1021/1021 1016/1016/1016 1022/1022/1022
f 1019/1019/1019 1011/1011/1011 1021/1021/1021
f 1021/1021/1021 1022/1022/1022 1019/1019/1019
f 1021/1021/1021 1017/1017/1017 1001/1001/1001
f 1017/1017/1017 1010/1010/1010 977/977/977
f 1010/1010/1010 1021/1021/1021 1011/1011/1011
f 1021/1021/1021 1010/1010/1010 1017/1017/1017
f 1008/1008/1008 967/967/967 1010/1010/1010
f 1010/1010/1010 1011/1011/1011 1008/1008/1008
f 1010/1010/1010 1018/1018/1018 977/977/977
f 1018/1018/1018 1002/1002/1002 1003/1003/1003
f 1002/1002/1002 1010/1010/1010 967/967/967
f 1010/1010/1010 1002/1002/1002 1018/1018/1018
f 978/978/978 1003/1003/1003 1002/1002/1002
f 965/965/965 1004/1004/1004 1006/1006/1006
f 1006/1006/1006 984/984/984 965/965/965
f 1014/1014/1014 1002/1002/1002 967/967/967
f 1002/1002/1002 1006/1006/1006 978/978/978
f 1006/1006/1006 1014/1014/1014 984/984/984
f 1014/1014/1014 1006/1006/1006 1002/1002/1002
f 1049/1049/1049 1006/1006/1006 1005/1005/1005
f 978/978/978 1049/1049/1049 966/966/966
f 1006/1006/1006 1049/1049/1049 978/978/978
f 1004/1004/1004 956/956/956 1005/1005/1005
f 1005/1005/1005 1006/1006/1006 1004/1004/1004
f 954/954/954 986/986/986 989/989/989
f 989/989/989 987/987/987 954/954/954
f 982/982/982 989/989/989 965/965/965
f 987/987/987 982/982/982 957/957/957
f 989/989/989 982/982/982 987/987/987
f 1004/1004/1004 988/988/988 956/956/956
f 989/989/989 1004/1004/1004 965/965/965
f 988/988/988 1004/1004/1004 989/989/989
f 986/986/986 654/654/654 988/988/988
f 988/988/988 989/989/989 986/986/986
f 654/654/654 1031/1031/1031 1033/1033/1033
f 1033/1033/1033 988/988/988 654/654/654
f 1028/1028/1028 1033/1033/1033 979/979/979
f 988/988/988 1028/1028/1028 956/956/956
f 1033/1033/1033 1028/1028/1028 988/988/988
f 1058/1058/1058 1032/1032/1032 970/970/970
f 1033/1033/1033 1058/1058/1058 979/979/979
f 1032/1032/1032 1058/1058/1058 1033/1033/1033
f 1031/1031/1031 968/968/968 1032/1032/1032
f 1032/1032/1032 1033/1033/1033 1031/1031/1031
f 1048/1048/1048 1028/1028/1028 1030/1030/1030
f 956/956/956 1048/1048/1048 1005/1005/1005
f 1028/1028/1028 1048/1048/1048 956/956/956
f 1005/1005/1005 1048/1048/1048 1051/1051/1051
f 1051/1051/1051 1049/1049/1049 1005/1005/1005
f 1049/1049/1049 1051/1051/1051 1027/1027/1027
f 1027/1027/1027 966/966/966 1049/1049/1049
f 1037/1037/1037 1050/1050/1050 1026/1026/1026
f 1051/1051/1051 1037/1037/1037 1027/1027/1027
f 1050/1050/1050 1037/1037/1037 1051/1051/1051
f 1048/1048/1048 1030/1030/1030 1050/1050/1050
f 1050/1050/1050 1051/1051/1051 1048/1048/1048
f 1030/1030/1030 1055/1055/1055 1057/1057/1057
f 1057/1057/1057 1050/1050/1050 1030/1030/1030
f 1052/1052/1052 1057/1057/1057 1041/1041/1041
f 1050/1050/1050 1052/1052/1052 1026/1026/1026
f 1057/1057/1057 1052/1052/1052 1050/1050/1050
f 1057/1057/1057 1056/1056/1056 981/981/981
f 981/981/981 1041/1041/1041 1057/1057/1057
f 1055/1055/1055 1029/1029/1029 1056/1056/1056
f 1056/1056/1056 1057/1057/1057 1055/1055/1055
f 1055/1055/1055 979/979/979 1029/1029/1029
f 1028/1028/1028 1055/1055/1055 1030/1030/1030
f 979/979/979 1055/1055/1055 1028/1028/1028
f 1027/1027/1027 1037/1037/1037 1040/1040/1040
f 1040/1040/1040 1038/1038/1038 1027/1027/1027
f 1037/1037/1037 1026/1026/1026 1039/1039/1039
f 1039/1039/1039 1040/1040/1040 1037/1037/1037
f 1026/1026/1026 1052/1052/1052 1054/1054/1054
f 1054/1054/1054 1039/1039/1039 1026/1026/1026
f 1052/1052/1052 1041/1041/1041 1053/1053/1053
f 1053/1053/1053 1054/1054/1054 1052/1052/1052
f 979/979/979 1058/1058/1058 1060/1060/1060
f 1060/1060/1060 1029/1029/1029 979/979/979
f 1056/1056/1056 1042/1042/1042 981/981/981
f 1060/1060/1060 1056/1056/1056 1029/1029/1029
f 1042/1042/1042 1056/1056/1056 1060/1060/1060
f 1060/1060/1060 1059/1059/1059 980/980/980
f 980/980/980 1042/1042/1042 1060/1060/1060
f 1058/1058/1058 970/970/970 1059/1059/1059
f 1059/1059/1059 1060/1060/1060 1058/1058/1058
f 970/970/970 1063/1063/1063 1065/1065/1065
f 1065/1065/1065 1059/1059/1059 970/970/970
f 1062/1062/1062 1065/1065/1065 1061/1061/1061
f 1059/1059/1059 1062/1062/1062 980/980/980
f 1065/1065/1065 1062/1062/1062 1059/1059/1059
f 1065/1065/1065 1064/1064/1064 1044/1044/1044
f 1044/1044/1044 1061/1061/1061 1065/1065/1065
f 1063/1063/1063 1043/1043/1043 1064/1064/1064
f 1064/1064/1064 1065/1065/1065 1063/1063/1063
f 969/969/969 1064/1064/1064 1043/1043/1043
f 1064/1064/1064 969/969/969 1044/1044/1044
f 968/968/968 1066/1066/1066 1068/1068/1068
f 1068/1068/1068 1032/1032/1032 968/968/968
f 1063/1063/1063 1068/1068/1068 1043/1043/1043
f 1032/1032/1032 1063/1063/1063 970/970/970
f 1068/1068/1068 1063/1063/1063 1032/1032/1032
f 1068/1068/1068 1067/1067/1067 969/969/969
f 969/969/969 1043/1043/1043 1068/1068/1068
f 1066/1066/1066 653/653/653 1067/1067/1067
f 1067/1067/1067 1068/1068/1068 1066/1066/1066
f 651/651/651 1034/1034/1034 1036/1036/1036
f 1036/1036/1036 992/992/992 651/651/651
f 1031/1031/1031 1036/1036/1036 968/968/968
f 992/992/992 1031/1031/1031 654/654/654
f 1036/1036/1036 1031/1031/1031 992/992/992
f 1066/1066/1066 1035/1035/1035 653/653/653
f 1036/1036/1036 1066/1066/1066 968/968/968
f 1035/1035/1035 1066/1066/1066 1036/1036/1036
f 1034/1034/1034 558/558/558 1035/1035/1035
f 1035/1035/1035 1036/1036/1036 1034/1034/1034
f 560/560/560 655/655/655 657/657/657
f 657/657/657 656/656/656 560/560/560
f 657/657/657 962/962/962 964/964/964
f 964/964/964 963/963/963 657/657/657
f 962/962/962 652/652/652 955/955/955
f 955/955/955 964/964/964 962/962/962
f 962/962/962 991/991/991 652/652/652
f 991/991/991 655/655/655 559/559/559
f 655/655/655 962/962/962 657/657/657
f 962/962/962 655/655/655 991/991/991
f 871/871/871 658/658/658 660/660/660
f 561/561/561 871/871/871 659/659/659
f 658/658/658 871/871/871 561/561/561
f 878/878/878 871/871/871 873/873/873
f 659/659/659 878/878/878 865/865/865
f 871/871/871 878/878/878 659/659/659
f 889/889/889 878/878/878 880/880/880
f 865/865/865 889/889/889 869/869/869
f 878/878/878 889/889/889 865/865/865
f 869/869/869 889/889/889 891/891/891
f 891/891/891 876/876/876 869/869/869
f 889/889/889 880/880/880 890/890/890
f 890/890/890 891/891/891 889/889/889
f 878/878/878 873/873/873 879/879/879
f 879/879/879 880/880/880 878/878/878
f 871/871/871 660/660/660 872/872/872
f 872/872/872 873/873/873 871/871/871
f 658/658/658 560/560/560 656/656/656
f 656/656/656 660/660/660 658/658/658
f 836/836/836 661/661/661 663/663/663
f 562/562/562 836/836/836 662/662/662
f 661/661/661 836/836/836 562/562/562
f 843/843/843 836/836/836 838/838/838
f 662/662/662 843/843/843 830/830/830
f 836/836/836 843/843/843 662/662/662
f 860/860/860 843/843/843 845/845/845
f 830/830/830 860/860/860 834/834/834
f 843/843/843 860/860/860 830/830/830
f 834/834/834 860/860/860 862/862/862
f 862/862/862 841/841/841 834/834/834
f 860/860/860 845/845/845 861/861/861
f 861/861/861 862/862/862 860/860/860
f 843/843/843 838/838/838 844/844/844
f 844/844/844 845/845/845 843/843/843
f 836/836/836 663/663/663 837/837/837
f 837/837/837 838/838/838 836/836/836
f 885/885/885 864/864/864 866/866/866
f 663/663/663 885/885/885 837/837/837
f 864/864/864 885/885/885 663/663/663
f 837/837/837 885/885/885 887/887/887
f 887/887/887 886/886/886 837/837/837
f 885/885/885 866/866/866 868/868/868
f 868/868/868 887/887/887 885/885/885
f 882/882/882 867/867/867 870/870/870
f 866/866/866 882/882/882 868/868/868
f 867/867/867 882/882/882 866/866/866
f 868/868/868 882/882/882 884/884/884
f 884/884/884 883/883/883 868/868/868
f 882/882/882 870/870/870 875/875/875
f 875/875/875 884/884/884 882/882/882
f 881/881/881 874/874/874 877/877/877
f 870/870/870 881/881/881 875/875/875
f 874/874/874 881/881/881 870/870/870
f 888/888/888 869/869/869 876/876/876
f 874/874/874 888/888/888 877/877/877
f 869/869/869 888/888/888 874/874/874
f 874/874/874 865/865/865 869/869/869
f 867/867/867 874/874/874 870/870/870
f 865/865/865 874/874/874 867/867/867
f 867/867/867 659/659/659 865/865/865
f 864/864/864 867/867/867 866/866/866
f 659/659/659 867/867/867 864/864/864
f 864/864/864 561/561/561 659/659/659
f 661/661/661 864/864/864 663/663/663
f 561/561/561 864/864/864 661/661/661
f 819/819/819 664/664/664 666/666/666
f 563/563/563 819/819/819 665/665/665
f 664/664/664 819/819/819 563/563/563
f 826/826/826 819/819/819 821/821/821
f 665/665/665 826/826/826 813/813/813
f 819/819/819 826/826/826 665/665/665
f 813/813/813 826/826/826 828/828/828
f 828/828/828 817/817/817 813/813/813
f 826/826/826 821/821/821 827/827/827
f 827/827/827 828/828/828 826/826/826
f 819/819/819 666/666/666 820/820/820
f 820/820/820 821/821/821 819/819/819
f 853/853/853 829/829/829 831/831/831
f 666/666/666 853/853/853 820/820/820
f 829/829/829 853/853/853 666/666/666
f 820/820/820 853/853/853 855/855/855
f 855/855/855 854/854/854 820/820/820
f 853/853/853 831/831/831 833/833/833
f 833/833/833 855/855/855 853/853/853
f 850/850/850 832/832/832 835/835/835
f 831/831/831 850/850/850 833/833/833
f 832/832/832 850/850/850 831/831/831
f 833/833/833 850/850/850 852/852/852
f 852/852/852 851/851/851 833/833/833
f 850/850/850 835/835/835 840/840/840
f 840/840/840 852/852/852 850/850/850
f 846/846/846 839/839/839 842/842/842
f 835/835/835 846/846/846 840/840/840
f 839/839/839 846/846/846 835/835/835
f 840/840/840 846/846/846 849/849/849
f 849/849/849 847/847/847 840/840/840
f 856/856/856 842/842/842 848/848/848
f 846/846/846 856/856/856 849/849/849
f 842/842/842 856/856/856 846/846/846
f 863/863/863 857/857/857 859/859/859
f 842/842/842 863/863/863 848/848/848
f 857/857/857 863/863/863 842/842/842
f 857/857/857 841/841/841 858/858/858
f 858/858/858 859/859/859 857/857/857
f 857/857/857 834/834/834 841/841/841
f 839/839/839 857/857/857 842/842/842
f 834/834/834 857/857/857 839/839/839
f 839/839/839 830/830/830 834/834/834
f 832/832/832 839/839/839 835/835/835
f 830/830/830 839/839/839 832/832/832
f 832/832/832 662/662/662 830/830/830
f 829/829/829 832/832/832 831/831/831
f 662/662/662 832/832/832 829/829/829
f 829/829/829 562/562/562 662/662/662
f 664/664/664 829/829/829 666/666/666
f 562/562/562 829/829/829 664/664/664
f 564/564/564 667/667/667 669/669/669
f 669/669/669 668/668/668 564/564/564
f 669/669/669 811/811/811 814/814/814
f 814/814/814 812/812/812 669/669/669
f 814/814/814 815/815/815 818/818/818
f 818/818/818 816/816/816 814/814/814
f 818/818/818 822/822/822 825/825/825
f 825/825/825 823/823/823 818/818/818
f 822/822/822 817/817/817 824/824/824
f 824/824/824 825/825/825 822/822/822
f 822/822/822 813/813/813 817/817/817
f 815/815/815 822/822/822 818/818/818
f 813/813/813 822/822/822 815/815/815
f 815/815/815 665/665/665 813/813/813
f 811/811/811 815/815/815 814/814/814
f 665/665/665 815/815/815 811/811/811
f 811/811/811 563/563/563 665/665/665
f 667/667/667 811/811/811 669/669/669
f 563/563/563 811/811/811 667/667/667
f 775/775/775 670/670/670 672/672/672
f 565/565/565 775/775/775 671/671/671
f 670/670/670 775/775/775 565/565/565
f 782/782/782 775/775/775 777/777/777
f 671/671/671 782/782/782 769/769/769
f 775/775/775 782/782/782 671/671/671
f 789/789/789 782/782/782 784/784/784
f 769/769/769 789/789/789 773/773/773
f 782/782/782 789/789/789 769/769/769
f 808/808/808 789/789/789 791/791/791
f 773/773/773 808/808/808 780/780/780
f 789/789/789 808/808/808 773/773/773
f 780/780/780 808/808/808 810/810/810
f 810/810/810 787/787/787 780/780/780
f 808/808/808 791/791/791 809/809/809
f 809/809/809 810/810/810 808/808/808
f 789/789/789 784/784/784 790/790/790
f 790/790/790 791/791/791 789/789/789
f 782/782/782 777/777/777 783/783/783
f 783/783/783 784/784/784 782/782/782
f 775/775/775 672/672/672 776/776/776
f 776/776/776 777/777/777 775/775/775
f 670/670/670 564/564/564 668/668/668
f 668/668/668 672/672/672 670/670/670
f 744/744/744 673/673/673 675/675/675
f 566/566/566 744/744/744 674/674/674
f 673/673/673 744/744/744 566/566/566
f 751/751/751 744/744/744 746/746/746
f 674/674/674 751/751/751 738/738/738
f 744/744/744 751/751/751 674/674/674
f 758/758/758 751/751/751 753/753/753
f 738/738/738 758/758/758 742/742/742
f 751/751/751 758/758/758 738/738/738
f 765/765/765 758/758/758 760/760/760
f 742/742/742 765/765/765 749/749/749
f 758/758/758 765/765/765 742/742/742
f 749/749/749 765/765/765 767/767/767
f 767/767/767 756/756/756 749/749/749
f 765/765/765 760/760/760 766/766/766
f 766/766/766 767/767/767 765/765/765
f 758/758/758 753/753/753 759/759/759
f 759/759/759 760/760/760 758/758/758
f 751/751/751 746/746/746 752/752/752
f 752/752/752 753/753/753 751/751/751
f 744/744/744 675/675/675 745/745/745
f 745/745/745 746/746/746 744/744/744
f 802/802/802 768/768/768 770/770/770
f 675/675/675 802/802/802 745/745/745
f 768/768/768 802/802/802 675/675/675
f 745/745/745 802/802/802 804/804/804
f 804/804/804 803/803/803 745/745/745
f 802/802/802 770/770/770 772/772/772
f 772/772/772 804/804/804 802/802/802
f 799/799/799 771/771/771 774/774/774
f 770/770/770 799/799/799 772/772/772
f 771/771/771 799/799/799 770/770/770
f 772/772/772 799/799/799 801/801/801
f 801/801/801 800/800/800 772/772/772
f 799/799/799 774/774/774 779/779/779
f 779/779/779 801/801/801 799/799/799
f 796/796/796 778/778/778 781/781/781
f 774/774/774 796/796/796 779/779/779
f 778/778/778 796/796/796 774/774/774
f 779/779/779 796/796/796 798/798/798
f 798/798/798 797/797/797 779/779/779
f 796/796/796 781/781/781 786/786/786
f 786/786/786 798/798/798 796/796/796
f 792/792/792 785/785/785 788/788/788
f 781/781/781 792/792/792 786/786/786
f 785/785/785 792/792/792 781/781/781
f 786/786/786 792/792/792 795/795/795
f 795/795/795 793/793/793 786/786/786
f 792/792/792 788/788/788 794/794/794
f 794/794/794 795/795/795 792/792/792
f 788/788/788 805/805/805 807/807/807
f 807/807/807 794/794/794 788/788/788
f 805/805/805 787/787/787 806/806/806
f 806/806/806 807/807/807 805/805/805
f 805/805/805 780/780/780 787/787/787
f 785/785/785 805/805/805 788/788/788
f 780/780/780 805/805/805 785/785/785
f 785/785/785 773/773/773 780/780/780
f 778/778/778 785/785/785 781/781/781
f 773/773/773 785/785/785 778/778/778
f 778/778/778 769/769/769 773/773/773
f 771/771/771 778/778/778 774/774/774
f 769/769/769 778/778/778 771/771/771
f 771/771/771 671/671/671 769/769/769
f 768/768/768 771/771/771 770/770/770
f 671/671/671 771/771/771 768/768/768
f 768/768/768 565/565/565 671/671/671
f 673/673/673 768/768/768 675/675/675
f 565/565/565 768/768/768 673/673/673
f 677/677/677 736/736/736 739/739/739
f 739/739/739 737/737/737 677/677/677
f 739/739/739 740/740/740 743/743/743
f 743/743/743 741/741/741 739/739/739
f 743/743/743 747/747/747 750/750/750
f 750/750/750 748/748/748 743/743/743
f 750/750/750 754/754/754 757/757/757
f 757/757/757 755/755/755 750/750/750
f 757/757/757 761/761/761 764/764/764
f 764/764/764 762/762/762 757/757/757
f 761/761/761 756/756/756 763/763/763
f 763/763/763 764/764/764 761/761/761
f 761/761/761 749/749/749 756/756/756
f 754/754/754 761/761/761 757/757/757
f 749/749/749 761/761/761 754/754/754
f 754/754/754 742/742/742 749/749/749
f 747/747/747 754/754/754 750/750/750
f 742/742/742 754/754/754 747/747/747
f 747/747/747 738/738/738 742/742/742
f 740/740/740 747/747/747 743/743/743
f 738/738/738 747/747/747 740/740/740
f 740/740/740 674/674/674 738/738/738
f 736/736/736 740/740/740 739/739/739
f 674/674/674 740/740/740 736/736/736
f 736/736/736 566/566/566 674/674/674
f 676/676/676 736/736/736 677/677/677
f 566/566/566 736/736/736 676/676/676
f 567/567/567 1282/1282/1282 1284/1284/1284
f 1284/1284/1284 1283/1283/1283 567/567/567
f 1278/1278/1278 1343/1343/1343 1265/1265/1265
f 1343/1343/1343 1283/1283/1283 1284/1284/1284
f 1283/1283/1283 1278/1278/1278 553/553/553
f 1278/1278/1278 1283/1283/1283 1343/1343/1343
f 1284/1284/1284 1342/1342/1342 1344/1344/1344
f 1344/1344/1344 1343/1343/1343 1284/1284/1284
f 1343/1343/1343 1344/1344/1344 1317/1317/1317
f 1317/1317/1317 1265/1265/1265 1343/1343/1343
f 568/568/568 1304/1304/1304 1306/1306/1306
f 1306/1306/1306 1305/1305/1305 568/568/568
f 1305/1305/1305 1306/1306/1306 1259/1259/1259
f 1259/1259/1259 554/554/554 1305/1305/1305
f 1301/1301/1301 1283/1283/1283 553/553/553
f 1306/1306/1306 1301/1301/1301 1259/1259/1259
f 1283/1283/1283 1301/1301/1301 1306/1306/1306
f 1304/1304/1304 567/567/567 1283/1283/1283
f 1283/1283/1283 1306/1306/1306 1304/1304/1304
f 1305/1305/1305 1210/1210/1210 1225/1225/1225
f 1225/1225/1225 1210/1210/1210 555/555/555
f 1210/1210/1210 1305/1305/1305 554/554/554
f 1305/1305/1305 1225/1225/1225 569/569/569
f 569/569/569 568/568/568 1305/1305/1305
f 570/570/570 1224/1224/1224 1226/1226/1226
f 1226/1226/1226 1195/1195/1195 570/570/570
f 1220/1220/1220 1226/1226/1226 1185/1185/1185
f 1195/1195/1195 1220/1220/1220 556/556/556
f 1226/1226/1226 1220/1220/1220 1195/1195/1195
f 1244/1244/1244 1225/1225/1225 555/555/555
f 1226/1226/1226 1244/1244/1244 1185/1185/1185
f 1225/1225/1225 1244/1244/1244 1226/1226/1226
f 1224/1224/1224 569/569/569 1225/1225/1225
f 1225/1225/1225 1226/1226/1226 1224/1224/1224
f 571/571/571 1194/1194/1194 1196/1196/1196
f 1196/1196/1196 1094/1094/1094 571/571/571
f 1191/1191/1191 1196/1196/1196 1078/1078/1078
f 1094/1094/1094 1191/1191/1191 557/557/557
f 1196/1196/1196 1191/1191/1191 1094/1094/1094
f 1196/1196/1196 1195/1195/1195 556/556/556
f 556/556/556 1078/1078/1078 1196/1196/1196
f 1194/1194/1194 570/570/570 1195/1195/1195
f 1195/1195/1195 1196/1196/1196 1194/1194/1194
f 572/572/572 1093/1093/1093 1095/1095/1095
f 1095/1095/1095 996/996/996 572/572/572
f 1090/1090/1090 1095/1095/1095 971/971/971
f 996/996/996 1090/1090/1090 558/558/558
f 1095/1095/1095 1090/1090/1090 996/996/996
f 1135/1135/1135 1094/1094/1094 557/557/557
f 1095/1095/1095 1135/1135/1135 971/971/971
f 1094/1094/1094 1135/1135/1135 1095/1095/1095
f 1093/1093/1093 571/571/571 1094/1094/1094
f 1094/1094/1094 1095/1095/1095 1093/1093/1093
f 573/573/573 994/994/994 997/997/997
f 997/997/997 995/995/995 573/573/573
f 990/990/990 997/997/997 651/651/651
f 995/995/995 990/990/990 559/559/559
f 997/997/997 990/990/990 995/995/995
f 1034/1034/1034 996/996/996 558/558/558
f 997/997/997 1034/1034/1034 651/651/651
f 996/996/996 1034/1034/1034 997/997/997
f 994/994/994 572/572/572 996/996/996
f 996/996/996 997/997/997 994/994/994
f 655/655/655 995/995/995 559/559/559
f 995/995/995 574/574/574 573/573/573
f 574/574/574 655/655/655 560/560/560
f 655/655/655 574/574/574 995/995/995
f 658/658/658 574/574/574 560/560/560
f 575/575/575 658/658/658 561/561/561
f 574/574/574 658/658/658 575/575/575
f 661/661/661 575/575/575 561/561/561
f 576/576/576 661/661/661 562/562/562
f 575/575/575 661/661/661 576/576/576
f 664/664/664 576/576/576 562/562/562
f 577/577/577 664/664/664 563/563/563
f 576/576/576 664/664/664 577/577/577
f 667/667/667 577/577/577 563/563/563
f 578/578/578 667/667/667 564/564/564
f 577/577/577 667/667/667 578/578/578
f 670/670/670 578/578/578 564/564/564
f 579/579/579 670/670/670 565/565/565
f 578/578/578 670/670/670 579/579/579
f 673/673/673 579/579/579 565/565/565
f 580/580/580 673/673/673 566/566/566
f 579/579/579 673/673/673 580/580/580
f 1304/1304/1304 581/581/581 567/567/567
f 582/582/582 1304/1304/1304 568/568/568
f 581/581/581 1304/1304/1304 582/582/582
f 583/583/583 582/582/582 568/568/568
f 568/568/568 569/569/569 583/583/583
f 1224/1224/1224 583/583/583 569/569/569
f 584/584/584 1224/1224/1224 570/570/570
f 583/583/583 1224/1224/1224 584/584/584
f 1194/1194/1194 584/584/584 570/570/570
f 585/585/585 1194/1194/1194 571/571/571
f 584/584/584 1194/1194/1194 585/585/585
f 1093/1093/1093 585/585/585 571/571/571
f 586/586/586 1093/1093/1093 572/572/572
f 585/585/585 1093/1093/1093 586/586/586
f 994/994/994 586/586/586 572/572/572
f 587/587/587 994/994/994 573/573/573
f 586/586/586 994/994/994 587/587/587
f 588/588/588 587/587/587 573/573/573
f 573/573/573 574/574/574 588/588/588
f 589/589/589 588/588/588 574/574/574
f 574/574/574 575/575/575 589/589/589
f 590/590/590 589/589/589 575/575/575
f 575/575/575 576/576/576 590/590/590
f 591/591/591 590/590/590 576/576/576
f 576/576/576 577/577/577 591/591/591
f 592/592/592 591/591/591 577/577/577
f 577/577/577 578/578/578 592/592/592
f 593/593/593 592/592/592 578/578/578
f 578/578/578 579/579/579 593/593/593
f 594/594/594 593/593/593 579/579/579
f 579/579/579 580/580/580 594/594/594
f 596/596/596 595/595/595 581/581/581
f 581/581/581 582/582/582 596/596/596
f 597/597/597 596/596/596 582/582/582
f 582/582/582 583/583/583 597/597/597
f 598/598/598 597/597/597 583/583/583
f 583/583/583 584/584/584 598/598/598
f 599/599/599 598/598/598 584/584/584
f 584/584/584 585/585/585 599/599/599
f 600/600/600 599/599/599 585/585/585
f 585/585/585 586/586/586 600/600/600
f 601/601/601 600/600/600 586/586/586
f 586/586/586 587/587/587 601/601/601
f 602/602/602 601/601/601 587/587/587
f 587/587/587 588/588/588 602/602/602
f 603/603/603 602/602/602 588/588/588
f 588/588/588 589/589/589 603/603/603
f 604/604/604 603/603/603 589/589/589
f 589/589/589 590/590/590 604/604/604
f 605/605/605 604/604/604 590/590/590
f 590/590/590 591/591/591 605/605/605
f 606/606/606 605/605/605 591/591/591
f 591/591/591 592/592/592 606/606/606
f 607/607/607 606/606/606 592/592/592
f 592/592/592 593/593/593 607/607/607
f 608/608/608 607/607/607 593/593/593
f 593/593/593 594/594/594 608/608/608
f 610/610/610 609/609/609 595/595/595
f 595/595/595 596/596/596 610/610/610
f 611/611/611 610/610/610 596/596/596
f 596/596/596 597/597/597 611/611/611
f 612/612/612 611/611/611 597/597/597
f 597/597/597 598/598/598 612/612/612
f 613/613/613 612/612/612 598/598/598
f 598/598/598 599/599/599 613/613/613
f 614/614/614 613/613/613 599/599/599
f 599/599/599 600/600/600 614/614/614
f 615/615/615 614/614/614 600/600/600
f 600/600/600 601/601/601 615/615/615
f 616/616/616 615/615/615 601/601/601
f 601/601/601 602/602/602 616/616/616
f 617/617/617 616/616/616 602/602/602
f 602/602/602 603/603/603 617/617/617
f 618/618/618 617/617/617 603/603/603
f 603/603/603 604/604/604 618/618/618
f 619/619/619 618/618/618 604/604/604
f 604/604/604 605/605/605 619/619/619
f 620/620/620 619/619/619 605/605/605
f 605/605/605 606/606/606 620/620/620
f 621/621/621 620/620/620 606/606/606
f 606/606/606 607/607/607 621/621/621
f 622/622/622 621/621/621 607/607/607
f 607/607/607 608/608/608 622/622/622
f 624/624/624 623/623/623 609/609/609
f 609/609/609 610/610/610 624/624/624
f 625/625/625 624/624/624 610/610/610
f 610/610/610 611/611/611 625/625/625
f 626/626/626 625/625/625 611/611/611
f 611/611/611 612/612/612 626/626/626
f 627/627/627 626/626/626 612/612/612
f 612/612/612 613/613/613 627/627/627
f 628/628/628 627/627/627 613/613/613
f 613/613/613 614/614/614 628/628/628
f 629/629/629 628/628/628 614/614/614
f 614/614/614 615/615/615 629/629/629
f 630/630/630 629/629/629 615/615/615
f 615/615/615 616/616/616 630/630/630
f 631/631/631 630/630/630 616/616/616
f 616/616/616 617/617/617 631/631/631
f 632/632/632 631/631/631 617/617/617
f 617/617/617 618/618/618 632/632/632
f 633/633/633 632/632/632 618/618/618
f 618/618/618 619/619/619 633/633/633
f 634/634/634 633/633/633 619/619/619
f 619/619/619 620/620/620 634/634/634
f 635/635/635 634/634/634 620/620/620
f 620/620/620 621/621/621 635/635/635
f 636/636/636 635/635/635 621/621/621
f 621/621/621 622/622/622 636/636/636
f 638/638/638 623/623/623 624/624/624
f 639/639/639 624/624/624 625/625/625
f 640/640/640 625/625/625 626/626/626
f 641/641/641 626/626/626 627/627/627
f 642/642/642 627/627/627 628/628/628
f 643/643/643 628/628/628 629/629/629
f 644/644/644 629/629/629 630/630/630
f 645/645/645 630/630/630 631/631/631
f 646/646/646 631/631/631 632/632/632
f 647/647/647 632/632/632 633/633/633
f 648/648/648 633/633/633 634/634/634
f 649/649/649 634/634/634 635/635/635
f 650/650/650 635/635/635 636/636/636
f 1003/1003/1003 901/901/901 900/900/900
f 1003/1003/1003 900/900/900 1018/1018/1018
f 977/977/977 1018/1018/1018 900/900/900
f 1017/1017/1017 977/977/977 900/900/900
f 1001/1001/1001 1017/1017/1017 900/900/900
f 1016/1016/1016 899/899/899 898/898/898
f 1007/1007/1007 898/898/898 897/897/897
f 898/898/898 1007/1007/1007 1016/1016/1016
f 1001/1001/1001 900/900/900 1016/1016/1016
f 900/900/900 899/899/899 1016/1016/1016
f 896/896/896 1007/1007/1007 897/897/897
f 1053/1053/1053 981/981/981 907/907/907
f 980/980/980 908/908/908 907/907/907
f 909/909/909 1062/1062/1062 910/910/910
f 908/908/908 980/980/980 909/909/909
f 910/910/910 1044/1044/1044 911/911/911
f 904/904/904 903/903/903 1040/1040/1040
f 903/903/903 902/902/902 1038/1038/1038
f 906/906/906 1054/1054/1054 1053/1053/1053
f 1054/1054/1054 906/906/906 905/905/905
f 904/904/904 1039/1039/1039 905/905/905
f 907/907/907 906/906/906 1053/1053/1053
f 966/966/966 902/902/902 901/901/901
f 912/912/912 911/911/911 969/969/969
f 1003/1003/1003 978/978/978 901/901/901
f 879/879/879 732/732/732 890/890/890
f 879/879/879 872/872/872 732/732/732
f 890/890/890 732/732/732 731/731/731
f 891/891/891 890/890/890 731/731/731
f 876/876/876 891/891/891 731/731/731
f 888/888/888 876/876/876 731/731/731
f 727/727/727 875/875/875 728/728/728
f 728/728/728 881/881/881 729/729/729
f 877/877/877 731/731/731 730/730/730
f 888/888/888 731/731/731 877/877/877
f 881/881/881 730/730/730 729/729/729
f 881/881/881 877/877/877 730/730/730
f 1020/1020/1020 896/896/896 895/895/895
f 976/976/976 895/895/895 894/894/894
f 976/976/976 894/894/894 1024/1024/1024
f 976/976/976 1025/1025/1025 895/895/895
f 999/999/999 893/893/893 960/960/960
f 999/999/999 998/998/998 894/894/894
f 1020/1020/1020 1007/1007/1007 896/896/896
f 893/893/893 999/999/999 894/894/894
f 728/728/728 875/875/875 881/881/881
f 727/727/727 884/884/884 875/875/875
f 892/892/892 1000/1000/1000 893/893/893
f 892/892/892 735/735/735 959/959/959
f 735/735/735 734/734/734 964/964/964
f 872/872/872 733/733/733 732/732/732
f 1025/1025/1025 1020/1020/1020 895/895/895
f 883/883/883 884/884/884 727/727/727
f 1039/1039/1039 1054/1054/1054 905/905/905
f 1113/1113/1113 1112/1112/1112 918/918/918
f 918/918/918 1112/1112/1112 1070/1070/1070
f 917/917/917 1113/1113/1113 918/918/918
f 918/918/918 1074/1074/1074 919/919/919
f 1123/1123/1123 920/920/920 919/919/919
f 913/913/913 1072/1072/1072 914/914/914
f 914/914/914 1096/1096/1096 915/915/915
f 916/916/916 1113/1113/1113 917/917/917
f 1111/1111/1111 1113/1113/1113 916/916/916
f 915/915/915 1111/1111/1111 916/916/916
f 915/915/915 1096/1096/1096 1111/1111/1111
f 1122/1122/1122 921/921/921 920/920/920
f 1122/1122/1122 1174/1174/1174 921/921/921
f 1175/1175/1175 922/922/922 1138/1138/1138
f 1138/1138/1138 921/921/921 1174/1174/1174
f 1123/1123/1123 1168/1168/1168 920/920/920
f 919/919/919 1074/1074/1074 1144/1144/1144
f 1123/1123/1123 919/919/919 1144/1144/1144
f 1074/1074/1074 918/918/918 1082/1082/1082
f 918/918/918 1109/1109/1109 1082/1082/1082
f 1109/1109/1109 918/918/918 1070/1070/1070
f 1070/1070/1070 1112/1112/1112 1108/1108/1108
f 1081/1081/1081 1111/1111/1111 1096/1096/1096
f 1072/1072/1072 913/913/913 1107/1107/1107
f 1096/1096/1096 914/914/914 1072/1072/1072
f 1138/1138/1138 922/922/922 921/921/921
f 1071/1071/1071 1107/1107/1107 913/913/913
f 1061/1061/1061 1044/1044/1044 910/910/910
f 912/912/912 969/969/969 1071/1071/1071
f 1061/1061/1061 910/910/910 1062/1062/1062
f 980/980/980 907/907/907 1042/1042/1042
f 1042/1042/1042 907/907/907 981/981/981
f 1062/1062/1062 909/909/909 980/980/980
f 904/904/904 1040/1040/1040 1039/1039/1039
f 903/903/903 1038/1038/1038 1040/1040/1040
f 1020/1020/1020 1025/1025/1025 1009/1009/1009
f 966/966/966 1038/1038/1038 902/902/902
f 1041/1041/1041 981/981/981 1053/1053/1053
f 969/969/969 911/911/911 1044/1044/1044
f 966/966/966 901/901/901 978/978/978
f 1038/1038/1038 966/966/966 1027/1027/1027
f 960/960/960 893/893/893 1000/1000/1000
f 961/961/961 892/892/892 959/959/959
f 879/879/879 890/890/890 880/880/880
f 959/959/959 735/735/735 955/955/955
f 733/733/733 656/656/656 734/734/734
f 1000/1000/1000 892/892/892 961/961/961
f 1024/1024/1024 998/998/998 974/974/974
f 894/894/894 998/998/998 1024/1024/1024
f 1071/1071/1071 913/913/913 912/912/912
f 825/825/825 716/716/716 715/715/715
f 827/827/827 717/717/717 716/716/716
f 718/718/718 851/851/851 719/719/719
f 718/718/718 717/717/717 855/855/855
f 715/715/715 714/714/714 825/825/825
f 709/709/709 809/809/809 790/790/790
f 668/668/668 711/711/711 710/710/710
f 714/714/714 713/713/713 823/823/823
f 712/712/712 711/711/711 812/812/812
f 776/776/776 709/709/709 783/783/783
f 719/719/719 847/847/847 720/720/720
f 724/724/724 723/723/723 863/863/863
f 725/725/725 724/724/724 858/858/858
f 724/724/724 859/859/859 858/858/858
f 724/724/724 863/863/863 859/859/859
f 858/858/858 861/861/861 725/725/725
f 848/848/848 863/863/863 723/723/723
f 722/722/722 721/721/721 856/856/856
f 723/723/723 722/722/722 848/848/848
f 848/848/848 722/722/722 856/856/856
f 721/721/721 849/849/849 856/856/856
f 712/712/712 816/816/816 713/713/713
f 847/847/847 719/719/719 840/840/840
f 849/849/849 720/720/720 847/847/847
f 849/849/849 721/721/721 720/720/720
f 708/708/708 809/809/809 709/709/709
f 764/764/764 699/699/699 698/698/698
f 763/763/763 767/767/767 700/700/700
f 702/702/702 801/801/801 703/703/703
f 702/702/702 701/701/701 804/804/804
f 764/764/764 700/700/700 699/699/699
f 697/697/697 762/762/762 698/698/698
f 696/696/696 762/762/762 697/697/697
f 695/695/695 755/755/755 696/696/696
f 748/748/748 695/695/695 694/694/694
f 694/694/694 693/693/693 741/741/741
f 703/703/703 797/797/797 704/704/704
f 707/707/707 706/706/706 794/794/794
f 708/708/708 707/707/707 794/794/794
f 708/708/708 807/807/807 806/806/806
f 708/708/708 794/794/794 807/807/807
f 806/806/806 809/809/809 708/708/708
f 795/795/795 794/794/794 706/706/706
f 693/693/693 692/692/692 737/737/737
f 706/706/706 705/705/705 795/795/795
f 795/795/795 705/705/705 793/793/793
f 705/705/705 704/704/704 793/793/793
f 793/793/793 704/704/704 798/798/798
f 701/701/701 700/700/700 766/766/766
f 764/764/764 698/698/698 762/762/762
f 763/763/763 700/700/700 764/764/764
f 696/696/696 755/755/755 762/762/762
f 806/806/806 810/810/810 809/809/809
f 844/844/844 886/886/886 725/725/725
f 727/727/727 726/726/726 883/883/883
f 883/883/883 726/726/726 868/868/868
f 858/858/858 862/862/862 861/861/861
f 862/862/862 858/858/858 841/841/841
f 840/840/840 719/719/719 852/852/852
f 852/852/852 719/719/719 851/851/851
f 824/824/824 716/716/716 825/825/825
f 825/825/825 714/714/714 823/823/823
f 717/717/717 827/827/827 854/854/854
f 718/718/718 855/855/855 851/851/851
f 726/726/726 887/887/887 868/868/868
f 713/713/713 816/816/816 823/823/823
f 887/887/887 725/725/725 886/886/886
f 844/844/844 838/838/838 837/837/837
f 837/837/837 886/886/886 844/844/844
f 725/725/725 861/861/861 844/844/844
f 851/851/851 855/855/855 833/833/833
f 861/861/861 845/845/845 844/844/844
f 827/827/827 716/716/716 828/828/828
f 827/827/827 821/821/821 820/820/820
f 820/820/820 854/854/854 827/827/827
f 716/716/716 824/824/824 828/828/828
f 709/709/709 776/776/776 710/710/710
f 812/812/812 816/816/816 712/712/712
f 823/823/823 816/816/816 818/818/818
f 824/824/824 817/817/817 828/828/828
f 855/855/855 717/717/717 854/854/854
f 709/709/709 790/790/790 783/783/783
f 806/806/806 787/787/787 810/810/810
f 809/809/809 791/791/791 790/790/790
f 793/793/793 798/798/798 786/786/786
f 801/801/801 797/797/797 703/703/703
f 702/702/702 804/804/804 800/800/800
f 700/700/700 767/767/767 766/766/766
f 762/762/762 755/755/755 757/757/757
f 779/779/779 797/797/797 801/801/801
f 763/763/763 756/756/756 767/767/767
f 704/704/704 797/797/797 798/798/798
f 801/801/801 702/702/702 800/800/800
f 800/800/800 804/804/804 772/772/772
f 804/804/804 701/701/701 803/803/803
f 701/701/701 766/766/766 759/759/759
f 766/766/766 760/760/760 759/759/759
f 741/741/741 748/748/748 694/694/694
f 752/752/752 759/759/759 753/753/753
f 759/759/759 752/752/752 701/701/701
f 755/755/755 748/748/748 750/750/750
f 752/752/752 746/746/746 745/745/745
f 745/745/745 803/803/803 752/752/752
f 701/701/701 752/752/752 803/803/803
f 784/784/784 783/783/783 790/790/790
f 695/695/695 748/748/748 755/755/755
f 887/887/887 726/726/726 725/725/725
f 741/741/741 743/743/743 748/748/748
f 1290/1290/1290 952/952/952 1287/1287/1287
f 1288/1288/1288 952/952/952 951/951/951
f 1270/1270/1270 953/953/953 952/952/952
f 952/952/952 1288/1288/1288 1287/1287/1287
f 1286/1286/1286 1288/1288/1288 951/951/951
f 948/948/948 947/947/947 1268/1268/1268
f 947/947/947 946/946/946 1264/1264/1264
f 1286/1286/1286 950/950/950 949/949/949
f 951/951/951 950/950/950 1286/1286/1286
f 1263/1263/1263 949/949/949 948/948/948
f 1273/1273/1273 1286/1286/1286 949/949/949
f 953/953/953 1329/1329/1329 1292/1292/1292
f 953/953/953 1293/1293/1293 1329/1329/1329
f 953/953/953 1270/1270/1270 1293/1293/1293
f 1287/1287/1287 1271/1271/1271 1290/1290/1290
f 1287/1287/1287 1289/1289/1289 1271/1271/1271
f 952/952/952 1290/1290/1290 1270/1270/1270
f 949/949/949 1263/1263/1263 1273/1273/1273
f 947/947/947 1264/1264/1264 1268/1268/1268
f 1261/1261/1261 1299/1299/1299 946/946/946
f 946/946/946 1299/1299/1299 1264/1264/1264
f 948/948/948 1268/1268/1268 1263/1263/1263
f 1287/1287/1287 1272/1272/1272 1289/1289/1289
f 1262/1262/1262 1299/1299/1299 1261/1261/1261
f 940/940/940 1255/1255/1255 941/941/941
f 1239/1239/1239 941/941/941 1235/1235/1235
f 1235/1235/1235 941/941/941 1236/1236/1236
f 942/942/942 941/941/941 1239/1239/1239
f 1208/1208/1208 942/942/942 1239/1239/1239
f 1236/1236/1236 941/941/941 1255/1255/1255
f 1255/1255/1255 939/939/939 938/938/938
f 1234/1234/1234 938/938/938 937/937/937
f 938/938/938 1234/1234/1234 1255/1255/1255
f 937/937/937 1257/1257/1257 1234/1234/1234
f 1255/1255/1255 940/940/940 939/939/939
f 936/936/936 1257/1257/1257 937/937/937
f 1240/1240/1240 1239/1239/1239 1235/1235/1235
f 1211/1211/1211 945/945/945 944/944/944
f 1211/1211/1211 944/944/944 943/943/943
f 945/945/945 1211/1211/1211 1261/1261/1261
f 943/943/943 1212/1212/1212 1211/1211/1211
f 1261/1261/1261 946/946/946 945/945/945
f 1208/1208/1208 1186/1186/1186 942/942/942
f 1235/1235/1235 1229/1229/1229 1240/1240/1240
f 1235/1235/1235 1237/1237/1237 1229/1229/1229
f 1231/1231/1231 1209/1209/1209 1239/1239/1239
f 1239/1239/1239 1209/1209/1209 1208/1208/1208
f 1235/1235/1235 1230/1230/1230 1237/1237/1237
f 942/942/942 1186/1186/1186 1212/1212/1212
f 1212/1212/1212 943/943/943 942/942/942
f 1399/1399/1399 1307/1307/1307 1403/1403/1403
f 1308/1308/1308 1307/1307/1307 1399/1399/1399
f 1404/1404/1404 1399/1399/1399 1403/1403/1403
f 1400/1400/1400 1309/1309/1309 1308/1308/1308
f 1308/1308/1308 1399/1399/1399 1400/1400/1400
f 1397/1397/1397 1309/1309/1309 1400/1400/1400
f 1404/1404/1404 1392/1392/1392 1399/1399/1399
f 1397/1397/1397 1393/1393/1393 1390/1390/1390
f 1396/1396/1396 1390/1390/1390 1374/1374/1374
f 1390/1390/1390 1309/1309/1309 1397/1397/1397
f 1390/1390/1390 1394/1394/1394 1309/1309/1309
f 1384/1384/1384 1310/1310/1310 1309/1309/1309
f 1311/1311/1311 1310/1310/1310 1282/1282/1282
f 1312/1312/1312 581/581/581 595/595/595
f 595/595/595 1313/1313/1313 1312/1312/1312
f 1313/1313/1313 595/595/595 609/609/609
f 609/609/609 1314/1314/1314 1313/1313/1313
f 1312/1312/1312 1311/1311/1311 581/581/581
f 1396/1396/1396 1394/1394/1394 1390/1390/1390
f 1378/1378/1378 1394/1394/1394 1380/1380/1380
f 1316/1316/1316 1315/1315/1315 623/623/623
f 1383/1383/1383 1378/1378/1378 1357/1357/1357
f 1316/1316/1316 623/623/623 637/637/637
f 1394/1394/1394 1378/1378/1378 1381/1381/1381
f 1314/1314/1314 609/609/609 1315/1315/1315
f 1309/1309/1309 1394/1394/1394 1381/1381/1381
f 1378/1378/1378 1383/1383/1383 1381/1381/1381
f 1386/1386/1386 1381/1381/1381 1345/1345/1345
f 1381/1381/1381 1386/1386/1386 1384/1384/1384
f 1389/1389/1389 1384/1384/1384 1332/1332/1332
f 1381/1381/1381 1384/1384/1384 1309/1309/1309
f 1384/1384/1384 1389/1389/1389 1387/1387/1387
f 1387/1387/1387 1338/1338/1338 1336/1336/1336
f 1341/1341/1341 1336/1336/1336 1319/1319/1319
f 1336/1336/1336 1339/1339/1339 1387/1387/1387
f 1384/1384/1384 1387/1387/1387 1310/1310/1310
f 1336/1336/1336 1341/1341/1341 1339/1339/1339
f 1344/1344/1344 1339/1339/1339 1317/1317/1317
f 1310/1310/1310 1339/1339/1339 1344/1344/1344
f 1282/1282/1282 1342/1342/1342 1284/1284/1284
f 1387/1387/1387 1339/1339/1339 1310/1310/1310
f 567/567/567 581/581/581 1282/1282/1282
f 581/581/581 1311/1311/1311 1282/1282/1282
f 1310/1310/1310 1342/1342/1342 1282/1282/1282
f 1315/1315/1315 609/609/609 623/623/623
f 1342/1342/1342 1310/1310/1310 1344/1344/1344
f 935/935/935 934/934/934 1215/1215/1215
f 934/934/934 933/933/933 1227/1227/1227
f 1258/1258/1258 1214/1214/1214 936/936/936
f 1257/1257/1257 936/936/936 1214/1214/1214
f 935/935/935 1258/1258/1258 936/936/936
f 1184/1184/1184 933/933/933 932/932/932
f 929/929/929 928/928/928 1180/1180/1180
f 928/928/928 927/927/927 1178/1178/1178
f 932/932/932 931/931/931 1198/1198/1198
f 931/931/931 930/930/930 1199/1199/1199
f 930/930/930 929/929/929 1179/1179/1179
f 1258/1258/1258 935/935/935 1215/1215/1215
f 934/934/934 1227/1227/1227 1205/1205/1205
f 933/933/933 1183/1183/1183 1227/1227/1227
f 1183/1183/1183 933/933/933 1184/1184/1184
f 1184/1184/1184 932/932/932 1126/1126/1126
f 1198/1198/1198 1126/1126/1126 932/932/932
f 931/931/931 1199/1199/1199 1198/1198/1198
f 930/930/930 1179/1179/1179 1199/1199/1199
f 1076/1076/1076 1178/1178/1178 927/927/927
f 928/928/928 1178/1178/1178 1180/1180/1180
f 1181/1181/1181 1126/1126/1126 1198/1198/1198
f 929/929/929 1180/1180/1180 1179/1179/1179
f 1215/1215/1215 934/934/934 1205/1205/1205
f 1076/1076/1076 927/927/927 1154/1154/1154
f 1171/1171/1171 926/926/926 925/925/925
f 925/925/925 924/924/924 1172/1172/1172
f 1162/1162/1162 1161/1161/1161 1171/1171/1171
f 926/926/926 1171/1171/1171 1161/1161/1161
f 1171/1171/1171 925/925/925 1172/1172/1172
f 1161/1161/1161 1148/1148/1148 926/926/926
f 1170/1170/1170 923/923/923 922/922/922
f 924/924/924 923/923/923 1172/1172/1172
f 1172/1172/1172 923/923/923 1170/1170/1170
f 1175/1175/1175 1160/1160/1160 1170/1170/1170
f 1170/1170/1170 922/922/922 1175/1175/1175
f 1152/1152/1152 1151/1151/1151 1148/1148/1148
f 926/926/926 1148/1148/1148 1151/1151/1151
f 1152/1152/1152 1148/1148/1148 1141/1141/1141
f 1151/1151/1151 1155/1155/1155 1154/1154/1154
f 1151/1151/1151 1130/1130/1130 1155/1155/1155
f 1151/1151/1151 927/927/927 926/926/926
f 1164/1164/1164 1165/1165/1165 1174/1174/1174
f 920/920/920 1168/1168/1168 1122/1122/1122
f 1164/1164/1164 1174/1174/1174 1122/1122/1122
f 1148/1148/1148 1161/1161/1161 1149/1149/1149
f 1151/1151/1151 1154/1154/1154 927/927/927
f 1144/1144/1144 1074/1074/1074 1046/1046/1046
f 1178/1178/1178 1076/1076/1076 1176/1176/1176
f 1154/1154/1154 1124/1124/1124 1076/1076/1076
f 955/955/955 735/735/735 964/964/964
f 656/656/656 963/963/963 734/734/734
f 872/872/872 656/656/656 733/733/733
f 872/872/872 879/879/879 873/873/873
f 964/964/964 734/734/734 963/963/963
f 814/814/814 816/816/816 812/812/812
f 668/668/668 812/812/812 711/711/711
f 656/656/656 872/872/872 660/660/660
f 656/656/656 657/657/657 963/963/963
f 668/668/668 776/776/776 672/672/672
f 776/776/776 668/668/668 710/710/710
f 668/668/668 669/669/669 812/812/812
f 776/776/776 783/783/783 777/777/777
f 691/691/691 677/677/677 737/737/737
f 741/741/741 737/737/737 739/739/739
f 580/580/580 566/566/566 676/676/676
f 580/580/580 687/687/687 686/686/686
f 686/686/686 594/594/594 580/580/580
f 690/690/690 676/676/676 677/677/677
f 677/677/677 691/691/691 690/690/690
f 689/689/689 676/676/676 690/690/690
f 580/580/580 676/676/676 689/689/689
f 687/687/687 580/580/580 688/688/688
f 689/689/689 688/688/688 580/580/580
f 686/686/686 685/685/685 594/594/594
f 692/692/692 691/691/691 737/737/737
f 684/684/684 608/608/608 685/685/685
f 594/594/594 685/685/685 608/608/608
f 608/608/608 684/684/684 683/683/683
f 608/608/608 683/683/683 682/682/682
f 682/682/682 622/622/622 608/608/608
f 622/622/622 681/681/681 680/680/680
f 680/680/680 636/636/636 622/622/622
f 636/636/636 679/679/679 678/678/678
f 678/678/678 650/650/650 636/636/636
f 622/622/622 682/682/682 681/681/681
f 636/636/636 680/680/680 679/679/679
f 693/693/693 737/737/737 741/741/741
f 1429/1429/1429 1428/1428/1428 1414/1414/1414
f 1430/1430/1430 1429/1429/1429 1415/1415/1415
f 1431/1431/1431 1430/1430/1430 1416/1416/1416
f 1432/1432/1432 1431/1431/1431 1417/1417/1417
f 1433/1433/1433 1432/1432/1432 1418/1418/1418
f 1434/1434/1434 1433/1433/1433 1419/1419/1419
f 1435/1435/1435 1434/1434/1434 1420/1420/1420
f 1436/1436/1436 1435/1435/1435 1421/1421/1421
f 1437/1437/1437 1436/1436/1436 1422/1422/1422
f 1438/1438/1438 1437/1437/1437 1423/1423/1423
f 1439/1439/1439 1438/1438/1438 1424/1424/1424
f 1440/1440/1440 1439/1439/1439 1425/1425/1425
f 1441/1441/1441 1440/1440/1440 1426/1426/1426
f 1443/1443/1443 1442/1442/1442 1428/1428/1428
f 1428/1428/1428 1429/1429/1429 1443/1443/1443
f 1444/1444/1444 1443/1443/1443 1429/1429/1429
f 1429/1429/1429 1430/1430/1430 1444/1444/1444
f 1445/1445/1445 1444/1444/1444 1430/1430/1430
f 1430/1430/1430 1431/1431/1431 1445/1445/1445
f 1446/1446/1446 1445/1445/1445 1431/1431/1431
f 1431/1431/1431 1432/1432/1432 1446/1446/1446
f 1447/1447/1447 1446/1446/1446 1432/1432/1432
f 1432/1432/1432 1433/1433/1433 1447/1447/1447
f 1448/1448/1448 1447/1447/1447 1433/1433/1433
f 1433/1433/1433 1434/1434/1434 1448/1448/1448
f 1449/1449/1449 1448/1448/1448 1434/1434/1434
f 1434/1434/1434 1435/1435/1435 1449/1449/1449
f 1450/1450/1450 1449/1449/1449 1435/1435/1435
f 1435/1435/1435 1436/1436/1436 1450/1450/1450
f 1451/1451/1451 1450/1450/1450 1436/1436/1436
f 1436/1436/1436 1437/1437/1437 1451/1451/1451
f 1452/1452/1452 1451/1451/1451 1437/1437/1437
f 1437/1437/1437 1438/1438/1438 1452/1452/1452
f 1453/1453/1453 1452/1452/1452 1438/1438/1438
f 1438/1438/1438 1439/1439/1439 1453/1453/1453
f 1454/1454/1454 1453/1453/1453 1439/1439/1439
f 1439/1439/1439 1440/1440/1440 1454/1454/1454
f 1455/1455/1455 1454/1454/1454 1440/1440/1440
f 1440/1440/1440 1441/1441/1441 1455/1455/1455
f 1457/1457/1457 1456/1456/1456 1442/1442/1442
f 1442/1442/1442 1443/1443/1443 1457/1457/1457
f 1458/1458/1458 1457/1457/1457 1443/1443/1443
f 1443/1443/1443 1444/1444/1444 1458/1458/1458
f 1459/1459/1459 1458/1458/1458 1444/1444/1444
f 1444/1444/1444 1445/1445/1445 1459/1459/1459
f 1460/1460/1460 1459/1459/1459 1445/1445/1445
f 1445/1445/1445 1446/1446/1446 1460/1460/1460
f 1461/1461/1461 1460/1460/1460 1446/1446/1446
f 1446/1446/1446 1447/1447/1447 1461/1461/1461
f 1462/1462/1462 1461/1461/1461 1447/1447/1447
f 1447/1447/1447 1448/1448/1448 1462/1462/1462
f 1463/1463/1463 1462/1462/1462 1448/1448/1448
f 1448/1448/1448 1449/1449/1449 1463/1463/1463
f 1464/1464/1464 1463/1463/1463 1449/1449/1449
f 1449/1449/1449 1450/1450/1450 1464/1464/1464
f 1465/1465/1465 1464/1464/1464 1450/1450/1450
f 1450/1450/1450 1451/1451/1451 1465/1465/1465
f 1466/1466/1466 1465/1465/1465 1451/1451/1451
f 1451/1451/1451 1452/1452/1452 1466/1466/1466
f 1467/1467/1467 1466/1466/1466 1452/1452/1452
f 1452/1452/1452 1453/1453/1453 1467/1467/1467
f 1468/1468/1468 1467/1467/1467 1453/1453/1453
f 1453/1453/1453 1454/1454/1454 1468/1468/1468
f 1469/1469/1469 1468/1468/1468 1454/1454/1454
f 1454/1454/1454 1455/1455/1455 1469/1469/1469
f 1471/1471/1471 1470/1470/1470 1456/1456/1456
f 1456/1456/1456 1457/1457/1457 1471/1471/1471
f 1472/1472/1472 1471/1471/1471 1457/1457/1457
f 1457/1457/1457 1458/1458/1458 1472/1472/1472
f 1473/1473/1473 1472/1472/1472 1458/1458/1458
f 1458/1458/1458 1459/1459/1459 1473/1473/1473
f 1474/1474/1474 1473/1473/1473 1459/1459/1459
f 1459/1459/1459 1460/1460/1460 1474/1474/1474
f 1475/1475/1475 1474/1474/1474 1460/1460/1460
f 1460/1460/1460 1461/1461/1461 1475/1475/1475
f 1476/1476/1476 1475/1475/1475 1461/1461/1461
f 1461/1461/1461 1462/1462/1462 1476/1476/1476
f 1477/1477/1477 1476/1476/1476 1462/1462/1462
f 1462/1462/1462 1463/1463/1463 1477/1477/1477
f 1478/1478/1478 1477/1477/1477 1463/1463/1463
f 1463/1463/1463 1464/1464/1464 1478/1478/1478
f 1479/1479/1479 1478/1478/1478 1464/1464/1464
f 1464/1464/1464 1465/1465/1465 1479/1479/1479
f 1480/1480/1480 1479/1479/1479 1465/1465/1465
f 1465/1465/1465 1466/1466/1466 1480/1480/1480
f 1481/1481/1481 1480/1480/1480 1466/1466/1466
f 1466/1466/1466 1467/1467/1467 1481/1481/1481
f 1482/1482/1482 1481/1481/1481 1467/1467/1467
f 1467/1467/1467 1468/1468/1468 1482/1482/1482
f 1483/1483/1483 1482/1482/1482 1468/1468/1468
f 1468/1468/1468 1469/1469/1469 1483/1483/1483
f 1485/1485/1485 1484/1484/1484 1470/1470/1470
f 1470/1470/1470 1471/1471/1471 1485/1485/1485
f 1486/1486/1486 1485/1485/1485 1471/1471/1471
f 1471/1471/1471 1472/1472/1472 1486/1486/1486
f 1606/1606/1606 1473/1473/1473 1487/1487/1487
f 1472/1472/1472 1606/1606/1606 1486/1486/1486
f 1473/1473/1473 1606/1606/1606 1472/1472/1472
f 1488/1488/1488 1487/1487/1487 1473/1473/1473
f 1473/1473/1473 1474/1474/1474 1488/1488/1488
f 1635/1635/1635 1475/1475/1475 1489/1489/1489
f 1474/1474/1474 1635/1635/1635 1488/1488/1488
f 1475/1475/1475 1635/1635/1635 1474/1474/1474
f 1712/1712/1712 1476/1476/1476 1490/1490/1490
f 1475/1475/1475 1712/1712/1712 1489/1489/1489
f 1476/1476/1476 1712/1712/1712 1475/1475/1475
f 1491/1491/1491 1490/1490/1490 1476/1476/1476
f 1476/1476/1476 1477/1477/1477 1491/1491/1491
f 1492/1492/1492 1491/1491/1491 1477/1477/1477
f 1477/1477/1477 1478/1478/1478 1492/1492/1492
f 1493/1493/1493 1492/1492/1492 1478/1478/1478
f 1478/1478/1478 1479/1479/1479 1493/1493/1493
f 1494/1494/1494 1493/1493/1493 1479/1479/1479
f 1479/1479/1479 1480/1480/1480 1494/1494/1494
f 1495/1495/1495 1494/1494/1494 1480/1480/1480
f 1480/1480/1480 1481/1481/1481 1495/1495/1495
f 1496/1496/1496 1495/1495/1495 1481/1481/1481
f 1481/1481/1481 1482/1482/1482 1496/1496/1496
f 1497/1497/1497 1496/1496/1496 1482/1482/1482
f 1482/1482/1482 1483/1483/1483 1497/1497/1497
f 1979/1979/1979 1498/1498/1498 1948/1948/1948
f 1954/1954/1954 1979/1979/1979 1956/1956/1956
f 1498/1498/1498 1979/1979/1979 1954/1954/1954
f 1954/1954/1954 1956/1956/1956 1955/1955/1955
f 1955/1955/1955 1484/1484/1484 1954/1954/1954
f 1948/1948/1948 1952/1952/1952 1981/1981/1981
f 1981/1981/1981 1979/1979/1979 1948/1948/1948
f 1979/1979/1979 1981/1981/1981 1980/1980/1980
f 1980/1980/1980 1956/1956/1956 1979/1979/1979
f 1954/1954/1954 1499/1499/1499 1498/1498/1498
f 1485/1485/1485 1954/1954/1954 1484/1484/1484
f 1499/1499/1499 1954/1954/1954 1485/1485/1485
f 1583/1583/1583 1607/1607/1607 1500/1500/1500
f 1607/1607/1607 1485/1485/1485 1486/1486/1486
f 1485/1485/1485 1583/1583/1583 1499/1499/1499
f 1583/1583/1583 1485/1485/1485 1607/1607/1607
f 1602/1602/1602 1605/1605/1605 1501/1501/1501
f 1608/1608/1608 1602/1602/1602 1576/1576/1576
f 1605/1605/1605 1602/1602/1602 1608/1608/1608
f 1605/1605/1605 1608/1608/1608 1606/1606/1606
f 1606/1606/1606 1487/1487/1487 1605/1605/1605
f 1608/1608/1608 1607/1607/1607 1486/1486/1486
f 1486/1486/1486 1606/1606/1606 1608/1608/1608
f 1576/1576/1576 1500/1500/1500 1607/1607/1607
f 1607/1607/1607 1608/1608/1608 1576/1576/1576
f 1636/1636/1636 1591/1591/1591 1605/1605/1605
f 1605/1605/1605 1591/1591/1591 1501/1501/1501
f 1591/1591/1591 1636/1636/1636 1502/1502/1502
f 1636/1636/1636 1605/1605/1605 1487/1487/1487
f 1487/1487/1487 1488/1488/1488 1636/1636/1636
f 1503/1503/1503 1609/1609/1609 1637/1637/1637
f 1637/1637/1637 1634/1634/1634 1503/1503/1503
f 1634/1634/1634 1637/1637/1637 1635/1635/1635
f 1635/1635/1635 1489/1489/1489 1634/1634/1634
f 1637/1637/1637 1636/1636/1636 1488/1488/1488
f 1488/1488/1488 1635/1635/1635 1637/1637/1637
f 1631/1631/1631 1637/1637/1637 1609/1609/1609
f 1636/1636/1636 1631/1631/1631 1502/1502/1502
f 1637/1637/1637 1631/1631/1631 1636/1636/1636
f 1504/1504/1504 1513/1513/1513 1713/1713/1713
f 1713/1713/1713 1711/1711/1711 1504/1504/1504
f 1711/1711/1711 1713/1713/1713 1712/1712/1712
f 1712/1712/1712 1490/1490/1490 1711/1711/1711
f 1713/1713/1713 1634/1634/1634 1489/1489/1489
f 1489/1489/1489 1712/1712/1712 1713/1713/1713
f 1708/1708/1708 1713/1713/1713 1513/1513/1513
f 1634/1634/1634 1708/1708/1708 1503/1503/1503
f 1713/1713/1713 1708/1708/1708 1634/1634/1634
f 1711/1711/1711 1517/1517/1517 1504/1504/1504
f 1517/1517/1517 1491/1491/1491 1505/1505/1505
f 1491/1491/1491 1711/1711/1711 1490/1490/1490
f 1711/1711/1711 1491/1491/1491 1517/1517/1517
f 1520/1520/1520 1492/1492/1492 1506/1506/1506
f 1491/1491/1491 1520/1520/1520 1505/1505/1505
f 1492/1492/1492 1520/1520/1520 1491/1491/1491
f 1523/1523/1523 1493/1493/1493 1507/1507/1507
f 1492/1492/1492 1523/1523/1523 1506/1506/1506
f 1493/1493/1493 1523/1523/1523 1492/1492/1492
f 1526/1526/1526 1494/1494/1494 1508/1508/1508
f 1493/1493/1493 1526/1526/1526 1507/1507/1507
f 1494/1494/1494 1526/1526/1526 1493/1493/1493
f 1529/1529/1529 1495/1495/1495 1509/1509/1509
f 1494/1494/1494 1529/1529/1529 1508/1508/1508
f 1495/1495/1495 1529/1529/1529 1494/1494/1494
f 1532/1532/1532 1496/1496/1496 1510/1510/1510
f 1495/1495/1495 1532/1532/1532 1509/1509/1509
f 1496/1496/1496 1532/1532/1532 1495/1495/1495
f 1535/1535/1535 1497/1497/1497 1511/1511/1511
f 1496/1496/1496 1535/1535/1535 1510/1510/1510
f 1497/1497/1497 1535/1535/1535 1496/1496/1496
f 1951/1951/1951 1947/1947/1947 1949/1949/1949
f 1498/1498/1498 1951/1951/1951 1948/1948/1948
f 1947/1947/1947 1951/1951/1951 1498/1498/1498
f 1958/1958/1958 1949/1949/1949 1950/1950/1950
f 1951/1951/1951 1958/1958/1958 1953/1953/1953
f 1949/1949/1949 1958/1958/1958 1951/1951/1951
f 1976/1976/1976 1951/1951/1951 1953/1953/1953
f 1948/1948/1948 1976/1976/1976 1952/1952/1952
f 1951/1951/1951 1976/1976/1976 1948/1948/1948
f 1953/1953/1953 1959/1959/1959 1978/1978/1978
f 1978/1978/1978 1976/1976/1976 1953/1953/1953
f 1976/1976/1976 1978/1978/1978 1977/1977/1977
f 1977/1977/1977 1952/1952/1952 1976/1976/1976
f 1963/1963/1963 1950/1950/1950 1957/1957/1957
f 1958/1958/1958 1963/1963/1963 1960/1960/1960
f 1950/1950/1950 1963/1963/1963 1958/1958/1958
f 1973/1973/1973 1958/1958/1958 1960/1960/1960
f 1953/1953/1953 1973/1973/1973 1959/1959/1959
f 1958/1958/1958 1973/1973/1973 1953/1953/1953
f 2019/2019/2019 1960/1960/1960 1964/1964/1964
f 1973/1973/1973 2019/2019/2019 1975/1975/1975
f 1960/1960/1960 2019/2019/2019 1973/1973/1973
f 1973/1973/1973 1975/1975/1975 1974/1974/1974
f 1974/1974/1974 1959/1959/1959 1973/1973/1973
f 1964/1964/1964 1971/1971/1971 2021/2021/2021
f 2021/2021/2021 2019/2019/2019 1964/1964/1964
f 2019/2019/2019 2021/2021/2021 2020/2020/2020
f 2020/2020/2020 1975/1975/1975 2019/2019/2019
f 1987/1987/1987 1957/1957/1957 1962/1962/1962
f 1963/1963/1963 1987/1987/1987 1965/1965/1965
f 1957/1957/1957 1987/1987/1987 1963/1963/1963
f 1970/1970/1970 1963/1963/1963 1965/1965/1965
f 1960/1960/1960 1970/1970/1970 1964/1964/1964
f 1963/1963/1963 1970/1970/1970 1960/1960/1960
f 1983/1983/1983 1965/1965/1965 1969/1969/1969
f 1970/1970/1970 1983/1983/1983 1972/1972/1972
f 1965/1965/1965 1983/1983/1983 1970/1970/1970
f 2016/2016/2016 1970/1970/1970 1972/1972/1972
f 1964/1964/1964 2016/2016/2016 1971/1971/1971
f 1970/1970/1970 2016/2016/2016 1964/1964/1964
f 1972/1972/1972 1984/1984/1984 2018/2018/2018
f 2018/2018/2018 2016/2016/2016 1972/1972/1972
f 2016/2016/2016 2018/2018/2018 2017/2017/2017
f 2017/2017/2017 1971/1971/1971 2016/2016/2016
f 1993/1993/1993 1969/1969/1969 1982/1982/1982
f 1983/1983/1983 1993/1993/1993 1985/1985/1985
f 1969/1969/1969 1993/1993/1993 1983/1983/1983
f 2013/2013/2013 1983/1983/1983 1985/1985/1985
f 1972/1972/1972 2013/2013/2013 1984/1984/1984
f 1983/1983/1983 2013/2013/2013 1972/1972/1972
f 1985/1985/1985 1994/1994/1994 2015/2015/2015
f 2015/2015/2015 2013/2013/2013 1985/1985/1985
f 2013/2013/2013 2015/2015/2015 2014/2014/2014
f 2014/2014/2014 1984/1984/1984 2013/2013/2013
f 2000/2000/2000 1982/1982/1982 1992/1992/1992
f 1993/1993/1993 2000/2000/2000 1995/1995/1995
f 1982/1982/1982 2000/2000/2000 1993/1993/1993
f 2010/2010/2010 1993/1993/1993 1995/1995/1995
f 1985/1985/1985 2010/2010/2010 1994/1994/1994
f 1993/1993/1993 2010/2010/2010 1985/1985/1985
f 2026/2026/2026 1995/1995/1995 2001/2001/2001
f 2010/2010/2010 2026/2026/2026 2012/2012/2012
f 1995/1995/1995 2026/2026/2026 2010/2010/2010
f 2010/2010/2010 2012/2012/2012 2011/2011/2011
f 2011/2011/2011 1994/1994/1994 2010/2010/2010
f 2001/2001/2001 2008/2008/2008 2028/2028/2028
f 2028/2028/2028 2026/2026/2026 2001/2001/2001
f 2026/2026/2026 2028/2028/2028 2027/2027/2027
f 2027/2027/2027 2012/2012/2012 2026/2026/2026
f 2033/2033/2033 1992/1992/1992 1999/1999/1999
f 2000/2000/2000 2033/2033/2033 2002/2002/2002
f 1992/1992/1992 2033/2033/2033 2000/2000/2000
f 2007/2007/2007 2000/2000/2000 2002/2002/2002
f 1995/1995/1995 2007/2007/2007 2001/2001/2001
f 2000/2000/2000 2007/2007/2007 1995/1995/1995
f 2030/2030/2030 2002/2002/2002 2006/2006/2006
f 2007/2007/2007 2030/2030/2030 2009/2009/2009
f 2002/2002/2002 2030/2030/2030 2007/2007/2007
f 2023/2023/2023 2007/2007/2007 2009/2009/2009
f 2001/2001/2001 2023/2023/2023 2008/2008/2008
f 2007/2007/2007 2023/2023/2023 2001/2001/2001
f 2009/2009/2009 2022/2022/2022 2025/2025/2025
f 2025/2025/2025 2023/2023/2023 2009/2009/2009
f 2023/2023/2023 2025/2025/2025 2024/2024/2024
f 2024/2024/2024 2008/2008/2008 2023/2023/2023
f 2006/2006/2006 2029/2029/2029 2031/2031/2031
f 2031/2031/2031 2030/2030/2030 2006/2006/2006
f 2039/2039/2039 2030/2030/2030 2031/2031/2031
f 2009/2009/2009 2039/2039/2039 2022/2022/2022
f 2030/2030/2030 2039/2039/2039 2009/2009/2009
f 2031/2031/2031 2038/2038/2038 2041/2041/2041
f 2041/2041/2041 2039/2039/2039 2031/2031/2031
f 2039/2039/2039 2041/2041/2041 2040/2040/2040
f 2040/2040/2040 2022/2022/2022 2039/2039/2039
f 1999/1999/1999 2032/2032/2032 2034/2034/2034
f 2034/2034/2034 2033/2033/2033 1999/1999/1999
f 2033/2033/2033 2034/2034/2034 2006/2006/2006
f 2006/2006/2006 2002/2002/2002 2033/2033/2033
f 1962/1962/1962 1986/1986/1986 1988/1988/1988
f 1988/1988/1988 1987/1987/1987 1962/1962/1962
f 1997/1997/1997 1987/1987/1987 1988/1988/1988
f 1965/1965/1965 1997/1997/1997 1969/1969/1969
f 1987/1987/1987 1997/1997/1997 1965/1965/1965
f 1988/1988/1988 1996/1996/1996 1998/1998/1998
f 1998/1998/1998 1997/1997/1997 1988/1988/1988
f 2004/2004/2004 1997/1997/1997 1998/1998/1998
f 1969/1969/1969 2004/2004/2004 1982/1982/1982
f 1997/1997/1997 2004/2004/2004 1969/1969/1969
f 1998/1998/1998 2003/2003/2003 2005/2005/2005
f 2005/2005/2005 2004/2004/2004 1998/1998/1998
f 2036/2036/2036 2004/2004/2004 2005/2005/2005
f 1982/1982/1982 2036/2036/2036 1992/1992/1992
f 2004/2004/2004 2036/2036/2036 1982/1982/1982
f 2005/2005/2005 2035/2035/2035 2037/2037/2037
f 2037/2037/2037 2036/2036/2036 2005/2005/2005
f 2036/2036/2036 2037/2037/2037 1999/1999/1999
f 1999/1999/1999 1992/1992/1992 2036/2036/2036
f 1949/1949/1949 1967/1967/1967 1950/1950/1950
f 1967/1967/1967 1949/1949/1949 1961/1961/1961
f 1961/1961/1961 1966/1966/1966 1968/1968/1968
f 1968/1968/1968 1967/1967/1967 1961/1961/1961
f 1990/1990/1990 1967/1967/1967 1968/1968/1968
f 1950/1950/1950 1990/1990/1990 1957/1957/1957
f 1967/1967/1967 1990/1990/1990 1950/1950/1950
f 1968/1968/1968 1989/1989/1989 1991/1991/1991
f 1991/1991/1991 1990/1990/1990 1968/1968/1968
f 1990/1990/1990 1991/1991/1991 1962/1962/1962
f 1962/1962/1962 1957/1957/1957 1990/1990/1990
f 1577/1577/1577 1585/1585/1585 1583/1583/1583
f 1583/1583/1583 1500/1500/1500 1577/1577/1577
f 1585/1585/1585 1584/1584/1584 1499/1499/1499
f 1499/1499/1499 1583/1583/1583 1585/1585/1585
f 1597/1597/1597 1587/1587/1587 1589/1589/1589
f 1575/1575/1575 1597/1597/1597 1588/1588/1588
f 1587/1587/1587 1597/1597/1597 1575/1575/1575
f 1589/1589/1589 1593/1593/1593 1600/1600/1600
f 1600/1600/1600 1597/1597/1597 1589/1589/1589
f 1597/1597/1597 1600/1600/1600 1598/1598/1598
f 1598/1598/1598 1588/1588/1588 1597/1597/1597
f 1600/1600/1600 1599/1599/1599 1578/1578/1578
f 1578/1578/1578 1598/1598/1598 1600/1600/1600
f 1595/1595/1595 1600/1600/1600 1593/1593/1593
f 1599/1599/1599 1595/1595/1595 1579/1579/1579
f 1600/1600/1600 1595/1595/1595 1599/1599/1599
f 1594/1594/1594 1596/1596/1596 1595/1595/1595
f 1595/1595/1595 1593/1593/1593 1594/1594/1594
f 1596/1596/1596 1579/1579/1579 1595/1595/1595
f 1575/1575/1575 1588/1588/1588 1604/1604/1604
f 1604/1604/1604 1601/1601/1601 1575/1575/1575
f 1601/1601/1601 1604/1604/1604 1602/1602/1602
f 1602/1602/1602 1501/1501/1501 1601/1601/1601
f 1604/1604/1604 1603/1603/1603 1576/1576/1576
f 1576/1576/1576 1602/1602/1602 1604/1604/1604
f 1598/1598/1598 1604/1604/1604 1588/1588/1588
f 1603/1603/1603 1598/1598/1598 1578/1578/1578
f 1604/1604/1604 1598/1598/1598 1603/1603/1603
f 1580/1580/1580 1603/1603/1603 1578/1578/1578
f 1603/1603/1603 1500/1500/1500 1576/1576/1576
f 1500/1500/1500 1580/1580/1580 1577/1577/1577
f 1580/1580/1580 1500/1500/1500 1603/1603/1603
f 1586/1586/1586 1599/1599/1599 1579/1579/1579
f 1599/1599/1599 1580/1580/1580 1578/1578/1578
f 1580/1580/1580 1586/1586/1586 1582/1582/1582
f 1586/1586/1586 1580/1580/1580 1599/1599/1599
f 1582/1582/1582 1581/1581/1581 1577/1577/1577
f 1577/1577/1577 1580/1580/1580 1582/1582/1582
f 1646/1646/1646 1616/1616/1616 1590/1590/1590
f 1617/1617/1617 1646/1646/1646 1613/1613/1613
f 1616/1616/1616 1646/1646/1646 1617/1617/1617
f 1617/1617/1617 1592/1592/1592 1616/1616/1616
f 1616/1616/1616 1632/1632/1632 1590/1590/1590
f 1632/1632/1632 1591/1591/1591 1502/1502/1502
f 1591/1591/1591 1616/1616/1616 1592/1592/1592
f 1616/1616/1616 1591/1591/1591 1632/1632/1632
f 1601/1601/1601 1592/1592/1592 1575/1575/1575
f 1591/1591/1591 1601/1601/1601 1501/1501/1501
f 1592/1592/1592 1601/1601/1601 1591/1591/1591
f 1690/1690/1690 1705/1705/1705 1619/1619/1619
f 1705/1705/1705 1620/1620/1620 1514/1514/1514
f 1620/1620/1620 1690/1690/1690 1621/1621/1621
f 1690/1690/1690 1620/1620/1620 1705/1705/1705
f 1626/1626/1626 1654/1654/1654 1611/1611/1611
f 1654/1654/1654 1620/1620/1620 1621/1621/1621
f 1620/1620/1620 1626/1626/1626 1610/1610/1610
f 1626/1626/1626 1620/1620/1620 1654/1654/1654
f 1709/1709/1709 1620/1620/1620 1630/1630/1630
f 1630/1630/1630 1620/1620/1620 1610/1610/1610
f 1620/1620/1620 1709/1709/1709 1514/1514/1514
f 1709/1709/1709 1630/1630/1630 1609/1609/1609
f 1609/1609/1609 1503/1503/1503 1709/1709/1709
f 1627/1627/1627 1630/1630/1630 1610/1610/1610
f 1633/1633/1633 1627/1627/1627 1612/1612/1612
f 1630/1630/1630 1627/1627/1627 1633/1633/1633
f 1630/1630/1630 1633/1633/1633 1631/1631/1631
f 1631/1631/1631 1609/1609/1609 1630/1630/1630
f 1633/1633/1633 1632/1632/1632 1502/1502/1502
f 1502/1502/1502 1631/1631/1631 1633/1633/1633
f 1645/1645/1645 1633/1633/1633 1612/1612/1612
f 1632/1632/1632 1645/1645/1645 1590/1590/1590
f 1633/1633/1633 1645/1645/1645 1632/1632/1632
f 1651/1651/1651 1653/1653/1653 1652/1652/1652
f 1652/1652/1652 1611/1611/1611 1651/1651/1651
f 1677/1677/1677 1652/1652/1652 1653/1653/1653
f 1618/1618/1618 1677/1677/1677 1622/1622/1622
f 1652/1652/1652 1677/1677/1677 1618/1618/1618
f 1676/1676/1676 1678/1678/1678 1677/1677/1677
f 1677/1677/1677 1653/1653/1653 1676/1676/1676
f 1678/1678/1678 1648/1648/1648 1622/1622/1622
f 1622/1622/1622 1677/1677/1677 1678/1678/1678
f 1673/1673/1673 1675/1675/1675 1674/1674/1674
f 1674/1674/1674 1648/1648/1648 1673/1673/1673
f 1675/1675/1675 1655/1655/1655 1650/1650/1650
f 1650/1650/1650 1674/1674/1674 1675/1675/1675
f 1674/1674/1674 1622/1622/1622 1648/1648/1648
f 1649/1649/1649 1674/1674/1674 1650/1650/1650
f 1622/1622/1622 1674/1674/1674 1649/1649/1649
f 1656/1656/1656 1649/1649/1649 1650/1650/1650
f 1625/1625/1625 1656/1656/1656 1638/1638/1638
f 1649/1649/1649 1656/1656/1656 1625/1625/1625
f 1670/1670/1670 1672/1672/1672 1671/1671/1671
f 1671/1671/1671 1655/1655/1655 1670/1670/1670
f 1680/1680/1680 1671/1671/1671 1672/1672/1672
f 1658/1658/1658 1680/1680/1680 1659/1659/1659
f 1671/1671/1671 1680/1680/1680 1658/1658/1658
f 1679/1679/1679 1681/1681/1681 1680/1680/1680
f 1680/1680/1680 1672/1672/1672 1679/1679/1679
f 1681/1681/1681 1666/1666/1666 1659/1659/1659
f 1659/1659/1659 1680/1680/1680 1681/1681/1681
f 1671/1671/1671 1650/1650/1650 1655/1655/1655
f 1656/1656/1656 1671/1671/1671 1658/1658/1658
f 1650/1650/1650 1671/1671/1671 1656/1656/1656
f 1660/1660/1660 1656/1656/1656 1658/1658/1658
f 1638/1638/1638 1660/1660/1660 1657/1657/1657
f 1656/1656/1656 1660/1660/1660 1638/1638/1638
f 1666/1666/1666 1669/1669/1669 1667/1667/1667
f 1667/1667/1667 1659/1659/1659 1666/1666/1666
f 1669/1669/1669 1668/1668/1668 1662/1662/1662
f 1662/1662/1662 1667/1667/1667 1669/1669/1669
f 1667/1667/1667 1658/1658/1658 1659/1659/1659
f 1660/1660/1660 1667/1667/1667 1662/1662/1662
f 1658/1658/1658 1667/1667/1667 1660/1660/1660
f 1662/1662/1662 1661/1661/1661 1657/1657/1657
f 1657/1657/1657 1660/1660/1660 1662/1662/1662
f 1649/1649/1649 1618/1618/1618 1622/1622/1622
f 1623/1623/1623 1649/1649/1649 1625/1625/1625
f 1618/1618/1618 1649/1649/1649 1623/1623/1623
f 1639/1639/1639 1623/1623/1623 1625/1625/1625
f 1614/1614/1614 1639/1639/1639 1624/1624/1624
f 1623/1623/1623 1639/1639/1639 1614/1614/1614
f 1657/1657/1657 1665/1665/1665 1663/1663/1663
f 1663/1663/1663 1638/1638/1638 1657/1657/1657
f 1665/1665/1665 1664/1664/1664 1641/1641/1641
f 1641/1641/1641 1663/1663/1663 1665/1665/1665
f 1663/1663/1663 1625/1625/1625 1638/1638/1638
f 1639/1639/1639 1663/1663/1663 1641/1641/1641
f 1625/1625/1625 1663/1663/1663 1639/1639/1639
f 1641/1641/1641 1640/1640/1640 1624/1624/1624
f 1624/1624/1624 1639/1639/1639 1641/1641/1641
f 1652/1652/1652 1626/1626/1626 1611/1611/1611
f 1629/1629/1629 1652/1652/1652 1618/1618/1618
f 1626/1626/1626 1652/1652/1652 1629/1629/1629
f 1626/1626/1626 1629/1629/1629 1627/1627/1627
f 1627/1627/1627 1610/1610/1610 1626/1626/1626
f 1629/1629/1629 1628/1628/1628 1612/1612/1612
f 1612/1612/1612 1627/1627/1627 1629/1629/1629
f 1623/1623/1623 1629/1629/1629 1618/1618/1618
f 1628/1628/1628 1623/1623/1623 1614/1614/1614
f 1629/1629/1629 1623/1623/1623 1628/1628/1628
f 1642/1642/1642 1628/1628/1628 1614/1614/1614
f 1647/1647/1647 1642/1642/1642 1615/1615/1615
f 1628/1628/1628 1642/1642/1642 1647/1647/1647
f 1628/1628/1628 1647/1647/1647 1645/1645/1645
f 1645/1645/1645 1612/1612/1612 1628/1628/1628
f 1647/1647/1647 1646/1646/1646 1590/1590/1590
f 1590/1590/1590 1645/1645/1645 1647/1647/1647
f 1615/1615/1615 1613/1613/1613 1646/1646/1646
f 1646/1646/1646 1647/1647/1647 1615/1615/1615
f 1624/1624/1624 1644/1644/1644 1642/1642/1642
f 1642/1642/1642 1614/1614/1614 1624/1624/1624
f 1644/1644/1644 1643/1643/1643 1615/1615/1615
f 1615/1615/1615 1642/1642/1642 1644/1644/1644
f 1695/1695/1695 1697/1697/1697 1696/1696/1696
f 1696/1696/1696 1512/1512/1512 1695/1695/1695
f 1736/1736/1736 1697/1697/1697 1682/1682/1682
f 1696/1696/1696 1736/1736/1736 1515/1515/1515
f 1697/1697/1697 1736/1736/1736 1696/1696/1696
f 1707/1707/1707 1696/1696/1696 1515/1515/1515
f 1696/1696/1696 1504/1504/1504 1512/1512/1512
f 1504/1504/1504 1707/1707/1707 1513/1513/1513
f 1707/1707/1707 1504/1504/1504 1696/1696/1696
f 1737/1737/1737 1707/1707/1707 1515/1515/1515
f 1710/1710/1710 1737/1737/1737 1683/1683/1683
f 1707/1707/1707 1737/1737/1737 1710/1710/1710
f 1707/1707/1707 1710/1710/1710 1708/1708/1708
f 1708/1708/1708 1513/1513/1513 1707/1707/1707
f 1710/1710/1710 1709/1709/1709 1503/1503/1503
f 1503/1503/1503 1708/1708/1708 1710/1710/1710
f 1704/1704/1704 1710/1710/1710 1683/1683/1683
f 1709/1709/1709 1704/1704/1704 1514/1514/1514
f 1710/1710/1710 1704/1704/1704 1709/1709/1709
f 1733/1733/1733 1692/1692/1692 1694/1694/1694
f 1682/1682/1682 1733/1733/1733 1693/1693/1693
f 1692/1692/1692 1733/1733/1733 1682/1682/1682
f 1694/1694/1694 1719/1719/1719 1735/1735/1735
f 1735/1735/1735 1733/1733/1733 1694/1694/1694
f 1733/1733/1733 1735/1735/1735 1734/1734/1734
f 1734/1734/1734 1693/1693/1693 1733/1733/1733
f 1735/1735/1735 1699/1699/1699 1684/1684/1684
f 1684/1684/1684 1734/1734/1734 1735/1735/1735
f 1730/1730/1730 1719/1719/1719 1685/1685/1685
f 1735/1735/1735 1730/1730/1730 1699/1699/1699
f 1719/1719/1719 1730/1730/1730 1735/1735/1735
f 1682/1682/1682 1693/1693/1693 1738/1738/1738
f 1738/1738/1738 1736/1736/1736 1682/1682/1682
f 1736/1736/1736 1738/1738/1738 1737/1737/1737
f 1737/1737/1737 1515/1515/1515 1736/1736/1736
f 1738/1738/1738 1703/1703/1703 1683/1683/1683
f 1683/1683/1683 1737/1737/1737 1738/1738/1738
f 1734/1734/1734 1738/1738/1738 1693/1693/1693
f 1703/1703/1703 1734/1734/1734 1684/1684/1684
f 1738/1738/1738 1734/1734/1734 1703/1703/1703
f 1700/1700/1700 1703/1703/1703 1684/1684/1684
f 1706/1706/1706 1700/1700/1700 1686/1686/1686
f 1703/1703/1703 1700/1700/1700 1706/1706/1706
f 1703/1703/1703 1706/1706/1706 1704/1704/1704
f 1704/1704/1704 1683/1683/1683 1703/1703/1703
f 1706/1706/1706 1705/1705/1705 1514/1514/1514
f 1514/1514/1514 1704/1704/1704 1706/1706/1706
f 1724/1724/1724 1706/1706/1706 1686/1686/1686
f 1705/1705/1705 1724/1724/1724 1619/1619/1619
f 1706/1706/1706 1724/1724/1724 1705/1705/1705
f 1727/1727/1727 1729/1729/1729 1728/1728/1728
f 1728/1728/1728 1718/1718/1718 1727/1727/1727
f 1739/1739/1739 1728/1728/1728 1729/1729/1729
f 1691/1691/1691 1739/1739/1739 1714/1714/1714
f 1728/1728/1728 1739/1739/1739 1691/1691/1691
f 1714/1714/1714 1717/1717/1717 1715/1715/1715
f 1715/1715/1715 1691/1691/1691 1714/1714/1714
f 1717/1717/1717 1716/1716/1716 1698/1698/1698
f 1698/1698/1698 1715/1715/1715 1717/1717/1717
f 1685/1685/1685 1718/1718/1718 1732/1732/1732
f 1732/1732/1732 1730/1730/1730 1685/1685/1685
f 1730/1730/1730 1732/1732/1732 1731/1731/1731
f 1731/1731/1731 1699/1699/1699 1730/1730/1730
f 1732/1732/1732 1720/1720/1720 1702/1702/1702
f 1702/1702/1702 1731/1731/1731 1732/1732/1732
f 1728/1728/1728 1732/1732/1732 1718/1718/1718
f 1720/1720/1720 1728/1728/1728 1691/1691/1691
f 1732/1732/1732 1728/1728/1728 1720/1720/1720
f 1731/1731/1731 1684/1684/1684 1699/1699/1699
f 1700/1700/1700 1731/1731/1731 1702/1702/1702
f 1684/1684/1684 1731/1731/1731 1700/1700/1700
f 1721/1721/1721 1700/1700/1700 1702/1702/1702
f 1686/1686/1686 1721/1721/1721 1701/1701/1701
f 1700/1700/1700 1721/1721/1721 1686/1686/1686
f 1715/1715/1715 1720/1720/1720 1691/1691/1691
f 1723/1723/1723 1715/1715/1715 1698/1698/1698
f 1720/1720/1720 1715/1715/1715 1723/1723/1723
f 1720/1720/1720 1723/1723/1723 1721/1721/1721
f 1721/1721/1721 1702/1702/1702 1720/1720/1720
f 1723/1723/1723 1722/1722/1722 1701/1701/1701
f 1701/1701/1701 1721/1721/1721 1723/1723/1723
f 1698/1698/1698 1688/1688/1688 1722/1722/1722
f 1722/1722/1722 1723/1723/1723 1698/1698/1698
f 1722/1722/1722 1726/1726/1726 1701/1701/1701
f 1689/1689/1689 1722/1722/1722 1688/1688/1688
f 1726/1726/1726 1722/1722/1722 1689/1689/1689
f 1701/1701/1701 1726/1726/1726 1724/1724/1724
f 1724/1724/1724 1686/1686/1686 1701/1701/1701
f 1726/1726/1726 1725/1725/1725 1619/1619/1619
f 1619/1619/1619 1724/1724/1724 1726/1726/1726
f 1689/1689/1689 1687/1687/1687 1725/1725/1725
f 1725/1725/1725 1726/1726/1726 1689/1689/1689
f 1516/1516/1516 1518/1518/1518 1517/1517/1517
f 1517/1517/1517 1505/1505/1505 1516/1516/1516
f 1518/1518/1518 1512/1512/1512 1504/1504/1504
f 1504/1504/1504 1517/1517/1517 1518/1518/1518
f 1794/1794/1794 1797/1797/1797 1795/1795/1795
f 1795/1795/1795 1787/1787/1787 1794/1794/1794
f 1797/1797/1797 1796/1796/1796 1790/1790/1790
f 1790/1790/1790 1795/1795/1795 1797/1797/1797
f 1795/1795/1795 1783/1783/1783 1787/1787/1787
f 1788/1788/1788 1795/1795/1795 1790/1790/1790
f 1783/1783/1783 1795/1795/1795 1788/1788/1788
f 1790/1790/1790 1789/1789/1789 1786/1786/1786
f 1786/1786/1786 1788/1788/1788 1790/1790/1790
f 1788/1788/1788 1519/1519/1519 1783/1783/1783
f 1784/1784/1784 1788/1788/1788 1786/1786/1786
f 1519/1519/1519 1788/1788/1788 1784/1784/1784
f 1786/1786/1786 1785/1785/1785 1521/1521/1521
f 1521/1521/1521 1784/1784/1784 1786/1786/1786
f 1784/1784/1784 1506/1506/1506 1519/1519/1519
f 1520/1520/1520 1784/1784/1784 1521/1521/1521
f 1506/1506/1506 1784/1784/1784 1520/1520/1520
f 1521/1521/1521 1516/1516/1516 1505/1505/1505
f 1505/1505/1505 1520/1520/1520 1521/1521/1521
f 1815/1815/1815 1818/1818/1818 1816/1816/1816
f 1816/1816/1816 1808/1808/1808 1815/1815/1815
f 1818/1818/1818 1817/1817/1817 1811/1811/1811
f 1811/1811/1811 1816/1816/1816 1818/1818/1818
f 1816/1816/1816 1805/1805/1805 1808/1808/1808
f 1809/1809/1809 1816/1816/1816 1811/1811/1811
f 1805/1805/1805 1816/1816/1816 1809/1809/1809
f 1811/1811/1811 1810/1810/1810 1807/1807/1807
f 1807/1807/1807 1809/1809/1809 1811/1811/1811
f 1809/1809/1809 1522/1522/1522 1805/1805/1805
f 1806/1806/1806 1809/1809/1809 1807/1807/1807
f 1522/1522/1522 1809/1809/1809 1806/1806/1806
f 1807/1807/1807 1791/1791/1791 1524/1524/1524
f 1524/1524/1524 1806/1806/1806 1807/1807/1807
f 1806/1806/1806 1507/1507/1507 1522/1522/1522
f 1523/1523/1523 1806/1806/1806 1524/1524/1524
f 1507/1507/1507 1806/1806/1806 1523/1523/1523
f 1792/1792/1792 1523/1523/1523 1524/1524/1524
f 1506/1506/1506 1792/1792/1792 1519/1519/1519
f 1523/1523/1523 1792/1792/1792 1506/1506/1506
f 1791/1791/1791 1793/1793/1793 1792/1792/1792
f 1792/1792/1792 1524/1524/1524 1791/1791/1791
f 1799/1799/1799 1792/1792/1792 1793/1793/1793
f 1519/1519/1519 1799/1799/1799 1783/1783/1783
f 1792/1792/1792 1799/1799/1799 1519/1519/1519
f 1798/1798/1798 1800/1800/1800 1799/1799/1799
f 1799/1799/1799 1793/1793/1793 1798/1798/1798
f 1802/1802/1802 1799/1799/1799 1800/1800/1800
f 1783/1783/1783 1802/1802/1802 1787/1787/1787
f 1799/1799/1799 1802/1802/1802 1783/1783/1783
f 1801/1801/1801 1803/1803/1803 1802/1802/1802
f 1802/1802/1802 1800/1800/1800 1801/1801/1801
f 1804/1804/1804 1802/1802/1802 1803/1803/1803
f 1787/1787/1787 1804/1804/1804 1794/1794/1794
f 1802/1802/1802 1804/1804/1804 1787/1787/1787
f 1848/1848/1848 1851/1851/1851 1849/1849/1849
f 1849/1849/1849 1841/1841/1841 1848/1848/1848
f 1851/1851/1851 1850/1850/1850 1844/1844/1844
f 1844/1844/1844 1849/1849/1849 1851/1851/1851
f 1849/1849/1849 1838/1838/1838 1841/1841/1841
f 1842/1842/1842 1849/1849/1849 1844/1844/1844
f 1838/1838/1838 1849/1849/1849 1842/1842/1842
f 1844/1844/1844 1843/1843/1843 1840/1840/1840
f 1840/1840/1840 1842/1842/1842 1844/1844/1844
f 1842/1842/1842 1525/1525/1525 1838/1838/1838
f 1839/1839/1839 1842/1842/1842 1840/1840/1840
f 1525/1525/1525 1842/1842/1842 1839/1839/1839
f 1840/1840/1840 1812/1812/1812 1527/1527/1527
f 1527/1527/1527 1839/1839/1839 1840/1840/1840
f 1839/1839/1839 1508/1508/1508 1525/1525/1525
f 1526/1526/1526 1839/1839/1839 1527/1527/1527
f 1508/1508/1508 1839/1839/1839 1526/1526/1526
f 1813/1813/1813 1526/1526/1526 1527/1527/1527
f 1507/1507/1507 1813/1813/1813 1522/1522/1522
f 1526/1526/1526 1813/1813/1813 1507/1507/1507
f 1835/1835/1835 1837/1837/1837 1836/1836/1836
f 1836/1836/1836 1812/1812/1812 1835/1835/1835
f 1837/1837/1837 1819/1819/1819 1814/1814/1814
f 1814/1814/1814 1836/1836/1836 1837/1837/1837
f 1836/1836/1836 1527/1527/1527 1812/1812/1812
f 1813/1813/1813 1836/1836/1836 1814/1814/1814
f 1527/1527/1527 1836/1836/1836 1813/1813/1813
f 1820/1820/1820 1813/1813/1813 1814/1814/1814
f 1522/1522/1522 1820/1820/1820 1805/1805/1805
f 1813/1813/1813 1820/1820/1820 1522/1522/1522
f 1832/1832/1832 1834/1834/1834 1833/1833/1833
f 1833/1833/1833 1819/1819/1819 1832/1832/1832
f 1834/1834/1834 1822/1822/1822 1821/1821/1821
f 1821/1821/1821 1833/1833/1833 1834/1834/1834
f 1833/1833/1833 1814/1814/1814 1819/1819/1819
f 1820/1820/1820 1833/1833/1833 1821/1821/1821
f 1814/1814/1814 1833/1833/1833 1820/1820/1820
f 1823/1823/1823 1820/1820/1820 1821/1821/1821
f 1805/1805/1805 1823/1823/1823 1808/1808/1808
f 1820/1820/1820 1823/1823/1823 1805/1805/1805
f 1829/1829/1829 1831/1831/1831 1830/1830/1830
f 1830/1830/1830 1822/1822/1822 1829/1829/1829
f 1831/1831/1831 1825/1825/1825 1824/1824/1824
f 1824/1824/1824 1830/1830/1830 1831/1831/1831
f 1830/1830/1830 1821/1821/1821 1822/1822/1822
f 1823/1823/1823 1830/1830/1830 1824/1824/1824
f 1821/1821/1821 1830/1830/1830 1823/1823/1823
f 1826/1826/1826 1823/1823/1823 1824/1824/1824
f 1808/1808/1808 1826/1826/1826 1815/1815/1815
f 1823/1823/1823 1826/1826/1826 1808/1808/1808
f 1828/1828/1828 1824/1824/1824 1825/1825/1825
f 1826/1826/1826 1828/1828/1828 1827/1827/1827
f 1824/1824/1824 1828/1828/1828 1826/1826/1826
f 1827/1827/1827 1815/1815/1815 1826/1826/1826
f 1528/1528/1528 1530/1530/1530 1529/1529/1529
f 1529/1529/1529 1509/1509/1509 1528/1528/1528
f 1846/1846/1846 1529/1529/1529 1530/1530/1530
f 1508/1508/1508 1846/1846/1846 1525/1525/1525
f 1529/1529/1529 1846/1846/1846 1508/1508/1508
f 1845/1845/1845 1847/1847/1847 1846/1846/1846
f 1846/1846/1846 1530/1530/1530 1845/1845/1845
f 1853/1853/1853 1846/1846/1846 1847/1847/1847
f 1525/1525/1525 1853/1853/1853 1838/1838/1838
f 1846/1846/1846 1853/1853/1853 1525/1525/1525
f 1852/1852/1852 1854/1854/1854 1853/1853/1853
f 1853/1853/1853 1847/1847/1847 1852/1852/1852
f 1856/1856/1856 1853/1853/1853 1854/1854/1854
f 1838/1838/1838 1856/1856/1856 1841/1841/1841
f 1853/1853/1853 1856/1856/1856 1838/1838/1838
f 1855/1855/1855 1857/1857/1857 1856/1856/1856
f 1856/1856/1856 1854/1854/1854 1855/1855/1855
f 1857/1857/1857 1848/1848/1848 1841/1841/1841
f 1841/1841/1841 1856/1856/1856 1857/1857/1857
f 1876/1876/1876 1879/1879/1879 1877/1877/1877
f 1877/1877/1877 1869/1869/1869 1876/1876/1876
f 1879/1879/1879 1878/1878/1878 1872/1872/1872
f 1872/1872/1872 1877/1877/1877 1879/1879/1879
f 1877/1877/1877 1862/1862/1862 1869/1869/1869
f 1870/1870/1870 1877/1877/1877 1872/1872/1872
f 1862/1862/1862 1877/1877/1877 1870/1870/1870
f 1872/1872/1872 1871/1871/1871 1865/1865/1865
f 1865/1865/1865 1870/1870/1870 1872/1872/1872
f 1870/1870/1870 1858/1858/1858 1862/1862/1862
f 1863/1863/1863 1870/1870/1870 1865/1865/1865
f 1858/1858/1858 1870/1870/1870 1863/1863/1863
f 1865/1865/1865 1864/1864/1864 1861/1861/1861
f 1861/1861/1861 1863/1863/1863 1865/1865/1865
f 1863/1863/1863 1531/1531/1531 1858/1858/1858
f 1859/1859/1859 1863/1863/1863 1861/1861/1861
f 1531/1531/1531 1863/1863/1863 1859/1859/1859
f 1861/1861/1861 1860/1860/1860 1533/1533/1533
f 1533/1533/1533 1859/1859/1859 1861/1861/1861
f 1859/1859/1859 1510/1510/1510 1531/1531/1531
f 1532/1532/1532 1859/1859/1859 1533/1533/1533
f 1510/1510/1510 1859/1859/1859 1532/1532/1532
f 1533/1533/1533 1528/1528/1528 1509/1509/1509
f 1509/1509/1509 1532/1532/1532 1533/1533/1533
f 1914/1914/1914 1917/1917/1917 1915/1915/1915
f 1915/1915/1915 1907/1907/1907 1914/1914/1914
f 1917/1917/1917 1916/1916/1916 1910/1910/1910
f 1910/1910/1910 1915/1915/1915 1917/1917/1917
f 1915/1915/1915 1900/1900/1900 1907/1907/1907
f 1908/1908/1908 1915/1915/1915 1910/1910/1910
f 1900/1900/1900 1915/1915/1915 1908/1908/1908
f 1910/1910/1910 1909/1909/1909 1903/1903/1903
f 1903/1903/1903 1908/1908/1908 1910/1910/1910
f 1908/1908/1908 1893/1893/1893 1900/1900/1900
f 1901/1901/1901 1908/1908/1908 1903/1903/1903
f 1893/1893/1893 1908/1908/1908 1901/1901/1901
f 1903/1903/1903 1902/1902/1902 1896/1896/1896
f 1896/1896/1896 1901/1901/1901 1903/1903/1903
f 1901/1901/1901 1890/1890/1890 1893/1893/1893
f 1894/1894/1894 1901/1901/1901 1896/1896/1896
f 1890/1890/1890 1901/1901/1901 1894/1894/1894
f 1896/1896/1896 1895/1895/1895 1892/1892/1892
f 1892/1892/1892 1894/1894/1894 1896/1896/1896
f 1894/1894/1894 1534/1534/1534 1890/1890/1890
f 1891/1891/1891 1894/1894/1894 1892/1892/1892
f 1534/1534/1534 1894/1894/1894 1891/1891/1891
f 1892/1892/1892 1866/1866/1866 1536/1536/1536
f 1536/1536/1536 1891/1891/1891 1892/1892/1892
f 1891/1891/1891 1511/1511/1511 1534/1534/1534
f 1535/1535/1535 1891/1891/1891 1536/1536/1536
f 1511/1511/1511 1891/1891/1891 1535/1535/1535
f 1867/1867/1867 1535/1535/1535 1536/1536/1536
f 1510/1510/1510 1867/1867/1867 1531/1531/1531
f 1535/1535/1535 1867/1867/1867 1510/1510/1510
f 1866/1866/1866 1868/1868/1868 1867/1867/1867
f 1867/1867/1867 1536/1536/1536 1866/1866/1866
f 1874/1874/1874 1867/1867/1867 1868/1868/1868
f 1531/1531/1531 1874/1874/1874 1858/1858/1858
f 1867/1867/1867 1874/1874/1874 1531/1531/1531
f 1873/1873/1873 1875/1875/1875 1874/1874/1874
f 1874/1874/1874 1868/1868/1868 1873/1873/1873
f 1881/1881/1881 1874/1874/1874 1875/1875/1875
f 1858/1858/1858 1881/1881/1881 1862/1862/1862
f 1874/1874/1874 1881/1881/1881 1858/1858/1858
f 1880/1880/1880 1882/1882/1882 1881/1881/1881
f 1881/1881/1881 1875/1875/1875 1880/1880/1880
f 1884/1884/1884 1881/1881/1881 1882/1882/1882
f 1862/1862/1862 1884/1884/1884 1869/1869/1869
f 1881/1881/1881 1884/1884/1884 1862/1862/1862
f 1883/1883/1883 1885/1885/1885 1884/1884/1884
f 1884/1884/1884 1882/1882/1882 1883/1883/1883
f 1887/1887/1887 1884/1884/1884 1885/1885/1885
f 1869/1869/1869 1887/1887/1887 1876/1876/1876
f 1884/1884/1884 1887/1887/1887 1869/1869/1869
f 1886/1886/1886 1889/1889/1889 1887/1887/1887
f 1887/1887/1887 1885/1885/1885 1886/1886/1886
f 1889/1889/1889 1888/1888/1888 1876/1876/1876
f 1876/1876/1876 1887/1887/1887 1889/1889/1889
f 1898/1898/1898 1537/1537/1537 1538/1538/1538
f 1511/1511/1511 1898/1898/1898 1534/1534/1534
f 1537/1537/1537 1898/1898/1898 1511/1511/1511
f 1897/1897/1897 1899/1899/1899 1898/1898/1898
f 1898/1898/1898 1538/1538/1538 1897/1897/1897
f 1905/1905/1905 1898/1898/1898 1899/1899/1899
f 1534/1534/1534 1905/1905/1905 1890/1890/1890
f 1898/1898/1898 1905/1905/1905 1534/1534/1534
f 1904/1904/1904 1906/1906/1906 1905/1905/1905
f 1905/1905/1905 1899/1899/1899 1904/1904/1904
f 1912/1912/1912 1905/1905/1905 1906/1906/1906
f 1890/1890/1890 1912/1912/1912 1893/1893/1893
f 1905/1905/1905 1912/1912/1912 1890/1890/1890
f 1911/1911/1911 1913/1913/1913 1912/1912/1912
f 1912/1912/1912 1906/1906/1906 1911/1911/1911
f 1919/1919/1919 1912/1912/1912 1913/1913/1913
f 1893/1893/1893 1919/1919/1919 1900/1900/1900
f 1912/1912/1912 1919/1919/1919 1893/1893/1893
f 1918/1918/1918 1920/1920/1920 1919/1919/1919
f 1919/1919/1919 1913/1913/1913 1918/1918/1918
f 1922/1922/1922 1919/1919/1919 1920/1920/1920
f 1900/1900/1900 1922/1922/1922 1907/1907/1907
f 1919/1919/1919 1922/1922/1922 1900/1900/1900
f 1921/1921/1921 1923/1923/1923 1922/1922/1922
f 1922/1922/1922 1920/1920/1920 1921/1921/1921
f 1923/1923/1923 1914/1914/1914 1907/1907/1907
f 1907/1907/1907 1922/1922/1922 1923/1923/1923
f 1413/1413/1413 1428/1428/1428 1938/1938/1938
f 1940/1940/1940 1939/1939/1939 1442/1442/1442
f 1940/1940/1940 1442/1442/1442 1456/1456/1456
f 1456/1456/1456 1941/1941/1941 1940/1940/1940
f 1939/1939/1939 1938/1938/1938 1428/1428/1428
f 1943/1943/1943 1942/1942/1942 1470/1470/1470
f 2018/2018/2018 2014/2014/2014 2017/2017/2017
f 2014/2014/2014 1945/1945/1945 2017/2017/2017
f 1955/1955/1955 1944/1944/1944 1943/1943/1943
f 1941/1941/1941 1456/1456/1456 1470/1470/1470
f 1470/1470/1470 1942/1942/1942 1941/1941/1941
f 2017/2017/2017 1944/1944/1944 2020/2020/2020
f 2027/2027/2027 2011/2011/2011 2012/2012/2012
f 2014/2014/2014 2011/2011/2011 2027/2027/2027
f 2008/2008/2008 2024/2024/2024 2028/2028/2028
f 2027/2027/2027 2028/2028/2028 2024/2024/2024
f 1945/1945/1945 2027/2027/2027 2024/2024/2024
f 2018/2018/2018 1984/1984/1984 2014/2014/2014
f 2015/2015/2015 1994/1994/1994 2011/2011/2011
f 2011/2011/2011 2014/2014/2014 2015/2015/2015
f 2014/2014/2014 2027/2027/2027 1945/1945/1945
f 1944/1944/1944 2017/2017/2017 1945/1945/1945
f 1470/1470/1470 1955/1955/1955 1943/1943/1943
f 1981/1981/1981 1944/1944/1944 1980/1980/1980
f 1955/1955/1955 1956/1956/1956 1980/1980/1980
f 1944/1944/1944 1955/1955/1955 1980/1980/1980
f 1442/1442/1442 1939/1939/1939 1428/1428/1428
f 1955/1955/1955 1470/1470/1470 1484/1484/1484
f 1975/1975/1975 2020/2020/2020 1974/1974/1974
f 1977/1977/1977 1974/1974/1974 2020/2020/2020
f 2017/2017/2017 2021/2021/2021 1971/1971/1971
f 2021/2021/2021 2017/2017/2017 2020/2020/2020
f 1981/1981/1981 1952/1952/1952 1977/1977/1977
f 1974/1974/1974 1978/1978/1978 1959/1959/1959
f 1978/1978/1978 1974/1974/1974 1977/1977/1977
f 1499/1499/1499 1543/1543/1543 1498/1498/1498
f 1977/1977/1977 1944/1944/1944 1981/1981/1981
f 1944/1944/1944 1977/1977/1977 2020/2020/2020
f 2040/2040/2040 1946/1946/1946 1945/1945/1945
f 2041/2041/2041 1539/1539/1539 2040/2040/2040
f 1946/1946/1946 2040/2040/2040 1539/1539/1539
f 2038/2038/2038 1539/1539/1539 2041/2041/2041
f 2025/2025/2025 2040/2040/2040 1945/1945/1945
f 2022/2022/2022 2040/2040/2040 2025/2025/2025
f 2031/2031/2031 2029/2029/2029 2038/2038/2038
f 2038/2038/2038 2029/2029/2029 2032/2032/2032
f 2032/2032/2032 1539/1539/1539 2038/2038/2038
f 2024/2024/2024 2025/2025/2025 1945/1945/1945
f 2034/2034/2034 2029/2029/2029 2006/2006/2006
f 2037/2037/2037 2032/2032/2032 1999/1999/1999
f 2029/2029/2029 2034/2034/2034 2032/2032/2032
f 2035/2035/2035 1539/1539/1539 2032/2032/2032
f 1540/1540/1540 1539/1539/1539 2035/2035/2035
f 2032/2032/2032 2037/2037/2037 2035/2035/2035
f 2035/2035/2035 2005/2005/2005 2003/2003/2003
f 2003/2003/2003 1998/1998/1998 1996/1996/1996
f 2003/2003/2003 1540/1540/1540 2035/2035/2035
f 1996/1996/1996 1540/1540/1540 2003/2003/2003
f 1986/1986/1986 1996/1996/1996 1988/1988/1988
f 1962/1962/1962 1991/1991/1991 1986/1986/1986
f 1989/1989/1989 1986/1986/1986 1991/1991/1991
f 1996/1996/1996 1986/1986/1986 1540/1540/1540
f 1949/1949/1949 1947/1947/1947 1542/1542/1542
f 1584/1584/1584 1585/1585/1585 1545/1545/1545
f 1585/1585/1585 1577/1577/1577 1546/1546/1546
f 1584/1584/1584 1543/1543/1543 1499/1499/1499
f 1498/1498/1498 1543/1543/1543 1947/1947/1947
f 1966/1966/1966 1989/1989/1989 1968/1968/1968
f 1966/1966/1966 1961/1961/1961 1540/1540/1540
f 1541/1541/1541 1540/1540/1540 1961/1961/1961
f 1961/1961/1961 1949/1949/1949 1541/1541/1541
f 1966/1966/1966 1540/1540/1540 1989/1989/1989
f 1949/1949/1949 1542/1542/1542 1541/1541/1541
f 1543/1543/1543 1584/1584/1584 1544/1544/1544
f 1543/1543/1543 1542/1542/1542 1947/1947/1947
f 1544/1544/1544 1584/1584/1584 1545/1545/1545
f 1577/1577/1577 1581/1581/1581 1546/1546/1546
f 1545/1545/1545 1585/1585/1585 1546/1546/1546
f 1547/1547/1547 1546/1546/1546 1581/1581/1581
f 1986/1986/1986 1989/1989/1989 1540/1540/1540
f 1587/1587/1587 1575/1575/1575 1592/1592/1592
f 1512/1512/1512 1518/1518/1518 1695/1695/1695
f 1516/1516/1516 1740/1740/1740 1518/1518/1518
f 1427/1427/1427 1937/1937/1937 1936/1936/1936
f 1936/1936/1936 1441/1441/1441 1427/1427/1427
f 1441/1441/1441 1935/1935/1935 1934/1934/1934
f 1934/1934/1934 1455/1455/1455 1441/1441/1441
f 1785/1785/1785 1516/1516/1516 1521/1521/1521
f 1548/1548/1548 1582/1582/1582 1586/1586/1586
f 1594/1594/1594 1593/1593/1593 1589/1589/1589
f 1579/1579/1579 1549/1549/1549 1586/1586/1586
f 1528/1528/1528 1533/1533/1533 1860/1860/1860
f 1592/1592/1592 1553/1553/1553 1587/1587/1587
f 1555/1555/1555 1613/1613/1613 1643/1643/1643
f 1528/1528/1528 1845/1845/1845 1530/1530/1530
f 1617/1617/1617 1553/1553/1553 1592/1592/1592
f 1587/1587/1587 1594/1594/1594 1589/1589/1589
f 1936/1936/1936 1935/1935/1935 1441/1441/1441
f 1455/1455/1455 1933/1933/1933 1932/1932/1932
f 1932/1932/1932 1469/1469/1469 1455/1455/1455
f 1933/1933/1933 1455/1455/1455 1934/1934/1934
f 1469/1469/1469 1932/1932/1932 1931/1931/1931
f 1469/1469/1469 1931/1931/1931 1930/1930/1930
f 1930/1930/1930 1483/1483/1483 1469/1469/1469
f 1483/1483/1483 1929/1929/1929 1928/1928/1928
f 1928/1928/1928 1497/1497/1497 1483/1483/1483
f 1537/1537/1537 1925/1925/1925 1924/1924/1924
f 1924/1924/1924 1538/1538/1538 1537/1537/1537
f 1497/1497/1497 1537/1537/1537 1511/1511/1511
f 1537/1537/1537 1497/1497/1497 1926/1926/1926
f 1497/1497/1497 1928/1928/1928 1927/1927/1927
f 1537/1537/1537 1926/1926/1926 1925/1925/1925
f 1926/1926/1926 1497/1497/1497 1927/1927/1927
f 1924/1924/1924 1897/1897/1897 1538/1538/1538
f 1930/1930/1930 1929/1929/1929 1483/1483/1483
f 1594/1594/1594 1587/1587/1587 1552/1552/1552
f 1613/1613/1613 1615/1615/1615 1643/1643/1643
f 1617/1617/1617 1613/1613/1613 1554/1554/1554
f 1556/1556/1556 1644/1644/1644 1640/1640/1640
f 1594/1594/1594 1552/1552/1552 1596/1596/1596
f 1611/1611/1611 1654/1654/1654 1651/1651/1651
f 1690/1690/1690 1725/1725/1725 1565/1565/1565
f 1564/1564/1564 1654/1654/1654 1621/1621/1621
f 1624/1624/1624 1640/1640/1640 1644/1644/1644
f 1550/1550/1550 1549/1549/1549 1579/1579/1579
f 1551/1551/1551 1596/1596/1596 1552/1552/1552
f 1550/1550/1550 1596/1596/1596 1551/1551/1551
f 1550/1550/1550 1579/1579/1579 1596/1596/1596
f 1653/1653/1653 1651/1651/1651 1676/1676/1676
f 1556/1556/1556 1643/1643/1643 1644/1644/1644
f 1664/1664/1664 1640/1640/1640 1641/1641/1641
f 1552/1552/1552 1587/1587/1587 1553/1553/1553
f 1690/1690/1690 1565/1565/1565 1621/1621/1621
f 1549/1549/1549 1548/1548/1548 1586/1586/1586
f 1582/1582/1582 1548/1548/1548 1547/1547/1547
f 1564/1564/1564 1651/1651/1651 1654/1654/1654
f 1697/1697/1697 1695/1695/1695 1574/1574/1574
f 1574/1574/1574 1695/1695/1695 1518/1518/1518
f 1785/1785/1785 1741/1741/1741 1516/1516/1516
f 1573/1573/1573 1682/1682/1682 1697/1697/1697
f 1798/1798/1798 1793/1793/1793 1791/1791/1791
f 1810/1810/1810 1791/1791/1791 1807/1807/1807
f 1789/1789/1789 1785/1785/1785 1786/1786/1786
f 1840/1840/1840 1843/1843/1843 1835/1835/1835
f 1835/1835/1835 1812/1812/1812 1840/1840/1840
f 1845/1845/1845 1852/1852/1852 1847/1847/1847
f 1763/1763/1763 1845/1845/1845 1528/1528/1528
f 1860/1860/1860 1764/1764/1764 1528/1528/1528
f 1864/1864/1864 1860/1860/1860 1861/1861/1861
f 1895/1895/1895 1866/1866/1866 1892/1892/1892
f 1866/1866/1866 1873/1873/1873 1868/1868/1868
f 1897/1897/1897 1904/1904/1904 1899/1899/1899
f 1725/1725/1725 1690/1690/1690 1619/1619/1619
f 1547/1547/1547 1581/1581/1581 1582/1582/1582
f 1782/1782/1782 1897/1897/1897 1924/1924/1924
f 1555/1555/1555 1554/1554/1554 1613/1613/1613
f 1558/1558/1558 1665/1665/1665 1661/1661/1661
f 1556/1556/1556 1555/1555/1555 1643/1643/1643
f 1558/1558/1558 1664/1664/1664 1665/1665/1665
f 1665/1665/1665 1657/1657/1657 1661/1661/1661
f 1661/1661/1661 1662/1662/1662 1668/1668/1668
f 1560/1560/1560 1668/1668/1668 1669/1669/1669
f 1559/1559/1559 1661/1661/1661 1668/1668/1668
f 1640/1640/1640 1557/1557/1557 1556/1556/1556
f 1557/1557/1557 1664/1664/1664 1558/1558/1558
f 1560/1560/1560 1669/1669/1669 1561/1561/1561
f 1559/1559/1559 1668/1668/1668 1560/1560/1560
f 1558/1558/1558 1661/1661/1661 1559/1559/1559
f 1562/1562/1562 1666/1666/1666 1681/1681/1681
f 1681/1681/1681 1563/1563/1563 1562/1562/1562
f 1666/1666/1666 1562/1562/1562 1561/1561/1561
f 1666/1666/1666 1561/1561/1561 1669/1669/1669
f 1679/1679/1679 1563/1563/1563 1681/1681/1681
f 1557/1557/1557 1640/1640/1640 1664/1664/1664
f 1670/1670/1670 1655/1655/1655 1675/1675/1675
f 1670/1670/1670 1679/1679/1679 1672/1672/1672
f 1670/1670/1670 1563/1563/1563 1679/1679/1679
f 1673/1673/1673 1670/1670/1670 1675/1675/1675
f 1673/1673/1673 1678/1678/1678 1676/1676/1676
f 1673/1673/1673 1563/1563/1563 1670/1670/1670
f 1566/1566/1566 1687/1687/1687 1689/1689/1689
f 1673/1673/1673 1676/1676/1676 1564/1564/1564
f 1678/1678/1678 1673/1673/1673 1648/1648/1648
f 1565/1565/1565 1564/1564/1564 1621/1621/1621
f 1716/1716/1716 1688/1688/1688 1698/1698/1698
f 1727/1727/1727 1718/1718/1718 1685/1685/1685
f 1727/1727/1727 1685/1685/1685 1719/1719/1719
f 1573/1573/1573 1694/1694/1694 1692/1692/1692
f 1516/1516/1516 1741/1741/1741 1740/1740/1740
f 1692/1692/1692 1682/1682/1682 1573/1573/1573
f 1801/1801/1801 1800/1800/1800 1798/1798/1798
f 1790/1790/1790 1743/1743/1743 1789/1789/1789
f 1694/1694/1694 1572/1572/1572 1719/1719/1719
f 1688/1688/1688 1567/1567/1567 1689/1689/1689
f 1798/1798/1798 1791/1791/1791 1749/1749/1749
f 1563/1563/1563 1673/1673/1673 1564/1564/1564
f 1553/1553/1553 1617/1617/1617 1554/1554/1554
f 1687/1687/1687 1566/1566/1566 1565/1565/1565
f 1688/1688/1688 1716/1716/1716 1567/1567/1567
f 1566/1566/1566 1689/1689/1689 1567/1567/1567
f 1568/1568/1568 1716/1716/1716 1717/1717/1717
f 1717/1717/1717 1714/1714/1714 1569/1569/1569
f 1739/1739/1739 1729/1729/1729 1572/1572/1572
f 1729/1729/1729 1727/1727/1727 1572/1572/1572
f 1571/1571/1571 1714/1714/1714 1739/1739/1739
f 1567/1567/1567 1716/1716/1716 1568/1568/1568
f 1719/1719/1719 1572/1572/1572 1727/1727/1727
f 1569/1569/1569 1714/1714/1714 1570/1570/1570
f 1694/1694/1694 1573/1573/1573 1572/1572/1572
f 1571/1571/1571 1739/1739/1739 1572/1572/1572
f 1570/1570/1570 1714/1714/1714 1571/1571/1571
f 1740/1740/1740 1574/1574/1574 1518/1518/1518
f 1742/1742/1742 1785/1785/1785 1789/1789/1789
f 1741/1741/1741 1785/1785/1785 1742/1742/1742
f 1574/1574/1574 1573/1573/1573 1697/1697/1697
f 1568/1568/1568 1717/1717/1717 1569/1569/1569
f 1789/1789/1789 1743/1743/1743 1742/1742/1742
f 1744/1744/1744 1796/1796/1796 1797/1797/1797
f 1746/1746/1746 1794/1794/1794 1804/1804/1804
f 1747/1747/1747 1804/1804/1804 1803/1803/1803
f 1794/1794/1794 1745/1745/1745 1797/1797/1797
f 1817/1817/1817 1810/1810/1810 1811/1811/1811
f 1817/1817/1817 1750/1750/1750 1810/1810/1810
f 1810/1810/1810 1749/1749/1749 1791/1791/1791
f 1751/1751/1751 1817/1817/1817 1818/1818/1818
f 1798/1798/1798 1749/1749/1749 1801/1801/1801
f 1801/1801/1801 1748/1748/1748 1803/1803/1803
f 1797/1797/1797 1745/1745/1745 1744/1744/1744
f 1804/1804/1804 1747/1747/1747 1746/1746/1746
f 1745/1745/1745 1794/1794/1794 1746/1746/1746
f 1747/1747/1747 1803/1803/1803 1748/1748/1748
f 1810/1810/1810 1750/1750/1750 1749/1749/1749
f 1749/1749/1749 1748/1748/1748 1801/1801/1801
f 1817/1817/1817 1751/1751/1751 1750/1750/1750
f 1818/1818/1818 1815/1815/1815 1752/1752/1752
f 1752/1752/1752 1751/1751/1751 1818/1818/1818
f 1753/1753/1753 1752/1752/1752 1815/1815/1815
f 1743/1743/1743 1796/1796/1796 1744/1744/1744
f 1796/1796/1796 1743/1743/1743 1790/1790/1790
f 1565/1565/1565 1725/1725/1725 1687/1687/1687
f 1832/1832/1832 1819/1819/1819 1837/1837/1837
f 1829/1829/1829 1822/1822/1822 1834/1834/1834
f 1829/1829/1829 1834/1834/1834 1832/1832/1832
f 1757/1757/1757 1837/1837/1837 1835/1835/1835
f 1843/1843/1843 1850/1850/1850 1758/1758/1758
f 1854/1854/1854 1852/1852/1852 1855/1855/1855
f 1850/1850/1850 1843/1843/1843 1844/1844/1844
f 1835/1835/1835 1843/1843/1843 1757/1757/1757
f 1755/1755/1755 1827/1827/1827 1828/1828/1828
f 1756/1756/1756 1825/1825/1825 1831/1831/1831
f 1756/1756/1756 1831/1831/1831 1829/1829/1829
f 1832/1832/1832 1837/1837/1837 1757/1757/1757
f 1825/1825/1825 1756/1756/1756 1828/1828/1828
f 1850/1850/1850 1851/1851/1851 1759/1759/1759
f 1848/1848/1848 1857/1857/1857 1762/1762/1762
f 1857/1857/1857 1855/1855/1855 1762/1762/1762
f 1760/1760/1760 1851/1851/1851 1848/1848/1848
f 1852/1852/1852 1763/1763/1763 1855/1855/1855
f 1860/1860/1860 1765/1765/1765 1764/1764/1764
f 1871/1871/1871 1864/1864/1864 1865/1865/1865
f 1878/1878/1878 1871/1871/1871 1872/1872/1872
f 1880/1880/1880 1875/1875/1875 1873/1873/1873
f 1871/1871/1871 1766/1766/1766 1864/1864/1864
f 1773/1773/1773 1873/1873/1873 1866/1866/1866
f 1866/1866/1866 1895/1895/1895 1773/1773/1773
f 1906/1906/1906 1904/1904/1904 1911/1911/1911
f 1902/1902/1902 1895/1895/1895 1896/1896/1896
f 1888/1888/1888 1879/1879/1879 1876/1876/1876
f 1879/1879/1879 1768/1768/1768 1878/1878/1878
f 1902/1902/1902 1774/1774/1774 1895/1895/1895
f 1773/1773/1773 1880/1880/1880 1873/1873/1873
f 1902/1902/1902 1903/1903/1903 1909/1909/1909
f 1918/1918/1918 1913/1913/1913 1911/1911/1911
f 1883/1883/1883 1880/1880/1880 1772/1772/1772
f 1883/1883/1883 1882/1882/1882 1880/1880/1880
f 1883/1883/1883 1886/1886/1886 1885/1885/1885
f 1878/1878/1878 1767/1767/1767 1871/1871/1871
f 1781/1781/1781 1911/1911/1911 1904/1904/1904
f 1832/1832/1832 1757/1757/1757 1829/1829/1829
f 1845/1845/1845 1763/1763/1763 1852/1852/1852
f 1755/1755/1755 1754/1754/1754 1827/1827/1827
f 1757/1757/1757 1756/1756/1756 1829/1829/1829
f 1828/1828/1828 1756/1756/1756 1755/1755/1755
f 1758/1758/1758 1757/1757/1757 1843/1843/1843
f 1888/1888/1888 1889/1889/1889 1770/1770/1770
f 1848/1848/1848 1761/1761/1761 1760/1760/1760
f 1759/1759/1759 1851/1851/1851 1760/1760/1760
f 1759/1759/1759 1758/1758/1758 1850/1850/1850
f 1761/1761/1761 1848/1848/1848 1762/1762/1762
f 1764/1764/1764 1763/1763/1763 1528/1528/1528
f 1765/1765/1765 1864/1864/1864 1766/1766/1766
f 1864/1864/1864 1765/1765/1765 1860/1860/1860
f 1767/1767/1767 1766/1766/1766 1871/1871/1871
f 1879/1879/1879 1888/1888/1888 1768/1768/1768
f 1888/1888/1888 1769/1769/1769 1768/1768/1768
f 1889/1889/1889 1771/1771/1771 1770/1770/1770
f 1770/1770/1770 1769/1769/1769 1888/1888/1888
f 1878/1878/1878 1768/1768/1768 1767/1767/1767
f 1763/1763/1763 1762/1762/1762 1855/1855/1855
f 1772/1772/1772 1771/1771/1771 1889/1889/1889
f 1916/1916/1916 1909/1909/1909 1910/1910/1910
f 1916/1916/1916 1776/1776/1776 1909/1909/1909
f 1774/1774/1774 1773/1773/1773 1895/1895/1895
f 1777/1777/1777 1916/1916/1916 1917/1917/1917
f 1886/1886/1886 1883/1883/1883 1772/1772/1772
f 1921/1921/1921 1920/1920/1920 1918/1918/1918
f 1780/1780/1780 1914/1914/1914 1923/1923/1923
f 1780/1780/1780 1923/1923/1923 1921/1921/1921
f 1780/1780/1780 1921/1921/1921 1918/1918/1918
f 1914/1914/1914 1778/1778/1778 1917/1917/1917
f 1774/1774/1774 1902/1902/1902 1775/1775/1775
f 1909/1909/1909 1776/1776/1776 1775/1775/1775
f 1909/1909/1909 1775/1775/1775 1902/1902/1902
f 1916/1916/1916 1777/1777/1777 1776/1776/1776
f 1782/1782/1782 1781/1781/1781 1897/1897/1897
f 1918/1918/1918 1781/1781/1781 1780/1780/1780
f 1914/1914/1914 1779/1779/1779 1778/1778/1778
f 1779/1779/1779 1914/1914/1914 1780/1780/1780
f 1778/1778/1778 1777/1777/1777 1917/1917/1917
f 1772/1772/1772 1880/1880/1880 1773/1773/1773
f 1772/1772/1772 1889/1889/1889 1886/1886/1886
f 1918/1918/1918 1911/1911/1911 1781/1781/1781
f 1753/1753/1753 1827/1827/1827 1754/1754/1754
f 1753/1753/1753 1815/1815/1815 1827/1827/1827
f 1904/1904/1904 1897/1897/1897 1781/1781/1781
f 1651/1651/1651 1564/1564/1564 1676/1676/1676
f 2042/2042/2042 2665/2665/2665 2666/2666/2666
f 2666/2666/2666 2637/2637/2637 2042/2042/2042
f 2043/2043/2043 2649/2649/2649 2652/2652/2652
f 2652/2652/2652 2650/2650/2650 2043/2043/2043
f 2645/2645/2645 2652/2652/2652 2640/2640/2640
f 2650/2650/2650 2645/2645/2645 2607/2607/2607
f 2652/2652/2652 2645/2645/2645 2650/2650/2650
f 2689/2689/2689 2651/2651/2651 2638/2638/2638
f 2652/2652/2652 2689/2689/2689 2640/2640/2640
f 2651/2651/2651 2689/2689/2689 2652/2652/2652
f 2649/2649/2649 2636/2636/2636 2651/2651/2651
f 2651/2651/2651 2652/2652/2652 2649/2649/2649
f 2667/2667/2667 2645/2645/2645 2648/2648/2648
f 2607/2607/2607 2667/2667/2667 2646/2646/2646
f 2645/2645/2645 2667/2667/2667 2607/2607/2607
f 2646/2646/2646 2667/2667/2667 2670/2670/2670
f 2670/2670/2670 2668/2668/2668 2646/2646/2646
f 2696/2696/2696 2670/2670/2670 2644/2644/2644
f 2668/2668/2668 2696/2696/2696 2634/2634/2634
f 2670/2670/2670 2696/2696/2696 2668/2668/2668
f 2657/2657/2657 2669/2669/2669 2643/2643/2643
f 2670/2670/2670 2657/2657/2657 2644/2644/2644
f 2669/2669/2669 2657/2657/2657 2670/2670/2670
f 2667/2667/2667 2648/2648/2648 2669/2669/2669
f 2669/2669/2669 2670/2670/2670 2667/2667/2667
f 2648/2648/2648 2686/2686/2686 2688/2688/2688
f 2688/2688/2688 2669/2669/2669 2648/2648/2648
f 2683/2683/2683 2688/2688/2688 2661/2661/2661
f 2669/2669/2669 2683/2683/2683 2643/2643/2643
f 2688/2688/2688 2683/2683/2683 2669/2669/2669
f 2688/2688/2688 2687/2687/2687 2642/2642/2642
f 2642/2642/2642 2661/2661/2661 2688/2688/2688
f 2686/2686/2686 2647/2647/2647 2687/2687/2687
f 2687/2687/2687 2688/2688/2688 2686/2686/2686
f 2686/2686/2686 2640/2640/2640 2647/2647/2647
f 2645/2645/2645 2686/2686/2686 2648/2648/2648
f 2640/2640/2640 2686/2686/2686 2645/2645/2645
f 2634/2634/2634 2696/2696/2696 2698/2698/2698
f 2698/2698/2698 2697/2697/2697 2634/2634/2634
f 2696/2696/2696 2644/2644/2644 2658/2658/2658
f 2658/2658/2658 2698/2698/2698 2696/2696/2696
f 2693/2693/2693 2657/2657/2657 2660/2660/2660
f 2644/2644/2644 2693/2693/2693 2658/2658/2658
f 2657/2657/2657 2693/2693/2693 2644/2644/2644
f 2658/2658/2658 2693/2693/2693 2695/2695/2695
f 2695/2695/2695 2694/2694/2694 2658/2658/2658
f 2693/2693/2693 2660/2660/2660 2680/2680/2680
f 2680/2680/2680 2695/2695/2695 2693/2693/2693
f 2692/2692/2692 2679/2679/2679 2682/2682/2682
f 2660/2660/2660 2692/2692/2692 2680/2680/2680
f 2679/2679/2679 2692/2692/2692 2660/2660/2660
f 2679/2679/2679 2659/2659/2659 2681/2681/2681
f 2681/2681/2681 2682/2682/2682 2679/2679/2679
f 2679/2679/2679 2643/2643/2643 2659/2659/2659
f 2657/2657/2657 2679/2679/2679 2660/2660/2660
f 2643/2643/2643 2679/2679/2679 2657/2657/2657
f 2643/2643/2643 2683/2683/2683 2685/2685/2685
f 2685/2685/2685 2659/2659/2659 2643/2643/2643
f 2683/2683/2683 2661/2661/2661 2684/2684/2684
f 2684/2684/2684 2685/2685/2685 2683/2683/2683
f 2640/2640/2640 2689/2689/2689 2691/2691/2691
f 2691/2691/2691 2647/2647/2647 2640/2640/2640
f 2687/2687/2687 2662/2662/2662 2642/2642/2642
f 2691/2691/2691 2687/2687/2687 2647/2647/2647
f 2662/2662/2662 2687/2687/2687 2691/2691/2691
f 2691/2691/2691 2690/2690/2690 2641/2641/2641
f 2641/2641/2641 2662/2662/2662 2691/2691/2691
f 2689/2689/2689 2638/2638/2638 2690/2690/2690
f 2690/2690/2690 2691/2691/2691 2689/2689/2689
f 2690/2690/2690 2664/2664/2664 2641/2641/2641
f 2663/2663/2663 2690/2690/2690 2638/2638/2638
f 2664/2664/2664 2690/2690/2690 2663/2663/2663
f 2651/2651/2651 2663/2663/2663 2638/2638/2638
f 2663/2663/2663 2042/2042/2042 2637/2637/2637
f 2042/2042/2042 2651/2651/2651 2636/2636/2636
f 2651/2651/2651 2042/2042/2042 2663/2663/2663
f 2675/2675/2675 2044/2044/2044 2606/2606/2606
f 2592/2592/2592 2675/2675/2675 2608/2608/2608
f 2044/2044/2044 2675/2675/2675 2592/2592/2592
f 2633/2633/2633 2671/2671/2671 2673/2673/2673
f 2673/2673/2673 2672/2672/2672 2633/2633/2633
f 2672/2672/2672 2673/2673/2673 2639/2639/2639
f 2639/2639/2639 2635/2635/2635 2672/2672/2672
f 2699/2699/2699 2668/2668/2668 2634/2634/2634
f 2668/2668/2668 2673/2673/2673 2646/2646/2646
f 2673/2673/2673 2699/2699/2699 2639/2639/2639
f 2699/2699/2699 2673/2673/2673 2668/2668/2668
f 2671/2671/2671 2607/2607/2607 2646/2646/2646
f 2646/2646/2646 2673/2673/2673 2671/2671/2671
f 2606/2606/2606 2674/2674/2674 2676/2676/2676
f 2676/2676/2676 2675/2675/2675 2606/2606/2606
f 2675/2675/2675 2676/2676/2676 2633/2633/2633
f 2633/2633/2633 2608/2608/2608 2675/2675/2675
f 2671/2671/2671 2650/2650/2650 2607/2607/2607
f 2676/2676/2676 2671/2671/2671 2633/2633/2633
f 2650/2650/2650 2671/2671/2671 2676/2676/2676
f 2674/2674/2674 2043/2043/2043 2650/2650/2650
f 2650/2650/2650 2676/2676/2676 2674/2674/2674
f 2045/2045/2045 2613/2613/2613 2616/2616/2616
f 2616/2616/2616 2614/2614/2614 2045/2045/2045
f 2609/2609/2609 2616/2616/2616 2594/2594/2594
f 2614/2614/2614 2609/2609/2609 2516/2516/2516
f 2616/2616/2616 2609/2609/2609 2614/2614/2614
f 2630/2630/2630 2615/2615/2615 2593/2593/2593
f 2616/2616/2616 2630/2630/2630 2594/2594/2594
f 2615/2615/2615 2630/2630/2630 2616/2616/2616
f 2613/2613/2613 2591/2591/2591 2615/2615/2615
f 2615/2615/2615 2616/2616/2616 2613/2613/2613
f 2516/2516/2516 2609/2609/2609 2612/2612/2612
f 2612/2612/2612 2610/2610/2610 2516/2516/2516
f 2622/2622/2622 2612/2612/2612 2597/2597/2597
f 2610/2610/2610 2622/2622/2622 2589/2589/2589
f 2612/2612/2612 2622/2622/2622 2610/2610/2610
f 2598/2598/2598 2611/2611/2611 2596/2596/2596
f 2612/2612/2612 2598/2598/2598 2597/2597/2597
f 2611/2611/2611 2598/2598/2598 2612/2612/2612
f 2609/2609/2609 2594/2594/2594 2611/2611/2611
f 2611/2611/2611 2612/2612/2612 2609/2609/2609
f 2589/2589/2589 2622/2622/2622 2624/2624/2624
f 2624/2624/2624 2623/2623/2623 2589/2589/2589
f 2622/2622/2622 2597/2597/2597 2599/2599/2599
f 2599/2599/2599 2624/2624/2624 2622/2622/2622
f 2621/2621/2621 2598/2598/2598 2601/2601/2601
f 2597/2597/2597 2621/2621/2621 2599/2599/2599
f 2598/2598/2598 2621/2621/2621 2597/2597/2597
f 2626/2626/2626 2596/2596/2596 2600/2600/2600
f 2598/2598/2598 2626/2626/2626 2601/2601/2601
f 2596/2596/2596 2626/2626/2626 2598/2598/2598
f 2596/2596/2596 2627/2627/2627 2629/2629/2629
f 2629/2629/2629 2600/2600/2600 2596/2596/2596
f 2627/2627/2627 2602/2602/2602 2628/2628/2628
f 2628/2628/2628 2629/2629/2629 2627/2627/2627
f 2594/2594/2594 2630/2630/2630 2632/2632/2632
f 2632/2632/2632 2611/2611/2611 2594/2594/2594
f 2627/2627/2627 2632/2632/2632 2602/2602/2602
f 2611/2611/2611 2627/2627/2627 2596/2596/2596
f 2632/2632/2632 2627/2627/2627 2611/2611/2611
f 2632/2632/2632 2631/2631/2631 2595/2595/2595
f 2595/2595/2595 2602/2602/2602 2632/2632/2632
f 2630/2630/2630 2593/2593/2593 2631/2631/2631
f 2631/2631/2631 2632/2632/2632 2630/2630/2630
f 2631/2631/2631 2605/2605/2605 2595/2595/2595
f 2603/2603/2603 2631/2631/2631 2593/2593/2593
f 2605/2605/2605 2631/2631/2631 2603/2603/2603
f 2603/2603/2603 2592/2592/2592 2604/2604/2604
f 2604/2604/2604 2605/2605/2605 2603/2603/2603
f 2615/2615/2615 2603/2603/2603 2593/2593/2593
f 2603/2603/2603 2044/2044/2044 2592/2592/2592
f 2044/2044/2044 2615/2615/2615 2591/2591/2591
f 2615/2615/2615 2044/2044/2044 2603/2603/2603
f 2046/2046/2046 2515/2515/2515 2517/2517/2517
f 2517/2517/2517 2448/2448/2448 2046/2046/2046
f 2517/2517/2517 2587/2587/2587 2590/2590/2590
f 2590/2590/2590 2588/2588/2588 2517/2517/2517
f 2625/2625/2625 2610/2610/2610 2589/2589/2589
f 2610/2610/2610 2587/2587/2587 2516/2516/2516
f 2587/2587/2587 2625/2625/2625 2590/2590/2590
f 2625/2625/2625 2587/2587/2587 2610/2610/2610
f 2587/2587/2587 2614/2614/2614 2516/2516/2516
f 2614/2614/2614 2515/2515/2515 2045/2045/2045
f 2515/2515/2515 2587/2587/2587 2517/2517/2517
f 2587/2587/2587 2515/2515/2515 2614/2614/2614
f 2047/2047/2047 2527/2527/2527 2529/2529/2529
f 2529/2529/2529 2503/2503/2503 2047/2047/2047
f 2574/2574/2574 2529/2529/2529 2506/2506/2506
f 2503/2503/2503 2574/2574/2574 2434/2434/2434
f 2529/2529/2529 2574/2574/2574 2503/2503/2503
f 2523/2523/2523 2528/2528/2528 2449/2449/2449
f 2529/2529/2529 2523/2523/2523 2506/2506/2506
f 2528/2528/2528 2523/2523/2523 2529/2529/2529
f 2527/2527/2527 2447/2447/2447 2528/2528/2528
f 2528/2528/2528 2529/2529/2529 2527/2527/2527
f 2434/2434/2434 2574/2574/2574 2576/2576/2576
f 2576/2576/2576 2575/2575/2575 2434/2434/2434
f 2575/2575/2575 2576/2576/2576 2509/2509/2509
f 2509/2509/2509 2445/2445/2445 2575/2575/2575
f 2570/2570/2570 2524/2524/2524 2508/2508/2508
f 2576/2576/2576 2570/2570/2570 2509/2509/2509
f 2524/2524/2524 2570/2570/2570 2576/2576/2576
f 2574/2574/2574 2506/2506/2506 2524/2524/2524
f 2524/2524/2524 2576/2576/2576 2574/2574/2574
f 2510/2510/2510 2445/2445/2445 2571/2571/2571
f 2571/2571/2571 2445/2445/2445 2509/2509/2509
f 2509/2509/2509 2570/2570/2570 2573/2573/2573
f 2573/2573/2573 2571/2571/2571 2509/2509/2509
f 2571/2571/2571 2573/2573/2573 2572/2572/2572
f 2572/2572/2572 2510/2510/2510 2571/2571/2571
f 2520/2520/2520 2572/2572/2572 2573/2573/2573
f 2570/2570/2570 2508/2508/2508 2520/2520/2520
f 2520/2520/2520 2573/2573/2573 2570/2570/2570
f 2566/2566/2566 2519/2519/2519 2522/2522/2522
f 2508/2508/2508 2566/2566/2566 2520/2520/2520
f 2519/2519/2519 2566/2566/2566 2508/2508/2508
f 2520/2520/2520 2566/2566/2566 2569/2569/2569
f 2569/2569/2569 2567/2567/2567 2520/2520/2520
f 2568/2568/2568 2567/2567/2567 2569/2569/2569
f 2538/2538/2538 2568/2568/2568 2569/2569/2569
f 2566/2566/2566 2522/2522/2522 2538/2538/2538
f 2538/2538/2538 2569/2569/2569 2566/2566/2566
f 2562/2562/2562 2537/2537/2537 2540/2540/2540
f 2522/2522/2522 2562/2562/2562 2538/2538/2538
f 2537/2537/2537 2562/2562/2562 2522/2522/2522
f 2538/2538/2538 2562/2562/2562 2565/2565/2565
f 2565/2565/2565 2563/2563/2563 2538/2538/2538
f 2564/2564/2564 2563/2563/2563 2565/2565/2565
f 2545/2545/2545 2564/2564/2564 2565/2565/2565
f 2562/2562/2562 2540/2540/2540 2545/2545/2545
f 2545/2545/2545 2565/2565/2565 2562/2562/2562
f 2559/2559/2559 2544/2544/2544 2547/2547/2547
f 2540/2540/2540 2559/2559/2559 2545/2545/2545
f 2544/2544/2544 2559/2559/2559 2540/2540/2540
f 2545/2545/2545 2559/2559/2559 2561/2561/2561
f 2561/2561/2561 2560/2560/2560 2545/2545/2545
f 2533/2533/2533 2561/2561/2561 2556/2556/2556
f 2556/2556/2556 2561/2561/2561 2549/2549/2549
f 2559/2559/2559 2547/2547/2547 2549/2549/2549
f 2549/2549/2549 2561/2561/2561 2559/2559/2559
f 2555/2555/2555 2548/2548/2548 2551/2551/2551
f 2547/2547/2547 2555/2555/2555 2549/2549/2549
f 2548/2548/2548 2555/2555/2555 2547/2547/2547
f 2549/2549/2549 2555/2555/2555 2558/2558/2558
f 2558/2558/2558 2556/2556/2556 2549/2549/2549
f 2558/2558/2558 2533/2533/2533 2556/2556/2556
f 2555/2555/2555 2551/2551/2551 2557/2557/2557
f 2557/2557/2557 2558/2558/2558 2555/2555/2555
f 2583/2583/2583 2577/2577/2577 2579/2579/2579
f 2551/2551/2551 2583/2583/2583 2557/2557/2557
f 2577/2577/2577 2583/2583/2583 2551/2551/2551
f 2557/2557/2557 2583/2583/2583 2586/2586/2586
f 2586/2586/2586 2584/2584/2584 2557/2557/2557
f 2583/2583/2583 2579/2579/2579 2585/2585/2585
f 2585/2585/2585 2586/2586/2586 2583/2583/2583
f 2577/2577/2577 2550/2550/2550 2578/2578/2578
f 2578/2578/2578 2579/2579/2579 2577/2577/2577
f 2577/2577/2577 2546/2546/2546 2550/2550/2550
f 2548/2548/2548 2577/2577/2577 2551/2551/2551
f 2546/2546/2546 2577/2577/2577 2548/2548/2548
f 2548/2548/2548 2539/2539/2539 2546/2546/2546
f 2544/2544/2544 2548/2548/2548 2547/2547/2547
f 2539/2539/2539 2548/2548/2548 2544/2544/2544
f 2544/2544/2544 2521/2521/2521 2539/2539/2539
f 2537/2537/2537 2544/2544/2544 2540/2540/2540
f 2521/2521/2521 2544/2544/2544 2537/2537/2537
f 2537/2537/2537 2511/2511/2511 2521/2521/2521
f 2519/2519/2519 2537/2537/2537 2522/2522/2522
f 2511/2511/2511 2537/2537/2537 2519/2519/2519
f 2541/2541/2541 2534/2534/2534 2536/2536/2536
f 2511/2511/2511 2541/2541/2541 2521/2521/2521
f 2534/2534/2534 2541/2541/2541 2511/2511/2511
f 2552/2552/2552 2541/2541/2541 2543/2543/2543
f 2521/2521/2521 2552/2552/2552 2539/2539/2539
f 2541/2541/2541 2552/2552/2552 2521/2521/2521
f 2580/2580/2580 2552/2552/2552 2554/2554/2554
f 2539/2539/2539 2580/2580/2580 2546/2546/2546
f 2552/2552/2552 2580/2580/2580 2539/2539/2539
f 2546/2546/2546 2580/2580/2580 2582/2582/2582
f 2582/2582/2582 2550/2550/2550 2546/2546/2546
f 2580/2580/2580 2554/2554/2554 2581/2581/2581
f 2581/2581/2581 2582/2582/2582 2580/2580/2580
f 2552/2552/2552 2543/2543/2543 2553/2553/2553
f 2553/2553/2553 2554/2554/2554 2552/2552/2552
f 2541/2541/2541 2536/2536/2536 2542/2542/2542
f 2542/2542/2542 2543/2543/2543 2541/2541/2541
f 2534/2534/2534 2507/2507/2507 2535/2535/2535
f 2535/2535/2535 2536/2536/2536 2534/2534/2534
f 2506/2506/2506 2523/2523/2523 2526/2526/2526
f 2526/2526/2526 2524/2524/2524 2506/2506/2506
f 2519/2519/2519 2526/2526/2526 2511/2511/2511
f 2524/2524/2524 2519/2519/2519 2508/2508/2508
f 2526/2526/2526 2519/2519/2519 2524/2524/2524
f 2534/2534/2534 2525/2525/2525 2507/2507/2507
f 2526/2526/2526 2534/2534/2534 2511/2511/2511
f 2525/2525/2525 2534/2534/2534 2526/2526/2526
f 2523/2523/2523 2449/2449/2449 2525/2525/2525
f 2525/2525/2525 2526/2526/2526 2523/2523/2523
f 2525/2525/2525 2518/2518/2518 2507/2507/2507
f 2518/2518/2518 2512/2512/2512 2514/2514/2514
f 2512/2512/2512 2525/2525/2525 2449/2449/2449
f 2525/2525/2525 2512/2512/2512 2518/2518/2518
f 2512/2512/2512 2448/2448/2448 2513/2513/2513
f 2513/2513/2513 2514/2514/2514 2512/2512/2512
f 2528/2528/2528 2512/2512/2512 2449/2449/2449
f 2512/2512/2512 2046/2046/2046 2448/2448/2448
f 2046/2046/2046 2528/2528/2528 2447/2447/2447
f 2528/2528/2528 2046/2046/2046 2512/2512/2512
f 2048/2048/2048 2463/2463/2463 2466/2466/2466
f 2466/2466/2466 2464/2464/2464 2048/2048/2048
f 2464/2464/2464 2466/2466/2466 2436/2436/2436
f 2436/2436/2436 2149/2149/2149 2464/2464/2464
f 2459/2459/2459 2465/2465/2465 2435/2435/2435
f 2466/2466/2466 2459/2459/2459 2436/2436/2436
f 2465/2465/2465 2459/2459/2459 2466/2466/2466
f 2463/2463/2463 2433/2433/2433 2465/2465/2465
f 2465/2465/2465 2466/2466/2466 2463/2463/2463
f 2472/2472/2472 2460/2460/2460 2439/2439/2439
f 2460/2460/2460 2149/2149/2149 2436/2436/2436
f 2149/2149/2149 2472/2472/2472 2437/2437/2437
f 2472/2472/2472 2149/2149/2149 2460/2460/2460
f 2473/2473/2473 2437/2437/2437 2472/2472/2472
f 2439/2439/2439 2487/2487/2487 2489/2489/2489
f 2489/2489/2489 2488/2488/2488 2439/2439/2439
f 2488/2488/2488 2489/2489/2489 2471/2471/2471
f 2471/2471/2471 2441/2441/2441 2488/2488/2488
f 2484/2484/2484 2489/2489/2489 2456/2456/2456
f 2471/2471/2471 2484/2484/2484 2443/2443/2443
f 2489/2489/2489 2484/2484/2484 2471/2471/2471
f 2487/2487/2487 2440/2440/2440 2456/2456/2456
f 2456/2456/2456 2489/2489/2489 2487/2487/2487
f 2454/2454/2454 2477/2477/2477 2480/2480/2480
f 2480/2480/2480 2478/2478/2478 2454/2454/2454
f 2477/2477/2477 2450/2450/2450 2479/2479/2479
f 2479/2479/2479 2480/2480/2480 2477/2477/2477
f 2505/2505/2505 2490/2490/2490 2492/2492/2492
f 2450/2450/2450 2505/2505/2505 2479/2479/2479
f 2490/2490/2490 2505/2505/2505 2450/2450/2450
f 2490/2490/2490 2481/2481/2481 2491/2491/2491
f 2491/2491/2491 2492/2492/2492 2490/2490/2490
f 2483/2483/2483 2455/2455/2455 2458/2458/2458
f 2440/2440/2440 2483/2483/2483 2456/2456/2456
f 2455/2455/2455 2483/2483/2483 2440/2440/2440
f 2456/2456/2456 2483/2483/2483 2486/2486/2486
f 2486/2486/2486 2484/2484/2484 2456/2456/2456
f 2484/2484/2484 2486/2486/2486 2454/2454/2454
f 2454/2454/2454 2443/2443/2443 2484/2484/2484
f 2477/2477/2477 2485/2485/2485 2450/2450/2450
f 2486/2486/2486 2477/2477/2477 2454/2454/2454
f 2485/2485/2485 2477/2477/2477 2486/2486/2486
f 2483/2483/2483 2458/2458/2458 2485/2485/2485
f 2485/2485/2485 2486/2486/2486 2483/2483/2483
f 2458/2458/2458 2493/2493/2493 2495/2495/2495
f 2495/2495/2495 2485/2485/2485 2458/2458/2458
f 2490/2490/2490 2495/2495/2495 2481/2481/2481
f 2485/2485/2485 2490/2490/2490 2450/2450/2450
f 2495/2495/2495 2490/2490/2490 2485/2485/2485
f 2495/2495/2495 2494/2494/2494 2442/2442/2442
f 2442/2442/2442 2481/2481/2481 2495/2495/2495
f 2493/2493/2493 2457/2457/2457 2494/2494/2494
f 2494/2494/2494 2495/2495/2495 2493/2493/2493
f 2493/2493/2493 2438/2438/2438 2457/2457/2457
f 2455/2455/2455 2493/2493/2493 2458/2458/2458
f 2438/2438/2438 2493/2493/2493 2455/2455/2455
f 2436/2436/2436 2459/2459/2459 2462/2462/2462
f 2462/2462/2462 2460/2460/2460 2436/2436/2436
f 2487/2487/2487 2462/2462/2462 2440/2440/2440
f 2460/2460/2460 2487/2487/2487 2439/2439/2439
f 2462/2462/2462 2487/2487/2487 2460/2460/2460
f 2455/2455/2455 2461/2461/2461 2438/2438/2438
f 2462/2462/2462 2455/2455/2455 2440/2440/2440
f 2461/2461/2461 2455/2455/2455 2462/2462/2462
f 2459/2459/2459 2435/2435/2435 2461/2461/2461
f 2461/2461/2461 2462/2462/2462 2459/2459/2459
f 2435/2435/2435 2499/2499/2499 2501/2501/2501
f 2501/2501/2501 2461/2461/2461 2435/2435/2435
f 2496/2496/2496 2501/2501/2501 2451/2451/2451
f 2461/2461/2461 2496/2496/2496 2438/2438/2438
f 2501/2501/2501 2496/2496/2496 2461/2461/2461
f 2501/2501/2501 2500/2500/2500 2446/2446/2446
f 2446/2446/2446 2451/2451/2451 2501/2501/2501
f 2499/2499/2499 2444/2444/2444 2500/2500/2500
f 2500/2500/2500 2501/2501/2501 2499/2499/2499
f 2438/2438/2438 2496/2496/2496 2498/2498/2498
f 2498/2498/2498 2457/2457/2457 2438/2438/2438
f 2494/2494/2494 2482/2482/2482 2442/2442/2442
f 2498/2498/2498 2494/2494/2494 2457/2457/2457
f 2482/2482/2482 2494/2494/2494 2498/2498/2498
f 2498/2498/2498 2497/2497/2497 2453/2453/2453
f 2453/2453/2453 2482/2482/2482 2498/2498/2498
f 2496/2496/2496 2451/2451/2451 2497/2497/2497
f 2497/2497/2497 2498/2498/2498 2496/2496/2496
f 2497/2497/2497 2452/2452/2452 2453/2453/2453
f 2446/2446/2446 2497/2497/2497 2451/2451/2451
f 2452/2452/2452 2497/2497/2497 2446/2446/2446
f 2500/2500/2500 2575/2575/2575 2445/2445/2445
f 2445/2445/2445 2446/2446/2446 2500/2500/2500
f 2575/2575/2575 2500/2500/2500 2444/2444/2444
f 2444/2444/2444 2434/2434/2434 2575/2575/2575
f 2433/2433/2433 2502/2502/2502 2504/2504/2504
f 2504/2504/2504 2465/2465/2465 2433/2433/2433
f 2499/2499/2499 2504/2504/2504 2444/2444/2444
f 2465/2465/2465 2499/2499/2499 2435/2435/2435
f 2504/2504/2504 2499/2499/2499 2465/2465/2465
f 2504/2504/2504 2503/2503/2503 2434/2434/2434
f 2434/2434/2434 2444/2444/2444 2504/2504/2504
f 2502/2502/2502 2047/2047/2047 2503/2503/2503
f 2503/2503/2503 2504/2504/2504 2502/2502/2502
f 2049/2049/2049 2147/2147/2147 2150/2150/2150
f 2150/2150/2150 2148/2148/2148 2049/2049/2049
f 2150/2150/2150 2474/2474/2474 2476/2476/2476
f 2476/2476/2476 2475/2475/2475 2150/2150/2150
f 2474/2474/2474 2149/2149/2149 2437/2437/2437
f 2437/2437/2437 2476/2476/2476 2474/2474/2474
f 2474/2474/2474 2464/2464/2464 2149/2149/2149
f 2464/2464/2464 2147/2147/2147 2048/2048/2048
f 2147/2147/2147 2474/2474/2474 2150/2150/2150
f 2474/2474/2474 2147/2147/2147 2464/2464/2464
f 2050/2050/2050 2151/2151/2151 2153/2153/2153
f 2153/2153/2153 2152/2152/2152 2050/2050/2050
f 2151/2151/2151 2049/2049/2049 2148/2148/2148
f 2148/2148/2148 2153/2153/2153 2151/2151/2151
f 2364/2364/2364 2154/2154/2154 2156/2156/2156
f 2051/2051/2051 2364/2364/2364 2155/2155/2155
f 2154/2154/2154 2364/2364/2364 2051/2051/2051
f 2385/2385/2385 2364/2364/2364 2366/2366/2366
f 2155/2155/2155 2385/2385/2385 2341/2341/2341
f 2364/2364/2364 2385/2385/2385 2155/2155/2155
f 2341/2341/2341 2385/2385/2385 2387/2387/2387
f 2387/2387/2387 2386/2386/2386 2341/2341/2341
f 2385/2385/2385 2366/2366/2366 2368/2368/2368
f 2368/2368/2368 2387/2387/2387 2385/2385/2385
f 2382/2382/2382 2367/2367/2367 2370/2370/2370
f 2366/2366/2366 2382/2382/2382 2368/2368/2368
f 2367/2367/2367 2382/2382/2382 2366/2366/2366
f 2368/2368/2368 2382/2382/2382 2384/2384/2384
f 2384/2384/2384 2383/2383/2383 2368/2368/2368
f 2382/2382/2382 2370/2370/2370 2375/2375/2375
f 2375/2375/2375 2384/2384/2384 2382/2382/2382
f 2381/2381/2381 2374/2374/2374 2377/2377/2377
f 2370/2370/2370 2381/2381/2381 2375/2375/2375
f 2374/2374/2374 2381/2381/2381 2370/2370/2370
f 2388/2388/2388 2369/2369/2369 2376/2376/2376
f 2374/2374/2374 2388/2388/2388 2377/2377/2377
f 2369/2369/2369 2388/2388/2388 2374/2374/2374
f 2374/2374/2374 2365/2365/2365 2369/2369/2369
f 2367/2367/2367 2374/2374/2374 2370/2370/2370
f 2365/2365/2365 2374/2374/2374 2367/2367/2367
f 2367/2367/2367 2156/2156/2156 2365/2365/2365
f 2364/2364/2364 2367/2367/2367 2366/2366/2366
f 2156/2156/2156 2367/2367/2367 2364/2364/2364
f 2378/2378/2378 2371/2371/2371 2373/2373/2373
f 2156/2156/2156 2378/2378/2378 2365/2365/2365
f 2371/2371/2371 2378/2378/2378 2156/2156/2156
f 2389/2389/2389 2378/2378/2378 2380/2380/2380
f 2365/2365/2365 2389/2389/2389 2369/2369/2369
f 2378/2378/2378 2389/2389/2389 2365/2365/2365
f 2369/2369/2369 2389/2389/2389 2391/2391/2391
f 2391/2391/2391 2376/2376/2376 2369/2369/2369
f 2389/2389/2389 2380/2380/2380 2390/2390/2390
f 2390/2390/2390 2391/2391/2391 2389/2389/2389
f 2378/2378/2378 2373/2373/2373 2379/2379/2379
f 2379/2379/2379 2380/2380/2380 2378/2378/2378
f 2371/2371/2371 2152/2152/2152 2372/2372/2372
f 2372/2372/2372 2373/2373/2373 2371/2371/2371
f 2371/2371/2371 2050/2050/2050 2152/2152/2152
f 2154/2154/2154 2371/2371/2371 2156/2156/2156
f 2050/2050/2050 2371/2371/2371 2154/2154/2154
f 2333/2333/2333 2157/2157/2157 2159/2159/2159
f 2052/2052/2052 2333/2333/2333 2158/2158/2158
f 2157/2157/2157 2333/2333/2333 2052/2052/2052
f 2347/2347/2347 2333/2333/2333 2335/2335/2335
f 2158/2158/2158 2347/2347/2347 2327/2327/2327
f 2333/2333/2333 2347/2347/2347 2158/2158/2158
f 2327/2327/2327 2347/2347/2347 2349/2349/2349
f 2349/2349/2349 2348/2348/2348 2327/2327/2327
f 2347/2347/2347 2335/2335/2335 2337/2337/2337
f 2337/2337/2337 2349/2349/2349 2347/2347/2347
f 2343/2343/2343 2336/2336/2336 2339/2339/2339
f 2335/2335/2335 2343/2343/2343 2337/2337/2337
f 2336/2336/2336 2343/2343/2343 2335/2335/2335
f 2337/2337/2337 2343/2343/2343 2346/2346/2346
f 2346/2346/2346 2344/2344/2344 2337/2337/2337
f 2346/2346/2346 2350/2350/2350 2353/2353/2353
f 2353/2353/2353 2351/2351/2351 2346/2346/2346
f 2350/2350/2350 2345/2345/2345 2352/2352/2352
f 2352/2352/2352 2353/2353/2353 2350/2350/2350
f 2350/2350/2350 2339/2339/2339 2345/2345/2345
f 2343/2343/2343 2350/2350/2350 2346/2346/2346
f 2339/2339/2339 2350/2350/2350 2343/2343/2343
f 2360/2360/2360 2354/2354/2354 2356/2356/2356
f 2339/2339/2339 2360/2360/2360 2345/2345/2345
f 2354/2354/2354 2360/2360/2360 2339/2339/2339
f 2363/2363/2363 2360/2360/2360 2362/2362/2362
f 2345/2345/2345 2363/2363/2363 2352/2352/2352
f 2360/2360/2360 2363/2363/2363 2345/2345/2345
f 2360/2360/2360 2356/2356/2356 2361/2361/2361
f 2361/2361/2361 2362/2362/2362 2360/2360/2360
f 2354/2354/2354 2338/2338/2338 2355/2355/2355
f 2355/2355/2355 2356/2356/2356 2354/2354/2354
f 2354/2354/2354 2334/2334/2334 2338/2338/2338
f 2336/2336/2336 2354/2354/2354 2339/2339/2339
f 2334/2334/2334 2354/2354/2354 2336/2336/2336
f 2336/2336/2336 2159/2159/2159 2334/2334/2334
f 2333/2333/2333 2336/2336/2336 2335/2335/2335
f 2159/2159/2159 2336/2336/2336 2333/2333/2333
f 2357/2357/2357 2340/2340/2340 2342/2342/2342
f 2159/2159/2159 2357/2357/2357 2334/2334/2334
f 2340/2340/2340 2357/2357/2357 2159/2159/2159
f 2334/2334/2334 2357/2357/2357 2359/2359/2359
f 2359/2359/2359 2338/2338/2338 2334/2334/2334
f 2357/2357/2357 2342/2342/2342 2358/2358/2358
f 2358/2358/2358 2359/2359/2359 2357/2357/2357
f 2340/2340/2340 2155/2155/2155 2341/2341/2341
f 2341/2341/2341 2342/2342/2342 2340/2340/2340
f 2340/2340/2340 2051/2051/2051 2155/2155/2155
f 2157/2157/2157 2340/2340/2340 2159/2159/2159
f 2051/2051/2051 2340/2340/2340 2157/2157/2157
f 2312/2312/2312 2160/2160/2160 2162/2162/2162
f 2053/2053/2053 2312/2312/2312 2161/2161/2161
f 2160/2160/2160 2312/2312/2312 2053/2053/2053
f 2316/2316/2316 2312/2312/2312 2315/2315/2315
f 2161/2161/2161 2316/2316/2316 2313/2313/2313
f 2312/2312/2312 2316/2316/2316 2161/2161/2161
f 2313/2313/2313 2316/2316/2316 2319/2319/2319
f 2319/2319/2319 2317/2317/2317 2313/2313/2313
f 2316/2316/2316 2315/2315/2315 2318/2318/2318
f 2318/2318/2318 2319/2319/2319 2316/2316/2316
f 2329/2329/2329 2323/2323/2323 2325/2325/2325
f 2315/2315/2315 2329/2329/2329 2318/2318/2318
f 2323/2323/2323 2329/2329/2329 2315/2315/2315
f 2318/2318/2318 2329/2329/2329 2332/2332/2332
f 2332/2332/2332 2330/2330/2330 2318/2318/2318
f 2329/2329/2329 2325/2325/2325 2331/2331/2331
f 2331/2331/2331 2332/2332/2332 2329/2329/2329
f 2323/2323/2323 2314/2314/2314 2324/2324/2324
f 2324/2324/2324 2325/2325/2325 2323/2323/2323
f 2323/2323/2323 2162/2162/2162 2314/2314/2314
f 2312/2312/2312 2323/2323/2323 2315/2315/2315
f 2162/2162/2162 2323/2323/2323 2312/2312/2312
f 2162/2162/2162 2326/2326/2326 2328/2328/2328
f 2328/2328/2328 2314/2314/2314 2162/2162/2162
f 2326/2326/2326 2158/2158/2158 2327/2327/2327
f 2327/2327/2327 2328/2328/2328 2326/2326/2326
f 2326/2326/2326 2052/2052/2052 2158/2158/2158
f 2160/2160/2160 2326/2326/2326 2162/2162/2162
f 2052/2052/2052 2326/2326/2326 2160/2160/2160
f 2054/2054/2054 2163/2163/2163 2165/2165/2165
f 2165/2165/2165 2164/2164/2164 2054/2054/2054
f 2165/2165/2165 2320/2320/2320 2322/2322/2322
f 2322/2322/2322 2321/2321/2321 2165/2165/2165
f 2320/2320/2320 2161/2161/2161 2313/2313/2313
f 2313/2313/2313 2322/2322/2322 2320/2320/2320
f 2320/2320/2320 2053/2053/2053 2161/2161/2161
f 2163/2163/2163 2320/2320/2320 2165/2165/2165
f 2053/2053/2053 2320/2320/2320 2163/2163/2163
f 2281/2281/2281 2166/2166/2166 2168/2168/2168
f 2055/2055/2055 2281/2281/2281 2167/2167/2167
f 2166/2166/2166 2281/2281/2281 2055/2055/2055
f 2284/2284/2284 2281/2281/2281 2283/2283/2283
f 2167/2167/2167 2284/2284/2284 2259/2259/2259
f 2281/2281/2281 2284/2284/2284 2167/2167/2167
f 2259/2259/2259 2284/2284/2284 2287/2287/2287
f 2287/2287/2287 2285/2285/2285 2259/2259/2259
f 2287/2287/2287 2288/2288/2288 2291/2291/2291
f 2291/2291/2291 2289/2289/2289 2287/2287/2287
f 2291/2291/2291 2298/2298/2298 2301/2301/2301
f 2301/2301/2301 2299/2299/2299 2291/2291/2291
f 2301/2301/2301 2305/2305/2305 2308/2308/2308
f 2308/2308/2308 2306/2306/2306 2301/2301/2301
f 2305/2305/2305 2300/2300/2300 2307/2307/2307
f 2307/2307/2307 2308/2308/2308 2305/2305/2305
f 2305/2305/2305 2290/2290/2290 2300/2300/2300
f 2298/2298/2298 2305/2305/2305 2301/2301/2301
f 2290/2290/2290 2305/2305/2305 2298/2298/2298
f 2298/2298/2298 2286/2286/2286 2290/2290/2290
f 2288/2288/2288 2298/2298/2298 2291/2291/2291
f 2286/2286/2286 2298/2298/2298 2288/2288/2288
f 2288/2288/2288 2283/2283/2283 2286/2286/2286
f 2284/2284/2284 2288/2288/2288 2287/2287/2287
f 2283/2283/2283 2288/2288/2288 2284/2284/2284
f 2302/2302/2302 2292/2292/2292 2294/2294/2294
f 2283/2283/2283 2302/2302/2302 2286/2286/2286
f 2292/2292/2292 2302/2302/2302 2283/2283/2283
f 2309/2309/2309 2302/2302/2302 2304/2304/2304
f 2286/2286/2286 2309/2309/2309 2290/2290/2290
f 2302/2302/2302 2309/2309/2309 2286/2286/2286
f 2290/2290/2290 2309/2309/2309 2311/2311/2311
f 2311/2311/2311 2300/2300/2300 2290/2290/2290
f 2309/2309/2309 2304/2304/2304 2310/2310/2310
f 2310/2310/2310 2311/2311/2311 2309/2309/2309
f 2302/2302/2302 2294/2294/2294 2303/2303/2303
f 2303/2303/2303 2304/2304/2304 2302/2302/2302
f 2292/2292/2292 2282/2282/2282 2293/2293/2293
f 2293/2293/2293 2294/2294/2294 2292/2292/2292
f 2292/2292/2292 2168/2168/2168 2282/2282/2282
f 2281/2281/2281 2292/2292/2292 2283/2283/2283
f 2168/2168/2168 2292/2292/2292 2281/2281/2281
f 2168/2168/2168 2295/2295/2295 2297/2297/2297
f 2297/2297/2297 2282/2282/2282 2168/2168/2168
f 2295/2295/2295 2164/2164/2164 2296/2296/2296
f 2296/2296/2296 2297/2297/2297 2295/2295/2295
f 2295/2295/2295 2054/2054/2054 2164/2164/2164
f 2166/2166/2166 2295/2295/2295 2168/2168/2168
f 2054/2054/2054 2295/2295/2295 2166/2166/2166
f 2244/2244/2244 2169/2169/2169 2171/2171/2171
f 2056/2056/2056 2244/2244/2244 2170/2170/2170
f 2169/2169/2169 2244/2244/2244 2056/2056/2056
f 2247/2247/2247 2244/2244/2244 2246/2246/2246
f 2170/2170/2170 2247/2247/2247 2242/2242/2242
f 2244/2244/2244 2247/2247/2247 2170/2170/2170
f 2265/2265/2265 2247/2247/2247 2250/2250/2250
f 2242/2242/2242 2265/2265/2265 2248/2248/2248
f 2247/2247/2247 2265/2265/2265 2242/2242/2242
f 2248/2248/2248 2265/2265/2265 2267/2267/2267
f 2267/2267/2267 2266/2266/2266 2248/2248/2248
f 2265/2265/2265 2250/2250/2250 2252/2252/2252
f 2252/2252/2252 2267/2267/2267 2265/2265/2265
f 2261/2261/2261 2251/2251/2251 2254/2254/2254
f 2250/2250/2250 2261/2261/2261 2252/2252/2252
f 2251/2251/2251 2261/2261/2261 2250/2250/2250
f 2252/2252/2252 2261/2261/2261 2264/2264/2264
f 2264/2264/2264 2262/2262/2262 2252/2252/2252
f 2261/2261/2261 2254/2254/2254 2263/2263/2263
f 2263/2263/2263 2264/2264/2264 2261/2261/2261
f 2277/2277/2277 2271/2271/2271 2273/2273/2273
f 2254/2254/2254 2277/2277/2277 2263/2263/2263
f 2271/2271/2271 2277/2277/2277 2254/2254/2254
f 2263/2263/2263 2277/2277/2277 2280/2280/2280
f 2280/2280/2280 2278/2278/2278 2263/2263/2263
f 2277/2277/2277 2273/2273/2273 2279/2279/2279
f 2279/2279/2279 2280/2280/2280 2277/2277/2277
f 2271/2271/2271 2253/2253/2253 2272/2272/2272
f 2272/2272/2272 2273/2273/2273 2271/2271/2271
f 2271/2271/2271 2249/2249/2249 2253/2253/2253
f 2251/2251/2251 2271/2271/2271 2254/2254/2254
f 2249/2249/2249 2271/2271/2271 2251/2251/2251
f 2251/2251/2251 2246/2246/2246 2249/2249/2249
f 2247/2247/2247 2251/2251/2251 2250/2250/2250
f 2246/2246/2246 2251/2251/2251 2247/2247/2247
f 2274/2274/2274 2255/2255/2255 2257/2257/2257
f 2246/2246/2246 2274/2274/2274 2249/2249/2249
f 2255/2255/2255 2274/2274/2274 2246/2246/2246
f 2249/2249/2249 2274/2274/2274 2276/2276/2276
f 2276/2276/2276 2253/2253/2253 2249/2249/2249
f 2274/2274/2274 2257/2257/2257 2275/2275/2275
f 2275/2275/2275 2276/2276/2276 2274/2274/2274
f 2255/2255/2255 2245/2245/2245 2256/2256/2256
f 2256/2256/2256 2257/2257/2257 2255/2255/2255
f 2255/2255/2255 2171/2171/2171 2245/2245/2245
f 2244/2244/2244 2255/2255/2255 2246/2246/2246
f 2171/2171/2171 2255/2255/2255 2244/2244/2244
f 2171/2171/2171 2258/2258/2258 2260/2260/2260
f 2260/2260/2260 2245/2245/2245 2171/2171/2171
f 2258/2258/2258 2167/2167/2167 2259/2259/2259
f 2259/2259/2259 2260/2260/2260 2258/2258/2258
f 2258/2258/2258 2055/2055/2055 2167/2167/2167
f 2169/2169/2169 2258/2258/2258 2171/2171/2171
f 2055/2055/2055 2258/2258/2258 2169/2169/2169
f 2173/2173/2173 2240/2240/2240 2243/2243/2243
f 2243/2243/2243 2241/2241/2241 2173/2173/2173
f 2243/2243/2243 2268/2268/2268 2270/2270/2270
f 2270/2270/2270 2269/2269/2269 2243/2243/2243
f 2268/2268/2268 2242/2242/2242 2248/2248/2248
f 2248/2248/2248 2270/2270/2270 2268/2268/2268
f 2268/2268/2268 2170/2170/2170 2242/2242/2242
f 2240/2240/2240 2268/2268/2268 2243/2243/2243
f 2170/2170/2170 2268/2268/2268 2240/2240/2240
f 2240/2240/2240 2056/2056/2056 2170/2170/2170
f 2172/2172/2172 2240/2240/2240 2173/2173/2173
f 2056/2056/2056 2240/2240/2240 2172/2172/2172
f 2058/2058/2058 2653/2653/2653 2656/2656/2656
f 2656/2656/2656 2654/2654/2654 2058/2058/2058
f 2649/2649/2649 2656/2656/2656 2636/2636/2636
f 2654/2654/2654 2649/2649/2649 2043/2043/2043
f 2656/2656/2656 2649/2649/2649 2654/2654/2654
f 2656/2656/2656 2655/2655/2655 2042/2042/2042
f 2042/2042/2042 2636/2636/2636 2656/2656/2656
f 2653/2653/2653 2057/2057/2057 2655/2655/2655
f 2655/2655/2655 2656/2656/2656 2653/2653/2653
f 2059/2059/2059 2677/2677/2677 2678/2678/2678
f 2678/2678/2678 2619/2619/2619 2059/2059/2059
f 2619/2619/2619 2678/2678/2678 2606/2606/2606
f 2606/2606/2606 2044/2044/2044 2619/2619/2619
f 2674/2674/2674 2654/2654/2654 2043/2043/2043
f 2678/2678/2678 2674/2674/2674 2606/2606/2606
f 2654/2654/2654 2674/2674/2674 2678/2678/2678
f 2677/2677/2677 2058/2058/2058 2654/2654/2654
f 2654/2654/2654 2678/2678/2678 2677/2677/2677
f 2060/2060/2060 2617/2617/2617 2620/2620/2620
f 2620/2620/2620 2618/2618/2618 2060/2060/2060
f 2613/2613/2613 2620/2620/2620 2591/2591/2591
f 2618/2618/2618 2613/2613/2613 2045/2045/2045
f 2620/2620/2620 2613/2613/2613 2618/2618/2618
f 2620/2620/2620 2619/2619/2619 2044/2044/2044
f 2044/2044/2044 2591/2591/2591 2620/2620/2620
f 2617/2617/2617 2059/2059/2059 2619/2619/2619
f 2619/2619/2619 2620/2620/2620 2617/2617/2617
f 2618/2618/2618 2515/2515/2515 2531/2531/2531
f 2531/2531/2531 2515/2515/2515 2046/2046/2046
f 2515/2515/2515 2618/2618/2618 2045/2045/2045
f 2618/2618/2618 2531/2531/2531 2061/2061/2061
f 2061/2061/2061 2060/2060/2060 2618/2618/2618
f 2062/2062/2062 2530/2530/2530 2532/2532/2532
f 2532/2532/2532 2469/2469/2469 2062/2062/2062
f 2527/2527/2527 2532/2532/2532 2447/2447/2447
f 2469/2469/2469 2527/2527/2527 2047/2047/2047
f 2532/2532/2532 2527/2527/2527 2469/2469/2469
f 2532/2532/2532 2531/2531/2531 2046/2046/2046
f 2046/2046/2046 2447/2447/2447 2532/2532/2532
f 2530/2530/2530 2061/2061/2061 2531/2531/2531
f 2531/2531/2531 2532/2532/2532 2530/2530/2530
f 2063/2063/2063 2467/2467/2467 2470/2470/2470
f 2470/2470/2470 2468/2468/2468 2063/2063/2063
f 2463/2463/2463 2470/2470/2470 2433/2433/2433
f 2468/2468/2468 2463/2463/2463 2048/2048/2048
f 2470/2470/2470 2463/2463/2463 2468/2468/2468
f 2502/2502/2502 2469/2469/2469 2047/2047/2047
f 2470/2470/2470 2502/2502/2502 2433/2433/2433
f 2469/2469/2469 2502/2502/2502 2470/2470/2470
f 2467/2467/2467 2062/2062/2062 2469/2469/2469
f 2469/2469/2469 2470/2470/2470 2467/2467/2467
f 2147/2147/2147 2468/2468/2468 2048/2048/2048
f 2468/2468/2468 2064/2064/2064 2063/2063/2063
f 2064/2064/2064 2147/2147/2147 2049/2049/2049
f 2147/2147/2147 2064/2064/2064 2468/2468/2468
f 2151/2151/2151 2064/2064/2064 2049/2049/2049
f 2065/2065/2065 2151/2151/2151 2050/2050/2050
f 2064/2064/2064 2151/2151/2151 2065/2065/2065
f 2154/2154/2154 2065/2065/2065 2050/2050/2050
f 2066/2066/2066 2154/2154/2154 2051/2051/2051
f 2065/2065/2065 2154/2154/2154 2066/2066/2066
f 2157/2157/2157 2066/2066/2066 2051/2051/2051
f 2067/2067/2067 2157/2157/2157 2052/2052/2052
f 2066/2066/2066 2157/2157/2157 2067/2067/2067
f 2160/2160/2160 2067/2067/2067 2052/2052/2052
f 2068/2068/2068 2160/2160/2160 2053/2053/2053
f 2067/2067/2067 2160/2160/2160 2068/2068/2068
f 2163/2163/2163 2068/2068/2068 2053/2053/2053
f 2069/2069/2069 2163/2163/2163 2054/2054/2054
f 2068/2068/2068 2163/2163/2163 2069/2069/2069
f 2166/2166/2166 2069/2069/2069 2054/2054/2054
f 2070/2070/2070 2166/2166/2166 2055/2055/2055
f 2069/2069/2069 2166/2166/2166 2070/2070/2070
f 2169/2169/2169 2070/2070/2070 2055/2055/2055
f 2071/2071/2071 2169/2169/2169 2056/2056/2056
f 2070/2070/2070 2169/2169/2169 2071/2071/2071
f 2653/2653/2653 2072/2072/2072 2057/2057/2057
f 2073/2073/2073 2653/2653/2653 2058/2058/2058
f 2072/2072/2072 2653/2653/2653 2073/2073/2073
f 2677/2677/2677 2073/2073/2073 2058/2058/2058
f 2074/2074/2074 2677/2677/2677 2059/2059/2059
f 2073/2073/2073 2677/2677/2677 2074/2074/2074
f 2617/2617/2617 2074/2074/2074 2059/2059/2059
f 2075/2075/2075 2617/2617/2617 2060/2060/2060
f 2074/2074/2074 2617/2617/2617 2075/2075/2075
f 2076/2076/2076 2075/2075/2075 2060/2060/2060
f 2060/2060/2060 2061/2061/2061 2076/2076/2076
f 2530/2530/2530 2076/2076/2076 2061/2061/2061
f 2077/2077/2077 2530/2530/2530 2062/2062/2062
f 2076/2076/2076 2530/2530/2530 2077/2077/2077
f 2467/2467/2467 2077/2077/2077 2062/2062/2062
f 2078/2078/2078 2467/2467/2467 2063/2063/2063
f 2077/2077/2077 2467/2467/2467 2078/2078/2078
f 2079/2079/2079 2078/2078/2078 2063/2063/2063
f 2063/2063/2063 2064/2064/2064 2079/2079/2079
f 2080/2080/2080 2079/2079/2079 2064/2064/2064
f 2064/2064/2064 2065/2065/2065 2080/2080/2080
f 2081/2081/2081 2080/2080/2080 2065/2065/2065
f 2065/2065/2065 2066/2066/2066 2081/2081/2081
f 2082/2082/2082 2081/2081/2081 2066/2066/2066
f 2066/2066/2066 2067/2067/2067 2082/2082/2082
f 2083/2083/2083 2082/2082/2082 2067/2067/2067
f 2067/2067/2067 2068/2068/2068 2083/2083/2083
f 2084/2084/2084 2083/2083/2083 2068/2068/2068
f 2068/2068/2068 2069/2069/2069 2084/2084/2084
f 2085/2085/2085 2084/2084/2084 2069/2069/2069
f 2069/2069/2069 2070/2070/2070 2085/2085/2085
f 2086/2086/2086 2085/2085/2085 2070/2070/2070
f 2070/2070/2070 2071/2071/2071 2086/2086/2086
f 2088/2088/2088 2087/2087/2087 2072/2072/2072
f 2072/2072/2072 2073/2073/2073 2088/2088/2088
f 2089/2089/2089 2088/2088/2088 2073/2073/2073
f 2073/2073/2073 2074/2074/2074 2089/2089/2089
f 2090/2090/2090 2089/2089/2089 2074/2074/2074
f 2074/2074/2074 2075/2075/2075 2090/2090/2090
f 2091/2091/2091 2090/2090/2090 2075/2075/2075
f 2075/2075/2075 2076/2076/2076 2091/2091/2091
f 2092/2092/2092 2091/2091/2091 2076/2076/2076
f 2076/2076/2076 2077/2077/2077 2092/2092/2092
f 2093/2093/2093 2092/2092/2092 2077/2077/2077
f 2077/2077/2077 2078/2078/2078 2093/2093/2093
f 2094/2094/2094 2093/2093/2093 2078/2078/2078
f 2078/2078/2078 2079/2079/2079 2094/2094/2094
f 2095/2095/2095 2094/2094/2094 2079/2079/2079
f 2079/2079/2079 2080/2080/2080 2095/2095/2095
f 2096/2096/2096 2095/2095/2095 2080/2080/2080
f 2080/2080/2080 2081/2081/2081 2096/2096/2096
f 2097/2097/2097 2096/2096/2096 2081/2081/2081
f 2081/2081/2081 2082/2082/2082 2097/2097/2097
f 2098/2098/2098 2097/2097/2097 2082/2082/2082
f 2082/2082/2082 2083/2083/2083 2098/2098/2098
f 2099/2099/2099 2098/2098/2098 2083/2083/2083
f 2083/2083/2083 2084/2084/2084 2099/2099/2099
f 2100/2100/2100 2099/2099/2099 2084/2084/2084
f 2084/2084/2084 2085/2085/2085 2100/2100/2100
f 2101/2101/2101 2100/2100/2100 2085/2085/2085
f 2085/2085/2085 2086/2086/2086 2101/2101/2101
f 2103/2103/2103 2102/2102/2102 2087/2087/2087
f 2087/2087/2087 2088/2088/2088 2103/2103/2103
f 2104/2104/2104 2103/2103/2103 2088/2088/2088
f 2088/2088/2088 2089/2089/2089 2104/2104/2104
f 2105/2105/2105 2104/2104/2104 2089/2089/2089
f 2089/2089/2089 2090/2090/2090 2105/2105/2105
f 2106/2106/2106 2105/2105/2105 2090/2090/2090
f 2090/2090/2090 2091/2091/2091 2106/2106/2106
f 2107/2107/2107 2106/2106/2106 2091/2091/2091
f 2091/2091/2091 2092/2092/2092 2107/2107/2107
f 2108/2108/2108 2107/2107/2107 2092/2092/2092
f 2092/2092/2092 2093/2093/2093 2108/2108/2108
f 2109/2109/2109 2108/2108/2108 2093/2093/2093
f 2093/2093/2093 2094/2094/2094 2109/2109/2109
f 2110/2110/2110 2109/2109/2109 2094/2094/2094
f 2094/2094/2094 2095/2095/2095 2110/2110/2110
f 2111/2111/2111 2110/2110/2110 2095/2095/2095
f 2095/2095/2095 2096/2096/2096 2111/2111/2111
f 2112/2112/2112 2111/2111/2111 2096/2096/2096
f 2096/2096/2096 2097/2097/2097 2112/2112/2112
f 2113/2113/2113 2112/2112/2112 2097/2097/2097
f 2097/2097/2097 2098/2098/2098 2113/2113/2113
f 2114/2114/2114 2113/2113/2113 2098/2098/2098
f 2098/2098/2098 2099/2099/2099 2114/2114/2114
f 2115/2115/2115 2114/2114/2114 2099/2099/2099
f 2099/2099/2099 2100/2100/2100 2115/2115/2115
f 2116/2116/2116 2115/2115/2115 2100/2100/2100
f 2100/2100/2100 2101/2101/2101 2116/2116/2116
f 2118/2118/2118 2117/2117/2117 2102/2102/2102
f 2102/2102/2102 2103/2103/2103 2118/2118/2118
f 2119/2119/2119 2118/2118/2118 2103/2103/2103
f 2103/2103/2103 2104/2104/2104 2119/2119/2119
f 2120/2120/2120 2119/2119/2119 2104/2104/2104
f 2104/2104/2104 2105/2105/2105 2120/2120/2120
f 2121/2121/2121 2120/2120/2120 2105/2105/2105
f 2105/2105/2105 2106/2106/2106 2121/2121/2121
f 2122/2122/2122 2121/2121/2121 2106/2106/2106
f 2106/2106/2106 2107/2107/2107 2122/2122/2122
f 2123/2123/2123 2122/2122/2122 2107/2107/2107
f 2107/2107/2107 2108/2108/2108 2123/2123/2123
f 2124/2124/2124 2123/2123/2123 2108/2108/2108
f 2108/2108/2108 2109/2109/2109 2124/2124/2124
f 2125/2125/2125 2124/2124/2124 2109/2109/2109
f 2109/2109/2109 2110/2110/2110 2125/2125/2125
f 2126/2126/2126 2125/2125/2125 2110/2110/2110
f 2110/2110/2110 2111/2111/2111 2126/2126/2126
f 2127/2127/2127 2126/2126/2126 2111/2111/2111
f 2111/2111/2111 2112/2112/2112 2127/2127/2127
f 2128/2128/2128 2127/2127/2127 2112/2112/2112
f 2112/2112/2112 2113/2113/2113 2128/2128/2128
f 2129/2129/2129 2128/2128/2128 2113/2113/2113
f 2113/2113/2113 2114/2114/2114 2129/2129/2129
f 2130/2130/2130 2129/2129/2129 2114/2114/2114
f 2114/2114/2114 2115/2115/2115 2130/2130/2130
f 2131/2131/2131 2130/2130/2130 2115/2115/2115
f 2115/2115/2115 2116/2116/2116 2131/2131/2131
f 2133/2133/2133 2117/2117/2117 2118/2118/2118
f 2134/2134/2134 2118/2118/2118 2119/2119/2119
f 2135/2135/2135 2119/2119/2119 2120/2120/2120
f 2136/2136/2136 2120/2120/2120 2121/2121/2121
f 2137/2137/2137 2121/2121/2121 2122/2122/2122
f 2138/2138/2138 2122/2122/2122 2123/2123/2123
f 2139/2139/2139 2123/2123/2123 2124/2124/2124
f 2140/2140/2140 2124/2124/2124 2125/2125/2125
f 2141/2141/2141 2125/2125/2125 2126/2126/2126
f 2142/2142/2142 2126/2126/2126 2127/2127/2127
f 2143/2143/2143 2127/2127/2127 2128/2128/2128
f 2144/2144/2144 2128/2128/2128 2129/2129/2129
f 2145/2145/2145 2129/2129/2129 2130/2130/2130
f 2146/2146/2146 2130/2130/2130 2131/2131/2131
f 2372/2372/2372 2237/2237/2237 2236/2236/2236
f 2392/2392/2392 2239/2239/2239 2476/2476/2476
f 2475/2475/2475 2239/2239/2239 2238/2238/2238
f 2473/2473/2473 2393/2393/2393 2392/2392/2392
f 2379/2379/2379 2236/2236/2236 2390/2390/2390
f 2235/2235/2235 2390/2390/2390 2236/2236/2236
f 2391/2391/2391 2390/2390/2390 2235/2235/2235
f 2236/2236/2236 2379/2379/2379 2372/2372/2372
f 2376/2376/2376 2391/2391/2391 2235/2235/2235
f 2441/2441/2441 2394/2394/2394 2393/2393/2393
f 2492/2492/2492 2400/2400/2400 2399/2399/2399
f 2400/2400/2400 2492/2492/2492 2491/2491/2491
f 2399/2399/2399 2505/2505/2505 2492/2492/2492
f 2491/2491/2491 2482/2482/2482 2400/2400/2400
f 2398/2398/2398 2505/2505/2505 2399/2399/2399
f 2396/2396/2396 2395/2395/2395 2478/2478/2478
f 2479/2479/2479 2398/2398/2398 2397/2397/2397
f 2505/2505/2505 2398/2398/2398 2479/2479/2479
f 2480/2480/2480 2397/2397/2397 2396/2396/2396
f 2443/2443/2443 2395/2395/2395 2394/2394/2394
f 2229/2229/2229 2361/2361/2361 2355/2355/2355
f 2230/2230/2230 2383/2383/2383 2231/2231/2231
f 2229/2229/2229 2386/2386/2386 2230/2230/2230
f 2232/2232/2232 2231/2231/2231 2375/2375/2375
f 2363/2363/2363 2228/2228/2228 2227/2227/2227
f 2228/2228/2228 2362/2362/2362 2361/2361/2361
f 2228/2228/2228 2363/2363/2363 2362/2362/2362
f 2361/2361/2361 2229/2229/2229 2228/2228/2228
f 2352/2352/2352 2363/2363/2363 2227/2227/2227
f 2232/2232/2232 2381/2381/2381 2233/2233/2233
f 2377/2377/2377 2235/2235/2235 2234/2234/2234
f 2235/2235/2235 2377/2377/2377 2388/2388/2388
f 2234/2234/2234 2381/2381/2381 2377/2377/2377
f 2388/2388/2388 2376/2376/2376 2235/2235/2235
f 2232/2232/2232 2375/2375/2375 2381/2381/2381
f 2375/2375/2375 2231/2231/2231 2384/2384/2384
f 2229/2229/2229 2355/2355/2355 2358/2358/2358
f 2368/2368/2368 2383/2383/2383 2230/2230/2230
f 2355/2355/2355 2361/2361/2361 2356/2356/2356
f 2384/2384/2384 2231/2231/2231 2383/2383/2383
f 2381/2381/2381 2234/2234/2234 2233/2233/2233
f 2479/2479/2479 2397/2397/2397 2480/2480/2480
f 2404/2404/2404 2564/2564/2564 2560/2560/2560
f 2405/2405/2405 2404/2404/2404 2560/2560/2560
f 2406/2406/2406 2533/2533/2533 2558/2558/2558
f 2405/2405/2405 2561/2561/2561 2533/2533/2533
f 2406/2406/2406 2405/2405/2405 2533/2533/2533
f 2403/2403/2403 2564/2564/2564 2404/2404/2404
f 2568/2568/2568 2403/2403/2403 2402/2402/2402
f 2572/2572/2572 2567/2567/2567 2402/2402/2402
f 2402/2402/2402 2567/2567/2567 2568/2568/2568
f 2402/2402/2402 2510/2510/2510 2572/2572/2572
f 2563/2563/2563 2403/2403/2403 2568/2568/2568
f 2401/2401/2401 2510/2510/2510 2402/2402/2402
f 2564/2564/2564 2403/2403/2403 2563/2563/2563
f 2410/2410/2410 2409/2409/2409 2586/2586/2586
f 2579/2579/2579 2578/2578/2578 2585/2585/2585
f 2410/2410/2410 2585/2585/2585 2578/2578/2578
f 2585/2585/2585 2410/2410/2410 2586/2586/2586
f 2578/2578/2578 2581/2581/2581 2410/2410/2410
f 2584/2584/2584 2408/2408/2408 2407/2407/2407
f 2558/2558/2558 2584/2584/2584 2407/2407/2407
f 2408/2408/2408 2584/2584/2584 2586/2586/2586
f 2586/2586/2586 2409/2409/2409 2408/2408/2408
f 2406/2406/2406 2558/2558/2558 2407/2407/2407
f 2510/2510/2510 2401/2401/2401 2445/2445/2445
f 2400/2400/2400 2453/2453/2453 2452/2452/2452
f 2401/2401/2401 2452/2452/2452 2445/2445/2445
f 2400/2400/2400 2482/2482/2482 2453/2453/2453
f 2491/2491/2491 2442/2442/2442 2482/2482/2482
f 2491/2491/2491 2481/2481/2481 2442/2442/2442
f 2396/2396/2396 2478/2478/2478 2480/2480/2480
f 2478/2478/2478 2443/2443/2443 2454/2454/2454
f 2394/2394/2394 2471/2471/2471 2443/2443/2443
f 2401/2401/2401 2400/2400/2400 2452/2452/2452
f 2471/2471/2471 2394/2394/2394 2441/2441/2441
f 2237/2237/2237 2153/2153/2153 2238/2238/2238
f 2473/2473/2473 2392/2392/2392 2437/2437/2437
f 2379/2379/2379 2390/2390/2390 2380/2380/2380
f 2441/2441/2441 2393/2393/2393 2488/2488/2488
f 2393/2393/2393 2473/2473/2473 2488/2488/2488
f 2368/2368/2368 2230/2230/2230 2387/2387/2387
f 2387/2387/2387 2230/2230/2230 2386/2386/2386
f 2358/2358/2358 2355/2355/2355 2359/2359/2359
f 2359/2359/2359 2355/2355/2355 2338/2338/2338
f 2358/2358/2358 2342/2342/2342 2341/2341/2341
f 2341/2341/2341 2386/2386/2386 2358/2358/2358
f 2386/2386/2386 2229/2229/2229 2358/2358/2358
f 2443/2443/2443 2478/2478/2478 2395/2395/2395
f 2215/2215/2215 2214/2214/2214 2321/2321/2321
f 2330/2330/2330 2218/2218/2218 2217/2217/2217
f 2215/2215/2215 2317/2317/2317 2216/2216/2216
f 2332/2332/2332 2219/2219/2219 2218/2218/2218
f 2212/2212/2212 2307/2307/2307 2311/2311/2311
f 2213/2213/2213 2310/2310/2310 2303/2303/2303
f 2297/2297/2297 2213/2213/2213 2293/2293/2293
f 2310/2310/2310 2213/2213/2213 2212/2212/2212
f 2211/2211/2211 2307/2307/2307 2212/2212/2212
f 2220/2220/2220 2219/2219/2219 2332/2332/2332
f 2353/2353/2353 2225/2225/2225 2224/2224/2224
f 2225/2225/2225 2353/2353/2353 2352/2352/2352
f 2227/2227/2227 2226/2226/2226 2352/2352/2352
f 2226/2226/2226 2225/2225/2225 2352/2352/2352
f 2351/2351/2351 2353/2353/2353 2224/2224/2224
f 2222/2222/2222 2221/2221/2221 2348/2348/2348
f 2216/2216/2216 2319/2319/2319 2217/2217/2217
f 2224/2224/2224 2223/2223/2223 2351/2351/2351
f 2351/2351/2351 2223/2223/2223 2346/2346/2346
f 2222/2222/2222 2344/2344/2344 2223/2223/2223
f 2220/2220/2220 2324/2324/2324 2221/2221/2221
f 2204/2204/2204 2279/2279/2279 2272/2272/2272
f 2280/2280/2280 2203/2203/2203 2202/2202/2202
f 2208/2208/2208 2299/2299/2299 2306/2306/2306
f 2280/2280/2280 2204/2204/2204 2203/2203/2203
f 2278/2278/2278 2202/2202/2202 2201/2201/2201
f 2200/2200/2200 2264/2264/2264 2201/2201/2201
f 2262/2262/2262 2200/2200/2200 2199/2199/2199
f 2267/2267/2267 2199/2199/2199 2198/2198/2198
f 2289/2289/2289 2207/2207/2207 2206/2206/2206
f 2306/2306/2306 2210/2210/2210 2209/2209/2209
f 2210/2210/2210 2306/2306/2306 2308/2308/2308
f 2307/2307/2307 2211/2211/2211 2308/2308/2308
f 2211/2211/2211 2210/2210/2210 2308/2308/2308
f 2208/2208/2208 2306/2306/2306 2209/2209/2209
f 2197/2197/2197 2196/2196/2196 2241/2241/2241
f 2280/2280/2280 2279/2279/2279 2204/2204/2204
f 2208/2208/2208 2207/2207/2207 2299/2299/2299
f 2280/2280/2280 2202/2202/2202 2278/2278/2278
f 2197/2197/2197 2270/2270/2270 2198/2198/2198
f 2206/2206/2206 2205/2205/2205 2285/2285/2285
f 2264/2264/2264 2278/2278/2278 2201/2201/2201
f 2275/2275/2275 2205/2205/2205 2204/2204/2204
f 2212/2212/2212 2311/2311/2311 2310/2310/2310
f 2222/2222/2222 2349/2349/2349 2344/2344/2344
f 2332/2332/2332 2218/2218/2218 2330/2330/2330
f 2319/2319/2319 2330/2330/2330 2217/2217/2217
f 2221/2221/2221 2324/2324/2324 2328/2328/2328
f 2331/2331/2331 2220/2220/2220 2332/2332/2332
f 2307/2307/2307 2300/2300/2300 2311/2311/2311
f 2304/2304/2304 2303/2303/2303 2310/2310/2310
f 2213/2213/2213 2296/2296/2296 2214/2214/2214
f 2346/2346/2346 2223/2223/2223 2344/2344/2344
f 2344/2344/2344 2349/2349/2349 2337/2337/2337
f 2220/2220/2220 2331/2331/2331 2324/2324/2324
f 2221/2221/2221 2328/2328/2328 2348/2348/2348
f 2331/2331/2331 2325/2325/2325 2324/2324/2324
f 2349/2349/2349 2222/2222/2222 2348/2348/2348
f 2330/2330/2330 2319/2319/2319 2318/2318/2318
f 2213/2213/2213 2303/2303/2303 2293/2293/2293
f 2322/2322/2322 2317/2317/2317 2215/2215/2215
f 2303/2303/2303 2294/2294/2294 2293/2293/2293
f 2319/2319/2319 2216/2216/2216 2317/2317/2317
f 2289/2289/2289 2291/2291/2291 2299/2299/2299
f 2206/2206/2206 2285/2285/2285 2289/2289/2289
f 2275/2275/2275 2256/2256/2256 2205/2205/2205
f 2204/2204/2204 2272/2272/2272 2275/2275/2275
f 2276/2276/2276 2275/2275/2275 2272/2272/2272
f 2279/2279/2279 2273/2273/2273 2272/2272/2272
f 2278/2278/2278 2264/2264/2264 2263/2263/2263
f 2200/2200/2200 2262/2262/2262 2264/2264/2264
f 2253/2253/2253 2276/2276/2276 2272/2272/2272
f 2289/2289/2289 2299/2299/2299 2207/2207/2207
f 2205/2205/2205 2256/2256/2256 2260/2260/2260
f 2287/2287/2287 2289/2289/2289 2285/2285/2285
f 2256/2256/2256 2275/2275/2275 2257/2257/2257
f 2205/2205/2205 2260/2260/2260 2285/2285/2285
f 2262/2262/2262 2267/2267/2267 2252/2252/2252
f 2267/2267/2267 2198/2198/2198 2266/2266/2266
f 2266/2266/2266 2270/2270/2270 2248/2248/2248
f 2270/2270/2270 2197/2197/2197 2269/2269/2269
f 2270/2270/2270 2266/2266/2266 2198/2198/2198
f 2267/2267/2267 2262/2262/2262 2199/2199/2199
f 2306/2306/2306 2299/2299/2299 2301/2301/2301
f 2269/2269/2269 2197/2197/2197 2241/2241/2241
f 2558/2558/2558 2557/2557/2557 2584/2584/2584
f 2682/2682/2682 2430/2430/2430 2429/2429/2429
f 2430/2430/2430 2682/2682/2682 2681/2681/2681
f 2429/2429/2429 2692/2692/2692 2682/2682/2682
f 2681/2681/2681 2431/2431/2431 2430/2430/2430
f 2428/2428/2428 2692/2692/2692 2429/2429/2429
f 2426/2426/2426 2425/2425/2425 2694/2694/2694
f 2680/2680/2680 2428/2428/2428 2427/2427/2427
f 2692/2692/2692 2428/2428/2428 2680/2680/2680
f 2426/2426/2426 2680/2680/2680 2427/2427/2427
f 2680/2680/2680 2426/2426/2426 2695/2695/2695
f 2431/2431/2431 2681/2681/2681 2641/2641/2641
f 2684/2684/2684 2681/2681/2681 2685/2685/2685
f 2174/2174/2174 2432/2432/2432 2666/2666/2666
f 2431/2431/2431 2637/2637/2637 2432/2432/2432
f 2681/2681/2681 2659/2659/2659 2685/2685/2685
f 2426/2426/2426 2694/2694/2694 2695/2695/2695
f 2658/2658/2658 2425/2425/2425 2698/2698/2698
f 2694/2694/2694 2425/2425/2425 2658/2658/2658
f 2681/2681/2681 2684/2684/2684 2641/2641/2641
f 2424/2424/2424 2698/2698/2698 2425/2425/2425
f 2419/2419/2419 2418/2418/2418 2601/2601/2601
f 2595/2595/2595 2420/2420/2420 2628/2628/2628
f 2422/2422/2422 2421/2421/2421 2608/2608/2608
f 2419/2419/2419 2628/2628/2628 2420/2420/2420
f 2601/2601/2601 2418/2418/2418 2417/2417/2417
f 2413/2413/2413 2625/2625/2625 2414/2414/2414
f 2417/2417/2417 2416/2416/2416 2621/2621/2621
f 2416/2416/2416 2415/2415/2415 2599/2599/2599
f 2415/2415/2415 2414/2414/2414 2623/2623/2623
f 2419/2419/2419 2629/2629/2629 2628/2628/2628
f 2419/2419/2419 2600/2600/2600 2629/2629/2629
f 2604/2604/2604 2421/2421/2421 2420/2420/2420
f 2423/2423/2423 2699/2699/2699 2424/2424/2424
f 2423/2423/2423 2422/2422/2422 2635/2635/2635
f 2419/2419/2419 2601/2601/2601 2626/2626/2626
f 2417/2417/2417 2621/2621/2621 2601/2601/2601
f 2415/2415/2415 2624/2624/2624 2599/2599/2599
f 2415/2415/2415 2623/2623/2623 2624/2624/2624
f 2416/2416/2416 2599/2599/2599 2621/2621/2621
f 2419/2419/2419 2626/2626/2626 2600/2600/2600
f 2623/2623/2623 2414/2414/2414 2589/2589/2589
f 2424/2424/2424 2697/2697/2697 2698/2698/2698
f 2175/2175/2175 2666/2666/2666 2665/2665/2665
f 2655/2655/2655 2176/2176/2176 2665/2665/2665
f 2175/2175/2175 2665/2665/2665 2176/2176/2176
f 2175/2175/2175 2174/2174/2174 2666/2666/2666
f 2177/2177/2177 2176/2176/2176 2057/2057/2057
f 2663/2663/2663 2431/2431/2431 2664/2664/2664
f 2663/2663/2663 2637/2637/2637 2431/2431/2431
f 2665/2665/2665 2042/2042/2042 2655/2655/2655
f 2176/2176/2176 2655/2655/2655 2057/2057/2057
f 2057/2057/2057 2072/2072/2072 2177/2177/2177
f 2666/2666/2666 2432/2432/2432 2637/2637/2637
f 2179/2179/2179 2178/2178/2178 2087/2087/2087
f 2181/2181/2181 2180/2180/2180 2117/2117/2117
f 2180/2180/2180 2179/2179/2179 2102/2102/2102
f 2178/2178/2178 2072/2072/2072 2087/2087/2087
f 2180/2180/2180 2102/2102/2102 2117/2117/2117
f 2181/2181/2181 2117/2117/2117 2132/2132/2132
f 2102/2102/2102 2179/2179/2179 2087/2087/2087
f 2177/2177/2177 2072/2072/2072 2178/2178/2178
f 2684/2684/2684 2642/2642/2642 2662/2662/2662
f 2662/2662/2662 2641/2641/2641 2684/2684/2684
f 2642/2642/2642 2684/2684/2684 2661/2661/2661
f 2697/2697/2697 2699/2699/2699 2634/2634/2634
f 2639/2639/2639 2423/2423/2423 2635/2635/2635
f 2421/2421/2421 2592/2592/2592 2608/2608/2608
f 2422/2422/2422 2672/2672/2672 2635/2635/2635
f 2699/2699/2699 2423/2423/2423 2639/2639/2639
f 2420/2420/2420 2605/2605/2605 2604/2604/2604
f 2608/2608/2608 2672/2672/2672 2422/2422/2422
f 2672/2672/2672 2608/2608/2608 2633/2633/2633
f 2592/2592/2592 2421/2421/2421 2604/2604/2604
f 2605/2605/2605 2420/2420/2420 2595/2595/2595
f 2595/2595/2595 2628/2628/2628 2602/2602/2602
f 2589/2589/2589 2414/2414/2414 2625/2625/2625
f 2625/2625/2625 2413/2413/2413 2590/2590/2590
f 2424/2424/2424 2699/2699/2699 2697/2697/2697
f 2664/2664/2664 2431/2431/2431 2641/2641/2641
f 2588/2588/2588 2590/2590/2590 2413/2413/2413
f 2582/2582/2582 2578/2578/2578 2550/2550/2550
f 2581/2581/2581 2554/2554/2554 2553/2553/2553
f 2542/2542/2542 2411/2411/2411 2553/2553/2553
f 2411/2411/2411 2581/2581/2581 2553/2553/2553
f 2582/2582/2582 2581/2581/2581 2578/2578/2578
f 2561/2561/2561 2405/2405/2405 2560/2560/2560
f 2545/2545/2545 2560/2560/2560 2564/2564/2564
f 2581/2581/2581 2411/2411/2411 2410/2410/2410
f 2448/2448/2448 2412/2412/2412 2513/2513/2513
f 2413/2413/2413 2412/2412/2412 2588/2588/2588
f 2513/2513/2513 2411/2411/2411 2514/2514/2514
f 2518/2518/2518 2514/2514/2514 2411/2411/2411
f 2517/2517/2517 2588/2588/2588 2412/2412/2412
f 2535/2535/2535 2518/2518/2518 2411/2411/2411
f 2542/2542/2542 2553/2553/2553 2543/2543/2543
f 2518/2518/2518 2535/2535/2535 2507/2507/2507
f 2542/2542/2542 2536/2536/2536 2535/2535/2535
f 2542/2542/2542 2535/2535/2535 2411/2411/2411
f 2411/2411/2411 2513/2513/2513 2412/2412/2412
f 2452/2452/2452 2446/2446/2446 2445/2445/2445
f 2572/2572/2572 2520/2520/2520 2567/2567/2567
f 2488/2488/2488 2472/2472/2472 2439/2439/2439
f 2392/2392/2392 2476/2476/2476 2437/2437/2437
f 2488/2488/2488 2473/2473/2473 2472/2472/2472
f 2476/2476/2476 2239/2239/2239 2475/2475/2475
f 2372/2372/2372 2379/2379/2379 2373/2373/2373
f 2237/2237/2237 2372/2372/2372 2153/2153/2153
f 2238/2238/2238 2148/2148/2148 2475/2475/2475
f 2328/2328/2328 2327/2327/2327 2348/2348/2348
f 2322/2322/2322 2313/2313/2313 2317/2317/2317
f 2314/2314/2314 2328/2328/2328 2324/2324/2324
f 2563/2563/2563 2568/2568/2568 2538/2538/2538
f 2215/2215/2215 2321/2321/2321 2322/2322/2322
f 2321/2321/2321 2214/2214/2214 2296/2296/2296
f 2296/2296/2296 2164/2164/2164 2165/2165/2165
f 2165/2165/2165 2321/2321/2321 2296/2296/2296
f 2150/2150/2150 2475/2475/2475 2148/2148/2148
f 2448/2448/2448 2517/2517/2517 2412/2412/2412
f 2297/2297/2297 2293/2293/2293 2282/2282/2282
f 2259/2259/2259 2285/2285/2285 2260/2260/2260
f 2260/2260/2260 2256/2256/2256 2245/2245/2245
f 2153/2153/2153 2148/2148/2148 2238/2238/2238
f 2296/2296/2296 2213/2213/2213 2297/2297/2297
f 2153/2153/2153 2372/2372/2372 2152/2152/2152
f 2172/2172/2172 2071/2071/2071 2056/2056/2056
f 2086/2086/2086 2189/2189/2189 2188/2188/2188
f 2188/2188/2188 2101/2101/2101 2086/2086/2086
f 2101/2101/2101 2187/2187/2187 2186/2186/2186
f 2186/2186/2186 2116/2116/2116 2101/2101/2101
f 2071/2071/2071 2191/2191/2191 2190/2190/2190
f 2190/2190/2190 2086/2086/2086 2071/2071/2071
f 2243/2243/2243 2269/2269/2269 2241/2241/2241
f 2173/2173/2173 2195/2195/2195 2194/2194/2194
f 2194/2194/2194 2172/2172/2172 2173/2173/2173
f 2241/2241/2241 2195/2195/2195 2173/2173/2173
f 2196/2196/2196 2195/2195/2195 2241/2241/2241
f 2172/2172/2172 2194/2194/2194 2193/2193/2193
f 2192/2192/2192 2071/2071/2071 2193/2193/2193
f 2191/2191/2191 2071/2071/2071 2192/2192/2192
f 2193/2193/2193 2071/2071/2071 2172/2172/2172
f 2101/2101/2101 2188/2188/2188 2187/2187/2187
f 2131/2131/2131 2183/2183/2183 2182/2182/2182
f 2182/2182/2182 2146/2146/2146 2131/2131/2131
f 2189/2189/2189 2086/2086/2086 2190/2190/2190
f 2185/2185/2185 2116/2116/2116 2186/2186/2186
f 2184/2184/2184 2116/2116/2116 2185/2185/2185
f 2183/2183/2183 2131/2131/2131 2184/2184/2184
f 2116/2116/2116 2184/2184/2184 2131/2131/2131
f 2700/2700/2700 2752/2752/2752 2769/2769/2769
f 2769/2769/2769 2768/2768/2768 2700/2700/2700
f 2701/2701/2701 2807/2807/2807 2810/2810/2810
f 2810/2810/2810 2808/2808/2808 2701/2701/2701
f 2808/2808/2808 2810/2810/2810 2809/2809/2809
f 2809/2809/2809 2751/2751/2751 2808/2808/2808
f 2804/2804/2804 2810/2810/2810 2755/2755/2755
f 2809/2809/2809 2804/2804/2804 2753/2753/2753
f 2810/2810/2810 2804/2804/2804 2809/2809/2809
f 2807/2807/2807 2750/2750/2750 2755/2755/2755
f 2755/2755/2755 2810/2810/2810 2807/2807/2807
f 2765/2765/2765 2809/2809/2809 2753/2753/2753
f 2809/2809/2809 2700/2700/2700 2751/2751/2751
f 2700/2700/2700 2765/2765/2765 2752/2752/2752
f 2765/2765/2765 2700/2700/2700 2809/2809/2809
f 2805/2805/2805 2765/2765/2765 2753/2753/2753
f 2767/2767/2767 2805/2805/2805 2756/2756/2756
f 2765/2765/2765 2805/2805/2805 2767/2767/2767
f 2765/2765/2765 2767/2767/2767 2766/2766/2766
f 2766/2766/2766 2752/2752/2752 2765/2765/2765
f 2803/2803/2803 2775/2775/2775 2757/2757/2757
f 2775/2775/2775 2750/2750/2750 2754/2754/2754
f 2750/2750/2750 2803/2803/2803 2755/2755/2755
f 2803/2803/2803 2750/2750/2750 2775/2775/2775
f 2755/2755/2755 2803/2803/2803 2806/2806/2806
f 2806/2806/2806 2804/2804/2804 2755/2755/2755
f 2804/2804/2804 2806/2806/2806 2805/2805/2805
f 2805/2805/2805 2753/2753/2753 2804/2804/2804
f 2806/2806/2806 2762/2762/2762 2756/2756/2756
f 2756/2756/2756 2805/2805/2805 2806/2806/2806
f 2800/2800/2800 2803/2803/2803 2757/2757/2757
f 2806/2806/2806 2800/2800/2800 2762/2762/2762
f 2803/2803/2803 2800/2800/2800 2806/2806/2806
f 2757/2757/2757 2799/2799/2799 2802/2802/2802
f 2802/2802/2802 2800/2800/2800 2757/2757/2757
f 2800/2800/2800 2802/2802/2802 2801/2801/2801
f 2801/2801/2801 2762/2762/2762 2800/2800/2800
f 2802/2802/2802 2771/2771/2771 2764/2764/2764
f 2764/2764/2764 2801/2801/2801 2802/2802/2802
f 2796/2796/2796 2799/2799/2799 2761/2761/2761
f 2802/2802/2802 2796/2796/2796 2771/2771/2771
f 2799/2799/2799 2796/2796/2796 2802/2802/2802
f 2801/2801/2801 2756/2756/2756 2762/2762/2762
f 2763/2763/2763 2801/2801/2801 2764/2764/2764
f 2756/2756/2756 2801/2801/2801 2763/2763/2763
f 2761/2761/2761 2795/2795/2795 2798/2798/2798
f 2798/2798/2798 2796/2796/2796 2761/2761/2761
f 2796/2796/2796 2798/2798/2798 2797/2797/2797
f 2797/2797/2797 2771/2771/2771 2796/2796/2796
f 2798/2798/2798 2781/2781/2781 2773/2773/2773
f 2773/2773/2773 2797/2797/2797 2798/2798/2798
f 2792/2792/2792 2795/2795/2795 2770/2770/2770
f 2798/2798/2798 2792/2792/2792 2781/2781/2781
f 2795/2795/2795 2792/2792/2792 2798/2798/2798
f 2797/2797/2797 2764/2764/2764 2771/2771/2771
f 2772/2772/2772 2797/2797/2797 2773/2773/2773
f 2764/2764/2764 2797/2797/2797 2772/2772/2772
f 2770/2770/2770 2791/2791/2791 2794/2794/2794
f 2794/2794/2794 2792/2792/2792 2770/2770/2770
f 2792/2792/2792 2794/2794/2794 2793/2793/2793
f 2793/2793/2793 2781/2781/2781 2792/2792/2792
f 2794/2794/2794 2787/2787/2787 2783/2783/2783
f 2783/2783/2783 2793/2793/2793 2794/2794/2794
f 2790/2790/2790 2791/2791/2791 2780/2780/2780
f 2794/2794/2794 2790/2790/2790 2787/2787/2787
f 2791/2791/2791 2790/2790/2790 2794/2794/2794
f 2793/2793/2793 2773/2773/2773 2781/2781/2781
f 2782/2782/2782 2793/2793/2793 2783/2783/2783
f 2773/2773/2773 2793/2793/2793 2782/2782/2782
f 2754/2754/2754 2774/2774/2774 2776/2776/2776
f 2776/2776/2776 2775/2775/2775 2754/2754/2754
f 2799/2799/2799 2785/2785/2785 2761/2761/2761
f 2785/2785/2785 2775/2775/2775 2776/2776/2776
f 2775/2775/2775 2799/2799/2799 2757/2757/2757
f 2799/2799/2799 2775/2775/2775 2785/2785/2785
f 2776/2776/2776 2784/2784/2784 2786/2786/2786
f 2786/2786/2786 2785/2785/2785 2776/2776/2776
f 2795/2795/2795 2789/2789/2789 2770/2770/2770
f 2789/2789/2789 2785/2785/2785 2786/2786/2786
f 2785/2785/2785 2795/2795/2795 2761/2761/2761
f 2795/2795/2795 2785/2785/2785 2789/2789/2789
f 2788/2788/2788 2789/2789/2789 2786/2786/2786
f 2789/2789/2789 2791/2791/2791 2770/2770/2770
f 2791/2791/2791 2789/2789/2789 2780/2780/2780
f 2702/2702/2702 2758/2758/2758 2760/2760/2760
f 2760/2760/2760 2759/2759/2759 2702/2702/2702
f 2807/2807/2807 2778/2778/2778 2750/2750/2750
f 2778/2778/2778 2759/2759/2759 2760/2760/2760
f 2759/2759/2759 2807/2807/2807 2701/2701/2701
f 2807/2807/2807 2759/2759/2759 2778/2778/2778
f 2760/2760/2760 2777/2777/2777 2779/2779/2779
f 2779/2779/2779 2778/2778/2778 2760/2760/2760
f 2778/2778/2778 2779/2779/2779 2754/2754/2754
f 2754/2754/2754 2750/2750/2750 2778/2778/2778
f 2815/2815/2815 2703/2703/2703 2811/2811/2811
f 2812/2812/2812 2815/2815/2815 2813/2813/2813
f 2703/2703/2703 2815/2815/2815 2812/2812/2812
f 2825/2825/2825 2812/2812/2812 2813/2813/2813
f 2702/2702/2702 2825/2825/2825 2758/2758/2758
f 2812/2812/2812 2825/2825/2825 2702/2702/2702
f 2832/2832/2832 2813/2813/2813 2816/2816/2816
f 2825/2825/2825 2832/2832/2832 2827/2827/2827
f 2813/2813/2813 2832/2832/2832 2825/2825/2825
f 2825/2825/2825 2827/2827/2827 2826/2826/2826
f 2826/2826/2826 2758/2758/2758 2825/2825/2825
f 2839/2839/2839 2816/2816/2816 2823/2823/2823
f 2832/2832/2832 2839/2839/2839 2834/2834/2834
f 2816/2816/2816 2839/2839/2839 2832/2832/2832
f 2832/2832/2832 2834/2834/2834 2833/2833/2833
f 2833/2833/2833 2827/2827/2827 2832/2832/2832
f 2823/2823/2823 2830/2830/2830 2841/2841/2841
f 2841/2841/2841 2839/2839/2839 2823/2823/2823
f 2839/2839/2839 2841/2841/2841 2840/2840/2840
f 2840/2840/2840 2834/2834/2834 2839/2839/2839
f 2811/2811/2811 2814/2814/2814 2817/2817/2817
f 2817/2817/2817 2815/2815/2815 2811/2811/2811
f 2822/2822/2822 2815/2815/2815 2817/2817/2817
f 2813/2813/2813 2822/2822/2822 2816/2816/2816
f 2815/2815/2815 2822/2822/2822 2813/2813/2813
f 2817/2817/2817 2821/2821/2821 2824/2824/2824
f 2824/2824/2824 2822/2822/2822 2817/2817/2817
f 2829/2829/2829 2822/2822/2822 2824/2824/2824
f 2816/2816/2816 2829/2829/2829 2823/2823/2823
f 2822/2822/2822 2829/2829/2829 2816/2816/2816
f 2824/2824/2824 2828/2828/2828 2831/2831/2831
f 2831/2831/2831 2829/2829/2829 2824/2824/2824
f 2836/2836/2836 2829/2829/2829 2831/2831/2831
f 2823/2823/2823 2836/2836/2836 2830/2830/2830
f 2829/2829/2829 2836/2836/2836 2823/2823/2823
f 2831/2831/2831 2835/2835/2835 2838/2838/2838
f 2838/2838/2838 2836/2836/2836 2831/2831/2831
f 2836/2836/2836 2838/2838/2838 2837/2837/2837
f 2837/2837/2837 2830/2830/2830 2836/2836/2836
f 2865/2865/2865 2908/2908/2908 2818/2818/2818
f 2908/2908/2908 2819/2819/2819 2704/2704/2704
f 2819/2819/2819 2865/2865/2865 2820/2820/2820
f 2865/2865/2865 2819/2819/2819 2908/2908/2908
f 2819/2819/2819 2820/2820/2820 2811/2811/2811
f 2811/2811/2811 2703/2703/2703 2819/2819/2819
f 2944/2944/2944 2865/2865/2865 2818/2818/2818
f 2867/2867/2867 2944/2944/2944 2847/2847/2847
f 2865/2865/2865 2944/2944/2944 2867/2867/2867
f 2865/2865/2865 2867/2867/2867 2866/2866/2866
f 2866/2866/2866 2820/2820/2820 2865/2865/2865
f 2906/2906/2906 2854/2854/2854 2844/2844/2844
f 2854/2854/2854 2705/2705/2705 2842/2842/2842
f 2705/2705/2705 2906/2906/2906 2843/2843/2843
f 2906/2906/2906 2705/2705/2705 2854/2854/2854
f 2843/2843/2843 2906/2906/2906 2909/2909/2909
f 2909/2909/2909 2907/2907/2907 2843/2843/2843
f 2907/2907/2907 2909/2909/2909 2908/2908/2908
f 2908/2908/2908 2704/2704/2704 2907/2907/2907
f 2943/2943/2943 2909/2909/2909 2846/2846/2846
f 2908/2908/2908 2943/2943/2943 2818/2818/2818
f 2909/2909/2909 2943/2943/2943 2908/2908/2908
f 2903/2903/2903 2906/2906/2906 2844/2844/2844
f 2909/2909/2909 2903/2903/2903 2846/2846/2846
f 2906/2906/2906 2903/2903/2903 2909/2909/2909
f 2844/2844/2844 2902/2902/2902 2905/2905/2905
f 2905/2905/2905 2903/2903/2903 2844/2844/2844
f 2903/2903/2903 2905/2905/2905 2904/2904/2904
f 2904/2904/2904 2846/2846/2846 2903/2903/2903
f 2899/2899/2899 2905/2905/2905 2850/2850/2850
f 2904/2904/2904 2899/2899/2899 2848/2848/2848
f 2905/2905/2905 2899/2899/2899 2904/2904/2904
f 2902/2902/2902 2845/2845/2845 2850/2850/2850
f 2850/2850/2850 2905/2905/2905 2902/2902/2902
f 2846/2846/2846 2904/2904/2904 2945/2945/2945
f 2945/2945/2945 2943/2943/2943 2846/2846/2846
f 2943/2943/2943 2945/2945/2945 2944/2944/2944
f 2944/2944/2944 2818/2818/2818 2943/2943/2943
f 2945/2945/2945 2862/2862/2862 2847/2847/2847
f 2847/2847/2847 2944/2944/2944 2945/2945/2945
f 2940/2940/2940 2904/2904/2904 2848/2848/2848
f 2945/2945/2945 2940/2940/2940 2862/2862/2862
f 2904/2904/2904 2940/2940/2940 2945/2945/2945
f 2848/2848/2848 2900/2900/2900 2942/2942/2942
f 2942/2942/2942 2940/2940/2940 2848/2848/2848
f 2940/2940/2940 2942/2942/2942 2941/2941/2941
f 2941/2941/2941 2862/2862/2862 2940/2940/2940
f 2942/2942/2942 2872/2872/2872 2864/2864/2864
f 2864/2864/2864 2941/2941/2941 2942/2942/2942
f 2937/2937/2937 2900/2900/2900 2851/2851/2851
f 2942/2942/2942 2937/2937/2937 2872/2872/2872
f 2900/2900/2900 2937/2937/2937 2942/2942/2942
f 2941/2941/2941 2847/2847/2847 2862/2862/2862
f 2863/2863/2863 2941/2941/2941 2864/2864/2864
f 2847/2847/2847 2941/2941/2941 2863/2863/2863
f 2851/2851/2851 2896/2896/2896 2939/2939/2939
f 2939/2939/2939 2937/2937/2937 2851/2851/2851
f 2937/2937/2937 2939/2939/2939 2938/2938/2938
f 2938/2938/2938 2872/2872/2872 2937/2937/2937
f 2939/2939/2939 2878/2878/2878 2874/2874/2874
f 2874/2874/2874 2938/2938/2938 2939/2939/2939
f 2934/2934/2934 2896/2896/2896 2860/2860/2860
f 2939/2939/2939 2934/2934/2934 2878/2878/2878
f 2896/2896/2896 2934/2934/2934 2939/2939/2939
f 2938/2938/2938 2864/2864/2864 2872/2872/2872
f 2873/2873/2873 2938/2938/2938 2874/2874/2874
f 2864/2864/2864 2938/2938/2938 2873/2873/2873
f 2860/2860/2860 2892/2892/2892 2936/2936/2936
f 2936/2936/2936 2934/2934/2934 2860/2860/2860
f 2934/2934/2934 2936/2936/2936 2935/2935/2935
f 2935/2935/2935 2878/2878/2878 2934/2934/2934
f 2936/2936/2936 2882/2882/2882 2880/2880/2880
f 2880/2880/2880 2935/2935/2935 2936/2936/2936
f 2931/2931/2931 2892/2892/2892 2870/2870/2870
f 2936/2936/2936 2931/2931/2931 2882/2882/2882
f 2892/2892/2892 2931/2931/2931 2936/2936/2936
f 2935/2935/2935 2874/2874/2874 2878/2878/2878
f 2879/2879/2879 2935/2935/2935 2880/2880/2880
f 2874/2874/2874 2935/2935/2935 2879/2879/2879
f 2870/2870/2870 2888/2888/2888 2933/2933/2933
f 2933/2933/2933 2931/2931/2931 2870/2870/2870
f 2931/2931/2931 2933/2933/2933 2932/2932/2932
f 2932/2932/2932 2882/2882/2882 2931/2931/2931
f 2933/2933/2933 2910/2910/2910 2884/2884/2884
f 2884/2884/2884 2932/2932/2932 2933/2933/2933
f 2929/2929/2929 2933/2933/2933 2888/2888/2888
f 2910/2910/2910 2929/2929/2929 2876/2876/2876
f 2933/2933/2933 2929/2929/2929 2910/2910/2910
f 2932/2932/2932 2880/2880/2880 2882/2882/2882
f 2883/2883/2883 2932/2932/2932 2884/2884/2884
f 2880/2880/2880 2932/2932/2932 2883/2883/2883
f 2898/2898/2898 2922/2922/2922 2852/2852/2852
f 2922/2922/2922 2845/2845/2845 2849/2849/2849
f 2845/2845/2845 2898/2898/2898 2850/2850/2850
f 2898/2898/2898 2845/2845/2845 2922/2922/2922
f 2850/2850/2850 2898/2898/2898 2901/2901/2901
f 2901/2901/2901 2899/2899/2899 2850/2850/2850
f 2899/2899/2899 2901/2901/2901 2900/2900/2900
f 2900/2900/2900 2848/2848/2848 2899/2899/2899
f 2895/2895/2895 2901/2901/2901 2859/2859/2859
f 2900/2900/2900 2895/2895/2895 2851/2851/2851
f 2901/2901/2901 2895/2895/2895 2900/2900/2900
f 2898/2898/2898 2852/2852/2852 2859/2859/2859
f 2859/2859/2859 2901/2901/2901 2898/2898/2898
f 2894/2894/2894 2919/2919/2919 2861/2861/2861
f 2919/2919/2919 2852/2852/2852 2858/2858/2858
f 2852/2852/2852 2894/2894/2894 2859/2859/2859
f 2894/2894/2894 2852/2852/2852 2919/2919/2919
f 2859/2859/2859 2894/2894/2894 2897/2897/2897
f 2897/2897/2897 2895/2895/2895 2859/2859/2859
f 2895/2895/2895 2897/2897/2897 2896/2896/2896
f 2896/2896/2896 2851/2851/2851 2895/2895/2895
f 2891/2891/2891 2897/2897/2897 2869/2869/2869
f 2896/2896/2896 2891/2891/2891 2860/2860/2860
f 2897/2897/2897 2891/2891/2891 2896/2896/2896
f 2894/2894/2894 2861/2861/2861 2869/2869/2869
f 2869/2869/2869 2897/2897/2897 2894/2894/2894
f 2890/2890/2890 2916/2916/2916 2871/2871/2871
f 2916/2916/2916 2861/2861/2861 2868/2868/2868
f 2861/2861/2861 2890/2890/2890 2869/2869/2869
f 2890/2890/2890 2861/2861/2861 2916/2916/2916
f 2869/2869/2869 2890/2890/2890 2893/2893/2893
f 2893/2893/2893 2891/2891/2891 2869/2869/2869
f 2891/2891/2891 2893/2893/2893 2892/2892/2892
f 2892/2892/2892 2860/2860/2860 2891/2891/2891
f 2887/2887/2887 2893/2893/2893 2875/2875/2875
f 2892/2892/2892 2887/2887/2887 2870/2870/2870
f 2893/2893/2893 2887/2887/2887 2892/2892/2892
f 2890/2890/2890 2871/2871/2871 2875/2875/2875
f 2875/2875/2875 2893/2893/2893 2890/2890/2890
f 2871/2871/2871 2886/2886/2886 2875/2875/2875
f 2886/2886/2886 2871/2871/2871 2877/2877/2877
f 2875/2875/2875 2886/2886/2886 2889/2889/2889
f 2889/2889/2889 2887/2887/2887 2875/2875/2875
f 2928/2928/2928 2887/2887/2887 2889/2889/2889
f 2870/2870/2870 2928/2928/2928 2888/2888/2888
f 2887/2887/2887 2928/2928/2928 2870/2870/2870
f 2889/2889/2889 2927/2927/2927 2930/2930/2930
f 2930/2930/2930 2928/2928/2928 2889/2889/2889
f 2928/2928/2928 2930/2930/2930 2929/2929/2929
f 2929/2929/2929 2888/2888/2888 2928/2928/2928
f 2930/2930/2930 2885/2885/2885 2876/2876/2876
f 2876/2876/2876 2929/2929/2929 2930/2930/2930
f 2912/2912/2912 2927/2927/2927 2881/2881/2881
f 2930/2930/2930 2912/2912/2912 2885/2885/2885
f 2927/2927/2927 2912/2912/2912 2930/2930/2930
f 2927/2927/2927 2915/2915/2915 2881/2881/2881
f 2915/2915/2915 2886/2886/2886 2877/2877/2877
f 2886/2886/2886 2927/2927/2927 2889/2889/2889
f 2927/2927/2927 2886/2886/2886 2915/2915/2915
f 2881/2881/2881 2911/2911/2911 2914/2914/2914
f 2914/2914/2914 2912/2912/2912 2881/2881/2881
f 2912/2912/2912 2914/2914/2914 2913/2913/2913
f 2913/2913/2913 2885/2885/2885 2912/2912/2912
f 2868/2868/2868 2917/2917/2917 2916/2916/2916
f 2917/2917/2917 2871/2871/2871 2916/2916/2916
f 2858/2858/2858 2918/2918/2918 2920/2920/2920
f 2920/2920/2920 2919/2919/2919 2858/2858/2858
f 2919/2919/2919 2920/2920/2920 2868/2868/2868
f 2868/2868/2868 2861/2861/2861 2919/2919/2919
f 2849/2849/2849 2921/2921/2921 2923/2923/2923
f 2923/2923/2923 2922/2922/2922 2849/2849/2849
f 2922/2922/2922 2923/2923/2923 2858/2858/2858
f 2858/2858/2858 2852/2852/2852 2922/2922/2922
f 2969/2969/2969 2842/2842/2842 2853/2853/2853
f 2854/2854/2854 2969/2969/2969 2855/2855/2855
f 2842/2842/2842 2969/2969/2969 2854/2854/2854
f 2902/2902/2902 2925/2925/2925 2845/2845/2845
f 2925/2925/2925 2854/2854/2854 2855/2855/2855
f 2854/2854/2854 2902/2902/2902 2844/2844/2844
f 2902/2902/2902 2854/2854/2854 2925/2925/2925
f 2855/2855/2855 2924/2924/2924 2926/2926/2926
f 2926/2926/2926 2925/2925/2925 2855/2855/2855
f 2925/2925/2925 2926/2926/2926 2849/2849/2849
f 2849/2849/2849 2845/2845/2845 2925/2925/2925
f 2853/2853/2853 2951/2951/2951 2970/2970/2970
f 2970/2970/2970 2969/2969/2969 2853/2853/2853
f 2969/2969/2969 2970/2970/2970 2924/2924/2924
f 2924/2924/2924 2855/2855/2855 2969/2969/2969
f 2947/2947/2947 2856/2856/2856 2857/2857/2857
f 2705/2705/2705 2947/2947/2947 2842/2842/2842
f 2856/2856/2856 2947/2947/2947 2705/2705/2705
f 2958/2958/2958 2857/2857/2857 2946/2946/2946
f 2947/2947/2947 2958/2958/2958 2948/2948/2948
f 2857/2857/2857 2958/2958/2958 2947/2947/2947
f 2950/2950/2950 2947/2947/2947 2948/2948/2948
f 2842/2842/2842 2950/2950/2950 2853/2853/2853
f 2947/2947/2947 2950/2950/2950 2842/2842/2842
f 2954/2954/2954 2948/2948/2948 2949/2949/2949
f 2950/2950/2950 2954/2954/2954 2952/2952/2952
f 2948/2948/2948 2954/2954/2954 2950/2950/2950
f 2966/2966/2966 2950/2950/2950 2952/2952/2952
f 2853/2853/2853 2966/2966/2966 2951/2951/2951
f 2950/2950/2950 2966/2966/2966 2853/2853/2853
f 2974/2974/2974 2952/2952/2952 2955/2955/2955
f 2966/2966/2966 2974/2974/2974 2968/2968/2968
f 2952/2952/2952 2974/2974/2974 2966/2966/2966
f 2966/2966/2966 2968/2968/2968 2967/2967/2967
f 2967/2967/2967 2951/2951/2951 2966/2966/2966
f 2978/2978/2978 2955/2955/2955 2964/2964/2964
f 2974/2974/2974 2978/2978/2978 2976/2976/2976
f 2955/2955/2955 2978/2978/2978 2974/2974/2974
f 2974/2974/2974 2976/2976/2976 2975/2975/2975
f 2975/2975/2975 2968/2968/2968 2974/2974/2974
f 2964/2964/2964 2972/2972/2972 2980/2980/2980
f 2980/2980/2980 2978/2978/2978 2964/2964/2964
f 2978/2978/2978 2980/2980/2980 2979/2979/2979
f 2979/2979/2979 2976/2976/2976 2978/2978/2978
f 2949/2949/2949 2953/2953/2953 2956/2956/2956
f 2956/2956/2956 2954/2954/2954 2949/2949/2949
f 2963/2963/2963 2954/2954/2954 2956/2956/2956
f 2952/2952/2952 2963/2963/2963 2955/2955/2955
f 2954/2954/2954 2963/2963/2963 2952/2952/2952
f 2956/2956/2956 2962/2962/2962 2965/2965/2965
f 2965/2965/2965 2963/2963/2963 2956/2956/2956
f 2971/2971/2971 2963/2963/2963 2965/2965/2965
f 2955/2955/2955 2971/2971/2971 2964/2964/2964
f 2963/2963/2963 2971/2971/2971 2955/2955/2955
f 2965/2965/2965 2973/2973/2973 2971/2971/2971
f 2977/2977/2977 2971/2971/2971 2973/2973/2973
f 2964/2964/2964 2977/2977/2977 2972/2972/2972
f 2971/2971/2971 2977/2977/2977 2964/2964/2964
f 2946/2946/2946 2957/2957/2957 2959/2959/2959
f 2959/2959/2959 2958/2958/2958 2946/2946/2946
f 2958/2958/2958 2959/2959/2959 2949/2949/2949
f 2949/2949/2949 2948/2948/2948 2958/2958/2958
f 2960/2960/2960 2961/2961/2961 2946/2946/2946
f 2946/2946/2946 2857/2857/2857 2960/2960/2960
f 2782/2782/2782 2710/2710/2710 2709/2709/2709
f 2708/2708/2708 2707/2707/2707 2769/2769/2769
f 2766/2766/2766 2709/2709/2709 2708/2708/2708
f 2789/2789/2789 2715/2715/2715 2714/2714/2714
f 2790/2790/2790 2713/2713/2713 2712/2712/2712
f 2790/2790/2790 2712/2712/2712 2711/2711/2711
f 2713/2713/2713 2780/2780/2780 2714/2714/2714
f 2787/2787/2787 2711/2711/2711 2710/2710/2710
f 2710/2710/2710 2782/2782/2782 2783/2783/2783
f 2782/2782/2782 2772/2772/2772 2773/2773/2773
f 2709/2709/2709 2772/2772/2772 2782/2782/2782
f 2711/2711/2711 2787/2787/2787 2790/2790/2790
f 2780/2780/2780 2789/2789/2789 2714/2714/2714
f 2788/2788/2788 2715/2715/2715 2789/2789/2789
f 2780/2780/2780 2713/2713/2713 2790/2790/2790
f 2787/2787/2787 2710/2710/2710 2783/2783/2783
f 2788/2788/2788 2716/2716/2716 2715/2715/2715
f 2709/2709/2709 2763/2763/2763 2772/2772/2772
f 2838/2838/2838 2724/2724/2724 2723/2723/2723
f 2837/2837/2837 2722/2722/2722 2721/2721/2721
f 2722/2722/2722 2838/2838/2838 2723/2723/2723
f 2727/2727/2727 2726/2726/2726 2821/2821/2821
f 2726/2726/2726 2725/2725/2725 2828/2828/2828
f 2831/2831/2831 2725/2725/2725 2835/2835/2835
f 2728/2728/2728 2727/2727/2727 2814/2814/2814
f 2835/2835/2835 2725/2725/2725 2724/2724/2724
f 2717/2717/2717 2716/2716/2716 2784/2784/2784
f 2716/2716/2716 2786/2786/2786 2784/2784/2784
f 2788/2788/2788 2786/2786/2786 2716/2716/2716
f 2718/2718/2718 2717/2717/2717 2774/2774/2774
f 2720/2720/2720 2719/2719/2719 2826/2826/2826
f 2721/2721/2721 2841/2841/2841 2837/2837/2837
f 2720/2720/2720 2840/2840/2840 2721/2721/2721
f 2838/2838/2838 2722/2722/2722 2837/2837/2837
f 2838/2838/2838 2835/2835/2835 2724/2724/2724
f 2779/2779/2779 2719/2719/2719 2718/2718/2718
f 2729/2729/2729 2728/2728/2728 2866/2866/2866
f 2766/2766/2766 2767/2767/2767 2709/2709/2709
f 2763/2763/2763 2709/2709/2709 2767/2767/2767
f 2763/2763/2763 2767/2767/2767 2756/2756/2756
f 2772/2772/2772 2763/2763/2763 2764/2764/2764
f 2717/2717/2717 2784/2784/2784 2776/2776/2776
f 2779/2779/2779 2774/2774/2774 2754/2754/2754
f 2719/2719/2719 2779/2779/2779 2777/2777/2777
f 2768/2768/2768 2769/2769/2769 2983/2983/2983
f 2983/2983/2983 2769/2769/2769 2707/2707/2707
f 2983/2983/2983 2982/2982/2982 2768/2768/2768
f 2718/2718/2718 2774/2774/2774 2779/2779/2779
f 2760/2760/2760 2758/2758/2758 2826/2826/2826
f 2826/2826/2826 2777/2777/2777 2760/2760/2760
f 2826/2826/2826 2719/2719/2719 2777/2777/2777
f 2766/2766/2766 2769/2769/2769 2752/2752/2752
f 2774/2774/2774 2717/2717/2717 2776/2776/2776
f 2766/2766/2766 2708/2708/2708 2769/2769/2769
f 2721/2721/2721 2840/2840/2840 2841/2841/2841
f 2840/2840/2840 2833/2833/2833 2834/2834/2834
f 2826/2826/2826 2833/2833/2833 2720/2720/2720
f 2824/2824/2824 2821/2821/2821 2828/2828/2828
f 2821/2821/2821 2726/2726/2726 2828/2828/2828
f 2828/2828/2828 2725/2725/2725 2831/2831/2831
f 2830/2830/2830 2837/2837/2837 2841/2841/2841
f 2817/2817/2817 2814/2814/2814 2821/2821/2821
f 2866/2866/2866 2867/2867/2867 2729/2729/2729
f 2727/2727/2727 2821/2821/2821 2814/2814/2814
f 2866/2866/2866 2814/2814/2814 2811/2811/2811
f 2811/2811/2811 2820/2820/2820 2866/2866/2866
f 2847/2847/2847 2863/2863/2863 2867/2867/2867
f 2728/2728/2728 2814/2814/2814 2866/2866/2866
f 2729/2729/2729 2867/2867/2867 2863/2863/2863
f 2833/2833/2833 2826/2826/2826 2827/2827/2827
f 2720/2720/2720 2833/2833/2833 2840/2840/2840
f 2863/2863/2863 2873/2873/2873 2729/2729/2729
f 2914/2914/2914 2731/2731/2731 2730/2730/2730
f 2730/2730/2730 2913/2913/2913 2914/2914/2914
f 2914/2914/2914 2732/2732/2732 2731/2731/2731
f 2876/2876/2876 2913/2913/2913 2730/2730/2730
f 2877/2877/2877 2735/2735/2735 2734/2734/2734
f 2733/2733/2733 2732/2732/2732 2911/2911/2911
f 2734/2734/2734 2733/2733/2733 2911/2911/2911
f 2914/2914/2914 2911/2911/2911 2732/2732/2732
f 2735/2735/2735 2877/2877/2877 2871/2871/2871
f 2884/2884/2884 2730/2730/2730 2883/2883/2883
f 2876/2876/2876 2730/2730/2730 2910/2910/2910
f 2884/2884/2884 2910/2910/2910 2730/2730/2730
f 2913/2913/2913 2876/2876/2876 2885/2885/2885
f 2911/2911/2911 2881/2881/2881 2915/2915/2915
f 2734/2734/2734 2911/2911/2911 2915/2915/2915
f 2915/2915/2915 2877/2877/2877 2734/2734/2734
f 2736/2736/2736 2735/2735/2735 2871/2871/2871
f 2729/2729/2729 2883/2883/2883 2730/2730/2730
f 2743/2743/2743 2742/2742/2742 2973/2973/2973
f 2977/2977/2977 2742/2742/2742 2741/2741/2741
f 2977/2977/2977 2973/2973/2973 2742/2742/2742
f 2748/2748/2748 2747/2747/2747 2957/2957/2957
f 2746/2746/2746 2745/2745/2745 2962/2962/2962
f 2745/2745/2745 2744/2744/2744 2962/2962/2962
f 2953/2953/2953 2747/2747/2747 2746/2746/2746
f 2744/2744/2744 2743/2743/2743 2973/2973/2973
f 2738/2738/2738 2737/2737/2737 2920/2920/2920
f 2737/2737/2737 2917/2917/2917 2868/2868/2868
f 2736/2736/2736 2917/2917/2917 2737/2737/2737
f 2739/2739/2739 2738/2738/2738 2921/2921/2921
f 2980/2980/2980 2740/2740/2740 2979/2979/2979
f 2739/2739/2739 2979/2979/2979 2740/2740/2740
f 2740/2740/2740 2980/2980/2980 2972/2972/2972
f 2741/2741/2741 2740/2740/2740 2972/2972/2972
f 2972/2972/2972 2977/2977/2977 2741/2741/2741
f 2979/2979/2979 2739/2739/2739 2975/2975/2975
f 2961/2961/2961 2749/2749/2749 2748/2748/2748
f 2917/2917/2917 2736/2736/2736 2871/2871/2871
f 2880/2880/2880 2883/2883/2883 2879/2879/2879
f 2879/2879/2879 2873/2873/2873 2874/2874/2874
f 2729/2729/2729 2873/2873/2873 2879/2879/2879
f 2918/2918/2918 2738/2738/2738 2920/2920/2920
f 2923/2923/2923 2918/2918/2918 2858/2858/2858
f 2868/2868/2868 2920/2920/2920 2737/2737/2737
f 2738/2738/2738 2918/2918/2918 2923/2923/2923
f 2849/2849/2849 2926/2926/2926 2921/2921/2921
f 2739/2739/2739 2926/2926/2926 2924/2924/2924
f 2926/2926/2926 2739/2739/2739 2921/2921/2921
f 2970/2970/2970 2739/2739/2739 2924/2924/2924
f 2970/2970/2970 2951/2951/2951 2967/2967/2967
f 2739/2739/2739 2970/2970/2970 2967/2967/2967
f 2923/2923/2923 2921/2921/2921 2738/2738/2738
f 2873/2873/2873 2863/2863/2863 2864/2864/2864
f 2976/2976/2976 2979/2979/2979 2975/2975/2975
f 2975/2975/2975 2967/2967/2967 2968/2968/2968
f 2965/2965/2965 2744/2744/2744 2973/2973/2973
f 2956/2956/2956 2953/2953/2953 2962/2962/2962
f 2953/2953/2953 2746/2746/2746 2962/2962/2962
f 2744/2744/2744 2965/2965/2965 2962/2962/2962
f 2739/2739/2739 2967/2967/2967 2975/2975/2975
f 2953/2953/2953 2949/2949/2949 2959/2959/2959
f 2961/2961/2961 2957/2957/2957 2946/2946/2946
f 2959/2959/2959 2747/2747/2747 2953/2953/2953
f 2857/2857/2857 2856/2856/2856 2960/2960/2960
f 2981/2981/2981 2961/2961/2961 2960/2960/2960
f 2856/2856/2856 2706/2706/2706 2960/2960/2960
f 2981/2981/2981 2960/2960/2960 2706/2706/2706
f 2981/2981/2981 2749/2749/2749 2961/2961/2961
f 2961/2961/2961 2748/2748/2748 2957/2957/2957
f 2957/2957/2957 2747/2747/2747 2959/2959/2959
f 2729/2729/2729 2879/2879/2879 2883/2883/2883
f 3041/3041/3041 2985/2985/2985 3029/3029/3029
f 3035/3035/3035 3041/3041/3041 3036/3036/3036
f 2985/2985/2985 3041/3041/3041 3035/3035/3035
f 3048/3048/3048 3029/3029/3029 3033/3033/3033
f 3041/3041/3041 3048/3048/3048 3043/3043/3043
f 3029/3029/3029 3048/3048/3048 3041/3041/3041
f 3041/3041/3041 3043/3043/3043 3042/3042/3042
f 3042/3042/3042 3036/3036/3036 3041/3041/3041
f 3055/3055/3055 3033/3033/3033 3039/3039/3039
f 3048/3048/3048 3055/3055/3055 3050/3050/3050
f 3033/3033/3033 3055/3055/3055 3048/3048/3048
f 3048/3048/3048 3050/3050/3050 3049/3049/3049
f 3049/3049/3049 3043/3043/3043 3048/3048/3048
f 3062/3062/3062 3039/3039/3039 3046/3046/3046
f 3055/3055/3055 3062/3062/3062 3057/3057/3057
f 3039/3039/3039 3062/3062/3062 3055/3055/3055
f 3055/3055/3055 3057/3057/3057 3056/3056/3056
f 3056/3056/3056 3050/3050/3050 3055/3055/3055
f 3066/3066/3066 3046/3046/3046 3053/3053/3053
f 3062/3062/3062 3066/3066/3066 3064/3064/3064
f 3046/3046/3046 3066/3066/3066 3062/3062/3062
f 3062/3062/3062 3064/3064/3064 3063/3063/3063
f 3063/3063/3063 3057/3057/3057 3062/3062/3062
f 3053/3053/3053 3060/3060/3060 3068/3068/3068
f 3068/3068/3068 3066/3066/3066 3053/3053/3053
f 3066/3066/3066 3068/3068/3068 3067/3067/3067
f 3067/3067/3067 3064/3064/3064 3066/3066/3066
f 2986/2986/2986 3128/3128/3128 3131/3131/3131
f 3131/3131/3131 3129/3129/3129 2986/2986/2986
f 3129/3129/3129 3131/3131/3131 3130/3130/3130
f 3130/3130/3130 3028/3028/3028 3129/3129/3129
f 3131/3131/3131 3070/3070/3070 3030/3030/3030
f 3030/3030/3030 3130/3130/3130 3131/3131/3131
f 3125/3125/3125 3128/3128/3128 3027/3027/3027
f 3131/3131/3131 3125/3125/3125 3070/3070/3070
f 3128/3128/3128 3125/3125/3125 3131/3131/3131
f 3032/3032/3032 3130/3130/3130 3030/3030/3030
f 3130/3130/3130 2985/2985/2985 3028/3028/3028
f 2985/2985/2985 3032/3032/3032 3029/3029/3029
f 3032/3032/3032 2985/2985/2985 3130/3130/3130
f 3030/3030/3030 3031/3031/3031 3034/3034/3034
f 3034/3034/3034 3032/3032/3032 3030/3030/3030
f 3038/3038/3038 3032/3032/3032 3034/3034/3034
f 3029/3029/3029 3038/3038/3038 3033/3033/3033
f 3032/3032/3032 3038/3038/3038 3029/3029/3029
f 3034/3034/3034 3037/3037/3037 3040/3040/3040
f 3040/3040/3040 3038/3038/3038 3034/3034/3034
f 3045/3045/3045 3038/3038/3038 3040/3040/3040
f 3033/3033/3033 3045/3045/3045 3039/3039/3039
f 3038/3038/3038 3045/3045/3045 3033/3033/3033
f 3040/3040/3040 3044/3044/3044 3047/3047/3047
f 3047/3047/3047 3045/3045/3045 3040/3040/3040
f 3052/3052/3052 3045/3045/3045 3047/3047/3047
f 3039/3039/3039 3052/3052/3052 3046/3046/3046
f 3045/3045/3045 3052/3052/3052 3039/3039/3039
f 3047/3047/3047 3051/3051/3051 3054/3054/3054
f 3054/3054/3054 3052/3052/3052 3047/3047/3047
f 3059/3059/3059 3052/3052/3052 3054/3054/3054
f 3046/3046/3046 3059/3059/3059 3053/3053/3053
f 3052/3052/3052 3059/3059/3059 3046/3046/3046
f 3054/3054/3054 3058/3058/3058 3061/3061/3061
f 3061/3061/3061 3059/3059/3059 3054/3054/3054
f 3065/3065/3065 3059/3059/3059 3061/3061/3061
f 3053/3053/3053 3065/3065/3065 3060/3060/3060
f 3059/3059/3059 3065/3065/3065 3053/3053/3053
f 3027/3027/3027 3124/3124/3124 3127/3127/3127
f 3127/3127/3127 3125/3125/3125 3027/3027/3027
f 3125/3125/3125 3127/3127/3127 3126/3126/3126
f 3126/3126/3126 3070/3070/3070 3125/3125/3125
f 3127/3127/3127 3076/3076/3076 3071/3071/3071
f 3071/3071/3071 3126/3126/3126 3127/3127/3127
f 3121/3121/3121 3124/3124/3124 3069/3069/3069
f 3127/3127/3127 3121/3121/3121 3076/3076/3076
f 3124/3124/3124 3121/3121/3121 3127/3127/3127
f 3126/3126/3126 3030/3030/3030 3070/3070/3070
f 3031/3031/3031 3126/3126/3126 3071/3071/3071
f 3030/3030/3030 3126/3126/3126 3031/3031/3031
f 3069/3069/3069 3120/3120/3120 3123/3123/3123
f 3123/3123/3123 3121/3121/3121 3069/3069/3069
f 3121/3121/3121 3123/3123/3123 3122/3122/3122
f 3122/3122/3122 3076/3076/3076 3121/3121/3121
f 3123/3123/3123 3083/3083/3083 3078/3078/3078
f 3078/3078/3078 3122/3122/3122 3123/3123/3123
f 3117/3117/3117 3120/3120/3120 3075/3075/3075
f 3123/3123/3123 3117/3117/3117 3083/3083/3083
f 3120/3120/3120 3117/3117/3117 3123/3123/3123
f 3122/3122/3122 3071/3071/3071 3076/3076/3076
f 3077/3077/3077 3122/3122/3122 3078/3078/3078
f 3071/3071/3071 3122/3122/3122 3077/3077/3077
f 3075/3075/3075 3116/3116/3116 3119/3119/3119
f 3119/3119/3119 3117/3117/3117 3075/3075/3075
f 3117/3117/3117 3119/3119/3119 3118/3118/3118
f 3118/3118/3118 3083/3083/3083 3117/3117/3117
f 3119/3119/3119 3090/3090/3090 3085/3085/3085
f 3085/3085/3085 3118/3118/3118 3119/3119/3119
f 3113/3113/3113 3116/3116/3116 3082/3082/3082
f 3119/3119/3119 3113/3113/3113 3090/3090/3090
f 3116/3116/3116 3113/3113/3113 3119/3119/3119
f 3118/3118/3118 3078/3078/3078 3083/3083/3083
f 3084/3084/3084 3118/3118/3118 3085/3085/3085
f 3078/3078/3078 3118/3118/3118 3084/3084/3084
f 3082/3082/3082 3112/3112/3112 3115/3115/3115
f 3115/3115/3115 3113/3113/3113 3082/3082/3082
f 3113/3113/3113 3115/3115/3115 3114/3114/3114
f 3114/3114/3114 3090/3090/3090 3113/3113/3113
f 3115/3115/3115 3097/3097/3097 3092/3092/3092
f 3092/3092/3092 3114/3114/3114 3115/3115/3115
f 3109/3109/3109 3112/3112/3112 3089/3089/3089
f 3115/3115/3115 3109/3109/3109 3097/3097/3097
f 3112/3112/3112 3109/3109/3109 3115/3115/3115
f 3114/3114/3114 3085/3085/3085 3090/3090/3090
f 3091/3091/3091 3114/3114/3114 3092/3092/3092
f 3085/3085/3085 3114/3114/3114 3091/3091/3091
f 3089/3089/3089 3108/3108/3108 3111/3111/3111
f 3111/3111/3111 3109/3109/3109 3089/3089/3089
f 3109/3109/3109 3111/3111/3111 3110/3110/3110
f 3110/3110/3110 3097/3097/3097 3109/3109/3109
f 3111/3111/3111 3103/3103/3103 3099/3099/3099
f 3099/3099/3099 3110/3110/3110 3111/3111/3111
f 3106/3106/3106 3108/3108/3108 3096/3096/3096
f 3111/3111/3111 3106/3106/3106 3103/3103/3103
f 3108/3108/3108 3106/3106/3106 3111/3111/3111
f 3110/3110/3110 3092/3092/3092 3097/3097/3097
f 3098/3098/3098 3110/3110/3110 3099/3099/3099
f 3092/3092/3092 3110/3110/3110 3098/3098/3098
f 3148/3148/3148 3072/3072/3072 3074/3074/3074
f 2987/2987/2987 3148/3148/3148 3073/3073/3073
f 3072/3072/3072 3148/3148/3148 2987/2987/2987
f 3073/3073/3073 3148/3148/3148 3150/3150/3150
f 3150/3150/3150 3149/3149/3149 3073/3073/3073
f 3149/3149/3149 3150/3150/3150 3128/3128/3128
f 3128/3128/3128 2986/2986/2986 3149/3149/3149
f 3146/3146/3146 3150/3150/3150 3080/3080/3080
f 3128/3128/3128 3146/3146/3146 3027/3027/3027
f 3150/3150/3150 3146/3146/3146 3128/3128/3128
f 3148/3148/3148 3074/3074/3074 3080/3080/3080
f 3080/3080/3080 3150/3150/3150 3148/3148/3148
f 3145/3145/3145 3079/3079/3079 3081/3081/3081
f 3074/3074/3074 3145/3145/3145 3080/3080/3080
f 3079/3079/3079 3145/3145/3145 3074/3074/3074
f 3080/3080/3080 3145/3145/3145 3147/3147/3147
f 3147/3147/3147 3146/3146/3146 3080/3080/3080
f 3146/3146/3146 3147/3147/3147 3124/3124/3124
f 3124/3124/3124 3027/3027/3027 3146/3146/3146
f 3143/3143/3143 3147/3147/3147 3087/3087/3087
f 3124/3124/3124 3143/3143/3143 3069/3069/3069
f 3147/3147/3147 3143/3143/3143 3124/3124/3124
f 3145/3145/3145 3081/3081/3081 3087/3087/3087
f 3087/3087/3087 3147/3147/3147 3145/3145/3145
f 3142/3142/3142 3086/3086/3086 3088/3088/3088
f 3081/3081/3081 3142/3142/3142 3087/3087/3087
f 3086/3086/3086 3142/3142/3142 3081/3081/3081
f 3087/3087/3087 3142/3142/3142 3144/3144/3144
f 3144/3144/3144 3143/3143/3143 3087/3087/3087
f 3143/3143/3143 3144/3144/3144 3120/3120/3120
f 3120/3120/3120 3069/3069/3069 3143/3143/3143
f 3140/3140/3140 3144/3144/3144 3094/3094/3094
f 3120/3120/3120 3140/3140/3140 3075/3075/3075
f 3144/3144/3144 3140/3140/3140 3120/3120/3120
f 3142/3142/3142 3088/3088/3088 3094/3094/3094
f 3094/3094/3094 3144/3144/3144 3142/3142/3142
f 3139/3139/3139 3093/3093/3093 3095/3095/3095
f 3088/3088/3088 3139/3139/3139 3094/3094/3094
f 3093/3093/3093 3139/3139/3139 3088/3088/3088
f 3094/3094/3094 3139/3139/3139 3141/3141/3141
f 3141/3141/3141 3140/3140/3140 3094/3094/3094
f 3140/3140/3140 3141/3141/3141 3116/3116/3116
f 3116/3116/3116 3075/3075/3075 3140/3140/3140
f 3137/3137/3137 3141/3141/3141 3101/3101/3101
f 3116/3116/3116 3137/3137/3137 3082/3082/3082
f 3141/3141/3141 3137/3137/3137 3116/3116/3116
f 3139/3139/3139 3095/3095/3095 3101/3101/3101
f 3101/3101/3101 3141/3141/3141 3139/3139/3139
f 3136/3136/3136 3100/3100/3100 3102/3102/3102
f 3095/3095/3095 3136/3136/3136 3101/3101/3101
f 3100/3100/3100 3136/3136/3136 3095/3095/3095
f 3101/3101/3101 3136/3136/3136 3138/3138/3138
f 3138/3138/3138 3137/3137/3137 3101/3101/3101
f 3137/3137/3137 3138/3138/3138 3112/3112/3112
f 3112/3112/3112 3082/3082/3082 3137/3137/3137
f 3134/3134/3134 3138/3138/3138 3104/3104/3104
f 3112/3112/3112 3134/3134/3134 3089/3089/3089
f 3138/3138/3138 3134/3134/3134 3112/3112/3112
f 3136/3136/3136 3102/3102/3102 3104/3104/3104
f 3104/3104/3104 3138/3138/3138 3136/3136/3136
f 3102/3102/3102 3133/3133/3133 3104/3104/3104
f 3133/3133/3133 3102/3102/3102 3105/3105/3105
f 3104/3104/3104 3133/3133/3133 3135/3135/3135
f 3135/3135/3135 3134/3134/3134 3104/3104/3104
f 3134/3134/3134 3135/3135/3135 3108/3108/3108
f 3108/3108/3108 3089/3089/3089 3134/3134/3134
f 3132/3132/3132 3135/3135/3135 3107/3107/3107
f 3108/3108/3108 3132/3132/3132 3096/3096/3096
f 3135/3135/3135 3132/3132/3132 3108/3108/3108
f 3133/3133/3133 3105/3105/3105 3107/3107/3107
f 3107/3107/3107 3135/3135/3135 3133/3133/3133
f 3155/3155/3155 2988/2988/2988 3151/3151/3151
f 3152/3152/3152 3155/3155/3155 3153/3153/3153
f 2988/2988/2988 3155/3155/3155 3152/3152/3152
f 3152/3152/3152 3153/3153/3153 3072/3072/3072
f 3072/3072/3072 2987/2987/2987 3152/3152/3152
f 3162/3162/3162 3151/3151/3151 3154/3154/3154
f 3155/3155/3155 3162/3162/3162 3157/3157/3157
f 3151/3151/3151 3162/3162/3162 3155/3155/3155
f 3155/3155/3155 3157/3157/3157 3156/3156/3156
f 3156/3156/3156 3153/3153/3153 3155/3155/3155
f 3169/3169/3169 3154/3154/3154 3161/3161/3161
f 3162/3162/3162 3169/3169/3169 3164/3164/3164
f 3154/3154/3154 3169/3169/3169 3162/3162/3162
f 3162/3162/3162 3164/3164/3164 3163/3163/3163
f 3163/3163/3163 3157/3157/3157 3162/3162/3162
f 3161/3161/3161 3168/3168/3168 3171/3171/3171
f 3171/3171/3171 3169/3169/3169 3161/3161/3161
f 3169/3169/3169 3171/3171/3171 3170/3170/3170
f 3170/3170/3170 3164/3164/3164 3169/3169/3169
f 2989/2989/2989 3158/3158/3158 3160/3160/3160
f 3160/3160/3160 3159/3159/3159 2989/2989/2989
f 3166/3166/3166 3159/3159/3159 3160/3160/3160
f 2988/2988/2988 3166/3166/3166 3151/3151/3151
f 3159/3159/3159 3166/3166/3166 2988/2988/2988
f 3160/3160/3160 3165/3165/3165 3167/3167/3167
f 3167/3167/3167 3166/3166/3166 3160/3160/3160
f 3173/3173/3173 3166/3166/3166 3167/3167/3167
f 3151/3151/3151 3173/3173/3173 3154/3154/3154
f 3166/3166/3166 3173/3173/3173 3151/3151/3151
f 3167/3167/3167 3172/3172/3172 3174/3174/3174
f 3174/3174/3174 3173/3173/3173 3167/3167/3167
f 3176/3176/3176 3173/3173/3173 3174/3174/3174
f 3154/3154/3154 3176/3176/3176 3161/3161/3161
f 3173/3173/3173 3176/3176/3176 3154/3154/3154
f 3174/3174/3174 3175/3175/3175 3177/3177/3177
f 3177/3177/3177 3176/3176/3176 3174/3174/3174
f 3176/3176/3176 3177/3177/3177 3168/3168/3168
f 3168/3168/3168 3161/3161/3161 3176/3176/3176
f 3067/3067/3067 2994/2994/2994 2993/2993/2993
f 2993/2993/2993 2992/2992/2992 3042/3042/3042
f 2996/2996/2996 2995/2995/2995 3065/3065/3065
f 2994/2994/2994 3065/3065/3065 2995/2995/2995
f 2997/2997/2997 2996/2996/2996 3061/3061/3061
f 3068/3068/3068 2994/2994/2994 3067/3067/3067
f 3060/3060/3060 2994/2994/2994 3068/3068/3068
f 3065/3065/3065 3061/3061/3061 2996/2996/2996
f 2994/2994/2994 3060/3060/3060 3065/3065/3065
f 3058/3058/3058 2997/2997/2997 3061/3061/3061
f 3054/3054/3054 2998/2998/2998 3058/3058/3058
f 2997/2997/2997 3058/3058/3058 2998/2998/2998
f 3067/3067/3067 2993/2993/2993 3063/3063/3063
f 2999/2999/2999 3044/3044/3044 3000/3000/3000
f 3000/3000/3000 3037/3037/3037 3001/3001/3001
f 3003/3003/3003 3002/3002/3002 3098/3098/3098
f 3002/3002/3002 3001/3001/3001 3031/3031/3031
f 3004/3004/3004 3003/3003/3003 3106/3106/3106
f 3099/3099/3099 3003/3003/3003 3098/3098/3098
f 3103/3103/3103 3003/3003/3003 3099/3099/3099
f 3106/3106/3106 3096/3096/3096 3004/3004/3004
f 3003/3003/3003 3103/3103/3103 3106/3106/3106
f 3005/3005/3005 3096/3096/3096 3132/3132/3132
f 3132/3132/3132 3006/3006/3006 3005/3005/3005
f 3096/3096/3096 3005/3005/3005 3004/3004/3004
f 3051/3051/3051 2999/2999/2999 2998/2998/2998
f 3098/3098/3098 3002/3002/3002 3091/3091/3091
f 3049/3049/3049 3050/3050/3050 3056/3056/3056
f 2993/2993/2993 3042/3042/3042 3049/3049/3049
f 2993/2993/2993 3056/3056/3056 3063/3063/3063
f 3063/3063/3063 3056/3056/3056 3057/3057/3057
f 3064/3064/3064 3067/3067/3067 3063/3063/3063
f 2984/2984/2984 3035/3035/3035 3036/3036/3036
f 3036/3036/3036 3178/3178/3178 2984/2984/2984
f 3178/3178/3178 3036/3036/3036 3042/3042/3042
f 3042/3042/3042 2992/2992/2992 3178/3178/3178
f 3043/3043/3043 3049/3049/3049 3042/3042/3042
f 3056/3056/3056 2993/2993/2993 3049/3049/3049
f 3047/3047/3047 3044/3044/3044 3051/3051/3051
f 3044/3044/3044 2999/2999/2999 3051/3051/3051
f 3098/3098/3098 3091/3091/3091 3092/3092/3092
f 3091/3091/3091 3084/3084/3084 3085/3085/3085
f 3077/3077/3077 3084/3084/3084 3002/3002/3002
f 3002/3002/3002 3084/3084/3084 3091/3091/3091
f 3044/3044/3044 3037/3037/3037 3000/3000/3000
f 3044/3044/3044 3040/3040/3040 3037/3037/3037
f 3031/3031/3031 3037/3037/3037 3034/3034/3034
f 3084/3084/3084 3077/3077/3077 3078/3078/3078
f 3077/3077/3077 3031/3031/3031 3071/3071/3071
f 3001/3001/3001 3037/3037/3037 3031/3031/3031
f 3002/3002/3002 3031/3031/3031 3077/3077/3077
f 3051/3051/3051 2998/2998/2998 3054/3054/3054
f 3007/3007/3007 3006/3006/3006 3107/3107/3107
f 3007/3007/3007 3105/3105/3105 3008/3008/3008
f 3010/3010/3010 3009/3009/3009 3100/3100/3100
f 3100/3100/3100 3009/3009/3009 3008/3008/3008
f 3011/3011/3011 3010/3010/3010 3093/3093/3093
f 3105/3105/3105 3007/3007/3007 3107/3107/3107
f 3102/3102/3102 3008/3008/3008 3105/3105/3105
f 3100/3100/3100 3093/3093/3093 3010/3010/3010
f 3100/3100/3100 3008/3008/3008 3102/3102/3102
f 3100/3100/3100 3095/3095/3095 3093/3093/3093
f 3012/3012/3012 3011/3011/3011 3086/3086/3086
f 3011/3011/3011 3093/3093/3093 3086/3086/3086
f 3132/3132/3132 3107/3107/3107 3006/3006/3006
f 3015/3015/3015 3014/3014/3014 3168/3168/3168
f 3170/3170/3170 3014/3014/3014 3013/3013/3013
f 3177/3177/3177 3017/3017/3017 3016/3016/3016
f 3017/3017/3017 3175/3175/3175 3018/3018/3018
f 3016/3016/3016 3015/3015/3015 3168/3168/3168
f 3018/3018/3018 3172/3172/3172 3019/3019/3019
f 3021/3021/3021 3020/3020/3020 3158/3158/3158
f 3020/3020/3020 3019/3019/3019 3165/3165/3165
f 3023/3023/3023 3022/3022/3022 2990/2990/2990
f 3025/3025/3025 3024/3024/3024 2991/2991/2991
f 3024/3024/3024 3023/3023/3023 2991/2991/2991
f 3022/3022/3022 3021/3021/3021 2990/2990/2990
f 3079/3079/3079 3013/3013/3013 3012/3012/3012
f 3026/3026/3026 3025/3025/3025 3179/3179/3179
f 3086/3086/3086 3093/3093/3093 3088/3088/3088
f 3156/3156/3156 3163/3163/3163 3013/3013/3013
f 3156/3156/3156 3013/3013/3013 3072/3072/3072
f 3014/3014/3014 3170/3170/3170 3171/3171/3171
f 3163/3163/3163 3164/3164/3164 3170/3170/3170
f 3013/3013/3013 3163/3163/3163 3170/3170/3170
f 3086/3086/3086 3081/3081/3081 3079/3079/3079
f 3072/3072/3072 3079/3079/3079 3074/3074/3074
f 3163/3163/3163 3156/3156/3156 3157/3157/3157
f 3156/3156/3156 3072/3072/3072 3153/3153/3153
f 3013/3013/3013 3079/3079/3079 3072/3072/3072
f 3079/3079/3079 3012/3012/3012 3086/3086/3086
f 3016/3016/3016 3168/3168/3168 3177/3177/3177
f 3017/3017/3017 3177/3177/3177 3175/3175/3175
f 3175/3175/3175 3174/3174/3174 3172/3172/3172
f 3172/3172/3172 3167/3167/3167 3165/3165/3165
f 3172/3172/3172 3165/3165/3165 3019/3019/3019
f 3175/3175/3175 3172/3172/3172 3018/3018/3018
f 3165/3165/3165 3160/3160/3160 3158/3158/3158
f 2990/2990/2990 3158/3158/3158 2989/2989/2989
f 3158/3158/3158 2990/2990/2990 3021/3021/3021
f 2990/2990/2990 2991/2991/2991 3023/3023/3023
f 3179/3179/3179 2991/2991/2991 3180/3180/3180
f 3158/3158/3158 3020/3020/3020 3165/3165/3165
f 2991/2991/2991 3179/3179/3179 3025/3025/3025
f 3168/3168/3168 3014/3014/3014 3171/3171/3171
f 3220/3220/3220 3316/3316/3316 3197/3197/3197
f 3316/3316/3316 3182/3182/3182 3195/3195/3195
f 3182/3182/3182 3220/3220/3220 3196/3196/3196
f 3220/3220/3220 3182/3182/3182 3316/3316/3316
f 3196/3196/3196 3220/3220/3220 3222/3222/3222
f 3222/3222/3222 3221/3221/3221 3196/3196/3196
f 3220/3220/3220 3197/3197/3197 3199/3199/3199
f 3199/3199/3199 3222/3222/3222 3220/3220/3220
f 3217/3217/3217 3198/3198/3198 3200/3200/3200
f 3197/3197/3197 3217/3217/3217 3199/3199/3199
f 3198/3198/3198 3217/3217/3217 3197/3197/3197
f 3199/3199/3199 3217/3217/3217 3219/3219/3219
f 3219/3219/3219 3218/3218/3218 3199/3199/3199
f 3217/3217/3217 3200/3200/3200 3202/3202/3202
f 3202/3202/3202 3219/3219/3219 3217/3217/3217
f 3214/3214/3214 3201/3201/3201 3203/3203/3203
f 3200/3200/3200 3214/3214/3214 3202/3202/3202
f 3201/3201/3201 3214/3214/3214 3200/3200/3200
f 3202/3202/3202 3214/3214/3214 3216/3216/3216
f 3216/3216/3216 3215/3215/3215 3202/3202/3202
f 3214/3214/3214 3203/3203/3203 3205/3205/3205
f 3205/3205/3205 3216/3216/3216 3214/3214/3214
f 3211/3211/3211 3204/3204/3204 3206/3206/3206
f 3203/3203/3203 3211/3211/3211 3205/3205/3205
f 3204/3204/3204 3211/3211/3211 3203/3203/3203
f 3205/3205/3205 3211/3211/3211 3213/3213/3213
f 3213/3213/3213 3212/3212/3212 3205/3205/3205
f 3213/3213/3213 3236/3236/3236 3238/3238/3238
f 3238/3238/3238 3237/3237/3237 3213/3213/3213
f 3236/3236/3236 3207/3207/3207 3209/3209/3209
f 3209/3209/3209 3238/3238/3238 3236/3236/3236
f 3236/3236/3236 3206/3206/3206 3207/3207/3207
f 3211/3211/3211 3236/3236/3236 3213/3213/3213
f 3206/3206/3206 3236/3236/3236 3211/3211/3211
f 3233/3233/3233 3208/3208/3208 3210/3210/3210
f 3207/3207/3207 3233/3233/3233 3209/3209/3209
f 3208/3208/3208 3233/3233/3233 3207/3207/3207
f 3209/3209/3209 3233/3233/3233 3235/3235/3235
f 3235/3235/3235 3234/3234/3234 3209/3209/3209
f 3233/3233/3233 3210/3210/3210 3224/3224/3224
f 3224/3224/3224 3235/3235/3235 3233/3233/3233
f 3230/3230/3230 3223/3223/3223 3225/3225/3225
f 3210/3210/3210 3230/3230/3230 3224/3224/3224
f 3223/3223/3223 3230/3230/3230 3210/3210/3210
f 3224/3224/3224 3230/3230/3230 3232/3232/3232
f 3232/3232/3232 3231/3231/3231 3224/3224/3224
f 3230/3230/3230 3225/3225/3225 3226/3226/3226
f 3226/3226/3226 3232/3232/3232 3230/3230/3230
f 3226/3226/3226 3227/3227/3227 3229/3229/3229
f 3229/3229/3229 3228/3228/3228 3226/3226/3226
f 3229/3229/3229 3239/3239/3239 3241/3241/3241
f 3241/3241/3241 3240/3240/3240 3229/3229/3229
f 3321/3321/3321 3195/3195/3195 3310/3310/3310
f 3316/3316/3316 3321/3321/3321 3317/3317/3317
f 3195/3195/3195 3321/3321/3321 3316/3316/3316
f 3316/3316/3316 3317/3317/3317 3198/3198/3198
f 3198/3198/3198 3197/3197/3197 3316/3316/3316
f 3325/3325/3325 3310/3310/3310 3314/3314/3314
f 3321/3321/3321 3325/3325/3325 3323/3323/3323
f 3310/3310/3310 3325/3325/3325 3321/3321/3321
f 3321/3321/3321 3323/3323/3323 3322/3322/3322
f 3322/3322/3322 3317/3317/3317 3321/3321/3321
f 3314/3314/3314 3319/3319/3319 3327/3327/3327
f 3327/3327/3327 3325/3325/3325 3314/3314/3314
f 3325/3325/3325 3327/3327/3327 3326/3326/3326
f 3326/3326/3326 3323/3323/3323 3325/3325/3325
f 3183/3183/3183 3305/3305/3305 3307/3307/3307
f 3307/3307/3307 3306/3306/3306 3183/3183/3183
f 3309/3309/3309 3306/3306/3306 3307/3307/3307
f 3182/3182/3182 3309/3309/3309 3195/3195/3195
f 3306/3306/3306 3309/3309/3309 3182/3182/3182
f 3307/3307/3307 3308/3308/3308 3311/3311/3311
f 3311/3311/3311 3309/3309/3309 3307/3307/3307
f 3313/3313/3313 3309/3309/3309 3311/3311/3311
f 3195/3195/3195 3313/3313/3313 3310/3310/3310
f 3309/3309/3309 3313/3313/3313 3195/3195/3195
f 3311/3311/3311 3312/3312/3312 3315/3315/3315
f 3315/3315/3315 3313/3313/3313 3311/3311/3311
f 3318/3318/3318 3313/3313/3313 3315/3315/3315
f 3310/3310/3310 3318/3318/3318 3314/3314/3314
f 3313/3313/3313 3318/3318/3318 3310/3310/3310
f 3315/3315/3315 3320/3320/3320 3318/3318/3318
f 3324/3324/3324 3318/3318/3318 3320/3320/3320
f 3314/3314/3314 3324/3324/3324 3319/3319/3319
f 3318/3318/3318 3324/3324/3324 3314/3314/3314
f 3184/3184/3184 3328/3328/3328 3330/3330/3330
f 3330/3330/3330 3329/3329/3329 3184/3184/3184
f 3329/3329/3329 3330/3330/3330 3305/3305/3305
f 3305/3305/3305 3183/3183/3183 3329/3329/3329
f 3345/3345/3345 3384/3384/3384 3333/3333/3333
f 3384/3384/3384 3339/3339/3339 3185/3185/3185
f 3339/3339/3339 3345/3345/3345 3340/3340/3340
f 3345/3345/3345 3339/3339/3339 3384/3384/3384
f 3339/3339/3339 3340/3340/3340 3328/3328/3328
f 3328/3328/3328 3184/3184/3184 3339/3339/3339
f 3352/3352/3352 3380/3380/3380 3337/3337/3337
f 3380/3380/3380 3345/3345/3345 3333/3333/3333
f 3345/3345/3345 3352/3352/3352 3347/3347/3347
f 3352/3352/3352 3345/3345/3345 3380/3380/3380
f 3345/3345/3345 3347/3347/3347 3346/3346/3346
f 3346/3346/3346 3340/3340/3340 3345/3345/3345
f 3358/3358/3358 3376/3376/3376 3343/3343/3343
f 3376/3376/3376 3352/3352/3352 3337/3337/3337
f 3352/3352/3352 3358/3358/3358 3354/3354/3354
f 3358/3358/3358 3352/3352/3352 3376/3376/3376
f 3352/3352/3352 3354/3354/3354 3353/3353/3353
f 3353/3353/3353 3347/3347/3347 3352/3352/3352
f 3362/3362/3362 3372/3372/3372 3350/3350/3350
f 3372/3372/3372 3358/3358/3358 3343/3343/3343
f 3358/3358/3358 3362/3362/3362 3360/3360/3360
f 3362/3362/3362 3358/3358/3358 3372/3372/3372
f 3358/3358/3358 3360/3360/3360 3359/3359/3359
f 3359/3359/3359 3354/3354/3354 3358/3358/3358
f 3386/3386/3386 3368/3368/3368 3356/3356/3356
f 3368/3368/3368 3362/3362/3362 3350/3350/3350
f 3362/3362/3362 3386/3386/3386 3364/3364/3364
f 3386/3386/3386 3362/3362/3362 3368/3368/3368
f 3362/3362/3362 3364/3364/3364 3363/3363/3363
f 3363/3363/3363 3360/3360/3360 3362/3362/3362
f 3382/3382/3382 3398/3398/3398 3334/3334/3334
f 3398/3398/3398 3186/3186/3186 3331/3331/3331
f 3186/3186/3186 3382/3382/3382 3332/3332/3332
f 3382/3382/3382 3186/3186/3186 3398/3398/3398
f 3332/3332/3332 3382/3382/3382 3385/3385/3385
f 3385/3385/3385 3383/3383/3383 3332/3332/3332
f 3383/3383/3383 3385/3385/3385 3384/3384/3384
f 3384/3384/3384 3185/3185/3185 3383/3383/3383
f 3379/3379/3379 3385/3385/3385 3336/3336/3336
f 3384/3384/3384 3379/3379/3379 3333/3333/3333
f 3385/3385/3385 3379/3379/3379 3384/3384/3384
f 3382/3382/3382 3334/3334/3334 3336/3336/3336
f 3336/3336/3336 3385/3385/3385 3382/3382/3382
f 3378/3378/3378 3335/3335/3335 3338/3338/3338
f 3334/3334/3334 3378/3378/3378 3336/3336/3336
f 3335/3335/3335 3378/3378/3378 3334/3334/3334
f 3336/3336/3336 3378/3378/3378 3381/3381/3381
f 3381/3381/3381 3379/3379/3379 3336/3336/3336
f 3379/3379/3379 3381/3381/3381 3380/3380/3380
f 3380/3380/3380 3333/3333/3333 3379/3379/3379
f 3375/3375/3375 3381/3381/3381 3342/3342/3342
f 3380/3380/3380 3375/3375/3375 3337/3337/3337
f 3381/3381/3381 3375/3375/3375 3380/3380/3380
f 3378/3378/3378 3338/3338/3338 3342/3342/3342
f 3342/3342/3342 3381/3381/3381 3378/3378/3378
f 3374/3374/3374 3341/3341/3341 3344/3344/3344
f 3338/3338/3338 3374/3374/3374 3342/3342/3342
f 3341/3341/3341 3374/3374/3374 3338/3338/3338
f 3342/3342/3342 3374/3374/3374 3377/3377/3377
f 3377/3377/3377 3375/3375/3375 3342/3342/3342
f 3375/3375/3375 3377/3377/3377 3376/3376/3376
f 3376/3376/3376 3337/3337/3337 3375/3375/3375
f 3371/3371/3371 3377/3377/3377 3349/3349/3349
f 3376/3376/3376 3371/3371/3371 3343/3343/3343
f 3377/3377/3377 3371/3371/3371 3376/3376/3376
f 3374/3374/3374 3344/3344/3344 3349/3349/3349
f 3349/3349/3349 3377/3377/3377 3374/3374/3374
f 3370/3370/3370 3348/3348/3348 3351/3351/3351
f 3344/3344/3344 3370/3370/3370 3349/3349/3349
f 3348/3348/3348 3370/3370/3370 3344/3344/3344
f 3349/3349/3349 3370/3370/3370 3373/3373/3373
f 3373/3373/3373 3371/3371/3371 3349/3349/3349
f 3371/3371/3371 3373/3373/3373 3372/3372/3372
f 3372/3372/3372 3343/3343/3343 3371/3371/3371
f 3367/3367/3367 3373/3373/3373 3355/3355/3355
f 3372/3372/3372 3367/3367/3367 3350/3350/3350
f 3373/3373/3373 3367/3367/3367 3372/3372/3372
f 3370/3370/3370 3351/3351/3351 3355/3355/3355
f 3355/3355/3355 3373/3373/3373 3370/3370/3370
f 3355/3355/3355 3366/3366/3366 3369/3369/3369
f 3369/3369/3369 3367/3367/3367 3355/3355/3355
f 3367/3367/3367 3369/3369/3369 3368/3368/3368
f 3368/3368/3368 3350/3350/3350 3367/3367/3367
f 3365/3365/3365 3369/3369/3369 3361/3361/3361
f 3368/3368/3368 3365/3365/3365 3356/3356/3356
f 3369/3369/3369 3365/3365/3365 3368/3368/3368
f 3366/3366/3366 3357/3357/3357 3361/3361/3361
f 3361/3361/3361 3369/3369/3369 3366/3366/3366
f 3331/3331/3331 3392/3392/3392 3399/3399/3399
f 3399/3399/3399 3398/3398/3398 3331/3331/3331
f 3398/3398/3398 3399/3399/3399 3335/3335/3335
f 3335/3335/3335 3334/3334/3334 3398/3398/3398
f 3187/3187/3187 3463/3463/3463 3466/3466/3466
f 3466/3466/3466 3464/3464/3464 3187/3187/3187
f 3464/3464/3464 3466/3466/3466 3465/3465/3465
f 3465/3465/3465 3388/3388/3388 3464/3464/3464
f 3466/3466/3466 3404/3404/3404 3389/3389/3389
f 3389/3389/3389 3465/3465/3465 3466/3466/3466
f 3460/3460/3460 3463/3463/3463 3387/3387/3387
f 3466/3466/3466 3460/3460/3460 3404/3404/3404
f 3463/3463/3463 3460/3460/3460 3466/3466/3466
f 3391/3391/3391 3465/3465/3465 3389/3389/3389
f 3465/3465/3465 3186/3186/3186 3388/3388/3388
f 3186/3186/3186 3391/3391/3391 3331/3331/3331
f 3391/3391/3391 3186/3186/3186 3465/3465/3465
f 3401/3401/3401 3389/3389/3389 3390/3390/3390
f 3391/3391/3391 3401/3401/3401 3393/3393/3393
f 3389/3389/3389 3401/3401/3401 3391/3391/3391
f 3395/3395/3395 3391/3391/3391 3393/3393/3393
f 3331/3331/3331 3395/3395/3395 3392/3392/3392
f 3391/3391/3391 3395/3395/3395 3331/3331/3331
f 3393/3393/3393 3394/3394/3394 3397/3397/3397
f 3397/3397/3397 3395/3395/3395 3393/3393/3393
f 3395/3395/3395 3397/3397/3397 3396/3396/3396
f 3396/3396/3396 3392/3392/3392 3395/3395/3395
f 3414/3414/3414 3390/3390/3390 3400/3400/3400
f 3401/3401/3401 3414/3414/3414 3402/3402/3402
f 3390/3390/3390 3414/3414/3414 3401/3401/3401
f 3410/3410/3410 3401/3401/3401 3402/3402/3402
f 3393/3393/3393 3410/3410/3410 3394/3394/3394
f 3401/3401/3401 3410/3410/3410 3393/3393/3393
f 3402/3402/3402 3409/3409/3409 3412/3412/3412
f 3412/3412/3412 3410/3410/3410 3402/3402/3402
f 3410/3410/3410 3412/3412/3412 3411/3411/3411
f 3411/3411/3411 3394/3394/3394 3410/3410/3410
f 3400/3400/3400 3413/3413/3413 3415/3415/3415
f 3415/3415/3415 3414/3414/3414 3400/3400/3400
f 3414/3414/3414 3415/3415/3415 3409/3409/3409
f 3409/3409/3409 3402/3402/3402 3414/3414/3414
f 3387/3387/3387 3459/3459/3459 3462/3462/3462
f 3462/3462/3462 3460/3460/3460 3387/3387/3387
f 3460/3460/3460 3462/3462/3462 3461/3461/3461
f 3461/3461/3461 3404/3404/3404 3460/3460/3460
f 3462/3462/3462 3420/3420/3420 3405/3405/3405
f 3405/3405/3405 3461/3461/3461 3462/3462/3462
f 3456/3456/3456 3459/3459/3459 3403/3403/3403
f 3462/3462/3462 3456/3456/3456 3420/3420/3420
f 3459/3459/3459 3456/3456/3456 3462/3462/3462
f 3417/3417/3417 3461/3461/3461 3405/3405/3405
f 3461/3461/3461 3389/3389/3389 3404/3404/3404
f 3389/3389/3389 3417/3417/3417 3390/3390/3390
f 3417/3417/3417 3389/3389/3389 3461/3461/3461
f 3405/3405/3405 3416/3416/3416 3418/3418/3418
f 3418/3418/3418 3417/3417/3417 3405/3405/3405
f 3417/3417/3417 3418/3418/3418 3400/3400/3400
f 3400/3400/3400 3390/3390/3390 3417/3417/3417
f 3403/3403/3403 3455/3455/3455 3458/3458/3458
f 3458/3458/3458 3456/3456/3456 3403/3403/3403
f 3456/3456/3456 3458/3458/3458 3457/3457/3457
f 3457/3457/3457 3420/3420/3420 3456/3456/3456
f 3458/3458/3458 3426/3426/3426 3421/3421/3421
f 3421/3421/3421 3457/3457/3457 3458/3458/3458
f 3452/3452/3452 3455/3455/3455 3419/3419/3419
f 3458/3458/3458 3452/3452/3452 3426/3426/3426
f 3455/3455/3455 3452/3452/3452 3458/3458/3458
f 3457/3457/3457 3405/3405/3405 3420/3420/3420
f 3416/3416/3416 3457/3457/3457 3421/3421/3421
f 3405/3405/3405 3457/3457/3457 3416/3416/3416
f 3419/3419/3419 3451/3451/3451 3454/3454/3454
f 3454/3454/3454 3452/3452/3452 3419/3419/3419
f 3452/3452/3452 3454/3454/3454 3453/3453/3453
f 3453/3453/3453 3426/3426/3426 3452/3452/3452
f 3454/3454/3454 3433/3433/3433 3428/3428/3428
f 3428/3428/3428 3453/3453/3453 3454/3454/3454
f 3448/3448/3448 3451/3451/3451 3425/3425/3425
f 3454/3454/3454 3448/3448/3448 3433/3433/3433
f 3451/3451/3451 3448/3448/3448 3454/3454/3454
f 3453/3453/3453 3421/3421/3421 3426/3426/3426
f 3427/3427/3427 3453/3453/3453 3428/3428/3428
f 3421/3421/3421 3453/3453/3453 3427/3427/3427
f 3425/3425/3425 3447/3447/3447 3450/3450/3450
f 3450/3450/3450 3448/3448/3448 3425/3425/3425
f 3448/3448/3448 3450/3450/3450 3449/3449/3449
f 3449/3449/3449 3433/3433/3433 3448/3448/3448
f 3450/3450/3450 3439/3439/3439 3435/3435/3435
f 3435/3435/3435 3449/3449/3449 3450/3450/3450
f 3443/3443/3443 3447/3447/3447 3432/3432/3432
f 3450/3450/3450 3443/3443/3443 3439/3439/3439
f 3447/3447/3447 3443/3443/3443 3450/3450/3450
f 3449/3449/3449 3428/3428/3428 3433/3433/3433
f 3434/3434/3434 3449/3449/3449 3435/3435/3435
f 3428/3428/3428 3449/3449/3449 3434/3434/3434
f 3432/3432/3432 3442/3442/3442 3445/3445/3445
f 3445/3445/3445 3443/3443/3443 3432/3432/3432
f 3443/3443/3443 3445/3445/3445 3444/3444/3444
f 3444/3444/3444 3439/3439/3439 3443/3443/3443
f 3188/3188/3188 3548/3548/3548 3550/3550/3550
f 3550/3550/3550 3549/3549/3549 3188/3188/3188
f 3549/3549/3549 3550/3550/3550 3482/3482/3482
f 3482/3482/3482 3407/3407/3407 3549/3549/3549
f 3546/3546/3546 3550/3550/3550 3492/3492/3492
f 3482/3482/3482 3546/3546/3546 3408/3408/3408
f 3550/3550/3550 3546/3546/3546 3482/3482/3482
f 3548/3548/3548 3406/3406/3406 3492/3492/3492
f 3492/3492/3492 3550/3550/3550 3548/3548/3548
f 3407/3407/3407 3482/3482/3482 3484/3484/3484
f 3484/3484/3484 3483/3483/3483 3407/3407/3407
f 3483/3483/3483 3484/3484/3484 3463/3463/3463
f 3463/3463/3463 3187/3187/3187 3483/3483/3483
f 3480/3480/3480 3484/3484/3484 3423/3423/3423
f 3463/3463/3463 3480/3480/3480 3387/3387/3387
f 3484/3484/3484 3480/3480/3480 3463/3463/3463
f 3531/3531/3531 3482/3482/3482 3408/3408/3408
f 3484/3484/3484 3531/3531/3531 3423/3423/3423
f 3482/3482/3482 3531/3531/3531 3484/3484/3484
f 3408/3408/3408 3530/3530/3530 3532/3532/3532
f 3532/3532/3532 3531/3531/3531 3408/3408/3408
f 3531/3531/3531 3532/3532/3532 3479/3479/3479
f 3479/3479/3479 3423/3423/3423 3531/3531/3531
f 3532/3532/3532 3489/3489/3489 3424/3424/3424
f 3424/3424/3424 3479/3479/3479 3532/3532/3532
f 3527/3527/3527 3530/3530/3530 3422/3422/3422
f 3532/3532/3532 3527/3527/3527 3489/3489/3489
f 3530/3530/3530 3527/3527/3527 3532/3532/3532
f 3423/3423/3423 3479/3479/3479 3481/3481/3481
f 3481/3481/3481 3480/3480/3480 3423/3423/3423
f 3480/3480/3480 3481/3481/3481 3459/3459/3459
f 3459/3459/3459 3387/3387/3387 3480/3480/3480
f 3477/3477/3477 3481/3481/3481 3430/3430/3430
f 3459/3459/3459 3477/3477/3477 3403/3403/3403
f 3481/3481/3481 3477/3477/3477 3459/3459/3459
f 3479/3479/3479 3424/3424/3424 3430/3430/3430
f 3430/3430/3430 3481/3481/3481 3479/3479/3479
f 3476/3476/3476 3429/3429/3429 3431/3431/3431
f 3424/3424/3424 3476/3476/3476 3430/3430/3430
f 3429/3429/3429 3476/3476/3476 3424/3424/3424
f 3430/3430/3430 3476/3476/3476 3478/3478/3478
f 3478/3478/3478 3477/3477/3477 3430/3430/3430
f 3477/3477/3477 3478/3478/3478 3455/3455/3455
f 3455/3455/3455 3403/3403/3403 3477/3477/3477
f 3474/3474/3474 3478/3478/3478 3437/3437/3437
f 3455/3455/3455 3474/3474/3474 3419/3419/3419
f 3478/3478/3478 3474/3474/3474 3455/3455/3455
f 3476/3476/3476 3431/3431/3431 3437/3437/3437
f 3437/3437/3437 3478/3478/3478 3476/3476/3476
f 3473/3473/3473 3436/3436/3436 3438/3438/3438
f 3431/3431/3431 3473/3473/3473 3437/3437/3437
f 3436/3436/3436 3473/3473/3473 3431/3431/3431
f 3437/3437/3437 3473/3473/3473 3475/3475/3475
f 3475/3475/3475 3474/3474/3474 3437/3437/3437
f 3474/3474/3474 3475/3475/3475 3451/3451/3451
f 3451/3451/3451 3419/3419/3419 3474/3474/3474
f 3471/3471/3471 3475/3475/3475 3440/3440/3440
f 3451/3451/3451 3471/3471/3471 3425/3425/3425
f 3475/3475/3475 3471/3471/3471 3451/3451/3451
f 3473/3473/3473 3438/3438/3438 3440/3440/3440
f 3440/3440/3440 3475/3475/3475 3473/3473/3473
f 3438/3438/3438 3470/3470/3470 3440/3440/3440
f 3470/3470/3470 3438/3438/3438 3441/3441/3441
f 3440/3440/3440 3470/3470/3470 3472/3472/3472
f 3472/3472/3472 3471/3471/3471 3440/3440/3440
f 3471/3471/3471 3472/3472/3472 3447/3447/3447
f 3447/3447/3447 3425/3425/3425 3471/3471/3471
f 3468/3468/3468 3472/3472/3472 3446/3446/3446
f 3447/3447/3447 3468/3468/3468 3432/3432/3432
f 3472/3472/3472 3468/3468/3468 3447/3447/3447
f 3470/3470/3470 3441/3441/3441 3446/3446/3446
f 3446/3446/3446 3472/3472/3472 3470/3470/3470
f 3446/3446/3446 3467/3467/3467 3469/3469/3469
f 3469/3469/3469 3468/3468/3468 3446/3446/3446
f 3486/3486/3486 3468/3468/3468 3469/3469/3469
f 3432/3432/3432 3486/3486/3486 3442/3442/3442
f 3468/3468/3468 3486/3486/3486 3432/3432/3432
f 3469/3469/3469 3485/3485/3485 3487/3487/3487
f 3487/3487/3487 3486/3486/3486 3469/3469/3469
f 3487/3487/3487 3442/3442/3442 3486/3486/3486
f 3422/3422/3422 3526/3526/3526 3529/3529/3529
f 3529/3529/3529 3527/3527/3527 3422/3422/3422
f 3527/3527/3527 3529/3529/3529 3528/3528/3528
f 3528/3528/3528 3489/3489/3489 3527/3527/3527
f 3529/3529/3529 3497/3497/3497 3490/3490/3490
f 3490/3490/3490 3528/3528/3528 3529/3529/3529
f 3523/3523/3523 3526/3526/3526 3488/3488/3488
f 3529/3529/3529 3523/3523/3523 3497/3497/3497
f 3526/3526/3526 3523/3523/3523 3529/3529/3529
f 3528/3528/3528 3424/3424/3424 3489/3489/3489
f 3429/3429/3429 3528/3528/3528 3490/3490/3490
f 3424/3424/3424 3528/3528/3528 3429/3429/3429
f 3488/3488/3488 3522/3522/3522 3525/3525/3525
f 3525/3525/3525 3523/3523/3523 3488/3488/3488
f 3523/3523/3523 3525/3525/3525 3524/3524/3524
f 3524/3524/3524 3497/3497/3497 3523/3523/3523
f 3525/3525/3525 3504/3504/3504 3499/3499/3499
f 3499/3499/3499 3524/3524/3524 3525/3525/3525
f 3519/3519/3519 3522/3522/3522 3496/3496/3496
f 3525/3525/3525 3519/3519/3519 3504/3504/3504
f 3522/3522/3522 3519/3519/3519 3525/3525/3525
f 3524/3524/3524 3490/3490/3490 3497/3497/3497
f 3498/3498/3498 3524/3524/3524 3499/3499/3499
f 3490/3490/3490 3524/3524/3524 3498/3498/3498
f 3496/3496/3496 3518/3518/3518 3521/3521/3521
f 3521/3521/3521 3519/3519/3519 3496/3496/3496
f 3519/3519/3519 3521/3521/3521 3520/3520/3520
f 3520/3520/3520 3504/3504/3504 3519/3519/3519
f 3521/3521/3521 3510/3510/3510 3506/3506/3506
f 3506/3506/3506 3520/3520/3520 3521/3521/3521
f 3514/3514/3514 3518/3518/3518 3503/3503/3503
f 3521/3521/3521 3514/3514/3514 3510/3510/3510
f 3518/3518/3518 3514/3514/3514 3521/3521/3521
f 3520/3520/3520 3499/3499/3499 3504/3504/3504
f 3505/3505/3505 3520/3520/3520 3506/3506/3506
f 3499/3499/3499 3520/3520/3520 3505/3505/3505
f 3503/3503/3503 3513/3513/3513 3516/3516/3516
f 3516/3516/3516 3514/3514/3514 3503/3503/3503
f 3514/3514/3514 3516/3516/3516 3515/3515/3515
f 3515/3515/3515 3510/3510/3510 3514/3514/3514
f 3545/3545/3545 3552/3552/3552 3493/3493/3493
f 3552/3552/3552 3406/3406/3406 3491/3491/3491
f 3406/3406/3406 3545/3545/3545 3492/3492/3492
f 3545/3545/3545 3406/3406/3406 3552/3552/3552
f 3492/3492/3492 3545/3545/3545 3547/3547/3547
f 3547/3547/3547 3546/3546/3546 3492/3492/3492
f 3546/3546/3546 3547/3547/3547 3530/3530/3530
f 3530/3530/3530 3408/3408/3408 3546/3546/3546
f 3543/3543/3543 3547/3547/3547 3501/3501/3501
f 3530/3530/3530 3543/3543/3543 3422/3422/3422
f 3547/3547/3547 3543/3543/3543 3530/3530/3530
f 3545/3545/3545 3493/3493/3493 3501/3501/3501
f 3501/3501/3501 3547/3547/3547 3545/3545/3545
f 3542/3542/3542 3500/3500/3500 3502/3502/3502
f 3493/3493/3493 3542/3542/3542 3501/3501/3501
f 3500/3500/3500 3542/3542/3542 3493/3493/3493
f 3501/3501/3501 3542/3542/3542 3544/3544/3544
f 3544/3544/3544 3543/3543/3543 3501/3501/3501
f 3543/3543/3543 3544/3544/3544 3526/3526/3526
f 3526/3526/3526 3422/3422/3422 3543/3543/3543
f 3540/3540/3540 3544/3544/3544 3508/3508/3508
f 3526/3526/3526 3540/3540/3540 3488/3488/3488
f 3544/3544/3544 3540/3540/3540 3526/3526/3526
f 3542/3542/3542 3502/3502/3502 3508/3508/3508
f 3508/3508/3508 3544/3544/3544 3542/3542/3542
f 3539/3539/3539 3507/3507/3507 3509/3509/3509
f 3502/3502/3502 3539/3539/3539 3508/3508/3508
f 3507/3507/3507 3539/3539/3539 3502/3502/3502
f 3508/3508/3508 3539/3539/3539 3541/3541/3541
f 3541/3541/3541 3540/3540/3540 3508/3508/3508
f 3540/3540/3540 3541/3541/3541 3522/3522/3522
f 3522/3522/3522 3488/3488/3488 3540/3540/3540
f 3537/3537/3537 3541/3541/3541 3511/3511/3511
f 3522/3522/3522 3537/3537/3537 3496/3496/3496
f 3541/3541/3541 3537/3537/3537 3522/3522/3522
f 3539/3539/3539 3509/3509/3509 3511/3511/3511
f 3511/3511/3511 3541/3541/3541 3539/3539/3539
f 3509/3509/3509 3536/3536/3536 3511/3511/3511
f 3536/3536/3536 3509/3509/3509 3512/3512/3512
f 3511/3511/3511 3536/3536/3536 3538/3538/3538
f 3538/3538/3538 3537/3537/3537 3511/3511/3511
f 3537/3537/3537 3538/3538/3538 3518/3518/3518
f 3518/3518/3518 3496/3496/3496 3537/3537/3537
f 3534/3534/3534 3538/3538/3538 3517/3517/3517
f 3518/3518/3518 3534/3534/3534 3503/3503/3503
f 3538/3538/3538 3534/3534/3534 3518/3518/3518
f 3536/3536/3536 3512/3512/3512 3517/3517/3517
f 3517/3517/3517 3538/3538/3538 3536/3536/3536
f 3517/3517/3517 3533/3533/3533 3535/3535/3535
f 3535/3535/3535 3534/3534/3534 3517/3517/3517
f 3534/3534/3534 3535/3535/3535 3513/3513/3513
f 3513/3513/3513 3503/3503/3503 3534/3534/3534
f 3558/3558/3558 3491/3491/3491 3551/3551/3551
f 3552/3552/3552 3558/3558/3558 3553/3553/3553
f 3491/3491/3491 3558/3558/3558 3552/3552/3552
f 3552/3552/3552 3553/3553/3553 3500/3500/3500
f 3500/3500/3500 3493/3493/3493 3552/3552/3552
f 3565/3565/3565 3551/3551/3551 3557/3557/3557
f 3558/3558/3558 3565/3565/3565 3560/3560/3560
f 3551/3551/3551 3565/3565/3565 3558/3558/3558
f 3558/3558/3558 3560/3560/3560 3559/3559/3559
f 3559/3559/3559 3553/3553/3553 3558/3558/3558
f 3557/3557/3557 3564/3564/3564 3567/3567/3567
f 3567/3567/3567 3565/3565/3565 3557/3557/3557
f 3565/3565/3565 3567/3567/3567 3566/3566/3566
f 3566/3566/3566 3560/3560/3560 3565/3565/3565
f 3659/3659/3659 3660/3660/3660 3640/3640/3640
f 3640/3640/3640 3494/3494/3494 3659/3659/3659
f 3657/3657/3657 3660/3660/3660 3580/3580/3580
f 3640/3640/3640 3657/3657/3657 3495/3495/3495
f 3660/3660/3660 3657/3657/3657 3640/3640/3640
f 3494/3494/3494 3640/3640/3640 3642/3642/3642
f 3642/3642/3642 3641/3641/3641 3494/3494/3494
f 3641/3641/3641 3642/3642/3642 3548/3548/3548
f 3548/3548/3548 3188/3188/3188 3641/3641/3641
f 3642/3642/3642 3555/3555/3555 3406/3406/3406
f 3406/3406/3406 3548/3548/3548 3642/3642/3642
f 3637/3637/3637 3640/3640/3640 3495/3495/3495
f 3642/3642/3642 3637/3637/3637 3555/3555/3555
f 3640/3640/3640 3637/3637/3637 3642/3642/3642
f 3495/3495/3495 3636/3636/3636 3639/3639/3639
f 3639/3639/3639 3637/3637/3637 3495/3495/3495
f 3637/3637/3637 3639/3639/3639 3638/3638/3638
f 3638/3638/3638 3555/3555/3555 3637/3637/3637
f 3639/3639/3639 3578/3578/3578 3556/3556/3556
f 3556/3556/3556 3638/3638/3638 3639/3639/3639
f 3633/3633/3633 3636/3636/3636 3554/3554/3554
f 3639/3639/3639 3633/3633/3633 3578/3578/3578
f 3636/3636/3636 3633/3633/3633 3639/3639/3639
f 3562/3562/3562 3638/3638/3638 3556/3556/3556
f 3638/3638/3638 3406/3406/3406 3555/3555/3555
f 3406/3406/3406 3562/3562/3562 3491/3491/3491
f 3562/3562/3562 3406/3406/3406 3638/3638/3638
f 3575/3575/3575 3556/3556/3556 3561/3561/3561
f 3562/3562/3562 3575/3575/3575 3563/3563/3563
f 3556/3556/3556 3575/3575/3575 3562/3562/3562
f 3569/3569/3569 3562/3562/3562 3563/3563/3563
f 3491/3491/3491 3569/3569/3569 3551/3551/3551
f 3562/3562/3562 3569/3569/3569 3491/3491/3491
f 3563/3563/3563 3568/3568/3568 3570/3570/3570
f 3570/3570/3570 3569/3569/3569 3563/3563/3563
f 3572/3572/3572 3569/3569/3569 3570/3570/3570
f 3551/3551/3551 3572/3572/3572 3557/3557/3557
f 3569/3569/3569 3572/3572/3572 3551/3551/3551
f 3570/3570/3570 3571/3571/3571 3573/3573/3573
f 3573/3573/3573 3572/3572/3572 3570/3570/3570
f 3572/3572/3572 3573/3573/3573 3564/3564/3564
f 3564/3564/3564 3557/3557/3557 3572/3572/3572
f 3583/3583/3583 3561/3561/3561 3574/3574/3574
f 3575/3575/3575 3583/3583/3583 3576/3576/3576
f 3561/3561/3561 3583/3583/3583 3575/3575/3575
f 3575/3575/3575 3576/3576/3576 3568/3568/3568
f 3568/3568/3568 3563/3563/3563 3575/3575/3575
f 3589/3589/3589 3574/3574/3574 3582/3582/3582
f 3583/3583/3583 3589/3589/3589 3585/3585/3585
f 3574/3574/3574 3589/3589/3589 3583/3583/3583
f 3583/3583/3583 3585/3585/3585 3584/3584/3584
f 3584/3584/3584 3576/3576/3576 3583/3583/3583
f 3582/3582/3582 3591/3591/3591 3589/3589/3589
f 3589/3589/3589 3591/3591/3591 3590/3590/3590
f 3590/3590/3590 3585/3585/3585 3589/3589/3589
f 3554/3554/3554 3632/3632/3632 3635/3635/3635
f 3635/3635/3635 3633/3633/3633 3554/3554/3554
f 3633/3633/3633 3635/3635/3635 3634/3634/3634
f 3634/3634/3634 3578/3578/3578 3633/3633/3633
f 3635/3635/3635 3597/3597/3597 3579/3579/3579
f 3579/3579/3579 3634/3634/3634 3635/3635/3635
f 3629/3629/3629 3632/3632/3632 3577/3577/3577
f 3635/3635/3635 3629/3629/3629 3597/3597/3597
f 3632/3632/3632 3629/3629/3629 3635/3635/3635
f 3587/3587/3587 3634/3634/3634 3579/3579/3579
f 3634/3634/3634 3556/3556/3556 3578/3578/3578
f 3556/3556/3556 3587/3587/3587 3561/3561/3561
f 3587/3587/3587 3556/3556/3556 3634/3634/3634
f 3579/3579/3579 3586/3586/3586 3588/3588/3588
f 3588/3588/3588 3587/3587/3587 3579/3579/3579
f 3593/3593/3593 3587/3587/3587 3588/3588/3588
f 3561/3561/3561 3593/3593/3593 3574/3574/3574
f 3587/3587/3587 3593/3593/3593 3561/3561/3561
f 3588/3588/3588 3592/3592/3592 3594/3594/3594
f 3594/3594/3594 3593/3593/3593 3588/3588/3588
f 3595/3595/3595 3593/3593/3593 3594/3594/3594
f 3574/3574/3574 3595/3595/3595 3582/3582/3582
f 3593/3593/3593 3595/3595/3595 3574/3574/3574
f 3577/3577/3577 3628/3628/3628 3631/3631/3631
f 3631/3631/3631 3629/3629/3629 3577/3577/3577
f 3629/3629/3629 3631/3631/3631 3630/3630/3630
f 3630/3630/3630 3597/3597/3597 3629/3629/3629
f 3631/3631/3631 3603/3603/3603 3598/3598/3598
f 3598/3598/3598 3630/3630/3630 3631/3631/3631
f 3625/3625/3625 3628/3628/3628 3596/3596/3596
f 3631/3631/3631 3625/3625/3625 3603/3603/3603
f 3628/3628/3628 3625/3625/3625 3631/3631/3631
f 3630/3630/3630 3579/3579/3579 3597/3597/3597
f 3586/3586/3586 3630/3630/3630 3598/3598/3598
f 3579/3579/3579 3630/3630/3630 3586/3586/3586
f 3596/3596/3596 3624/3624/3624 3627/3627/3627
f 3627/3627/3627 3625/3625/3625 3596/3596/3596
f 3625/3625/3625 3627/3627/3627 3626/3626/3626
f 3626/3626/3626 3603/3603/3603 3625/3625/3625
f 3627/3627/3627 3610/3610/3610 3605/3605/3605
f 3605/3605/3605 3626/3626/3626 3627/3627/3627
f 3621/3621/3621 3624/3624/3624 3602/3602/3602
f 3627/3627/3627 3621/3621/3621 3610/3610/3610
f 3624/3624/3624 3621/3621/3621 3627/3627/3627
f 3626/3626/3626 3598/3598/3598 3603/3603/3603
f 3604/3604/3604 3626/3626/3626 3605/3605/3605
f 3598/3598/3598 3626/3626/3626 3604/3604/3604
f 3602/3602/3602 3620/3620/3620 3623/3623/3623
f 3623/3623/3623 3621/3621/3621 3602/3602/3602
f 3621/3621/3621 3623/3623/3623 3622/3622/3622
f 3622/3622/3622 3610/3610/3610 3621/3621/3621
f 3623/3623/3623 3616/3616/3616 3612/3612/3612
f 3612/3612/3612 3622/3622/3622 3623/3623/3623
f 3618/3618/3618 3620/3620/3620 3609/3609/3609
f 3623/3623/3623 3618/3618/3618 3616/3616/3616
f 3620/3620/3620 3618/3618/3618 3623/3623/3623
f 3622/3622/3622 3605/3605/3605 3610/3610/3610
f 3611/3611/3611 3622/3622/3622 3612/3612/3612
f 3605/3605/3605 3622/3622/3622 3611/3611/3611
f 3580/3580/3580 3656/3656/3656 3658/3658/3658
f 3658/3658/3658 3657/3657/3657 3580/3580/3580
f 3657/3657/3657 3658/3658/3658 3636/3636/3636
f 3636/3636/3636 3495/3495/3495 3657/3657/3657
f 3654/3654/3654 3658/3658/3658 3600/3600/3600
f 3636/3636/3636 3654/3654/3654 3554/3554/3554
f 3658/3658/3658 3654/3654/3654 3636/3636/3636
f 3656/3656/3656 3581/3581/3581 3600/3600/3600
f 3600/3600/3600 3658/3658/3658 3656/3656/3656
f 3653/3653/3653 3599/3599/3599 3601/3601/3601
f 3581/3581/3581 3653/3653/3653 3600/3600/3600
f 3599/3599/3599 3653/3653/3653 3581/3581/3581
f 3600/3600/3600 3653/3653/3653 3655/3655/3655
f 3655/3655/3655 3654/3654/3654 3600/3600/3600
f 3654/3654/3654 3655/3655/3655 3632/3632/3632
f 3632/3632/3632 3554/3554/3554 3654/3654/3654
f 3651/3651/3651 3655/3655/3655 3607/3607/3607
f 3632/3632/3632 3651/3651/3651 3577/3577/3577
f 3655/3655/3655 3651/3651/3651 3632/3632/3632
f 3653/3653/3653 3601/3601/3601 3607/3607/3607
f 3607/3607/3607 3655/3655/3655 3653/3653/3653
f 3650/3650/3650 3606/3606/3606 3608/3608/3608
f 3601/3601/3601 3650/3650/3650 3607/3607/3607
f 3606/3606/3606 3650/3650/3650 3601/3601/3601
f 3607/3607/3607 3650/3650/3650 3652/3652/3652
f 3652/3652/3652 3651/3651/3651 3607/3607/3607
f 3651/3651/3651 3652/3652/3652 3628/3628/3628
f 3628/3628/3628 3577/3577/3577 3651/3651/3651
f 3648/3648/3648 3652/3652/3652 3614/3614/3614
f 3628/3628/3628 3648/3648/3648 3596/3596/3596
f 3652/3652/3652 3648/3648/3648 3628/3628/3628
f 3650/3650/3650 3608/3608/3608 3614/3614/3614
f 3614/3614/3614 3652/3652/3652 3650/3650/3650
f 3647/3647/3647 3613/3613/3613 3615/3615/3615
f 3608/3608/3608 3647/3647/3647 3614/3614/3614
f 3613/3613/3613 3647/3647/3647 3608/3608/3608
f 3614/3614/3614 3647/3647/3647 3649/3649/3649
f 3649/3649/3649 3648/3648/3648 3614/3614/3614
f 3648/3648/3648 3649/3649/3649 3624/3624/3624
f 3624/3624/3624 3596/3596/3596 3648/3648/3648
f 3645/3645/3645 3649/3649/3649 3617/3617/3617
f 3624/3624/3624 3645/3645/3645 3602/3602/3602
f 3649/3649/3649 3645/3645/3645 3624/3624/3624
f 3647/3647/3647 3615/3615/3615 3617/3617/3617
f 3617/3617/3617 3649/3649/3649 3647/3647/3647
f 3617/3617/3617 3644/3644/3644 3646/3646/3646
f 3646/3646/3646 3645/3645/3645 3617/3617/3617
f 3645/3645/3645 3646/3646/3646 3620/3620/3620
f 3620/3620/3620 3602/3602/3602 3645/3645/3645
f 3643/3643/3643 3646/3646/3646 3619/3619/3619
f 3620/3620/3620 3643/3643/3643 3609/3609/3609
f 3646/3646/3646 3643/3643/3643 3620/3620/3620
f 3644/3644/3644 3619/3619/3619 3646/3646/3646
f 3241/3241/3241 3194/3194/3194 3191/3191/3191
f 3239/3239/3239 3194/3194/3194 3241/3241/3241
f 3240/3240/3240 3241/3241/3241 3191/3191/3191
f 3240/3240/3240 3228/3228/3228 3229/3229/3229
f 3229/3229/3229 3227/3227/3227 3239/3239/3239
f 3231/3231/3231 3228/3228/3228 3240/3240/3240
f 3227/3227/3227 3223/3223/3223 3239/3239/3239
f 3231/3231/3231 3240/3240/3240 3191/3191/3191
f 3245/3245/3245 3244/3244/3244 3324/3324/3324
f 3244/3244/3244 3243/3243/3243 3319/3319/3319
f 3194/3194/3194 3223/3223/3223 3242/3242/3242
f 3223/3223/3223 3194/3194/3194 3239/3239/3239
f 3326/3326/3326 3243/3243/3243 3242/3242/3242
f 3243/3243/3243 3326/3326/3326 3327/3327/3327
f 3245/3245/3245 3320/3320/3320 3246/3246/3246
f 3227/3227/3227 3226/3226/3226 3225/3225/3225
f 3228/3228/3228 3232/3232/3232 3226/3226/3226
f 3235/3235/3235 3224/3224/3224 3231/3231/3231
f 3231/3231/3231 3234/3234/3234 3235/3235/3235
f 3191/3191/3191 3234/3234/3234 3231/3231/3231
f 3228/3228/3228 3231/3231/3231 3232/3232/3232
f 3208/3208/3208 3223/3223/3223 3210/3210/3210
f 3208/3208/3208 3204/3204/3204 3223/3223/3223
f 3208/3208/3208 3207/3207/3207 3206/3206/3206
f 3326/3326/3326 3242/3242/3242 3322/3322/3322
f 3242/3242/3242 3223/3223/3223 3204/3204/3204
f 3204/3204/3204 3208/3208/3208 3206/3206/3206
f 3201/3201/3201 3242/3242/3242 3204/3204/3204
f 3223/3223/3223 3227/3227/3227 3225/3225/3225
f 3238/3238/3238 3209/3209/3209 3234/3234/3234
f 3247/3247/3247 3246/3246/3246 3320/3320/3320
f 3190/3190/3190 3234/3234/3234 3191/3191/3191
f 3258/3258/3258 3361/3361/3361 3259/3259/3259
f 3259/3259/3259 3357/3357/3357 3260/3260/3260
f 3256/3256/3256 3255/3255/3255 3365/3365/3365
f 3257/3257/3257 3256/3256/3256 3365/3365/3365
f 3257/3257/3257 3361/3361/3361 3258/3258/3258
f 3260/3260/3260 3366/3366/3366 3351/3351/3351
f 3265/3265/3265 3411/3411/3411 3266/3266/3266
f 3267/3267/3267 3266/3266/3266 3412/3412/3412
f 3265/3265/3265 3264/3264/3264 3397/3397/3397
f 3262/3262/3262 3261/3261/3261 3348/3348/3348
f 3264/3264/3264 3263/3263/3263 3399/3399/3399
f 3263/3263/3263 3262/3262/3262 3341/3341/3341
f 3409/3409/3409 3268/3268/3268 3267/3267/3267
f 3260/3260/3260 3351/3351/3351 3261/3261/3261
f 3254/3254/3254 3253/3253/3253 3346/3346/3346
f 3253/3253/3253 3252/3252/3252 3330/3330/3330
f 3312/3312/3312 3249/3249/3249 3248/3248/3248
f 3305/3305/3305 3251/3251/3251 3250/3250/3250
f 3308/3308/3308 3250/3250/3250 3249/3249/3249
f 3330/3330/3330 3252/3252/3252 3251/3251/3251
f 3255/3255/3255 3254/3254/3254 3363/3363/3363
f 3386/3386/3386 3255/3255/3255 3364/3364/3364
f 3363/3363/3363 3364/3364/3364 3255/3255/3255
f 3365/3365/3365 3255/3255/3255 3356/3356/3356
f 3260/3260/3260 3357/3357/3357 3366/3366/3366
f 3365/3365/3365 3361/3361/3361 3257/3257/3257
f 3386/3386/3386 3356/3356/3356 3255/3255/3255
f 3359/3359/3359 3363/3363/3363 3254/3254/3254
f 3361/3361/3361 3357/3357/3357 3259/3259/3259
f 3312/3312/3312 3248/3248/3248 3247/3247/3247
f 3415/3415/3415 3269/3269/3269 3268/3268/3268
f 3212/3212/3212 3213/3213/3213 3237/3237/3237
f 3234/3234/3234 3190/3190/3190 3237/3237/3237
f 3216/3216/3216 3205/3205/3205 3212/3212/3212
f 3204/3204/3204 3203/3203/3203 3201/3201/3201
f 3215/3215/3215 3212/3212/3212 3237/3237/3237
f 3243/3243/3243 3327/3327/3327 3319/3319/3319
f 3245/3245/3245 3324/3324/3324 3320/3320/3320
f 3324/3324/3324 3244/3244/3244 3319/3319/3319
f 3323/3323/3323 3326/3326/3326 3322/3322/3322
f 3247/3247/3247 3320/3320/3320 3315/3315/3315
f 3247/3247/3247 3315/3315/3315 3312/3312/3312
f 3322/3322/3322 3242/3242/3242 3198/3198/3198
f 3201/3201/3201 3198/3198/3198 3242/3242/3242
f 3219/3219/3219 3202/3202/3202 3215/3215/3215
f 3237/3237/3237 3190/3190/3190 3215/3215/3215
f 3190/3190/3190 3181/3181/3181 3222/3222/3222
f 3190/3190/3190 3218/3218/3218 3219/3219/3219
f 3219/3219/3219 3215/3215/3215 3190/3190/3190
f 3218/3218/3218 3190/3190/3190 3222/3222/3222
f 3216/3216/3216 3212/3212/3212 3215/3215/3215
f 3317/3317/3317 3322/3322/3322 3198/3198/3198
f 3200/3200/3200 3198/3198/3198 3201/3201/3201
f 3218/3218/3218 3222/3222/3222 3199/3199/3199
f 3181/3181/3181 3221/3221/3221 3222/3222/3222
f 3311/3311/3311 3308/3308/3308 3312/3312/3312
f 3312/3312/3312 3308/3308/3308 3249/3249/3249
f 3238/3238/3238 3234/3234/3234 3237/3237/3237
f 3363/3363/3363 3359/3359/3359 3360/3360/3360
f 3354/3354/3354 3359/3359/3359 3353/3353/3353
f 3261/3261/3261 3351/3351/3351 3348/3348/3348
f 3351/3351/3351 3366/3366/3366 3355/3355/3355
f 3328/3328/3328 3346/3346/3346 3253/3253/3253
f 3396/3396/3396 3397/3397/3397 3264/3264/3264
f 3266/3266/3266 3411/3411/3411 3412/3412/3412
f 3268/3268/3268 3409/3409/3409 3415/3415/3415
f 3409/3409/3409 3267/3267/3267 3412/3412/3412
f 3344/3344/3344 3341/3341/3341 3348/3348/3348
f 3341/3341/3341 3262/3262/3262 3348/3348/3348
f 3263/3263/3263 3335/3335/3335 3399/3399/3399
f 3413/3413/3413 3269/3269/3269 3415/3415/3415
f 3396/3396/3396 3264/3264/3264 3399/3399/3399
f 3265/3265/3265 3397/3397/3397 3411/3411/3411
f 3307/3307/3307 3305/3305/3305 3308/3308/3308
f 3330/3330/3330 3251/3251/3251 3305/3305/3305
f 3347/3347/3347 3353/3353/3353 3346/3346/3346
f 3308/3308/3308 3305/3305/3305 3250/3250/3250
f 3346/3346/3346 3328/3328/3328 3340/3340/3340
f 3330/3330/3330 3328/3328/3328 3253/3253/3253
f 3411/3411/3411 3397/3397/3397 3394/3394/3394
f 3413/3413/3413 3400/3400/3400 3418/3418/3418
f 3335/3335/3335 3341/3341/3341 3338/3338/3338
f 3392/3392/3392 3396/3396/3396 3399/3399/3399
f 3341/3341/3341 3335/3335/3335 3263/3263/3263
f 3418/3418/3418 3269/3269/3269 3413/3413/3413
f 3254/3254/3254 3346/3346/3346 3353/3353/3353
f 3254/3254/3254 3353/3353/3353 3359/3359/3359
f 3418/3418/3418 3416/3416/3416 3269/3269/3269
f 3467/3467/3467 3441/3441/3441 3275/3275/3275
f 3441/3441/3441 3276/3276/3276 3275/3275/3275
f 3273/3273/3273 3272/3272/3272 3487/3487/3487
f 3274/3274/3274 3273/3273/3273 3485/3485/3485
f 3274/3274/3274 3467/3467/3467 3275/3275/3275
f 3277/3277/3277 3505/3505/3505 3278/3278/3278
f 3284/3284/3284 3283/3283/3283 3507/3507/3507
f 3283/3283/3283 3282/3282/3282 3512/3512/3512
f 3279/3279/3279 3278/3278/3278 3513/3513/3513
f 3281/3281/3281 3280/3280/3280 3533/3533/3533
f 3280/3280/3280 3279/3279/3279 3535/3535/3535
f 3512/3512/3512 3282/3282/3282 3281/3281/3281
f 3281/3281/3281 3533/3533/3533 3512/3512/3512
f 3271/3271/3271 3270/3270/3270 3442/3442/3442
f 3487/3487/3487 3272/3272/3272 3271/3271/3271
f 3487/3487/3487 3271/3271/3271 3442/3442/3442
f 3444/3444/3444 3434/3434/3434 3435/3435/3435
f 3270/3270/3270 3434/3434/3434 3444/3444/3444
f 3270/3270/3270 3445/3445/3445 3442/3442/3442
f 3445/3445/3445 3270/3270/3270 3444/3444/3444
f 3269/3269/3269 3434/3434/3434 3270/3270/3270
f 3467/3467/3467 3485/3485/3485 3469/3469/3469
f 3274/3274/3274 3485/3485/3485 3467/3467/3467
f 3273/3273/3273 3487/3487/3487 3485/3485/3485
f 3436/3436/3436 3277/3277/3277 3276/3276/3276
f 3516/3516/3516 3513/3513/3513 3278/3278/3278
f 3278/3278/3278 3515/3515/3515 3516/3516/3516
f 3279/3279/3279 3513/3513/3513 3535/3535/3535
f 3278/3278/3278 3505/3505/3505 3515/3515/3515
f 3535/3535/3535 3533/3533/3533 3280/3280/3280
f 3285/3285/3285 3284/3284/3284 3500/3500/3500
f 3295/3295/3295 3611/3611/3611 3296/3296/3296
f 3294/3294/3294 3586/3586/3586 3295/3295/3295
f 3291/3291/3291 3595/3595/3595 3292/3292/3292
f 3292/3292/3292 3594/3594/3594 3293/3293/3293
f 3290/3290/3290 3582/3582/3582 3291/3291/3291
f 3296/3296/3296 3609/3609/3609 3297/3297/3297
f 3301/3301/3301 3613/3613/3613 3302/3302/3302
f 3303/3303/3303 3302/3302/3302 3606/3606/3606
f 3615/3615/3615 3301/3301/3301 3644/3644/3644
f 3619/3619/3619 3300/3300/3300 3299/3299/3299
f 3644/3644/3644 3301/3301/3301 3300/3300/3300
f 3619/3619/3619 3299/3299/3299 3298/3298/3298
f 3297/3297/3297 3643/3643/3643 3298/3298/3298
f 3303/3303/3303 3599/3599/3599 3304/3304/3304
f 3590/3590/3590 3290/3290/3290 3289/3289/3289
f 3289/3289/3289 3288/3288/3288 3571/3571/3571
f 3287/3287/3287 3286/3286/3286 3564/3564/3564
f 3287/3287/3287 3573/3573/3573 3288/3288/3288
f 3590/3590/3590 3591/3591/3591 3290/3290/3290
f 3590/3590/3590 3289/3289/3289 3584/3584/3584
f 3591/3591/3591 3582/3582/3582 3290/3290/3290
f 3611/3611/3611 3295/3295/3295 3604/3604/3604
f 3616/3616/3616 3296/3296/3296 3612/3612/3612
f 3611/3611/3611 3612/3612/3612 3296/3296/3296
f 3609/3609/3609 3296/3296/3296 3618/3618/3618
f 3300/3300/3300 3619/3619/3619 3644/3644/3644
f 3609/3609/3609 3643/3643/3643 3297/3297/3297
f 3616/3616/3616 3618/3618/3618 3296/3296/3296
f 3592/3592/3592 3294/3294/3294 3293/3293/3293
f 3643/3643/3643 3619/3619/3619 3298/3298/3298
f 3286/3286/3286 3285/3285/3285 3566/3566/3566
f 3599/3599/3599 3192/3192/3192 3304/3304/3304
f 3444/3444/3444 3435/3435/3435 3439/3439/3439
f 3427/3427/3427 3428/3428/3428 3434/3434/3434
f 3276/3276/3276 3441/3441/3441 3438/3438/3438
f 3441/3441/3441 3467/3467/3467 3446/3446/3446
f 3438/3438/3438 3436/3436/3436 3276/3276/3276
f 3515/3515/3515 3505/3505/3505 3506/3506/3506
f 3510/3510/3510 3515/3515/3515 3506/3506/3506
f 3559/3559/3559 3566/3566/3566 3285/3285/3285
f 3286/3286/3286 3567/3567/3567 3564/3564/3564
f 3567/3567/3567 3286/3286/3286 3566/3566/3566
f 3509/3509/3509 3507/3507/3507 3283/3283/3283
f 3512/3512/3512 3533/3533/3533 3517/3517/3517
f 3277/3277/3277 3498/3498/3498 3505/3505/3505
f 3421/3421/3421 3427/3427/3427 3416/3416/3416
f 3429/3429/3429 3498/3498/3498 3277/3277/3277
f 3429/3429/3429 3277/3277/3277 3436/3436/3436
f 3498/3498/3498 3429/3429/3429 3490/3490/3490
f 3429/3429/3429 3436/3436/3436 3431/3431/3431
f 3507/3507/3507 3500/3500/3500 3284/3284/3284
f 3500/3500/3500 3559/3559/3559 3285/3285/3285
f 3509/3509/3509 3283/3283/3283 3512/3512/3512
f 3500/3500/3500 3507/3507/3507 3502/3502/3502
f 3559/3559/3559 3500/3500/3500 3553/3553/3553
f 3560/3560/3560 3566/3566/3566 3559/3559/3559
f 3499/3499/3499 3505/3505/3505 3498/3498/3498
f 3427/3427/3427 3269/3269/3269 3416/3416/3416
f 3288/3288/3288 3573/3573/3573 3571/3571/3571
f 3584/3584/3584 3289/3289/3289 3568/3568/3568
f 3571/3571/3571 3568/3568/3568 3289/3289/3289
f 3568/3568/3568 3571/3571/3571 3570/3570/3570
f 3576/3576/3576 3584/3584/3584 3568/3568/3568
f 3585/3585/3585 3590/3590/3590 3584/3584/3584
f 3292/3292/3292 3595/3595/3595 3594/3594/3594
f 3598/3598/3598 3604/3604/3604 3295/3295/3295
f 3592/3592/3592 3293/3293/3293 3594/3594/3594
f 3301/3301/3301 3615/3615/3615 3613/3613/3613
f 3615/3615/3615 3644/3644/3644 3617/3617/3617
f 3605/3605/3605 3611/3611/3611 3604/3604/3604
f 3586/3586/3586 3294/3294/3294 3592/3592/3592
f 3595/3595/3595 3291/3291/3291 3582/3582/3582
f 3592/3592/3592 3588/3588/3588 3586/3586/3586
f 3599/3599/3599 3606/3606/3606 3601/3601/3601
f 3606/3606/3606 3613/3613/3613 3608/3608/3608
f 3586/3586/3586 3598/3598/3598 3295/3295/3295
f 3581/3581/3581 3192/3192/3192 3599/3599/3599
f 3193/3193/3193 3656/3656/3656 3580/3580/3580
f 3656/3656/3656 3193/3193/3193 3581/3581/3581
f 3189/3189/3189 3660/3660/3660 3659/3659/3659
f 3660/3660/3660 3189/3189/3189 3193/3193/3193
f 3193/3193/3193 3580/3580/3580 3660/3660/3660
f 3581/3581/3581 3193/3193/3193 3192/3192/3192
f 3599/3599/3599 3303/3303/3303 3606/3606/3606
f 3606/3606/3606 3302/3302/3302 3613/3613/3613
f 3573/3573/3573 3287/3287/3287 3564/3564/3564
f 3434/3434/3434 3269/3269/3269 3427/3427/3427
f 3707/3707/3707 3662/3662/3662 3703/3703/3703
f 3704/3704/3704 3707/3707/3707 3705/3705/3705
f 3662/3662/3662 3707/3707/3707 3704/3704/3704
f 3705/3705/3705 3708/3708/3708 3738/3738/3738
f 3738/3738/3738 3737/3737/3737 3705/3705/3705
f 3714/3714/3714 3703/3703/3703 3706/3706/3706
f 3707/3707/3707 3714/3714/3714 3709/3709/3709
f 3703/3703/3703 3714/3714/3714 3707/3707/3707
f 3734/3734/3734 3707/3707/3707 3709/3709/3709
f 3705/3705/3705 3734/3734/3734 3708/3708/3708
f 3707/3707/3707 3734/3734/3734 3705/3705/3705
f 3709/3709/3709 3715/3715/3715 3736/3736/3736
f 3736/3736/3736 3734/3734/3734 3709/3709/3709
f 3734/3734/3734 3736/3736/3736 3735/3735/3735
f 3735/3735/3735 3708/3708/3708 3734/3734/3734
f 3721/3721/3721 3706/3706/3706 3713/3713/3713
f 3714/3714/3714 3721/3721/3721 3716/3716/3716
f 3706/3706/3706 3721/3721/3721 3714/3714/3714
f 3731/3731/3731 3714/3714/3714 3716/3716/3716
f 3709/3709/3709 3731/3731/3731 3715/3715/3715
f 3714/3714/3714 3731/3731/3731 3709/3709/3709
f 3743/3743/3743 3716/3716/3716 3722/3722/3722
f 3731/3731/3731 3743/3743/3743 3733/3733/3733
f 3716/3716/3716 3743/3743/3743 3731/3731/3731
f 3731/3731/3731 3733/3733/3733 3732/3732/3732
f 3732/3732/3732 3715/3715/3715 3731/3731/3731
f 3747/3747/3747 3722/3722/3722 3729/3729/3729
f 3743/3743/3743 3747/3747/3747 3745/3745/3745
f 3722/3722/3722 3747/3747/3747 3743/3743/3743
f 3743/3743/3743 3745/3745/3745 3744/3744/3744
f 3744/3744/3744 3733/3733/3733 3743/3743/3743
f 3729/3729/3729 3741/3741/3741 3749/3749/3749
f 3749/3749/3749 3747/3747/3747 3729/3729/3729
f 3747/3747/3747 3749/3749/3749 3748/3748/3748
f 3748/3748/3748 3745/3745/3745 3747/3747/3747
f 3713/3713/3713 3720/3720/3720 3723/3723/3723
f 3723/3723/3723 3721/3721/3721 3713/3713/3713
f 3728/3728/3728 3721/3721/3721 3723/3723/3723
f 3716/3716/3716 3728/3728/3728 3722/3722/3722
f 3721/3721/3721 3728/3728/3728 3716/3716/3716
f 3723/3723/3723 3727/3727/3727 3730/3730/3730
f 3730/3730/3730 3728/3728/3728 3723/3723/3723
f 3740/3740/3740 3728/3728/3728 3730/3730/3730
f 3722/3722/3722 3740/3740/3740 3729/3729/3729
f 3728/3728/3728 3740/3740/3740 3722/3722/3722
f 3730/3730/3730 3739/3739/3739 3742/3742/3742
f 3742/3742/3742 3740/3740/3740 3730/3730/3730
f 3746/3746/3746 3740/3740/3740 3742/3742/3742
f 3729/3729/3729 3746/3746/3746 3741/3741/3741
f 3740/3740/3740 3746/3746/3746 3729/3729/3729
f 3663/3663/3663 3820/3820/3820 3823/3823/3823
f 3823/3823/3823 3821/3821/3821 3663/3663/3663
f 3821/3821/3821 3823/3823/3823 3822/3822/3822
f 3822/3822/3822 3711/3711/3711 3821/3821/3821
f 3817/3817/3817 3823/3823/3823 3751/3751/3751
f 3822/3822/3822 3817/3817/3817 3712/3712/3712
f 3823/3823/3823 3817/3817/3817 3822/3822/3822
f 3820/3820/3820 3710/3710/3710 3751/3751/3751
f 3751/3751/3751 3823/3823/3823 3820/3820/3820
f 3718/3718/3718 3822/3822/3822 3712/3712/3712
f 3822/3822/3822 3662/3662/3662 3711/3711/3711
f 3662/3662/3662 3718/3718/3718 3703/3703/3703
f 3718/3718/3718 3662/3662/3662 3822/3822/3822
f 3794/3794/3794 3818/3818/3818 3717/3717/3717
f 3818/3818/3818 3718/3718/3718 3712/3712/3712
f 3718/3718/3718 3794/3794/3794 3719/3719/3719
f 3794/3794/3794 3718/3718/3718 3818/3818/3818
f 3725/3725/3725 3718/3718/3718 3719/3719/3719
f 3703/3703/3703 3725/3725/3725 3706/3706/3706
f 3718/3718/3718 3725/3725/3725 3703/3703/3703
f 3719/3719/3719 3724/3724/3724 3726/3726/3726
f 3726/3726/3726 3725/3725/3725 3719/3719/3719
f 3725/3725/3725 3726/3726/3726 3713/3713/3713
f 3713/3713/3713 3706/3706/3706 3725/3725/3725
f 3717/3717/3717 3758/3758/3758 3795/3795/3795
f 3795/3795/3795 3794/3794/3794 3717/3717/3717
f 3794/3794/3794 3795/3795/3795 3724/3724/3724
f 3724/3724/3724 3719/3719/3719 3794/3794/3794
f 3816/3816/3816 3765/3765/3765 3752/3752/3752
f 3765/3765/3765 3710/3710/3710 3750/3750/3750
f 3710/3710/3710 3816/3816/3816 3751/3751/3751
f 3816/3816/3816 3710/3710/3710 3765/3765/3765
f 3751/3751/3751 3816/3816/3816 3819/3819/3819
f 3819/3819/3819 3817/3817/3817 3751/3751/3751
f 3817/3817/3817 3819/3819/3819 3818/3818/3818
f 3818/3818/3818 3712/3712/3712 3817/3817/3817
f 3819/3819/3819 3757/3757/3757 3717/3717/3717
f 3717/3717/3717 3818/3818/3818 3819/3819/3819
f 3813/3813/3813 3816/3816/3816 3752/3752/3752
f 3819/3819/3819 3813/3813/3813 3757/3757/3757
f 3816/3816/3816 3813/3813/3813 3819/3819/3819
f 3752/3752/3752 3812/3812/3812 3815/3815/3815
f 3815/3815/3815 3813/3813/3813 3752/3752/3752
f 3813/3813/3813 3815/3815/3815 3814/3814/3814
f 3814/3814/3814 3757/3757/3757 3813/3813/3813
f 3815/3815/3815 3761/3761/3761 3759/3759/3759
f 3759/3759/3759 3814/3814/3814 3815/3815/3815
f 3809/3809/3809 3812/3812/3812 3756/3756/3756
f 3815/3815/3815 3809/3809/3809 3761/3761/3761
f 3812/3812/3812 3809/3809/3809 3815/3815/3815
f 3791/3791/3791 3814/3814/3814 3759/3759/3759
f 3814/3814/3814 3717/3717/3717 3757/3757/3757
f 3717/3717/3717 3791/3791/3791 3758/3758/3758
f 3791/3791/3791 3717/3717/3717 3814/3814/3814
f 3759/3759/3759 3762/3762/3762 3793/3793/3793
f 3793/3793/3793 3791/3791/3791 3759/3759/3759
f 3791/3791/3791 3793/3793/3793 3792/3792/3792
f 3792/3792/3792 3758/3758/3758 3791/3791/3791
f 3756/3756/3756 3808/3808/3808 3811/3811/3811
f 3811/3811/3811 3809/3809/3809 3756/3756/3756
f 3809/3809/3809 3811/3811/3811 3810/3810/3810
f 3810/3810/3810 3761/3761/3761 3809/3809/3809
f 3811/3811/3811 3771/3771/3771 3763/3763/3763
f 3763/3763/3763 3810/3810/3810 3811/3811/3811
f 3805/3805/3805 3808/3808/3808 3760/3760/3760
f 3811/3811/3811 3805/3805/3805 3771/3771/3771
f 3808/3808/3808 3805/3805/3805 3811/3811/3811
f 3788/3788/3788 3810/3810/3810 3763/3763/3763
f 3810/3810/3810 3759/3759/3759 3761/3761/3761
f 3759/3759/3759 3788/3788/3788 3762/3762/3762
f 3788/3788/3788 3759/3759/3759 3810/3810/3810
f 3763/3763/3763 3772/3772/3772 3790/3790/3790
f 3790/3790/3790 3788/3788/3788 3763/3763/3763
f 3788/3788/3788 3790/3790/3790 3789/3789/3789
f 3789/3789/3789 3762/3762/3762 3788/3788/3788
f 3760/3760/3760 3804/3804/3804 3807/3807/3807
f 3807/3807/3807 3805/3805/3805 3760/3760/3760
f 3805/3805/3805 3807/3807/3807 3806/3806/3806
f 3806/3806/3806 3771/3771/3771 3805/3805/3805
f 3801/3801/3801 3807/3807/3807 3778/3778/3778
f 3806/3806/3806 3801/3801/3801 3773/3773/3773
f 3807/3807/3807 3801/3801/3801 3806/3806/3806
f 3826/3826/3826 3804/3804/3804 3770/3770/3770
f 3807/3807/3807 3826/3826/3826 3778/3778/3778
f 3804/3804/3804 3826/3826/3826 3807/3807/3807
f 3785/3785/3785 3806/3806/3806 3773/3773/3773
f 3806/3806/3806 3763/3763/3763 3771/3771/3771
f 3763/3763/3763 3785/3785/3785 3772/3772/3772
f 3785/3785/3785 3763/3763/3763 3806/3806/3806
f 3802/3802/3802 3785/3785/3785 3773/3773/3773
f 3787/3787/3787 3802/3802/3802 3779/3779/3779
f 3785/3785/3785 3802/3802/3802 3787/3787/3787
f 3785/3785/3785 3787/3787/3787 3786/3786/3786
f 3786/3786/3786 3772/3772/3772 3785/3785/3785
f 3770/3770/3770 3825/3825/3825 3827/3827/3827
f 3827/3827/3827 3826/3826/3826 3770/3770/3770
f 3826/3826/3826 3827/3827/3827 3800/3800/3800
f 3800/3800/3800 3778/3778/3778 3826/3826/3826
f 3824/3824/3824 3827/3827/3827 3797/3797/3797
f 3800/3800/3800 3824/3824/3824 3780/3780/3780
f 3827/3827/3827 3824/3824/3824 3800/3800/3800
f 3825/3825/3825 3777/3777/3777 3797/3797/3797
f 3797/3797/3797 3827/3827/3827 3825/3825/3825
f 3778/3778/3778 3800/3800/3800 3803/3803/3803
f 3803/3803/3803 3801/3801/3801 3778/3778/3778
f 3801/3801/3801 3803/3803/3803 3802/3802/3802
f 3802/3802/3802 3773/3773/3773 3801/3801/3801
f 3803/3803/3803 3784/3784/3784 3779/3779/3779
f 3779/3779/3779 3802/3802/3802 3803/3803/3803
f 3796/3796/3796 3800/3800/3800 3780/3780/3780
f 3803/3803/3803 3796/3796/3796 3784/3784/3784
f 3800/3800/3800 3796/3796/3796 3803/3803/3803
f 3750/3750/3750 3764/3764/3764 3766/3766/3766
f 3766/3766/3766 3765/3765/3765 3750/3750/3750
f 3812/3812/3812 3775/3775/3775 3756/3756/3756
f 3775/3775/3775 3765/3765/3765 3766/3766/3766
f 3765/3765/3765 3812/3812/3812 3752/3752/3752
f 3812/3812/3812 3765/3765/3765 3775/3775/3775
f 3766/3766/3766 3774/3774/3774 3776/3776/3776
f 3776/3776/3776 3775/3775/3775 3766/3766/3766
f 3808/3808/3808 3782/3782/3782 3760/3760/3760
f 3782/3782/3782 3775/3775/3775 3776/3776/3776
f 3775/3775/3775 3808/3808/3808 3756/3756/3756
f 3808/3808/3808 3775/3775/3775 3782/3782/3782
f 3776/3776/3776 3781/3781/3781 3783/3783/3783
f 3783/3783/3783 3782/3782/3782 3776/3776/3776
f 3804/3804/3804 3798/3798/3798 3770/3770/3770
f 3798/3798/3798 3782/3782/3782 3783/3783/3783
f 3782/3782/3782 3804/3804/3804 3760/3760/3760
f 3804/3804/3804 3782/3782/3782 3798/3798/3798
f 3783/3783/3783 3799/3799/3799 3798/3798/3798
f 3664/3664/3664 3753/3753/3753 3755/3755/3755
f 3755/3755/3755 3754/3754/3754 3664/3664/3664
f 3820/3820/3820 3768/3768/3768 3710/3710/3710
f 3768/3768/3768 3754/3754/3754 3755/3755/3755
f 3754/3754/3754 3820/3820/3820 3663/3663/3663
f 3820/3820/3820 3754/3754/3754 3768/3768/3768
f 3755/3755/3755 3767/3767/3767 3769/3769/3769
f 3769/3769/3769 3768/3768/3768 3755/3755/3755
f 3768/3768/3768 3769/3769/3769 3750/3750/3750
f 3750/3750/3750 3710/3710/3710 3768/3768/3768
f 3840/3840/3840 3665/3665/3665 3828/3828/3828
f 3829/3829/3829 3840/3840/3840 3830/3830/3830
f 3665/3665/3665 3840/3840/3840 3829/3829/3829
f 3832/3832/3832 3829/3829/3829 3830/3830/3830
f 3664/3664/3664 3832/3832/3832 3753/3753/3753
f 3829/3829/3829 3832/3832/3832 3664/3664/3664
f 3836/3836/3836 3830/3830/3830 3831/3831/3831
f 3832/3832/3832 3836/3836/3836 3834/3834/3834
f 3830/3830/3830 3836/3836/3836 3832/3832/3832
f 3832/3832/3832 3834/3834/3834 3833/3833/3833
f 3833/3833/3833 3753/3753/3753 3832/3832/3832
f 3846/3846/3846 3831/3831/3831 3835/3835/3835
f 3836/3836/3836 3846/3846/3846 3838/3838/3838
f 3831/3831/3831 3846/3846/3846 3836/3836/3836
f 3836/3836/3836 3838/3838/3838 3837/3837/3837
f 3837/3837/3837 3834/3834/3834 3836/3836/3836
f 3853/3853/3853 3835/3835/3835 3845/3845/3845
f 3846/3846/3846 3853/3853/3853 3848/3848/3848
f 3835/3835/3835 3853/3853/3853 3846/3846/3846
f 3846/3846/3846 3848/3848/3848 3847/3847/3847
f 3847/3847/3847 3838/3838/3838 3846/3846/3846
f 3859/3859/3859 3845/3845/3845 3852/3852/3852
f 3853/3853/3853 3859/3859/3859 3855/3855/3855
f 3845/3845/3845 3859/3859/3859 3853/3853/3853
f 3853/3853/3853 3855/3855/3855 3854/3854/3854
f 3854/3854/3854 3848/3848/3848 3853/3853/3853
f 3828/3828/3828 3839/3839/3839 3841/3841/3841
f 3841/3841/3841 3840/3840/3840 3828/3828/3828
f 3850/3850/3850 3840/3840/3840 3841/3841/3841
f 3830/3830/3830 3850/3850/3850 3831/3831/3831
f 3840/3840/3840 3850/3850/3850 3830/3830/3830
f 3841/3841/3841 3849/3849/3849 3851/3851/3851
f 3851/3851/3851 3850/3850/3850 3841/3841/3841
f 3857/3857/3857 3850/3850/3850 3851/3851/3851
f 3831/3831/3831 3857/3857/3857 3835/3835/3835
f 3850/3850/3850 3857/3857/3857 3831/3831/3831
f 3851/3851/3851 3856/3856/3856 3858/3858/3858
f 3858/3858/3858 3857/3857/3857 3851/3851/3851
f 3860/3860/3860 3857/3857/3857 3858/3858/3858
f 3835/3835/3835 3860/3860/3860 3845/3845/3845
f 3857/3857/3857 3860/3860/3860 3835/3835/3835
f 3858/3858/3858 3861/3861/3861 3860/3860/3860
f 3862/3862/3862 3860/3860/3860 3861/3861/3861
f 3845/3845/3845 3862/3862/3862 3852/3852/3852
f 3860/3860/3860 3862/3862/3862 3845/3845/3845
f 3666/3666/3666 3842/3842/3842 3844/3844/3844
f 3844/3844/3844 3843/3843/3843 3666/3666/3666
f 3843/3843/3843 3844/3844/3844 3828/3828/3828
f 3828/3828/3828 3665/3665/3665 3843/3843/3843
f 3748/3748/3748 3670/3670/3670 3669/3669/3669
f 3669/3669/3669 3668/3668/3668 3738/3738/3738
f 3672/3672/3672 3671/3671/3671 3746/3746/3746
f 3742/3742/3742 3673/3673/3673 3672/3672/3672
f 3671/3671/3671 3670/3670/3670 3741/3741/3741
f 3674/3674/3674 3673/3673/3673 3739/3739/3739
f 3749/3749/3749 3670/3670/3670 3748/3748/3748
f 3741/3741/3741 3670/3670/3670 3749/3749/3749
f 3746/3746/3746 3742/3742/3742 3672/3672/3672
f 3671/3671/3671 3741/3741/3741 3746/3746/3746
f 3739/3739/3739 3673/3673/3673 3742/3742/3742
f 3675/3675/3675 3674/3674/3674 3727/3727/3727
f 3739/3739/3739 3730/3730/3730 3674/3674/3674
f 3748/3748/3748 3669/3669/3669 3744/3744/3744
f 3676/3676/3676 3726/3726/3726 3677/3677/3677
f 3724/3724/3724 3678/3678/3678 3677/3677/3677
f 3680/3680/3680 3679/3679/3679 3796/3796/3796
f 3780/3780/3780 3681/3681/3681 3680/3680/3680
f 3679/3679/3679 3678/3678/3678 3786/3786/3786
f 3824/3824/3824 3682/3682/3682 3681/3681/3681
f 3787/3787/3787 3679/3679/3679 3786/3786/3786
f 3784/3784/3784 3679/3679/3679 3779/3779/3779
f 3787/3787/3787 3779/3779/3779 3679/3679/3679
f 3796/3796/3796 3780/3780/3780 3680/3680/3680
f 3679/3679/3679 3784/3784/3784 3796/3796/3796
f 3824/3824/3824 3681/3681/3681 3780/3780/3780
f 3797/3797/3797 3683/3683/3683 3682/3682/3682
f 3682/3682/3682 3824/3824/3824 3797/3797/3797
f 3720/3720/3720 3676/3676/3676 3675/3675/3675
f 3786/3786/3786 3678/3678/3678 3789/3789/3789
f 3735/3735/3735 3736/3736/3736 3669/3669/3669
f 3736/3736/3736 3732/3732/3732 3669/3669/3669
f 3732/3732/3732 3736/3736/3736 3715/3715/3715
f 3745/3745/3745 3748/3748/3748 3744/3744/3744
f 3732/3732/3732 3733/3733/3733 3744/3744/3744
f 3732/3732/3732 3744/3744/3744 3669/3669/3669
f 3865/3865/3865 3737/3737/3737 3738/3738/3738
f 3737/3737/3737 3865/3865/3865 3661/3661/3661
f 3661/3661/3661 3704/3704/3704 3737/3737/3737
f 3668/3668/3668 3865/3865/3865 3738/3738/3738
f 3735/3735/3735 3738/3738/3738 3708/3708/3708
f 3737/3737/3737 3704/3704/3704 3705/3705/3705
f 3669/3669/3669 3738/3738/3738 3735/3735/3735
f 3723/3723/3723 3720/3720/3720 3727/3727/3727
f 3675/3675/3675 3727/3727/3727 3720/3720/3720
f 3789/3789/3789 3790/3790/3790 3786/3786/3786
f 3793/3793/3793 3789/3789/3789 3678/3678/3678
f 3772/3772/3772 3786/3786/3786 3790/3790/3790
f 3792/3792/3792 3678/3678/3678 3795/3795/3795
f 3727/3727/3727 3674/3674/3674 3730/3730/3730
f 3726/3726/3726 3720/3720/3720 3713/3713/3713
f 3795/3795/3795 3678/3678/3678 3724/3724/3724
f 3720/3720/3720 3726/3726/3726 3676/3676/3676
f 3793/3793/3793 3678/3678/3678 3792/3792/3792
f 3762/3762/3762 3789/3789/3789 3793/3793/3793
f 3795/3795/3795 3758/3758/3758 3792/3792/3792
f 3724/3724/3724 3677/3677/3677 3726/3726/3726
f 3797/3797/3797 3777/3777/3777 3683/3683/3683
f 3684/3684/3684 3777/3777/3777 3825/3825/3825
f 3683/3683/3683 3777/3777/3777 3684/3684/3684
f 3685/3685/3685 3684/3684/3684 3799/3799/3799
f 3799/3799/3799 3684/3684/3684 3825/3825/3825
f 3686/3686/3686 3685/3685/3685 3781/3781/3781
f 3776/3776/3776 3686/3686/3686 3781/3781/3781
f 3685/3685/3685 3799/3799/3799 3783/3783/3783
f 3686/3686/3686 3774/3774/3774 3687/3687/3687
f 3798/3798/3798 3825/3825/3825 3770/3770/3770
f 3799/3799/3799 3825/3825/3825 3798/3798/3798
f 3688/3688/3688 3767/3767/3767 3689/3689/3689
f 3781/3781/3781 3685/3685/3685 3783/3783/3783
f 3854/3854/3854 3855/3855/3855 3690/3690/3690
f 3690/3690/3690 3689/3689/3689 3854/3854/3854
f 3854/3854/3854 3689/3689/3689 3847/3847/3847
f 3688/3688/3688 3687/3687/3687 3764/3764/3764
f 3691/3691/3691 3690/3690/3690 3852/3852/3852
f 3691/3691/3691 3852/3852/3852 3692/3692/3692
f 3692/3692/3692 3862/3862/3862 3693/3693/3693
f 3694/3694/3694 3693/3693/3693 3861/3861/3861
f 3852/3852/3852 3862/3862/3862 3692/3692/3692
f 3694/3694/3694 3856/3856/3856 3695/3695/3695
f 3697/3697/3697 3696/3696/3696 3839/3839/3839
f 3852/3852/3852 3690/3690/3690 3859/3859/3859
f 3698/3698/3698 3697/3697/3697 3844/3844/3844
f 3695/3695/3695 3849/3849/3849 3696/3696/3696
f 3699/3699/3699 3698/3698/3698 3842/3842/3842
f 3701/3701/3701 3700/3700/3700 3667/3667/3667
f 3700/3700/3700 3699/3699/3699 3667/3667/3667
f 3702/3702/3702 3701/3701/3701 3863/3863/3863
f 3855/3855/3855 3859/3859/3859 3690/3690/3690
f 3774/3774/3774 3686/3686/3686 3776/3776/3776
f 3764/3764/3764 3774/3774/3774 3766/3766/3766
f 3838/3838/3838 3847/3847/3847 3837/3837/3837
f 3848/3848/3848 3854/3854/3854 3847/3847/3847
f 3689/3689/3689 3833/3833/3833 3837/3837/3837
f 3767/3767/3767 3688/3688/3688 3769/3769/3769
f 3687/3687/3687 3774/3774/3774 3764/3764/3764
f 3837/3837/3837 3847/3847/3847 3689/3689/3689
f 3769/3769/3769 3764/3764/3764 3750/3750/3750
f 3755/3755/3755 3753/3753/3753 3833/3833/3833
f 3833/3833/3833 3767/3767/3767 3755/3755/3755
f 3764/3764/3764 3769/3769/3769 3688/3688/3688
f 3833/3833/3833 3834/3834/3834 3837/3837/3837
f 3833/3833/3833 3689/3689/3689 3767/3767/3767
f 3693/3693/3693 3862/3862/3862 3861/3861/3861
f 3858/3858/3858 3694/3694/3694 3861/3861/3861
f 3849/3849/3849 3856/3856/3856 3851/3851/3851
f 3839/3839/3839 3849/3849/3849 3841/3841/3841
f 3856/3856/3856 3849/3849/3849 3695/3695/3695
f 3694/3694/3694 3858/3858/3858 3856/3856/3856
f 3844/3844/3844 3839/3839/3839 3828/3828/3828
f 3697/3697/3697 3839/3839/3839 3844/3844/3844
f 3849/3849/3849 3839/3839/3839 3696/3696/3696
f 3666/3666/3666 3667/3667/3667 3842/3842/3842
f 3667/3667/3667 3699/3699/3699 3842/3842/3842
f 3863/3863/3863 3667/3667/3667 3864/3864/3864
f 3844/3844/3844 3842/3842/3842 3698/3698/3698
f 3863/3863/3863 3701/3701/3701 3667/3667/3667
f 4135/4135/4135 4117/4117/4117 4121/4121/4121
f 4128/4128/4128 4135/4135/4135 4130/4130/4130
f 4117/4117/4117 4135/4135/4135 4128/4128/4128
f 4128/4128/4128 4130/4130/4130 4129/4129/4129
f 4129/4129/4129 4123/4123/4123 4128/4128/4128
f 4121/4121/4121 4126/4126/4126 4137/4137/4137
f 4137/4137/4137 4135/4135/4135 4121/4121/4121
f 4135/4135/4135 4137/4137/4137 4136/4136/4136
f 4136/4136/4136 4130/4130/4130 4135/4135/4135
f 4143/4143/4143 4118/4118/4118 4119/4119/4119
f 4120/4120/4120 4143/4143/4143 4122/4122/4122
f 4118/4118/4118 4143/4143/4143 4120/4120/4120
f 4125/4125/4125 4120/4120/4120 4122/4122/4122
f 4117/4117/4117 4125/4125/4125 4121/4121/4121
f 4120/4120/4120 4125/4125/4125 4117/4117/4117
f 4140/4140/4140 4122/4122/4122 4124/4124/4124
f 4125/4125/4125 4140/4140/4140 4127/4127/4127
f 4122/4122/4122 4140/4140/4140 4125/4125/4125
f 4132/4132/4132 4125/4125/4125 4127/4127/4127
f 4121/4121/4121 4132/4132/4132 4126/4126/4126
f 4125/4125/4125 4132/4132/4132 4121/4121/4121
f 4138/4138/4138 4127/4127/4127 4131/4131/4131
f 4132/4132/4132 4138/4138/4138 4134/4134/4134
f 4127/4127/4127 4138/4138/4138 4132/4132/4132
f 4132/4132/4132 4134/4134/4134 4133/4133/4133
f 4133/4133/4133 4126/4126/4126 4132/4132/4132
f 4124/4124/4124 4139/4139/4139 4141/4141/4141
f 4141/4141/4141 4140/4140/4140 4124/4124/4124
f 4140/4140/4140 4141/4141/4141 4131/4131/4131
f 4131/4131/4131 4127/4127/4127 4140/4140/4140
f 4119/4119/4119 4142/4142/4142 4144/4144/4144
f 4144/4144/4144 4143/4143/4143 4119/4119/4119
f 4143/4143/4143 4144/4144/4144 4124/4124/4124
f 4124/4124/4124 4122/4122/4122 4143/4143/4143
f 4161/4161/4161 4116/4116/4116 4145/4145/4145
f 4146/4146/4146 4161/4161/4161 4147/4147/4147
f 4116/4116/4116 4161/4161/4161 4146/4146/4146
f 4146/4146/4146 4147/4147/4147 4119/4119/4119
f 4119/4119/4119 4118/4118/4118 4146/4146/4146
f 4183/4183/4183 4145/4145/4145 4155/4155/4155
f 4161/4161/4161 4183/4183/4183 4163/4163/4163
f 4145/4145/4145 4183/4183/4183 4161/4161/4161
f 4161/4161/4161 4163/4163/4163 4162/4162/4162
f 4162/4162/4162 4147/4147/4147 4161/4161/4161
f 4155/4155/4155 4159/4159/4159 4185/4185/4185
f 4185/4185/4185 4183/4183/4183 4155/4155/4155
f 4183/4183/4183 4185/4185/4185 4184/4184/4184
f 4184/4184/4184 4163/4163/4163 4183/4183/4183
f 4172/4172/4172 4149/4149/4149 4150/4150/4150
f 4151/4151/4151 4172/4172/4172 4152/4152/4152
f 4149/4149/4149 4172/4172/4172 4151/4151/4151
f 4154/4154/4154 4151/4151/4151 4152/4152/4152
f 4116/4116/4116 4154/4154/4154 4145/4145/4145
f 4151/4151/4151 4154/4154/4154 4116/4116/4116
f 4169/4169/4169 4152/4152/4152 4153/4153/4153
f 4154/4154/4154 4169/4169/4169 4156/4156/4156
f 4152/4152/4152 4169/4169/4169 4154/4154/4154
f 4158/4158/4158 4154/4154/4154 4156/4156/4156
f 4145/4145/4145 4158/4158/4158 4155/4155/4155
f 4154/4154/4154 4158/4158/4158 4145/4145/4145
f 4165/4165/4165 4156/4156/4156 4157/4157/4157
f 4158/4158/4158 4165/4165/4165 4160/4160/4160
f 4156/4156/4156 4165/4165/4165 4158/4158/4158
f 4180/4180/4180 4158/4158/4158 4160/4160/4160
f 4155/4155/4155 4180/4180/4180 4159/4159/4159
f 4158/4158/4158 4180/4180/4180 4155/4155/4155
f 4160/4160/4160 4166/4166/4166 4182/4182/4182
f 4182/4182/4182 4180/4180/4180 4160/4160/4160
f 4180/4180/4180 4182/4182/4182 4181/4181/4181
f 4181/4181/4181 4159/4159/4159 4180/4180/4180
f 4186/4186/4186 4157/4157/4157 4164/4164/4164
f 4165/4165/4165 4186/4186/4186 4167/4167/4167
f 4157/4157/4157 4186/4186/4186 4165/4165/4165
f 4179/4179/4179 4165/4165/4165 4167/4167/4167
f 4160/4160/4160 4179/4179/4179 4166/4166/4166
f 4165/4165/4165 4179/4179/4179 4160/4160/4160
f 4153/4153/4153 4168/4168/4168 4170/4170/4170
f 4170/4170/4170 4169/4169/4169 4153/4153/4153
f 4187/4187/4187 4169/4169/4169 4170/4170/4170
f 4156/4156/4156 4187/4187/4187 4157/4157/4157
f 4169/4169/4169 4187/4187/4187 4156/4156/4156
f 4170/4170/4170 4188/4188/4188 4187/4187/4187
f 4187/4187/4187 4188/4188/4188 4164/4164/4164
f 4164/4164/4164 4157/4157/4157 4187/4187/4187
f 4150/4150/4150 4171/4171/4171 4173/4173/4173
f 4173/4173/4173 4172/4172/4172 4150/4150/4150
f 4172/4172/4172 4173/4173/4173 4153/4153/4153
f 4153/4153/4153 4152/4152/4152 4172/4172/4172
f 4200/4200/4200 4148/4148/4148 4174/4174/4174
f 4175/4175/4175 4200/4200/4200 4176/4176/4176
f 4148/4148/4148 4200/4200/4200 4175/4175/4175
f 4175/4175/4175 4176/4176/4176 4150/4150/4150
f 4150/4150/4150 4149/4149/4149 4175/4175/4175
f 4174/4174/4174 4194/4194/4194 4202/4202/4202
f 4202/4202/4202 4200/4200/4200 4174/4174/4174
f 4200/4200/4200 4202/4202/4202 4201/4201/4201
f 4201/4201/4201 4176/4176/4176 4200/4200/4200
f 4207/4207/4207 4178/4178/4178 4189/4189/4189
f 4190/4190/4190 4207/4207/4207 4191/4191/4191
f 4178/4178/4178 4207/4207/4207 4190/4190/4190
f 4193/4193/4193 4190/4190/4190 4191/4191/4191
f 4148/4148/4148 4193/4193/4193 4174/4174/4174
f 4190/4190/4190 4193/4193/4193 4148/4148/4148
f 4204/4204/4204 4191/4191/4191 4192/4192/4192
f 4193/4193/4193 4204/4204/4204 4195/4195/4195
f 4191/4191/4191 4204/4204/4204 4193/4193/4193
f 4197/4197/4197 4193/4193/4193 4195/4195/4195
f 4174/4174/4174 4197/4197/4197 4194/4194/4194
f 4193/4193/4193 4197/4197/4197 4174/4174/4174
f 4195/4195/4195 4196/4196/4196 4199/4199/4199
f 4199/4199/4199 4197/4197/4197 4195/4195/4195
f 4197/4197/4197 4199/4199/4199 4198/4198/4198
f 4198/4198/4198 4194/4194/4194 4197/4197/4197
f 4192/4192/4192 4203/4203/4203 4205/4205/4205
f 4205/4205/4205 4204/4204/4204 4192/4192/4192
f 4204/4204/4204 4205/4205/4205 4196/4196/4196
f 4196/4196/4196 4195/4195/4195 4204/4204/4204
f 4189/4189/4189 4206/4206/4206 4208/4208/4208
f 4208/4208/4208 4207/4207/4207 4189/4189/4189
f 4207/4207/4207 4208/4208/4208 4192/4192/4192
f 4192/4192/4192 4191/4191/4191 4207/4207/4207
f 4177/4177/4177 4209/4209/4209 4211/4211/4211
f 4211/4211/4211 4210/4210/4210 4177/4177/4177
f 4210/4210/4210 4211/4211/4211 4189/4189/4189
f 4189/4189/4189 4178/4178/4178 4210/4210/4210
f 4230/4230/4230 4212/4212/4212 4217/4217/4217
f 4223/4223/4223 4230/4230/4230 4225/4225/4225
f 4212/4212/4212 4230/4230/4230 4223/4223/4223
f 4223/4223/4223 4225/4225/4225 4224/4224/4224
f 4224/4224/4224 4213/4213/4213 4223/4223/4223
f 4237/4237/4237 4217/4217/4217 4221/4221/4221
f 4230/4230/4230 4237/4237/4237 4232/4232/4232
f 4217/4217/4217 4237/4237/4237 4230/4230/4230
f 4230/4230/4230 4232/4232/4232 4231/4231/4231
f 4231/4231/4231 4225/4225/4225 4230/4230/4230
f 4221/4221/4221 4228/4228/4228 4239/4239/4239
f 4239/4239/4239 4237/4237/4237 4221/4221/4221
f 4237/4237/4237 4239/4239/4239 4238/4238/4238
f 4238/4238/4238 4232/4232/4232 4237/4237/4237
f 4247/4247/4247 4214/4214/4214 4215/4215/4215
f 4216/4216/4216 4247/4247/4247 4218/4218/4218
f 4214/4214/4214 4247/4247/4247 4216/4216/4216
f 4220/4220/4220 4216/4216/4216 4218/4218/4218
f 4212/4212/4212 4220/4220/4220 4217/4217/4217
f 4216/4216/4216 4220/4220/4220 4212/4212/4212
f 4244/4244/4244 4218/4218/4218 4219/4219/4219
f 4220/4220/4220 4244/4244/4244 4222/4222/4222
f 4218/4218/4218 4244/4244/4244 4220/4220/4220
f 4227/4227/4227 4220/4220/4220 4222/4222/4222
f 4217/4217/4217 4227/4227/4227 4221/4221/4221
f 4220/4220/4220 4227/4227/4227 4217/4217/4217
f 4241/4241/4241 4222/4222/4222 4226/4226/4226
f 4227/4227/4227 4241/4241/4241 4229/4229/4229
f 4222/4222/4222 4241/4241/4241 4227/4227/4227
f 4234/4234/4234 4227/4227/4227 4229/4229/4229
f 4221/4221/4221 4234/4234/4234 4228/4228/4228
f 4227/4227/4227 4234/4234/4234 4221/4221/4221
f 4229/4229/4229 4233/4233/4233 4236/4236/4236
f 4236/4236/4236 4234/4234/4234 4229/4229/4229
f 4234/4234/4234 4236/4236/4236 4235/4235/4235
f 4235/4235/4235 4228/4228/4228 4234/4234/4234
f 4226/4226/4226 4240/4240/4240 4242/4242/4242
f 4242/4242/4242 4241/4241/4241 4226/4226/4226
f 4253/4253/4253 4241/4241/4241 4242/4242/4242
f 4229/4229/4229 4253/4253/4253 4233/4233/4233
f 4241/4241/4241 4253/4253/4253 4229/4229/4229
f 4242/4242/4242 4252/4252/4252 4255/4255/4255
f 4255/4255/4255 4253/4253/4253 4242/4242/4242
f 4253/4253/4253 4255/4255/4255 4254/4254/4254
f 4254/4254/4254 4233/4233/4233 4253/4253/4253
f 4219/4219/4219 4243/4243/4243 4245/4245/4245
f 4245/4245/4245 4244/4244/4244 4219/4219/4219
f 4244/4244/4244 4245/4245/4245 4226/4226/4226
f 4226/4226/4226 4222/4222/4222 4244/4244/4244
f 4215/4215/4215 4246/4246/4246 4248/4248/4248
f 4248/4248/4248 4247/4247/4247 4215/4215/4215
f 4247/4247/4247 4248/4248/4248 4219/4219/4219
f 4219/4219/4219 4218/4218/4218 4247/4247/4247
f 4267/4267/4267 3941/3941/3941 4249/4249/4249
f 4250/4250/4250 4267/4267/4267 4251/4251/4251
f 3941/3941/3941 4267/4267/4267 4250/4250/4250
f 4250/4250/4250 4251/4251/4251 4215/4215/4215
f 4215/4215/4215 4214/4214/4214 4250/4250/4250
f 4274/4274/4274 4249/4249/4249 4261/4261/4261
f 4267/4267/4267 4274/4274/4274 4269/4269/4269
f 4249/4249/4249 4274/4274/4274 4267/4267/4267
f 4267/4267/4267 4269/4269/4269 4268/4268/4268
f 4268/4268/4268 4251/4251/4251 4267/4267/4267
f 4281/4281/4281 4261/4261/4261 4265/4265/4265
f 4274/4274/4274 4281/4281/4281 4276/4276/4276
f 4261/4261/4261 4281/4281/4281 4274/4274/4274
f 4274/4274/4274 4276/4276/4276 4275/4275/4275
f 4275/4275/4275 4269/4269/4269 4274/4274/4274
f 4265/4265/4265 4272/4272/4272 4283/4283/4283
f 4283/4283/4283 4281/4281/4281 4265/4265/4265
f 4281/4281/4281 4283/4283/4283 4282/4282/4282
f 4282/4282/4282 4276/4276/4276 4281/4281/4281
f 4260/4260/4260 4257/4257/4257 4258/4258/4258
f 3941/3941/3941 4260/4260/4260 4249/4249/4249
f 4257/4257/4257 4260/4260/4260 3941/3941/3941
f 4291/4291/4291 4258/4258/4258 4259/4259/4259
f 4260/4260/4260 4291/4291/4291 4262/4262/4262
f 4258/4258/4258 4291/4291/4291 4260/4260/4260
f 4264/4264/4264 4260/4260/4260 4262/4262/4262
f 4249/4249/4249 4264/4264/4264 4261/4261/4261
f 4260/4260/4260 4264/4264/4264 4249/4249/4249
f 4288/4288/4288 4262/4262/4262 4263/4263/4263
f 4264/4264/4264 4288/4288/4288 4266/4266/4266
f 4262/4262/4262 4288/4288/4288 4264/4264/4264
f 4271/4271/4271 4264/4264/4264 4266/4266/4266
f 4261/4261/4261 4271/4271/4271 4265/4265/4265
f 4264/4264/4264 4271/4271/4271 4261/4261/4261
f 4285/4285/4285 4266/4266/4266 4270/4270/4270
f 4271/4271/4271 4285/4285/4285 4273/4273/4273
f 4266/4266/4266 4285/4285/4285 4271/4271/4271
f 4278/4278/4278 4271/4271/4271 4273/4273/4273
f 4265/4265/4265 4278/4278/4278 4272/4272/4272
f 4271/4271/4271 4278/4278/4278 4265/4265/4265
f 4273/4273/4273 4277/4277/4277 4280/4280/4280
f 4280/4280/4280 4278/4278/4278 4273/4273/4273
f 4278/4278/4278 4280/4280/4280 4279/4279/4279
f 4279/4279/4279 4272/4272/4272 4278/4278/4278
f 4270/4270/4270 4284/4284/4284 4286/4286/4286
f 4286/4286/4286 4285/4285/4285 4270/4270/4270
f 4285/4285/4285 4286/4286/4286 4277/4277/4277
f 4277/4277/4277 4273/4273/4273 4285/4285/4285
f 4263/4263/4263 4287/4287/4287 4289/4289/4289
f 4289/4289/4289 4288/4288/4288 4263/4263/4263
f 4288/4288/4288 4289/4289/4289 4270/4270/4270
f 4270/4270/4270 4266/4266/4266 4288/4288/4288
f 4259/4259/4259 4290/4290/4290 4292/4292/4292
f 4292/4292/4292 4291/4291/4291 4259/4259/4259
f 4291/4291/4291 4292/4292/4292 4263/4263/4263
f 4263/4263/4263 4262/4262/4262 4291/4291/4291
f 4256/4256/4256 4293/4293/4293 4295/4295/4295
f 4295/4295/4295 4294/4294/4294 4256/4256/4256
f 4294/4294/4294 4295/4295/4295 4259/4259/4259
f 4259/4259/4259 4258/4258/4258 4294/4294/4294
f 3918/3918/3918 3910/3910/3910 3911/3911/3911
f 3912/3912/3912 3918/3918/3918 3914/3914/3914
f 3910/3910/3910 3918/3918/3918 3912/3912/3912
f 3914/3914/3914 3919/3919/3919 3940/3940/3940
f 3940/3940/3940 3938/3938/3938 3914/3914/3914
f 3938/3938/3938 3940/3940/3940 3939/3939/3939
f 3939/3939/3939 3913/3913/3913 3938/3938/3938
f 3925/3925/3925 3911/3911/3911 3917/3917/3917
f 3918/3918/3918 3925/3925/3925 3920/3920/3920
f 3911/3911/3911 3925/3925/3925 3918/3918/3918
f 3935/3935/3935 3918/3918/3918 3920/3920/3920
f 3914/3914/3914 3935/3935/3935 3919/3919/3919
f 3918/3918/3918 3935/3935/3935 3914/3914/3914
f 3920/3920/3920 3926/3926/3926 3937/3937/3937
f 3937/3937/3937 3935/3935/3935 3920/3920/3920
f 3935/3935/3935 3937/3937/3937 3936/3936/3936
f 3936/3936/3936 3919/3919/3919 3935/3935/3935
f 3947/3947/3947 3917/3917/3917 3924/3924/3924
f 3925/3925/3925 3947/3947/3947 3927/3927/3927
f 3917/3917/3917 3947/3947/3947 3925/3925/3925
f 3932/3932/3932 3925/3925/3925 3927/3927/3927
f 3920/3920/3920 3932/3932/3932 3926/3926/3926
f 3925/3925/3925 3932/3932/3932 3920/3920/3920
f 3943/3943/3943 3927/3927/3927 3931/3931/3931
f 3932/3932/3932 3943/3943/3943 3934/3934/3934
f 3927/3927/3927 3943/3943/3943 3932/3932/3932
f 3932/3932/3932 3934/3934/3934 3933/3933/3933
f 3933/3933/3933 3926/3926/3926 3932/3932/3932
f 3931/3931/3931 3942/3942/3942 3945/3945/3945
f 3945/3945/3945 3943/3943/3943 3931/3931/3931
f 3943/3943/3943 3945/3945/3945 3944/3944/3944
f 3944/3944/3944 3934/3934/3934 3943/3943/3943
f 3924/3924/3924 3946/3946/3946 3948/3948/3948
f 3948/3948/3948 3947/3947/3947 3924/3924/3924
f 3953/3953/3953 3947/3947/3947 3948/3948/3948
f 3927/3927/3927 3953/3953/3953 3931/3931/3931
f 3947/3947/3947 3953/3953/3953 3927/3927/3927
f 3948/3948/3948 3952/3952/3952 3954/3954/3954
f 3954/3954/3954 3953/3953/3953 3948/3948/3948
f 3953/3953/3953 3954/3954/3954 3942/3942/3942
f 3942/3942/3942 3931/3931/3931 3953/3953/3953
f 3916/3916/3916 3921/3921/3921 3923/3923/3923
f 3923/3923/3923 3922/3922/3922 3916/3916/3916
f 3929/3929/3929 3922/3922/3922 3923/3923/3923
f 3910/3910/3910 3929/3929/3929 3911/3911/3911
f 3922/3922/3922 3929/3929/3929 3910/3910/3910
f 3923/3923/3923 3928/3928/3928 3930/3930/3930
f 3930/3930/3930 3929/3929/3929 3923/3923/3923
f 3950/3950/3950 3929/3929/3929 3930/3930/3930
f 3911/3911/3911 3950/3950/3950 3917/3917/3917
f 3929/3929/3929 3950/3950/3950 3911/3911/3911
f 3930/3930/3930 3949/3949/3949 3951/3951/3951
f 3951/3951/3951 3950/3950/3950 3930/3930/3930
f 3950/3950/3950 3951/3951/3951 3924/3924/3924
f 3924/3924/3924 3917/3917/3917 3950/3950/3950
f 3960/3960/3960 3915/3915/3915 3955/3955/3955
f 3956/3956/3956 3960/3960/3960 3957/3957/3957
f 3915/3915/3915 3960/3960/3960 3956/3956/3956
f 3970/3970/3970 3956/3956/3956 3957/3957/3957
f 3916/3916/3916 3970/3970/3970 3921/3921/3921
f 3956/3956/3956 3970/3970/3970 3916/3916/3916
f 3957/3957/3957 3961/3961/3961 3972/3972/3972
f 3972/3972/3972 3970/3970/3970 3957/3957/3957
f 3970/3970/3970 3972/3972/3972 3971/3971/3971
f 3971/3971/3971 3921/3921/3921 3970/3970/3970
f 3978/3978/3978 3955/3955/3955 3959/3959/3959
f 3960/3960/3960 3978/3978/3978 3962/3962/3962
f 3955/3955/3955 3978/3978/3978 3960/3960/3960
f 3967/3967/3967 3960/3960/3960 3962/3962/3962
f 3957/3957/3957 3967/3967/3967 3961/3961/3961
f 3960/3960/3960 3967/3967/3967 3957/3957/3957
f 3974/3974/3974 3962/3962/3962 3966/3966/3966
f 3967/3967/3967 3974/3974/3974 3969/3969/3969
f 3962/3962/3962 3974/3974/3974 3967/3967/3967
f 3967/3967/3967 3969/3969/3969 3968/3968/3968
f 3968/3968/3968 3961/3961/3961 3967/3967/3967
f 3984/3984/3984 3966/3966/3966 3973/3973/3973
f 3974/3974/3974 3984/3984/3984 3976/3976/3976
f 3966/3966/3966 3984/3984/3984 3974/3974/3974
f 3974/3974/3974 3976/3976/3976 3975/3975/3975
f 3975/3975/3975 3969/3969/3969 3974/3974/3974
f 3973/3973/3973 3983/3983/3983 3986/3986/3986
f 3986/3986/3986 3984/3984/3984 3973/3973/3973
f 3984/3984/3984 3986/3986/3986 3985/3985/3985
f 3985/3985/3985 3976/3976/3976 3984/3984/3984
f 3959/3959/3959 3977/3977/3977 3979/3979/3979
f 3979/3979/3979 3978/3978/3978 3959/3959/3959
f 3988/3988/3988 3978/3978/3978 3979/3979/3979
f 3962/3962/3962 3988/3988/3988 3966/3966/3966
f 3978/3978/3978 3988/3988/3988 3962/3962/3962
f 3979/3979/3979 3987/3987/3987 3989/3989/3989
f 3989/3989/3989 3988/3988/3988 3979/3979/3979
f 3991/3991/3991 3988/3988/3988 3989/3989/3989
f 3966/3966/3966 3991/3991/3991 3973/3973/3973
f 3988/3988/3988 3991/3991/3991 3966/3966/3966
f 3989/3989/3989 3990/3990/3990 3992/3992/3992
f 3992/3992/3992 3991/3991/3991 3989/3989/3989
f 3991/3991/3991 3992/3992/3992 3983/3983/3983
f 3983/3983/3983 3973/3973/3973 3991/3991/3991
f 3958/3958/3958 3963/3963/3963 3965/3965/3965
f 3965/3965/3965 3964/3964/3964 3958/3958/3958
f 3981/3981/3981 3964/3964/3964 3965/3965/3965
f 3915/3915/3915 3981/3981/3981 3955/3955/3955
f 3964/3964/3964 3981/3981/3981 3915/3915/3915
f 3965/3965/3965 3980/3980/3980 3982/3982/3982
f 3982/3982/3982 3981/3981/3981 3965/3965/3965
f 3981/3981/3981 3982/3982/3982 3959/3959/3959
f 3959/3959/3959 3955/3955/3955 3981/3981/3981
f 4002/4002/4002 3993/3993/3993 3995/3995/3995
f 3996/3996/3996 4002/4002/4002 3998/3998/3998
f 3993/3993/3993 4002/4002/4002 3996/3996/3996
f 3996/3996/3996 3998/3998/3998 3997/3997/3997
f 3997/3997/3997 3994/3994/3994 3996/3996/3996
f 4009/4009/4009 3995/3995/3995 4001/4001/4001
f 4002/4002/4002 4009/4009/4009 4004/4004/4004
f 3995/3995/3995 4009/4009/4009 4002/4002/4002
f 4002/4002/4002 4004/4004/4004 4003/4003/4003
f 4003/4003/4003 3998/3998/3998 4002/4002/4002
f 4001/4001/4001 4008/4008/4008 4011/4011/4011
f 4011/4011/4011 4009/4009/4009 4001/4001/4001
f 4009/4009/4009 4011/4011/4011 4010/4010/4010
f 4010/4010/4010 4004/4004/4004 4009/4009/4009
f 4000/4000/4000 4005/4005/4005 4007/4007/4007
f 4007/4007/4007 4006/4006/4006 4000/4000/4000
f 4013/4013/4013 4006/4006/4006 4007/4007/4007
f 3993/3993/3993 4013/4013/4013 3995/3995/3995
f 4006/4006/4006 4013/4013/4013 3993/3993/3993
f 4007/4007/4007 4012/4012/4012 4014/4014/4014
f 4014/4014/4014 4013/4013/4013 4007/4007/4007
f 4013/4013/4013 4014/4014/4014 4001/4001/4001
f 4001/4001/4001 3995/3995/3995 4013/4013/4013
f 4021/4021/4021 3999/3999/3999 4015/4015/4015
f 4016/4016/4016 4021/4021/4021 4017/4017/4017
f 3999/3999/3999 4021/4021/4021 4016/4016/4016
f 4041/4041/4041 4016/4016/4016 4017/4017/4017
f 4000/4000/4000 4041/4041/4041 4005/4005/4005
f 4016/4016/4016 4041/4041/4041 4000/4000/4000
f 4017/4017/4017 4022/4022/4022 4043/4043/4043
f 4043/4043/4043 4041/4041/4041 4017/4017/4017
f 4041/4041/4041 4043/4043/4043 4042/4042/4042
f 4042/4042/4042 4005/4005/4005 4041/4041/4041
f 4028/4028/4028 4015/4015/4015 4020/4020/4020
f 4021/4021/4021 4028/4028/4028 4023/4023/4023
f 4015/4015/4015 4028/4028/4028 4021/4021/4021
f 4038/4038/4038 4021/4021/4021 4023/4023/4023
f 4017/4017/4017 4038/4038/4038 4022/4022/4022
f 4021/4021/4021 4038/4038/4038 4017/4017/4017
f 4023/4023/4023 4029/4029/4029 4040/4040/4040
f 4040/4040/4040 4038/4038/4038 4023/4023/4023
f 4038/4038/4038 4040/4040/4040 4039/4039/4039
f 4039/4039/4039 4022/4022/4022 4038/4038/4038
f 4046/4046/4046 4020/4020/4020 4027/4027/4027
f 4028/4028/4028 4046/4046/4046 4030/4030/4030
f 4020/4020/4020 4046/4046/4046 4028/4028/4028
f 4035/4035/4035 4028/4028/4028 4030/4030/4030
f 4023/4023/4023 4035/4035/4035 4029/4029/4029
f 4028/4028/4028 4035/4035/4035 4023/4023/4023
f 4044/4044/4044 4030/4030/4030 4034/4034/4034
f 4035/4035/4035 4044/4044/4044 4037/4037/4037
f 4030/4030/4030 4044/4044/4044 4035/4035/4035
f 4035/4035/4035 4037/4037/4037 4036/4036/4036
f 4036/4036/4036 4029/4029/4029 4035/4035/4035
f 4027/4027/4027 4045/4045/4045 4047/4047/4047
f 4047/4047/4047 4046/4046/4046 4027/4027/4027
f 4046/4046/4046 4047/4047/4047 4034/4034/4034
f 4034/4034/4034 4030/4030/4030 4046/4046/4046
f 4019/4019/4019 4024/4024/4024 4026/4026/4026
f 4026/4026/4026 4025/4025/4025 4019/4019/4019
f 4032/4032/4032 4025/4025/4025 4026/4026/4026
f 3999/3999/3999 4032/4032/4032 4015/4015/4015
f 4025/4025/4025 4032/4032/4032 3999/3999/3999
f 4026/4026/4026 4031/4031/4031 4033/4033/4033
f 4033/4033/4033 4032/4032/4032 4026/4026/4026
f 4049/4049/4049 4032/4032/4032 4033/4033/4033
f 4015/4015/4015 4049/4049/4049 4020/4020/4020
f 4032/4032/4032 4049/4049/4049 4015/4015/4015
f 4033/4033/4033 4048/4048/4048 4050/4050/4050
f 4050/4050/4050 4049/4049/4049 4033/4033/4033
f 4049/4049/4049 4050/4050/4050 4027/4027/4027
f 4027/4027/4027 4020/4020/4020 4049/4049/4049
f 4056/4056/4056 4018/4018/4018 4051/4051/4051
f 4052/4052/4052 4056/4056/4056 4053/4053/4053
f 4018/4018/4018 4056/4056/4056 4052/4052/4052
f 4052/4052/4052 4053/4053/4053 4024/4024/4024
f 4024/4024/4024 4019/4019/4019 4052/4052/4052
f 4063/4063/4063 4051/4051/4051 4055/4055/4055
f 4056/4056/4056 4063/4063/4063 4058/4058/4058
f 4051/4051/4051 4063/4063/4063 4056/4056/4056
f 4056/4056/4056 4058/4058/4058 4057/4057/4057
f 4057/4057/4057 4053/4053/4053 4056/4056/4056
f 4069/4069/4069 4055/4055/4055 4062/4062/4062
f 4063/4063/4063 4069/4069/4069 4065/4065/4065
f 4055/4055/4055 4069/4069/4069 4063/4063/4063
f 4063/4063/4063 4065/4065/4065 4064/4064/4064
f 4064/4064/4064 4058/4058/4058 4063/4063/4063
f 4054/4054/4054 4059/4059/4059 4061/4061/4061
f 4061/4061/4061 4060/4060/4060 4054/4054/4054
f 4067/4067/4067 4060/4060/4060 4061/4061/4061
f 4018/4018/4018 4067/4067/4067 4051/4051/4051
f 4060/4060/4060 4067/4067/4067 4018/4018/4018
f 4061/4061/4061 4066/4066/4066 4068/4068/4068
f 4068/4068/4068 4067/4067/4067 4061/4061/4061
f 4071/4071/4071 4067/4067/4067 4068/4068/4068
f 4051/4051/4051 4071/4071/4071 4055/4055/4055
f 4067/4067/4067 4071/4071/4071 4051/4051/4051
f 4068/4068/4068 4070/4070/4070 4072/4072/4072
f 4072/4072/4072 4071/4071/4071 4068/4068/4068
f 4071/4071/4071 4072/4072/4072 4062/4062/4062
f 4062/4062/4062 4055/4055/4055 4071/4071/4071
f 4080/4080/4080 4079/4079/4079 4131/4131/4131
f 4082/4082/4082 4139/4139/4139 4124/4124/4124
f 4082/4082/4082 4081/4081/4081 4139/4139/4139
f 4081/4081/4081 4080/4080/4080 4141/4141/4141
f 4077/4077/4077 4076/4076/4076 4133/4133/4133
f 4138/4138/4138 4079/4079/4079 4078/4078/4078
f 4084/4084/4084 4181/4181/4181 4182/4182/4182
f 4134/4134/4134 4078/4078/4078 4077/4077/4077
f 4181/4181/4181 4083/4083/4083 4184/4184/4184
f 4084/4084/4084 4083/4083/4083 4181/4181/4181
f 4088/4088/4088 4188/4188/4188 4089/4089/4089
f 4168/4168/4168 4173/4173/4173 4090/4090/4090
f 4090/4090/4090 4089/4089/4089 4168/4168/4168
f 4092/4092/4092 4091/4091/4091 4198/4198/4198
f 4084/4084/4084 4166/4166/4166 4179/4179/4179
f 4182/4182/4182 4166/4166/4166 4084/4084/4084
f 4084/4084/4084 4167/4167/4167 4085/4085/4085
f 4087/4087/4087 4086/4086/4086 4186/4186/4186
f 4086/4086/4086 4085/4085/4085 4167/4167/4167
f 4087/4087/4087 4164/4164/4164 4088/4088/4088
f 4196/4196/4196 4093/4093/4093 4092/4092/4092
f 4074/4074/4074 4073/4073/4073 4297/4297/4297
f 4129/4129/4129 4076/4076/4076 4075/4075/4075
f 4133/4133/4133 4134/4134/4134 4077/4077/4077
f 4313/4313/4313 4075/4075/4075 4074/4074/4074
f 4136/4136/4136 4133/4133/4133 4076/4076/4076
f 4079/4079/4079 4138/4138/4138 4131/4131/4131
f 4080/4080/4080 4131/4131/4131 4141/4141/4141
f 4184/4184/4184 4083/4083/4083 4162/4162/4162
f 4142/4142/4142 4083/4083/4083 4082/4082/4082
f 4181/4181/4181 4184/4184/4184 4185/4185/4185
f 4139/4139/4139 4081/4081/4081 4141/4141/4141
f 4138/4138/4138 4078/4078/4078 4134/4134/4134
f 4084/4084/4084 4179/4179/4179 4167/4167/4167
f 4087/4087/4087 4186/4186/4186 4164/4164/4164
f 4088/4088/4088 4164/4164/4164 4188/4188/4188
f 4186/4186/4186 4086/4086/4086 4167/4167/4167
f 4089/4089/4089 4188/4188/4188 4170/4170/4170
f 4090/4090/4090 4171/4171/4171 4091/4091/4091
f 4199/4199/4199 4092/4092/4092 4198/4198/4198
f 4170/4170/4170 4168/4168/4168 4089/4089/4089
f 4198/4198/4198 4091/4091/4091 4201/4201/4201
f 4199/4199/4199 4196/4196/4196 4092/4092/4092
f 4181/4181/4181 4185/4185/4185 4159/4159/4159
f 4196/4196/4196 4205/4205/4205 4093/4093/4093
f 4224/4224/4224 4099/4099/4099 4098/4098/4098
f 4101/4101/4101 4254/4254/4254 4102/4102/4102
f 4101/4101/4101 4100/4100/4100 4254/4254/4254
f 4235/4235/4235 4100/4100/4100 4099/4099/4099
f 4096/4096/4096 4095/4095/4095 4203/4203/4203
f 4203/4203/4203 4208/4208/4208 4096/4096/4096
f 4206/4206/4206 4097/4097/4097 4096/4096/4096
f 4095/4095/4095 4094/4094/4094 4205/4205/4205
f 4255/4255/4255 4103/4103/4103 4102/4102/4102
f 4111/4111/4111 4110/4110/4110 4286/4286/4286
f 4113/4113/4113 4112/4112/4112 4289/4289/4289
f 4284/4284/4284 4112/4112/4112 4111/4111/4111
f 4277/4277/4277 4110/4110/4110 4109/4109/4109
f 4105/4105/4105 4240/4240/4240 4245/4245/4245
f 4105/4105/4105 4243/4243/4243 4106/4106/4106
f 4109/4109/4109 4108/4108/4108 4277/4277/4277
f 4107/4107/4107 4282/4282/4282 4108/4108/4108
f 4240/4240/4240 4105/4105/4105 4104/4104/4104
f 4103/4103/4103 4252/4252/4252 4104/4104/4104
f 4113/4113/4113 4287/4287/4287 4292/4292/4292
f 4239/4239/4239 4235/4235/4235 4238/4238/4238
f 4236/4236/4236 4100/4100/4100 4235/4235/4235
f 4233/4233/4233 4254/4254/4254 4236/4236/4236
f 4102/4102/4102 4254/4254/4254 4255/4255/4255
f 4103/4103/4103 4255/4255/4255 4252/4252/4252
f 4238/4238/4238 4235/4235/4235 4099/4099/4099
f 4205/4205/4205 4203/4203/4203 4095/4095/4095
f 4098/4098/4098 4097/4097/4097 4209/4209/4209
f 4099/4099/4099 4231/4231/4231 4238/4238/4238
f 4252/4252/4252 4242/4242/4242 4240/4240/4240
f 4252/4252/4252 4240/4240/4240 4104/4104/4104
f 4100/4100/4100 4236/4236/4236 4254/4254/4254
f 4108/4108/4108 4279/4279/4279 4280/4280/4280
f 4110/4110/4110 4277/4277/4277 4286/4286/4286
f 4111/4111/4111 4286/4286/4286 4284/4284/4284
f 4277/4277/4277 4108/4108/4108 4280/4280/4280
f 4107/4107/4107 4275/4275/4275 4282/4282/4282
f 4279/4279/4279 4282/4282/4282 4283/4283/4283
f 4279/4279/4279 4283/4283/4283 4272/4272/4272
f 4284/4284/4284 4270/4270/4270 4289/4289/4289
f 4112/4112/4112 4284/4284/4284 4289/4289/4289
f 4289/4289/4289 4287/4287/4287 4113/4113/4113
f 4106/4106/4106 4248/4248/4248 4107/4107/4107
f 4282/4282/4282 4279/4279/4279 4108/4108/4108
f 4292/4292/4292 4114/4114/4114 4113/4113/4113
f 4093/4093/4093 4205/4205/4205 4094/4094/4094
f 4137/4137/4137 4133/4133/4133 4136/4136/4136
f 4144/4144/4144 4082/4082/4082 4124/4124/4124
f 4137/4137/4137 4126/4126/4126 4133/4133/4133
f 4130/4130/4130 4136/4136/4136 4129/4129/4129
f 4119/4119/4119 4147/4147/4147 4162/4162/4162
f 4162/4162/4162 4142/4142/4142 4119/4119/4119
f 4162/4162/4162 4083/4083/4083 4142/4142/4142
f 4144/4144/4144 4142/4142/4142 4082/4082/4082
f 4123/4123/4123 4129/4129/4129 4075/4075/4075
f 4171/4171/4171 4090/4090/4090 4173/4173/4173
f 4201/4201/4201 4091/4091/4091 4171/4171/4171
f 4153/4153/4153 4173/4173/4173 4168/4168/4168
f 4201/4201/4201 4171/4171/4171 4150/4150/4150
f 4150/4150/4150 4176/4176/4176 4201/4201/4201
f 4194/4194/4194 4198/4198/4198 4202/4202/4202
f 4208/4208/4208 4203/4203/4203 4192/4192/4192
f 4206/4206/4206 4096/4096/4096 4208/4208/4208
f 4201/4201/4201 4202/4202/4202 4198/4198/4198
f 4162/4162/4162 4163/4163/4163 4184/4184/4184
f 4312/4312/4312 4128/4128/4128 4123/4123/4123
f 4311/4311/4311 4120/4120/4120 4117/4117/4117
f 4311/4311/4311 4118/4118/4118 4120/4120/4120
f 4312/4312/4312 4117/4117/4117 4128/4128/4128
f 4296/4296/4296 4313/4313/4313 4297/4297/4297
f 4074/4074/4074 4297/4297/4297 4313/4313/4313
f 4312/4312/4312 4311/4311/4311 4117/4117/4117
f 4312/4312/4312 4123/4123/4123 4313/4313/4313
f 4116/4116/4116 4146/4146/4146 4311/4311/4311
f 4118/4118/4118 4311/4311/4311 4146/4146/4146
f 4075/4075/4075 4313/4313/4313 4123/4123/4123
f 4310/4310/4310 4151/4151/4151 4116/4116/4116
f 4175/4175/4175 4149/4149/4149 4310/4310/4310
f 4151/4151/4151 4310/4310/4310 4149/4149/4149
f 4309/4309/4309 4148/4148/4148 4175/4175/4175
f 4175/4175/4175 4310/4310/4310 4309/4309/4309
f 4309/4309/4309 4190/4190/4190 4148/4148/4148
f 4190/4190/4190 4309/4309/4309 4178/4178/4178
f 4311/4311/4311 4310/4310/4310 4116/4116/4116
f 4189/4189/4189 4211/4211/4211 4206/4206/4206
f 4136/4136/4136 4076/4076/4076 4129/4129/4129
f 4235/4235/4235 4239/4239/4239 4228/4228/4228
f 4240/4240/4240 4226/4226/4226 4245/4245/4245
f 4105/4105/4105 4245/4245/4245 4243/4243/4243
f 4206/4206/4206 4211/4211/4211 4097/4097/4097
f 4224/4224/4224 4098/4098/4098 4209/4209/4209
f 4224/4224/4224 4209/4209/4209 4177/4177/4177
f 4177/4177/4177 4213/4213/4213 4224/4224/4224
f 4225/4225/4225 4231/4231/4231 4224/4224/4224
f 4232/4232/4232 4238/4238/4238 4231/4231/4231
f 4209/4209/4209 4097/4097/4097 4211/4211/4211
f 4219/4219/4219 4248/4248/4248 4243/4243/4243
f 4231/4231/4231 4099/4099/4099 4224/4224/4224
f 4282/4282/4282 4275/4275/4275 4276/4276/4276
f 4287/4287/4287 4263/4263/4263 4292/4292/4292
f 4114/4114/4114 4292/4292/4292 4290/4290/4290
f 4248/4248/4248 4106/4106/4106 4243/4243/4243
f 4268/4268/4268 4107/4107/4107 4246/4246/4246
f 4290/4290/4290 4259/4259/4259 4295/4295/4295
f 4269/4269/4269 4275/4275/4275 4268/4268/4268
f 4268/4268/4268 4246/4246/4246 4215/4215/4215
f 4215/4215/4215 4251/4251/4251 4268/4268/4268
f 4295/4295/4295 4114/4114/4114 4290/4290/4290
f 4248/4248/4248 4246/4246/4246 4107/4107/4107
f 4107/4107/4107 4268/4268/4268 4275/4275/4275
f 4308/4308/4308 4210/4210/4210 4178/4178/4178
f 4308/4308/4308 4177/4177/4177 4210/4210/4210
f 4307/4307/4307 4213/4213/4213 4177/4177/4177
f 4177/4177/4177 4308/4308/4308 4307/4307/4307
f 4223/4223/4223 4213/4213/4213 4307/4307/4307
f 4216/4216/4216 4212/4212/4212 4307/4307/4307
f 4223/4223/4223 4307/4307/4307 4212/4212/4212
f 4216/4216/4216 4307/4307/4307 4306/4306/4306
f 4309/4309/4309 4308/4308/4308 4178/4178/4178
f 4303/4303/4303 4256/4256/4256 4294/4294/4294
f 4294/4294/4294 4304/4304/4304 4303/4303/4303
f 4258/4258/4258 4304/4304/4304 4294/4294/4294
f 4304/4304/4304 4258/4258/4258 4257/4257/4257
f 4306/4306/4306 4250/4250/4250 4214/4214/4214
f 3941/3941/3941 4250/4250/4250 4306/4306/4306
f 4216/4216/4216 4306/4306/4306 4214/4214/4214
f 4305/4305/4305 4257/4257/4257 3941/3941/3941
f 4304/4304/4304 4257/4257/4257 4305/4305/4305
f 4306/4306/4306 4305/4305/4305 3941/3941/3941
f 4295/4295/4295 4115/4115/4115 4114/4114/4114
f 4293/4293/4293 3866/3866/3866 4115/4115/4115
f 3867/3867/3867 3936/3936/3936 3868/3868/3868
f 3866/3866/3866 3939/3939/3939 3867/3867/3867
f 3869/3869/3869 3868/3868/3868 3945/3945/3945
f 3945/3945/3945 3868/3868/3868 3944/3944/3944
f 3954/3954/3954 3870/3870/3870 3942/3942/3942
f 3869/3869/3869 3945/3945/3945 3942/3942/3942
f 3871/3871/3871 3870/3870/3870 3954/3954/3954
f 3869/3869/3869 3942/3942/3942 3870/3870/3870
f 3933/3933/3933 3944/3944/3944 3868/3868/3868
f 3872/3872/3872 3871/3871/3871 3952/3952/3952
f 3872/3872/3872 3946/3946/3946 3873/3873/3873
f 3946/3946/3946 3872/3872/3872 3952/3952/3952
f 3873/3873/3873 3949/3949/3949 3874/3874/3874
f 3875/3875/3875 3985/3985/3985 3876/3876/3876
f 3928/3928/3928 3874/3874/3874 3949/3949/3949
f 3876/3876/3876 3983/3983/3983 3877/3877/3877
f 3879/3879/3879 3878/3878/3878 3992/3992/3992
f 3983/3983/3983 3878/3878/3878 3877/3877/3877
f 3880/3880/3880 3879/3879/3879 3990/3990/3990
f 3954/3954/3954 3952/3952/3952 3871/3871/3871
f 3933/3933/3933 3936/3936/3936 3937/3937/3937
f 3868/3868/3868 3936/3936/3936 3933/3933/3933
f 3946/3946/3946 3952/3952/3952 3948/3948/3948
f 3933/3933/3933 3934/3934/3934 3944/3944/3944
f 3933/3933/3933 3937/3937/3937 3926/3926/3926
f 3873/3873/3873 3946/3946/3946 3951/3951/3951
f 3928/3928/3928 3875/3875/3875 3874/3874/3874
f 3968/3968/3968 3875/3875/3875 3972/3972/3972
f 3951/3951/3951 3946/3946/3946 3924/3924/3924
f 3951/3951/3951 3949/3949/3949 3873/3873/3873
f 3876/3876/3876 3985/3985/3985 3986/3986/3986
f 3878/3878/3878 3983/3983/3983 3992/3992/3992
f 3879/3879/3879 3992/3992/3992 3990/3990/3990
f 3983/3983/3983 3876/3876/3876 3986/3986/3986
f 3985/3985/3985 3975/3975/3975 3976/3976/3976
f 3968/3968/3968 3969/3969/3969 3975/3975/3975
f 3990/3990/3990 3989/3989/3989 3987/3987/3987
f 3977/3977/3977 3987/3987/3987 3979/3979/3979
f 3987/3987/3987 3880/3880/3880 3990/3990/3990
f 3975/3975/3975 3875/3875/3875 3968/3968/3968
f 3875/3875/3875 3975/3975/3975 3985/3985/3985
f 3987/3987/3987 3881/3881/3881 3880/3880/3880
f 3867/3867/3867 3940/3940/3940 3936/3936/3936
f 3881/3881/3881 3977/3977/3977 3882/3882/3882
f 3882/3882/3882 3980/3980/3980 3883/3883/3883
f 3882/3882/3882 3977/3977/3977 3982/3982/3982
f 3884/3884/3884 3994/3994/3994 3885/3885/3885
f 3886/3886/3886 4010/4010/4010 3887/3887/3887
f 3888/3888/3888 3887/3887/3887 4011/4011/4011
f 4014/4014/4014 3889/3889/3889 4008/4008/4008
f 4008/4008/4008 3889/3889/3889 3888/3888/3888
f 3886/3886/3886 3885/3885/3885 4003/4003/4003
f 4014/4014/4014 3890/3890/3890 3889/3889/3889
f 3892/3892/3892 3891/3891/3891 4036/4036/4036
f 3895/3895/3895 3894/3894/3894 4034/4034/4034
f 3894/3894/3894 3893/3893/3893 4044/4044/4044
f 3893/3893/3893 3892/3892/3892 4044/4044/4044
f 3897/3897/3897 4050/4050/4050 4048/4048/4048
f 3897/3897/3897 3896/3896/3896 4045/4045/4045
f 3899/3899/3899 4064/4064/4064 3900/3900/3900
f 3898/3898/3898 4031/4031/4031 3899/3899/3899
f 3897/3897/3897 4048/4048/4048 3898/3898/3898
f 3896/3896/3896 3895/3895/3895 4047/4047/4047
f 3900/3900/3900 4065/4065/4065 3901/3901/3901
f 3883/3883/3883 3963/3963/3963 3884/3884/3884
f 4036/4036/4036 3891/3891/3891 4039/4039/4039
f 4044/4044/4044 3892/3892/3892 4037/4037/4037
f 4034/4034/4034 3894/3894/3894 4044/4044/4044
f 4036/4036/4036 4037/4037/4037 3892/3892/3892
f 4011/4011/4011 3887/3887/3887 4010/4010/4010
f 4008/4008/4008 3888/3888/3888 4011/4011/4011
f 4036/4036/4036 4039/4039/4039 4040/4040/4040
f 4036/4036/4036 4040/4040/4040 4029/4029/4029
f 3891/3891/3891 3890/3890/3890 4012/4012/4012
f 4039/4039/4039 3891/3891/3891 4043/4043/4043
f 4003/4003/4003 4010/4010/4010 3886/3886/3886
f 4045/4045/4045 3896/3896/3896 4047/4047/4047
f 3895/3895/3895 4034/4034/4034 4047/4047/4047
f 3903/3903/3903 4072/4072/4072 3904/3904/3904
f 3902/3902/3902 4062/4062/4062 3903/3903/3903
f 3904/3904/3904 4070/4070/4070 3905/3905/3905
f 4045/4045/4045 4027/4027/4027 3897/3897/3897
f 3897/3897/3897 4027/4027/4027 4050/4050/4050
f 3908/3908/3908 3907/3907/3907 4315/4315/4315
f 3907/3907/3907 3906/3906/3906 4059/4059/4059
f 3906/3906/3906 3905/3905/3905 4066/4066/4066
f 3909/3909/3909 3908/3908/3908 4298/4298/4298
f 3901/3901/3901 4069/4069/4069 3902/3902/3902
f 3987/3987/3987 3977/3977/3977 3881/3881/3881
f 4256/4256/4256 4301/4301/4301 3866/3866/3866
f 3866/3866/3866 3913/3913/3913 3939/3939/3939
f 3919/3919/3919 3936/3936/3936 3940/3940/3940
f 3939/3939/3939 3940/3940/3940 3867/3867/3867
f 3913/3913/3913 3866/3866/3866 4301/4301/4301
f 3866/3866/3866 4293/4293/4293 4256/4256/4256
f 4324/4324/4324 3914/3914/3914 3938/3938/3938
f 3913/3913/3913 4299/4299/4299 4324/4324/4324
f 4324/4324/4324 3938/3938/3938 3913/3913/3913
f 3930/3930/3930 3928/3928/3928 3949/3949/3949
f 4256/4256/4256 4303/4303/4303 4302/4302/4302
f 3972/3972/3972 3875/3875/3875 3971/3971/3971
f 3982/3982/3982 3977/3977/3977 3959/3959/3959
f 3972/3972/3972 3961/3961/3961 3968/3968/3968
f 3971/3971/3971 3928/3928/3928 3923/3923/3923
f 3923/3923/3923 3921/3921/3921 3971/3971/3971
f 3965/3965/3965 3963/3963/3963 3980/3980/3980
f 3963/3963/3963 3883/3883/3883 3980/3980/3980
f 3997/3997/3997 3885/3885/3885 3994/3994/3994
f 4003/4003/4003 3885/3885/3885 3997/3997/3997
f 3982/3982/3982 3980/3980/3980 3882/3882/3882
f 3928/3928/3928 3971/3971/3971 3875/3875/3875
f 4323/4323/4323 3910/3910/3910 3912/3912/3912
f 3914/3914/3914 4324/4324/4324 3912/3912/3912
f 4322/4322/4322 3922/3922/3922 3910/3910/3910
f 4323/4323/4323 3912/3912/3912 4324/4324/4324
f 4302/4302/4302 4301/4301/4301 4256/4256/4256
f 4300/4300/4300 4299/4299/4299 4301/4301/4301
f 4323/4323/4323 4322/4322/4322 3910/3910/3910
f 3956/3956/3956 3916/3916/3916 4322/4322/4322
f 3916/3916/3916 3922/3922/3922 4322/4322/4322
f 4299/4299/4299 3913/3913/3913 4301/4301/4301
f 4321/4321/4321 3915/3915/3915 3956/3956/3956
f 4003/4003/4003 3997/3997/3997 3998/3998/3998
f 4321/4321/4321 3964/3964/3964 3915/3915/3915
f 4320/4320/4320 3958/3958/3958 4321/4321/4321
f 3964/3964/3964 4321/4321/4321 3958/3958/3958
f 3958/3958/3958 4320/4320/4320 4319/4319/4319
f 4319/4319/4319 3994/3994/3994 3958/3958/3958
f 4319/4319/4319 3996/3996/3996 3994/3994/3994
f 3996/3996/3996 4319/4319/4319 3993/3993/3993
f 3958/3958/3958 3994/3994/3994 3884/3884/3884
f 4322/4322/4322 4321/4321/4321 3956/3956/3956
f 3884/3884/3884 3963/3963/3963 3958/3958/3958
f 4014/4014/4014 4012/4012/4012 3890/3890/3890
f 4008/4008/4008 4001/4001/4001 4014/4014/4014
f 4012/4012/4012 4042/4042/4042 3891/3891/3891
f 4004/4004/4004 4010/4010/4010 4003/4003/4003
f 4042/4042/4042 4012/4012/4012 4007/4007/4007
f 4007/4007/4007 4005/4005/4005 4042/4042/4042
f 4022/4022/4022 4039/4039/4039 4043/4043/4043
f 4042/4042/4042 4043/4043/4043 3891/3891/3891
f 4033/4033/4033 4031/4031/4031 4048/4048/4048
f 3900/3900/3900 4064/4064/4064 4065/4065/4065
f 3902/3902/3902 4069/4069/4069 4062/4062/4062
f 3903/3903/3903 4062/4062/4062 4072/4072/4072
f 4069/4069/4069 3901/3901/3901 4065/4065/4065
f 3899/3899/3899 4024/4024/4024 4057/4057/4057
f 4058/4058/4058 4064/4064/4064 4057/4057/4057
f 4024/4024/4024 3899/3899/3899 4031/4031/4031
f 4070/4070/4070 4068/4068/4068 3905/3905/3905
f 4068/4068/4068 4066/4066/4066 3905/3905/3905
f 4070/4070/4070 3904/3904/3904 4072/4072/4072
f 3898/3898/3898 4048/4048/4048 4031/4031/4031
f 3899/3899/3899 4057/4057/4057 4064/4064/4064
f 4318/4318/4318 4006/4006/4006 3993/3993/3993
f 3993/3993/3993 4319/4319/4319 4318/4318/4318
f 4031/4031/4031 4026/4026/4026 4024/4024/4024
f 4318/4318/4318 4000/4000/4000 4006/4006/4006
f 3999/3999/3999 4016/4016/4016 4318/4318/4318
f 4000/4000/4000 4318/4318/4318 4016/4016/4016
f 4317/4317/4317 4025/4025/4025 3999/3999/3999
f 3999/3999/3999 4318/4318/4318 4317/4317/4317
f 4317/4317/4317 4019/4019/4019 4025/4025/4025
f 4052/4052/4052 4019/4019/4019 4317/4317/4317
f 4066/4066/4066 4061/4061/4061 4059/4059/4059
f 4316/4316/4316 4018/4018/4018 4052/4052/4052
f 4052/4052/4052 4317/4317/4317 4316/4316/4316
f 4316/4316/4316 4054/4054/4054 4060/4060/4060
f 4315/4315/4315 4054/4054/4054 4316/4316/4316
f 4018/4018/4018 4316/4316/4316 4060/4060/4060
f 4314/4314/4314 4298/4298/4298 4315/4315/4315
f 3907/3907/3907 4059/4059/4059 4054/4054/4054
f 3907/3907/3907 4054/4054/4054 4315/4315/4315
f 4059/4059/4059 3906/3906/3906 4066/4066/4066
f 4053/4053/4053 4057/4057/4057 4024/4024/4024
f 4298/4298/4298 3908/3908/3908 4315/4315/4315
f 4293/4293/4293 4115/4115/4115 4295/4295/4295
f 4377/4377/4377 4369/4369/4369 4370/4370/4370
f 4371/4371/4371 4377/4377/4377 4373/4373/4373
f 4369/4369/4369 4377/4377/4377 4371/4371/4371
f 4373/4373/4373 4378/4378/4378 4399/4399/4399
f 4399/4399/4399 4397/4397/4397 4373/4373/4373
f 4397/4397/4397 4399/4399/4399 4398/4398/4398
f 4398/4398/4398 4372/4372/4372 4397/4397/4397
f 4384/4384/4384 4370/4370/4370 4376/4376/4376
f 4377/4377/4377 4384/4384/4384 4379/4379/4379
f 4370/4370/4370 4384/4384/4384 4377/4377/4377
f 4394/4394/4394 4377/4377/4377 4379/4379/4379
f 4373/4373/4373 4394/4394/4394 4378/4378/4378
f 4377/4377/4377 4394/4394/4394 4373/4373/4373
f 4379/4379/4379 4385/4385/4385 4396/4396/4396
f 4396/4396/4396 4394/4394/4394 4379/4379/4379
f 4394/4394/4394 4396/4396/4396 4395/4395/4395
f 4395/4395/4395 4378/4378/4378 4394/4394/4394
f 4405/4405/4405 4376/4376/4376 4383/4383/4383
f 4384/4384/4384 4405/4405/4405 4386/4386/4386
f 4376/4376/4376 4405/4405/4405 4384/4384/4384
f 4391/4391/4391 4384/4384/4384 4386/4386/4386
f 4379/4379/4379 4391/4391/4391 4385/4385/4385
f 4384/4384/4384 4391/4391/4391 4379/4379/4379
f 4401/4401/4401 4386/4386/4386 4390/4390/4390
f 4391/4391/4391 4401/4401/4401 4393/4393/4393
f 4386/4386/4386 4401/4401/4401 4391/4391/4391
f 4391/4391/4391 4393/4393/4393 4392/4392/4392
f 4392/4392/4392 4385/4385/4385 4391/4391/4391
f 4390/4390/4390 4400/4400/4400 4403/4403/4403
f 4403/4403/4403 4401/4401/4401 4390/4390/4390
f 4401/4401/4401 4403/4403/4403 4402/4402/4402
f 4402/4402/4402 4393/4393/4393 4401/4401/4401
f 4383/4383/4383 4404/4404/4404 4406/4406/4406
f 4406/4406/4406 4405/4405/4405 4383/4383/4383
f 4411/4411/4411 4405/4405/4405 4406/4406/4406
f 4386/4386/4386 4411/4411/4411 4390/4390/4390
f 4405/4405/4405 4411/4411/4411 4386/4386/4386
f 4406/4406/4406 4410/4410/4410 4412/4412/4412
f 4412/4412/4412 4411/4411/4411 4406/4406/4406
f 4411/4411/4411 4412/4412/4412 4400/4400/4400
f 4400/4400/4400 4390/4390/4390 4411/4411/4411
f 4375/4375/4375 4380/4380/4380 4382/4382/4382
f 4382/4382/4382 4381/4381/4381 4375/4375/4375
f 4388/4388/4388 4381/4381/4381 4382/4382/4382
f 4369/4369/4369 4388/4388/4388 4370/4370/4370
f 4381/4381/4381 4388/4388/4388 4369/4369/4369
f 4382/4382/4382 4387/4387/4387 4389/4389/4389
f 4389/4389/4389 4388/4388/4388 4382/4382/4382
f 4408/4408/4408 4388/4388/4388 4389/4389/4389
f 4370/4370/4370 4408/4408/4408 4376/4376/4376
f 4388/4388/4388 4408/4408/4408 4370/4370/4370
f 4389/4389/4389 4407/4407/4407 4409/4409/4409
f 4409/4409/4409 4408/4408/4408 4389/4389/4389
f 4408/4408/4408 4409/4409/4409 4383/4383/4383
f 4383/4383/4383 4376/4376/4376 4408/4408/4408
f 4418/4418/4418 4374/4374/4374 4413/4413/4413
f 4414/4414/4414 4418/4418/4418 4415/4415/4415
f 4374/4374/4374 4418/4418/4418 4414/4414/4414
f 4428/4428/4428 4414/4414/4414 4415/4415/4415
f 4375/4375/4375 4428/4428/4428 4380/4380/4380
f 4414/4414/4414 4428/4428/4428 4375/4375/4375
f 4415/4415/4415 4419/4419/4419 4430/4430/4430
f 4430/4430/4430 4428/4428/4428 4415/4415/4415
f 4428/4428/4428 4430/4430/4430 4429/4429/4429
f 4429/4429/4429 4380/4380/4380 4428/4428/4428
f 4436/4436/4436 4413/4413/4413 4417/4417/4417
f 4418/4418/4418 4436/4436/4436 4420/4420/4420
f 4413/4413/4413 4436/4436/4436 4418/4418/4418
f 4425/4425/4425 4418/4418/4418 4420/4420/4420
f 4415/4415/4415 4425/4425/4425 4419/4419/4419
f 4418/4418/4418 4425/4425/4425 4415/4415/4415
f 4432/4432/4432 4420/4420/4420 4424/4424/4424
f 4425/4425/4425 4432/4432/4432 4427/4427/4427
f 4420/4420/4420 4432/4432/4432 4425/4425/4425
f 4425/4425/4425 4427/4427/4427 4426/4426/4426
f 4426/4426/4426 4419/4419/4419 4425/4425/4425
f 4442/4442/4442 4424/4424/4424 4431/4431/4431
f 4432/4432/4432 4442/4442/4442 4434/4434/4434
f 4424/4424/4424 4442/4442/4442 4432/4432/4432
f 4432/4432/4432 4434/4434/4434 4433/4433/4433
f 4433/4433/4433 4427/4427/4427 4432/4432/4432
f 4431/4431/4431 4441/4441/4441 4444/4444/4444
f 4444/4444/4444 4442/4442/4442 4431/4431/4431
f 4442/4442/4442 4444/4444/4444 4443/4443/4443
f 4443/4443/4443 4434/4434/4434 4442/4442/4442
f 4417/4417/4417 4435/4435/4435 4437/4437/4437
f 4437/4437/4437 4436/4436/4436 4417/4417/4417
f 4446/4446/4446 4436/4436/4436 4437/4437/4437
f 4420/4420/4420 4446/4446/4446 4424/4424/4424
f 4436/4436/4436 4446/4446/4446 4420/4420/4420
f 4437/4437/4437 4445/4445/4445 4447/4447/4447
f 4447/4447/4447 4446/4446/4446 4437/4437/4437
f 4449/4449/4449 4446/4446/4446 4447/4447/4447
f 4424/4424/4424 4449/4449/4449 4431/4431/4431
f 4446/4446/4446 4449/4449/4449 4424/4424/4424
f 4447/4447/4447 4448/4448/4448 4450/4450/4450
f 4450/4450/4450 4449/4449/4449 4447/4447/4447
f 4449/4449/4449 4450/4450/4450 4441/4441/4441
f 4441/4441/4441 4431/4431/4431 4449/4449/4449
f 4416/4416/4416 4421/4421/4421 4423/4423/4423
f 4423/4423/4423 4422/4422/4422 4416/4416/4416
f 4439/4439/4439 4422/4422/4422 4423/4423/4423
f 4374/4374/4374 4439/4439/4439 4413/4413/4413
f 4422/4422/4422 4439/4439/4439 4374/4374/4374
f 4423/4423/4423 4438/4438/4438 4440/4440/4440
f 4440/4440/4440 4439/4439/4439 4423/4423/4423
f 4439/4439/4439 4440/4440/4440 4417/4417/4417
f 4417/4417/4417 4413/4413/4413 4439/4439/4439
f 4460/4460/4460 4451/4451/4451 4453/4453/4453
f 4454/4454/4454 4460/4460/4460 4456/4456/4456
f 4451/4451/4451 4460/4460/4460 4454/4454/4454
f 4454/4454/4454 4456/4456/4456 4455/4455/4455
f 4455/4455/4455 4452/4452/4452 4454/4454/4454
f 4467/4467/4467 4453/4453/4453 4459/4459/4459
f 4460/4460/4460 4467/4467/4467 4462/4462/4462
f 4453/4453/4453 4467/4467/4467 4460/4460/4460
f 4460/4460/4460 4462/4462/4462 4461/4461/4461
f 4461/4461/4461 4456/4456/4456 4460/4460/4460
f 4459/4459/4459 4466/4466/4466 4469/4469/4469
f 4469/4469/4469 4467/4467/4467 4459/4459/4459
f 4467/4467/4467 4469/4469/4469 4468/4468/4468
f 4468/4468/4468 4462/4462/4462 4467/4467/4467
f 4458/4458/4458 4463/4463/4463 4465/4465/4465
f 4465/4465/4465 4464/4464/4464 4458/4458/4458
f 4471/4471/4471 4464/4464/4464 4465/4465/4465
f 4451/4451/4451 4471/4471/4471 4453/4453/4453
f 4464/4464/4464 4471/4471/4471 4451/4451/4451
f 4465/4465/4465 4470/4470/4470 4472/4472/4472
f 4472/4472/4472 4471/4471/4471 4465/4465/4465
f 4471/4471/4471 4472/4472/4472 4459/4459/4459
f 4459/4459/4459 4453/4453/4453 4471/4471/4471
f 4479/4479/4479 4457/4457/4457 4473/4473/4473
f 4474/4474/4474 4479/4479/4479 4475/4475/4475
f 4457/4457/4457 4479/4479/4479 4474/4474/4474
f 4499/4499/4499 4474/4474/4474 4475/4475/4475
f 4458/4458/4458 4499/4499/4499 4463/4463/4463
f 4474/4474/4474 4499/4499/4499 4458/4458/4458
f 4475/4475/4475 4480/4480/4480 4501/4501/4501
f 4501/4501/4501 4499/4499/4499 4475/4475/4475
f 4499/4499/4499 4501/4501/4501 4500/4500/4500
f 4500/4500/4500 4463/4463/4463 4499/4499/4499
f 4486/4486/4486 4473/4473/4473 4478/4478/4478
f 4479/4479/4479 4486/4486/4486 4481/4481/4481
f 4473/4473/4473 4486/4486/4486 4479/4479/4479
f 4496/4496/4496 4479/4479/4479 4481/4481/4481
f 4475/4475/4475 4496/4496/4496 4480/4480/4480
f 4479/4479/4479 4496/4496/4496 4475/4475/4475
f 4481/4481/4481 4487/4487/4487 4498/4498/4498
f 4498/4498/4498 4496/4496/4496 4481/4481/4481
f 4496/4496/4496 4498/4498/4498 4497/4497/4497
f 4497/4497/4497 4480/4480/4480 4496/4496/4496
f 4504/4504/4504 4478/4478/4478 4485/4485/4485
f 4486/4486/4486 4504/4504/4504 4488/4488/4488
f 4478/4478/4478 4504/4504/4504 4486/4486/4486
f 4493/4493/4493 4486/4486/4486 4488/4488/4488
f 4481/4481/4481 4493/4493/4493 4487/4487/4487
f 4486/4486/4486 4493/4493/4493 4481/4481/4481
f 4502/4502/4502 4488/4488/4488 4492/4492/4492
f 4493/4493/4493 4502/4502/4502 4495/4495/4495
f 4488/4488/4488 4502/4502/4502 4493/4493/4493
f 4493/4493/4493 4495/4495/4495 4494/4494/4494
f 4494/4494/4494 4487/4487/4487 4493/4493/4493
f 4485/4485/4485 4503/4503/4503 4505/4505/4505
f 4505/4505/4505 4504/4504/4504 4485/4485/4485
f 4504/4504/4504 4505/4505/4505 4492/4492/4492
f 4492/4492/4492 4488/4488/4488 4504/4504/4504
f 4477/4477/4477 4482/4482/4482 4484/4484/4484
f 4484/4484/4484 4483/4483/4483 4477/4477/4477
f 4490/4490/4490 4483/4483/4483 4484/4484/4484
f 4457/4457/4457 4490/4490/4490 4473/4473/4473
f 4483/4483/4483 4490/4490/4490 4457/4457/4457
f 4484/4484/4484 4489/4489/4489 4491/4491/4491
f 4491/4491/4491 4490/4490/4490 4484/4484/4484
f 4507/4507/4507 4490/4490/4490 4491/4491/4491
f 4473/4473/4473 4507/4507/4507 4478/4478/4478
f 4490/4490/4490 4507/4507/4507 4473/4473/4473
f 4491/4491/4491 4506/4506/4506 4508/4508/4508
f 4508/4508/4508 4507/4507/4507 4491/4491/4491
f 4507/4507/4507 4508/4508/4508 4485/4485/4485
f 4485/4485/4485 4478/4478/4478 4507/4507/4507
f 4514/4514/4514 4476/4476/4476 4509/4509/4509
f 4510/4510/4510 4514/4514/4514 4511/4511/4511
f 4476/4476/4476 4514/4514/4514 4510/4510/4510
f 4510/4510/4510 4511/4511/4511 4482/4482/4482
f 4482/4482/4482 4477/4477/4477 4510/4510/4510
f 4521/4521/4521 4509/4509/4509 4513/4513/4513
f 4514/4514/4514 4521/4521/4521 4516/4516/4516
f 4509/4509/4509 4521/4521/4521 4514/4514/4514
f 4514/4514/4514 4516/4516/4516 4515/4515/4515
f 4515/4515/4515 4511/4511/4511 4514/4514/4514
f 4527/4527/4527 4513/4513/4513 4520/4520/4520
f 4521/4521/4521 4527/4527/4527 4523/4523/4523
f 4513/4513/4513 4527/4527/4527 4521/4521/4521
f 4521/4521/4521 4523/4523/4523 4522/4522/4522
f 4522/4522/4522 4516/4516/4516 4521/4521/4521
f 4512/4512/4512 4517/4517/4517 4519/4519/4519
f 4519/4519/4519 4518/4518/4518 4512/4512/4512
f 4525/4525/4525 4518/4518/4518 4519/4519/4519
f 4476/4476/4476 4525/4525/4525 4509/4509/4509
f 4518/4518/4518 4525/4525/4525 4476/4476/4476
f 4519/4519/4519 4524/4524/4524 4526/4526/4526
f 4526/4526/4526 4525/4525/4525 4519/4519/4519
f 4529/4529/4529 4525/4525/4525 4526/4526/4526
f 4509/4509/4509 4529/4529/4529 4513/4513/4513
f 4525/4525/4525 4529/4529/4529 4509/4509/4509
f 4526/4526/4526 4528/4528/4528 4530/4530/4530
f 4530/4530/4530 4529/4529/4529 4526/4526/4526
f 4529/4529/4529 4530/4530/4530 4520/4520/4520
f 4520/4520/4520 4513/4513/4513 4529/4529/4529
f 4326/4326/4326 4398/4398/4398 4327/4327/4327
f 4403/4403/4403 4328/4328/4328 4402/4402/4402
f 4395/4395/4395 4328/4328/4328 4327/4327/4327
f 4328/4328/4328 4403/4403/4403 4400/4400/4400
f 4328/4328/4328 4392/4392/4392 4402/4402/4402
f 4330/4330/4330 4329/4329/4329 4400/4400/4400
f 4410/4410/4410 4332/4332/4332 4331/4331/4331
f 4330/4330/4330 4412/4412/4412 4331/4331/4331
f 4329/4329/4329 4328/4328/4328 4400/4400/4400
f 4333/4333/4333 4332/4332/4332 4404/4404/4404
f 4393/4393/4393 4402/4402/4402 4392/4392/4392
f 4392/4392/4392 4395/4395/4395 4396/4396/4396
f 4392/4392/4392 4396/4396/4396 4385/4385/4385
f 4328/4328/4328 4395/4395/4395 4392/4392/4392
f 4330/4330/4330 4400/4400/4400 4412/4412/4412
f 4331/4331/4331 4412/4412/4412 4410/4410/4410
f 4410/4410/4410 4406/4406/4406 4404/4404/4404
f 4404/4404/4404 4383/4383/4383 4409/4409/4409
f 4404/4404/4404 4332/4332/4332 4410/4410/4410
f 4333/4333/4333 4404/4404/4404 4409/4409/4409
f 4395/4395/4395 4327/4327/4327 4399/4399/4399
f 4334/4334/4334 4387/4387/4387 4335/4335/4335
f 4337/4337/4337 4336/4336/4336 4441/4441/4441
f 4443/4443/4443 4336/4336/4336 4335/4335/4335
f 4337/4337/4337 4441/4441/4441 4338/4338/4338
f 4448/4448/4448 4340/4340/4340 4339/4339/4339
f 4341/4341/4341 4445/4445/4445 4435/4435/4435
f 4340/4340/4340 4445/4445/4445 4341/4341/4341
f 4450/4450/4450 4339/4339/4339 4338/4338/4338
f 4341/4341/4341 4435/4435/4435 4342/4342/4342
f 4444/4444/4444 4336/4336/4336 4443/4443/4443
f 4433/4433/4433 4434/4434/4434 4443/4443/4443
f 4433/4433/4433 4335/4335/4335 4426/4426/4426
f 4444/4444/4444 4441/4441/4441 4336/4336/4336
f 4335/4335/4335 4433/4433/4433 4443/4443/4443
f 4448/4448/4448 4339/4339/4339 4450/4450/4450
f 4338/4338/4338 4441/4441/4441 4450/4450/4450
f 4343/4343/4343 4421/4421/4421 4344/4344/4344
f 4447/4447/4447 4445/4445/4445 4448/4448/4448
f 4445/4445/4445 4340/4340/4340 4448/4448/4448
f 4438/4438/4438 4343/4343/4343 4342/4342/4342
f 4407/4407/4407 4334/4334/4334 4333/4333/4333
f 4344/4344/4344 4452/4452/4452 4345/4345/4345
f 4399/4399/4399 4327/4327/4327 4398/4398/4398
f 4372/4372/4372 4544/4544/4544 4543/4543/4543
f 4543/4543/4543 4397/4397/4397 4372/4372/4372
f 4399/4399/4399 4378/4378/4378 4395/4395/4395
f 4326/4326/4326 4533/4533/4533 4372/4372/4372
f 4333/4333/4333 4409/4409/4409 4407/4407/4407
f 4407/4407/4407 4389/4389/4389 4387/4387/4387
f 4334/4334/4334 4407/4407/4407 4387/4387/4387
f 4335/4335/4335 4387/4387/4387 4429/4429/4429
f 4382/4382/4382 4380/4380/4380 4429/4429/4429
f 4429/4429/4429 4387/4387/4387 4382/4382/4382
f 4544/4544/4544 4533/4533/4533 4545/4545/4545
f 4542/4542/4542 4371/4371/4371 4543/4543/4543
f 4372/4372/4372 4533/4533/4533 4544/4544/4544
f 4543/4543/4543 4371/4371/4371 4373/4373/4373
f 4541/4541/4541 4381/4381/4381 4369/4369/4369
f 4541/4541/4541 4369/4369/4369 4371/4371/4371
f 4371/4371/4371 4542/4542/4542 4541/4541/4541
f 4541/4541/4541 4375/4375/4375 4381/4381/4381
f 4543/4543/4543 4373/4373/4373 4397/4397/4397
f 4398/4398/4398 4326/4326/4326 4372/4372/4372
f 4433/4433/4433 4426/4426/4426 4427/4427/4427
f 4426/4426/4426 4430/4430/4430 4419/4419/4419
f 4335/4335/4335 4429/4429/4429 4430/4430/4430
f 4445/4445/4445 4437/4437/4437 4435/4435/4435
f 4440/4440/4440 4435/4435/4435 4417/4417/4417
f 4342/4342/4342 4435/4435/4435 4440/4440/4440
f 4438/4438/4438 4342/4342/4342 4440/4440/4440
f 4461/4461/4461 4345/4345/4345 4455/4455/4455
f 4421/4421/4421 4343/4343/4343 4438/4438/4438
f 4540/4540/4540 4374/4374/4374 4414/4414/4414
f 4374/4374/4374 4540/4540/4540 4422/4422/4422
f 4414/4414/4414 4541/4541/4541 4540/4540/4540
f 4375/4375/4375 4541/4541/4541 4414/4414/4414
f 4452/4452/4452 4455/4455/4455 4345/4345/4345
f 4416/4416/4416 4452/4452/4452 4344/4344/4344
f 4416/4416/4416 4539/4539/4539 4538/4538/4538
f 4538/4538/4538 4452/4452/4452 4416/4416/4416
f 4344/4344/4344 4421/4421/4421 4416/4416/4416
f 4416/4416/4416 4540/4540/4540 4539/4539/4539
f 4422/4422/4422 4540/4540/4540 4416/4416/4416
f 4421/4421/4421 4438/4438/4438 4423/4423/4423
f 4456/4456/4456 4461/4461/4461 4455/4455/4455
f 4335/4335/4335 4430/4430/4430 4426/4426/4426
f 4461/4461/4461 4346/4346/4346 4345/4345/4345
f 4347/4347/4347 4346/4346/4346 4468/4468/4468
f 4349/4349/4349 4348/4348/4348 4466/4466/4466
f 4469/4469/4469 4348/4348/4348 4347/4347/4347
f 4466/4466/4466 4472/4472/4472 4349/4349/4349
f 4349/4349/4349 4472/4472/4472 4350/4350/4350
f 4354/4354/4354 4353/4353/4353 4502/4502/4502
f 4353/4353/4353 4352/4352/4352 4502/4502/4502
f 4352/4352/4352 4351/4351/4351 4494/4494/4494
f 4355/4355/4355 4354/4354/4354 4492/4492/4492
f 4469/4469/4469 4347/4347/4347 4468/4468/4468
f 4497/4497/4497 4351/4351/4351 4501/4501/4501
f 4350/4350/4350 4470/4470/4470 4351/4351/4351
f 4494/4494/4494 4497/4497/4497 4498/4498/4498
f 4469/4469/4469 4466/4466/4466 4348/4348/4348
f 4352/4352/4352 4494/4494/4494 4495/4495/4495
f 4352/4352/4352 4495/4495/4495 4502/4502/4502
f 4355/4355/4355 4492/4492/4492 4505/4505/4505
f 4492/4492/4492 4354/4354/4354 4502/4502/4502
f 4498/4498/4498 4487/4487/4487 4494/4494/4494
f 4494/4494/4494 4351/4351/4351 4497/4497/4497
f 4505/4505/4505 4356/4356/4356 4355/4355/4355
f 4468/4468/4468 4461/4461/4461 4462/4462/4462
f 4503/4503/4503 4357/4357/4357 4356/4356/4356
f 4522/4522/4522 4360/4360/4360 4359/4359/4359
f 4489/4489/4489 4358/4358/4358 4506/4506/4506
f 4506/4506/4506 4358/4358/4358 4357/4357/4357
f 4527/4527/4527 4362/4362/4362 4361/4361/4361
f 4364/4364/4364 4363/4363/4363 4530/4530/4530
f 4363/4363/4363 4362/4362/4362 4520/4520/4520
f 4520/4520/4520 4362/4362/4362 4527/4527/4527
f 4527/4527/4527 4361/4361/4361 4360/4360/4360
f 4485/4485/4485 4357/4357/4357 4503/4503/4503
f 4508/4508/4508 4357/4357/4357 4485/4485/4485
f 4506/4506/4506 4357/4357/4357 4508/4508/4508
f 4522/4522/4522 4359/4359/4359 4515/4515/4515
f 4489/4489/4489 4359/4359/4359 4358/4358/4358
f 4367/4367/4367 4366/4366/4366 4517/4517/4517
f 4366/4366/4366 4365/4365/4365 4524/4524/4524
f 4360/4360/4360 4523/4523/4523 4527/4527/4527
f 4367/4367/4367 4534/4534/4534 4368/4368/4368
f 4531/4531/4531 4368/4368/4368 4532/4532/4532
f 4360/4360/4360 4522/4522/4522 4523/4523/4523
f 4364/4364/4364 4528/4528/4528 4365/4365/4365
f 4356/4356/4356 4505/4505/4505 4503/4503/4503
f 4470/4470/4470 4350/4350/4350 4472/4472/4472
f 4459/4459/4459 4472/4472/4472 4466/4466/4466
f 4500/4500/4500 4470/4470/4470 4465/4465/4465
f 4465/4465/4465 4463/4463/4463 4500/4500/4500
f 4501/4501/4501 4351/4351/4351 4500/4500/4500
f 4489/4489/4489 4506/4506/4506 4491/4491/4491
f 4501/4501/4501 4480/4480/4480 4497/4497/4497
f 4470/4470/4470 4500/4500/4500 4351/4351/4351
f 4464/4464/4464 4451/4451/4451 4538/4538/4538
f 4454/4454/4454 4538/4538/4538 4451/4451/4451
f 4537/4537/4537 4464/4464/4464 4538/4538/4538
f 4452/4452/4452 4538/4538/4538 4454/4454/4454
f 4457/4457/4457 4474/4474/4474 4537/4537/4537
f 4458/4458/4458 4537/4537/4537 4474/4474/4474
f 4536/4536/4536 4483/4483/4483 4457/4457/4457
f 4457/4457/4457 4537/4537/4537 4536/4536/4536
f 4464/4464/4464 4537/4537/4537 4458/4458/4458
f 4484/4484/4484 4482/4482/4482 4489/4489/4489
f 4515/4515/4515 4516/4516/4516 4522/4522/4522
f 4515/4515/4515 4359/4359/4359 4482/4482/4482
f 4482/4482/4482 4511/4511/4511 4515/4515/4515
f 4359/4359/4359 4489/4489/4489 4482/4482/4482
f 4364/4364/4364 4530/4530/4530 4528/4528/4528
f 4526/4526/4526 4365/4365/4365 4528/4528/4528
f 4519/4519/4519 4517/4517/4517 4524/4524/4524
f 4517/4517/4517 4366/4366/4366 4524/4524/4524
f 4365/4365/4365 4526/4526/4526 4524/4524/4524
f 4530/4530/4530 4363/4363/4363 4520/4520/4520
f 4536/4536/4536 4477/4477/4477 4483/4483/4483
f 4476/4476/4476 4510/4510/4510 4536/4536/4536
f 4477/4477/4477 4536/4536/4536 4510/4510/4510
f 4535/4535/4535 4476/4476/4476 4536/4536/4536
f 4512/4512/4512 4518/4518/4518 4535/4535/4535
f 4512/4512/4512 4534/4534/4534 4367/4367/4367
f 4512/4512/4512 4367/4367/4367 4517/4517/4517
f 4512/4512/4512 4535/4535/4535 4534/4534/4534
f 4532/4532/4532 4534/4534/4534 4325/4325/4325
f 4476/4476/4476 4535/4535/4535 4518/4518/4518
f 4532/4532/4532 4368/4368/4368 4534/4534/4534
f 4346/4346/4346 4461/4461/4461 4468/4468/4468
f 4609/4609/4609 4591/4591/4591 4595/4595/4595
f 4602/4602/4602 4609/4609/4609 4604/4604/4604
f 4591/4591/4591 4609/4609/4609 4602/4602/4602
f 4602/4602/4602 4604/4604/4604 4603/4603/4603
f 4603/4603/4603 4597/4597/4597 4602/4602/4602
f 4595/4595/4595 4600/4600/4600 4611/4611/4611
f 4611/4611/4611 4609/4609/4609 4595/4595/4595
f 4609/4609/4609 4611/4611/4611 4610/4610/4610
f 4610/4610/4610 4604/4604/4604 4609/4609/4609
f 4617/4617/4617 4592/4592/4592 4593/4593/4593
f 4594/4594/4594 4617/4617/4617 4596/4596/4596
f 4592/4592/4592 4617/4617/4617 4594/4594/4594
f 4599/4599/4599 4594/4594/4594 4596/4596/4596
f 4591/4591/4591 4599/4599/4599 4595/4595/4595
f 4594/4594/4594 4599/4599/4599 4591/4591/4591
f 4614/4614/4614 4596/4596/4596 4598/4598/4598
f 4599/4599/4599 4614/4614/4614 4601/4601/4601
f 4596/4596/4596 4614/4614/4614 4599/4599/4599
f 4606/4606/4606 4599/4599/4599 4601/4601/4601
f 4595/4595/4595 4606/4606/4606 4600/4600/4600
f 4599/4599/4599 4606/4606/4606 4595/4595/4595
f 4612/4612/4612 4601/4601/4601 4605/4605/4605
f 4606/4606/4606 4612/4612/4612 4608/4608/4608
f 4601/4601/4601 4612/4612/4612 4606/4606/4606
f 4606/4606/4606 4608/4608/4608 4607/4607/4607
f 4607/4607/4607 4600/4600/4600 4606/4606/4606
f 4598/4598/4598 4613/4613/4613 4615/4615/4615
f 4615/4615/4615 4614/4614/4614 4598/4598/4598
f 4614/4614/4614 4615/4615/4615 4605/4605/4605
f 4605/4605/4605 4601/4601/4601 4614/4614/4614
f 4593/4593/4593 4616/4616/4616 4618/4618/4618
f 4618/4618/4618 4617/4617/4617 4593/4593/4593
f 4617/4617/4617 4618/4618/4618 4598/4598/4598
f 4598/4598/4598 4596/4596/4596 4617/4617/4617
f 4635/4635/4635 4590/4590/4590 4619/4619/4619
f 4620/4620/4620 4635/4635/4635 4621/4621/4621
f 4590/4590/4590 4635/4635/4635 4620/4620/4620
f 4620/4620/4620 4621/4621/4621 4593/4593/4593
f 4593/4593/4593 4592/4592/4592 4620/4620/4620
f 4657/4657/4657 4619/4619/4619 4629/4629/4629
f 4635/4635/4635 4657/4657/4657 4637/4637/4637
f 4619/4619/4619 4657/4657/4657 4635/4635/4635
f 4635/4635/4635 4637/4637/4637 4636/4636/4636
f 4636/4636/4636 4621/4621/4621 4635/4635/4635
f 4629/4629/4629 4633/4633/4633 4659/4659/4659
f 4659/4659/4659 4657/4657/4657 4629/4629/4629
f 4657/4657/4657 4659/4659/4659 4658/4658/4658
f 4658/4658/4658 4637/4637/4637 4657/4657/4657
f 4646/4646/4646 4623/4623/4623 4624/4624/4624
f 4625/4625/4625 4646/4646/4646 4626/4626/4626
f 4623/4623/4623 4646/4646/4646 4625/4625/4625
f 4628/4628/4628 4625/4625/4625 4626/4626/4626
f 4590/4590/4590 4628/4628/4628 4619/4619/4619
f 4625/4625/4625 4628/4628/4628 4590/4590/4590
f 4643/4643/4643 4626/4626/4626 4627/4627/4627
f 4628/4628/4628 4643/4643/4643 4630/4630/4630
f 4626/4626/4626 4643/4643/4643 4628/4628/4628
f 4632/4632/4632 4628/4628/4628 4630/4630/4630
f 4619/4619/4619 4632/4632/4632 4629/4629/4629
f 4628/4628/4628 4632/4632/4632 4619/4619/4619
f 4639/4639/4639 4630/4630/4630 4631/4631/4631
f 4632/4632/4632 4639/4639/4639 4634/4634/4634
f 4630/4630/4630 4639/4639/4639 4632/4632/4632
f 4654/4654/4654 4632/4632/4632 4634/4634/4634
f 4629/4629/4629 4654/4654/4654 4633/4633/4633
f 4632/4632/4632 4654/4654/4654 4629/4629/4629
f 4634/4634/4634 4640/4640/4640 4656/4656/4656
f 4656/4656/4656 4654/4654/4654 4634/4634/4634
f 4654/4654/4654 4656/4656/4656 4655/4655/4655
f 4655/4655/4655 4633/4633/4633 4654/4654/4654
f 4660/4660/4660 4631/4631/4631 4638/4638/4638
f 4639/4639/4639 4660/4660/4660 4641/4641/4641
f 4631/4631/4631 4660/4660/4660 4639/4639/4639
f 4653/4653/4653 4639/4639/4639 4641/4641/4641
f 4634/4634/4634 4653/4653/4653 4640/4640/4640
f 4639/4639/4639 4653/4653/4653 4634/4634/4634
f 4627/4627/4627 4642/4642/4642 4644/4644/4644
f 4644/4644/4644 4643/4643/4643 4627/4627/4627
f 4662/4662/4662 4643/4643/4643 4644/4644/4644
f 4630/4630/4630 4662/4662/4662 4631/4631/4631
f 4643/4643/4643 4662/4662/4662 4630/4630/4630
f 4644/4644/4644 4661/4661/4661 4663/4663/4663
f 4663/4663/4663 4662/4662/4662 4644/4644/4644
f 4662/4662/4662 4663/4663/4663 4638/4638/4638
f 4638/4638/4638 4631/4631/4631 4662/4662/4662
f 4624/4624/4624 4645/4645/4645 4647/4647/4647
f 4647/4647/4647 4646/4646/4646 4624/4624/4624
f 4646/4646/4646 4647/4647/4647 4627/4627/4627
f 4627/4627/4627 4626/4626/4626 4646/4646/4646
f 4675/4675/4675 4622/4622/4622 4648/4648/4648
f 4649/4649/4649 4675/4675/4675 4650/4650/4650
f 4622/4622/4622 4675/4675/4675 4649/4649/4649
f 4649/4649/4649 4650/4650/4650 4624/4624/4624
f 4624/4624/4624 4623/4623/4623 4649/4649/4649
f 4648/4648/4648 4669/4669/4669 4677/4677/4677
f 4677/4677/4677 4675/4675/4675 4648/4648/4648
f 4675/4675/4675 4677/4677/4677 4676/4676/4676
f 4676/4676/4676 4650/4650/4650 4675/4675/4675
f 4682/4682/4682 4652/4652/4652 4664/4664/4664
f 4665/4665/4665 4682/4682/4682 4666/4666/4666
f 4652/4652/4652 4682/4682/4682 4665/4665/4665
f 4668/4668/4668 4665/4665/4665 4666/4666/4666
f 4622/4622/4622 4668/4668/4668 4648/4648/4648
f 4665/4665/4665 4668/4668/4668 4622/4622/4622
f 4679/4679/4679 4666/4666/4666 4667/4667/4667
f 4668/4668/4668 4679/4679/4679 4670/4670/4670
f 4666/4666/4666 4679/4679/4679 4668/4668/4668
f 4672/4672/4672 4668/4668/4668 4670/4670/4670
f 4648/4648/4648 4672/4672/4672 4669/4669/4669
f 4668/4668/4668 4672/4672/4672 4648/4648/4648
f 4670/4670/4670 4671/4671/4671 4674/4674/4674
f 4674/4674/4674 4672/4672/4672 4670/4670/4670
f 4672/4672/4672 4674/4674/4674 4673/4673/4673
f 4673/4673/4673 4669/4669/4669 4672/4672/4672
f 4667/4667/4667 4678/4678/4678 4680/4680/4680
f 4680/4680/4680 4679/4679/4679 4667/4667/4667
f 4679/4679/4679 4680/4680/4680 4671/4671/4671
f 4671/4671/4671 4670/4670/4670 4679/4679/4679
f 4664/4664/4664 4681/4681/4681 4683/4683/4683
f 4683/4683/4683 4682/4682/4682 4664/4664/4664
f 4682/4682/4682 4683/4683/4683 4667/4667/4667
f 4667/4667/4667 4666/4666/4666 4682/4682/4682
f 4651/4651/4651 4684/4684/4684 4686/4686/4686
f 4686/4686/4686 4685/4685/4685 4651/4651/4651
f 4685/4685/4685 4686/4686/4686 4664/4664/4664
f 4664/4664/4664 4652/4652/4652 4685/4685/4685
f 4706/4706/4706 4687/4687/4687 4693/4693/4693
f 4699/4699/4699 4706/4706/4706 4701/4701/4701
f 4687/4687/4687 4706/4706/4706 4699/4699/4699
f 4699/4699/4699 4701/4701/4701 4700/4700/4700
f 4700/4700/4700 4688/4688/4688 4699/4699/4699
f 4713/4713/4713 4693/4693/4693 4697/4697/4697
f 4706/4706/4706 4713/4713/4713 4708/4708/4708
f 4693/4693/4693 4713/4713/4713 4706/4706/4706
f 4706/4706/4706 4708/4708/4708 4707/4707/4707
f 4707/4707/4707 4701/4701/4701 4706/4706/4706
f 4697/4697/4697 4704/4704/4704 4715/4715/4715
f 4715/4715/4715 4713/4713/4713 4697/4697/4697
f 4713/4713/4713 4715/4715/4715 4714/4714/4714
f 4714/4714/4714 4708/4708/4708 4713/4713/4713
f 4723/4723/4723 4690/4690/4690 4691/4691/4691
f 4692/4692/4692 4723/4723/4723 4694/4694/4694
f 4690/4690/4690 4723/4723/4723 4692/4692/4692
f 4696/4696/4696 4692/4692/4692 4694/4694/4694
f 4687/4687/4687 4696/4696/4696 4693/4693/4693
f 4692/4692/4692 4696/4696/4696 4687/4687/4687
f 4720/4720/4720 4694/4694/4694 4695/4695/4695
f 4696/4696/4696 4720/4720/4720 4698/4698/4698
f 4694/4694/4694 4720/4720/4720 4696/4696/4696
f 4703/4703/4703 4696/4696/4696 4698/4698/4698
f 4693/4693/4693 4703/4703/4703 4697/4697/4697
f 4696/4696/4696 4703/4703/4703 4693/4693/4693
f 4717/4717/4717 4698/4698/4698 4702/4702/4702
f 4703/4703/4703 4717/4717/4717 4705/4705/4705
f 4698/4698/4698 4717/4717/4717 4703/4703/4703
f 4710/4710/4710 4703/4703/4703 4705/4705/4705
f 4697/4697/4697 4710/4710/4710 4704/4704/4704
f 4703/4703/4703 4710/4710/4710 4697/4697/4697
f 4705/4705/4705 4709/4709/4709 4712/4712/4712
f 4712/4712/4712 4710/4710/4710 4705/4705/4705
f 4710/4710/4710 4712/4712/4712 4711/4711/4711
f 4711/4711/4711 4704/4704/4704 4710/4710/4710
f 4702/4702/4702 4716/4716/4716 4718/4718/4718
f 4718/4718/4718 4717/4717/4717 4702/4702/4702
f 4729/4729/4729 4717/4717/4717 4718/4718/4718
f 4705/4705/4705 4729/4729/4729 4709/4709/4709
f 4717/4717/4717 4729/4729/4729 4705/4705/4705
f 4718/4718/4718 4728/4728/4728 4731/4731/4731
f 4731/4731/4731 4729/4729/4729 4718/4718/4718
f 4729/4729/4729 4731/4731/4731 4730/4730/4730
f 4730/4730/4730 4709/4709/4709 4729/4729/4729
f 4695/4695/4695 4719/4719/4719 4721/4721/4721
f 4721/4721/4721 4720/4720/4720 4695/4695/4695
f 4720/4720/4720 4721/4721/4721 4702/4702/4702
f 4702/4702/4702 4698/4698/4698 4720/4720/4720
f 4691/4691/4691 4722/4722/4722 4724/4724/4724
f 4724/4724/4724 4723/4723/4723 4691/4691/4691
f 4723/4723/4723 4724/4724/4724 4695/4695/4695
f 4695/4695/4695 4694/4694/4694 4723/4723/4723
f 4743/4743/4743 4689/4689/4689 4725/4725/4725
f 4726/4726/4726 4743/4743/4743 4727/4727/4727
f 4689/4689/4689 4743/4743/4743 4726/4726/4726
f 4726/4726/4726 4727/4727/4727 4691/4691/4691
f 4691/4691/4691 4690/4690/4690 4726/4726/4726
f 4750/4750/4750 4725/4725/4725 4737/4737/4737
f 4743/4743/4743 4750/4750/4750 4745/4745/4745
f 4725/4725/4725 4750/4750/4750 4743/4743/4743
f 4743/4743/4743 4745/4745/4745 4744/4744/4744
f 4744/4744/4744 4727/4727/4727 4743/4743/4743
f 4757/4757/4757 4737/4737/4737 4741/4741/4741
f 4750/4750/4750 4757/4757/4757 4752/4752/4752
f 4737/4737/4737 4757/4757/4757 4750/4750/4750
f 4750/4750/4750 4752/4752/4752 4751/4751/4751
f 4751/4751/4751 4745/4745/4745 4750/4750/4750
f 4741/4741/4741 4748/4748/4748 4759/4759/4759
f 4759/4759/4759 4757/4757/4757 4741/4741/4741
f 4757/4757/4757 4759/4759/4759 4758/4758/4758
f 4758/4758/4758 4752/4752/4752 4757/4757/4757
f 4736/4736/4736 4733/4733/4733 4734/4734/4734
f 4689/4689/4689 4736/4736/4736 4725/4725/4725
f 4733/4733/4733 4736/4736/4736 4689/4689/4689
f 4767/4767/4767 4734/4734/4734 4735/4735/4735
f 4736/4736/4736 4767/4767/4767 4738/4738/4738
f 4734/4734/4734 4767/4767/4767 4736/4736/4736
f 4740/4740/4740 4736/4736/4736 4738/4738/4738
f 4725/4725/4725 4740/4740/4740 4737/4737/4737
f 4736/4736/4736 4740/4740/4740 4725/4725/4725
f 4764/4764/4764 4738/4738/4738 4739/4739/4739
f 4740/4740/4740 4764/4764/4764 4742/4742/4742
f 4738/4738/4738 4764/4764/4764 4740/4740/4740
f 4747/4747/4747 4740/4740/4740 4742/4742/4742
f 4737/4737/4737 4747/4747/4747 4741/4741/4741
f 4740/4740/4740 4747/4747/4747 4737/4737/4737
f 4761/4761/4761 4742/4742/4742 4746/4746/4746
f 4747/4747/4747 4761/4761/4761 4749/4749/4749
f 4742/4742/4742 4761/4761/4761 4747/4747/4747
f 4754/4754/4754 4747/4747/4747 4749/4749/4749
f 4741/4741/4741 4754/4754/4754 4748/4748/4748
f 4747/4747/4747 4754/4754/4754 4741/4741/4741
f 4749/4749/4749 4753/4753/4753 4756/4756/4756
f 4756/4756/4756 4754/4754/4754 4749/4749/4749
f 4754/4754/4754 4756/4756/4756 4755/4755/4755
f 4755/4755/4755 4748/4748/4748 4754/4754/4754
f 4746/4746/4746 4760/4760/4760 4762/4762/4762
f 4762/4762/4762 4761/4761/4761 4746/4746/4746
f 4761/4761/4761 4762/4762/4762 4753/4753/4753
f 4753/4753/4753 4749/4749/4749 4761/4761/4761
f 4739/4739/4739 4763/4763/4763 4765/4765/4765
f 4765/4765/4765 4764/4764/4764 4739/4739/4739
f 4764/4764/4764 4765/4765/4765 4746/4746/4746
f 4746/4746/4746 4742/4742/4742 4764/4764/4764
f 4735/4735/4735 4766/4766/4766 4768/4768/4768
f 4768/4768/4768 4767/4767/4767 4735/4735/4735
f 4767/4767/4767 4768/4768/4768 4739/4739/4739
f 4739/4739/4739 4738/4738/4738 4767/4767/4767
f 4732/4732/4732 4769/4769/4769 4771/4771/4771
f 4771/4771/4771 4770/4770/4770 4732/4732/4732
f 4770/4770/4770 4771/4771/4771 4735/4735/4735
f 4735/4735/4735 4734/4734/4734 4770/4770/4770
f 4553/4553/4553 4552/4552/4552 4612/4612/4612
f 4551/4551/4551 4550/4550/4550 4607/4607/4607
f 4549/4549/4549 4603/4603/4603 4550/4550/4550
f 4608/4608/4608 4552/4552/4552 4551/4551/4551
f 4556/4556/4556 4613/4613/4613 4598/4598/4598
f 4556/4556/4556 4555/4555/4555 4613/4613/4613
f 4615/4615/4615 4555/4555/4555 4554/4554/4554
f 4558/4558/4558 4655/4655/4655 4656/4656/4656
f 4557/4557/4557 4658/4658/4658 4655/4655/4655
f 4605/4605/4605 4554/4554/4554 4553/4553/4553
f 4558/4558/4558 4557/4557/4557 4655/4655/4655
f 4548/4548/4548 4547/4547/4547 4772/4772/4772
f 4548/4548/4548 4786/4786/4786 4549/4549/4549
f 4608/4608/4608 4551/4551/4551 4607/4607/4607
f 4552/4552/4552 4608/4608/4608 4612/4612/4612
f 4610/4610/4610 4607/4607/4607 4550/4550/4550
f 4605/4605/4605 4553/4553/4553 4612/4612/4612
f 4615/4615/4615 4554/4554/4554 4605/4605/4605
f 4556/4556/4556 4616/4616/4616 4557/4557/4557
f 4659/4659/4659 4655/4655/4655 4658/4658/4658
f 4615/4615/4615 4613/4613/4613 4555/4555/4555
f 4658/4658/4658 4557/4557/4557 4636/4636/4636
f 4659/4659/4659 4633/4633/4633 4655/4655/4655
f 4564/4564/4564 4563/4563/4563 4642/4642/4642
f 4562/4562/4562 4561/4561/4561 4638/4638/4638
f 4561/4561/4561 4560/4560/4560 4660/4660/4660
f 4661/4661/4661 4563/4563/4563 4562/4562/4562
f 4567/4567/4567 4680/4680/4680 4568/4568/4568
f 4567/4567/4567 4566/4566/4566 4671/4671/4671
f 4566/4566/4566 4673/4673/4673 4674/4674/4674
f 4673/4673/4673 4566/4566/4566 4565/4565/4565
f 4642/4642/4642 4647/4647/4647 4564/4564/4564
f 4569/4569/4569 4568/4568/4568 4680/4680/4680
f 4558/4558/4558 4640/4640/4640 4653/4653/4653
f 4656/4656/4656 4640/4640/4640 4558/4558/4558
f 4559/4559/4559 4558/4558/4558 4641/4641/4641
f 4558/4558/4558 4653/4653/4653 4641/4641/4641
f 4560/4560/4560 4559/4559/4559 4641/4641/4641
f 4560/4560/4560 4641/4641/4641 4660/4660/4660
f 4638/4638/4638 4561/4561/4561 4660/4660/4660
f 4663/4663/4663 4562/4562/4562 4638/4638/4638
f 4563/4563/4563 4661/4661/4661 4644/4644/4644
f 4642/4642/4642 4563/4563/4563 4644/4644/4644
f 4673/4673/4673 4565/4565/4565 4676/4676/4676
f 4663/4663/4663 4661/4661/4661 4562/4562/4562
f 4645/4645/4645 4565/4565/4565 4564/4564/4564
f 4678/4678/4678 4570/4570/4570 4569/4569/4569
f 4611/4611/4611 4607/4607/4607 4610/4610/4610
f 4603/4603/4603 4604/4604/4604 4610/4610/4610
f 4611/4611/4611 4600/4600/4600 4607/4607/4607
f 4597/4597/4597 4603/4603/4603 4549/4549/4549
f 4618/4618/4618 4556/4556/4556 4598/4598/4598
f 4616/4616/4616 4556/4556/4556 4618/4618/4618
f 4636/4636/4636 4616/4616/4616 4593/4593/4593
f 4593/4593/4593 4621/4621/4621 4636/4636/4636
f 4616/4616/4616 4636/4636/4636 4557/4557/4557
f 4548/4548/4548 4772/4772/4772 4786/4786/4786
f 4786/4786/4786 4597/4597/4597 4549/4549/4549
f 4772/4772/4772 4546/4546/4546 4786/4786/4786
f 4597/4597/4597 4786/4786/4786 4785/4785/4785
f 4785/4785/4785 4602/4602/4602 4597/4597/4597
f 4784/4784/4784 4594/4594/4594 4591/4591/4591
f 4591/4591/4591 4785/4785/4785 4784/4784/4784
f 4784/4784/4784 4620/4620/4620 4592/4592/4592
f 4590/4590/4590 4620/4620/4620 4784/4784/4784
f 4594/4594/4594 4784/4784/4784 4592/4592/4592
f 4602/4602/4602 4785/4785/4785 4591/4591/4591
f 4610/4610/4610 4550/4550/4550 4603/4603/4603
f 4645/4645/4645 4564/4564/4564 4647/4647/4647
f 4676/4676/4676 4565/4565/4565 4645/4645/4645
f 4676/4676/4676 4645/4645/4645 4624/4624/4624
f 4624/4624/4624 4650/4650/4650 4676/4676/4676
f 4627/4627/4627 4647/4647/4647 4642/4642/4642
f 4566/4566/4566 4674/4674/4674 4671/4671/4671
f 4567/4567/4567 4671/4671/4671 4680/4680/4680
f 4673/4673/4673 4677/4677/4677 4669/4669/4669
f 4678/4678/4678 4569/4569/4569 4680/4680/4680
f 4673/4673/4673 4676/4676/4676 4677/4677/4677
f 4637/4637/4637 4658/4658/4658 4636/4636/4636
f 4783/4783/4783 4623/4623/4623 4625/4625/4625
f 4623/4623/4623 4783/4783/4783 4649/4649/4649
f 4590/4590/4590 4783/4783/4783 4625/4625/4625
f 4784/4784/4784 4783/4783/4783 4590/4590/4590
f 4678/4678/4678 4667/4667/4667 4683/4683/4683
f 4782/4782/4782 4665/4665/4665 4622/4622/4622
f 4665/4665/4665 4782/4782/4782 4652/4652/4652
f 4649/4649/4649 4782/4782/4782 4622/4622/4622
f 4783/4783/4783 4782/4782/4782 4649/4649/4649
f 4683/4683/4683 4570/4570/4570 4678/4678/4678
f 4683/4683/4683 4681/4681/4681 4570/4570/4570
f 4574/4574/4574 4573/4573/4573 4711/4711/4711
f 4571/4571/4571 4684/4684/4684 4572/4572/4572
f 4700/4700/4700 4573/4573/4573 4572/4572/4572
f 4712/4712/4712 4730/4730/4730 4574/4574/4574
f 4730/4730/4730 4575/4575/4575 4574/4574/4574
f 4577/4577/4577 4731/4731/4731 4728/4728/4728
f 4577/4577/4577 4728/4728/4728 4578/4578/4578
f 4730/4730/4730 4731/4731/4731 4576/4576/4576
f 4577/4577/4577 4576/4576/4576 4731/4731/4731
f 4575/4575/4575 4730/4730/4730 4576/4576/4576
f 4716/4716/4716 4579/4579/4579 4578/4578/4578
f 4712/4712/4712 4574/4574/4574 4711/4711/4711
f 4711/4711/4711 4714/4714/4714 4715/4715/4715
f 4711/4711/4711 4715/4715/4715 4704/4704/4704
f 4573/4573/4573 4714/4714/4714 4711/4711/4711
f 4730/4730/4730 4712/4712/4712 4709/4709/4709
f 4716/4716/4716 4728/4728/4728 4718/4718/4718
f 4702/4702/4702 4721/4721/4721 4716/4716/4716
f 4578/4578/4578 4728/4728/4728 4716/4716/4716
f 4716/4716/4716 4721/4721/4721 4579/4579/4579
f 4721/4721/4721 4719/4719/4719 4579/4579/4579
f 4573/4573/4573 4707/4707/4707 4714/4714/4714
f 4583/4583/4583 4582/4582/4582 4753/4753/4753
f 4581/4581/4581 4758/4758/4758 4582/4582/4582
f 4580/4580/4580 4719/4719/4719 4724/4724/4724
f 4753/4753/4753 4584/4584/4584 4583/4583/4583
f 4587/4587/4587 4768/4768/4768 4588/4588/4588
f 4768/4768/4768 4587/4587/4587 4763/4763/4763
f 4587/4587/4587 4586/4586/4586 4765/4765/4765
f 4760/4760/4760 4586/4586/4586 4585/4585/4585
f 4584/4584/4584 4762/4762/4762 4585/4585/4585
f 4589/4589/4589 4588/4588/4588 4771/4771/4771
f 4755/4755/4755 4758/4758/4758 4759/4759/4759
f 4724/4724/4724 4581/4581/4581 4580/4580/4580
f 4582/4582/4582 4755/4755/4755 4756/4756/4756
f 4751/4751/4751 4758/4758/4758 4581/4581/4581
f 4755/4755/4755 4759/4759/4759 4748/4748/4748
f 4755/4755/4755 4582/4582/4582 4758/4758/4758
f 4584/4584/4584 4753/4753/4753 4762/4762/4762
f 4585/4585/4585 4762/4762/4762 4760/4760/4760
f 4760/4760/4760 4746/4746/4746 4765/4765/4765
f 4586/4586/4586 4760/4760/4760 4765/4765/4765
f 4765/4765/4765 4763/4763/4763 4587/4587/4587
f 4753/4753/4753 4582/4582/4582 4756/4756/4756
f 4769/4769/4769 4773/4773/4773 4589/4589/4589
f 4579/4579/4579 4719/4719/4719 4580/4580/4580
f 4686/4686/4686 4681/4681/4681 4664/4664/4664
f 4571/4571/4571 4681/4681/4681 4686/4686/4686
f 4572/4572/4572 4684/4684/4684 4700/4700/4700
f 4700/4700/4700 4684/4684/4684 4651/4651/4651
f 4651/4651/4651 4688/4688/4688 4700/4700/4700
f 4686/4686/4686 4684/4684/4684 4571/4571/4571
f 4708/4708/4708 4714/4714/4714 4707/4707/4707
f 4722/4722/4722 4581/4581/4581 4724/4724/4724
f 4695/4695/4695 4724/4724/4724 4719/4719/4719
f 4700/4700/4700 4701/4701/4701 4707/4707/4707
f 4707/4707/4707 4573/4573/4573 4700/4700/4700
f 4781/4781/4781 4685/4685/4685 4652/4652/4652
f 4688/4688/4688 4651/4651/4651 4781/4781/4781
f 4685/4685/4685 4781/4781/4781 4651/4651/4651
f 4780/4780/4780 4688/4688/4688 4781/4781/4781
f 4782/4782/4782 4781/4781/4781 4652/4652/4652
f 4780/4780/4780 4687/4687/4687 4699/4699/4699
f 4779/4779/4779 4692/4692/4692 4687/4687/4687
f 4687/4687/4687 4780/4780/4780 4779/4779/4779
f 4690/4690/4690 4692/4692/4692 4779/4779/4779
f 4688/4688/4688 4780/4780/4780 4699/4699/4699
f 4691/4691/4691 4727/4727/4727 4744/4744/4744
f 4744/4744/4744 4722/4722/4722 4691/4691/4691
f 4758/4758/4758 4751/4751/4751 4752/4752/4752
f 4751/4751/4751 4744/4744/4744 4745/4745/4745
f 4581/4581/4581 4722/4722/4722 4744/4744/4744
f 4763/4763/4763 4739/4739/4739 4768/4768/4768
f 4588/4588/4588 4768/4768/4768 4766/4766/4766
f 4766/4766/4766 4735/4735/4735 4771/4771/4771
f 4588/4588/4588 4766/4766/4766 4771/4771/4771
f 4771/4771/4771 4769/4769/4769 4589/4589/4589
f 4779/4779/4779 4689/4689/4689 4726/4726/4726
f 4779/4779/4779 4778/4778/4778 4689/4689/4689
f 4733/4733/4733 4689/4689/4689 4778/4778/4778
f 4777/4777/4777 4733/4733/4733 4778/4778/4778
f 4777/4777/4777 4734/4734/4734 4733/4733/4733
f 4726/4726/4726 4690/4690/4690 4779/4779/4779
f 4776/4776/4776 4732/4732/4732 4770/4770/4770
f 4770/4770/4770 4777/4777/4777 4776/4776/4776
f 4734/4734/4734 4777/4777/4777 4770/4770/4770
f 4774/4774/4774 4776/4776/4776 4775/4775/4775
f 4732/4732/4732 4776/4776/4776 4774/4774/4774
f 4732/4732/4732 4773/4773/4773 4769/4769/4769
f 4732/4732/4732 4774/4774/4774 4773/4773/4773
f 4751/4751/4751 4581/4581/4581 4744/4744/4744
f 4570/4570/4570 4681/4681/4681 4571/4571/4571

