mtllib material.mtl
usemtl plastic_black.007
v -0.05089800 -0.00985100 -0.04816000
v -0.05902300 -0.00185600 -0.03750000
v -0.05188500 -0.00751500 -0.04549300
v -0.05357000 -0.00582200 -0.04298300
v -0.05536300 -0.00403200 -0.04064200
v -0.05723800 -0.00221400 -0.03852800
v -0.05834200 -0.00117200 -0.03695500
v -0.05844400 -0.00108200 -0.03750000
v -0.05153700 -0.00666500 -0.04581100
v -0.05320600 -0.00498800 -0.04332600
v -0.05498900 -0.00320800 -0.04100000
v -0.05685400 -0.00139900 -0.03888300
v -0.05802500 -0.00029800 -0.03726800
v -0.05820200 -0.00014100 -0.03750000
v -0.05151700 -0.00582300 -0.04633100
v -0.05316100 -0.00417000 -0.04388500
v -0.05492500 -0.00241000 -0.04158800
v -0.05676400 -0.00062400 -0.03947400
v -0.05804100 0.00057200 -0.03780100
v -0.05834300 0.00084000 -0.03750000
v -0.05183100 -0.00514500 -0.04695800
v -0.05344600 -0.00352200 -0.04456000
v -0.05518500 -0.00178700 -0.04229800
v -0.05699000 -0.00003100 -0.04019200
v -0.05839100 0.00127600 -0.03845500
v -0.05884500 0.00167800 -0.03750000
v -0.05243200 -0.00472000 -0.04760500
v -0.05401600 -0.00312700 -0.04525800
v -0.05572900 -0.00141900 -0.04303400
v -0.05749400 0.00030100 -0.04093900
v -0.05902300 0.00172100 -0.03914200
v -0.05963400 0.00226200 -0.03750000
v -0.05323000 -0.00461800 -0.04817200
v -0.05478800 -0.00305200 -0.04586900
v -0.05647600 -0.00136900 -0.04368100
v -0.05820300 0.00031700 -0.04159700
v -0.05984100 0.00183400 -0.03975300
v -0.06059000 0.00249800 -0.03750000
v -0.05409900 -0.00485700 -0.04856800
v -0.05563800 -0.00330900 -0.04629500
v -0.05730700 -0.00164400 -0.04413400
v -0.05900400 0.00001300 -0.04206200
v -0.06071600 0.00159600 -0.04019200
v -0.06156300 0.00234600 -0.03750000
v -0.05346200 -0.00678200 -0.05116200
v -0.06237300 0.00185600 -0.03750000
v -0.05844000 -0.00108400 -0.03682100
v -0.05872000 -0.00152800 -0.03750000
v -0.05863400 -0.00160400 -0.03689100
v -0.05872000 -0.00152600 -0.03677700
v -0.05817300 -0.00016500 -0.03704100
v -0.05828400 -0.00064800 -0.03750000
v -0.05815300 -0.00076400 -0.03707400
v -0.05827000 -0.00065900 -0.03690300
v -0.05827400 0.00078100 -0.03742000
v -0.05822200 0.00034200 -0.03750000
v -0.05798900 0.00013500 -0.03750400
v -0.05817500 0.00030200 -0.03720800
v -0.05872700 0.00157500 -0.03788800
v -0.05855000 0.00128000 -0.03750000
v -0.05817500 0.00094800 -0.03811500
v -0.05845800 0.00119900 -0.03764400
v -0.05946500 0.00211400 -0.03838200
v -0.05921400 0.00201200 -0.03750000
v -0.05868000 0.00153900 -0.03880500
v -0.05907000 0.00188600 -0.03813900
v -0.06037700 0.00231100 -0.03882300
v -0.06011500 0.00243100 -0.03750000
v -0.05942900 0.00182400 -0.03947300
v -0.05992200 0.00226200 -0.03862100
v -0.06131800 0.00213100 -0.03914200
v -0.06111100 0.00246600 -0.03750000
v -0.06030400 0.00175200 -0.04001100
v -0.06087800 0.00226200 -0.03901000
v -0.06202400 0.00212000 -0.03750000
v -0.06114800 0.00134400 -0.04032800
v -0.06176900 0.00189600 -0.03924200
v -0.05869600 -0.00154700 -0.03675200
v -0.05887100 -0.00170300 -0.03677500
v -0.05878700 -0.00177900 -0.03688700
v -0.05884800 -0.00172300 -0.03675000
v -0.05796900 -0.00152100 -0.03763400
v -0.05754800 -0.00262900 -0.03844900
v -0.05827300 -0.00194200 -0.03756100
v -0.05841000 -0.00111000 -0.03680900
v -0.05857400 -0.00132100 -0.03679100
v -0.05848500 -0.00140200 -0.03691200
v -0.05854900 -0.00134300 -0.03677100
v -0.05823100 -0.00069300 -0.03691400
v -0.05834700 -0.00088100 -0.03685600
v -0.05824200 -0.00097600 -0.03700600
v -0.05831400 -0.00091000 -0.03685300
v -0.05760100 -0.00069200 -0.03797700
v -0.05702200 -0.00182900 -0.03866400
v -0.05776000 -0.00113100 -0.03776500
v -0.05812000 -0.00021200 -0.03708700
v -0.05821000 -0.00042000 -0.03696500
v -0.05807900 -0.00053700 -0.03716100
v -0.05816500 -0.00045900 -0.03699100
v -0.05832700 0.00082600 -0.03739100
v -0.05826900 0.00059100 -0.03750000
v -0.05821100 0.00033300 -0.03726500
v -0.05821200 0.00054200 -0.03730900
v -0.05825600 0.00058000 -0.03732500
v -0.05820000 0.00009700 -0.03750000
v -0.05819700 -0.00014500 -0.03716600
v -0.05816300 0.00006500 -0.03711900
v -0.05819200 0.00009100 -0.03721200
v -0.05881500 0.00165200 -0.03766900
v -0.05868700 0.00148600 -0.03750000
v -0.05852700 0.00126000 -0.03752400
v -0.05858200 0.00139400 -0.03776500
v -0.05866100 0.00146300 -0.03759600
v -0.05843500 0.00106300 -0.03750000
v -0.05835500 0.00099400 -0.03752900
v -0.05841600 0.00104700 -0.03745600
v -0.05871200 -0.00153300 -0.03674100
v -0.05879500 -0.00161800 -0.03677500
v -0.05886300 -0.00171000 -0.03673900
v -0.05877200 -0.00163800 -0.03674900
v -0.05878700 -0.00162500 -0.03673900
v -0.05872200 -0.00152500 -0.03701100
v -0.05887000 -0.00170500 -0.03750000
v -0.05887300 -0.00170200 -0.03701000
v -0.05894800 -0.00178100 -0.03677800
v -0.05892400 -0.00180200 -0.03675300
v -0.05894000 -0.00178800 -0.03674300
v -0.05856500 -0.00132800 -0.03675800
v -0.05864600 -0.00142700 -0.03678200
v -0.05862200 -0.00144900 -0.03675900
v -0.05863800 -0.00143400 -0.03674800
v -0.05844600 -0.00108000 -0.03703600
v -0.05857600 -0.00132100 -0.03750000
v -0.05857800 -0.00131800 -0.03701900
v -0.05868100 0.00148000 -0.03753800
v -0.05861600 0.00138400 -0.03750000
v -0.05854500 0.00127500 -0.03749900
v -0.05859100 0.00136300 -0.03756000
v -0.05861000 0.00137900 -0.03751900
v -0.05849000 0.00117200 -0.03750000
v -0.05843100 0.00105900 -0.03746200
v -0.05846900 0.00115400 -0.03749000
v -0.05848500 0.00116800 -0.03748000
v -0.05861500 0.00138300 -0.03750600
v -0.05858300 0.00133200 -0.03750000
v -0.05854900 0.00127800 -0.03749600
v -0.05857700 0.00132700 -0.03750900
v -0.05858100 0.00133100 -0.03750100
v -0.05861600 0.00138400 -0.03750200
v -0.05859900 0.00135800 -0.03750000
v -0.05858200 0.00133200 -0.03750000
v -0.05859800 0.00135700 -0.03750400
v -0.05859900 0.00135800 -0.03750100
v -0.05868600 0.00148400 -0.03751700
v -0.05865100 0.00143500 -0.03750000
v -0.05864500 0.00143000 -0.03752800
v -0.05864900 0.00143400 -0.03751100
v -0.05883700 0.00167100 -0.03757800
v -0.05876400 0.00158400 -0.03750000
v -0.05873500 0.00155900 -0.03763200
v -0.05875700 0.00157700 -0.03755800
v -0.05917700 0.00198000 -0.03781900
v -0.05902200 0.00185500 -0.03750000
v -0.05889100 0.00174000 -0.03801400
v -0.05898800 0.00182500 -0.03774400
v -0.05856600 0.00130600 -0.03750000
v -0.05855000 0.00127900 -0.03749700
v -0.05856500 0.00130500 -0.03749900
v -0.05856600 0.00130600 -0.03749900
v -0.05852000 0.00122600 -0.03750000
v -0.05848900 0.00117100 -0.03748600
v -0.05851400 0.00122200 -0.03749000
v -0.05851800 0.00122500 -0.03749100
v -0.05042900 -0.00932300 -0.04818700
v -0.05003900 -0.00854400 -0.04839000
v -0.04993700 -0.00756700 -0.04885100
v -0.05032100 -0.00664900 -0.04954300
v -0.05114300 -0.00612300 -0.05026400
v -0.05209000 -0.00608800 -0.05079100
v -0.05289000 -0.00637700 -0.05106900
v -0.05107100 -0.00832800 -0.04683400
v -0.05219000 -0.00793500 -0.04541900
v -0.05137300 -0.00875100 -0.04676400
v -0.05453200 -0.00510500 -0.04868400
v -0.05337300 -0.00558500 -0.04977100
v -0.05380900 -0.00583000 -0.04988300
v -0.05404700 -0.00620400 -0.05011100
v -0.05465400 -0.00559600 -0.04908600
v -0.05528300 -0.00496400 -0.04809300
v -0.05592900 -0.00431300 -0.04713800
v -0.05658800 -0.00365200 -0.04622600
v -0.05724800 -0.00299200 -0.04535800
v -0.05789600 -0.00234800 -0.04453700
v -0.05851800 -0.00173300 -0.04376200
v -0.05966700 -0.00061300 -0.04235400
v -0.06078400 0.00043600 -0.04112000
v -0.06186500 0.00140800 -0.03984300
v -0.06223200 0.00173200 -0.03888100
v -0.05901900 -0.00185800 -0.03675300
v -0.05901700 -0.00185900 -0.03675000
v -0.05901500 -0.00186100 -0.03674800
v -0.05901200 -0.00186300 -0.03674700
v -0.05901000 -0.00186500 -0.03674800
v -0.05868000 -0.00217200 -0.03740700
v -0.05777400 -0.00303100 -0.03853800
v -0.05648700 -0.00427300 -0.03996300
v -0.05579600 -0.00495300 -0.04078500
v -0.05509400 -0.00565200 -0.04167500
v -0.05438500 -0.00636300 -0.04262700
v -0.05367100 -0.00708000 -0.04363800
v -0.05295800 -0.00779600 -0.04470100
v -0.05225300 -0.00850400 -0.04581200
v -0.05156400 -0.00919200 -0.04696700
v -0.05894400 -0.00178400 -0.03675400
v -0.05898600 -0.00181800 -0.03678100
v -0.05897800 -0.00182500 -0.03674500
v -0.05898200 -0.00182100 -0.03675700
v -0.05887400 -0.00170100 -0.03686400
v -0.05895000 -0.00178100 -0.03701200
v -0.05895000 -0.00177900 -0.03686600
v -0.05898000 -0.00182300 -0.03674900
v -0.05900100 -0.00183900 -0.03675800
v -0.05899700 -0.00184300 -0.03674700
v -0.05899900 -0.00184100 -0.03675100
v -0.05893300 -0.00179400 -0.03674200
v -0.05896200 -0.00183900 -0.03675600
v -0.05897100 -0.00183100 -0.03674500
v -0.05882300 -0.00174600 -0.03680100
v -0.05886300 -0.00185800 -0.03689000
v -0.05889900 -0.00182400 -0.03680400
v -0.05849900 -0.00172900 -0.03718400
v -0.05842700 -0.00211600 -0.03755400
v -0.05865300 -0.00190400 -0.03717900
v -0.05900000 -0.00184000 -0.03675400
v -0.05901100 -0.00184700 -0.03675900
v -0.05900900 -0.00184900 -0.03675200
v -0.05901000 -0.00184800 -0.03675500
v -0.05898400 -0.00181900 -0.03676700
v -0.05900500 -0.00183600 -0.03678200
v -0.05900300 -0.00183700 -0.03676900
v -0.05894900 -0.00178000 -0.03681500
v -0.05898800 -0.00181600 -0.03686800
v -0.05898800 -0.00181700 -0.03681800
v -0.05899800 -0.00184200 -0.03674800
v -0.05900600 -0.00185200 -0.03674700
v -0.05900700 -0.00185000 -0.03674900
v -0.05897500 -0.00182800 -0.03674400
v -0.05899000 -0.00184900 -0.03674700
v -0.05899300 -0.00184600 -0.03674500
v -0.05899500 -0.00184400 -0.03674600
v -0.05900300 -0.00185400 -0.03674600
v -0.05900500 -0.00185300 -0.03674600
v -0.05899200 -0.00184700 -0.03674600
v -0.05899900 -0.00185800 -0.03674700
v -0.05900100 -0.00185600 -0.03674600
v -0.05896700 -0.00183500 -0.03674900
v -0.05898100 -0.00185700 -0.03675700
v -0.05898600 -0.00185200 -0.03675100
v -0.05891300 -0.00181200 -0.03677400
v -0.05893700 -0.00186100 -0.03680700
v -0.05895100 -0.00184900 -0.03677700
v -0.06643800 0.06470000 -0.07225200
v -0.05089800 -0.00985100 -0.04816000
v -0.06736600 0.06470000 -0.07198300
v -0.06716800 0.06799400 -0.07198300
v -0.06651500 0.07124800 -0.07198400
v -0.06542200 0.07414700 -0.07198600
v -0.06373400 0.07688200 -0.07198800
v -0.06159900 0.07904000 -0.07199100
v -0.05892900 0.08061200 -0.07199600
v -0.05588100 0.08137500 -0.07200000
v -0.05297000 0.08125500 -0.07200400
v -0.05007000 0.08029500 -0.07200400
v -0.04756100 0.07857700 -0.07200200
v -0.04557900 0.07615900 -0.07199700
v -0.04439000 0.07342000 -0.07199200
v -0.04391000 0.07036700 -0.07199400
v -0.04412100 0.06722800 -0.07201200
v -0.04489100 0.06413400 -0.07205400
v -0.04607700 0.06108200 -0.07213300
v -0.04753200 0.05809100 -0.07226100
v -0.04912800 0.05514200 -0.07244700
v -0.05077000 0.05217500 -0.07270300
v -0.05234500 0.04917900 -0.07303700
v -0.05381000 0.04604200 -0.07346200
v -0.05505100 0.04281900 -0.07396700
v -0.05600600 0.03950500 -0.07454300
v -0.05665300 0.03612700 -0.07516500
v -0.05699800 0.03254100 -0.07583500
v -0.05702600 0.02913800 -0.07646000
v -0.05680100 0.02568400 -0.07705500
v -0.05633600 0.02213100 -0.07760100
v -0.05567800 0.01864600 -0.07804800
v -0.05485500 0.01517500 -0.07837700
v -0.05389400 0.01170700 -0.07855800
v -0.05281700 0.00825200 -0.07855100
v -0.05162800 0.00475200 -0.07830100
v -0.05037400 0.00127800 -0.07773500
v -0.04913000 -0.00204500 -0.07678700
v -0.04787000 -0.00538700 -0.07524400
v -0.04680300 -0.00831900 -0.07310500
v -0.04595400 -0.01088000 -0.06996100
v -0.04560600 -0.01251600 -0.06597000
v -0.04585800 -0.01305000 -0.06197200
v -0.04656100 -0.01275900 -0.05813200
v -0.04759200 -0.01188400 -0.05453400
v -0.04883400 -0.01062700 -0.05127400
v -0.06812700 0.06470000 -0.07137800
v -0.06792200 0.06808800 -0.07137900
v -0.06724600 0.07145700 -0.07137900
v -0.06610700 0.07447800 -0.07138100
v -0.06433300 0.07735000 -0.07138400
v -0.06207000 0.07963800 -0.07138700
v -0.05921900 0.08131600 -0.07139200
v -0.05595500 0.08213300 -0.07139700
v -0.05283500 0.08200600 -0.07140200
v -0.04973100 0.08097900 -0.07140300
v -0.04704700 0.07914000 -0.07140000
v -0.04492600 0.07655400 -0.07139400
v -0.04365700 0.07363100 -0.07139000
v -0.04314800 0.07039400 -0.07139200
v -0.04336900 0.06709700 -0.07141000
v -0.04416700 0.06388700 -0.07145400
v -0.04538400 0.06075400 -0.07153600
v -0.04686400 0.05771100 -0.07166500
v -0.04847500 0.05473500 -0.07185300
v -0.05012100 0.05176200 -0.07211000
v -0.05169000 0.04877700 -0.07244200
v -0.05314200 0.04566700 -0.07286300
v -0.05436700 0.04248700 -0.07336200
v -0.05530700 0.03922700 -0.07392900
v -0.05594200 0.03590800 -0.07453900
v -0.05628100 0.03238700 -0.07519800
v -0.05630900 0.02904300 -0.07581100
v -0.05608700 0.02564700 -0.07639600
v -0.05563000 0.02215000 -0.07693400
v -0.05498100 0.01872000 -0.07737400
v -0.05417100 0.01530100 -0.07769800
v -0.05322500 0.01188700 -0.07787600
v -0.05216500 0.00848800 -0.07786900
v -0.05099700 0.00505000 -0.07762400
v -0.04976900 0.00164600 -0.07706900
v -0.04855500 -0.00159600 -0.07614500
v -0.04733200 -0.00484000 -0.07464700
v -0.04630300 -0.00766800 -0.07258400
v -0.04550400 -0.01011600 -0.06956200
v -0.04520600 -0.01166400 -0.06572900
v -0.04548100 -0.01215800 -0.06188300
v -0.04619800 -0.01185800 -0.05816800
v -0.04724200 -0.01098800 -0.05467000
v -0.04849900 -0.00974100 -0.05149200
v -0.06860500 0.06470000 -0.07051000
v -0.06839700 0.06814800 -0.07051100
v -0.06770600 0.07158800 -0.07051200
v -0.06653800 0.07468600 -0.07051300
v -0.06471000 0.07764600 -0.07051600
v -0.06236600 0.08001500 -0.07052000
v -0.05940200 0.08175900 -0.07052500
v -0.05600100 0.08261200 -0.07053100
v -0.05274900 0.08248000 -0.07053600
v -0.04951700 0.08141100 -0.07053700
v -0.04672300 0.07949700 -0.07053400
v -0.04451500 0.07680400 -0.07052800
v -0.04319500 0.07376500 -0.07052300
v -0.04266700 0.07041000 -0.07052600
v -0.04289400 0.06701000 -0.07054500
v -0.04371100 0.06372200 -0.07059000
v -0.04495000 0.06053300 -0.07067200
v -0.04645000 0.05744900 -0.07080400
v -0.04807400 0.05444900 -0.07099300
v -0.04972700 0.05146300 -0.07125100
v -0.05129800 0.04847500 -0.07158400
v -0.05274700 0.04537200 -0.07200400
v -0.05396600 0.04220800 -0.07250000
v -0.05489800 0.03897300 -0.07306200
v -0.05552800 0.03568500 -0.07366700
v -0.05586200 0.03220200 -0.07431800
v -0.05589000 0.02889700 -0.07492500
v -0.05567100 0.02554100 -0.07550300
v -0.05522000 0.02208800 -0.07603400
v -0.05458000 0.01870300 -0.07646800
v -0.05378100 0.01533300 -0.07678800
v -0.05284900 0.01197200 -0.07696300
v -0.05180900 0.00863500 -0.07695600
v -0.05066600 0.00526900 -0.07671500
v -0.04946900 0.00195100 -0.07617500
v -0.04829400 -0.00118600 -0.07528100
v -0.04712100 -0.00429600 -0.07384600
v -0.04614500 -0.00697900 -0.07189100
v -0.04541400 -0.00927000 -0.06905400
v -0.04517800 -0.01070900 -0.06546400
v -0.04547500 -0.01116800 -0.06184200
v -0.04619700 -0.01087700 -0.05830700
v -0.04724500 -0.01003600 -0.05494700
v -0.04851200 -0.00882700 -0.05187600
v -0.06871000 0.06470000 -0.06954000
v -0.06850100 0.06816100 -0.06954000
v -0.06780700 0.07161700 -0.06954100
v -0.06663200 0.07473200 -0.06954300
v -0.06479200 0.07771100 -0.06954500
v -0.06243100 0.08009800 -0.06954900
v -0.05944200 0.08185800 -0.06955400
v -0.05601000 0.08271900 -0.06956000
v -0.05273000 0.08258700 -0.06956500
v -0.04946800 0.08150900 -0.06956700
v -0.04665000 0.07957800 -0.06956400
v -0.04442300 0.07686200 -0.06955800
v -0.04309100 0.07379500 -0.06955300
v -0.04255800 0.07041200 -0.06955600
v -0.04278700 0.06698400 -0.06957500
v -0.04361000 0.06367100 -0.06962000
v -0.04485900 0.06045900 -0.06970300
v -0.04636800 0.05735600 -0.06983500
v -0.04800200 0.05433700 -0.07002600
v -0.04966500 0.05133300 -0.07028500
v -0.05124400 0.04832800 -0.07062000
v -0.05270100 0.04521100 -0.07104200
v -0.05392400 0.04203400 -0.07154000
v -0.05485900 0.03879100 -0.07210400
v -0.05548900 0.03550100 -0.07270900
v -0.05582300 0.03202200 -0.07336000
v -0.05585100 0.02872600 -0.07396500
v -0.05563300 0.02538700 -0.07454000
v -0.05518400 0.02195600 -0.07506700
v -0.05455000 0.01860000 -0.07549800
v -0.05376000 0.01526500 -0.07581400
v -0.05284000 0.01194800 -0.07598700
v -0.05181700 0.00866500 -0.07598000
v -0.05069700 0.00536700 -0.07574300
v -0.04953100 0.00213600 -0.07521800
v -0.04839700 -0.00089100 -0.07435600
v -0.04727800 -0.00385800 -0.07298800
v -0.04636200 -0.00637800 -0.07115200
v -0.04570400 -0.00849900 -0.06853100
v -0.04552800 -0.00983000 -0.06522400
v -0.04584200 -0.01026400 -0.06185700
v -0.04656300 -0.00999700 -0.05852400
v -0.04760600 -0.00920700 -0.05531500
v -0.04887200 -0.00805600 -0.05235600
v -0.06843300 0.06470000 -0.06859800
v -0.06822600 0.06812700 -0.06859800
v -0.06754100 0.07154200 -0.06859900
v -0.06638300 0.07461300 -0.06860100
v -0.06457400 0.07754100 -0.06860300
v -0.06225900 0.07988200 -0.06860700
v -0.05933500 0.08160400 -0.06861200
v -0.05598200 0.08244600 -0.06861800
v -0.05277700 0.08231800 -0.06862300
v -0.04959000 0.08126500 -0.06862400
v -0.04683500 0.07937700 -0.06862100
v -0.04465800 0.07672200 -0.06861500
v -0.04335500 0.07372000 -0.06861000
v -0.04283200 0.07039900 -0.06861300
v -0.04305800 0.06702100 -0.06863200
v -0.04387400 0.06373900 -0.06867700
v -0.04511600 0.06054200 -0.06876000
v -0.04662500 0.05744100 -0.06889200
v -0.04826300 0.05441300 -0.06908300
v -0.04993700 0.05138900 -0.06934400
v -0.05153100 0.04835600 -0.06968100
v -0.05300400 0.04520400 -0.07010800
v -0.05424300 0.04198800 -0.07061300
v -0.05518900 0.03870400 -0.07118400
v -0.05582600 0.03537900 -0.07179500
v -0.05616300 0.03186900 -0.07245200
v -0.05619100 0.02855300 -0.07306000
v -0.05597300 0.02520400 -0.07363700
v -0.05552400 0.02177300 -0.07416500
v -0.05489100 0.01842400 -0.07459400
v -0.05410500 0.01510700 -0.07490800
v -0.05319300 0.01181900 -0.07508000
v -0.05218300 0.00857600 -0.07507300
v -0.05108100 0.00533300 -0.07484000
v -0.04994200 0.00217800 -0.07432700
v -0.04884600 -0.00075000 -0.07349500
v -0.04777800 -0.00358200 -0.07218900
v -0.04691800 -0.00594600 -0.07046900
v -0.04633000 -0.00790600 -0.06806200
v -0.04620500 -0.00914400 -0.06504000
v -0.04652800 -0.00956500 -0.06192600
v -0.04723900 -0.00933700 -0.05878900
v -0.04826900 -0.00860800 -0.05572200
v -0.04952600 -0.00753000 -0.05286500
v -0.06781200 0.06470000 -0.06783300
v -0.06761000 0.06805000 -0.06783400
v -0.06694300 0.07137200 -0.06783500
v -0.06582300 0.07434300 -0.06783600
v -0.06408400 0.07715900 -0.06783800
v -0.06187400 0.07939500 -0.06784200
v -0.05909700 0.08103100 -0.06784600
v -0.05592100 0.08182900 -0.06785100
v -0.05288600 0.08170900 -0.06785500
v -0.04986500 0.08071100 -0.06785600
v -0.04725300 0.07892100 -0.06785400
v -0.04518900 0.07640300 -0.06784800
v -0.04395000 0.07355000 -0.06784400
v -0.04345000 0.07037300 -0.06784600
v -0.04366900 0.06711600 -0.06786400
v -0.04446600 0.06391700 -0.06790800
v -0.04568800 0.06077000 -0.06799000
v -0.04718500 0.05769300 -0.06812100
v -0.04882300 0.05466600 -0.06831200
v -0.05050700 0.05162400 -0.06857400
v -0.05211900 0.04855700 -0.06891600
v -0.05361400 0.04535600 -0.06934900
v -0.05487700 0.04207700 -0.06986300
v -0.05584200 0.03872800 -0.07044600
v -0.05649100 0.03534000 -0.07106900
v -0.05683400 0.03176800 -0.07173700
v -0.05686300 0.02840700 -0.07235400
v -0.05664200 0.02502300 -0.07293700
v -0.05619000 0.02156600 -0.07346800
v -0.05555400 0.01820300 -0.07390000
v -0.05476800 0.01488300 -0.07421400
v -0.05385800 0.01160300 -0.07438500
v -0.05285400 0.00838000 -0.07437800
v -0.05176400 0.00517100 -0.07414700
v -0.05064400 0.00206700 -0.07364300
v -0.04957500 -0.00078700 -0.07283300
v -0.04854700 -0.00351300 -0.07157600
v -0.04773200 -0.00575200 -0.06994800
v -0.04719700 -0.00758500 -0.06772300
v -0.04710800 -0.00876000 -0.06494200
v -0.04743000 -0.00918400 -0.06203900
v -0.04812500 -0.00900100 -0.05906100
v -0.04913500 -0.00833900 -0.05610600
v -0.05037500 -0.00733400 -0.05332400
v -0.06694400 0.06470000 -0.06736800
v -0.06674900 0.06794200 -0.06736900
v -0.06610800 0.07113500 -0.06737000
v -0.06504100 0.07396700 -0.06737100
v -0.06340000 0.07662600 -0.06737300
v -0.06133600 0.07871500 -0.06737600
v -0.05876500 0.08023100 -0.06738000
v -0.05583700 0.08096700 -0.06738400
v -0.05303900 0.08085700 -0.06738700
v -0.05025000 0.07993600 -0.06738800
v -0.04783800 0.07828300 -0.06738500
v -0.04593000 0.07595600 -0.06738000
v -0.04478300 0.07331100 -0.06737600
v -0.04431600 0.07033800 -0.06737800
v -0.04452400 0.06725400 -0.06739500
v -0.04529100 0.06417700 -0.06743700
v -0.04648300 0.06110800 -0.06751700
v -0.04795900 0.05807300 -0.06764700
v -0.04959100 0.05505800 -0.06783700
v -0.05128300 0.05200100 -0.06810100
v -0.05291400 0.04889700 -0.06844600
v -0.05443500 0.04564100 -0.06888800
v -0.05572600 0.04228900 -0.06941300
v -0.05671400 0.03885800 -0.07001000
v -0.05737900 0.03538900 -0.07064700
v -0.05773000 0.03173700 -0.07133100
v -0.05776000 0.02830900 -0.07196000
v -0.05753500 0.02487100 -0.07255200
v -0.05707700 0.02136900 -0.07309100
v -0.05643500 0.01797100 -0.07352600
v -0.05564300 0.01462800 -0.07384300
v -0.05473000 0.01133600 -0.07401400
v -0.05372400 0.00810800 -0.07400800
v -0.05263600 0.00490500 -0.07377600
v -0.05152300 0.00182200 -0.07327600
v -0.05046900 -0.00099600 -0.07247600
v -0.04946200 -0.00366500 -0.07124700
v -0.04867400 -0.00582900 -0.06967400
v -0.04816900 -0.00758900 -0.06756800
v -0.04809200 -0.00874200 -0.06494500
v -0.04840400 -0.00918400 -0.06217700
v -0.04908000 -0.00904600 -0.05929600
v -0.05006700 -0.00844200 -0.05640500
v -0.05128500 -0.00750000 -0.05365900
v -0.06600200 0.06470000 -0.06727100
v -0.05346200 -0.00678200 -0.05116200
v -0.05740400 0.08111400 -0.07199800
v -0.05583400 0.08088800 -0.07218900
v -0.05874200 0.08016100 -0.07218500
v -0.05728600 0.08063900 -0.07218700
v -0.04647700 0.07743100 -0.07199900
v -0.04599700 0.07590500 -0.07218500
v -0.04789100 0.07821500 -0.07219000
v -0.04685600 0.07712100 -0.07218800
v -0.04633500 -0.00971900 -0.07164000
v -0.04632100 -0.01122200 -0.07011200
v -0.04718800 -0.00862300 -0.07329000
v -0.04671400 -0.01004000 -0.07180700
v -0.04570000 -0.01183400 -0.06803700
v -0.04595400 -0.01289400 -0.06607800
v -0.04605700 -0.01219500 -0.06816800
v -0.04566400 -0.01289500 -0.06400600
v -0.04619300 -0.01344800 -0.06203500
v -0.04600400 -0.01328400 -0.06409100
v -0.06067200 0.08059300 -0.07138900
v -0.05907800 0.08097300 -0.07174700
v -0.06028800 0.07993600 -0.07199400
v -0.06184100 0.07934700 -0.07174300
v -0.06048500 0.08027300 -0.07174500
v -0.05758600 0.08185400 -0.07139500
v -0.05591900 0.08176300 -0.07175200
v -0.05749700 0.08149300 -0.07175000
v -0.05122700 0.08159600 -0.07140300
v -0.04989600 0.08064500 -0.07175700
v -0.05146800 0.08087200 -0.07200500
v -0.05290100 0.08164000 -0.07175600
v -0.05134500 0.08124300 -0.07175700
v -0.04831100 0.08014500 -0.07140200
v -0.04729800 0.07886500 -0.07175400
v -0.04874300 0.07951500 -0.07200300
v -0.04852200 0.07983700 -0.07175600
v -0.04588700 0.07791500 -0.07139700
v -0.04524500 0.07636100 -0.07174900
v -0.04617500 0.07767900 -0.07175200
v -0.04585400 -0.00901200 -0.07117800
v -0.04569900 -0.01053400 -0.06978800
v -0.04652700 -0.00802100 -0.07288400
v -0.04606700 -0.00939700 -0.07144300
v -0.04527900 -0.01102000 -0.06771400
v -0.04537400 -0.01213200 -0.06586100
v -0.04545800 -0.01146600 -0.06789500
v -0.04527800 -0.01201900 -0.06384100
v -0.04563600 -0.01264700 -0.06192400
v -0.04543700 -0.01250000 -0.06392700
v -0.06091400 0.08100700 -0.07052200
v -0.05932400 0.08157100 -0.07099600
v -0.06224100 0.07985500 -0.07099100
v -0.06081100 0.08083100 -0.07099300
v -0.05770100 0.08232000 -0.07052800
v -0.05598100 0.08240800 -0.07100100
v -0.05765200 0.08212200 -0.07099900
v -0.05434800 0.08265700 -0.07053300
v -0.05278600 0.08227800 -0.07100600
v -0.05436900 0.08217600 -0.07140000
v -0.05435700 0.08245200 -0.07100400
v -0.05107500 0.08205400 -0.07053700
v -0.04960800 0.08122700 -0.07100700
v -0.05114000 0.08185900 -0.07100800
v -0.04803900 0.08054200 -0.07053600
v -0.04686000 0.07934500 -0.07100400
v -0.04815400 0.08037300 -0.07100600
v -0.04551600 0.07822200 -0.07053100
v -0.04469000 0.07669800 -0.07099900
v -0.04567400 0.07809100 -0.07100200
v -0.04572300 -0.00824100 -0.07057000
v -0.04541100 -0.00970700 -0.06932400
v -0.04617900 -0.00733100 -0.07226300
v -0.04574200 -0.00863700 -0.07089500
v -0.04522500 -0.01011100 -0.06732400
v -0.04514300 -0.01120300 -0.06560100
v -0.04520300 -0.01058100 -0.06752900
v -0.04526300 -0.01104000 -0.06369000
v -0.04542900 -0.01167900 -0.06185600
v -0.04522100 -0.01154500 -0.06376500
v -0.06096600 0.08109900 -0.06955200
v -0.05944000 0.08185300 -0.07005000
v -0.06242800 0.08009400 -0.07004400
v -0.06096400 0.08109400 -0.07004700
v -0.05772500 0.08242400 -0.06955700
v -0.05601000 0.08271300 -0.07005500
v -0.05772400 0.08241800 -0.07005200
v -0.05434200 0.08276500 -0.06956300
v -0.05273100 0.08258000 -0.07006100
v -0.05434300 0.08275800 -0.07005800
v -0.05104000 0.08215700 -0.06956700
v -0.04947200 0.08150300 -0.07006200
v -0.05104300 0.08215000 -0.07006200
v -0.04797700 0.08063300 -0.06956600
v -0.04665400 0.07957200 -0.07005900
v -0.04798100 0.08062600 -0.07006100
v -0.04543200 0.07829200 -0.06956100
v -0.04442900 0.07685800 -0.07005300
v -0.04543700 0.07828700 -0.07005600
v -0.04597000 -0.00754800 -0.06992800
v -0.04551200 -0.00887300 -0.06879300
v -0.04620700 -0.00666500 -0.07152500
v -0.04580000 -0.00788200 -0.07025100
v -0.04555100 -0.00927500 -0.06693900
v -0.04530600 -0.01025800 -0.06534000
v -0.04534100 -0.00968100 -0.06713000
v -0.04562600 -0.01014000 -0.06358000
v -0.04561200 -0.01070200 -0.06184300
v -0.04539800 -0.01057700 -0.06363000
v -0.06082600 0.08086200 -0.06861000
v -0.05940600 0.08177300 -0.06906500
v -0.06237300 0.08002600 -0.06906000
v -0.06091900 0.08101900 -0.06906200
v -0.05765800 0.08215700 -0.06861500
v -0.05600100 0.08262700 -0.06907100
v -0.05770300 0.08233500 -0.06906800
v -0.05435300 0.08249100 -0.06862000
v -0.05274600 0.08249700 -0.06907600
v -0.05434600 0.08267300 -0.06907300
v -0.05112700 0.08189800 -0.06862400
v -0.04950900 0.08142800 -0.06907700
v -0.05106900 0.08207100 -0.06907700
v -0.04813300 0.08040800 -0.06862300
v -0.04671200 0.07951100 -0.06907400
v -0.04802900 0.08055800 -0.06907600
v -0.04564500 0.07811900 -0.06861800
v -0.04450200 0.07681500 -0.06906800
v -0.04550400 0.07823400 -0.06907100
v -0.04655700 -0.00702600 -0.06933800
v -0.04598300 -0.00817000 -0.06828200
v -0.04660400 -0.00613300 -0.07079300
v -0.04622900 -0.00725700 -0.06961700
v -0.04620800 -0.00862500 -0.06661000
v -0.04583500 -0.00945200 -0.06512200
v -0.04584600 -0.00891600 -0.06676200
v -0.04631100 -0.00944000 -0.06352500
v -0.04615400 -0.00987700 -0.06188600
v -0.04593700 -0.00975300 -0.06354500
v -0.06051100 0.08032700 -0.06784400
v -0.05922700 0.08134400 -0.06818700
v -0.06208400 0.07966100 -0.06818200
v -0.06068300 0.08061900 -0.06818400
v -0.05750800 0.08155600 -0.06784900
v -0.05595500 0.08216600 -0.06819200
v -0.05759000 0.08188400 -0.06818900
v -0.05132200 0.08131200 -0.06785700
v -0.04971500 0.08101400 -0.06819800
v -0.05282700 0.08204200 -0.06819700
v -0.05121500 0.08163200 -0.06819800
v -0.04848400 0.07989900 -0.06785500
v -0.04702500 0.07917000 -0.06819500
v -0.04829200 0.08017700 -0.06819600
v -0.04612500 0.07772800 -0.06785100
v -0.04489900 0.07657700 -0.06818900
v -0.04586300 0.07794200 -0.06819200
v -0.04739500 -0.00675900 -0.06889400
v -0.04675500 -0.00770200 -0.06786700
v -0.04731300 -0.00581300 -0.07017400
v -0.04696500 -0.00685300 -0.06908600
v -0.04709800 -0.00826400 -0.06639000
v -0.04665100 -0.00890300 -0.06497700
v -0.04664500 -0.00839700 -0.06648000
v -0.05729900 0.08071500 -0.06738200
v -0.05587900 0.08139800 -0.06756200
v -0.05893100 0.08063100 -0.06755800
v -0.05740300 0.08113500 -0.06756000
v -0.05159500 0.08049000 -0.06738800
v -0.05005800 0.08032300 -0.06756700
v -0.05296200 0.08128300 -0.06756600
v -0.05145800 0.08090100 -0.06756700
v -0.04679500 0.07718100 -0.06738300
v -0.04556000 0.07617900 -0.06755900
v -0.04754600 0.07860200 -0.06756400
v -0.04646000 0.07745400 -0.06756100
v -0.04835300 -0.00679100 -0.06866800
v -0.04770600 -0.00754600 -0.06761600
v -0.04822100 -0.00575900 -0.06976900
v -0.04789400 -0.00673800 -0.06874500
v -0.04807900 -0.00825100 -0.06631400
v -0.04762600 -0.00870400 -0.06493100
v -0.04761300 -0.00821200 -0.06633100
v -0.05578700 0.08046600 -0.06728600
v -0.05857200 0.07976600 -0.06728200
v -0.05717800 0.08022600 -0.06728400
v -0.04866500 -0.00772100 -0.06756900
v -0.04916500 -0.00597300 -0.06964400
v -0.04884800 -0.00692500 -0.06864900
v -0.04858400 -0.00887900 -0.06498800
v -0.04857400 -0.00838400 -0.06633600
v -0.05289000 -0.00637700 -0.05106900
v -0.05209000 -0.00608800 -0.05079100
v -0.05114300 -0.00612300 -0.05026400
v -0.05032100 -0.00664900 -0.04954300
v -0.04993700 -0.00756700 -0.04885100
v -0.05003900 -0.00854400 -0.04839000
v -0.05042900 -0.00932300 -0.04818700
v -0.05197400 -0.00692700 -0.05233100
v -0.05173500 -0.00772300 -0.05376700
v -0.05241700 -0.00716300 -0.05243700
v -0.04952600 -0.00988200 -0.04973300
v -0.04913900 -0.01105100 -0.05123400
v -0.04982500 -0.01030900 -0.04967800
v -0.06590500 0.06696700 -0.06727100
v -0.06562800 0.06904000 -0.06727100
v -0.06519000 0.07092200 -0.06727200
v -0.06461000 0.07261400 -0.06727300
v -0.06390700 0.07412100 -0.06727400
v -0.06310000 0.07544400 -0.06727500
v -0.06220900 0.07658800 -0.06727600
v -0.06125300 0.07755400 -0.06727800
v -0.05920700 0.07898400 -0.06728000
v -0.05707000 0.07980100 -0.06728300
v -0.05494300 0.08007400 -0.06728500
v -0.05290700 0.07987200 -0.06728600
v -0.05103300 0.07926400 -0.06728600
v -0.04937500 0.07831700 -0.06728500
v -0.04797200 0.07709500 -0.06728300
v -0.04685100 0.07565400 -0.06728000
v -0.04602800 0.07404600 -0.06727700
v -0.04550200 0.07230600 -0.06727500
v -0.04526400 0.07046500 -0.06727700
v -0.04530400 0.06855300 -0.06728500
v -0.04560900 0.06659500 -0.06730200
v -0.04614600 0.06459900 -0.06733100
v -0.04688300 0.06257300 -0.06737800
v -0.04778700 0.06052400 -0.06744600
v -0.04882100 0.05845500 -0.06754100
v -0.04994700 0.05636100 -0.06766700
v -0.05112500 0.05423300 -0.06782900
v -0.05231900 0.05206500 -0.06803000
v -0.05348800 0.04984900 -0.06827600
v -0.05459900 0.04757700 -0.06856700
v -0.05512500 0.04641800 -0.06872900
v -0.05562500 0.04524100 -0.06890300
v -0.05609700 0.04404600 -0.06908800
v -0.05653700 0.04283200 -0.06928400
v -0.05694000 0.04159900 -0.06949100
v -0.05730600 0.04034600 -0.06970900
v -0.05763300 0.03907500 -0.06993500
v -0.05792000 0.03778600 -0.07017000
v -0.05816400 0.03647700 -0.07041100
v -0.05836600 0.03514900 -0.07065800
v -0.05852500 0.03380300 -0.07091000
v -0.05863800 0.03243700 -0.07116600
v -0.05870500 0.03105400 -0.07142400
v -0.05872700 0.02965400 -0.07168200
v -0.05870400 0.02824000 -0.07193800
v -0.05864000 0.02681300 -0.07219000
v -0.05853300 0.02537400 -0.07243500
v -0.05838700 0.02392600 -0.07267200
v -0.05820100 0.02246800 -0.07289800
v -0.05797700 0.02100300 -0.07311200
v -0.05771600 0.01953200 -0.07331100
v -0.05742200 0.01806000 -0.07349100
v -0.05709800 0.01658900 -0.07365000
v -0.05674600 0.01512400 -0.07378500
v -0.05636900 0.01366600 -0.07389500
v -0.05597200 0.01222000 -0.07397500
v -0.05555500 0.01078800 -0.07402400
v -0.05512300 0.00937500 -0.07403800
v -0.05467900 0.00798400 -0.07401600
v -0.05422700 0.00661800 -0.07395300
v -0.05377100 0.00528300 -0.07384900
v -0.05331500 0.00398400 -0.07370300
v -0.05286300 0.00272600 -0.07351300
v -0.05241900 0.00151300 -0.07327900
v -0.05157100 -0.00075700 -0.07267000
v -0.05080100 -0.00279300 -0.07187100
v -0.05013500 -0.00457000 -0.07089300
v -0.04959400 -0.00606700 -0.06975500
v -0.04920100 -0.00727500 -0.06847500
v -0.04900600 -0.00823300 -0.06705500
v -0.04896100 -0.00893700 -0.06546300
v -0.04907700 -0.00938600 -0.06369000
v -0.04937600 -0.00956400 -0.06173400
v -0.04988500 -0.00945800 -0.05959700
v -0.05061100 -0.00906600 -0.05732500
v -0.05105400 -0.00876400 -0.05615700
v -0.05155100 -0.00839700 -0.05497800
v -0.05209800 -0.00796900 -0.05379500
v -0.05269200 -0.00748700 -0.05261800
v -0.05006400 -0.01070700 -0.04983800
v -0.04946800 -0.01135200 -0.05121800
v -0.04891400 -0.01193300 -0.05262200
v -0.04840500 -0.01244300 -0.05404800
v -0.04794300 -0.01287500 -0.05548800
v -0.04753400 -0.01322500 -0.05693700
v -0.04718200 -0.01348700 -0.05838700
v -0.04688600 -0.01365700 -0.05983400
v -0.04664800 -0.01372900 -0.06127500
v -0.04647100 -0.01369800 -0.06270200
v -0.04635800 -0.01356100 -0.06410300
v -0.04630900 -0.01331800 -0.06547100
v -0.04632400 -0.01296900 -0.06679900
v -0.04640300 -0.01251400 -0.06808100
v -0.04654300 -0.01195400 -0.06930800
v -0.04674200 -0.01129200 -0.07047200
v -0.04699800 -0.01053100 -0.07156500
v -0.04728700 -0.00967100 -0.07257300
v -0.04760500 -0.00872500 -0.07349300
v -0.04796700 -0.00771100 -0.07433200
v -0.04836200 -0.00663200 -0.07509000
v -0.04878700 -0.00549400 -0.07577000
v -0.04923600 -0.00430100 -0.07637500
v -0.04970600 -0.00305900 -0.07690700
v -0.05019200 -0.00177000 -0.07736800
v -0.05069100 -0.00044200 -0.07776300
v -0.05119800 0.00092200 -0.07809400
v -0.05170800 0.00231700 -0.07836600
v -0.05222000 0.00374000 -0.07858100
v -0.05272800 0.00518900 -0.07874300
v -0.05323100 0.00665900 -0.07885500
v -0.05372400 0.00814700 -0.07892200
v -0.05420300 0.00965100 -0.07894500
v -0.05466600 0.01116600 -0.07893000
v -0.05510900 0.01268800 -0.07887800
v -0.05552900 0.01421500 -0.07879400
v -0.05592300 0.01574300 -0.07867900
v -0.05629000 0.01727100 -0.07853800
v -0.05662600 0.01879400 -0.07837200
v -0.05692900 0.02031000 -0.07818700
v -0.05719600 0.02181700 -0.07798300
v -0.05742400 0.02331100 -0.07776500
v -0.05761300 0.02479200 -0.07753500
v -0.05776100 0.02625700 -0.07729600
v -0.05786800 0.02770500 -0.07704900
v -0.05793300 0.02913500 -0.07679600
v -0.05795500 0.03054400 -0.07654100
v -0.05793300 0.03193200 -0.07628500
v -0.05786700 0.03329700 -0.07603100
v -0.05775600 0.03463800 -0.07577900
v -0.05760200 0.03595700 -0.07553300
v -0.05740400 0.03725300 -0.07529200
v -0.05716600 0.03852600 -0.07505700
v -0.05688800 0.03977800 -0.07482900
v -0.05657200 0.04100700 -0.07461000
v -0.05583100 0.04340000 -0.07420100
v -0.05495600 0.04571200 -0.07383500
v -0.05397000 0.04795600 -0.07351200
v -0.05290100 0.05014200 -0.07323300
v -0.05177600 0.05227600 -0.07299600
v -0.05062200 0.05437100 -0.07280100
v -0.04947700 0.05643800 -0.07264400
v -0.04837700 0.05848500 -0.07252100
v -0.04736100 0.06051700 -0.07242800
v -0.04646700 0.06254200 -0.07236100
v -0.04573300 0.06455900 -0.07231400
v -0.04519400 0.06656200 -0.07228500
v -0.04488700 0.06854500 -0.07226800
v -0.04484600 0.07049900 -0.07226000
v -0.04509100 0.07239300 -0.07225700
v -0.04563600 0.07419500 -0.07225900
v -0.04649300 0.07587100 -0.07226200
v -0.04766500 0.07737500 -0.07226600
v -0.04913000 0.07865200 -0.07226800
v -0.05086400 0.07964200 -0.07226900
v -0.05282200 0.08027900 -0.07226900
v -0.05495200 0.08049500 -0.07226700
v -0.05717800 0.08021300 -0.07226500
v -0.05941300 0.07936100 -0.07226200
v -0.06049900 0.07870100 -0.07226000
v -0.06154600 0.07787400 -0.07225900
v -0.06253800 0.07687100 -0.07225700
v -0.06346000 0.07568800 -0.07225600
v -0.06429200 0.07432300 -0.07225500
v -0.06501400 0.07277400 -0.07225400
v -0.06560900 0.07104000 -0.07225300
v -0.06605700 0.06911700 -0.07225200
v -0.06634000 0.06700500 -0.07225200
v -0.06660400 0.06792300 -0.07219400
v -0.06601200 0.07110600 -0.07218300
v -0.06496800 0.07392800 -0.07218000
v -0.06559900 0.07099000 -0.06727000
v -0.06617600 0.06787100 -0.06726600
v -0.06458000 0.07374500 -0.06727300
v -0.06591500 0.06470000 -0.06627500
v -0.06591500 0.05970000 -0.06627500
v -0.06970700 0.05970000 -0.06945600
v -0.06652500 0.06470000 -0.07324800
v -0.06652500 0.05970000 -0.07324800
v -0.06664700 0.06470000 -0.06628700
v -0.06736000 0.06470000 -0.06645200
v -0.06802300 0.06470000 -0.06676100
v -0.06860700 0.06470000 -0.06720200
v -0.06908700 0.06470000 -0.06775400
v -0.06944200 0.06470000 -0.06839400
v -0.06965600 0.06470000 -0.06909300
v -0.06972000 0.06470000 -0.06982200
v -0.06963000 0.06470000 -0.07054900
v -0.06939200 0.06470000 -0.07124000
v -0.06901500 0.06470000 -0.07186800
v -0.06851600 0.06470000 -0.07240300
v -0.06791700 0.06470000 -0.07282200
v -0.06724300 0.06470000 -0.07310800
v -0.06652500 0.06220000 -0.07324800
v -0.06783600 0.05970000 -0.07286600
v -0.06890100 0.05970000 -0.07201100
v -0.06955800 0.05970000 -0.07081400
v -0.06932500 0.05970000 -0.06814500
v -0.06847000 0.05970000 -0.06708000
v -0.06727300 0.05970000 -0.06642300
v -0.06591500 0.06220000 -0.06627500
v -0.06229400 0.05970000 -0.06734400
v -0.06229400 0.04470000 -0.06734400
v -0.06246600 0.05220000 -0.06586500
v -0.06317000 0.05220000 -0.06461600
v -0.06428800 0.05220000 -0.06373100
v -0.06565800 0.05970000 -0.06333600
v -0.06565800 0.04470000 -0.06333600
v -0.06237500 0.05970000 -0.06618900
v -0.06280900 0.05970000 -0.06511600
v -0.06355300 0.05970000 -0.06422900
v -0.06453500 0.05970000 -0.06361600
v -0.06246600 0.05595000 -0.06586500
v -0.06230500 0.05220000 -0.06659600
v -0.06230500 0.05595000 -0.06659600
v -0.06317000 0.05595000 -0.06461600
v -0.06275700 0.05220000 -0.06520600
v -0.06275700 0.05595000 -0.06520600
v -0.06428800 0.05595000 -0.06373100
v -0.06368600 0.05220000 -0.06411900
v -0.06368600 0.05595000 -0.06411900
v -0.06495400 0.05220000 -0.06346700
v -0.06495400 0.05595000 -0.06346700
v -0.06565800 0.05470000 -0.06333600
v -0.06565800 0.04970000 -0.06333600
v -0.06401500 0.04470000 -0.06388700
v -0.06280300 0.04470000 -0.06512600
v -0.06428800 0.04845000 -0.06373100
v -0.06495400 0.04845000 -0.06346700
v -0.06317000 0.04845000 -0.06461600
v -0.06368600 0.04845000 -0.06411900
v -0.06246600 0.04845000 -0.06586500
v -0.06275700 0.04845000 -0.06520600
v -0.06237400 0.04470000 -0.06619500
v -0.06230500 0.04845000 -0.06659600
v -0.06229400 0.04970000 -0.06734400
v -0.06229400 0.05470000 -0.06734400
v -0.06279600 0.04470000 -0.06504200
v -0.06279600 0.02100000 -0.06504200
v -0.06293500 0.03877500 -0.06384200
v -0.06293500 0.03285000 -0.06384200
v -0.06293500 0.02692500 -0.06384200
v -0.06350500 0.03877500 -0.06282900
v -0.06350500 0.03285000 -0.06282900
v -0.06350500 0.02692500 -0.06282900
v -0.06441200 0.03877500 -0.06211200
v -0.06441200 0.03285000 -0.06211200
v -0.06441200 0.02692500 -0.06211200
v -0.06552300 0.04470000 -0.06179200
v -0.06552300 0.02100000 -0.06179200
v -0.06292300 0.04470000 -0.06387800
v -0.06348600 0.04470000 -0.06285200
v -0.06439900 0.04470000 -0.06211900
v -0.06293500 0.04173700 -0.06384200
v -0.06280400 0.03877500 -0.06443500
v -0.06280400 0.04173700 -0.06443500
v -0.06350500 0.04173700 -0.06282900
v -0.06317000 0.03877500 -0.06330800
v -0.06317000 0.04173700 -0.06330800
v -0.06441200 0.04173700 -0.06211200
v -0.06392400 0.03877500 -0.06242700
v -0.06392400 0.04173700 -0.06242700
v -0.06495200 0.03877500 -0.06189800
v -0.06495200 0.04173700 -0.06189800
v -0.06552300 0.04075000 -0.06179200
v -0.06552300 0.03680000 -0.06179200
v -0.06552300 0.03285000 -0.06179200
v -0.06552300 0.02890000 -0.06179200
v -0.06552300 0.02495000 -0.06179200
v -0.06439900 0.02100000 -0.06211900
v -0.06348600 0.02100000 -0.06285200
v -0.06292300 0.02100000 -0.06387800
v -0.06441200 0.02396200 -0.06211200
v -0.06495200 0.02692500 -0.06189800
v -0.06495200 0.02396200 -0.06189800
v -0.06350500 0.02396200 -0.06282900
v -0.06392400 0.02692500 -0.06242700
v -0.06392400 0.02396200 -0.06242700
v -0.06293500 0.02396200 -0.06384200
v -0.06317000 0.02692500 -0.06330800
v -0.06317000 0.02396200 -0.06330800
v -0.06280400 0.02692500 -0.06443500
v -0.06280400 0.02396200 -0.06443500
v -0.06279600 0.02495000 -0.06504200
v -0.06279600 0.02890000 -0.06504200
v -0.06279600 0.03285000 -0.06504200
v -0.06279600 0.03680000 -0.06504200
v -0.06279600 0.04075000 -0.06504200
v -0.06280300 0.04470000 -0.06512600
v -0.06401500 0.04470000 -0.06388700
v -0.06565800 0.04470000 -0.06333600
v -0.06552300 0.04470000 -0.06179200
v -0.06439900 0.04470000 -0.06211900
v -0.06348600 0.04470000 -0.06285200
v -0.06292300 0.04470000 -0.06387800
v -0.06279600 0.04470000 -0.06504200
v -0.06877300 0.04470000 -0.06451900
v -0.06844500 0.04470000 -0.06339500
v -0.06771300 0.04470000 -0.06248200
v -0.06668600 0.04470000 -0.06191900
v -0.06878000 0.04470000 -0.06460300
v -0.06737200 0.04470000 -0.06359300
v -0.06552300 0.04470000 -0.06179200
v -0.06552300 0.02100000 -0.06179200
v -0.06672200 0.03877500 -0.06193100
v -0.06672200 0.03285000 -0.06193100
v -0.06672200 0.02692500 -0.06193100
v -0.06773500 0.03877500 -0.06250100
v -0.06773500 0.03285000 -0.06250100
v -0.06773500 0.02692500 -0.06250100
v -0.06845200 0.03877500 -0.06340800
v -0.06845200 0.03285000 -0.06340800
v -0.06845200 0.02692500 -0.06340800
v -0.06877300 0.04470000 -0.06451900
v -0.06877300 0.02100000 -0.06451900
v -0.06552300 0.02495000 -0.06179200
v -0.06552300 0.02890000 -0.06179200
v -0.06552300 0.03285000 -0.06179200
v -0.06552300 0.03680000 -0.06179200
v -0.06552300 0.04075000 -0.06179200
v -0.06668600 0.04470000 -0.06191900
v -0.06771300 0.04470000 -0.06248200
v -0.06844500 0.04470000 -0.06339500
v -0.06672200 0.04173700 -0.06193100
v -0.06613000 0.03877500 -0.06180000
v -0.06613000 0.04173700 -0.06180000
v -0.06773500 0.04173700 -0.06250100
v -0.06725700 0.03877500 -0.06216600
v -0.06725700 0.04173700 -0.06216600
v -0.06845200 0.04173700 -0.06340800
v -0.06813800 0.03877500 -0.06292000
v -0.06813800 0.04173700 -0.06292000
v -0.06866600 0.03877500 -0.06394800
v -0.06866600 0.04173700 -0.06394800
v -0.06877300 0.04075000 -0.06451900
v -0.06877300 0.03680000 -0.06451900
v -0.06877300 0.03285000 -0.06451900
v -0.06877300 0.02890000 -0.06451900
v -0.06877300 0.02495000 -0.06451900
v -0.06844500 0.02100000 -0.06339500
v -0.06771300 0.02100000 -0.06248200
v -0.06668600 0.02100000 -0.06191900
v -0.06845200 0.02396200 -0.06340800
v -0.06866600 0.02692500 -0.06394800
v -0.06866600 0.02396200 -0.06394800
v -0.06773500 0.02396200 -0.06250100
v -0.06813800 0.02692500 -0.06292000
v -0.06813800 0.02396200 -0.06292000
v -0.06672200 0.02396200 -0.06193100
v -0.06725700 0.02692500 -0.06216600
v -0.06725700 0.02396200 -0.06216600
v -0.06613000 0.02692500 -0.06180000
v -0.06613000 0.02396200 -0.06180000
v -0.06279600 0.02100000 -0.06504200
v -0.06366700 0.02100000 -0.07500400
v -0.06279600 0.04470000 -0.06504200
v -0.06366700 0.04470000 -0.07500400
v -0.06279600 0.02495000 -0.06504200
v -0.06279600 0.02890000 -0.06504200
v -0.06279600 0.03285000 -0.06504200
v -0.06279600 0.03680000 -0.06504200
v -0.06279600 0.04075000 -0.06504200
v -0.06323100 0.03285000 -0.07002300
v -0.06366700 0.04075000 -0.07500400
v -0.06366700 0.03680000 -0.07500400
v -0.06366700 0.03285000 -0.07500400
v -0.06366700 0.02890000 -0.07500400
v -0.06366700 0.02495000 -0.07500400
v -0.06366000 0.04470000 -0.07492000
v -0.06344900 0.03285000 -0.07251300
v -0.06323100 0.03877500 -0.07002300
v -0.06344900 0.03877500 -0.07251300
v -0.06355800 0.03877500 -0.07375800
v -0.06344900 0.04173700 -0.07251300
v -0.06355800 0.04173700 -0.07375800
v -0.06361300 0.04173700 -0.07438100
v -0.06355800 0.04321900 -0.07375800
v -0.06361300 0.04321900 -0.07438100
v -0.06364000 0.04321900 -0.07469200
v -0.06361300 0.04395900 -0.07438100
v -0.06364000 0.04395900 -0.07469200
v -0.06365400 0.04395900 -0.07484800
v -0.06364000 0.04433000 -0.07469200
v -0.06365400 0.04433000 -0.07484800
v -0.06366000 0.04433000 -0.07492600
v -0.06365400 0.04451500 -0.07484800
v -0.06366000 0.04451500 -0.07492600
v -0.06280300 0.04470000 -0.06512600
v -0.06308900 0.04470000 -0.06839000
v -0.06337400 0.04470000 -0.07165500
v -0.06301400 0.03285000 -0.06753200
v -0.06301400 0.03877500 -0.06753200
v -0.06301400 0.04173700 -0.06753200
v -0.06290500 0.03877500 -0.06628700
v -0.06290500 0.04173700 -0.06628700
v -0.06290500 0.04321900 -0.06628700
v -0.06285000 0.04173700 -0.06566400
v -0.06285000 0.04321900 -0.06566400
v -0.06285000 0.04395900 -0.06566400
v -0.06282300 0.04321900 -0.06535300
v -0.06282300 0.04395900 -0.06535300
v -0.06282300 0.04433000 -0.06535300
v -0.06280900 0.04395900 -0.06519700
v -0.06280900 0.04433000 -0.06519700
v -0.06280900 0.04451500 -0.06519700
v -0.06280200 0.04433000 -0.06512000
v -0.06280200 0.04451500 -0.06512000
v -0.06964400 0.04470000 -0.07448100
v -0.06964400 0.02100000 -0.07448100
v -0.06950500 0.03877500 -0.07568000
v -0.06950500 0.03285000 -0.07568000
v -0.06950500 0.02692500 -0.07568000
v -0.06893500 0.03877500 -0.07669300
v -0.06893500 0.03285000 -0.07669300
v -0.06893500 0.02692500 -0.07669300
v -0.06802800 0.03877500 -0.07741000
v -0.06802800 0.03285000 -0.07741000
v -0.06802800 0.02692500 -0.07741000
v -0.06691700 0.03877500 -0.07773100
v -0.06691700 0.03285000 -0.07773100
v -0.06691700 0.02692500 -0.07773100
v -0.06571800 0.03877500 -0.07759200
v -0.06571800 0.03285000 -0.07759200
v -0.06571800 0.02692500 -0.07759200
v -0.06470500 0.03877500 -0.07702100
v -0.06470500 0.03285000 -0.07702100
v -0.06470500 0.02692500 -0.07702100
v -0.06398800 0.03877500 -0.07611400
v -0.06398800 0.03285000 -0.07611400
v -0.06398800 0.02692500 -0.07611400
v -0.06366700 0.04470000 -0.07500400
v -0.06366700 0.02100000 -0.07500400
v -0.06366700 0.04075000 -0.07500400
v -0.06366700 0.03680000 -0.07500400
v -0.06366700 0.03285000 -0.07500400
v -0.06366700 0.02890000 -0.07500400
v -0.06366700 0.02495000 -0.07500400
v -0.06407700 0.02100000 -0.07627500
v -0.06499700 0.02100000 -0.07724200
v -0.06624600 0.02100000 -0.07771400
v -0.06757600 0.02100000 -0.07759800
v -0.06872400 0.02100000 -0.07691600
v -0.06946200 0.02100000 -0.07580300
v -0.06398800 0.02396200 -0.07611400
v -0.06377400 0.02692500 -0.07557500
v -0.06377400 0.02396200 -0.07557500
v -0.06470500 0.02396200 -0.07702100
v -0.06430200 0.02692500 -0.07660300
v -0.06430200 0.02396200 -0.07660300
v -0.06571800 0.02396200 -0.07759200
v -0.06518300 0.02692500 -0.07735600
v -0.06518300 0.02396200 -0.07735600
v -0.06691700 0.02396200 -0.07773100
v -0.06631000 0.02692500 -0.07772200
v -0.06631000 0.02396200 -0.07772200
v -0.06802800 0.02396200 -0.07741000
v -0.06748800 0.02692500 -0.07762400
v -0.06748800 0.02396200 -0.07762400
v -0.06893500 0.02396200 -0.07669300
v -0.06851600 0.02692500 -0.07709600
v -0.06851600 0.02396200 -0.07709600
v -0.06950500 0.02396200 -0.07568000
v -0.06927000 0.02692500 -0.07621500
v -0.06927000 0.02396200 -0.07621500
v -0.06963600 0.02692500 -0.07508800
v -0.06963600 0.02396200 -0.07508800
v -0.06964400 0.02495000 -0.07448100
v -0.06964400 0.02890000 -0.07448100
v -0.06964400 0.03285000 -0.07448100
v -0.06964400 0.03680000 -0.07448100
v -0.06964400 0.04075000 -0.07448100
v -0.06946200 0.04470000 -0.07580300
v -0.06872400 0.04470000 -0.07691600
v -0.06757600 0.04470000 -0.07759800
v -0.06624600 0.04470000 -0.07771400
v -0.06499700 0.04470000 -0.07724200
v -0.06407700 0.04470000 -0.07627500
v -0.06950500 0.04173700 -0.07568000
v -0.06963600 0.03877500 -0.07508800
v -0.06963600 0.04173700 -0.07508800
v -0.06893500 0.04173700 -0.07669300
v -0.06927000 0.03877500 -0.07621500
v -0.06927000 0.04173700 -0.07621500
v -0.06802800 0.04173700 -0.07741000
v -0.06851600 0.03877500 -0.07709600
v -0.06851600 0.04173700 -0.07709600
v -0.06691700 0.04173700 -0.07773100
v -0.06748800 0.03877500 -0.07762400
v -0.06748800 0.04173700 -0.07762400
v -0.06571800 0.04173700 -0.07759200
v -0.06631000 0.03877500 -0.07772200
v -0.06631000 0.04173700 -0.07772200
v -0.06470500 0.04173700 -0.07702100
v -0.06518300 0.03877500 -0.07735600
v -0.06518300 0.04173700 -0.07735600
v -0.06398800 0.04173700 -0.07611400
v -0.06430200 0.03877500 -0.07660300
v -0.06430200 0.04173700 -0.07660300
v -0.06377400 0.03877500 -0.07557500
v -0.06377400 0.04173700 -0.07557500
v -0.06877300 0.04470000 -0.06451900
v -0.06964400 0.04470000 -0.07448100
v -0.06877300 0.02100000 -0.06451900
v -0.06964400 0.02100000 -0.07448100
v -0.06877300 0.04075000 -0.06451900
v -0.06877300 0.03680000 -0.06451900
v -0.06877300 0.03285000 -0.06451900
v -0.06877300 0.02890000 -0.06451900
v -0.06877300 0.02495000 -0.06451900
v -0.06920900 0.03285000 -0.06950000
v -0.06964400 0.02495000 -0.07448100
v -0.06964400 0.02890000 -0.07448100
v -0.06964400 0.03285000 -0.07448100
v -0.06964400 0.03680000 -0.07448100
v -0.06964400 0.04075000 -0.07448100
v -0.06878000 0.04470000 -0.06460300
v -0.06899100 0.03285000 -0.06700900
v -0.06920900 0.03877500 -0.06950000
v -0.06899100 0.03877500 -0.06700900
v -0.06888200 0.03877500 -0.06576400
v -0.06899100 0.04173700 -0.06700900
v -0.06888200 0.04173700 -0.06576400
v -0.06882700 0.04173700 -0.06514100
v -0.06888200 0.04321900 -0.06576400
v -0.06882700 0.04321900 -0.06514100
v -0.06880000 0.04321900 -0.06483000
v -0.06882700 0.04395900 -0.06514100
v -0.06880000 0.04395900 -0.06483000
v -0.06878600 0.04395900 -0.06467400
v -0.06880000 0.04433000 -0.06483000
v -0.06878600 0.04433000 -0.06467400
v -0.06878000 0.04433000 -0.06459700
v -0.06878600 0.04451500 -0.06467400
v -0.06878000 0.04451500 -0.06459700
v -0.06963700 0.04470000 -0.07439700
v -0.06935100 0.04470000 -0.07113200
v -0.06906600 0.04470000 -0.06786700
v -0.06942700 0.03285000 -0.07199000
v -0.06942700 0.03877500 -0.07199000
v -0.06953500 0.03877500 -0.07323600
v -0.06942700 0.04173700 -0.07199000
v -0.06953500 0.04173700 -0.07323600
v -0.06959000 0.04173700 -0.07385800
v -0.06953500 0.04321900 -0.07323600
v -0.06959000 0.04321900 -0.07385800
v -0.06961700 0.04321900 -0.07416900
v -0.06959000 0.04395900 -0.07385800
v -0.06961700 0.04395900 -0.07416900
v -0.06963100 0.04395900 -0.07432500
v -0.06961700 0.04433000 -0.07416900
v -0.06963100 0.04433000 -0.07432500
v -0.06963800 0.04433000 -0.07440300
v -0.06963100 0.04451500 -0.07432500
v -0.06963800 0.04451500 -0.07440300
v -0.06366000 0.04470000 -0.07492000
v -0.06366700 0.04470000 -0.07500400
v -0.06407700 0.04470000 -0.07627500
v -0.06499700 0.04470000 -0.07724200
v -0.06624600 0.04470000 -0.07771400
v -0.06757600 0.04470000 -0.07759800
v -0.06872400 0.04470000 -0.07691600
v -0.06946200 0.04470000 -0.07580300
v -0.06964400 0.04470000 -0.07448100
v -0.06963700 0.04470000 -0.07439700
v -0.06842500 0.04470000 -0.07563600
v -0.06678200 0.04470000 -0.07618700
v -0.06506800 0.04470000 -0.07592900
v -0.06552300 0.02100000 -0.06179200
v -0.06439900 0.02100000 -0.06211900
v -0.06348600 0.02100000 -0.06285200
v -0.06292300 0.02100000 -0.06387800
v -0.06279600 0.02100000 -0.06504200
v -0.06622000 0.02100000 -0.06976100
v -0.06450200 0.02100000 -0.06976100
v -0.06622000 0.02100000 -0.06577100
v -0.06450200 0.02100000 -0.06577100
v -0.06877300 0.02100000 -0.06451900
v -0.06844500 0.02100000 -0.06339500
v -0.06771300 0.02100000 -0.06248200
v -0.06668600 0.02100000 -0.06191900
v -0.06793800 0.02100000 -0.06976100
v -0.06793800 0.02100000 -0.06577100
v -0.06366700 0.02100000 -0.07500400
v -0.06407700 0.02100000 -0.07627500
v -0.06499700 0.02100000 -0.07724200
v -0.06624600 0.02100000 -0.07771400
v -0.06757600 0.02100000 -0.07759800
v -0.06872400 0.02100000 -0.07691600
v -0.06946200 0.02100000 -0.07580300
v -0.06964400 0.02100000 -0.07448100
v -0.06622000 0.02100000 -0.07375200
v -0.06450200 0.02100000 -0.07375200
v -0.06793800 0.02100000 -0.07375200
v -0.06366000 0.04470000 -0.07492000
v -0.06280300 0.04470000 -0.06512600
v -0.06237400 0.04470000 -0.06619500
v -0.06229400 0.04470000 -0.06734400
v -0.06337400 0.04470000 -0.07165500
v -0.06308900 0.04470000 -0.06839000
v -0.06253400 0.04470000 -0.07008400
v -0.06277400 0.04470000 -0.07282300
v -0.06305200 0.04470000 -0.07394100
v -0.06878000 0.04470000 -0.06460300
v -0.06906600 0.04470000 -0.06786700
v -0.06935100 0.04470000 -0.07113200
v -0.06963700 0.04470000 -0.07439700
v -0.06966600 0.04470000 -0.06669900
v -0.06938800 0.04470000 -0.06558100
v -0.07006600 0.04470000 -0.07332800
v -0.07014600 0.04470000 -0.07217800
v -0.06990600 0.04470000 -0.06943900
v -0.06565800 0.05970000 -0.06333600
v -0.06565800 0.04470000 -0.06333600
v -0.06713700 0.05220000 -0.06350700
v -0.06838700 0.05220000 -0.06421100
v -0.06927100 0.05220000 -0.06532900
v -0.06966600 0.05970000 -0.06669900
v -0.06966600 0.04470000 -0.06669900
v -0.06565800 0.04970000 -0.06333600
v -0.06565800 0.05470000 -0.06333600
v -0.06681300 0.05970000 -0.06341700
v -0.06788600 0.05970000 -0.06385000
v -0.06877300 0.05970000 -0.06459400
v -0.06938600 0.05970000 -0.06557600
v -0.06713700 0.05595000 -0.06350700
v -0.06640600 0.05220000 -0.06334600
v -0.06640600 0.05595000 -0.06334600
v -0.06838700 0.05595000 -0.06421100
v -0.06779600 0.05220000 -0.06379800
v -0.06779600 0.05595000 -0.06379800
v -0.06927100 0.05595000 -0.06532900
v -0.06888300 0.05220000 -0.06472700
v -0.06888300 0.05595000 -0.06472700
v -0.06953500 0.05220000 -0.06599500
v -0.06953500 0.05595000 -0.06599500
v -0.06966600 0.05470000 -0.06669900
v -0.06966600 0.04970000 -0.06669900
v -0.06938800 0.04470000 -0.06558100
v -0.06878000 0.04470000 -0.06460300
v -0.06927100 0.04845000 -0.06532900
v -0.06953500 0.04845000 -0.06599500
v -0.06838700 0.04845000 -0.06421100
v -0.06888300 0.04845000 -0.06472700
v -0.06737200 0.04470000 -0.06359300
v -0.06713700 0.04845000 -0.06350700
v -0.06779600 0.04845000 -0.06379800
v -0.06640600 0.04845000 -0.06334600
v -0.06229400 0.04470000 -0.06734400
v -0.06277400 0.04470000 -0.07282300
v -0.06229400 0.05970000 -0.06734400
v -0.06277400 0.05970000 -0.07282300
v -0.06229400 0.04970000 -0.06734400
v -0.06229400 0.05470000 -0.06734400
v -0.06253400 0.04470000 -0.07008400
v -0.06253400 0.05220000 -0.07008400
v -0.06277400 0.05470000 -0.07282300
v -0.06277400 0.04970000 -0.07282300
v -0.06241400 0.05970000 -0.06871400
v -0.06253400 0.05970000 -0.07008400
v -0.06265400 0.05970000 -0.07145400
v -0.06253400 0.05595000 -0.07008400
v -0.06241400 0.05220000 -0.06871400
v -0.06241400 0.05595000 -0.06871400
v -0.06265400 0.05220000 -0.07145400
v -0.06265400 0.05595000 -0.07145400
v -0.07014600 0.05970000 -0.07217800
v -0.07014600 0.04470000 -0.07217800
v -0.06997400 0.05220000 -0.07365800
v -0.06927000 0.05220000 -0.07490700
v -0.06815200 0.05220000 -0.07579100
v -0.06678200 0.05220000 -0.07618700
v -0.06530300 0.05220000 -0.07601500
v -0.06405400 0.05220000 -0.07531200
v -0.06316900 0.05220000 -0.07419300
v -0.06277400 0.05970000 -0.07282300
v -0.06277400 0.04470000 -0.07282300
v -0.06277400 0.05470000 -0.07282300
v -0.06277400 0.04970000 -0.07282300
v -0.06305200 0.04470000 -0.07394100
v -0.06366000 0.04470000 -0.07492000
v -0.06316900 0.04845000 -0.07419300
v -0.06290500 0.05220000 -0.07352700
v -0.06290500 0.04845000 -0.07352700
v -0.06405400 0.04845000 -0.07531200
v -0.06355700 0.05220000 -0.07479500
v -0.06355700 0.04845000 -0.07479500
v -0.06506800 0.04470000 -0.07592900
v -0.06678200 0.04470000 -0.07618700
v -0.06842500 0.04470000 -0.07563600
v -0.06963700 0.04470000 -0.07439700
v -0.06530300 0.04845000 -0.07601500
v -0.06464400 0.05220000 -0.07572500
v -0.06464400 0.04845000 -0.07572500
v -0.06678200 0.04845000 -0.07618700
v -0.06815200 0.04845000 -0.07579100
v -0.06748600 0.05220000 -0.07605600
v -0.06748600 0.04845000 -0.07605600
v -0.06927000 0.04845000 -0.07490700
v -0.06875400 0.05220000 -0.07540300
v -0.06875400 0.04845000 -0.07540300
v -0.06997400 0.04845000 -0.07365800
v -0.06968300 0.05220000 -0.07431700
v -0.06968300 0.04845000 -0.07431700
v -0.07006600 0.04470000 -0.07332800
v -0.07013500 0.05220000 -0.07292700
v -0.07013500 0.04845000 -0.07292700
v -0.07014600 0.04970000 -0.07217800
v -0.07014600 0.05470000 -0.07217800
v -0.07003400 0.05970000 -0.07345800
v -0.06949100 0.05970000 -0.07462300
v -0.06858200 0.05970000 -0.07553200
v -0.06741700 0.05970000 -0.07607500
v -0.06613700 0.05970000 -0.07618700
v -0.06489600 0.05970000 -0.07585400
v -0.06384300 0.05970000 -0.07511700
v -0.06310600 0.05970000 -0.07406400
v -0.06997400 0.05595000 -0.07365800
v -0.07013500 0.05595000 -0.07292700
v -0.06927000 0.05595000 -0.07490700
v -0.06968300 0.05595000 -0.07431700
v -0.06815200 0.05595000 -0.07579100
v -0.06875400 0.05595000 -0.07540300
v -0.06678200 0.05595000 -0.07618700
v -0.06748600 0.05595000 -0.07605600
v -0.06530300 0.05595000 -0.07601500
v -0.06603400 0.05220000 -0.07617600
v -0.06603400 0.05595000 -0.07617600
v -0.06405400 0.05595000 -0.07531200
v -0.06464400 0.05595000 -0.07572500
v -0.06316900 0.05595000 -0.07419300
v -0.06355700 0.05595000 -0.07479500
v -0.06290500 0.05595000 -0.07352700
v -0.06966600 0.05970000 -0.06669900
v -0.07014600 0.05970000 -0.07217800
v -0.06966600 0.04470000 -0.06669900
v -0.07014600 0.04470000 -0.07217800
v -0.06966600 0.05470000 -0.06669900
v -0.06966600 0.04970000 -0.06669900
v -0.07014600 0.04970000 -0.07217800
v -0.07014600 0.05470000 -0.07217800
v -0.06990600 0.04470000 -0.06943900
v -0.06990600 0.05220000 -0.06943900
v -0.07002600 0.05970000 -0.07080900
v -0.06990600 0.05970000 -0.06943900
v -0.06978600 0.05970000 -0.06806900
v -0.07002600 0.05220000 -0.07080900
v -0.06990600 0.05595000 -0.06943900
v -0.07002600 0.05595000 -0.07080900
v -0.06978600 0.05220000 -0.06806900
v -0.06978600 0.05595000 -0.06806900
v -0.06591500 0.05970000 -0.06627500
v -0.06727300 0.05970000 -0.06642300
v -0.06847000 0.05970000 -0.06708000
v -0.06932500 0.05970000 -0.06814500
v -0.06970700 0.05970000 -0.06945600
v -0.06955800 0.05970000 -0.07081400
v -0.06890100 0.05970000 -0.07201100
v -0.06783600 0.05970000 -0.07286600
v -0.06652500 0.05970000 -0.07324800
v -0.06565800 0.05970000 -0.06333600
v -0.06453500 0.05970000 -0.06361600
v -0.06355300 0.05970000 -0.06422900
v -0.06280900 0.05970000 -0.06511600
v -0.06237500 0.05970000 -0.06618900
v -0.06229400 0.05970000 -0.06734400
v -0.06966600 0.05970000 -0.06669900
v -0.06938600 0.05970000 -0.06557600
v -0.06877300 0.05970000 -0.06459400
v -0.06788600 0.05970000 -0.06385000
v -0.06681300 0.05970000 -0.06341700
v -0.06241400 0.05970000 -0.06871400
v -0.06253400 0.05970000 -0.07008400
v -0.06265400 0.05970000 -0.07145400
v -0.06277400 0.05970000 -0.07282300
v -0.06310600 0.05970000 -0.07406400
v -0.06384300 0.05970000 -0.07511700
v -0.06489600 0.05970000 -0.07585400
v -0.06613700 0.05970000 -0.07618700
v -0.06741700 0.05970000 -0.07607500
v -0.06858200 0.05970000 -0.07553200
v -0.06949100 0.05970000 -0.07462300
v -0.07003400 0.05970000 -0.07345800
v -0.07014600 0.05970000 -0.07217800
v -0.07002600 0.05970000 -0.07080900
v -0.06990600 0.05970000 -0.06943900
v -0.06978600 0.05970000 -0.06806900
v -0.06516800 0.05970000 -0.07309900
v -0.06397000 0.05970000 -0.07244200
v -0.06311600 0.05970000 -0.07137700
v -0.06273300 0.05970000 -0.07006600
v -0.06288200 0.05970000 -0.06870900
v -0.06353900 0.05970000 -0.06751200
v -0.06460400 0.05970000 -0.06665700
v -0.06340600 0.05970000 -0.06516200
v -0.06565700 0.05970000 -0.06516200
v -0.06678300 0.05970000 -0.06516200
v -0.06790800 0.05970000 -0.06516200
v -0.06453200 0.05970000 -0.07436100
v -0.06678300 0.05970000 -0.07436100
v -0.06903400 0.05970000 -0.07436100
v -0.06790800 0.05970000 -0.07436100
v -0.06652500 0.06470000 -0.07324800
v -0.06652500 0.05970000 -0.07324800
v -0.06273300 0.05970000 -0.07006600
v -0.06591500 0.06470000 -0.06627500
v -0.06591500 0.05970000 -0.06627500
v -0.06652500 0.06220000 -0.07324800
v -0.06591500 0.06220000 -0.06627500
v -0.06579300 0.06470000 -0.07323500
v -0.06508100 0.06470000 -0.07307100
v -0.06441700 0.06470000 -0.07276100
v -0.06383300 0.06470000 -0.07232100
v -0.06335300 0.06470000 -0.07176900
v -0.06299800 0.06470000 -0.07112900
v -0.06278400 0.06470000 -0.07042900
v -0.06272100 0.06470000 -0.06970000
v -0.06281000 0.06470000 -0.06897400
v -0.06304800 0.06470000 -0.06828200
v -0.06342500 0.06470000 -0.06765500
v -0.06392400 0.06470000 -0.06712000
v -0.06452300 0.06470000 -0.06670000
v -0.06519700 0.06470000 -0.06641400
v -0.06460400 0.05970000 -0.06665700
v -0.06353900 0.05970000 -0.06751200
v -0.06288200 0.05970000 -0.06870900
v -0.06311600 0.05970000 -0.07137700
v -0.06397000 0.05970000 -0.07244200
v -0.06516800 0.05970000 -0.07309900
v -0.06600200 0.06470000 -0.06727100
v -0.06694400 0.06470000 -0.06736800
v -0.06781200 0.06470000 -0.06783300
v -0.06843300 0.06470000 -0.06859800
v -0.06871000 0.06470000 -0.06954000
v -0.06860500 0.06470000 -0.07051000
v -0.06812700 0.06470000 -0.07137800
v -0.06736600 0.06470000 -0.07198300
v -0.06643800 0.06470000 -0.07225200
v -0.06652500 0.06470000 -0.07324800
v -0.06724300 0.06470000 -0.07310800
v -0.06791700 0.06470000 -0.07282200
v -0.06851600 0.06470000 -0.07240300
v -0.06901500 0.06470000 -0.07186800
v -0.06939200 0.06470000 -0.07124000
v -0.06963000 0.06470000 -0.07054900
v -0.06972000 0.06470000 -0.06982200
v -0.06965600 0.06470000 -0.06909300
v -0.06944200 0.06470000 -0.06839400
v -0.06908700 0.06470000 -0.06775400
v -0.06860700 0.06470000 -0.06720200
v -0.06802300 0.06470000 -0.06676100
v -0.06736000 0.06470000 -0.06645200
v -0.06664700 0.06470000 -0.06628700
v -0.06591500 0.06470000 -0.06627500
v -0.06519700 0.06470000 -0.06641400
v -0.06452300 0.06470000 -0.06670000
v -0.06392400 0.06470000 -0.06712000
v -0.06342500 0.06470000 -0.06765500
v -0.06304800 0.06470000 -0.06828200
v -0.06281000 0.06470000 -0.06897400
v -0.06272100 0.06470000 -0.06970000
v -0.06278400 0.06470000 -0.07042900
v -0.06299800 0.06470000 -0.07112900
v -0.06335300 0.06470000 -0.07176900
v -0.06383300 0.06470000 -0.07232100
v -0.06441700 0.06470000 -0.07276100
v -0.06508100 0.06470000 -0.07307100
v -0.06579300 0.06470000 -0.07323500
v -0.06549600 0.06470000 -0.07215400
v -0.06462900 0.06470000 -0.07168900
v -0.06400700 0.06470000 -0.07092400
v -0.06373000 0.06470000 -0.06998300
v -0.06383500 0.06470000 -0.06901200
v -0.06431300 0.06470000 -0.06814400
v -0.06507400 0.06470000 -0.06753900
v -0.06472000 0.06470000 -0.06726100
v -0.06672000 0.06470000 -0.06726100
v -0.06372000 0.06470000 -0.07026100
v -0.06372000 0.06470000 -0.06826100
v -0.06772000 0.06470000 -0.06726100
v -0.06872000 0.06470000 -0.06826100
v -0.06872000 0.06470000 -0.07026100
v -0.06372000 0.06470000 -0.07126100
v -0.06472000 0.06470000 -0.07226100
v -0.06672000 0.06470000 -0.07226100
v -0.06872000 0.06470000 -0.07126100
v -0.06772000 0.06470000 -0.07226100
v -0.05346200 -0.00678200 -0.05116200
v -0.06237300 0.00185600 -0.03750000
v -0.05549100 -0.00611400 -0.04865000
v -0.05702800 -0.00456800 -0.04638500
v -0.05868800 -0.00291300 -0.04423600
v -0.06036300 -0.00127700 -0.04218000
v -0.06208100 0.00031100 -0.04032900
v -0.06295200 0.00108200 -0.03750000
v -0.05583900 -0.00696400 -0.04833200
v -0.05739200 -0.00540300 -0.04604300
v -0.05906200 -0.00373700 -0.04387900
v -0.06074700 -0.00209100 -0.04182500
v -0.06239900 -0.00056300 -0.04001600
v -0.06319400 0.00014100 -0.03750000
v -0.05585900 -0.00780600 -0.04781200
v -0.05743600 -0.00622100 -0.04548300
v -0.05912600 -0.00453500 -0.04329100
v -0.06083600 -0.00286700 -0.04123400
v -0.06238200 -0.00143300 -0.03948300
v -0.06305300 -0.00084000 -0.03750000
v -0.05554500 -0.00848400 -0.04718600
v -0.05715200 -0.00686900 -0.04480800
v -0.05886700 -0.00515900 -0.04258000
v -0.06061100 -0.00346000 -0.04051600
v -0.06203200 -0.00213700 -0.03882900
v -0.06255100 -0.00167800 -0.03750000
v -0.05494400 -0.00890900 -0.04653800
v -0.05658100 -0.00726400 -0.04411100
v -0.05832300 -0.00552600 -0.04184400
v -0.06010700 -0.00379200 -0.03977000
v -0.06140100 -0.00258200 -0.03814300
v -0.06176300 -0.00226200 -0.03750000
v -0.05414600 -0.00901100 -0.04597100
v -0.05580900 -0.00733900 -0.04350000
v -0.05757500 -0.00557700 -0.04119800
v -0.05939800 -0.00380800 -0.03911100
v -0.06058200 -0.00269500 -0.03753100
v -0.06080600 -0.00249800 -0.03750000
v -0.05327800 -0.00877200 -0.04557500
v -0.05495900 -0.00708200 -0.04307300
v -0.05674400 -0.00530100 -0.04074400
v -0.05859700 -0.00350400 -0.03864600
v -0.05970800 -0.00245700 -0.03709300
v -0.05983300 -0.00234600 -0.03750000
v -0.05089800 -0.00985100 -0.04816000
v -0.05902300 -0.00185600 -0.03750000
v -0.06269900 0.00086000 -0.03925100
v -0.06267700 0.00152800 -0.03750000
v -0.06178900 0.00074300 -0.04039300
v -0.06241800 0.00130100 -0.03929400
v -0.06296500 -0.00006000 -0.03903000
v -0.06311300 0.00064800 -0.03750000
v -0.06227100 -0.00009700 -0.04021100
v -0.06286900 0.00043400 -0.03916800
v -0.06286400 -0.00100500 -0.03865100
v -0.06317500 -0.00034200 -0.03750000
v -0.06243500 -0.00099600 -0.03978000
v -0.06296400 -0.00052700 -0.03886300
v -0.06241100 -0.00180000 -0.03818300
v -0.06284600 -0.00128000 -0.03750000
v -0.06224800 -0.00180800 -0.03917000
v -0.06268000 -0.00142400 -0.03842700
v -0.06167300 -0.00233900 -0.03768900
v -0.06218200 -0.00201200 -0.03750000
v -0.06174300 -0.00240000 -0.03847900
v -0.06206800 -0.00211100 -0.03793200
v -0.06076100 -0.00253500 -0.03724800
v -0.06128100 -0.00243100 -0.03750000
v -0.06099500 -0.00268500 -0.03781100
v -0.06121600 -0.00248700 -0.03745000
v -0.05982100 -0.00235500 -0.03692900
v -0.06028600 -0.00246600 -0.03750000
v -0.06012000 -0.00261200 -0.03727300
v -0.06026000 -0.00248700 -0.03706100
v -0.05937300 -0.00212000 -0.03750000
v -0.05927600 -0.00220500 -0.03695700
v -0.05936900 -0.00212100 -0.03682900
v -0.06079600 -0.00250600 -0.03729400
v -0.06104100 -0.00247600 -0.03750000
v -0.06126600 -0.00244400 -0.03741500
v -0.06098700 -0.00252300 -0.03734400
v -0.06102900 -0.00248700 -0.03735100
v -0.06152300 -0.00236000 -0.03750000
v -0.06174100 -0.00228100 -0.03755700
v -0.06144600 -0.00242600 -0.03756600
v -0.06150400 -0.00237600 -0.03748300
v -0.06028100 -0.00246900 -0.03718200
v -0.06053800 -0.00249500 -0.03750000
v -0.06050400 -0.00252400 -0.03714700
v -0.06053100 -0.00250000 -0.03723300
v -0.05978400 -0.00238800 -0.03693800
v -0.06003200 -0.00242900 -0.03698800
v -0.06021000 -0.00253100 -0.03710300
v -0.05990600 -0.00254200 -0.03717400
v -0.05998900 -0.00246700 -0.03701200
v -0.05932300 -0.00281600 -0.03776300
v -0.06013700 -0.00310800 -0.03822500
v -0.05897900 -0.00368500 -0.03883700
v -0.05971000 -0.00299300 -0.03795300
v -0.05934200 -0.00214500 -0.03681500
v -0.05958100 -0.00224500 -0.03687100
v -0.05948000 -0.00233600 -0.03701300
v -0.05955000 -0.00227200 -0.03686600
v -0.05818600 -0.00323400 -0.03850600
v -0.05890900 -0.00254800 -0.03762200
v -0.05918400 -0.00198900 -0.03680000
v -0.05909600 -0.00206900 -0.03691900
v -0.05915900 -0.00201100 -0.03678000
v -0.06151900 -0.00236400 -0.03747800
v -0.06164300 -0.00231400 -0.03750000
v -0.06175700 -0.00226700 -0.03751900
v -0.06162300 -0.00233200 -0.03752000
v -0.06163800 -0.00231900 -0.03749800
v -0.06197700 -0.00214800 -0.03750000
v -0.06215300 -0.00203700 -0.03770100
v -0.06187600 -0.00223600 -0.03780800
v -0.06195100 -0.00217000 -0.03762800
v -0.05910100 -0.00192200 -0.03679100
v -0.05917500 -0.00199700 -0.03676700
v -0.05907700 -0.00194300 -0.03676800
v -0.05909300 -0.00192900 -0.03675600
v -0.05918500 -0.00199000 -0.03750000
v -0.05937400 -0.00211700 -0.03704300
v -0.05918700 -0.00198700 -0.03702600
v -0.06164200 -0.00231500 -0.03749600
v -0.06170300 -0.00228900 -0.03750000
v -0.06176100 -0.00226300 -0.03750700
v -0.06169800 -0.00229400 -0.03750800
v -0.06170200 -0.00229000 -0.03750100
v -0.06187100 -0.00220800 -0.03750000
v -0.06197100 -0.00215400 -0.03755700
v -0.06184700 -0.00222800 -0.03759200
v -0.06186500 -0.00221300 -0.03753800
v -0.06164300 -0.00231500 -0.03749700
v -0.06167300 -0.00230200 -0.03750000
v -0.06170300 -0.00228900 -0.03750000
v -0.06167200 -0.00230300 -0.03749900
v -0.06167300 -0.00230200 -0.03749900
v -0.06152200 -0.00236100 -0.03748600
v -0.06158300 -0.00233800 -0.03750000
v -0.06157900 -0.00234200 -0.03748800
v -0.06158200 -0.00233900 -0.03749100
v -0.06127700 -0.00243400 -0.03744100
v -0.06140200 -0.00239900 -0.03750000
v -0.06138500 -0.00241300 -0.03744800
v -0.06139800 -0.00240200 -0.03745900
v -0.06173300 -0.00227600 -0.03750000
v -0.06176200 -0.00226200 -0.03750300
v -0.06173200 -0.00227700 -0.03750400
v -0.06173300 -0.00227600 -0.03750100
v -0.06181700 -0.00223600 -0.03750000
v -0.06186900 -0.00220900 -0.03751700
v -0.06181100 -0.00224100 -0.03752800
v -0.06181500 -0.00223700 -0.03751200
v -0.06223200 0.00173200 -0.03888100
v -0.06186500 0.00140800 -0.03984300
v -0.06078400 0.00043600 -0.04112000
v -0.05966700 -0.00061300 -0.04235400
v -0.05851800 -0.00173300 -0.04376200
v -0.05789600 -0.00234800 -0.04453700
v -0.05724800 -0.00299200 -0.04535800
v -0.05658800 -0.00365200 -0.04622600
v -0.05592900 -0.00431300 -0.04713800
v -0.05528300 -0.00496400 -0.04809300
v -0.05465400 -0.00559600 -0.04908600
v -0.05404700 -0.00620400 -0.05011100
v -0.05156400 -0.00919200 -0.04696700
v -0.05225300 -0.00850400 -0.04581200
v -0.05295800 -0.00779600 -0.04470100
v -0.05367100 -0.00708000 -0.04363800
v -0.05438500 -0.00636300 -0.04262700
v -0.05509400 -0.00565200 -0.04167500
v -0.05579600 -0.00495300 -0.04078500
v -0.05648700 -0.00427300 -0.03996300
v -0.05777400 -0.00303100 -0.03853800
v -0.05868000 -0.00217200 -0.03740700
v -0.05901000 -0.00186500 -0.03674800
v -0.05901200 -0.00186300 -0.03674700
v -0.05901500 -0.00186100 -0.03674800
v -0.05901700 -0.00185900 -0.03675000
v -0.05901900 -0.00185800 -0.03675300
v -0.05905300 -0.00189500 -0.03675200
v -0.05908600 -0.00193500 -0.03675700
v -0.05903800 -0.00190900 -0.03676300
v -0.05904700 -0.00190100 -0.03675200
v -0.05913300 -0.00203400 -0.03683200
v -0.05901500 -0.00200000 -0.03690600
v -0.05905100 -0.00196600 -0.03682000
v -0.05913700 -0.00233400 -0.03724900
v -0.05873400 -0.00240800 -0.03758400
v -0.05896000 -0.00219500 -0.03721000
v -0.05903400 -0.00187800 -0.03675000
v -0.05905000 -0.00189700 -0.03675100
v -0.05902700 -0.00188300 -0.03675000
v -0.05903100 -0.00188000 -0.03674900
v -0.05906200 -0.00188800 -0.03678700
v -0.05909800 -0.00192400 -0.03676700
v -0.05905800 -0.00189000 -0.03676300
v -0.05910400 -0.00192000 -0.03702000
v -0.05918800 -0.00198700 -0.03688500
v -0.05910400 -0.00191900 -0.03687700
v -0.05902200 -0.00187200 -0.03674800
v -0.05902900 -0.00188200 -0.03674900
v -0.05901800 -0.00187500 -0.03674900
v -0.05902000 -0.00187300 -0.03674800
v -0.05904200 -0.00190400 -0.03675600
v -0.05901900 -0.00189100 -0.03676100
v -0.05902300 -0.00188700 -0.03675400
v -0.05906500 -0.00195300 -0.03678900
v -0.05901200 -0.00193100 -0.03681500
v -0.05902600 -0.00191900 -0.03678400
v -0.05902500 -0.00186900 -0.03674900
v -0.05903300 -0.00187900 -0.03674900
v -0.05902300 -0.00187000 -0.03674800
v -0.05903900 -0.00187300 -0.03676100
v -0.05905600 -0.00189200 -0.03675600
v -0.05903700 -0.00187500 -0.03675400
v -0.05902700 -0.00186700 -0.03675300
v -0.05903600 -0.00187600 -0.03675200
v -0.05902600 -0.00186800 -0.03675100
v -0.05903000 -0.00186500 -0.03676100
v -0.05903800 -0.00187400 -0.03675700
v -0.05902900 -0.00186600 -0.03675700
v -0.05904200 -0.00187100 -0.03678500
v -0.05906000 -0.00188900 -0.03677300
v -0.05904100 -0.00187200 -0.03677200
v -0.05906400 -0.00188500 -0.03687300
v -0.05910300 -0.00192000 -0.03682700
v -0.05906400 -0.00188600 -0.03682300
v -0.05393100 -0.00731000 -0.05113500
v -0.05432100 -0.00809000 -0.05093200
v -0.05442400 -0.00906600 -0.05047100
v -0.05403900 -0.00998400 -0.04977800
v -0.05321700 -0.01051000 -0.04905800
v -0.05227000 -0.01054500 -0.04853100
v -0.05147000 -0.01025700 -0.04825300
v -0.05476600 -0.00684200 -0.04985300
v -0.05518700 -0.00569400 -0.04872400
v -0.05446400 -0.00641900 -0.04992200
v -0.05284400 -0.00852400 -0.04545900
v -0.05246400 -0.00958500 -0.04691600
v -0.05202800 -0.00934000 -0.04680300
v -0.06600200 0.06470000 -0.06727100
v -0.05290700 0.07987200 -0.06728600
v -0.05797700 0.02100300 -0.07311200
v -0.05346200 -0.00678200 -0.05116200
v -0.06507400 0.06470000 -0.06753900
v -0.06485700 0.06798800 -0.06754000
v -0.06415200 0.07114800 -0.06754100
v -0.06291600 0.07399500 -0.06754300
v -0.06108800 0.07643000 -0.06754500
v -0.05870000 0.07820200 -0.06754800
v -0.05592500 0.07907500 -0.06755000
v -0.05310000 0.07896300 -0.06755100
v -0.05027500 0.07780400 -0.06755000
v -0.04810000 0.07581700 -0.06754700
v -0.04670900 0.07320900 -0.06754200
v -0.04618300 0.07022000 -0.06754300
v -0.04645700 0.06708400 -0.06756300
v -0.04733600 0.06399200 -0.06761200
v -0.04862300 0.06093100 -0.06770600
v -0.05023200 0.05778500 -0.06786200
v -0.05191300 0.05473400 -0.06808200
v -0.05362800 0.05159400 -0.06838600
v -0.05523200 0.04841500 -0.06877200
v -0.05667000 0.04513200 -0.06924500
v -0.05786800 0.04172600 -0.06980200
v -0.05874900 0.03831100 -0.07040900
v -0.05932900 0.03483800 -0.07105300
v -0.05960700 0.03129900 -0.07171500
v -0.05959800 0.02787100 -0.07233900
v -0.05935600 0.02449400 -0.07291600
v -0.05887100 0.02090400 -0.07346400
v -0.05827600 0.01776500 -0.07386500
v -0.05752000 0.01453100 -0.07418000
v -0.05665400 0.01135200 -0.07436500
v -0.05570500 0.00824900 -0.07439400
v -0.05469800 0.00522500 -0.07423600
v -0.05365500 0.00228300 -0.07385700
v -0.05265400 -0.00042400 -0.07324300
v -0.05170900 -0.00292700 -0.07234600
v -0.05087200 -0.00515800 -0.07113800
v -0.05021100 -0.00700100 -0.06964600
v -0.04979800 -0.00847900 -0.06785200
v -0.04966800 -0.00946200 -0.06593900
v -0.04978100 -0.01006700 -0.06371300
v -0.05016500 -0.01024900 -0.06127600
v -0.05081400 -0.01003700 -0.05873500
v -0.05171200 -0.00947500 -0.05612800
v -0.05280900 -0.00863700 -0.05357800
v -0.06431300 0.06470000 -0.06814400
v -0.06410400 0.06788300 -0.06814500
v -0.06342700 0.07091600 -0.06814600
v -0.06225500 0.07361700 -0.06814700
v -0.06054700 0.07589500 -0.06815000
v -0.05835200 0.07752500 -0.06815200
v -0.05582700 0.07831900 -0.06815300
v -0.05325900 0.07821700 -0.06815300
v -0.05068600 0.07716000 -0.06815200
v -0.04870200 0.07534900 -0.06814900
v -0.04743200 0.07296500 -0.06814400
v -0.04694500 0.07019500 -0.06814600
v -0.04720600 0.06723900 -0.06816400
v -0.04805200 0.06426400 -0.06821200
v -0.04930700 0.06127900 -0.06830300
v -0.05089300 0.05817900 -0.06845700
v -0.05256300 0.05514600 -0.06867600
v -0.05427900 0.05200400 -0.06897900
v -0.05589200 0.04880800 -0.06936800
v -0.05734300 0.04549300 -0.06984600
v -0.05855800 0.04204000 -0.07041000
v -0.05945200 0.03857300 -0.07102700
v -0.06004200 0.03504200 -0.07168100
v -0.06032400 0.03144300 -0.07235400
v -0.06031600 0.02795900 -0.07298900
v -0.06006900 0.02452800 -0.07357500
v -0.05957700 0.02088100 -0.07413100
v -0.05897300 0.01769400 -0.07453900
v -0.05820600 0.01441100 -0.07485900
v -0.05732500 0.01118200 -0.07504700
v -0.05636100 0.00802600 -0.07507600
v -0.05533500 0.00494600 -0.07491500
v -0.05427000 0.00194300 -0.07452800
v -0.05324400 -0.00083300 -0.07389900
v -0.05226900 -0.00341500 -0.07297200
v -0.05139900 -0.00573400 -0.07171700
v -0.05070600 -0.00767000 -0.07014900
v -0.05024800 -0.00924300 -0.06825100
v -0.05007800 -0.01029600 -0.06622100
v -0.05016500 -0.01094600 -0.06386800
v -0.05053600 -0.01114600 -0.06131100
v -0.05117400 -0.01093800 -0.05867100
v -0.05206000 -0.01036900 -0.05597700
v -0.05314200 -0.00952200 -0.05335400
v -0.06383500 0.06470000 -0.06901200
v -0.06363000 0.06781700 -0.06901200
v -0.06297100 0.07077000 -0.06901300
v -0.06184000 0.07338000 -0.06901500
v -0.06020800 0.07555800 -0.06901700
v -0.05813400 0.07709800 -0.06901900
v -0.05576500 0.07784200 -0.06902000
v -0.05336000 0.07774600 -0.06901900
v -0.05094500 0.07675400 -0.06901800
v -0.04908200 0.07505200 -0.06901500
v -0.04788700 0.07281000 -0.06901000
v -0.04742700 0.07018100 -0.06901200
v -0.04767800 0.06734100 -0.06903000
v -0.04850200 0.06444600 -0.06907600
v -0.04973400 0.06151500 -0.06916600
v -0.05130100 0.05845200 -0.06931800
v -0.05296000 0.05543900 -0.06953500
v -0.05467100 0.05230600 -0.06983800
v -0.05628500 0.04910900 -0.07022700
v -0.05774100 0.04578300 -0.07070600
v -0.05896200 0.04231200 -0.07127300
v -0.05986300 0.03881900 -0.07189400
v -0.06045800 0.03525700 -0.07255500
v -0.06074300 0.03162200 -0.07323400
v -0.06073400 0.02810000 -0.07387600
v -0.06048500 0.02463100 -0.07446900
v -0.05998700 0.02094000 -0.07503200
v -0.05937500 0.01771200 -0.07544500
v -0.05859700 0.01438400 -0.07576900
v -0.05770300 0.01110500 -0.07596000
v -0.05672100 0.00789300 -0.07599000
v -0.05567500 0.00475000 -0.07582600
v -0.05458300 0.00167200 -0.07543000
v -0.05352500 -0.00119100 -0.07477900
v -0.05251100 -0.00387800 -0.07381500
v -0.05159500 -0.00631900 -0.07249300
v -0.05085600 -0.00838600 -0.07081700
v -0.05033800 -0.01008900 -0.06875900
v -0.05011800 -0.01123000 -0.06655000
v -0.05017800 -0.01192700 -0.06400600
v -0.05054000 -0.01213600 -0.06127300
v -0.05117300 -0.01191300 -0.05849100
v -0.05205500 -0.01131500 -0.05568100
v -0.05312900 -0.01043200 -0.05296200
v -0.06373000 0.06470000 -0.06998300
v -0.06352600 0.06780300 -0.06998300
v -0.06287100 0.07073800 -0.06998400
v -0.06174900 0.07332700 -0.06998600
v -0.06013300 0.07548300 -0.06998800
v -0.05808700 0.07700300 -0.06999000
v -0.05575300 0.07773600 -0.06999000
v -0.05338300 0.07763900 -0.06998900
v -0.05100300 0.07666100 -0.06998800
v -0.04916700 0.07498400 -0.06998500
v -0.04798900 0.07277500 -0.06998100
v -0.04753500 0.07018000 -0.06998200
v -0.04778300 0.06737200 -0.07000000
v -0.04860000 0.06450400 -0.07004600
v -0.04982200 0.06159500 -0.07013500
v -0.05137900 0.05855200 -0.07028600
v -0.05302900 0.05555800 -0.07050200
v -0.05473000 0.05244300 -0.07080300
v -0.05633500 0.04926200 -0.07119000
v -0.05778500 0.04594900 -0.07166700
v -0.05900200 0.04248900 -0.07223300
v -0.05990200 0.03900200 -0.07285300
v -0.06049700 0.03544000 -0.07351300
v -0.06078200 0.03180100 -0.07419300
v -0.06077300 0.02827000 -0.07483700
v -0.06052300 0.02478400 -0.07543300
v -0.06002200 0.02107100 -0.07599900
v -0.05940500 0.01781700 -0.07641500
v -0.05861900 0.01445600 -0.07674300
v -0.05771400 0.01113700 -0.07693600
v -0.05671800 0.00787600 -0.07696600
v -0.05565100 0.00467400 -0.07680000
v -0.05453400 0.00152300 -0.07639400
v -0.05344200 -0.00143000 -0.07572200
v -0.05238600 -0.00422900 -0.07471700
v -0.05142100 -0.00680200 -0.07332300
v -0.05063000 -0.00901700 -0.07152700
v -0.05004700 -0.01086000 -0.06928200
v -0.04977800 -0.01209000 -0.06686400
v -0.04981500 -0.01282800 -0.06410000
v -0.05017300 -0.01303500 -0.06116900
v -0.05080900 -0.01278000 -0.05823000
v -0.05169600 -0.01213600 -0.05529300
v -0.05276900 -0.01119800 -0.05247500
v -0.06400700 0.06470000 -0.07092400
v -0.06380000 0.06784100 -0.07092500
v -0.06313600 0.07082200 -0.07092600
v -0.06199000 0.07346400 -0.07092700
v -0.06033100 0.07567700 -0.07093000
v -0.05821400 0.07724800 -0.07093200
v -0.05578900 0.07800800 -0.07093300
v -0.05332700 0.07790700 -0.07093200
v -0.05085500 0.07689100 -0.07093100
v -0.04895000 0.07515100 -0.07092800
v -0.04772900 0.07286100 -0.07092300
v -0.04726100 0.07019200 -0.07092500
v -0.04751400 0.06732800 -0.07094300
v -0.04833800 0.06443000 -0.07098900
v -0.04956600 0.06151000 -0.07107800
v -0.05112200 0.05847000 -0.07122900
v -0.05276300 0.05548900 -0.07144400
v -0.05445100 0.05239800 -0.07174300
v -0.05604200 0.04924700 -0.07212700
v -0.05747600 0.04597000 -0.07259900
v -0.05867900 0.04254900 -0.07315800
v -0.05956900 0.03909900 -0.07377100
v -0.06015900 0.03557000 -0.07442500
v -0.06044200 0.03195800 -0.07510000
v -0.06043300 0.02844400 -0.07574100
v -0.06018300 0.02496700 -0.07633500
v -0.05968200 0.02125400 -0.07690100
v -0.05906400 0.01799300 -0.07731900
v -0.05827500 0.01461600 -0.07764800
v -0.05736300 0.01127100 -0.07784200
v -0.05635500 0.00797500 -0.07787300
v -0.05527300 0.00472600 -0.07770500
v -0.05413400 0.00151200 -0.07729100
v -0.05301300 -0.00152000 -0.07660000
v -0.05191700 -0.00442300 -0.07555800
v -0.05090500 -0.00712200 -0.07409400
v -0.05006400 -0.00947800 -0.07218400
v -0.04942200 -0.01145300 -0.06975100
v -0.04911000 -0.01276100 -0.06712200
v -0.04912900 -0.01352900 -0.06414000
v -0.04949000 -0.01372300 -0.06101300
v -0.05013600 -0.01342600 -0.05792300
v -0.05103400 -0.01272300 -0.05486700
v -0.05211500 -0.01171900 -0.05195900
v -0.06462900 0.06470000 -0.07168900
v -0.06441600 0.06792600 -0.07169000
v -0.06372800 0.07101000 -0.07169100
v -0.06253000 0.07377100 -0.07169200
v -0.06077300 0.07611300 -0.07169500
v -0.05849800 0.07779900 -0.07169700
v -0.05587000 0.07862200 -0.07169900
v -0.05319800 0.07851200 -0.07169900
v -0.05052200 0.07741200 -0.07169800
v -0.04846000 0.07552900 -0.07169500
v -0.04714200 0.07305800 -0.07169000
v -0.04664300 0.07021600 -0.07169200
v -0.04690600 0.06721600 -0.07171000
v -0.04775300 0.06423600 -0.07175800
v -0.04899900 0.06127200 -0.07184900
v -0.05056300 0.05821400 -0.07200000
v -0.05220100 0.05524100 -0.07221500
v -0.05387500 0.05217600 -0.07251100
v -0.05544500 0.04906500 -0.07289000
v -0.05685700 0.04584000 -0.07335400
v -0.05803800 0.04248200 -0.07390300
v -0.05891200 0.03909400 -0.07450600
v -0.05949200 0.03562300 -0.07514900
v -0.05977000 0.03206700 -0.07581400
v -0.05976100 0.02859500 -0.07644700
v -0.05951400 0.02515000 -0.07703500
v -0.05901600 0.02146200 -0.07759700
v -0.05840100 0.01821400 -0.07801300
v -0.05761200 0.01484000 -0.07834200
v -0.05669900 0.01148900 -0.07853700
v -0.05568600 0.00817600 -0.07856800
v -0.05459500 0.00490000 -0.07839900
v -0.05344100 0.00164500 -0.07798000
v -0.05229800 -0.00144500 -0.07727500
v -0.05117300 -0.00442700 -0.07620400
v -0.05012400 -0.00722400 -0.07468700
v -0.04924300 -0.00969600 -0.07268200
v -0.04855400 -0.01177400 -0.07009000
v -0.04821300 -0.01313600 -0.06728200
v -0.04822400 -0.01391800 -0.06411700
v -0.04859400 -0.01409000 -0.06083000
v -0.04925500 -0.01374500 -0.05761700
v -0.05017100 -0.01298200 -0.05446900
v -0.05126700 -0.01190900 -0.05149600
v -0.06549600 0.06470000 -0.07215400
v -0.06527500 0.06804500 -0.07215400
v -0.06455400 0.07127400 -0.07215500
v -0.06328300 0.07420100 -0.07215700
v -0.06139000 0.07672200 -0.07216000
v -0.05889500 0.07856900 -0.07216300
v -0.05598300 0.07948100 -0.07216600
v -0.05301800 0.07935800 -0.07216700
v -0.05005600 0.07814100 -0.07216700
v -0.04777600 0.07605900 -0.07216300
v -0.04632200 0.07333400 -0.07215800
v -0.04577700 0.07024700 -0.07215900
v -0.04605500 0.06705200 -0.07217900
v -0.04693500 0.06395100 -0.07222900
v -0.04821300 0.06091700 -0.07232200
v -0.04979300 0.05782600 -0.07247500
v -0.05143100 0.05485200 -0.07268900
v -0.05309200 0.05181200 -0.07298300
v -0.05464000 0.04874400 -0.07335700
v -0.05602600 0.04557900 -0.07381200
v -0.05718000 0.04229700 -0.07434900
v -0.05803500 0.03898600 -0.07493800
v -0.05860100 0.03559300 -0.07556700
v -0.05887400 0.03211000 -0.07621800
v -0.05886500 0.02870000 -0.07684000
v -0.05862100 0.02530500 -0.07742000
v -0.05813000 0.02166100 -0.07797500
v -0.05752000 0.01844400 -0.07838700
v -0.05673600 0.01509300 -0.07871400
v -0.05582700 0.01175500 -0.07890700
v -0.05481600 0.00844800 -0.07893800
v -0.05372300 0.00516900 -0.07877000
v -0.05256400 0.00190000 -0.07834900
v -0.05141200 -0.00121700 -0.07763800
v -0.05027200 -0.00423900 -0.07655100
v -0.04920100 -0.00709200 -0.07500300
v -0.04829600 -0.00963500 -0.07294300
v -0.04758200 -0.01177000 -0.07024500
v -0.04722900 -0.01315300 -0.06731800
v -0.04724300 -0.01393000 -0.06403600
v -0.04762700 -0.01407500 -0.06064800
v -0.04830600 -0.01368500 -0.05736200
v -0.04924200 -0.01286900 -0.05416200
v -0.05035800 -0.01173700 -0.05115800
v -0.06643800 0.06470000 -0.07225200
v -0.05282200 0.08027900 -0.07226900
v -0.05089800 -0.00985100 -0.04816000
v -0.05991900 0.07744400 -0.06754700
v -0.05892300 0.07863600 -0.06735800
v -0.06143600 0.07677400 -0.06735500
v -0.06020900 0.07783800 -0.06735700
v -0.05731400 0.07877000 -0.06754900
v -0.05598900 0.07955900 -0.06736100
v -0.05745800 0.07923700 -0.06736000
v -0.05448500 0.07913800 -0.06755100
v -0.05299800 0.07944200 -0.06736300
v -0.05446400 0.07962700 -0.06736200
v -0.05161700 0.07850300 -0.06755100
v -0.05001200 0.07821600 -0.06736200
v -0.05143000 0.07895600 -0.06736300
v -0.04909200 0.07689500 -0.06754900
v -0.04771400 0.07611700 -0.06735800
v -0.04876200 0.07725600 -0.06736100
v -0.04729400 0.07457100 -0.06754400
v -0.04624600 0.07336600 -0.06735300
v -0.04686300 0.07480100 -0.06735600
v -0.04634200 0.07175700 -0.06754100
v -0.04569400 0.07023600 -0.06735500
v -0.04586000 0.07184100 -0.06735200
v -0.05946900 0.07683000 -0.06815100
v -0.05852200 0.07785500 -0.06779700
v -0.06081100 0.07615600 -0.06779400
v -0.05968900 0.07713000 -0.06779500
v -0.05708900 0.07804200 -0.06815300
v -0.05587500 0.07868800 -0.06779900
v -0.05719800 0.07839700 -0.06779800
v -0.05451800 0.07837600 -0.06815300
v -0.05318200 0.07858100 -0.06779900
v -0.05450200 0.07874800 -0.06779900
v -0.05190800 0.07779800 -0.06815200
v -0.05048500 0.07747400 -0.06779800
v -0.05176600 0.07814200 -0.06779800
v -0.04960700 0.07633200 -0.06815100
v -0.04840900 0.07557700 -0.06779400
v -0.04935600 0.07660600 -0.06779600
v -0.04796700 0.07421200 -0.06814600
v -0.04707900 0.07308400 -0.06779000
v -0.04763900 0.07438700 -0.06779200
v -0.05694800 0.07758300 -0.06902000
v -0.05579200 0.07804500 -0.06854900
v -0.05822700 0.07728000 -0.06854800
v -0.05700800 0.07777800 -0.06854900
v -0.05209300 0.07735200 -0.06901800
v -0.05083500 0.07692700 -0.06854700
v -0.05331700 0.07794600 -0.06854800
v -0.05201400 0.07754200 -0.06854800
v -0.04993200 0.07597600 -0.06901700
v -0.04892100 0.07517900 -0.06854400
v -0.04979400 0.07612700 -0.06854600
v -0.04839200 0.07398500 -0.06901200
v -0.04769400 0.07287600 -0.06854000
v -0.04821100 0.07408200 -0.06854200
v -0.05213400 0.07725100 -0.06998800
v -0.05099900 0.07666800 -0.06949300
v -0.05338100 0.07764600 -0.06949400
v -0.05213100 0.07725800 -0.06949300
v -0.05203000 0.07750300 -0.07093100
v -0.05095300 0.07673800 -0.07047800
v -0.05336400 0.07772900 -0.07047900
v -0.05209900 0.07733500 -0.07047800
v -0.05965700 0.07708000 -0.07169600
v -0.05834300 0.07749800 -0.07135700
v -0.05928900 0.07658000 -0.07093100
v -0.06053200 0.07587500 -0.07135500
v -0.05945600 0.07680700 -0.07135600
v -0.05718400 0.07833600 -0.07169800
v -0.05582600 0.07828700 -0.07135900
v -0.05700000 0.07774400 -0.07093200
v -0.05708400 0.07801200 -0.07135800
v -0.05450800 0.07868000 -0.07169900
v -0.05326800 0.07818100 -0.07135800
v -0.05453400 0.07806200 -0.07093300
v -0.05452200 0.07834200 -0.07135900
v -0.05179300 0.07807400 -0.07169900
v -0.05070400 0.07712800 -0.07135700
v -0.05192200 0.07776200 -0.07135700
v -0.04940000 0.07655000 -0.07169700
v -0.04872800 0.07532300 -0.07135400
v -0.04981900 0.07609500 -0.07092900
v -0.04962900 0.07630200 -0.07135600
v -0.04769700 0.07434900 -0.07169200
v -0.04746300 0.07295100 -0.07134900
v -0.04824400 0.07405900 -0.07092500
v -0.04799600 0.07419100 -0.07135100
v -0.06017100 0.07777800 -0.07216200
v -0.05869700 0.07818500 -0.07198600
v -0.06108200 0.07641800 -0.07198300
v -0.05991500 0.07742900 -0.07198400
v -0.05744100 0.07916300 -0.07216500
v -0.05592700 0.07905200 -0.07198800
v -0.05731300 0.07875000 -0.07198700
v -0.05447100 0.07954500 -0.07216700
v -0.05310800 0.07893500 -0.07198900
v -0.05449000 0.07911300 -0.07198900
v -0.05146200 0.07887400 -0.07216700
v -0.05028900 0.07777700 -0.07198800
v -0.05162800 0.07847400 -0.07198900
v -0.04881500 0.07718800 -0.07216500
v -0.04811800 0.07579400 -0.07198400
v -0.04910800 0.07687000 -0.07198700
v -0.04693200 0.07475500 -0.07216000
v -0.04673200 0.07319600 -0.07197900
v -0.04731400 0.07455200 -0.07198200
v -0.04594100 0.07182900 -0.07215700
v -0.04621000 0.07023100 -0.07198100
v -0.04679400 0.07167900 -0.07168900
v -0.04636700 0.07175400 -0.07197900
v -0.05912600 0.07901700 -0.07226100
v -0.06174900 0.07707700 -0.07225800
v -0.06047000 0.07818400 -0.07225900
v -0.05604900 0.07998000 -0.07226500
v -0.05759000 0.07964400 -0.07226300
v -0.05291400 0.07985100 -0.07226700
v -0.05444900 0.08004800 -0.07226600
v -0.04978500 0.07856600 -0.07226600
v -0.05127000 0.07933900 -0.07226700
v -0.04737800 0.07636800 -0.07226200
v -0.04847500 0.07755900 -0.07226500
v -0.04584500 0.07349500 -0.07225700
v -0.04648800 0.07499100 -0.07225900
v -0.04527400 0.07026400 -0.07225800
v -0.04544500 0.07191600 -0.07225600
v -0.04708700 -0.01163800 -0.07024400
v -0.04791300 -0.01078100 -0.07166200
v -0.04780300 -0.00949400 -0.07297000
v -0.04741800 -0.01064800 -0.07167800
v -0.05269200 -0.00748700 -0.05261800
v -0.05209800 -0.00796900 -0.05379500
v -0.05155100 -0.00839700 -0.05497800
v -0.05105400 -0.00876400 -0.05615700
v -0.05061100 -0.00906600 -0.05732500
v -0.04988500 -0.00945800 -0.05959700
v -0.04937600 -0.00956400 -0.06173400
v -0.04907700 -0.00938600 -0.06369000
v -0.04896100 -0.00893700 -0.06546300
v -0.04900600 -0.00823300 -0.06705500
v -0.04920100 -0.00727500 -0.06847500
v -0.04959400 -0.00606700 -0.06975500
v -0.05013500 -0.00457000 -0.07089300
v -0.05080100 -0.00279300 -0.07187100
v -0.05157100 -0.00075700 -0.07267000
v -0.05241900 0.00151300 -0.07327900
v -0.05286300 0.00272600 -0.07351300
v -0.05331500 0.00398400 -0.07370300
v -0.05377100 0.00528300 -0.07384900
v -0.05422700 0.00661800 -0.07395300
v -0.05467900 0.00798400 -0.07401600
v -0.05512300 0.00937500 -0.07403800
v -0.05555500 0.01078800 -0.07402400
v -0.05597200 0.01222000 -0.07397500
v -0.05636900 0.01366600 -0.07389500
v -0.05674600 0.01512400 -0.07378500
v -0.05709800 0.01658900 -0.07365000
v -0.05742200 0.01806000 -0.07349100
v -0.05771600 0.01953200 -0.07331100
v -0.05820100 0.02246800 -0.07289800
v -0.05838700 0.02392600 -0.07267200
v -0.05853300 0.02537400 -0.07243500
v -0.05864000 0.02681300 -0.07219000
v -0.05870400 0.02824000 -0.07193800
v -0.05872700 0.02965400 -0.07168200
v -0.05870500 0.03105400 -0.07142400
v -0.05863800 0.03243700 -0.07116600
v -0.05852500 0.03380300 -0.07091000
v -0.05836600 0.03514900 -0.07065800
v -0.05816400 0.03647700 -0.07041100
v -0.05792000 0.03778600 -0.07017000
v -0.05763300 0.03907500 -0.06993500
v -0.05730600 0.04034600 -0.06970900
v -0.05694000 0.04159900 -0.06949100
v -0.05653700 0.04283200 -0.06928400
v -0.05609700 0.04404600 -0.06908800
v -0.05562500 0.04524100 -0.06890300
v -0.05512500 0.04641800 -0.06872900
v -0.05459900 0.04757700 -0.06856700
v -0.05348800 0.04984900 -0.06827600
v -0.05231900 0.05206500 -0.06803000
v -0.05112500 0.05423300 -0.06782900
v -0.04994700 0.05636100 -0.06766700
v -0.04882100 0.05845500 -0.06754100
v -0.04778700 0.06052400 -0.06744600
v -0.04688300 0.06257300 -0.06737800
v -0.04614600 0.06459900 -0.06733100
v -0.04560900 0.06659500 -0.06730200
v -0.04530400 0.06855300 -0.06728500
v -0.04526400 0.07046500 -0.06727700
v -0.04550200 0.07230600 -0.06727500
v -0.04602800 0.07404600 -0.06727700
v -0.04685100 0.07565400 -0.06728000
v -0.04797200 0.07709500 -0.06728300
v -0.04937500 0.07831700 -0.06728500
v -0.05103300 0.07926400 -0.06728600
v -0.05494300 0.08007400 -0.06728500
v -0.05707000 0.07980100 -0.06728300
v -0.05920700 0.07898400 -0.06728000
v -0.06125300 0.07755400 -0.06727800
v -0.06220900 0.07658800 -0.06727600
v -0.06310000 0.07544400 -0.06727500
v -0.06390700 0.07412100 -0.06727400
v -0.06461000 0.07261400 -0.06727300
v -0.06519000 0.07092200 -0.06727200
v -0.06562800 0.06904000 -0.06727100
v -0.06590500 0.06696700 -0.06727100
v -0.06634000 0.06700500 -0.07225200
v -0.06605700 0.06911700 -0.07225200
v -0.06560900 0.07104000 -0.07225300
v -0.06501400 0.07277400 -0.07225400
v -0.06429200 0.07432300 -0.07225500
v -0.06346000 0.07568800 -0.07225600
v -0.06253800 0.07687100 -0.07225700
v -0.06154600 0.07787400 -0.07225900
v -0.06049900 0.07870100 -0.07226000
v -0.05941300 0.07936100 -0.07226200
v -0.05717800 0.08021300 -0.07226500
v -0.05495200 0.08049500 -0.07226700
v -0.05086400 0.07964200 -0.07226900
v -0.04913000 0.07865200 -0.07226800
v -0.04766500 0.07737500 -0.07226600
v -0.04649300 0.07587100 -0.07226200
v -0.04563600 0.07419500 -0.07225900
v -0.04509100 0.07239300 -0.07225700
v -0.04484600 0.07049900 -0.07226000
v -0.04488700 0.06854500 -0.07226800
v -0.04519400 0.06656200 -0.07228500
v -0.04573300 0.06455900 -0.07231400
v -0.04646700 0.06254200 -0.07236100
v -0.04736100 0.06051700 -0.07242800
v -0.04837700 0.05848500 -0.07252100
v -0.04947700 0.05643800 -0.07264400
v -0.05062200 0.05437100 -0.07280100
v -0.05177600 0.05227600 -0.07299600
v -0.05290100 0.05014200 -0.07323300
v -0.05397000 0.04795600 -0.07351200
v -0.05495600 0.04571200 -0.07383500
v -0.05583100 0.04340000 -0.07420100
v -0.05657200 0.04100700 -0.07461000
v -0.05688800 0.03977800 -0.07482900
v -0.05716600 0.03852600 -0.07505700
v -0.05740400 0.03725300 -0.07529200
v -0.05760200 0.03595700 -0.07553300
v -0.05775600 0.03463800 -0.07577900
v -0.05786700 0.03329700 -0.07603100
v -0.05793300 0.03193200 -0.07628500
v -0.05795500 0.03054400 -0.07654100
v -0.05793300 0.02913500 -0.07679600
v -0.05786800 0.02770500 -0.07704900
v -0.05776100 0.02625700 -0.07729600
v -0.05761300 0.02479200 -0.07753500
v -0.05742400 0.02331100 -0.07776500
v -0.05719600 0.02181700 -0.07798300
v -0.05692900 0.02031000 -0.07818700
v -0.05662600 0.01879400 -0.07837200
v -0.05629000 0.01727100 -0.07853800
v -0.05592300 0.01574300 -0.07867900
v -0.05552900 0.01421500 -0.07879400
v -0.05510900 0.01268800 -0.07887800
v -0.05466600 0.01116600 -0.07893000
v -0.05420300 0.00965100 -0.07894500
v -0.05372400 0.00814700 -0.07892200
v -0.05323100 0.00665900 -0.07885500
v -0.05272800 0.00518900 -0.07874300
v -0.05222000 0.00374000 -0.07858100
v -0.05170800 0.00231700 -0.07836600
v -0.05119800 0.00092200 -0.07809400
v -0.05069100 -0.00044200 -0.07776300
v -0.05019200 -0.00177000 -0.07736800
v -0.04970600 -0.00305900 -0.07690700
v -0.04923600 -0.00430100 -0.07637500
v -0.04878700 -0.00549400 -0.07577000
v -0.04836200 -0.00663200 -0.07509000
v -0.04796700 -0.00771100 -0.07433200
v -0.04760500 -0.00872500 -0.07349300
v -0.04728700 -0.00967100 -0.07257300
v -0.04699800 -0.01053100 -0.07156500
v -0.04674200 -0.01129200 -0.07047200
v -0.04654300 -0.01195400 -0.06930800
v -0.04640300 -0.01251400 -0.06808100
v -0.04632400 -0.01296900 -0.06679900
v -0.04630900 -0.01331800 -0.06547100
v -0.04635800 -0.01356100 -0.06410300
v -0.04647100 -0.01369800 -0.06270200
v -0.04664800 -0.01372900 -0.06127500
v -0.04688600 -0.01365700 -0.05983400
v -0.04718200 -0.01348700 -0.05838700
v -0.04753400 -0.01322500 -0.05693700
v -0.04794300 -0.01287500 -0.05548800
v -0.04840500 -0.01244300 -0.05404800
v -0.04891400 -0.01193300 -0.05262200
v -0.04946800 -0.01135200 -0.05121800
v -0.05006400 -0.01070700 -0.04983800
v -0.05147000 -0.01025700 -0.04825300
v -0.05227000 -0.01054500 -0.04853100
v -0.05321700 -0.01051000 -0.04905800
v -0.05403900 -0.00998400 -0.04977800
v -0.05442400 -0.00906600 -0.05047100
v -0.05432100 -0.00809000 -0.05093200
v -0.05393100 -0.00731000 -0.05113500
v -0.05098100 -0.01107100 -0.04971100
v -0.04991000 -0.01151300 -0.05105100
v -0.05053800 -0.01083300 -0.04960500
v -0.05342800 -0.00812900 -0.05232400
v -0.05250500 -0.00821200 -0.05362000
v -0.05312900 -0.00770200 -0.05238000
v -0.06538200 0.06806000 -0.06733900
v -0.06580800 0.06811800 -0.07225500
v -0.05902300 -0.00185600 -0.03750000
v -0.05887000 -0.00170500 -0.03750000
v -0.05872000 -0.00152800 -0.03750000
v -0.05857600 -0.00132100 -0.03750000
v -0.05844400 -0.00108200 -0.03750000
v -0.05828400 -0.00064800 -0.03750000
v -0.05820200 -0.00014100 -0.03750000
v -0.05820000 0.00009700 -0.03750000
v -0.05822200 0.00034200 -0.03750000
v -0.05826900 0.00059100 -0.03750000
v -0.05834300 0.00084000 -0.03750000
v -0.05843500 0.00106300 -0.03750000
v -0.05849000 0.00117200 -0.03750000
v -0.05852000 0.00122600 -0.03750000
v -0.05855000 0.00128000 -0.03750000
v -0.05856600 0.00130600 -0.03750000
v -0.05858300 0.00133200 -0.03750000
v -0.05859900 0.00135800 -0.03750000
v -0.05861600 0.00138400 -0.03750000
v -0.05865100 0.00143500 -0.03750000
v -0.05868700 0.00148600 -0.03750000
v -0.05876400 0.00158400 -0.03750000
v -0.05884500 0.00167800 -0.03750000
v -0.05902200 0.00185500 -0.03750000
v -0.05921400 0.00201200 -0.03750000
v -0.05963400 0.00226200 -0.03750000
v -0.06011500 0.00243100 -0.03750000
v -0.06059000 0.00249800 -0.03750000
v -0.06111100 0.00246600 -0.03750000
v -0.06156300 0.00234600 -0.03750000
v -0.06202400 0.00212000 -0.03750000
v -0.06237300 0.00185600 -0.03750000
v -0.06069800 -0.00000000 -0.03750000
v -0.06069800 -0.00125000 -0.03750000
v -0.05944800 -0.00000000 -0.03750000
v -0.05944800 -0.00125000 -0.03750000
v -0.05944800 -0.00187500 -0.03750000
v -0.05882300 -0.00125000 -0.03750000
v -0.05944800 -0.00062500 -0.03750000
v -0.05882300 -0.00000000 -0.03750000
v -0.05882300 -0.00062500 -0.03750000
v -0.06069800 0.00125000 -0.03750000
v -0.05944800 0.00125000 -0.03750000
v -0.05944800 0.00062500 -0.03750000
v -0.05882300 0.00125000 -0.03750000
v -0.05882300 0.00062500 -0.03750000
v -0.05882300 0.00093700 -0.03750000
v -0.05851100 0.00062500 -0.03750000
v -0.05851100 0.00093700 -0.03750000
v -0.05944800 0.00187500 -0.03750000
v -0.05851100 0.00109400 -0.03750000
v -0.05882300 0.00109400 -0.03750000
v -0.05866700 0.00093700 -0.03750000
v -0.05866700 0.00125000 -0.03750000
v -0.05866700 0.00109400 -0.03750000
v -0.05944800 0.00093700 -0.03750000
v -0.05913600 0.00062500 -0.03750000
v -0.05913600 0.00125000 -0.03750000
v -0.05913600 0.00093700 -0.03750000
v -0.06069800 0.00062500 -0.03750000
v -0.06007300 -0.00000000 -0.03750000
v -0.06007300 0.00125000 -0.03750000
v -0.06007300 0.00062500 -0.03750000
v -0.06194800 -0.00000000 -0.03750000
v -0.06194800 0.00125000 -0.03750000
v -0.05882300 0.00140600 -0.03750000
v -0.05944800 0.00156200 -0.03750000
v -0.05913600 0.00156200 -0.03750000
v -0.06069800 0.00187500 -0.03750000
v -0.06007300 0.00187500 -0.03750000
v -0.05866700 0.00132800 -0.03750000
v -0.05858900 0.00125000 -0.03750000
v -0.06267700 0.00152800 -0.03750000
v -0.06295200 0.00108200 -0.03750000
v -0.06311300 0.00064800 -0.03750000
v -0.06319400 0.00014100 -0.03750000
v -0.06317500 -0.00034200 -0.03750000
v -0.06305300 -0.00084000 -0.03750000
v -0.06284600 -0.00128000 -0.03750000
v -0.06255100 -0.00167800 -0.03750000
v -0.06218200 -0.00201200 -0.03750000
v -0.06197700 -0.00214800 -0.03750000
v -0.06187100 -0.00220800 -0.03750000
v -0.06181700 -0.00223600 -0.03750000
v -0.06176300 -0.00226200 -0.03750000
v -0.06173300 -0.00227600 -0.03750000
v -0.06170300 -0.00228900 -0.03750000
v -0.06167300 -0.00230200 -0.03750000
v -0.06164300 -0.00231400 -0.03750000
v -0.06158300 -0.00233800 -0.03750000
v -0.06152300 -0.00236000 -0.03750000
v -0.06140200 -0.00239900 -0.03750000
v -0.06128100 -0.00243100 -0.03750000
v -0.06104100 -0.00247600 -0.03750000
v -0.06080600 -0.00249800 -0.03750000
v -0.06053800 -0.00249500 -0.03750000
v -0.06028600 -0.00246600 -0.03750000
v -0.05983300 -0.00234600 -0.03750000
v -0.05937300 -0.00212000 -0.03750000
v -0.05918500 -0.00199000 -0.03750000
v -0.06194800 -0.00125000 -0.03750000
v -0.06194800 -0.00187500 -0.03750000
v -0.06069800 -0.00187500 -0.03750000
v -0.06132300 -0.00125000 -0.03750000
v -0.06132300 -0.00187500 -0.03750000
v -0.06132300 -0.00218800 -0.03750000
v -0.06163600 -0.00187500 -0.03750000
v -0.06163600 -0.00218800 -0.03750000
v -0.06179200 -0.00218800 -0.03750000
v -0.06163600 -0.00226600 -0.03750000
v -0.06171400 -0.00218800 -0.03750000
v -0.06132300 -0.00234400 -0.03750000
v -0.06147900 -0.00218800 -0.03750000
v -0.06147900 -0.00234400 -0.03750000
v -0.06069800 -0.00218800 -0.03750000
v -0.06101100 -0.00187500 -0.03750000
v -0.06101100 -0.00218800 -0.03750000
v -0.06007300 -0.00125000 -0.03750000
v -0.06007300 -0.00187500 -0.03750000
v -0.06194800 -0.00203100 -0.03750000
v -0.06163600 -0.00203100 -0.03750000
v -0.06179200 -0.00187500 -0.03750000
v -0.06179200 -0.00203100 -0.03750000
v -0.06194800 -0.00156300 -0.03750000
v -0.06132300 -0.00156300 -0.03750000
v -0.06163600 -0.00125000 -0.03750000
v -0.06163600 -0.00156300 -0.03750000
v -0.06194800 -0.00062500 -0.03750000
v -0.06069800 -0.00062500 -0.03750000
v -0.06132300 -0.00000000 -0.03750000
v -0.06132300 -0.00062500 -0.03750000
vn 0.51270000 -0.61370000 0.60040000
vn -0.67010000 0.74230000 -0.00000000
vn 0.72220000 -0.28130000 0.63190000
vn 0.69290000 -0.25170000 0.67560000
vn 0.65800000 -0.21590000 0.72140000
vn 0.63770000 -0.20420000 0.74270000
vn 0.80360000 -0.33980000 0.48870000
vn -0.90150000 0.43280000 -0.00000000
vn 0.86120000 0.05840000 0.50480000
vn 0.83760000 0.08320000 0.53990000
vn 0.80930000 0.11290000 0.57640000
vn 0.78990000 0.11820000 0.60170000
vn 0.90030000 0.04980000 0.43230000
vn -0.99840000 0.05630000 -0.00000000
vn 0.86910000 0.39570000 0.29680000
vn 0.85470000 0.41080000 0.31740000
vn 0.83690000 0.42930000 0.33950000
vn 0.82490000 0.43330000 0.36290000
vn 0.86130000 0.42000000 0.28610000
vn -0.94190000 -0.33600000 -0.00000000
vn 0.74310000 0.66760000 0.04580000
vn 0.74080000 0.66990000 0.04920000
vn 0.73550000 0.67530000 0.05550000
vn 0.72880000 0.68130000 0.06830000
vn 0.72020000 0.69060000 0.06610000
vn 0.74130000 0.67110000 -0.00000000
vn 0.50170000 0.83830000 -0.21350000
vn 0.51390000 0.82670000 -0.22900000
vn 0.52030000 0.82060000 -0.23660000
vn 0.51320000 0.82460000 -0.23800000
vn 0.49910000 0.84480000 -0.19300000
vn 0.42580000 0.90480000 -0.00000000
vn 0.18150000 0.87930000 -0.44030000
vn 0.20730000 0.85560000 -0.47440000
vn 0.22260000 0.84140000 -0.49240000
vn 0.21440000 0.83720000 -0.50310000
vn 0.21270000 0.86890000 -0.44700000
vn 0.04310000 0.99910000 -0.00010000
vn -0.16610000 0.78390000 -0.59820000
vn -0.13090000 0.75130000 -0.64690000
vn -0.11090000 0.73260000 -0.67150000
vn -0.11370000 0.72010000 -0.68450000
vn -0.11150000 0.75560000 -0.64550000
vn -0.34590000 0.93830000 -0.00010000
vn -0.51270000 0.61380000 -0.60030000
vn -0.67000000 0.74240000 -0.00000000
vn -0.86720000 0.46500000 0.17820000
vn -0.79140000 0.61130000 -0.00000000
vn 0.69130000 -0.52550000 0.49590000
vn -0.78080000 0.61530000 0.10850000
vn -0.48210000 0.30700000 0.82060000
vn -0.96580000 0.25930000 -0.00000000
vn 0.86770000 -0.15840000 0.47120000
vn -0.87300000 0.34360000 0.34610000
vn 0.82590000 0.43870000 0.35420000
vn -0.99060000 -0.13660000 -0.00000000
vn 0.89670000 0.23830000 0.37310000
vn 0.59780000 0.34810000 0.72210000
vn 0.72440000 0.68690000 0.05800000
vn -0.85910000 -0.51180000 -0.00000000
vn 0.80230000 0.56770000 0.18440000
vn 0.80700000 0.56280000 0.17920000
vn 0.46250000 0.87790000 -0.12410000
vn 0.59360000 0.80480000 -0.00000000
vn 0.61750000 0.78400000 -0.06260000
vn 0.60520000 0.79510000 -0.04010000
vn 0.11780000 0.95630000 -0.26750000
vn 0.23320000 0.97240000 -0.00000000
vn 0.35830000 0.87420000 -0.32760000
vn 0.29230000 0.93470000 -0.20240000
vn -0.25950000 0.89170000 -0.37080000
vn -0.16500000 0.98630000 -0.00000000
vn 0.04420000 0.82620000 -0.56170000
vn -0.08050000 0.94130000 -0.32780000
vn -0.53020000 0.84790000 -0.00000000
vn -0.28010000 0.64530000 -0.71070000
vn -0.44760000 0.79780000 -0.40380000
vn 0.61850000 -0.45710000 0.63920000
vn -0.72860000 0.67740000 0.10180000
vn 0.62890000 -0.59830000 0.49650000
vn 0.55310000 -0.53160000 0.64150000
vn 0.70240000 -0.26260000 0.66160000
vn 0.51650000 -0.36700000 0.77370000
vn 0.58550000 -0.43170000 0.68610000
vn 0.74380000 -0.27510000 0.60920000
vn -0.82880000 0.54390000 0.13120000
vn 0.75040000 -0.43970000 0.49360000
vn 0.68290000 -0.37170000 0.62890000
vn 0.82300000 -0.10500000 0.55830000
vn -0.88320000 0.40210000 0.24130000
vn 0.83890000 -0.25310000 0.48190000
vn 0.78620000 -0.19310000 0.58700000
vn 0.83350000 0.08220000 0.54640000
vn 0.72290000 -0.05290000 0.68890000
vn 0.77940000 -0.10190000 0.61820000
vn 0.87300000 0.08550000 0.48010000
vn -0.79270000 0.30310000 0.52890000
vn 0.88860000 -0.05680000 0.45520000
vn 0.85250000 -0.01170000 0.52260000
vn -0.76190000 -0.08430000 0.64220000
vn -0.97170000 -0.23630000 -0.00000000
vn -0.98550000 -0.09350000 0.14160000
vn 0.77460000 0.38250000 0.50360000
vn -0.95550000 -0.15970000 0.24820000
vn -0.99930000 -0.03870000 -0.00000000
vn -0.99530000 0.07690000 0.05920000
vn 0.12490000 0.33480000 0.93400000
vn -0.99590000 -0.00980000 0.09040000
vn 0.73300000 0.67880000 0.04420000
vn 0.80430000 0.59420000 -0.00000000
vn 0.81040000 0.54710000 0.20970000
vn 0.77120000 0.62620000 0.11460000
vn 0.78450000 0.61190000 0.10070000
vn -0.90510000 -0.42530000 -0.00000000
vn 0.82770000 0.49920000 0.25630000
vn 0.66550000 0.48190000 0.57000000
vn -0.44740000 0.38950000 0.80510000
vn -0.75500000 0.64760000 0.10340000
vn -0.46390000 0.41410000 0.78310000
vn 0.58580000 -0.49570000 0.64120000
vn -0.46260000 0.40660000 0.78790000
vn -0.79040000 0.61240000 -0.01330000
vn -0.73120000 0.68220000 -0.00000000
vn -0.73100000 0.68220000 -0.01450000
vn -0.70190000 0.70480000 0.10320000
vn 0.52060000 -0.56500000 0.64010000
vn -0.45500000 0.41130000 0.78980000
vn -0.35390000 0.32840000 0.87570000
vn -0.80560000 0.58070000 0.11750000
vn 0.65100000 -0.41580000 0.63510000
vn -0.41340000 0.36320000 0.83500000
vn -0.89920000 0.43760000 -0.00230000
vn -0.84900000 0.52850000 -0.00000000
vn -0.84720000 0.53110000 -0.00940000
vn 0.79520000 0.60150000 0.07690000
vn 0.83280000 0.55360000 -0.00000000
vn 0.79020000 0.52610000 0.31430000
vn 0.80280000 0.57860000 0.14390000
vn 0.81380000 0.56520000 0.13530000
vn -0.88320000 -0.46900000 -0.00000000
vn -0.89100000 -0.37420000 0.25700000
vn 0.79140000 0.51800000 0.32470000
vn -0.49070000 -0.11000000 0.86440000
vn 0.82220000 0.55750000 0.11500000
vn -0.84620000 -0.53290000 -0.00020000
vn -0.06580000 0.05450000 0.99630000
vn 0.81420000 0.54710000 0.19420000
vn 0.81170000 0.53360000 0.23770000
vn 0.82770000 0.55450000 0.08630000
vn 0.83950000 0.54330000 -0.00000000
vn 0.77200000 0.50500000 0.38590000
vn 0.82230000 0.54700000 0.15680000
vn 0.82750000 0.54250000 0.14460000
vn 0.80090000 0.59660000 0.05050000
vn 0.81880000 0.57410000 -0.00000000
vn 0.80610000 0.58330000 0.10020000
vn 0.81340000 0.57720000 0.07230000
vn 0.73830000 0.67380000 0.02810000
vn 0.77380000 0.63340000 -0.00000000
vn 0.76060000 0.64550000 0.06890000
vn 0.76860000 0.63800000 0.04690000
vn 0.59760000 0.80140000 -0.02290000
vn 0.67060000 0.74180000 -0.00000000
vn 0.66840000 0.74370000 0.00690000
vn 0.66930000 0.74290000 0.00620000
vn -0.85270000 -0.52240000 -0.00000000
vn -0.85070000 -0.49870000 0.16610000
vn 0.74200000 0.49700000 0.44990000
vn -0.76130000 -0.44330000 0.47320000
vn -0.87140000 -0.49050000 -0.00000000
vn -0.88040000 -0.45500000 0.13370000
vn 0.60890000 0.45630000 0.64890000
vn -0.85310000 -0.45650000 0.25250000
vn 0.70040000 -0.40240000 0.58950000
vn 0.85630000 -0.09080000 0.50850000
vn 0.89730000 0.29970000 0.32400000
vn 0.74360000 0.66700000 0.04690000
vn 0.41480000 0.87740000 -0.24110000
vn 0.03600000 0.89130000 -0.45210000
vn -0.28400000 0.77600000 -0.56310000
vn 0.73860000 -0.29730000 0.60500000
vn 0.60050000 -0.44920000 0.66150000
vn 0.61790000 -0.46630000 0.63300000
vn -0.33960000 0.68490000 -0.64470000
vn -0.18280000 0.80080000 -0.57040000
vn -0.35750000 0.70280000 -0.61500000
vn -0.49760000 0.59840000 -0.62790000
vn -0.48210000 0.58300000 -0.65400000
vn -0.46620000 0.56740000 -0.67880000
vn -0.44950000 0.55140000 -0.70280000
vn -0.43440000 0.53710000 -0.72310000
vn -0.42350000 0.52670000 -0.73700000
vn -0.41740000 0.52050000 -0.74490000
vn -0.41700000 0.51860000 -0.74640000
vn -0.41060000 0.50770000 -0.75740000
vn -0.37010000 0.47420000 -0.79890000
vn -0.51200000 0.61730000 -0.59730000
vn -0.63190000 0.71660000 -0.29520000
vn -0.62560000 0.63910000 0.44740000
vn -0.54090000 0.52480000 0.65730000
vn -0.34020000 0.28100000 0.89740000
vn -0.03340000 -0.06430000 0.99740000
vn 0.21820000 -0.33070000 0.91820000
vn 0.49180000 -0.58590000 0.64420000
vn 0.39380000 -0.49150000 0.77680000
vn 0.39690000 -0.49880000 0.77050000
vn 0.41250000 -0.51540000 0.75120000
vn 0.42700000 -0.53000000 0.73270000
vn 0.44070000 -0.54320000 0.71470000
vn 0.45380000 -0.55550000 0.69680000
vn 0.46700000 -0.56810000 0.67760000
vn 0.48120000 -0.58190000 0.65560000
vn 0.49640000 -0.59720000 0.63010000
vn -0.68350000 0.67470000 0.27860000
vn -0.68860000 0.71750000 0.10490000
vn -0.44740000 0.40570000 0.79700000
vn -0.67190000 0.68460000 0.28240000
vn -0.73120000 0.68210000 0.00360000
vn -0.70100000 0.71300000 -0.01440000
vn -0.70200000 0.71210000 0.00400000
vn -0.62380000 0.61750000 0.47920000
vn -0.66610000 0.68930000 0.28480000
vn -0.44290000 0.40180000 0.80150000
vn -0.61860000 0.61970000 0.48310000
vn 0.30180000 -0.35950000 0.88300000
vn 0.50460000 -0.58080000 0.63880000
vn 0.29070000 -0.37670000 0.87960000
vn 0.62410000 -0.59450000 0.50700000
vn 0.59710000 -0.63010000 0.49650000
vn 0.59170000 -0.62700000 0.50670000
vn 0.65410000 -0.49430000 0.57260000
vn 0.52480000 -0.50030000 0.68870000
vn 0.59300000 -0.56450000 0.57430000
vn -0.65000000 0.66400000 0.36960000
vn -0.66320000 0.69160000 0.28620000
vn -0.61590000 0.62060000 0.48520000
vn -0.64720000 0.66570000 0.37130000
vn -0.68510000 0.70800000 0.17120000
vn -0.68190000 0.72370000 0.10600000
vn -0.67880000 0.71370000 0.17280000
vn -0.70280000 0.71050000 0.03460000
vn -0.68750000 0.72620000 0.00450000
vn -0.68870000 0.72420000 0.03550000
vn -0.55730000 0.54030000 0.63050000
vn -0.44050000 0.39960000 0.80390000
vn -0.55480000 0.53990000 0.63300000
vn -0.04080000 -0.03830000 0.99840000
vn 0.28550000 -0.38530000 0.87750000
vn -0.04040000 -0.04770000 0.99800000
vn -0.25990000 0.19230000 0.94630000
vn -0.04000000 -0.05260000 0.99780000
vn -0.25810000 0.18820000 0.94760000
vn 0.15070000 -0.24850000 0.95680000
vn 0.28290000 -0.38980000 0.87640000
vn 0.14940000 -0.25330000 0.95580000
vn 0.43830000 -0.51940000 0.73360000
vn 0.49650000 -0.58860000 0.63800000
vn 0.43090000 -0.52740000 0.73220000
vn 0.57380000 -0.61210000 0.54420000
vn 0.57530000 -0.64220000 0.50650000
vn 0.55730000 -0.62750000 0.54370000
vn -0.08720000 -0.00000000 -0.99620000
vn 0.51270000 -0.61370000 0.60040000
vn -0.45840000 -0.00000000 -0.88880000
vn -0.45490000 0.05670000 -0.88870000
vn -0.44100000 0.12500000 -0.88880000
vn -0.41300000 0.19850000 -0.88880000
vn -0.36160000 0.28140000 -0.88880000
vn -0.28440000 0.35880000 -0.88910000
vn -0.17600000 0.42200000 -0.88940000
vn -0.04520000 0.45390000 -0.88990000
vn 0.07980000 0.44790000 -0.89050000
vn 0.20240000 0.40690000 -0.89080000
vn 0.30780000 0.33490000 -0.89060000
vn 0.39050000 0.23410000 -0.89040000
vn 0.43810000 0.12500000 -0.89020000
vn 0.45500000 0.02010000 -0.89020000
vn 0.44950000 -0.06660000 -0.89080000
vn 0.43500000 -0.12460000 -0.89180000
vn 0.42270000 -0.15800000 -0.89240000
vn 0.41680000 -0.17040000 -0.89290000
vn 0.41910000 -0.16600000 -0.89260000
vn 0.42990000 -0.14680000 -0.89090000
vn 0.44700000 -0.11410000 -0.88720000
vn 0.46690000 -0.07140000 -0.88140000
vn 0.48700000 -0.01930000 -0.87320000
vn 0.50270000 0.03520000 -0.86370000
vn 0.51240000 0.08540000 -0.85450000
vn 0.51690000 0.13250000 -0.84570000
vn 0.51720000 0.16590000 -0.83960000
vn 0.51580000 0.18830000 -0.83580000
vn 0.51410000 0.20170000 -0.83370000
vn 0.51360000 0.20430000 -0.83330000
vn 0.51570000 0.19590000 -0.83410000
vn 0.52110000 0.17650000 -0.83510000
vn 0.53080000 0.14560000 -0.83490000
vn 0.54710000 0.09850000 -0.83130000
vn 0.57110000 0.03150000 -0.82030000
vn 0.60460000 -0.05820000 -0.79440000
vn 0.65170000 -0.18330000 -0.73600000
vn 0.70480000 -0.32970000 -0.62820000
vn 0.76910000 -0.48080000 -0.42120000
vn 0.81400000 -0.56160000 -0.14810000
vn 0.81870000 -0.56670000 0.09260000
vn 0.80550000 -0.52340000 0.27790000
vn 0.78880000 -0.45730000 0.41070000
vn 0.77520000 -0.38190000 0.50320000
vn -0.76270000 -0.00000000 -0.64680000
vn -0.75680000 0.09450000 -0.64680000
vn -0.73370000 0.20820000 -0.64680000
vn -0.68710000 0.33090000 -0.64690000
vn -0.60140000 0.46890000 -0.64690000
vn -0.47270000 0.59800000 -0.64730000
vn -0.29250000 0.70340000 -0.64780000
vn -0.07460000 0.75740000 -0.64870000
vn 0.13370000 0.74830000 -0.64970000
vn 0.33830000 0.68030000 -0.65020000
vn 0.51350000 0.56050000 -0.64980000
vn 0.65140000 0.39220000 -0.64950000
vn 0.73130000 0.20950000 -0.64910000
vn 0.75990000 0.03120000 -0.64930000
vn 0.75040000 -0.11840000 -0.65030000
vn 0.72450000 -0.22350000 -0.65210000
vn 0.69960000 -0.28940000 -0.65330000
vn 0.68390000 -0.32200000 -0.65470000
vn 0.68040000 -0.32850000 -0.65510000
vn 0.68960000 -0.31210000 -0.65350000
vn 0.70910000 -0.27490000 -0.64940000
vn 0.73400000 -0.22130000 -0.64210000
vn 0.76060000 -0.15210000 -0.63110000
vn 0.78250000 -0.07600000 -0.61790000
vn 0.79670000 -0.00230000 -0.60430000
vn 0.80380000 0.07080000 -0.59070000
vn 0.80430000 0.12810000 -0.58030000
vn 0.80140000 0.17330000 -0.57250000
vn 0.79670000 0.20940000 -0.56690000
vn 0.79220000 0.23360000 -0.56370000
vn 0.78930000 0.24600000 -0.56250000
vn 0.78870000 0.24820000 -0.56240000
vn 0.79140000 0.23980000 -0.56230000
vn 0.79920000 0.21760000 -0.56030000
vn 0.81300000 0.17900000 -0.55400000
vn 0.83450000 0.12130000 -0.53750000
vn 0.86680000 0.03550000 -0.49740000
vn 0.90490000 -0.06940000 -0.41990000
vn 0.94900000 -0.17520000 -0.26200000
vn 0.97400000 -0.22060000 -0.05210000
vn 0.96920000 -0.21010000 0.12850000
vn 0.95070000 -0.16310000 0.26360000
vn 0.92910000 -0.09880000 0.35640000
vn 0.90900000 -0.02760000 0.41580000
vn -0.95400000 -0.00000000 -0.29970000
vn -0.94670000 0.11830000 -0.29970000
vn -0.91770000 0.26070000 -0.29970000
vn -0.85940000 0.41430000 -0.29980000
vn -0.75210000 0.58690000 -0.29980000
vn -0.59100000 0.74870000 -0.30030000
vn -0.36560000 0.88080000 -0.30100000
vn -0.09280000 0.94870000 -0.30210000
vn 0.16780000 0.93800000 -0.30330000
vn 0.42370000 0.85330000 -0.30380000
vn 0.64320000 0.70300000 -0.30350000
vn 0.81600000 0.49230000 -0.30300000
vn 0.91620000 0.26290000 -0.30260000
vn 0.95230000 0.03770000 -0.30280000
vn 0.94030000 -0.15280000 -0.30400000
vn 0.90690000 -0.28960000 -0.30600000
vn 0.87300000 -0.37820000 -0.30800000
vn 0.84980000 -0.42630000 -0.31000000
vn 0.84080000 -0.44310000 -0.31110000
vn 0.84700000 -0.43190000 -0.31000000
vn 0.86590000 -0.39580000 -0.30600000
vn 0.89200000 -0.33960000 -0.29830000
vn 0.92120000 -0.26350000 -0.28640000
vn 0.94600000 -0.17760000 -0.27130000
vn 0.96250000 -0.09120000 -0.25550000
vn 0.97100000 -0.00300000 -0.23900000
vn 0.97170000 0.06960000 -0.22570000
vn 0.96780000 0.13100000 -0.21510000
vn 0.96080000 0.18470000 -0.20690000
vn 0.95280000 0.22710000 -0.20140000
vn 0.94530000 0.25900000 -0.19840000
vn 0.93880000 0.28260000 -0.19710000
vn 0.93380000 0.29850000 -0.19710000
vn 0.93160000 0.30520000 -0.19730000
vn 0.93300000 0.30140000 -0.19670000
vn 0.93890000 0.28540000 -0.19220000
vn 0.95120000 0.25300000 -0.17690000
vn 0.96800000 0.20650000 -0.14250000
vn 0.98480000 0.16340000 -0.05900000
vn 0.98550000 0.16120000 0.05390000
vn 0.97180000 0.18600000 0.14490000
vn 0.95090000 0.22930000 0.20810000
vn 0.92750000 0.28170000 0.24560000
vn 0.90400000 0.33780000 0.26200000
vn -0.99610000 -0.00000000 0.08860000
vn -0.98840000 0.12350000 0.08860000
vn -0.95810000 0.27220000 0.08860000
vn -0.89720000 0.43270000 0.08850000
vn -0.78500000 0.61310000 0.08840000
vn -0.61680000 0.78220000 0.08790000
vn -0.38160000 0.92020000 0.08710000
vn -0.09660000 0.99160000 0.08600000
vn 0.17560000 0.98080000 0.08480000
vn 0.44320000 0.89250000 0.08430000
vn 0.67230000 0.73540000 0.08460000
vn 0.85270000 0.51540000 0.08510000
vn 0.95760000 0.27520000 0.08550000
vn 0.99560000 0.03840000 0.08530000
vn 0.98300000 -0.16330000 0.08430000
vn 0.94710000 -0.31010000 0.08250000
vn 0.90960000 -0.40770000 0.07980000
vn 0.88260000 -0.46370000 0.07750000
vn 0.86970000 -0.48780000 0.07600000
vn 0.87190000 -0.48360000 0.07630000
vn 0.88730000 -0.45430000 0.07960000
vn 0.91070000 -0.40400000 0.08650000
vn 0.93780000 -0.33310000 0.09760000
vn 0.96160000 -0.25040000 0.11200000
vn 0.97800000 -0.16490000 0.12760000
vn 0.98660000 -0.07530000 0.14440000
vn 0.98730000 0.00120000 0.15860000
vn 0.98300000 0.06940000 0.17020000
vn 0.97480000 0.13200000 0.17980000
vn 0.96470000 0.18580000 0.18670000
vn 0.95380000 0.23200000 0.19110000
vn 0.94240000 0.27310000 0.19320000
vn 0.93070000 0.31070000 0.19310000
vn 0.91910000 0.34470000 0.19070000
vn 0.90800000 0.37560000 0.18560000
vn 0.89760000 0.40340000 0.17780000
vn 0.88810000 0.42850000 0.16630000
vn 0.88150000 0.44680000 0.15290000
vn 0.86860000 0.47210000 0.15030000
vn 0.84530000 0.51280000 0.15010000
vn 0.82500000 0.54780000 0.13880000
vn 0.80490000 0.58090000 0.12140000
vn 0.78350000 0.61360000 0.09850000
vn 0.76010000 0.64600000 0.07030000
vn -0.88520000 -0.00000000 0.46520000
vn -0.87840000 0.10990000 0.46520000
vn -0.85150000 0.24210000 0.46520000
vn -0.79720000 0.38480000 0.46510000
vn -0.69750000 0.54520000 0.46500000
vn -0.54800000 0.69560000 0.46460000
vn -0.33880000 0.81860000 0.46380000
vn -0.08560000 0.88230000 0.46290000
vn 0.15650000 0.87310000 0.46180000
vn 0.39430000 0.79480000 0.46140000
vn 0.59810000 0.65510000 0.46170000
vn 0.75860000 0.45930000 0.46210000
vn 0.85210000 0.24520000 0.46240000
vn 0.88610000 0.03310000 0.46230000
vn 0.87460000 -0.14890000 0.46150000
vn 0.84160000 -0.28290000 0.46010000
vn 0.80670000 -0.37430000 0.45730000
vn 0.77980000 -0.43000000 0.45500000
vn 0.76480000 -0.45770000 0.45330000
vn 0.76300000 -0.46130000 0.45290000
vn 0.77240000 -0.44310000 0.45500000
vn 0.78940000 -0.40660000 0.45990000
vn 0.81040000 -0.35170000 0.46850000
vn 0.82960000 -0.28510000 0.48010000
vn 0.84330000 -0.21360000 0.49320000
vn 0.85070000 -0.13640000 0.50770000
vn 0.85120000 -0.06770000 0.52040000
vn 0.84710000 -0.00350000 0.53140000
vn 0.83900000 0.05860000 0.54100000
vn 0.82830000 0.11600000 0.54820000
vn 0.81590000 0.16910000 0.55290000
vn 0.80120000 0.22160000 0.55580000
vn 0.78440000 0.27540000 0.55570000
vn 0.76550000 0.33160000 0.55140000
vn 0.74350000 0.39230000 0.54150000
vn 0.71810000 0.45990000 0.52240000
vn 0.68830000 0.53890000 0.48560000
vn 0.65890000 0.61970000 0.42640000
vn 0.61830000 0.70970000 0.33770000
vn 0.57440000 0.78740000 0.22380000
vn 0.55060000 0.82730000 0.11130000
vn 0.53440000 0.84510000 0.01550000
vn 0.51820000 0.85280000 -0.06450000
vn 0.49860000 0.85650000 -0.13320000
vn -0.63660000 -0.00000000 0.77120000
vn -0.63170000 0.07910000 0.77120000
vn -0.61230000 0.17430000 0.77120000
vn -0.57330000 0.27700000 0.77110000
vn -0.50150000 0.39250000 0.77100000
vn -0.39400000 0.50070000 0.77080000
vn -0.24340000 0.58960000 0.77010000
vn -0.06120000 0.63570000 0.76950000
vn 0.11310000 0.62950000 0.76870000
vn 0.28430000 0.57340000 0.76840000
vn 0.43090000 0.47270000 0.76870000
vn 0.54650000 0.33180000 0.76890000
vn 0.61400000 0.17700000 0.76920000
vn 0.63880000 0.02270000 0.76910000
vn 0.63010000 -0.11130000 0.76850000
vn 0.60510000 -0.21170000 0.76750000
vn 0.57830000 -0.28290000 0.76520000
vn 0.55570000 -0.32950000 0.76330000
vn 0.54100000 -0.35650000 0.76170000
vn 0.53530000 -0.36730000 0.76060000
vn 0.53730000 -0.36330000 0.76120000
vn 0.54520000 -0.34620000 0.76350000
vn 0.55690000 -0.31590000 0.76820000
vn 0.56840000 -0.27570000 0.77520000
vn 0.57730000 -0.22950000 0.78360000
vn 0.58230000 -0.17660000 0.79360000
vn 0.58270000 -0.12630000 0.80280000
vn 0.57940000 -0.07600000 0.81150000
vn 0.57260000 -0.02400000 0.81950000
vn 0.56290000 0.02760000 0.82600000
vn 0.55050000 0.07980000 0.83100000
vn 0.53510000 0.13550000 0.83380000
vn 0.51590000 0.19730000 0.83360000
vn 0.49260000 0.26710000 0.82830000
vn 0.46310000 0.34820000 0.81500000
vn 0.42650000 0.44540000 0.78720000
vn 0.38090000 0.56620000 0.73100000
vn 0.33340000 0.69710000 0.63470000
vn 0.27120000 0.83800000 0.47350000
vn 0.21340000 0.94080000 0.26320000
vn 0.18970000 0.97960000 0.06630000
vn 0.18000000 0.97930000 -0.09300000
vn 0.17160000 0.96070000 -0.21820000
vn 0.15870000 0.93510000 -0.31680000
vn -0.28960000 -0.00000000 0.95710000
vn -0.28740000 0.03610000 0.95710000
vn -0.27860000 0.07950000 0.95710000
vn -0.26080000 0.12640000 0.95710000
vn -0.22790000 0.17910000 0.95710000
vn -0.17900000 0.22850000 0.95690000
vn -0.11030000 0.26940000 0.95670000
vn -0.02740000 0.29080000 0.95640000
vn 0.05220000 0.28860000 0.95600000
vn 0.13030000 0.26320000 0.95590000
vn 0.19710000 0.21740000 0.95600000
vn 0.24990000 0.15300000 0.95610000
vn 0.28110000 0.08150000 0.95620000
vn 0.29260000 0.00870000 0.95620000
vn 0.28840000 -0.05640000 0.95590000
vn 0.27540000 -0.10790000 0.95530000
vn 0.26040000 -0.14780000 0.95410000
vn 0.24570000 -0.17800000 0.95290000
vn 0.23370000 -0.20020000 0.95150000
vn 0.22490000 -0.21650000 0.95000000
vn 0.21910000 -0.22720000 0.94890000
vn 0.21690000 -0.23210000 0.94820000
vn 0.21710000 -0.23100000 0.94840000
vn 0.21940000 -0.22360000 0.94970000
vn 0.22190000 -0.20960000 0.95230000
vn 0.22390000 -0.18930000 0.95610000
vn 0.22410000 -0.16530000 0.96040000
vn 0.22220000 -0.13660000 0.96540000
vn 0.21780000 -0.10290000 0.97050000
vn 0.21050000 -0.06480000 0.97540000
vn 0.20040000 -0.02180000 0.97950000
vn 0.18640000 0.02840000 0.98210000
vn 0.16770000 0.08870000 0.98180000
vn 0.14330000 0.16120000 0.97650000
vn 0.11110000 0.25000000 0.96180000
vn 0.06900000 0.36180000 0.92970000
vn 0.01490000 0.50560000 0.86260000
vn -0.04350000 0.66640000 0.74440000
vn -0.11760000 0.83620000 0.53560000
vn -0.18020000 0.94820000 0.26170000
vn -0.20000000 0.97970000 0.01120000
vn -0.20190000 0.96140000 -0.18700000
vn -0.20120000 0.91950000 -0.33780000
vn -0.20530000 0.86860000 -0.45110000
vn 0.08700000 -0.00000000 0.99620000
vn -0.51270000 0.61380000 -0.60030000
vn -0.11080000 0.44300000 -0.88960000
vn -0.02630000 0.25920000 -0.96550000
vn -0.10120000 0.24130000 -0.96520000
vn -0.06390000 0.25310000 -0.96530000
vn 0.35300000 0.28700000 -0.89050000
vn 0.22300000 0.13280000 -0.96570000
vn 0.17580000 0.19040000 -0.96580000
vn 0.20170000 0.16300000 -0.96580000
vn 0.73320000 -0.41470000 -0.53890000
vn 0.62190000 -0.61750000 -0.48160000
vn 0.55070000 -0.45110000 -0.70230000
vn 0.58150000 -0.54300000 -0.60580000
vn 0.79700000 -0.53110000 -0.28750000
vn 0.67500000 -0.71260000 -0.19130000
vn 0.65430000 -0.67550000 -0.33990000
vn 0.82000000 -0.57180000 -0.02470000
vn 0.68450000 -0.72590000 0.06720000
vn 0.68370000 -0.72740000 -0.05910000
vn -0.38590000 0.65720000 -0.64740000
vn -0.23570000 0.56610000 -0.78990000
vn -0.23230000 0.39420000 -0.88920000
vn -0.38090000 0.48130000 -0.78950000
vn -0.31110000 0.52890000 -0.78960000
vn -0.18390000 0.73880000 -0.64830000
vn -0.06020000 0.60930000 -0.79070000
vn -0.14830000 0.59450000 -0.79030000
vn 0.23960000 0.72110000 -0.65010000
vn 0.27190000 0.54700000 -0.79180000
vn 0.14340000 0.43120000 -0.89080000
vn 0.10730000 0.60170000 -0.79150000
vn 0.19280000 0.57960000 -0.79180000
vn 0.43060000 0.62600000 -0.65010000
vn 0.41310000 0.45030000 -0.79160000
vn 0.25810000 0.37430000 -0.89070000
vn 0.34660000 0.50320000 -0.79160000
vn 0.58870000 0.48090000 -0.64980000
vn 0.52410000 0.31500000 -0.79130000
vn 0.47390000 0.38610000 -0.79140000
vn 0.92580000 -0.13190000 -0.35420000
vn 0.87090000 -0.34250000 -0.35240000
vn 0.81510000 -0.21030000 -0.53980000
vn 0.84050000 -0.28610000 -0.46010000
vn 0.96570000 -0.20560000 -0.15840000
vn 0.90710000 -0.40780000 -0.10460000
vn 0.89400000 -0.38420000 -0.23070000
vn 0.97440000 -0.22110000 0.04090000
vn 0.90730000 -0.40540000 0.11180000
vn 0.91050000 -0.41340000 0.00650000
vn -0.48250000 0.82270000 -0.30050000
vn -0.33460000 0.80540000 -0.48930000
vn -0.54070000 0.68470000 -0.48870000
vn -0.44150000 0.75240000 -0.48890000
vn -0.22970000 0.92540000 -0.30150000
vn -0.08510000 0.86740000 -0.49030000
vn -0.21030000 0.84610000 -0.48990000
vn 0.04010000 0.95220000 -0.30270000
vn 0.15320000 0.85730000 -0.49150000
vn 0.03160000 0.76000000 -0.64920000
vn 0.03640000 0.87050000 -0.49090000
vn 0.30070000 0.90400000 -0.30390000
vn 0.38730000 0.77970000 -0.49190000
vn 0.27480000 0.82610000 -0.49200000
vn 0.53980000 0.78510000 -0.30370000
vn 0.58800000 0.64230000 -0.49160000
vn 0.49350000 0.71740000 -0.49170000
vn 0.73780000 0.60310000 -0.30330000
vn 0.74600000 0.44970000 -0.49120000
vn 0.67450000 0.55090000 -0.49150000
vn 0.97800000 0.17660000 -0.11090000
vn 0.98590000 -0.01140000 -0.16680000
vn 0.95440000 0.06570000 -0.29120000
vn 0.97040000 0.01810000 -0.24100000
vn 0.98740000 0.15810000 -0.00220000
vn 0.99930000 -0.03610000 -0.00070000
vn 0.99600000 -0.02980000 -0.08430000
vn 0.98010000 0.17060000 0.10150000
vn 0.99010000 -0.01840000 0.13920000
vn 0.99690000 -0.03180000 0.07160000
vn -0.50340000 0.85960000 0.08750000
vn -0.38080000 0.91800000 -0.11090000
vn -0.61560000 0.78030000 -0.11020000
vn -0.50250000 0.85750000 -0.11060000
vn -0.23960000 0.96700000 0.08660000
vn -0.09650000 0.98900000 -0.11210000
vn -0.23920000 0.96450000 -0.11150000
vn 0.04230000 0.99550000 0.08540000
vn 0.17500000 0.97800000 -0.11330000
vn 0.04190000 0.99280000 -0.11260000
vn 0.31450000 0.94550000 0.08430000
vn 0.44180000 0.88990000 -0.11390000
vn 0.31360000 0.94270000 -0.11380000
vn 0.56430000 0.82120000 0.08450000
vn 0.67050000 0.73320000 -0.11340000
vn 0.56280000 0.81870000 -0.11360000
vn 0.77100000 0.63120000 0.08490000
vn 0.85050000 0.51360000 -0.11300000
vn 0.76900000 0.62910000 -0.11310000
vn 0.87920000 0.45350000 0.14580000
vn 0.94550000 0.32250000 0.04550000
vn 0.94330000 0.33190000 0.00390000
vn 0.94730000 0.32000000 0.01660000
vn 0.85700000 0.49240000 0.15200000
vn 0.93400000 0.34190000 0.10350000
vn 0.94090000 0.33010000 0.07560000
vn 0.83500000 0.53060000 0.14560000
vn 0.91670000 0.37240000 0.14470000
vn 0.92610000 0.35570000 0.12570000
vn -0.44730000 0.76460000 0.46410000
vn -0.36710000 0.88620000 0.28280000
vn -0.59360000 0.75310000 0.28360000
vn -0.48460000 0.82770000 0.28310000
vn -0.21260000 0.86020000 0.46350000
vn -0.09280000 0.95500000 0.28180000
vn -0.23050000 0.93120000 0.28240000
vn 0.03780000 0.88590000 0.46240000
vn 0.16930000 0.94480000 0.28060000
vn 0.04080000 0.95880000 0.28120000
vn 0.28000000 0.84180000 0.46140000
vn 0.42680000 0.85990000 0.28010000
vn 0.30310000 0.91080000 0.28020000
vn 0.50200000 0.73130000 0.46170000
vn 0.64740000 0.70870000 0.28050000
vn 0.54350000 0.79130000 0.28030000
vn 0.68560000 0.56260000 0.46200000
vn 0.82120000 0.49670000 0.28090000
vn 0.74250000 0.60820000 0.28060000
vn 0.64460000 0.66240000 0.38170000
vn 0.75700000 0.60380000 0.24970000
vn 0.78440000 0.54470000 0.29680000
vn 0.77580000 0.57020000 0.27020000
vn 0.59410000 0.75290000 0.28340000
vn 0.72260000 0.66440000 0.19100000
vn 0.73860000 0.63630000 0.22270000
vn 0.56080000 0.81080000 0.16760000
vn 0.70010000 0.70260000 0.12740000
vn 0.71040000 0.68540000 0.15980000
vn -0.32160000 0.55050000 0.77040000
vn -0.29550000 0.71470000 0.63400000
vn -0.47810000 0.60710000 0.63470000
vn -0.39020000 0.66740000 0.63430000
vn -0.15280000 0.61960000 0.76990000
vn -0.07450000 0.77030000 0.63330000
vn -0.18540000 0.75100000 0.63370000
vn 0.20200000 0.60720000 0.76850000
vn 0.34440000 0.69430000 0.63200000
vn 0.13690000 0.76250000 0.63230000
vn 0.24470000 0.73540000 0.63200000
vn 0.36180000 0.52760000 0.76860000
vn 0.52220000 0.57240000 0.63220000
vn 0.43840000 0.63890000 0.63210000
vn 0.49420000 0.40590000 0.76880000
vn 0.66230000 0.40150000 0.63260000
vn 0.59890000 0.49140000 0.63240000
vn 0.30920000 0.76920000 0.55920000
vn 0.44830000 0.79130000 0.41570000
vn 0.50100000 0.67280000 0.54430000
vn 0.48130000 0.73180000 0.48260000
vn 0.23790000 0.89760000 0.37120000
vn 0.39630000 0.88370000 0.24890000
vn 0.41880000 0.84390000 0.33520000
vn -0.06940000 0.28290000 0.95660000
vn -0.04430000 0.46310000 0.88520000
vn -0.17680000 0.42940000 0.88560000
vn -0.11080000 0.45130000 0.88550000
vn 0.09280000 0.27870000 0.95590000
vn 0.20730000 0.41820000 0.88440000
vn 0.08260000 0.45890000 0.88460000
vn 0.14740000 0.44280000 0.88440000
vn 0.22590000 0.18690000 0.95610000
vn 0.39810000 0.24240000 0.88470000
vn 0.31390000 0.34500000 0.88460000
vn 0.35990000 0.29640000 0.88470000
vn -0.07370000 0.75660000 0.64970000
vn 0.06780000 0.85370000 0.51630000
vn 0.13760000 0.69450000 0.70620000
vn 0.10960000 0.77770000 0.61900000
vn -0.15450000 0.90280000 0.40130000
vn 0.00630000 0.96350000 0.26760000
vn 0.03190000 0.91820000 0.39470000
vn -0.00780000 0.09030000 0.99590000
vn -0.03320000 0.08320000 0.99600000
vn -0.02060000 0.08770000 0.99590000
vn -0.31580000 0.78340000 0.53530000
vn -0.24010000 0.60870000 0.75620000
vn -0.27170000 0.70290000 0.65730000
vn -0.37720000 0.89320000 0.24470000
vn -0.35250000 0.84960000 0.39230000
vn -0.28400000 0.77600000 -0.56310000
vn 0.03600000 0.89130000 -0.45210000
vn 0.41480000 0.87740000 -0.24110000
vn 0.74360000 0.66700000 0.04700000
vn 0.89730000 0.29970000 0.32400000
vn 0.85630000 -0.09080000 0.50850000
vn 0.70040000 -0.40240000 0.58950000
vn -0.20960000 0.84020000 -0.50010000
vn -0.38520000 0.77940000 -0.49410000
vn -0.38680000 0.74570000 -0.54250000
vn 0.76990000 -0.34150000 0.53920000
vn 0.65300000 -0.55150000 0.51910000
vn 0.65010000 -0.51220000 0.56120000
vn 0.08680000 -0.00750000 0.99620000
vn 0.08580000 -0.01540000 0.99620000
vn 0.08380000 -0.02360000 0.99620000
vn 0.08090000 -0.03210000 0.99620000
vn 0.07700000 -0.04050000 0.99620000
vn 0.07200000 -0.04880000 0.99620000
vn 0.06580000 -0.05660000 0.99620000
vn 0.05850000 -0.06380000 0.99630000
vn 0.04110000 -0.07550000 0.99630000
vn 0.02160000 -0.08240000 0.99640000
vn 0.00170000 -0.08420000 0.99640000
vn -0.01690000 -0.08140000 0.99650000
vn -0.03380000 -0.07550000 0.99660000
vn -0.04890000 -0.06710000 0.99660000
vn -0.06160000 -0.05610000 0.99650000
vn -0.07140000 -0.04340000 0.99650000
vn -0.07840000 -0.02980000 0.99650000
vn -0.08220000 -0.01730000 0.99650000
vn -0.08350000 -0.00680000 0.99650000
vn -0.08350000 0.00160000 0.99650000
vn -0.08260000 0.00650000 0.99660000
vn -0.08220000 0.00770000 0.99660000
vn -0.08300000 0.00590000 0.99650000
vn -0.08510000 0.00140000 0.99640000
vn -0.08880000 -0.00610000 0.99600000
vn -0.09400000 -0.01590000 0.99540000
vn -0.10070000 -0.02790000 0.99450000
vn -0.10860000 -0.04220000 0.99320000
vn -0.11720000 -0.05870000 0.99140000
vn -0.12580000 -0.07600000 0.98910000
vn -0.12990000 -0.08500000 0.98790000
vn -0.13370000 -0.09430000 0.98650000
vn -0.13750000 -0.10380000 0.98510000
vn -0.14110000 -0.11360000 0.98350000
vn -0.14420000 -0.12320000 0.98190000
vn -0.14690000 -0.13220000 0.98030000
vn -0.14900000 -0.14060000 0.97880000
vn -0.15080000 -0.14820000 0.97740000
vn -0.15200000 -0.15520000 0.97610000
vn -0.15290000 -0.16150000 0.97490000
vn -0.15360000 -0.16700000 0.97390000
vn -0.15400000 -0.17190000 0.97300000
vn -0.15420000 -0.17560000 0.97230000
vn -0.15420000 -0.17780000 0.97190000
vn -0.15410000 -0.17870000 0.97180000
vn -0.15420000 -0.17810000 0.97190000
vn -0.15430000 -0.17620000 0.97220000
vn -0.15470000 -0.17300000 0.97270000
vn -0.15530000 -0.16860000 0.97340000
vn -0.15610000 -0.16290000 0.97420000
vn -0.15740000 -0.15540000 0.97520000
vn -0.15930000 -0.14630000 0.97630000
vn -0.16170000 -0.13560000 0.97750000
vn -0.16450000 -0.12330000 0.97860000
vn -0.16820000 -0.10920000 0.97970000
vn -0.17260000 -0.09320000 0.98060000
vn -0.17780000 -0.07520000 0.98120000
vn -0.18400000 -0.05510000 0.98140000
vn -0.19130000 -0.03190000 0.98100000
vn -0.19970000 -0.00690000 0.97980000
vn -0.20900000 0.02010000 0.97770000
vn -0.21930000 0.04980000 0.97440000
vn -0.23110000 0.08230000 0.96950000
vn -0.24420000 0.11820000 0.96250000
vn -0.27550000 0.20260000 0.93970000
vn -0.31310000 0.30180000 0.90050000
vn -0.35450000 0.41230000 0.83930000
vn -0.39770000 0.53180000 0.74770000
vn -0.44060000 0.65110000 0.61800000
vn -0.49270000 0.74460000 0.45030000
vn -0.52730000 0.80650000 0.26730000
vn -0.54390000 0.83510000 0.08270000
vn -0.54560000 0.83300000 -0.09180000
vn -0.54070000 0.80580000 -0.24160000
vn -0.53350000 0.76190000 -0.36730000
vn -0.52970000 0.73560000 -0.42220000
vn -0.52740000 0.70710000 -0.47100000
vn -0.52610000 0.67660000 -0.51520000
vn -0.52560000 0.64390000 -0.55600000
vn 0.52560000 -0.64390000 0.55600000
vn 0.52590000 -0.67650000 0.51550000
vn 0.52740000 -0.70710000 0.47100000
vn 0.53000000 -0.73570000 0.42180000
vn 0.53360000 -0.76180000 0.36730000
vn 0.53740000 -0.78530000 0.30750000
vn 0.54080000 -0.80570000 0.24170000
vn 0.54350000 -0.82200000 0.16980000
vn 0.54560000 -0.83300000 0.09180000
vn 0.54640000 -0.83750000 0.00620000
vn 0.54390000 -0.83510000 -0.08260000
vn 0.53780000 -0.82490000 -0.17410000
vn 0.52740000 -0.80650000 -0.26730000
vn 0.51230000 -0.77950000 -0.36040000
vn 0.49280000 -0.74450000 -0.45050000
vn 0.46880000 -0.70160000 -0.53660000
vn 0.44080000 -0.65110000 -0.61790000
vn 0.41710000 -0.59340000 -0.68840000
vn 0.39770000 -0.53170000 -0.74770000
vn 0.37620000 -0.47120000 -0.79780000
vn 0.35460000 -0.41220000 -0.83920000
vn 0.33350000 -0.35570000 -0.87310000
vn 0.31320000 -0.30170000 -0.90050000
vn 0.29390000 -0.25060000 -0.92240000
vn 0.27580000 -0.20260000 -0.93960000
vn 0.25960000 -0.15930000 -0.95250000
vn 0.24470000 -0.11940000 -0.96220000
vn 0.23130000 -0.08280000 -0.96930000
vn 0.21940000 -0.04950000 -0.97440000
vn 0.20880000 -0.01920000 -0.97780000
vn 0.19930000 0.00820000 -0.97990000
vn 0.19110000 0.03300000 -0.98100000
vn 0.18400000 0.05510000 -0.98140000
vn 0.17810000 0.07510000 -0.98120000
vn 0.17270000 0.09300000 -0.98060000
vn 0.16830000 0.10910000 -0.97970000
vn 0.16470000 0.12330000 -0.97860000
vn 0.16180000 0.13580000 -0.97740000
vn 0.15930000 0.14660000 -0.97630000
vn 0.15750000 0.15560000 -0.97520000
vn 0.15620000 0.16290000 -0.97420000
vn 0.15530000 0.16850000 -0.97340000
vn 0.15470000 0.17300000 -0.97270000
vn 0.15440000 0.17620000 -0.97220000
vn 0.15430000 0.17810000 -0.97180000
vn 0.15430000 0.17870000 -0.97170000
vn 0.15440000 0.17790000 -0.97190000
vn 0.15430000 0.17570000 -0.97230000
vn 0.15410000 0.17190000 -0.97300000
vn 0.15380000 0.16700000 -0.97390000
vn 0.15310000 0.16140000 -0.97490000
vn 0.15210000 0.15520000 -0.97610000
vn 0.15080000 0.14820000 -0.97740000
vn 0.14910000 0.14060000 -0.97880000
vn 0.14710000 0.13220000 -0.98030000
vn 0.14110000 0.11350000 -0.98350000
vn 0.13400000 0.09430000 -0.98650000
vn 0.12590000 0.07600000 -0.98910000
vn 0.11740000 0.05860000 -0.99140000
vn 0.10870000 0.04220000 -0.99320000
vn 0.10070000 0.02780000 -0.99450000
vn 0.09410000 0.01580000 -0.99540000
vn 0.08890000 0.00610000 -0.99600000
vn 0.08520000 -0.00140000 -0.99640000
vn 0.08310000 -0.00600000 -0.99650000
vn 0.08240000 -0.00780000 -0.99660000
vn 0.08270000 -0.00650000 -0.99660000
vn 0.08360000 -0.00160000 -0.99650000
vn 0.08370000 0.00680000 -0.99650000
vn 0.08230000 0.01740000 -0.99650000
vn 0.07850000 0.02980000 -0.99650000
vn 0.07150000 0.04340000 -0.99650000
vn 0.06160000 0.05610000 -0.99650000
vn 0.04890000 0.06710000 -0.99650000
vn 0.03390000 0.07560000 -0.99660000
vn 0.01690000 0.08150000 -0.99650000
vn -0.00170000 0.08430000 -0.99640000
vn -0.02160000 0.08240000 -0.99640000
vn -0.04120000 0.07560000 -0.99630000
vn -0.05020000 0.07040000 -0.99630000
vn -0.05860000 0.06400000 -0.99620000
vn -0.06590000 0.05670000 -0.99620000
vn -0.07210000 0.04880000 -0.99620000
vn -0.07700000 0.04050000 -0.99620000
vn -0.08100000 0.03210000 -0.99620000
vn -0.08390000 0.02370000 -0.99620000
vn -0.08580000 0.01540000 -0.99620000
vn -0.08690000 0.00750000 -0.99620000
vn -0.22930000 0.02850000 -0.97290000
vn -0.24020000 0.06790000 -0.96830000
vn -0.23130000 0.11090000 -0.96650000
vn -0.07470000 0.02160000 0.99700000
vn -0.05820000 0.00740000 0.99830000
vn -0.07630000 0.03750000 0.99640000
vn 0.08720000 -0.00000000 0.99620000
vn 0.08710000 -0.00000000 0.99620000
vn -0.99620000 -0.00000000 0.08720000
vn -0.08720000 -0.00000000 -0.99620000
vn -0.08730000 -0.00000000 -0.99620000
vn -0.12190000 -0.00000000 0.99250000
vn -0.32560000 -0.00000000 0.94550000
vn -0.51500000 -0.00000000 0.85720000
vn -0.68200000 -0.00000000 0.73140000
vn -0.81910000 -0.00000000 0.57360000
vn -0.92050000 -0.00000000 0.39070000
vn -0.98160000 -0.00000000 0.19080000
vn -0.99980000 -0.00000000 -0.01740000
vn -0.97440000 -0.00000000 -0.22500000
vn -0.90630000 -0.00000000 -0.42260000
vn -0.79870000 -0.00000000 -0.60180000
vn -0.65610000 -0.00000000 -0.75470000
vn -0.48480000 -0.00000000 -0.87460000
vn -0.29230000 -0.00020000 -0.95630000
vn -0.08720000 -0.00000000 -0.99620000
vn -0.46180000 -0.00000000 -0.88700000
vn -0.76600000 -0.00000000 -0.64280000
vn -0.95370000 -0.00000000 -0.30070000
vn -0.88700000 -0.00000000 0.46170000
vn -0.64280000 -0.00000000 0.76600000
vn -0.30070000 -0.00000000 0.95370000
vn 0.08710000 -0.00000000 0.99620000
vn 0.99620000 -0.00000000 -0.08710000
vn 0.99620000 -0.00000000 -0.08710000
vn 0.94990000 -0.00000000 0.31270000
vn 0.75970000 -0.00000000 0.65030000
vn 0.45730000 -0.00000000 0.88930000
vn 0.08730000 -0.00000000 0.99620000
vn 0.08730000 -0.00000000 0.99620000
vn 0.97440000 -0.00000000 0.22500000
vn 0.85720000 -0.00000000 0.51500000
vn 0.65610000 -0.00000000 0.75470000
vn 0.39070000 -0.00000000 0.92050000
vn 0.94990000 -0.00000000 0.31270000
vn 0.99330000 -0.00000000 0.11550000
vn 0.99340000 -0.00010000 0.11500000
vn 0.75970000 -0.00010000 0.65020000
vn 0.87110000 -0.00000000 0.49100000
vn 0.87130000 -0.00000000 0.49080000
vn 0.45740000 -0.00000000 0.88930000
vn 0.62000000 -0.00000000 0.78460000
vn 0.62010000 -0.00000000 0.78450000
vn 0.27730000 -0.00000000 0.96080000
vn 0.27730000 -0.00010000 0.96080000
vn 0.08720000 -0.00000000 0.99620000
vn 0.08720000 -0.00000000 0.99620000
vn 0.53120000 -0.00000000 0.84720000
vn 0.85870000 -0.00000000 0.51240000
vn 0.45730000 -0.00000000 0.88930000
vn 0.27750000 -0.00000000 0.96070000
vn 0.75970000 -0.00000000 0.65030000
vn 0.62010000 -0.00000000 0.78450000
vn 0.94990000 -0.00000000 0.31270000
vn 0.87130000 -0.00000000 0.49080000
vn 0.97470000 -0.00000000 0.22350000
vn 0.99340000 0.00020000 0.11490000
vn 0.99620000 -0.00000000 -0.08710000
vn 0.99620000 -0.00000000 -0.08710000
vn 0.99620000 -0.00000000 -0.08710000
vn 0.99620000 -0.00000000 -0.08710000
vn 0.94990000 -0.00000000 0.31270000
vn 0.94990000 -0.00000000 0.31260000
vn 0.94990000 -0.00000000 0.31270000
vn 0.75950000 -0.00000000 0.65050000
vn 0.75960000 -0.00000000 0.65040000
vn 0.75990000 -0.00000000 0.65010000
vn 0.45710000 -0.00000000 0.88940000
vn 0.45730000 -0.00000000 0.88930000
vn 0.45760000 -0.00000000 0.88920000
vn 0.08720000 -0.00000000 0.99620000
vn 0.08720000 -0.00000000 0.99620000
vn 0.95370000 -0.00000000 0.30070000
vn 0.76600000 -0.00000000 0.64280000
vn 0.46170000 -0.00000000 0.88700000
vn 0.94990000 -0.00000000 0.31260000
vn 0.99340000 -0.00010000 0.11510000
vn 0.99340000 0.00010000 0.11510000
vn 0.75930000 0.00010000 0.65070000
vn 0.87130000 -0.00030000 0.49080000
vn 0.87130000 0.00010000 0.49080000
vn 0.45740000 -0.00000000 0.88920000
vn 0.62020000 -0.00030000 0.78450000
vn 0.62010000 0.00020000 0.78450000
vn 0.27730000 -0.00030000 0.96080000
vn 0.27750000 -0.00000000 0.96070000
vn 0.08720000 -0.00000000 0.99620000
vn 0.08720000 -0.00000000 0.99620000
vn 0.08720000 -0.00000000 0.99620000
vn 0.08720000 -0.00000000 0.99620000
vn 0.08720000 -0.00000000 0.99620000
vn 0.46180000 -0.00000000 0.88700000
vn 0.76600000 -0.00000000 0.64280000
vn 0.95370000 -0.00000000 0.30070000
vn 0.45740000 -0.00000000 0.88920000
vn 0.27740000 0.00020000 0.96080000
vn 0.27750000 -0.00010000 0.96070000
vn 0.75970000 -0.00000000 0.65030000
vn 0.62010000 -0.00020000 0.78450000
vn 0.62010000 -0.00000000 0.78450000
vn 0.94990000 -0.00000000 0.31270000
vn 0.87130000 0.00030000 0.49080000
vn 0.87130000 -0.00000000 0.49080000
vn 0.99340000 0.00020000 0.11510000
vn 0.99340000 -0.00000000 0.11510000
vn 0.99620000 -0.00000000 -0.08710000
vn 0.99620000 -0.00000000 -0.08710000
vn 0.99620000 -0.00000000 -0.08710000
vn 0.99620000 -0.00000000 -0.08710000
vn 0.99620000 -0.00000000 -0.08710000
vn -0.00000000 1.00000000 -0.00000000
vn -0.00000000 1.00000000 -0.00000000
vn -0.00000000 1.00000000 -0.00000000
vn -0.00000000 1.00000000 -0.00000000
vn -0.00000000 1.00000000 -0.00000000
vn -0.00000000 1.00000000 -0.00000000
vn -0.00000000 1.00000000 -0.00000000
vn -0.00000000 1.00000000 -0.00000000
vn -0.00000000 1.00000000 -0.00010000
vn -0.00000000 1.00000000 -0.00000000
vn -0.00000000 1.00000000 -0.00000000
vn -0.00000000 1.00000000 -0.00000000
vn -0.00000000 1.00000000 -0.00010000
vn -0.00000000 1.00000000 -0.00000000
vn 0.08710000 -0.00000000 0.99620000
vn 0.08710000 -0.00000000 0.99620000
vn -0.31250000 -0.00000000 0.94990000
vn -0.31270000 -0.00000000 0.94990000
vn -0.31260000 -0.00000000 0.94990000
vn -0.65040000 -0.00000000 0.75960000
vn -0.65040000 -0.00000000 0.75960000
vn -0.65040000 -0.00000000 0.75960000
vn -0.88920000 -0.00000000 0.45740000
vn -0.88930000 -0.00000000 0.45730000
vn -0.88930000 -0.00000000 0.45740000
vn -0.99620000 -0.00000000 0.08720000
vn -0.99620000 -0.00000000 0.08720000
vn 0.08710000 -0.00000000 0.99620000
vn 0.08710000 -0.00000000 0.99620000
vn 0.08710000 -0.00000000 0.99620000
vn 0.08710000 -0.00000000 0.99620000
vn 0.08710000 -0.00000000 0.99620000
vn -0.30070000 -0.00000000 0.95370000
vn -0.64280000 -0.00000000 0.76600000
vn -0.88700000 -0.00000000 0.46170000
vn -0.31270000 -0.00000000 0.94990000
vn -0.11510000 -0.00020000 0.99340000
vn -0.11510000 0.00010000 0.99340000
vn -0.65030000 -0.00000000 0.75960000
vn -0.49070000 -0.00030000 0.87130000
vn -0.49080000 -0.00000000 0.87130000
vn -0.88920000 -0.00000000 0.45750000
vn -0.78450000 -0.00030000 0.62010000
vn -0.78450000 -0.00000000 0.62010000
vn -0.96070000 -0.00040000 0.27740000
vn -0.96070000 0.00010000 0.27750000
vn -0.99620000 -0.00000000 0.08720000
vn -0.99620000 -0.00000000 0.08720000
vn -0.99620000 -0.00000000 0.08720000
vn -0.99620000 -0.00000000 0.08720000
vn -0.99620000 -0.00000000 0.08720000
vn -0.88700000 -0.00000000 0.46180000
vn -0.64280000 -0.00000000 0.76600000
vn -0.30070000 -0.00000000 0.95370000
vn -0.88940000 -0.00000000 0.45720000
vn -0.96070000 -0.00010000 0.27750000
vn -0.96070000 -0.00000000 0.27750000
vn -0.65030000 -0.00000000 0.75970000
vn -0.78450000 0.00030000 0.62010000
vn -0.78450000 -0.00000000 0.62010000
vn -0.31270000 -0.00000000 0.94980000
vn -0.49040000 0.00030000 0.87150000
vn -0.49080000 -0.00000000 0.87130000
vn -0.11510000 0.00020000 0.99340000
vn -0.11510000 -0.00010000 0.99340000
vn 0.99620000 -0.00000000 -0.08710000
vn 0.99620000 -0.00000000 -0.08710000
vn 0.99620000 -0.00000000 -0.08720000
vn 0.99620000 -0.00000000 -0.08720000
vn 0.99620000 -0.00000000 -0.08700000
vn 0.99620000 -0.00000000 -0.08720000
vn 0.99620000 -0.00000000 -0.08720000
vn 0.99620000 -0.00000000 -0.08720000
vn 0.99620000 -0.00020000 -0.08690000
vn 0.99620000 -0.00000000 -0.08700000
vn 0.99620000 -0.00000000 -0.08710000
vn 0.99620000 -0.00000000 -0.08720000
vn 0.99620000 -0.00000000 -0.08720000
vn 0.99620000 -0.00000000 -0.08720000
vn 0.99620000 -0.00000000 -0.08720000
vn 0.99620000 -0.00000000 -0.08720000
vn 0.99620000 -0.00000000 -0.08720000
vn 0.99620000 -0.00000000 -0.08700000
vn 0.99620000 -0.00000000 -0.08720000
vn 0.99620000 -0.00000000 -0.08720000
vn 0.99620000 -0.00000000 -0.08720000
vn 0.99620000 -0.00000000 -0.08760000
vn 0.99620000 -0.00000000 -0.08720000
vn 0.99620000 0.00010000 -0.08760000
vn 0.99620000 -0.00000000 -0.08720000
vn 0.99620000 0.00010000 -0.08730000
vn 0.99620000 -0.00000000 -0.08700000
vn 0.99620000 -0.00000000 -0.08730000
vn 0.99620000 -0.00000000 -0.08720000
vn 0.99620000 0.00020000 -0.08700000
vn 0.99620000 -0.00000000 -0.08720000
vn 0.99620000 -0.00000000 -0.08710000
vn 0.99620000 0.00010000 -0.08720000
vn 0.99620000 -0.00000000 -0.08720000
vn 0.99620000 -0.00000000 -0.08720000
vn 0.99620000 -0.00000000 -0.08710000
vn 0.99620000 0.00010000 -0.08710000
vn 0.99620000 -0.00000000 -0.08700000
vn 0.99620000 -0.00000000 -0.08700000
vn 0.99620000 -0.00000000 -0.08700000
vn 0.99620000 -0.00000000 -0.08720000
vn 0.99620000 -0.00000000 -0.08760000
vn 0.99620000 -0.00010000 -0.08760000
vn 0.99620000 -0.00000000 -0.08720000
vn 0.99620000 -0.00000000 -0.08720000
vn 0.99620000 -0.00000000 -0.08700000
vn 0.99620000 -0.00010000 -0.08740000
vn 0.99620000 -0.00000000 -0.08730000
vn 0.99620000 -0.00010000 -0.08700000
vn 0.99620000 -0.00000000 -0.08720000
vn 0.99620000 -0.00000000 -0.08720000
vn 0.99620000 -0.00000000 -0.08720000
vn 0.99620000 -0.00000000 -0.08720000
vn 0.99620000 -0.00000000 -0.08720000
vn -0.99620000 -0.00000000 0.08710000
vn -0.99620000 -0.00000000 0.08710000
vn -0.94990000 -0.00000000 -0.31270000
vn -0.94990000 -0.00000000 -0.31270000
vn -0.94990000 -0.00000000 -0.31270000
vn -0.75960000 -0.00000000 -0.65040000
vn -0.75960000 -0.00000000 -0.65040000
vn -0.75990000 -0.00000000 -0.65000000
vn -0.45720000 -0.00000000 -0.88930000
vn -0.45740000 -0.00000000 -0.88930000
vn -0.45740000 -0.00000000 -0.88930000
vn -0.08710000 -0.00000000 -0.99620000
vn -0.08710000 -0.00000000 -0.99620000
vn -0.08710000 -0.00000000 -0.99620000
vn 0.31260000 -0.00000000 -0.94990000
vn 0.31270000 -0.00000000 -0.94990000
vn 0.31270000 -0.00000000 -0.94990000
vn 0.65040000 -0.00000000 -0.75960000
vn 0.65040000 -0.00000000 -0.75960000
vn 0.65020000 -0.00000000 -0.75980000
vn 0.88930000 -0.00000000 -0.45730000
vn 0.88930000 -0.00000000 -0.45730000
vn 0.88930000 -0.00000000 -0.45740000
vn 0.99620000 -0.00000000 -0.08720000
vn 0.99620000 -0.00000000 -0.08720000
vn 0.99620000 -0.00000000 -0.08720000
vn 0.99620000 -0.00000000 -0.08720000
vn 0.99620000 -0.00000000 -0.08720000
vn 0.99620000 -0.00000000 -0.08720000
vn 0.99620000 -0.00000000 -0.08720000
vn 0.85970000 -0.00000000 -0.51080000
vn 0.55300000 -0.00000000 -0.83320000
vn 0.13670000 -0.00000000 -0.99060000
vn -0.30660000 -0.00000000 -0.95180000
vn -0.68930000 -0.00000000 -0.72450000
vn -0.93540000 -0.00000000 -0.35370000
vn 0.88930000 -0.00000000 -0.45740000
vn 0.96070000 -0.00000000 -0.27750000
vn 0.96070000 -0.00000000 -0.27750000
vn 0.65030000 -0.00000000 -0.75970000
vn 0.78450000 0.00030000 -0.62020000
vn 0.78450000 -0.00000000 -0.62010000
vn 0.31270000 -0.00010000 -0.94990000
vn 0.49110000 0.00030000 -0.87110000
vn 0.49070000 -0.00000000 -0.87130000
vn -0.08710000 -0.00000000 -0.99620000
vn 0.11520000 0.00030000 -0.99330000
vn 0.11490000 -0.00000000 -0.99340000
vn -0.45740000 -0.00000000 -0.88930000
vn -0.27760000 0.00030000 -0.96070000
vn -0.27730000 -0.00000000 -0.96080000
vn -0.75960000 -0.00000000 -0.65030000
vn -0.62010000 -0.00020000 -0.78450000
vn -0.62010000 -0.00000000 -0.78450000
vn -0.94990000 -0.00000000 -0.31270000
vn -0.87120000 0.00030000 -0.49090000
vn -0.87130000 -0.00000000 -0.49080000
vn -0.99340000 0.00020000 -0.11510000
vn -0.99340000 -0.00000000 -0.11510000
vn -0.99620000 -0.00000000 0.08710000
vn -0.99620000 -0.00000000 0.08700000
vn -0.99620000 -0.00000000 0.08710000
vn -0.99620000 -0.00000000 0.08700000
vn -0.99620000 -0.00000000 0.08710000
vn -0.93540000 -0.00000000 -0.35370000
vn -0.68930000 -0.00000000 -0.72450000
vn -0.30660000 -0.00000000 -0.95180000
vn 0.13670000 -0.00000000 -0.99060000
vn 0.55300000 -0.00000000 -0.83320000
vn 0.85970000 -0.00000000 -0.51080000
vn -0.94990000 -0.00000000 -0.31270000
vn -0.99340000 -0.00020000 -0.11510000
vn -0.99340000 -0.00000000 -0.11510000
vn -0.75960000 -0.00000000 -0.65030000
vn -0.87120000 -0.00030000 -0.49090000
vn -0.87130000 -0.00000000 -0.49080000
vn -0.45740000 -0.00000000 -0.88930000
vn -0.62010000 -0.00030000 -0.78450000
vn -0.62010000 -0.00000000 -0.78450000
vn -0.08720000 -0.00000000 -0.99620000
vn -0.27760000 -0.00030000 -0.96070000
vn -0.27740000 -0.00000000 -0.96070000
vn 0.31270000 -0.00000000 -0.94990000
vn 0.11520000 -0.00030000 -0.99330000
vn 0.11510000 -0.00000000 -0.99340000
vn 0.65030000 -0.00000000 -0.75960000
vn 0.49080000 -0.00030000 -0.87130000
vn 0.49080000 -0.00000000 -0.87130000
vn 0.88930000 -0.00000000 -0.45740000
vn 0.78450000 -0.00030000 -0.62020000
vn 0.78450000 -0.00000000 -0.62010000
vn 0.96070000 -0.00010000 -0.27750000
vn 0.96070000 -0.00000000 -0.27750000
vn -0.99620000 -0.00000000 0.08720000
vn -0.99620000 -0.00000000 0.08720000
vn -0.99620000 -0.00000000 0.08710000
vn -0.99620000 -0.00000000 0.08710000
vn -0.99620000 0.00020000 0.08690000
vn -0.99620000 -0.00000000 0.08720000
vn -0.99620000 -0.00000000 0.08720000
vn -0.99620000 -0.00000000 0.08720000
vn -0.99620000 -0.00000000 0.08720000
vn -0.99620000 -0.00000000 0.08720000
vn -0.99620000 -0.00000000 0.08700000
vn -0.99620000 -0.00000000 0.08730000
vn -0.99620000 -0.00000000 0.08730000
vn -0.99620000 0.00010000 0.08700000
vn -0.99620000 -0.00020000 0.08680000
vn -0.99620000 -0.00000000 0.08720000
vn -0.99620000 -0.00000000 0.08720000
vn -0.99620000 -0.00000000 0.08720000
vn -0.99620000 -0.00000000 0.08720000
vn -0.99620000 -0.00000000 0.08720000
vn -0.99620000 -0.00000000 0.08720000
vn -0.99620000 -0.00000000 0.08720000
vn -0.99620000 -0.00000000 0.08720000
vn -0.99620000 0.00010000 0.08760000
vn -0.99620000 -0.00000000 0.08720000
vn -0.99620000 0.00010000 0.08740000
vn -0.99620000 0.00010000 0.08700000
vn -0.99620000 -0.00000000 0.08730000
vn -0.99620000 -0.00000000 0.08710000
vn -0.99620000 0.00010000 0.08720000
vn -0.99620000 -0.00000000 0.08710000
vn -0.99620000 -0.00000000 0.08720000
vn -0.99620000 -0.00000000 0.08720000
vn -0.99620000 -0.00000000 0.08720000
vn -0.99620000 -0.00000000 0.08720000
vn -0.99620000 0.00010000 0.08710000
vn -0.99620000 0.00010000 0.08710000
vn -0.99620000 -0.00000000 0.08700000
vn -0.99620000 -0.00000000 0.08710000
vn -0.99620000 -0.00000000 0.08680000
vn -0.99620000 0.00010000 0.08690000
vn -0.99620000 -0.00000000 0.08720000
vn -0.99620000 -0.00000000 0.08720000
vn -0.99620000 -0.00000000 0.08740000
vn -0.99620000 -0.00000000 0.08730000
vn -0.99620000 -0.00010000 0.08730000
vn -0.99620000 -0.00000000 0.08710000
vn -0.99620000 -0.00000000 0.08730000
vn -0.99620000 -0.00000000 0.08720000
vn -0.99620000 -0.00010000 0.08720000
vn -0.99620000 -0.00000000 0.08730000
vn -0.99620000 -0.00000000 0.08720000
vn -0.99620000 -0.00000000 0.08720000
vn -0.99620000 -0.00000000 0.08720000
vn -0.00000000 1.00000000 0.00010000
vn -0.00000000 1.00000000 0.00010000
vn -0.00000000 1.00000000 -0.00000000
vn -0.00000000 1.00000000 -0.00000000
vn -0.00000000 1.00000000 -0.00000000
vn -0.00000000 1.00000000 -0.00000000
vn -0.00000000 1.00000000 -0.00000000
vn -0.00000000 1.00000000 -0.00000000
vn -0.00000000 1.00000000 -0.00000000
vn -0.00000000 1.00000000 -0.00000000
vn -0.00000000 1.00000000 -0.00000000
vn -0.00000000 1.00000000 -0.00000000
vn -0.00000000 1.00000000 -0.00000000
vn -0.00000000 -1.00000000 -0.00000000
vn -0.00000000 -1.00000000 -0.00000000
vn -0.00000000 -1.00000000 -0.00000000
vn -0.00000000 -1.00000000 -0.00000000
vn -0.00000000 -1.00000000 -0.00000000
vn -0.00000000 -1.00000000 -0.00000000
vn -0.00000000 -1.00000000 -0.00000000
vn -0.00000000 -1.00000000 -0.00000000
vn -0.00000000 -1.00000000 -0.00000000
vn -0.00000000 -1.00000000 -0.00000000
vn -0.00000000 -1.00000000 -0.00000000
vn -0.00000000 -1.00000000 -0.00000000
vn -0.00000000 -1.00000000 -0.00000000
vn -0.00000000 -1.00000000 -0.00000000
vn -0.00000000 -1.00000000 -0.00000000
vn -0.00000000 -1.00000000 -0.00000000
vn -0.00000000 -1.00000000 -0.00000000
vn -0.00000000 -1.00000000 -0.00000000
vn -0.00000000 -1.00000000 -0.00000000
vn -0.00000000 -1.00000000 -0.00000000
vn -0.00000000 -1.00000000 -0.00000000
vn -0.00000000 -1.00000000 -0.00000000
vn -0.00000000 -1.00000000 -0.00000000
vn -0.00000000 -1.00000000 -0.00000000
vn -0.00000000 -1.00000000 -0.00000000
vn -0.00000000 -1.00000000 -0.00000000
vn -0.00000000 -1.00000000 -0.00000000
vn -0.00000000 -1.00000000 -0.00000000
vn -0.00000000 -1.00000000 -0.00000000
vn -0.00000000 -1.00000000 -0.00000000
vn -0.00000000 -1.00000000 -0.00000000
vn -0.00000000 -1.00000000 -0.00000000
vn -0.00000000 -1.00000000 -0.00000000
vn -0.00000000 -1.00000000 -0.00000000
vn -0.00000000 -1.00000000 -0.00000000
vn -0.00000000 -1.00000000 -0.00000000
vn -0.00000000 -1.00000000 -0.00000000
vn -0.00000000 -1.00000000 -0.00000000
vn -0.00000000 -1.00000000 -0.00000000
vn -0.00000000 -1.00000000 -0.00000000
vn -0.00000000 -1.00000000 -0.00000000
vn -0.00000000 -1.00000000 -0.00000000
vn -0.00000000 -1.00000000 -0.00000000
vn -0.00000000 -1.00000000 -0.00000000
vn 0.08700000 -0.00000000 0.99620000
vn 0.08710000 -0.00000000 0.99620000
vn -0.31260000 -0.00000000 0.94990000
vn -0.65030000 -0.00000000 0.75960000
vn -0.88930000 -0.00000000 0.45730000
vn -0.99620000 -0.00000000 0.08730000
vn -0.99620000 -0.00000000 0.08720000
vn 0.08710000 -0.00000000 0.99620000
vn 0.08710000 -0.00000000 0.99620000
vn -0.22500000 -0.00000000 0.97440000
vn -0.51500000 -0.00000000 0.85720000
vn -0.75470000 -0.00000000 0.65610000
vn -0.92050000 -0.00000000 0.39070000
vn -0.31260000 -0.00000000 0.94990000
vn -0.11480000 -0.00000000 0.99340000
vn -0.11500000 -0.00000000 0.99340000
vn -0.65040000 0.00010000 0.75960000
vn -0.49070000 -0.00000000 0.87130000
vn -0.49080000 -0.00000000 0.87130000
vn -0.88930000 0.00010000 0.45740000
vn -0.78440000 -0.00000000 0.62030000
vn -0.78450000 -0.00000000 0.62010000
vn -0.96090000 -0.00000000 0.27700000
vn -0.96080000 -0.00000000 0.27730000
vn -0.99620000 -0.00000000 0.08720000
vn -0.99620000 -0.00000000 0.08720000
vn -0.92110000 -0.00000000 0.38930000
vn -0.75670000 -0.00000000 0.65380000
vn -0.88930000 -0.00000000 0.45740000
vn -0.96080000 -0.00000000 0.27730000
vn -0.65030000 -0.00000000 0.75970000
vn -0.78450000 -0.00000000 0.62020000
vn -0.37600000 -0.00000000 0.92660000
vn -0.31270000 -0.00000000 0.94990000
vn -0.49080000 -0.00000000 0.87130000
vn -0.11510000 -0.00000000 0.99340000
vn 0.99620000 -0.00000000 -0.08730000
vn 0.99620000 -0.00000000 -0.08730000
vn 0.99620000 -0.00000000 -0.08730000
vn 0.99620000 -0.00000000 -0.08730000
vn 0.99620000 -0.00000000 -0.08730000
vn 0.99620000 -0.00000000 -0.08730000
vn 0.99620000 -0.00000000 -0.08730000
vn 0.99620000 -0.00000000 -0.08730000
vn 0.99620000 -0.00000000 -0.08730000
vn 0.99620000 -0.00000000 -0.08730000
vn 0.99620000 -0.00000000 -0.08730000
vn 0.99620000 -0.00000000 -0.08730000
vn 0.99620000 -0.00000000 -0.08730000
vn 0.99620000 -0.00000000 -0.08730000
vn 0.99620000 -0.00000000 -0.08730000
vn 0.99620000 -0.00000000 -0.08730000
vn 0.99620000 -0.00000000 -0.08730000
vn 0.99620000 -0.00000000 -0.08730000
vn -0.99620000 -0.00000000 0.08700000
vn -0.99620000 -0.00000000 0.08710000
vn -0.94990000 -0.00000000 -0.31270000
vn -0.75970000 -0.00000000 -0.65030000
vn -0.45730000 -0.00000000 -0.88930000
vn -0.08700000 -0.00000000 -0.99620000
vn 0.31270000 -0.00000000 -0.94990000
vn 0.65030000 -0.00000000 -0.75970000
vn 0.88930000 -0.00000000 -0.45730000
vn 0.99620000 -0.00000000 -0.08730000
vn 0.99620000 -0.00000000 -0.08720000
vn 0.99620000 -0.00000000 -0.08720000
vn 0.99620000 -0.00000000 -0.08720000
vn 0.92110000 -0.00000000 -0.38930000
vn 0.75670000 -0.00000000 -0.65380000
vn 0.88930000 -0.00000000 -0.45740000
vn 0.96070000 -0.00000000 -0.27750000
vn 0.96080000 0.00010000 -0.27720000
vn 0.65030000 -0.00000000 -0.75970000
vn 0.78440000 -0.00000000 -0.62030000
vn 0.78450000 -0.00000000 -0.62020000
vn 0.37600000 -0.00000000 -0.92660000
vn -0.08720000 -0.00000000 -0.99620000
vn -0.53120000 -0.00000000 -0.84720000
vn -0.85870000 -0.00000000 -0.51240000
vn 0.31270000 -0.00000000 -0.94990000
vn 0.49050000 -0.00000000 -0.87150000
vn 0.49080000 -0.00000000 -0.87130000
vn -0.08720000 -0.00000000 -0.99620000
vn -0.45730000 -0.00000000 -0.88930000
vn -0.27760000 -0.00000000 -0.96070000
vn -0.27740000 -0.00000000 -0.96080000
vn -0.75970000 -0.00000000 -0.65030000
vn -0.62000000 -0.00000000 -0.78460000
vn -0.62010000 -0.00000000 -0.78450000
vn -0.94990000 -0.00000000 -0.31270000
vn -0.87110000 -0.00000000 -0.49100000
vn -0.87130000 -0.00000000 -0.49080000
vn -0.97470000 -0.00000000 -0.22350000
vn -0.99330000 -0.00000000 -0.11550000
vn -0.99340000 0.00010000 -0.11500000
vn -0.99620000 -0.00000000 0.08710000
vn -0.99620000 -0.00000000 0.08710000
vn -0.96590000 -0.00000000 -0.25880000
vn -0.81920000 -0.00000000 -0.57360000
vn -0.57360000 -0.00000000 -0.81920000
vn -0.25880000 -0.00000000 -0.96590000
vn 0.08720000 -0.00000000 -0.99620000
vn 0.42260000 -0.00000000 -0.90630000
vn 0.70710000 -0.00000000 -0.70710000
vn 0.90630000 -0.00000000 -0.42260000
vn -0.94990000 -0.00000000 -0.31270000
vn -0.99340000 -0.00020000 -0.11480000
vn -0.75970000 -0.00000000 -0.65030000
vn -0.87130000 -0.00000000 -0.49080000
vn -0.45740000 -0.00000000 -0.88930000
vn -0.62010000 -0.00000000 -0.78450000
vn -0.08720000 -0.00000000 -0.99620000
vn -0.27740000 -0.00000000 -0.96080000
vn 0.31260000 -0.00000000 -0.94990000
vn 0.11510000 -0.00000000 -0.99340000
vn 0.11510000 -0.00000000 -0.99340000
vn 0.65030000 -0.00000000 -0.75970000
vn 0.49080000 -0.00000000 -0.87130000
vn 0.88930000 -0.00000000 -0.45740000
vn 0.78450000 -0.00000000 -0.62010000
vn 0.96100000 0.00010000 -0.27660000
vn -0.99620000 -0.00000000 0.08730000
vn -0.99620000 -0.00000000 0.08700000
vn -0.99620000 -0.00000000 0.08730000
vn -0.99620000 -0.00000000 0.08730000
vn -0.99620000 -0.00000000 0.08730000
vn -0.99620000 -0.00000000 0.08730000
vn -0.99620000 -0.00000000 0.08730000
vn -0.99620000 -0.00000000 0.08700000
vn -0.99620000 -0.00000000 0.08730000
vn -0.99620000 -0.00000000 0.08730000
vn -0.99620000 -0.00000000 0.08730000
vn -0.99620000 -0.00000000 0.08730000
vn -0.99620000 -0.00000000 0.08730000
vn -0.99620000 -0.00000000 0.08730000
vn -0.99620000 -0.00000000 0.08730000
vn -0.99620000 -0.00000000 0.08730000
vn -0.99620000 -0.00000000 0.08730000
vn -0.99620000 -0.00000000 0.08730000
vn -0.00000000 1.00000000 -0.00000000
vn -0.00000000 1.00000000 -0.00000000
vn -0.00000000 1.00000000 -0.00000000
vn -0.00000000 1.00000000 -0.00000000
vn -0.00000000 1.00000000 -0.00000000
vn -0.00000000 1.00000000 -0.00000000
vn -0.00000000 1.00000000 -0.00000000
vn -0.00000000 1.00000000 -0.00000000
vn -0.00000000 1.00000000 -0.00000000
vn -0.00000000 1.00000000 -0.00000000
vn -0.00000000 1.00000000 -0.00000000
vn -0.00000000 1.00000000 -0.00000000
vn -0.00000000 1.00000000 -0.00000000
vn -0.00000000 1.00000000 -0.00000000
vn -0.00000000 1.00000000 -0.00000000
vn -0.00000000 1.00000000 -0.00000000
vn -0.00000000 1.00000000 -0.00000000
vn -0.00000000 1.00000000 -0.00000000
vn -0.00000000 1.00000000 -0.00000000
vn -0.00000000 1.00000000 -0.00000000
vn -0.00000000 1.00000000 -0.00000000
vn -0.00000000 1.00000000 -0.00000000
vn -0.00000000 1.00000000 -0.00000000
vn -0.00000000 1.00000000 -0.00000000
vn -0.00000000 1.00000000 -0.00000000
vn -0.00000000 1.00000000 -0.00000000
vn -0.00000000 1.00000000 -0.00000000
vn -0.00000000 1.00000000 -0.00000000
vn -0.00000000 1.00000000 -0.00000000
vn -0.00000000 1.00000000 -0.00000000
vn -0.00000000 1.00000000 -0.00000000
vn -0.00000000 1.00000000 -0.00000000
vn -0.00000000 1.00000000 -0.00000000
vn -0.00000000 1.00000000 -0.00000000
vn -0.00000000 1.00000000 -0.00000000
vn -0.00000000 1.00000000 -0.00000000
vn -0.00000000 1.00000000 -0.00000000
vn -0.00000000 1.00000000 -0.00000000
vn -0.00000000 1.00000000 -0.00000000
vn -0.00000000 1.00000000 -0.00000000
vn -0.00000000 1.00000000 -0.00000000
vn -0.00000000 1.00000000 -0.00000000
vn -0.00000000 1.00000000 -0.00000000
vn -0.00000000 1.00000000 -0.00000000
vn -0.00000000 1.00000000 -0.00000000
vn -0.00000000 1.00000000 -0.00000000
vn -0.00000000 1.00000000 -0.00000000
vn -0.00000000 1.00000000 -0.00000000
vn -0.00000000 1.00000000 -0.00000000
vn -0.00000000 1.00000000 -0.00000000
vn -0.00000000 1.00000000 -0.00000000
vn -0.08710000 -0.00000000 -0.99620000
vn -0.08700000 -0.00000000 -0.99620000
vn 0.99620000 -0.00000000 -0.08720000
vn 0.08720000 -0.00000000 0.99620000
vn 0.08730000 -0.00000000 0.99620000
vn -0.08710000 -0.00000000 -0.99620000
vn 0.08730000 -0.00000000 0.99620000
vn 0.12180000 -0.00000000 -0.99260000
vn 0.32570000 -0.00000000 -0.94550000
vn 0.51500000 -0.00000000 -0.85720000
vn 0.68200000 -0.00000000 -0.73130000
vn 0.81910000 -0.00000000 -0.57360000
vn 0.92050000 -0.00000000 -0.39070000
vn 0.98160000 -0.00000000 -0.19080000
vn 0.99980000 -0.00000000 0.01750000
vn 0.97440000 -0.00000000 0.22500000
vn 0.90630000 -0.00000000 0.42270000
vn 0.79860000 -0.00000000 0.60180000
vn 0.65600000 -0.00000000 0.75480000
vn 0.48490000 -0.00000000 0.87460000
vn 0.29230000 -0.00010000 0.95630000
vn 0.46180000 -0.00000000 0.88700000
vn 0.76600000 -0.00000000 0.64280000
vn 0.95370000 -0.00000000 0.30070000
vn 0.88700000 -0.00000000 -0.46170000
vn 0.64280000 -0.00000000 -0.76600000
vn 0.30070000 -0.00000000 -0.95370000
vn -0.00000000 1.00000000 0.00010000
vn -0.00000000 1.00000000 -0.00000000
vn -0.00000000 1.00000000 -0.00000000
vn -0.00000000 1.00000000 -0.00000000
vn -0.00000000 1.00000000 -0.00000000
vn -0.00000000 1.00000000 -0.00000000
vn -0.00000000 1.00000000 -0.00000000
vn -0.00000000 1.00000000 -0.00000000
vn -0.00000000 1.00000000 -0.00000000
vn -0.00000000 1.00000000 -0.00000000
vn -0.00000000 1.00000000 -0.00000000
vn -0.00000000 1.00000000 -0.00000000
vn -0.00000000 1.00000000 -0.00000000
vn -0.00000000 1.00000000 -0.00000000
vn -0.00000000 1.00000000 -0.00000000
vn -0.00000000 1.00000000 -0.00000000
vn -0.00000000 1.00000000 -0.00000000
vn -0.00000000 1.00000000 -0.00000000
vn -0.00000000 1.00000000 -0.00000000
vn -0.00000000 1.00000000 -0.00000000
vn -0.00000000 1.00000000 -0.00000000
vn -0.00000000 1.00000000 -0.00000000
vn -0.00000000 1.00000000 -0.00000000
vn -0.00000000 1.00000000 -0.00000000
vn -0.00000000 1.00000000 -0.00000000
vn -0.00000000 1.00000000 -0.00000000
vn -0.00000000 1.00000000 -0.00000000
vn -0.00000000 1.00000000 -0.00000000
vn -0.00000000 1.00000000 -0.00000000
vn -0.00000000 1.00000000 -0.00000000
vn -0.00000000 1.00000000 -0.00000000
vn -0.00000000 1.00000000 -0.00000000
vn -0.00000000 1.00000000 -0.00000000
vn -0.00000000 1.00000000 -0.00000000
vn -0.00000000 1.00000000 -0.00000000
vn -0.00000000 1.00000000 -0.00000000
vn -0.00000000 1.00000000 -0.00000000
vn -0.00000000 1.00000000 -0.00000000
vn -0.00000000 1.00000000 -0.00000000
vn -0.00000000 1.00000000 -0.00000000
vn -0.00000000 1.00000000 -0.00000000
vn -0.00000000 1.00000000 -0.00000000
vn -0.00000000 1.00000000 -0.00000000
vn -0.00000000 1.00000000 -0.00000000
vn -0.00000000 1.00000000 -0.00000000
vn -0.00000000 1.00000000 -0.00000000
vn -0.00000000 1.00000000 -0.00000000
vn -0.00000000 1.00000000 -0.00000000
vn -0.00000000 1.00000000 -0.00000000
vn -0.00000000 1.00000000 -0.00000000
vn -0.00000000 1.00000000 -0.00000000
vn -0.00000000 1.00000000 -0.00000000
vn -0.00000000 1.00000000 -0.00000000
vn -0.00000000 1.00000000 -0.00000000
vn -0.00000000 1.00000000 -0.00000000
vn -0.00000000 1.00000000 -0.00000000
vn -0.00000000 1.00000000 -0.00000000
vn -0.00000000 1.00000000 -0.00000000
vn -0.51270000 0.61380000 -0.60030000
vn -0.67010000 0.74230000 -0.00000000
vn -0.72270000 0.28180000 -0.63110000
vn -0.68700000 0.24570000 -0.68390000
vn -0.66610000 0.22400000 -0.71140000
vn -0.64990000 0.21600000 -0.72870000
vn -0.66700000 0.21210000 -0.71420000
vn -0.90150000 0.43280000 -0.00010000
vn -0.86160000 -0.05800000 -0.50430000
vn -0.83360000 -0.08730000 -0.54540000
vn -0.81500000 -0.10730000 -0.56950000
vn -0.79840000 -0.10990000 -0.59200000
vn -0.81210000 -0.13100000 -0.56860000
vn -0.99840000 0.05630000 -0.00000000
vn -0.86930000 -0.39550000 -0.29650000
vn -0.85300000 -0.41250000 -0.31980000
vn -0.83930000 -0.42700000 -0.33660000
vn -0.82840000 -0.42990000 -0.35900000
vn -0.82870000 -0.44880000 -0.33450000
vn -0.94190000 -0.33600000 -0.00000000
vn -0.74310000 -0.66760000 -0.04580000
vn -0.74060000 -0.67010000 -0.04940000
vn -0.73570000 -0.67510000 -0.05530000
vn -0.72900000 -0.68110000 -0.06800000
vn -0.71790000 -0.69270000 -0.06950000
vn -0.74130000 -0.67110000 -0.00000000
vn -0.50180000 -0.83820000 0.21350000
vn -0.51350000 -0.82710000 0.22860000
vn -0.52070000 -0.82010000 0.23720000
vn -0.51400000 -0.82390000 0.23890000
vn -0.49160000 -0.85160000 0.18170000
vn -0.42580000 -0.90480000 -0.00000000
vn -0.18180000 -0.87910000 0.44060000
vn -0.20510000 -0.85780000 0.47130000
vn -0.22560000 -0.83840000 0.49610000
vn -0.21940000 -0.83260000 0.50860000
vn -0.16380000 -0.91310000 0.37340000
vn 0.04310000 0.99910000 -0.00000000
vn 0.16570000 -0.78350000 0.59890000
vn 0.13560000 -0.75590000 0.64050000
vn 0.10460000 -0.72630000 0.67930000
vn 0.10370000 -0.71080000 0.69570000
vn 0.22310000 -0.85250000 0.47280000
vn -0.34590000 0.93830000 -0.00000000
vn 0.51260000 -0.61380000 0.60040000
vn -0.67010000 0.74230000 -0.00000000
vn -0.83960000 0.36250000 -0.40460000
vn -0.79140000 0.61130000 -0.00010000
vn -0.54240000 0.38960000 -0.74430000
vn -0.72240000 0.54920000 -0.42020000
vn -0.94380000 -0.01830000 -0.33000000
vn -0.96580000 0.25930000 -0.00000000
vn -0.75100000 0.04900000 -0.65850000
vn -0.90800000 0.18440000 -0.37610000
vn -0.89740000 -0.38970000 -0.20690000
vn -0.99060000 -0.13660000 -0.00010000
vn -0.83690000 -0.29210000 -0.46280000
vn -0.93940000 -0.20440000 -0.27520000
vn -0.72700000 -0.68470000 -0.05200000
vn -0.85910000 -0.51180000 -0.00000000
vn -0.78890000 -0.57960000 -0.20440000
vn -0.82620000 -0.54720000 -0.13420000
vn -0.47410000 -0.86700000 0.15330000
vn -0.59360000 -0.80480000 -0.00000000
vn -0.61720000 -0.78430000 0.06220000
vn -0.60580000 -0.79450000 0.04160000
vn -0.27540000 -0.70170000 0.65710000
vn 0.23320000 0.97240000 -0.00000000
vn -0.33380000 -0.89670000 0.29070000
vn -0.34040000 -0.88240000 0.32490000
vn -0.42520000 0.84180000 0.33260000
vn -0.16500000 0.98630000 -0.00000000
vn 0.03760000 -0.89830000 0.43780000
vn -0.36430000 0.50080000 0.78520000
vn -0.53020000 0.84790000 -0.00000000
vn 0.41740000 -0.76460000 0.49110000
vn -0.55730000 0.81520000 0.15770000
vn -0.00020000 0.99000000 0.14100000
vn 0.13710000 0.99060000 -0.00000000
vn -0.10330000 0.54880000 0.82960000
vn -0.29200000 -0.83950000 0.45830000
vn 0.05660000 0.96290000 0.26390000
vn 0.33000000 0.94400000 -0.00000000
vn -0.45390000 -0.88000000 0.14020000
vn -0.40400000 -0.88570000 0.22890000
vn -0.39590000 -0.84740000 0.35390000
vn -0.18320000 0.98190000 0.04880000
vn -0.06390000 0.99800000 -0.00000000
vn -0.32360000 -0.20260000 0.92430000
vn -0.09070000 0.99260000 0.08130000
vn 0.16880000 -0.81650000 0.55210000
vn -0.38430000 0.77540000 0.50110000
vn 0.00340000 -0.87790000 0.47880000
vn 0.13320000 -0.87870000 0.45830000
vn 0.08850000 -0.85050000 0.51850000
vn 0.15720000 -0.76590000 0.62350000
vn -0.19020000 -0.86470000 0.46490000
vn -0.04940000 -0.78340000 0.61950000
vn -0.00730000 -0.82840000 0.56010000
vn 0.34640000 -0.71220000 0.61050000
vn -0.49040000 0.84360000 0.21890000
vn 0.32620000 -0.81170000 0.48440000
vn 0.26210000 -0.76700000 0.58570000
vn 0.26630000 -0.60390000 0.75120000
vn 0.32960000 -0.66680000 0.66840000
vn -0.61960000 0.77500000 0.12410000
vn 0.49680000 -0.71320000 0.49450000
vn 0.42180000 -0.65460000 0.62740000
vn 0.18630000 0.80050000 0.56960000
vn 0.37810000 0.92580000 -0.00000000
vn -0.43900000 -0.89000000 0.12350000
vn -0.42030000 -0.88220000 0.21230000
vn -0.40260000 -0.85510000 0.32680000
vn -0.51150000 -0.85930000 -0.00000000
vn -0.59830000 -0.80090000 0.02550000
vn -0.54050000 -0.83610000 0.09430000
vn -0.52490000 -0.84840000 0.06830000
vn -0.64830000 0.75280000 0.11390000
vn -0.38250000 0.32460000 0.86500000
vn 0.45620000 -0.62530000 0.63310000
vn -0.41430000 0.37000000 0.83150000
vn -0.60530000 0.79600000 -0.00000000
vn -0.53380000 0.84560000 -0.00650000
vn -0.60720000 0.79450000 -0.01130000
vn 0.13130000 0.50420000 0.85350000
vn -0.00000000 -0.00000000 -0.00000000
vn -0.43070000 -0.89710000 0.09840000
vn -0.42020000 -0.88840000 0.18470000
vn -0.40830000 -0.88660000 0.21750000
vn -0.46910000 -0.88320000 -0.00000000
vn -0.51630000 -0.85530000 0.04340000
vn -0.48860000 -0.86690000 0.09840000
vn -0.47680000 -0.87620000 0.07040000
vn 0.36980000 0.91980000 0.13120000
vn 0.39010000 0.92080000 -0.00000000
vn -0.39260000 -0.86070000 0.32420000
vn -0.37910000 -0.79850000 0.46760000
vn 0.34600000 0.85730000 0.38120000
vn 0.32030000 0.94190000 0.10100000
vn 0.35410000 0.93520000 -0.00000000
vn -0.31150000 -0.46460000 0.82890000
vn 0.33380000 0.92450000 0.18400000
vn 0.21460000 0.97080000 0.10750000
vn 0.28160000 0.95950000 -0.00000000
vn -0.37460000 -0.58930000 0.71580000
vn 0.24880000 0.95120000 0.18260000
vn -0.41400000 -0.91030000 -0.00000000
vn -0.42740000 -0.90140000 0.06930000
vn -0.41990000 -0.89710000 0.13710000
vn -0.41550000 -0.90210000 0.11670000
vn -0.44750000 -0.89430000 -0.00000000
vn -0.47160000 -0.88070000 0.04410000
vn -0.45750000 -0.88450000 0.09150000
vn -0.45100000 -0.89030000 0.06260000
vn -0.63190000 0.71660000 -0.29520000
vn -0.51210000 0.61720000 -0.59730000
vn -0.37010000 0.47410000 -0.79890000
vn -0.41070000 0.50750000 -0.75740000
vn -0.41710000 0.51860000 -0.74640000
vn -0.41750000 0.52040000 -0.74490000
vn -0.42360000 0.52660000 -0.73700000
vn -0.43450000 0.53690000 -0.72310000
vn -0.44960000 0.55130000 -0.70280000
vn -0.46620000 0.56730000 -0.67880000
vn -0.48220000 0.58290000 -0.65400000
vn -0.49760000 0.59840000 -0.62790000
vn 0.49640000 -0.59720000 0.63010000
vn 0.48120000 -0.58200000 0.65560000
vn 0.46690000 -0.56810000 0.67770000
vn 0.45370000 -0.55550000 0.69680000
vn 0.44070000 -0.54320000 0.71470000
vn 0.42690000 -0.53010000 0.73260000
vn 0.41240000 -0.51540000 0.75120000
vn 0.39680000 -0.49890000 0.77050000
vn 0.39380000 -0.49150000 0.77680000
vn 0.49170000 -0.58590000 0.64420000
vn 0.21830000 -0.33070000 0.91810000
vn -0.03340000 -0.06430000 0.99740000
vn -0.34020000 0.28090000 0.89740000
vn -0.54090000 0.52480000 0.65730000
vn -0.62560000 0.63910000 0.44740000
vn -0.42720000 0.38550000 0.81790000
vn 0.26160000 -0.43100000 0.86360000
vn 0.47270000 -0.61070000 0.63540000
vn 0.27080000 -0.41210000 0.87000000
vn 0.48940000 -0.71150000 0.50420000
vn 0.53220000 -0.68640000 0.49550000
vn 0.52550000 -0.68430000 0.50550000
vn 0.39020000 -0.72890000 0.56260000
vn 0.40140000 -0.61340000 0.68010000
vn 0.46570000 -0.67730000 0.56960000
vn -0.43290000 0.39180000 0.81190000
vn -0.03650000 -0.07950000 0.99620000
vn 0.27560000 -0.40300000 0.87270000
vn -0.03820000 -0.06820000 0.99690000
vn -0.66210000 0.74130000 0.11020000
vn -0.63630000 0.70960000 0.30250000
vn -0.64860000 0.70200000 0.29420000
vn -0.64020000 0.76810000 -0.01280000
vn -0.61140000 0.79120000 0.01110000
vn -0.64320000 0.76570000 0.00770000
vn -0.03890000 -0.06280000 0.99730000
vn 0.14600000 -0.26800000 0.95230000
vn 0.27800000 -0.39860000 0.87400000
vn 0.14710000 -0.26300000 0.95350000
vn 0.40920000 -0.55080000 0.72750000
vn 0.48070000 -0.60330000 0.63630000
vn 0.41640000 -0.54300000 0.72920000
vn 0.50730000 -0.67030000 0.54160000
vn 0.54260000 -0.67060000 0.50590000
vn 0.52440000 -0.65630000 0.54250000
vn -0.43550000 0.39460000 0.80910000
vn -0.25200000 0.17480000 0.95180000
vn -0.25410000 0.17940000 0.95040000
vn -0.65450000 0.69800000 0.29070000
vn -0.60230000 0.62400000 0.49790000
vn -0.60790000 0.62290000 0.49240000
vn -0.61060000 0.62220000 0.48990000
vn -0.54690000 0.53800000 0.64140000
vn -0.54960000 0.53880000 0.63850000
vn -0.65740000 0.69590000 0.28910000
vn -0.63890000 0.67060000 0.37710000
vn -0.64170000 0.66900000 0.37500000
vn -0.66870000 0.73560000 0.10860000
vn -0.65990000 0.72970000 0.17890000
vn -0.66630000 0.72450000 0.17660000
vn -0.65830000 0.75270000 0.00640000
vn -0.64590000 0.76230000 0.04050000
vn -0.66050000 0.74980000 0.03840000
vn -0.70040000 0.40250000 -0.58940000
vn -0.85630000 0.09080000 -0.50840000
vn -0.89740000 -0.29970000 -0.32380000
vn -0.74360000 -0.66700000 -0.04680000
vn -0.41490000 -0.87730000 0.24120000
vn -0.03600000 -0.89120000 0.45220000
vn 0.28390000 -0.77600000 0.56330000
vn -0.73990000 0.29850000 -0.60290000
vn -0.60110000 0.44980000 -0.66060000
vn -0.61930000 0.46760000 -0.63070000
vn 0.33910000 -0.68440000 0.64550000
vn 0.18180000 -0.79980000 0.57210000
vn 0.35630000 -0.70160000 0.61700000
vn 0.08720000 -0.00000000 0.99620000
vn -0.01690000 -0.08140000 0.99650000
vn -0.15620000 -0.16290000 0.97420000
vn -0.51270000 0.61380000 -0.60030000
vn 0.45840000 -0.00000000 0.88880000
vn 0.45410000 -0.06250000 0.88870000
vn 0.43670000 -0.13900000 0.88880000
vn 0.39840000 -0.22650000 0.88880000
vn 0.32640000 -0.32140000 0.88890000
vn 0.21030000 -0.40630000 0.88920000
vn 0.06010000 -0.45230000 0.88980000
vn -0.09430000 -0.44500000 0.89060000
vn -0.24520000 -0.38280000 0.89070000
vn -0.36050000 -0.27770000 0.89050000
vn -0.43210000 -0.14430000 0.89020000
vn -0.45510000 -0.01840000 0.89030000
vn -0.44700000 0.07940000 0.89100000
vn -0.43130000 0.13530000 0.89200000
vn -0.41990000 0.16430000 0.89260000
vn -0.41660000 0.17060000 0.89300000
vn -0.42270000 0.15970000 0.89210000
vn -0.43660000 0.13430000 0.88960000
vn -0.45480000 0.09810000 0.88520000
vn -0.47440000 0.05320000 0.87870000
vn -0.49290000 0.00060000 0.87010000
vn -0.50600000 -0.04980000 0.86110000
vn -0.51380000 -0.09650000 0.85240000
vn -0.51710000 -0.13860000 0.84460000
vn -0.51700000 -0.16920000 0.83910000
vn -0.51560000 -0.18960000 0.83560000
vn -0.51400000 -0.20220000 0.83360000
vn -0.51370000 -0.20420000 0.83330000
vn -0.51540000 -0.19710000 0.83400000
vn -0.52000000 -0.18050000 0.83490000
vn -0.52840000 -0.15300000 0.83510000
vn -0.54170000 -0.11340000 0.83290000
vn -0.56080000 -0.05990000 0.82580000
vn -0.58700000 0.01150000 0.80950000
vn -0.62290000 0.10670000 0.77500000
vn -0.66660000 0.22340000 0.71120000
vn -0.71360000 0.35770000 0.60240000
vn -0.76900000 0.48040000 0.42180000
vn -0.80690000 0.54890000 0.21830000
vn -0.82020000 0.57190000 0.01020000
vn -0.81400000 0.55380000 -0.17530000
vn -0.80130000 0.50710000 -0.31730000
vn -0.78620000 0.44560000 -0.42830000
vn -0.77450000 0.37590000 -0.50880000
vn 0.76270000 -0.00000000 0.64680000
vn 0.75550000 -0.10420000 0.64680000
vn 0.72660000 -0.23160000 0.64680000
vn 0.66270000 -0.37740000 0.64680000
vn 0.54270000 -0.53550000 0.64710000
vn 0.34930000 -0.67730000 0.64750000
vn 0.09950000 -0.75460000 0.64860000
vn -0.15790000 -0.74350000 0.64980000
vn -0.40940000 -0.64030000 0.65000000
vn -0.60140000 -0.46500000 0.64970000
vn -0.72120000 -0.24180000 0.64920000
vn -0.76000000 -0.02830000 0.64930000
vn -0.74610000 0.14150000 0.65060000
vn -0.71760000 0.24370000 0.65240000
vn -0.69330000 0.30340000 0.65370000
vn -0.68080000 0.32760000 0.65510000
vn -0.68290000 0.32410000 0.65470000
vn -0.69690000 0.29840000 0.65210000
vn -0.71870000 0.25520000 0.64680000
vn -0.74390000 0.19750000 0.63850000
vn -0.76880000 0.12640000 0.62680000
vn -0.78730000 0.05500000 0.61410000
vn -0.79890000 -0.01460000 0.60120000
vn -0.80420000 -0.08090000 0.58890000
vn -0.80410000 -0.13410000 0.57920000
vn -0.80110000 -0.17620000 0.57200000
vn -0.79640000 -0.21130000 0.56660000
vn -0.79240000 -0.23270000 0.56390000
vn -0.78950000 -0.24530000 0.56260000
vn -0.78860000 -0.24870000 0.56240000
vn -0.79050000 -0.24240000 0.56240000
vn -0.79640000 -0.22540000 0.56110000
vn -0.80690000 -0.19610000 0.55720000
vn -0.82300000 -0.15200000 0.54740000
vn -0.84690000 -0.08860000 0.52440000
vn -0.87740000 -0.00720000 0.47980000
vn -0.91150000 0.09010000 0.40140000
vn -0.94900000 0.17500000 0.26230000
vn -0.97090000 0.21500000 0.10550000
vn -0.97400000 0.22040000 -0.05180000
vn -0.96240000 0.19470000 -0.18920000
vn -0.94520000 0.14690000 -0.29170000
vn -0.92560000 0.08770000 -0.36810000
vn -0.90760000 0.02180000 -0.41920000
vn 0.95400000 -0.00000000 0.29970000
vn 0.94510000 -0.13040000 0.29970000
vn 0.90890000 -0.29000000 0.29970000
vn 0.82880000 -0.47240000 0.29980000
vn 0.67860000 -0.67040000 0.30000000
vn 0.43670000 -0.84790000 0.30070000
vn 0.12410000 -0.94520000 0.30200000
vn -0.19810000 -0.93200000 0.30350000
vn -0.51290000 -0.80290000 0.30370000
vn -0.75380000 -0.58300000 0.30320000
vn -0.90350000 -0.30350000 0.30260000
vn -0.95240000 -0.03410000 0.30280000
vn -0.93480000 0.18300000 0.30430000
vn -0.89780000 0.31620000 0.30660000
vn -0.86400000 0.39790000 0.30870000
vn -0.84430000 0.43670000 0.31070000
vn -0.84190000 0.44110000 0.31090000
vn -0.85380000 0.41930000 0.30870000
vn -0.87570000 0.37560000 0.30340000
vn -0.90270000 0.31370000 0.29440000
vn -0.93040000 0.23490000 0.28150000
vn -0.95140000 0.15320000 0.26710000
vn -0.96510000 0.07130000 0.25200000
vn -0.97150000 -0.00950000 0.23670000
vn -0.97140000 -0.07760000 0.22430000
vn -0.96730000 -0.13510000 0.21440000
vn -0.96030000 -0.18770000 0.20640000
vn -0.95320000 -0.22550000 0.20160000
vn -0.94600000 -0.25630000 0.19860000
vn -0.93960000 -0.27960000 0.19730000
vn -0.93470000 -0.29570000 0.19710000
vn -0.93200000 -0.30410000 0.19730000
vn -0.93190000 -0.30430000 0.19720000
vn -0.93540000 -0.29490000 0.19520000
vn -0.94330000 -0.27390000 0.18750000
vn -0.95560000 -0.24100000 0.16940000
vn -0.97130000 -0.19640000 0.13420000
vn -0.98480000 -0.16350000 0.05910000
vn -0.98700000 -0.15860000 -0.02580000
vn -0.97920000 -0.17220000 -0.10700000
vn -0.96390000 -0.20130000 -0.17400000
vn -0.94470000 -0.24300000 -0.22020000
vn -0.92380000 -0.29050000 -0.24960000
vn -0.90220000 -0.34220000 -0.26260000
vn 0.99610000 -0.00000000 -0.08860000
vn 0.98670000 -0.13630000 -0.08860000
vn 0.94890000 -0.30290000 -0.08850000
vn 0.86530000 -0.49340000 -0.08840000
vn 0.70830000 -0.70040000 -0.08820000
vn 0.45570000 -0.88590000 -0.08730000
vn 0.12920000 -0.98790000 -0.08620000
vn -0.20740000 -0.97460000 -0.08460000
vn -0.53620000 -0.83990000 -0.08440000
vn -0.78730000 -0.61070000 -0.08490000
vn -0.94430000 -0.31770000 -0.08540000
vn -0.99580000 -0.03450000 -0.08530000
vn -0.97710000 0.19540000 -0.08400000
vn -0.93720000 0.33910000 -0.08180000
vn -0.89940000 0.42990000 -0.07890000
vn -0.87550000 0.47710000 -0.07670000
vn -0.86920000 0.48870000 -0.07590000
vn -0.87720000 0.47390000 -0.07730000
vn -0.89590000 0.43660000 -0.08190000
vn -0.92060000 0.38000000 -0.09010000
vn -0.94660000 0.30570000 -0.10210000
vn -0.96700000 0.22660000 -0.11640000
vn -0.98080000 0.14450000 -0.13120000
vn -0.98720000 0.06230000 -0.14690000
vn -0.98710000 -0.00980000 -0.16010000
vn -0.98250000 -0.07390000 -0.17100000
vn -0.97420000 -0.13560000 -0.18040000
vn -0.96510000 -0.18370000 -0.18650000
vn -0.95490000 -0.22770000 -0.19080000
vn -0.94420000 -0.26700000 -0.19310000
vn -0.93330000 -0.30270000 -0.19340000
vn -0.92260000 -0.33480000 -0.19160000
vn -0.91210000 -0.36430000 -0.18780000
vn -0.90240000 -0.39060000 -0.18200000
vn -0.89340000 -0.41440000 -0.17340000
vn -0.88590000 -0.43450000 -0.16260000
vn -0.88100000 -0.44860000 -0.15010000
vn -0.86860000 -0.47210000 -0.15030000
vn -0.85120000 -0.50260000 -0.15130000
vn -0.83380000 -0.53270000 -0.14500000
vn -0.81720000 -0.56090000 -0.13240000
vn -0.79910000 -0.58990000 -0.11590000
vn -0.77990000 -0.61870000 -0.09440000
vn -0.75820000 -0.64850000 -0.06780000
vn 0.88520000 -0.00000000 -0.46530000
vn 0.87690000 -0.12120000 -0.46520000
vn 0.84320000 -0.26940000 -0.46520000
vn 0.76890000 -0.43880000 -0.46500000
vn 0.62930000 -0.62280000 -0.46490000
vn 0.40480000 -0.78790000 -0.46400000
vn 0.11460000 -0.87890000 -0.46300000
vn -0.18480000 -0.86760000 -0.46170000
vn -0.47710000 -0.74790000 -0.46150000
vn -0.70040000 -0.54410000 -0.46190000
vn -0.84020000 -0.28320000 -0.46240000
vn -0.88620000 -0.02960000 -0.46230000
vn -0.86930000 0.17760000 -0.46130000
vn -0.83230000 0.31000000 -0.45950000
vn -0.79680000 0.39590000 -0.45640000
vn -0.77220000 0.44420000 -0.45430000
vn -0.76280000 0.46140000 -0.45300000
vn -0.76580000 0.45600000 -0.45340000
vn -0.77850000 0.43070000 -0.45660000
vn -0.79700000 0.38830000 -0.46260000
vn -0.81740000 0.33010000 -0.47220000
vn -0.83410000 0.26540000 -0.48360000
vn -0.84560000 0.19640000 -0.49640000
vn -0.85120000 0.12500000 -0.50980000
vn -0.85100000 0.05960000 -0.52170000
vn -0.84670000 -0.00110000 -0.53200000
vn -0.83840000 -0.06240000 -0.54140000
vn -0.82870000 -0.11340000 -0.54800000
vn -0.81700000 -0.16390000 -0.55290000
vn -0.80350000 -0.21340000 -0.55570000
vn -0.78830000 -0.26310000 -0.55620000
vn -0.77150000 -0.31420000 -0.55320000
vn -0.75220000 -0.36880000 -0.54610000
vn -0.73050000 -0.42690000 -0.53300000
vn -0.70600000 -0.49190000 -0.50950000
vn -0.67960000 -0.56210000 -0.47130000
vn -0.65480000 -0.63340000 -0.41240000
vn -0.61830000 -0.70980000 -0.33750000
vn -0.58370000 -0.77100000 -0.25470000
vn -0.55940000 -0.81320000 -0.16070000
vn -0.54420000 -0.83600000 -0.07030000
vn -0.53000000 -0.84800000 0.00710000
vn -0.51540000 -0.85360000 0.07600000
vn -0.49690000 -0.85670000 0.13840000
vn 0.63660000 -0.00000000 -0.77120000
vn 0.63060000 -0.08720000 -0.77120000
vn 0.60640000 -0.19390000 -0.77120000
vn 0.55280000 -0.31600000 -0.77110000
vn 0.45250000 -0.44830000 -0.77090000
vn 0.29100000 -0.56750000 -0.77030000
vn 0.08210000 -0.63320000 -0.76960000
vn -0.13340000 -0.62560000 -0.76860000
vn -0.34390000 -0.53960000 -0.76850000
vn -0.50460000 -0.39290000 -0.76880000
vn -0.60550000 -0.20470000 -0.76910000
vn -0.63890000 -0.02010000 -0.76900000
vn -0.62620000 0.13220000 -0.76840000
vn -0.59790000 0.23280000 -0.76700000
vn -0.57020000 0.30050000 -0.76460000
vn -0.54880000 0.34230000 -0.76270000
vn -0.53780000 0.36250000 -0.76120000
vn -0.53530000 0.36730000 -0.76060000
vn -0.53990000 0.35800000 -0.76180000
vn -0.54930000 0.33640000 -0.76490000
vn -0.56090000 0.30320000 -0.77030000
vn -0.57130000 0.26320000 -0.77740000
vn -0.57880000 0.21780000 -0.78580000
vn -0.58260000 0.16850000 -0.79510000
vn -0.58250000 0.12020000 -0.80390000
vn -0.57910000 0.07240000 -0.81210000
vn -0.57210000 0.02080000 -0.81990000
vn -0.56340000 -0.02520000 -0.82580000
vn -0.55190000 -0.07460000 -0.83060000
vn -0.53780000 -0.12650000 -0.83360000
vn -0.52070000 -0.18250000 -0.83400000
vn -0.50030000 -0.24470000 -0.83060000
vn -0.47500000 -0.31620000 -0.82120000
vn -0.44460000 -0.39720000 -0.80280000
vn -0.40830000 -0.49340000 -0.76800000
vn -0.36720000 -0.60310000 -0.70810000
vn -0.32620000 -0.72040000 -0.61200000
vn -0.27110000 -0.83830000 -0.47300000
vn -0.22480000 -0.92080000 -0.31870000
vn -0.19720000 -0.96860000 -0.15170000
vn -0.18560000 -0.98260000 0.00290000
vn -0.17760000 -0.97560000 0.12940000
vn -0.17000000 -0.95690000 0.23530000
vn -0.15750000 -0.93290000 0.32400000
vn 0.28960000 -0.00000000 -0.95710000
vn 0.28690000 -0.03980000 -0.95710000
vn 0.27580000 -0.08850000 -0.95710000
vn 0.25130000 -0.14420000 -0.95710000
vn 0.20560000 -0.20450000 -0.95700000
vn 0.13210000 -0.25920000 -0.95670000
vn 0.03690000 -0.28960000 -0.95640000
vn -0.06140000 -0.28690000 -0.95600000
vn -0.15740000 -0.24790000 -0.95590000
vn -0.23070000 -0.18080000 -0.95610000
vn -0.27700000 -0.09450000 -0.95620000
vn -0.29270000 -0.00750000 -0.95620000
vn -0.28640000 0.06650000 -0.95580000
vn -0.27150000 0.11950000 -0.95500000
vn -0.25550000 0.15860000 -0.95370000
vn -0.24060000 0.18750000 -0.95230000
vn -0.22980000 0.20740000 -0.95090000
vn -0.22200000 0.22170000 -0.94950000
vn -0.21780000 0.22990000 -0.94850000
vn -0.21670000 0.23240000 -0.94820000
vn -0.21780000 0.22940000 -0.94860000
vn -0.22010000 0.22030000 -0.95030000
vn -0.22260000 0.20550000 -0.95300000
vn -0.22410000 0.18580000 -0.95670000
vn -0.22400000 0.16210000 -0.96100000
vn -0.22200000 0.13440000 -0.96570000
vn -0.21740000 0.10070000 -0.97090000
vn -0.21100000 0.06670000 -0.97520000
vn -0.20160000 0.02630000 -0.97910000
vn -0.18890000 -0.02010000 -0.98180000
vn -0.17250000 -0.07370000 -0.98220000
vn -0.15160000 -0.13720000 -0.97890000
vn -0.12420000 -0.21460000 -0.96880000
vn -0.09010000 -0.30600000 -0.94780000
vn -0.04770000 -0.41840000 -0.90700000
vn 0.00180000 -0.55050000 -0.83480000
vn 0.05260000 -0.69570000 -0.71640000
vn 0.11760000 -0.83660000 -0.53500000
vn 0.16850000 -0.92760000 -0.33330000
vn 0.19510000 -0.97350000 -0.11910000
vn 0.20120000 -0.97660000 0.07560000
vn 0.20190000 -0.95170000 0.23150000
vn 0.20140000 -0.91180000 0.35790000
vn 0.20580000 -0.86420000 0.45910000
vn -0.08710000 -0.00000000 -0.99620000
vn 0.01690000 0.08140000 -0.99650000
vn 0.51260000 -0.61380000 0.60040000
vn 0.27210000 -0.36810000 0.88910000
vn 0.12090000 -0.23240000 0.96510000
vn 0.18740000 -0.18390000 0.96490000
vn 0.15630000 -0.21060000 0.96500000
vn 0.13600000 -0.43610000 0.88960000
vn 0.03480000 -0.25830000 0.96540000
vn 0.07840000 -0.24920000 0.96530000
vn -0.01910000 -0.45520000 0.89020000
vn -0.05350000 -0.25350000 0.96590000
vn -0.01050000 -0.25970000 0.96560000
vn -0.17390000 -0.41990000 0.89080000
vn -0.13990000 -0.21780000 0.96590000
vn -0.09900000 -0.23900000 0.96600000
vn -0.30820000 -0.33450000 0.89060000
vn -0.20590000 -0.15760000 0.96580000
vn -0.17600000 -0.19010000 0.96590000
vn -0.40280000 -0.21240000 0.89030000
vn -0.24670000 -0.08180000 0.96560000
vn -0.23010000 -0.12040000 0.96570000
vn -0.44870000 -0.07910000 0.89020000
vn -0.25950000 -0.01180000 0.96570000
vn -0.25600000 -0.04530000 0.96560000
vn 0.45250000 -0.61340000 0.64730000
vn 0.28150000 -0.54510000 0.78970000
vn 0.43720000 -0.43110000 0.78930000
vn 0.36470000 -0.49370000 0.78940000
vn 0.22560000 -0.72730000 0.64810000
vn 0.08030000 -0.60710000 0.79050000
vn 0.18210000 -0.58530000 0.79010000
vn -0.03260000 -0.75990000 0.64920000
vn -0.12690000 -0.59780000 0.79160000
vn -0.02600000 -0.61120000 0.79100000
vn -0.29060000 -0.70200000 0.65020000
vn -0.32930000 -0.51460000 0.79170000
vn -0.23360000 -0.56440000 0.79180000
vn -0.51430000 -0.55970000 0.64980000
vn -0.48380000 -0.37350000 0.79150000
vn -0.41370000 -0.44970000 0.79160000
vn -0.67190000 -0.35610000 0.64940000
vn -0.58020000 -0.19420000 0.79100000
vn -0.54060000 -0.28590000 0.79120000
vn 0.28180000 -0.91090000 0.30140000
vn 0.11360000 -0.86410000 0.49030000
vn 0.39960000 -0.77540000 0.48900000
vn 0.25800000 -0.83290000 0.48970000
vn -0.36440000 -0.88030000 0.30390000
vn -0.46860000 -0.73410000 0.49150000
vn -0.18100000 -0.85180000 0.49160000
vn -0.33310000 -0.80440000 0.49200000
vn -0.64420000 -0.70210000 0.30350000
vn -0.68900000 -0.53270000 0.49140000
vn -0.58890000 -0.64150000 0.49160000
vn -0.84160000 -0.44720000 0.30290000
vn -0.82600000 -0.27720000 0.49090000
vn -0.76930000 -0.40860000 0.49110000
vn -0.38100000 -0.92070000 -0.08420000
vn -0.53470000 -0.83740000 0.11370000
vn -0.20670000 -0.97180000 0.11350000
vn -0.38000000 -0.91800000 0.11390000
vn -0.33920000 -0.81980000 -0.46140000
vn -0.51640000 -0.80920000 -0.28030000
vn -0.19990000 -0.93880000 -0.28040000
vn -0.36700000 -0.88700000 -0.28010000
vn 0.37710000 -0.51370000 -0.77060000
vn 0.35300000 -0.68790000 -0.63420000
vn 0.52480000 -0.71330000 -0.46450000
vn 0.54900000 -0.54350000 -0.63500000
vn 0.45770000 -0.62270000 -0.63460000
vn 0.18760000 -0.60980000 -0.77000000
vn 0.09970000 -0.76730000 -0.63340000
vn 0.26110000 -0.84670000 -0.46360000
vn 0.22770000 -0.73910000 -0.63390000
vn -0.02840000 -0.63850000 -0.76910000
vn -0.16150000 -0.75780000 -0.63220000
vn -0.03900000 -0.88580000 -0.46240000
vn -0.03420000 -0.77360000 -0.63280000
vn -0.24460000 -0.59140000 -0.76840000
vn -0.41660000 -0.65340000 -0.63210000
vn -0.29620000 -0.71620000 -0.63190000
vn -0.43150000 -0.47220000 -0.76870000
vn -0.61150000 -0.47540000 -0.63250000
vn -0.59900000 -0.65420000 -0.46170000
vn -0.52290000 -0.57170000 -0.63220000
vn -0.56370000 -0.30140000 -0.76900000
vn -0.73370000 -0.24760000 -0.63280000
vn -0.78250000 -0.41730000 -0.46220000
vn -0.68320000 -0.36480000 -0.63260000
vn 0.17120000 -0.23460000 -0.95690000
vn 0.21140000 -0.41320000 -0.88580000
vn 0.32890000 -0.32630000 -0.88620000
vn 0.27410000 -0.37410000 -0.88600000
vn 0.08510000 -0.27870000 -0.95660000
vn 0.05940000 -0.46140000 -0.88520000
vn 0.13630000 -0.44410000 -0.88560000
vn -0.01350000 -0.29240000 -0.95620000
vn -0.09740000 -0.45620000 -0.88450000
vn -0.02100000 -0.46530000 -0.88490000
vn -0.11220000 -0.27150000 -0.95590000
vn -0.25060000 -0.39350000 -0.88450000
vn -0.17830000 -0.43130000 -0.88440000
vn -0.19730000 -0.21710000 -0.95600000
vn -0.36750000 -0.28680000 -0.88470000
vn -0.31430000 -0.34460000 -0.88460000
vn -0.25780000 -0.13900000 -0.95610000
vn -0.44110000 -0.14960000 -0.88490000
vn -0.41060000 -0.22020000 -0.88480000
vn -0.28820000 -0.05020000 -0.95630000
vn -0.46560000 -0.01370000 -0.88490000
vn -0.62940000 -0.11020000 -0.76920000
vn -0.45870000 -0.08010000 -0.88500000
vn 0.03980000 -0.08000000 -0.99600000
vn 0.06230000 -0.06290000 -0.99610000
vn 0.05180000 -0.07230000 -0.99600000
vn 0.01070000 -0.08990000 -0.99590000
vn 0.02550000 -0.08620000 -0.99600000
vn -0.01960000 -0.09000000 -0.99570000
vn -0.00470000 -0.09120000 -0.99580000
vn -0.04910000 -0.07830000 -0.99570000
vn -0.03520000 -0.08550000 -0.99570000
vn -0.07160000 -0.05760000 -0.99580000
vn -0.06120000 -0.06870000 -0.99580000
vn -0.08610000 -0.03030000 -0.99580000
vn -0.08000000 -0.04450000 -0.99580000
vn -0.09140000 -0.00040000 -0.99580000
vn -0.08990000 -0.01540000 -0.99580000
vn 0.31590000 -0.78390000 -0.53450000
vn 0.08050000 -0.77030000 -0.63260000
vn 0.24970000 -0.63950000 -0.72710000
vn 0.27850000 -0.71690000 -0.63910000
vn -0.52560000 0.64390000 -0.55600000
vn -0.52610000 0.67660000 -0.51520000
vn -0.52740000 0.70710000 -0.47100000
vn -0.52980000 0.73560000 -0.42220000
vn -0.53360000 0.76180000 -0.36730000
vn -0.54080000 0.80570000 -0.24160000
vn -0.54560000 0.83300000 -0.09180000
vn -0.54400000 0.83500000 0.08270000
vn -0.52740000 0.80650000 0.26730000
vn -0.49280000 0.74460000 0.45030000
vn -0.44070000 0.65100000 0.61800000
vn -0.39780000 0.53170000 0.74770000
vn -0.35460000 0.41220000 0.83930000
vn -0.31320000 0.30170000 0.90050000
vn -0.27570000 0.20260000 0.93960000
vn -0.24420000 0.11820000 0.96250000
vn -0.23110000 0.08220000 0.96940000
vn -0.21940000 0.04970000 0.97440000
vn -0.20900000 0.02010000 0.97770000
vn -0.19980000 -0.00700000 0.97980000
vn -0.19150000 -0.03190000 0.98100000
vn -0.18400000 -0.05510000 0.98140000
vn -0.17790000 -0.07530000 0.98120000
vn -0.17270000 -0.09320000 0.98050000
vn -0.16840000 -0.10920000 0.97970000
vn -0.16470000 -0.12330000 0.97860000
vn -0.16170000 -0.13570000 0.97750000
vn -0.15950000 -0.14630000 0.97630000
vn -0.15760000 -0.15540000 0.97520000
vn -0.15540000 -0.16860000 0.97340000
vn -0.15470000 -0.17300000 0.97270000
vn -0.15440000 -0.17620000 0.97220000
vn -0.15430000 -0.17810000 0.97180000
vn -0.15420000 -0.17870000 0.97170000
vn -0.15440000 -0.17780000 0.97190000
vn -0.15430000 -0.17560000 0.97230000
vn -0.15410000 -0.17190000 0.97300000
vn -0.15380000 -0.16700000 0.97390000
vn -0.15310000 -0.16150000 0.97490000
vn -0.15210000 -0.15520000 0.97610000
vn -0.15080000 -0.14820000 0.97740000
vn -0.14920000 -0.14050000 0.97880000
vn -0.14700000 -0.13220000 0.98030000
vn -0.14430000 -0.12320000 0.98180000
vn -0.14110000 -0.11350000 0.98350000
vn -0.13770000 -0.10380000 0.98500000
vn -0.13390000 -0.09430000 0.98650000
vn -0.13000000 -0.08500000 0.98790000
vn -0.12590000 -0.07600000 0.98910000
vn -0.11740000 -0.05860000 0.99140000
vn -0.10880000 -0.04210000 0.99320000
vn -0.10080000 -0.02780000 0.99450000
vn -0.09410000 -0.01580000 0.99540000
vn -0.08890000 -0.00610000 0.99600000
vn -0.08520000 0.00140000 0.99640000
vn -0.08320000 0.00590000 0.99650000
vn -0.08230000 0.00780000 0.99660000
vn -0.08280000 0.00660000 0.99650000
vn -0.08350000 0.00160000 0.99650000
vn -0.08370000 -0.00680000 0.99650000
vn -0.08230000 -0.01730000 0.99650000
vn -0.07850000 -0.02980000 0.99650000
vn -0.07150000 -0.04340000 0.99650000
vn -0.06160000 -0.05610000 0.99650000
vn -0.04900000 -0.06710000 0.99650000
vn -0.03380000 -0.07550000 0.99660000
vn 0.00180000 -0.08420000 0.99640000
vn 0.02160000 -0.08240000 0.99640000
vn 0.04120000 -0.07560000 0.99630000
vn 0.05850000 -0.06390000 0.99620000
vn 0.06590000 -0.05660000 0.99620000
vn 0.07200000 -0.04880000 0.99620000
vn 0.07710000 -0.04050000 0.99620000
vn 0.08100000 -0.03210000 0.99620000
vn 0.08390000 -0.02360000 0.99620000
vn 0.08580000 -0.01540000 0.99620000
vn 0.08690000 -0.00750000 0.99620000
vn -0.08680000 0.00750000 -0.99620000
vn -0.08570000 0.01540000 -0.99620000
vn -0.08380000 0.02360000 -0.99620000
vn -0.08080000 0.03210000 -0.99620000
vn -0.07700000 0.04050000 -0.99620000
vn -0.07200000 0.04870000 -0.99620000
vn -0.06590000 0.05660000 -0.99620000
vn -0.05850000 0.06390000 -0.99620000
vn -0.05020000 0.07020000 -0.99630000
vn -0.04110000 0.07550000 -0.99630000
vn -0.02160000 0.08240000 -0.99640000
vn -0.00170000 0.08420000 -0.99650000
vn 0.03380000 0.07550000 -0.99660000
vn 0.04890000 0.06710000 -0.99650000
vn 0.06160000 0.05610000 -0.99650000
vn 0.07140000 0.04340000 -0.99650000
vn 0.07850000 0.02980000 -0.99650000
vn 0.08220000 0.01730000 -0.99650000
vn 0.08360000 0.00680000 -0.99650000
vn 0.08330000 -0.00160000 -0.99650000
vn 0.08260000 -0.00650000 -0.99660000
vn 0.08230000 -0.00780000 -0.99660000
vn 0.08300000 -0.00590000 -0.99650000
vn 0.08510000 -0.00140000 -0.99640000
vn 0.08870000 0.00610000 -0.99600000
vn 0.09400000 0.01590000 -0.99540000
vn 0.10070000 0.02780000 -0.99450000
vn 0.10860000 0.04220000 -0.99320000
vn 0.11730000 0.05870000 -0.99140000
vn 0.12580000 0.07600000 -0.98910000
vn 0.13370000 0.09430000 -0.98650000
vn 0.14100000 0.11360000 -0.98350000
vn 0.14690000 0.13220000 -0.98030000
vn 0.14900000 0.14060000 -0.97880000
vn 0.15070000 0.14820000 -0.97740000
vn 0.15200000 0.15520000 -0.97610000
vn 0.15300000 0.16140000 -0.97500000
vn 0.15360000 0.16700000 -0.97390000
vn 0.15400000 0.17190000 -0.97300000
vn 0.15420000 0.17570000 -0.97230000
vn 0.15420000 0.17790000 -0.97190000
vn 0.15420000 0.17870000 -0.97170000
vn 0.15410000 0.17810000 -0.97190000
vn 0.15420000 0.17620000 -0.97220000
vn 0.15460000 0.17300000 -0.97270000
vn 0.15530000 0.16850000 -0.97340000
vn 0.15610000 0.16290000 -0.97420000
vn 0.15740000 0.15560000 -0.97520000
vn 0.15930000 0.14650000 -0.97630000
vn 0.16160000 0.13580000 -0.97750000
vn 0.16460000 0.12330000 -0.97860000
vn 0.16830000 0.10910000 -0.97970000
vn 0.17270000 0.09300000 -0.98060000
vn 0.17790000 0.07510000 -0.98120000
vn 0.18390000 0.05510000 -0.98140000
vn 0.19110000 0.03290000 -0.98100000
vn 0.19920000 0.00820000 -0.97990000
vn 0.20860000 -0.01920000 -0.97780000
vn 0.21920000 -0.04950000 -0.97440000
vn 0.23130000 -0.08290000 -0.96940000
vn 0.24460000 -0.11940000 -0.96220000
vn 0.25940000 -0.15930000 -0.95250000
vn 0.27570000 -0.20260000 -0.93970000
vn 0.29380000 -0.25060000 -0.92240000
vn 0.31310000 -0.30170000 -0.90050000
vn 0.33340000 -0.35570000 -0.87310000
vn 0.35440000 -0.41220000 -0.83930000
vn 0.37610000 -0.47120000 -0.79780000
vn 0.39760000 -0.53180000 -0.74770000
vn 0.41710000 -0.59350000 -0.68840000
vn 0.44060000 -0.65110000 -0.61800000
vn 0.46880000 -0.70160000 -0.53660000
vn 0.49270000 -0.74450000 -0.45050000
vn 0.51220000 -0.77960000 -0.36050000
vn 0.52730000 -0.80660000 -0.26730000
vn 0.53780000 -0.82490000 -0.17410000
vn 0.54390000 -0.83510000 -0.08260000
vn 0.54620000 -0.83760000 0.00620000
vn 0.54560000 -0.83300000 0.09180000
vn 0.54340000 -0.82210000 0.16980000
vn 0.54070000 -0.80580000 0.24170000
vn 0.53730000 -0.78540000 0.30740000
vn 0.53350000 -0.76190000 0.36730000
vn 0.52980000 -0.73580000 0.42180000
vn 0.52730000 -0.70720000 0.47100000
vn 0.52590000 -0.67650000 0.51550000
vn 0.52560000 -0.64390000 0.55600000
vn 0.28390000 -0.77600000 0.56330000
vn -0.03600000 -0.89120000 0.45220000
vn -0.41490000 -0.87730000 0.24120000
vn -0.74360000 -0.66700000 -0.04680000
vn -0.89740000 -0.29970000 -0.32380000
vn -0.85630000 0.09090000 -0.50840000
vn -0.70040000 0.40250000 -0.58940000
vn 0.20970000 -0.83820000 0.50350000
vn 0.38530000 -0.77420000 0.50210000
vn 0.38670000 -0.74330000 0.54580000
vn -0.76920000 0.33850000 -0.54200000
vn -0.65260000 0.54570000 -0.52570000
vn -0.64960000 0.50930000 -0.56440000
vn 0.24400000 -0.03350000 0.96920000
vn 0.07350000 -0.01040000 -0.99720000
vn -0.00000000 -0.00000000 1.00000000
vn -0.00000000 -0.00000000 1.00000000
vn -0.00000000 -0.00000000 1.00000000
vn -0.00000000 -0.00000000 1.00000000
vn -0.00000000 -0.00000000 1.00000000
vn -0.00000000 -0.00000000 1.00000000
vn -0.00000000 -0.00000000 1.00000000
vn -0.00000000 -0.00000000 1.00000000
vn -0.00000000 -0.00000000 1.00000000
vn -0.00000000 -0.00000000 1.00000000
vn -0.00000000 -0.00000000 1.00000000
vn -0.00000000 -0.00000000 1.00000000
vn -0.00000000 -0.00000000 1.00000000
vn -0.00000000 -0.00000000 1.00000000
vn -0.00000000 -0.00000000 1.00000000
vn -0.00000000 -0.00000000 1.00000000
vn -0.00000000 -0.00000000 1.00000000
vn -0.00000000 -0.00000000 1.00000000
vn 0.00010000 -0.00000000 1.00000000
vn -0.00000000 -0.00000000 1.00000000
vn -0.00000000 -0.00000000 1.00000000
vn -0.00000000 -0.00000000 1.00000000
vn -0.00000000 -0.00000000 1.00000000
vn -0.00000000 -0.00000000 1.00000000
vn -0.00000000 -0.00000000 1.00000000
vn -0.00000000 -0.00000000 1.00000000
vn -0.00000000 -0.00000000 1.00000000
vn -0.00000000 -0.00000000 1.00000000
vn -0.00000000 -0.00000000 1.00000000
vn -0.00000000 -0.00000000 1.00000000
vn -0.00000000 -0.00000000 1.00000000
vn -0.00000000 -0.00000000 1.00000000
vn -0.00000000 -0.00000000 1.00000000
vn -0.00000000 -0.00000000 1.00000000
vn -0.00000000 -0.00000000 1.00000000
vn -0.00000000 -0.00000000 1.00000000
vn -0.00000000 -0.00000000 1.00000000
vn -0.00000000 -0.00000000 1.00000000
vn -0.00000000 -0.00000000 1.00000000
vn -0.00000000 -0.00000000 1.00000000
vn -0.00000000 -0.00000000 1.00000000
vn -0.00000000 -0.00000000 1.00000000
vn -0.00000000 -0.00000000 1.00000000
vn -0.00000000 -0.00000000 1.00000000
vn -0.00000000 -0.00000000 1.00000000
vn -0.00000000 -0.00000000 1.00000000
vn -0.00000000 -0.00000000 1.00000000
vn -0.00000000 -0.00000000 1.00000000
vn -0.00000000 -0.00000000 1.00000000
vn -0.00000000 -0.00000000 1.00000000
vn -0.00000000 -0.00000000 1.00000000
vn -0.00000000 -0.00000000 1.00000000
vn -0.00000000 -0.00000000 1.00000000
vn -0.00000000 -0.00000000 1.00000000
vn -0.00000000 -0.00000000 1.00000000
vn -0.00000000 -0.00000000 1.00000000
vn -0.00000000 -0.00000000 1.00000000
vn -0.00000000 -0.00000000 1.00000000
vn -0.00000000 -0.00000000 1.00000000
vn -0.00000000 -0.00000000 1.00000000
vn -0.00000000 -0.00000000 1.00000000
vn -0.00000000 -0.00000000 1.00000000
vn -0.00000000 -0.00000000 1.00000000
vn -0.00000000 -0.00000000 1.00000000
vn -0.00000000 -0.00000000 1.00000000
vn -0.00000000 -0.00000000 1.00000000
vn -0.00000000 -0.00000000 1.00000000
vn -0.00000000 -0.00000000 1.00000000
vn -0.00000000 -0.00000000 1.00000000
vn -0.00000000 -0.00000000 1.00000000
vn -0.00000000 -0.00000000 1.00000000
vn -0.00000000 -0.00000000 1.00000000
vn -0.00000000 -0.00000000 1.00000000
vn -0.00000000 -0.00000000 1.00000000
vn -0.00000000 -0.00000000 1.00000000
vn -0.00000000 -0.00000000 1.00000000
vn -0.00000000 -0.00000000 1.00000000
vn -0.00000000 -0.00000000 1.00000000
vn -0.00000000 -0.00000000 1.00000000
vn -0.00000000 -0.00000000 1.00000000
vn -0.00000000 -0.00000000 1.00000000
vn -0.00000000 -0.00000000 1.00000000
vn -0.00000000 -0.00000000 1.00000000
vn -0.00000000 -0.00000000 1.00000000
vn -0.00000000 -0.00000000 1.00000000
vn -0.00010000 -0.00000000 1.00000000
vn -0.00000000 -0.00000000 1.00000000
vn -0.00000000 -0.00000000 1.00000000
vn -0.00000000 -0.00000000 1.00000000
vn -0.00000000 -0.00000000 1.00000000
vn -0.00000000 -0.00000000 1.00000000
vn -0.00000000 -0.00000000 1.00000000
vn -0.00000000 -0.00000000 1.00000000
vn -0.00000000 -0.00000000 1.00000000
vn -0.00000000 -0.00000000 1.00000000
vn -0.00000000 -0.00000000 1.00000000
vn -0.00000000 -0.00000000 1.00000000
vn -0.00000000 -0.00000000 1.00000000
vn -0.00000000 -0.00000000 1.00000000
vn -0.00000000 -0.00000000 1.00000000
vn -0.00000000 -0.00000000 1.00000000
vn -0.00000000 -0.00000000 1.00000000
vn -0.00000000 -0.00000000 1.00000000
vn -0.00000000 -0.00000000 1.00000000
vn -0.00000000 -0.00000000 1.00000000
vn -0.00000000 -0.00000000 1.00000000
vn -0.00000000 -0.00000000 1.00000000
vn -0.00000000 -0.00000000 1.00000000
vn -0.00000000 -0.00000000 1.00000000
vn -0.00000000 -0.00000000 1.00000000
vn -0.00000000 -0.00000000 1.00000000
vn -0.00000000 -0.00000000 1.00000000
vn -0.00000000 -0.00000000 1.00000000
vn -0.00000000 -0.00000000 1.00000000
vn -0.00000000 -0.00000000 1.00000000
vn -0.00000000 -0.00000000 1.00000000
vn -0.00000000 -0.00000000 1.00000000
vn -0.00000000 -0.00000000 1.00000000
vn -0.00000000 -0.00000000 1.00000000
vn -0.00000000 -0.00000000 1.00000000
vn -0.00000000 -0.00000000 1.00000000
vn -0.00000000 -0.00000000 1.00000000
vn -0.00000000 -0.00000000 1.00000000
vn -0.00000000 -0.00000000 1.00000000
vn -0.00000000 -0.00000000 1.00000000
vn -0.00000000 -0.00000000 1.00000000
vn -0.00000000 -0.00000000 1.00000000
vn -0.00000000 -0.00000000 1.00000000
vn -0.00000000 -0.00000000 1.00000000
vn -0.00000000 -0.00000000 1.00000000
vn -0.00000000 -0.00000000 1.00000000
vt 0.16830200 0.71642900
vt 0.04958300 0.71642900
vt 0.15083200 0.72458700
vt 0.13322800 0.72458700
vt 0.11435800 0.72458700
vt 0.09304600 0.72458700
vt 0.07006200 0.72458700
vt 0.04958300 0.72458700
vt 0.15083200 0.73087500
vt 0.13322800 0.73087500
vt 0.11435800 0.73087500
vt 0.09304600 0.73087500
vt 0.07006200 0.73087500
vt 0.04958300 0.73087500
vt 0.15083200 0.73630300
vt 0.13322800 0.73630300
vt 0.11435800 0.73630300
vt 0.09304600 0.73630300
vt 0.07006200 0.73630300
vt 0.04958300 0.73630300
vt 0.15083200 0.74123800
vt 0.13322800 0.74123800
vt 0.11435800 0.74123800
vt 0.09304600 0.74123800
vt 0.07006200 0.74123800
vt 0.04958300 0.74123800
vt 0.15083200 0.74620200
vt 0.13322800 0.74620200
vt 0.11435800 0.74620200
vt 0.09304600 0.74620200
vt 0.07006200 0.74620200
vt 0.04958300 0.74620200
vt 0.15083200 0.75160600
vt 0.13322800 0.75160600
vt 0.11435800 0.75160600
vt 0.09304600 0.75160600
vt 0.07006200 0.75160600
vt 0.04958300 0.75160600
vt 0.15083200 0.75799400
vt 0.13322800 0.75799400
vt 0.11435800 0.75799400
vt 0.09304600 0.75799400
vt 0.07006200 0.75799400
vt 0.04958300 0.75799400
vt 0.16830200 0.76601200
vt 0.04958300 0.76601200
vt 0.05982200 0.72458700
vt 0.04958300 0.72050800
vt 0.07006200 0.72050800
vt 0.05982200 0.72050800
vt 0.05982200 0.73087500
vt 0.04958300 0.72773100
vt 0.07006200 0.72773100
vt 0.05982200 0.72773100
vt 0.05982200 0.73630300
vt 0.04958300 0.73358900
vt 0.07006200 0.73358900
vt 0.05982200 0.73358900
vt 0.05982200 0.74123800
vt 0.04958300 0.73877000
vt 0.07006200 0.73877000
vt 0.05982200 0.73877000
vt 0.05982200 0.74620200
vt 0.04958300 0.74372000
vt 0.07006200 0.74372000
vt 0.05982200 0.74372000
vt 0.05982200 0.75160600
vt 0.04958300 0.74890400
vt 0.07006200 0.74890400
vt 0.05982200 0.74890400
vt 0.05982200 0.75799400
vt 0.04958300 0.75480000
vt 0.07006200 0.75480000
vt 0.05982200 0.75480000
vt 0.04958300 0.76200300
vt 0.07006200 0.76200300
vt 0.05982200 0.76200300
vt 0.06494200 0.72050800
vt 0.05982200 0.71846800
vt 0.07006200 0.71846800
vt 0.06494200 0.71846800
vt 0.08155400 0.72458700
vt 0.09304600 0.72050800
vt 0.08155400 0.72050800
vt 0.06494200 0.72458700
vt 0.05982200 0.72254800
vt 0.07006200 0.72254800
vt 0.06494200 0.72254800
vt 0.06494200 0.72773100
vt 0.05982200 0.72615900
vt 0.07006200 0.72615900
vt 0.06494200 0.72615900
vt 0.08155400 0.73087500
vt 0.09304600 0.72773100
vt 0.08155400 0.72773100
vt 0.06494200 0.73087500
vt 0.05982200 0.72930300
vt 0.07006200 0.72930300
vt 0.06494200 0.72930300
vt 0.05470300 0.73630300
vt 0.04958300 0.73494600
vt 0.05470300 0.73358900
vt 0.05982200 0.73494600
vt 0.05470300 0.73494600
vt 0.04958300 0.73223200
vt 0.05470300 0.73087500
vt 0.05982200 0.73223200
vt 0.05470300 0.73223200
vt 0.05470300 0.74123800
vt 0.04958300 0.74000400
vt 0.05470300 0.73877000
vt 0.05982200 0.74000400
vt 0.05470300 0.74000400
vt 0.04958300 0.73753700
vt 0.05982200 0.73753700
vt 0.05470300 0.73753700
vt 0.06238200 0.72050800
vt 0.05982200 0.71948800
vt 0.06238200 0.71846800
vt 0.06494200 0.71948800
vt 0.06238200 0.71948800
vt 0.05470300 0.72050800
vt 0.04958300 0.71846800
vt 0.05470300 0.71846800
vt 0.05982200 0.71744800
vt 0.06494200 0.71744800
vt 0.06238200 0.71744800
vt 0.06238200 0.72254800
vt 0.05982200 0.72152800
vt 0.06494200 0.72152800
vt 0.06238200 0.72152800
vt 0.05470300 0.72458700
vt 0.04958300 0.72254800
vt 0.05470300 0.72254800
vt 0.05214300 0.74000400
vt 0.04958300 0.73938700
vt 0.05214300 0.73877000
vt 0.05470300 0.73938700
vt 0.05214300 0.73938700
vt 0.04958300 0.73815400
vt 0.05214300 0.73753700
vt 0.05470300 0.73815400
vt 0.05214300 0.73815400
vt 0.05086300 0.73938700
vt 0.04958300 0.73907900
vt 0.05086300 0.73877000
vt 0.05214300 0.73907900
vt 0.05086300 0.73907900
vt 0.05022300 0.73938700
vt 0.04958300 0.73923300
vt 0.05022300 0.73907900
vt 0.05086300 0.73923300
vt 0.05022300 0.73923300
vt 0.05086300 0.74000400
vt 0.04958300 0.73969600
vt 0.05214300 0.73969600
vt 0.05086300 0.73969600
vt 0.05214300 0.74123800
vt 0.04958300 0.74062100
vt 0.05470300 0.74062100
vt 0.05214300 0.74062100
vt 0.05470300 0.74372000
vt 0.04958300 0.74247900
vt 0.05982200 0.74247900
vt 0.05470300 0.74247900
vt 0.04958300 0.73892500
vt 0.05022300 0.73877000
vt 0.05086300 0.73892500
vt 0.05022300 0.73892500
vt 0.04958300 0.73846200
vt 0.05086300 0.73815400
vt 0.05214300 0.73846200
vt 0.05086300 0.73846200
vt 0.16830200 0.72262600
vt 0.16830200 0.72882400
vt 0.16830200 0.73502200
vt 0.16830200 0.74122000
vt 0.16830200 0.74741800
vt 0.16830200 0.75361600
vt 0.16830200 0.75981400
vt 0.15956700 0.72458700
vt 0.15083200 0.72050800
vt 0.15956700 0.72050800
vt 0.15083200 0.76200300
vt 0.15956700 0.75799400
vt 0.15956700 0.76200300
vt 0.16088200 0.76601200
vt 0.15346200 0.76601200
vt 0.14604200 0.76601200
vt 0.13862200 0.76601200
vt 0.13120300 0.76601200
vt 0.12378300 0.76601200
vt 0.11636300 0.76601200
vt 0.10894300 0.76601200
vt 0.09410300 0.76601200
vt 0.07926300 0.76601200
vt 0.06442300 0.76601200
vt 0.05700300 0.76601200
vt 0.06164000 0.71642900
vt 0.06210400 0.71642900
vt 0.06256800 0.71642900
vt 0.06303100 0.71642900
vt 0.06349500 0.71642900
vt 0.07926300 0.71642900
vt 0.09410300 0.71642900
vt 0.10894300 0.71642900
vt 0.11636300 0.71642900
vt 0.12378300 0.71642900
vt 0.13120300 0.71642900
vt 0.13862200 0.71642900
vt 0.14604200 0.71642900
vt 0.15346200 0.71642900
vt 0.16088200 0.71642900
vt 0.06110200 0.71744800
vt 0.05982200 0.71693800
vt 0.06238200 0.71693800
vt 0.06110200 0.71693800
vt 0.05726200 0.71846800
vt 0.05470300 0.71744800
vt 0.05726200 0.71744800
vt 0.06174200 0.71693800
vt 0.06110200 0.71668400
vt 0.06238200 0.71668400
vt 0.06174200 0.71668400
vt 0.06366200 0.71744800
vt 0.06494200 0.71693800
vt 0.06366200 0.71693800
vt 0.06750200 0.71846800
vt 0.07006200 0.71744800
vt 0.06750200 0.71744800
vt 0.07580800 0.72050800
vt 0.08155400 0.71846800
vt 0.07580800 0.71846800
vt 0.06142200 0.71668400
vt 0.06110200 0.71655600
vt 0.06174200 0.71655600
vt 0.06142200 0.71655600
vt 0.06046200 0.71693800
vt 0.05982200 0.71668400
vt 0.06046200 0.71668400
vt 0.05854200 0.71744800
vt 0.05726200 0.71693800
vt 0.05854200 0.71693800
vt 0.06206200 0.71668400
vt 0.06238200 0.71655600
vt 0.06206200 0.71655600
vt 0.06302200 0.71693800
vt 0.06366200 0.71668400
vt 0.06302200 0.71668400
vt 0.06270200 0.71668400
vt 0.06302200 0.71655600
vt 0.06270200 0.71655600
vt 0.06334200 0.71668400
vt 0.06366200 0.71655600
vt 0.06334200 0.71655600
vt 0.06430200 0.71693800
vt 0.06494200 0.71668400
vt 0.06430200 0.71668400
vt 0.06622200 0.71744800
vt 0.06750200 0.71693800
vt 0.06622200 0.71693800
vt 0.00000000 0.00000000
vt 0.00000000 0.95246200
vt 0.00791700 0.00000000
vt 0.00791700 0.01179800
vt 0.00791700 0.02502200
vt 0.00791700 0.03878600
vt 0.00791700 0.05471900
vt 0.00791700 0.07151600
vt 0.00791700 0.09045700
vt 0.00791700 0.11135000
vt 0.00791700 0.13203000
vt 0.00791700 0.15488300
vt 0.00791700 0.17863100
vt 0.00791700 0.20386100
vt 0.00791700 0.22841300
vt 0.00791700 0.25375900
vt 0.00791700 0.27899700
vt 0.00791700 0.30386500
vt 0.00791700 0.32851600
vt 0.00791700 0.35282600
vt 0.00791700 0.37681500
vt 0.00791700 0.40077300
vt 0.00791700 0.42454200
vt 0.00791700 0.44872900
vt 0.00791700 0.47270800
vt 0.00791700 0.49626000
vt 0.00791700 0.51913000
vt 0.00791700 0.54228400
vt 0.00791700 0.56327000
vt 0.00791700 0.58378500
vt 0.00791700 0.60430100
vt 0.00791700 0.62399200
vt 0.00791700 0.64338600
vt 0.00791700 0.66275300
vt 0.00791700 0.68225700
vt 0.00791700 0.70249200
vt 0.00791700 0.72340400
vt 0.00791700 0.74462100
vt 0.00791700 0.76800000
vt 0.00791700 0.79156000
vt 0.00791700 0.81779900
vt 0.00791700 0.84513700
vt 0.00791700 0.86983400
vt 0.00791700 0.89255500
vt 0.00791700 0.91374600
vt 0.00791700 0.93335700
vt 0.01402000 0.00000000
vt 0.01402000 0.01179800
vt 0.01402000 0.02502200
vt 0.01402000 0.03878600
vt 0.01402000 0.05471900
vt 0.01402000 0.07151600
vt 0.01402000 0.09045700
vt 0.01402000 0.11135000
vt 0.01402000 0.13203000
vt 0.01402000 0.15488300
vt 0.01402000 0.17863100
vt 0.01402000 0.20386100
vt 0.01402000 0.22841300
vt 0.01402000 0.25375900
vt 0.01402000 0.27899700
vt 0.01402000 0.30386500
vt 0.01402000 0.32851600
vt 0.01402000 0.35282600
vt 0.01402000 0.37681500
vt 0.01402000 0.40077300
vt 0.01402000 0.42454200
vt 0.01402000 0.44872900
vt 0.01402000 0.47270800
vt 0.01402000 0.49626000
vt 0.01402000 0.51913000
vt 0.01402000 0.54228400
vt 0.01402000 0.56327000
vt 0.01402000 0.58378500
vt 0.01402000 0.60430100
vt 0.01402000 0.62399200
vt 0.01402000 0.64338600
vt 0.01402000 0.66275300
vt 0.01402000 0.68225700
vt 0.01402000 0.70249200
vt 0.01402000 0.72340400
vt 0.01402000 0.74462100
vt 0.01402000 0.76800000
vt 0.01402000 0.79156000
vt 0.01402000 0.81779900
vt 0.01402000 0.84513700
vt 0.01402000 0.86983400
vt 0.01402000 0.89255500
vt 0.01402000 0.91374600
vt 0.01402000 0.93335700
vt 0.01928700 0.00000000
vt 0.01928700 0.01179800
vt 0.01928700 0.02502200
vt 0.01928700 0.03878600
vt 0.01928700 0.05471900
vt 0.01928700 0.07151600
vt 0.01928700 0.09045700
vt 0.01928700 0.11135000
vt 0.01928700 0.13203000
vt 0.01928700 0.15488300
vt 0.01928700 0.17863100
vt 0.01928700 0.20386100
vt 0.01928700 0.22841300
vt 0.01928700 0.25375900
vt 0.01928700 0.27899700
vt 0.01928700 0.30386500
vt 0.01928700 0.32851600
vt 0.01928700 0.35282600
vt 0.01928700 0.37681500
vt 0.01928700 0.40077300
vt 0.01928700 0.42454200
vt 0.01928700 0.44872900
vt 0.01928700 0.47270800
vt 0.01928700 0.49626000
vt 0.01928700 0.51913000
vt 0.01928700 0.54228400
vt 0.01928700 0.56327000
vt 0.01928700 0.58378500
vt 0.01928700 0.60430100
vt 0.01928700 0.62399200
vt 0.01928700 0.64338600
vt 0.01928700 0.66275300
vt 0.01928700 0.68225700
vt 0.01928700 0.70249200
vt 0.01928700 0.72340400
vt 0.01928700 0.74462100
vt 0.01928700 0.76800000
vt 0.01928700 0.79156000
vt 0.01928700 0.81779900
vt 0.01928700 0.84513700
vt 0.01928700 0.86983400
vt 0.01928700 0.89255500
vt 0.01928700 0.91374600
vt 0.01928700 0.93335700
vt 0.02407700 0.00000000
vt 0.02407700 0.01179800
vt 0.02407700 0.02502200
vt 0.02407700 0.03878600
vt 0.02407700 0.05471900
vt 0.02407700 0.07151600
vt 0.02407700 0.09045700
vt 0.02407700 0.11135000
vt 0.02407700 0.13203000
vt 0.02407700 0.15488300
vt 0.02407700 0.17863100
vt 0.02407700 0.20386100
vt 0.02407700 0.22841300
vt 0.02407700 0.25375900
vt 0.02407700 0.27899700
vt 0.02407700 0.30386500
vt 0.02407700 0.32851600
vt 0.02407700 0.35282600
vt 0.02407700 0.37681500
vt 0.02407700 0.40077300
vt 0.02407700 0.42454200
vt 0.02407700 0.44872900
vt 0.02407700 0.47270800
vt 0.02407700 0.49626000
vt 0.02407700 0.51913000
vt 0.02407700 0.54228400
vt 0.02407700 0.56327000
vt 0.02407700 0.58378500
vt 0.02407700 0.60430100
vt 0.02407700 0.62399200
vt 0.02407700 0.64338600
vt 0.02407700 0.66275300
vt 0.02407700 0.68225700
vt 0.02407700 0.70249200
vt 0.02407700 0.72340400
vt 0.02407700 0.74462100
vt 0.02407700 0.76800000
vt 0.02407700 0.79156000
vt 0.02407700 0.81779900
vt 0.02407700 0.84513700
vt 0.02407700 0.86983400
vt 0.02407700 0.89255500
vt 0.02407700 0.91374600
vt 0.02407700 0.93335700
vt 0.02889400 0.00000000
vt 0.02889400 0.01179800
vt 0.02889400 0.02502200
vt 0.02889400 0.03878600
vt 0.02889400 0.05471900
vt 0.02889400 0.07151600
vt 0.02889400 0.09045700
vt 0.02889400 0.11135000
vt 0.02889400 0.13203000
vt 0.02889400 0.15488300
vt 0.02889400 0.17863100
vt 0.02889400 0.20386100
vt 0.02889400 0.22841300
vt 0.02889400 0.25375900
vt 0.02889400 0.27899700
vt 0.02889400 0.30386500
vt 0.02889400 0.32851600
vt 0.02889400 0.35282600
vt 0.02889400 0.37681500
vt 0.02889400 0.40077300
vt 0.02889400 0.42454200
vt 0.02889400 0.44872900
vt 0.02889400 0.47270800
vt 0.02889400 0.49626000
vt 0.02889400 0.51913000
vt 0.02889400 0.54228400
vt 0.02889400 0.56327000
vt 0.02889400 0.58378500
vt 0.02889400 0.60430100
vt 0.02889400 0.62399200
vt 0.02889400 0.64338600
vt 0.02889400 0.66275300
vt 0.02889400 0.68225700
vt 0.02889400 0.70249200
vt 0.02889400 0.72340400
vt 0.02889400 0.74462100
vt 0.02889400 0.76800000
vt 0.02889400 0.79156000
vt 0.02889400 0.81779900
vt 0.02889400 0.84513700
vt 0.02889400 0.86983400
vt 0.02889400 0.89255500
vt 0.02889400 0.91374600
vt 0.02889400 0.93335700
vt 0.03413800 0.00000000
vt 0.03413800 0.01179800
vt 0.03413800 0.02502200
vt 0.03413800 0.03878600
vt 0.03413800 0.05471900
vt 0.03413800 0.07151600
vt 0.03413800 0.09045700
vt 0.03413800 0.11135000
vt 0.03413800 0.13203000
vt 0.03413800 0.15488300
vt 0.03413800 0.17863100
vt 0.03413800 0.20386100
vt 0.03413800 0.22841300
vt 0.03413800 0.25375900
vt 0.03413800 0.27899700
vt 0.03413800 0.30386500
vt 0.03413800 0.32851600
vt 0.03413800 0.35282600
vt 0.03413800 0.37681500
vt 0.03413800 0.40077300
vt 0.03413800 0.42454200
vt 0.03413800 0.44872900
vt 0.03413800 0.47270800
vt 0.03413800 0.49626000
vt 0.03413800 0.51913000
vt 0.03413800 0.54228400
vt 0.03413800 0.56327000
vt 0.03413800 0.58378500
vt 0.03413800 0.60430100
vt 0.03413800 0.62399200
vt 0.03413800 0.64338600
vt 0.03413800 0.66275300
vt 0.03413800 0.68225700
vt 0.03413800 0.70249200
vt 0.03413800 0.72340400
vt 0.03413800 0.74462100
vt 0.03413800 0.76800000
vt 0.03413800 0.79156000
vt 0.03413800 0.81779900
vt 0.03413800 0.84513700
vt 0.03413800 0.86983400
vt 0.03413800 0.89255500
vt 0.03413800 0.91374600
vt 0.03413800 0.93335700
vt 0.04033800 0.00000000
vt 0.04033800 0.01179800
vt 0.04033800 0.02502200
vt 0.04033800 0.03878600
vt 0.04033800 0.05471900
vt 0.04033800 0.07151600
vt 0.04033800 0.09045700
vt 0.04033800 0.11135000
vt 0.04033800 0.13203000
vt 0.04033800 0.15488300
vt 0.04033800 0.17863100
vt 0.04033800 0.20386100
vt 0.04033800 0.22841300
vt 0.04033800 0.25375900
vt 0.04033800 0.27899700
vt 0.04033800 0.30386500
vt 0.04033800 0.32851600
vt 0.04033800 0.35282600
vt 0.04033800 0.37681500
vt 0.04033800 0.40077300
vt 0.04033800 0.42454200
vt 0.04033800 0.44872900
vt 0.04033800 0.47270800
vt 0.04033800 0.49626000
vt 0.04033800 0.51913000
vt 0.04033800 0.54228400
vt 0.04033800 0.56327000
vt 0.04033800 0.58378500
vt 0.04033800 0.60430100
vt 0.04033800 0.62399200
vt 0.04033800 0.64338600
vt 0.04033800 0.66275300
vt 0.04033800 0.68225700
vt 0.04033800 0.70249200
vt 0.04033800 0.72340400
vt 0.04033800 0.74462100
vt 0.04033800 0.76800000
vt 0.04033800 0.79156000
vt 0.04033800 0.81779900
vt 0.04033800 0.84513700
vt 0.04033800 0.86983400
vt 0.04033800 0.89255500
vt 0.04033800 0.91374600
vt 0.04033800 0.93335700
vt 0.04811800 0.00000000
vt 0.04811800 0.95246200
vt 0.00791700 0.10090300
vt 0.00395900 0.11135000
vt 0.00395900 0.09045700
vt 0.00395900 0.10090300
vt 0.00791700 0.19124600
vt 0.00395900 0.20386100
vt 0.00395900 0.17863100
vt 0.00395900 0.19124600
vt 0.00791700 0.80467900
vt 0.00395900 0.81779900
vt 0.00395900 0.79156000
vt 0.00395900 0.80467900
vt 0.00791700 0.83146800
vt 0.00395900 0.84513700
vt 0.00395900 0.83146800
vt 0.00791700 0.85748500
vt 0.00395900 0.86983400
vt 0.00395900 0.85748500
vt 0.01402000 0.08098600
vt 0.01096900 0.09045700
vt 0.00791700 0.08098600
vt 0.01096900 0.07151600
vt 0.01096900 0.08098600
vt 0.01402000 0.10090300
vt 0.01096900 0.11135000
vt 0.01096900 0.10090300
vt 0.01402000 0.14345700
vt 0.01096900 0.15488300
vt 0.00791700 0.14345700
vt 0.01096900 0.13203000
vt 0.01096900 0.14345700
vt 0.01402000 0.16675700
vt 0.01096900 0.17863100
vt 0.00791700 0.16675700
vt 0.01096900 0.16675700
vt 0.01402000 0.19124600
vt 0.01096900 0.20386100
vt 0.01096900 0.19124600
vt 0.01402000 0.80467900
vt 0.01096900 0.81779900
vt 0.01096900 0.79156000
vt 0.01096900 0.80467900
vt 0.01402000 0.83146800
vt 0.01096900 0.84513700
vt 0.01096900 0.83146800
vt 0.01402000 0.85748500
vt 0.01096900 0.86983400
vt 0.01096900 0.85748500
vt 0.01928700 0.08098600
vt 0.01665300 0.09045700
vt 0.01665300 0.07151600
vt 0.01665300 0.08098600
vt 0.01928700 0.10090300
vt 0.01665300 0.11135000
vt 0.01665300 0.10090300
vt 0.01928700 0.12169000
vt 0.01665300 0.13203000
vt 0.01402000 0.12169000
vt 0.01665300 0.12169000
vt 0.01928700 0.14345700
vt 0.01665300 0.15488300
vt 0.01665300 0.14345700
vt 0.01928700 0.16675700
vt 0.01665300 0.17863100
vt 0.01665300 0.16675700
vt 0.01928700 0.19124600
vt 0.01665300 0.20386100
vt 0.01665300 0.19124600
vt 0.01928700 0.80467900
vt 0.01665300 0.81779900
vt 0.01665300 0.79156000
vt 0.01665300 0.80467900
vt 0.01928700 0.83146800
vt 0.01665300 0.84513700
vt 0.01665300 0.83146800
vt 0.01928700 0.85748500
vt 0.01665300 0.86983400
vt 0.01665300 0.85748500
vt 0.02407700 0.08098600
vt 0.02168200 0.09045700
vt 0.02168200 0.07151600
vt 0.02168200 0.08098600
vt 0.02407700 0.10090300
vt 0.02168200 0.11135000
vt 0.02168200 0.10090300
vt 0.02407700 0.12169000
vt 0.02168200 0.13203000
vt 0.02168200 0.12169000
vt 0.02407700 0.14345700
vt 0.02168200 0.15488300
vt 0.02168200 0.14345700
vt 0.02407700 0.16675700
vt 0.02168200 0.17863100
vt 0.02168200 0.16675700
vt 0.02407700 0.19124600
vt 0.02168200 0.20386100
vt 0.02168200 0.19124600
vt 0.02407700 0.80467900
vt 0.02168200 0.81779900
vt 0.02168200 0.79156000
vt 0.02168200 0.80467900
vt 0.02407700 0.83146800
vt 0.02168200 0.84513700
vt 0.02168200 0.83146800
vt 0.02407700 0.85748500
vt 0.02168200 0.86983400
vt 0.02168200 0.85748500
vt 0.02889400 0.08098600
vt 0.02648500 0.09045700
vt 0.02648500 0.07151600
vt 0.02648500 0.08098600
vt 0.02889400 0.10090300
vt 0.02648500 0.11135000
vt 0.02648500 0.10090300
vt 0.02889400 0.12169000
vt 0.02648500 0.13203000
vt 0.02648500 0.12169000
vt 0.02889400 0.14345700
vt 0.02648500 0.15488300
vt 0.02648500 0.14345700
vt 0.02889400 0.16675700
vt 0.02648500 0.17863100
vt 0.02648500 0.16675700
vt 0.02889400 0.19124600
vt 0.02648500 0.20386100
vt 0.02648500 0.19124600
vt 0.02889400 0.80467900
vt 0.02648500 0.81779900
vt 0.02648500 0.79156000
vt 0.02648500 0.80467900
vt 0.02889400 0.83146800
vt 0.02648500 0.84513700
vt 0.02648500 0.83146800
vt 0.02889400 0.85748500
vt 0.02648500 0.86983400
vt 0.02648500 0.85748500
vt 0.03413800 0.08098600
vt 0.03151600 0.09045700
vt 0.03151600 0.07151600
vt 0.03151600 0.08098600
vt 0.03413800 0.10090300
vt 0.03151600 0.11135000
vt 0.03151600 0.10090300
vt 0.03413800 0.14345700
vt 0.03151600 0.15488300
vt 0.03151600 0.13203000
vt 0.03151600 0.14345700
vt 0.03413800 0.16675700
vt 0.03151600 0.17863100
vt 0.03151600 0.16675700
vt 0.03413800 0.19124600
vt 0.03151600 0.20386100
vt 0.03151600 0.19124600
vt 0.03413800 0.80467900
vt 0.03151600 0.81779900
vt 0.03151600 0.79156000
vt 0.03151600 0.80467900
vt 0.03413800 0.83146800
vt 0.03151600 0.84513700
vt 0.03151600 0.83146800
vt 0.04033800 0.10090300
vt 0.03723800 0.11135000
vt 0.03723800 0.09045700
vt 0.03723800 0.10090300
vt 0.04033800 0.14345700
vt 0.03723800 0.15488300
vt 0.03723800 0.13203000
vt 0.03723800 0.14345700
vt 0.04033800 0.19124600
vt 0.03723800 0.20386100
vt 0.03723800 0.17863100
vt 0.03723800 0.19124600
vt 0.04033800 0.80467900
vt 0.03723800 0.81779900
vt 0.03723800 0.79156000
vt 0.03723800 0.80467900
vt 0.04033800 0.83146800
vt 0.03723800 0.84513700
vt 0.03723800 0.83146800
vt 0.04422800 0.11135000
vt 0.04422800 0.09045700
vt 0.04422800 0.10090300
vt 0.04422800 0.81779900
vt 0.04422800 0.79156000
vt 0.04422800 0.80467900
vt 0.04422800 0.84513700
vt 0.04422800 0.83146800
vt 0.04210300 0.95246200
vt 0.03608800 0.95246200
vt 0.03007400 0.95246200
vt 0.02405900 0.95246200
vt 0.01804400 0.95246200
vt 0.01202900 0.95246200
vt 0.00601500 0.95246200
vt 0.04033800 0.94291000
vt 0.04422800 0.93335700
vt 0.04422800 0.94291000
vt 0.00791700 0.94291000
vt 0.00395900 0.93335700
vt 0.00395900 0.94291000
vt 0.04811800 0.00841000
vt 0.04811800 0.01682000
vt 0.04811800 0.02523000
vt 0.04811800 0.03364000
vt 0.04811800 0.04205100
vt 0.04811800 0.05046100
vt 0.04811800 0.05887100
vt 0.04811800 0.06728100
vt 0.04811800 0.08410100
vt 0.04811800 0.10092100
vt 0.04811800 0.11774200
vt 0.04811800 0.13456200
vt 0.04811800 0.15138200
vt 0.04811800 0.16820200
vt 0.04811800 0.18502200
vt 0.04811800 0.20184300
vt 0.04811800 0.21866300
vt 0.04811800 0.23548300
vt 0.04811800 0.25230300
vt 0.04811800 0.26912400
vt 0.04811800 0.28594400
vt 0.04811800 0.30276400
vt 0.04811800 0.31958400
vt 0.04811800 0.33640400
vt 0.04811800 0.35322500
vt 0.04811800 0.37004500
vt 0.04811800 0.38686500
vt 0.04811800 0.40368500
vt 0.04811800 0.42050600
vt 0.04811800 0.43732600
vt 0.04811800 0.44573600
vt 0.04811800 0.45414600
vt 0.04811800 0.46255600
vt 0.04811800 0.47096600
vt 0.04811800 0.47937600
vt 0.04811800 0.48778600
vt 0.04811800 0.49619700
vt 0.04811800 0.50460700
vt 0.04811800 0.51301700
vt 0.04811800 0.52142700
vt 0.04811800 0.52983700
vt 0.04811800 0.53824700
vt 0.04811800 0.54665700
vt 0.04811800 0.55506700
vt 0.04811800 0.56347700
vt 0.04811800 0.57188800
vt 0.04811800 0.58029800
vt 0.04811800 0.58870800
vt 0.04811800 0.59711800
vt 0.04811800 0.60552800
vt 0.04811800 0.61393800
vt 0.04811800 0.62234800
vt 0.04811800 0.63075800
vt 0.04811800 0.63916800
vt 0.04811800 0.64757900
vt 0.04811800 0.65598900
vt 0.04811800 0.66439900
vt 0.04811800 0.67280900
vt 0.04811800 0.68121900
vt 0.04811800 0.68962900
vt 0.04811800 0.69803900
vt 0.04811800 0.70644900
vt 0.04811800 0.71485900
vt 0.04811800 0.72327000
vt 0.04811800 0.74009000
vt 0.04811800 0.75691000
vt 0.04811800 0.77373000
vt 0.04811800 0.79055000
vt 0.04811800 0.80737100
vt 0.04811800 0.82419100
vt 0.04811800 0.84101100
vt 0.04811800 0.85783100
vt 0.04811800 0.87465200
vt 0.04811800 0.89147200
vt 0.04811800 0.90829200
vt 0.04811800 0.91670200
vt 0.04811800 0.92511200
vt 0.04811800 0.93352200
vt 0.04811800 0.94193200
vt 0.00000000 0.94193200
vt 0.00000000 0.93352200
vt 0.00000000 0.92511200
vt 0.00000000 0.91670200
vt 0.00000000 0.90829200
vt 0.00000000 0.89988200
vt 0.00000000 0.89147200
vt 0.00000000 0.88306200
vt 0.00000000 0.87465200
vt 0.00000000 0.86624100
vt 0.00000000 0.85783100
vt 0.00000000 0.84942100
vt 0.00000000 0.84101100
vt 0.00000000 0.83260100
vt 0.00000000 0.82419100
vt 0.00000000 0.81578100
vt 0.00000000 0.80737100
vt 0.00000000 0.79896100
vt 0.00000000 0.79055000
vt 0.00000000 0.78214000
vt 0.00000000 0.77373000
vt 0.00000000 0.76532000
vt 0.00000000 0.75691000
vt 0.00000000 0.74850000
vt 0.00000000 0.74009000
vt 0.00000000 0.73168000
vt 0.00000000 0.72327000
vt 0.00000000 0.71485900
vt 0.00000000 0.70644900
vt 0.00000000 0.69803900
vt 0.00000000 0.68962900
vt 0.00000000 0.68121900
vt 0.00000000 0.67280900
vt 0.00000000 0.66439900
vt 0.00000000 0.65598900
vt 0.00000000 0.64757900
vt 0.00000000 0.63916800
vt 0.00000000 0.63075800
vt 0.00000000 0.62234800
vt 0.00000000 0.61393800
vt 0.00000000 0.60552800
vt 0.00000000 0.59711800
vt 0.00000000 0.58870800
vt 0.00000000 0.58029800
vt 0.00000000 0.57188800
vt 0.00000000 0.56347700
vt 0.00000000 0.55506700
vt 0.00000000 0.54665700
vt 0.00000000 0.53824700
vt 0.00000000 0.52983700
vt 0.00000000 0.52142700
vt 0.00000000 0.51301700
vt 0.00000000 0.50460700
vt 0.00000000 0.49619700
vt 0.00000000 0.48778600
vt 0.00000000 0.47096600
vt 0.00000000 0.45414600
vt 0.00000000 0.43732600
vt 0.00000000 0.42050600
vt 0.00000000 0.40368500
vt 0.00000000 0.38686500
vt 0.00000000 0.37004500
vt 0.00000000 0.35322500
vt 0.00000000 0.33640400
vt 0.00000000 0.31958400
vt 0.00000000 0.30276400
vt 0.00000000 0.28594400
vt 0.00000000 0.26912400
vt 0.00000000 0.25230300
vt 0.00000000 0.23548300
vt 0.00000000 0.21866300
vt 0.00000000 0.20184300
vt 0.00000000 0.18502200
vt 0.00000000 0.16820200
vt 0.00000000 0.15138200
vt 0.00000000 0.13456200
vt 0.00000000 0.11774200
vt 0.00000000 0.10092100
vt 0.00000000 0.08410100
vt 0.00000000 0.07569100
vt 0.00000000 0.06728100
vt 0.00000000 0.05887100
vt 0.00000000 0.05046100
vt 0.00000000 0.04205100
vt 0.00000000 0.03364000
vt 0.00000000 0.02523000
vt 0.00000000 0.01682000
vt 0.00000000 0.00841000
vt 0.00327800 0.01179800
vt 0.00367400 0.02502200
vt 0.00382500 0.03878600
vt 0.04444400 0.02502200
vt 0.04484000 0.01179800
vt 0.04429300 0.03878600
vt 0.04958300 0.28051500
vt 0.04958300 0.31202800
vt 0.08423400 0.31202800
vt 0.11888500 0.28051500
vt 0.11888500 0.31202800
vt 0.05420300 0.28051500
vt 0.05882300 0.28051500
vt 0.06344300 0.28051500
vt 0.06806300 0.28051500
vt 0.07268300 0.28051500
vt 0.07730400 0.28051500
vt 0.08192400 0.28051500
vt 0.08654400 0.28051500
vt 0.09116400 0.28051500
vt 0.09578400 0.28051500
vt 0.10040400 0.28051500
vt 0.10502400 0.28051500
vt 0.10964400 0.28051500
vt 0.11426500 0.28051500
vt 0.11888500 0.29627200
vt 0.11022200 0.31202800
vt 0.10155900 0.31202800
vt 0.09289700 0.31202800
vt 0.07557100 0.31202800
vt 0.06690800 0.31202800
vt 0.05824600 0.31202800
vt 0.04958300 0.29627200
vt 0.48117800 0.35171200
vt 0.48117800 0.44625100
vt 0.49060100 0.39898200
vt 0.49967000 0.39898200
vt 0.50868600 0.39898200
vt 0.51770300 0.35171200
vt 0.51770300 0.44625100
vt 0.48848300 0.35171200
vt 0.49578800 0.35171200
vt 0.50309300 0.35171200
vt 0.51039800 0.35171200
vt 0.49060100 0.37534700
vt 0.48588900 0.39898200
vt 0.48588900 0.37534700
vt 0.49967000 0.37534700
vt 0.49513500 0.39898200
vt 0.49513500 0.37534700
vt 0.50868600 0.37534700
vt 0.50417800 0.39898200
vt 0.50417800 0.37534700
vt 0.51319400 0.39898200
vt 0.51319400 0.37534700
vt 0.51770300 0.38322500
vt 0.51770300 0.41473800
vt 0.50670900 0.44625100
vt 0.49571600 0.44625100
vt 0.50868600 0.42261600
vt 0.51319400 0.42261600
vt 0.49967000 0.42261600
vt 0.50417800 0.42261600
vt 0.49060100 0.42261600
vt 0.49513500 0.42261600
vt 0.48844700 0.44625100
vt 0.48588900 0.42261600
vt 0.48117800 0.41473800
vt 0.48117800 0.38322500
vt 0.78894200 0.00000000
vt 0.78894200 0.14937100
vt 0.79658300 0.03734300
vt 0.79658300 0.07468500
vt 0.79658300 0.11202800
vt 0.80393600 0.03734300
vt 0.80393600 0.07468500
vt 0.80393600 0.11202800
vt 0.81124600 0.03734300
vt 0.81124600 0.07468500
vt 0.81124600 0.11202800
vt 0.81855700 0.00000000
vt 0.81855700 0.14937100
vt 0.79634600 0.00000000
vt 0.80375000 0.00000000
vt 0.81115300 0.00000000
vt 0.79658300 0.01867100
vt 0.79276300 0.03734300
vt 0.79276300 0.01867100
vt 0.80393600 0.01867100
vt 0.80025900 0.03734300
vt 0.80025900 0.01867100
vt 0.81124600 0.01867100
vt 0.80759100 0.03734300
vt 0.80759100 0.01867100
vt 0.81490200 0.03734300
vt 0.81490200 0.01867100
vt 0.81855700 0.02489500
vt 0.81855700 0.04979000
vt 0.81855700 0.07468500
vt 0.81855700 0.09958100
vt 0.81855700 0.12447600
vt 0.81115300 0.14937100
vt 0.80375000 0.14937100
vt 0.79634600 0.14937100
vt 0.81124600 0.13069900
vt 0.81490200 0.11202800
vt 0.81490200 0.13069900
vt 0.80393600 0.13069900
vt 0.80759100 0.11202800
vt 0.80759100 0.13069900
vt 0.79658300 0.13069900
vt 0.80025900 0.11202800
vt 0.80025900 0.13069900
vt 0.79276300 0.11202800
vt 0.79276300 0.13069900
vt 0.78894200 0.12447600
vt 0.78894200 0.09958100
vt 0.78894200 0.07468500
vt 0.78894200 0.04979000
vt 0.78894200 0.02489500
vt 0.14703700 0.49204500
vt 0.13939900 0.48423700
vt 0.12904400 0.48076300
vt 0.12989500 0.47103100
vt 0.13697800 0.47309600
vt 0.14273100 0.47771400
vt 0.14628000 0.48418200
vt 0.14708300 0.49151500
vt 0.10941200 0.48821900
vt 0.11147600 0.48113700
vt 0.11609400 0.47538300
vt 0.12256200 0.47183500
vt 0.10936500 0.48874900
vt 0.11824300 0.48238600
vt 0.89447100 0.00000000
vt 0.89447100 0.14937100
vt 0.90211200 0.03734300
vt 0.90211200 0.07468500
vt 0.90211200 0.11202800
vt 0.90946500 0.03734300
vt 0.90946500 0.07468500
vt 0.90946500 0.11202800
vt 0.91677500 0.03734300
vt 0.91677500 0.07468500
vt 0.91677500 0.11202800
vt 0.92408600 0.00000000
vt 0.92408600 0.14937100
vt 0.89447100 0.12447600
vt 0.89447100 0.09958100
vt 0.89447100 0.07468500
vt 0.89447100 0.04979000
vt 0.89447100 0.02489500
vt 0.90187500 0.00000000
vt 0.90927900 0.00000000
vt 0.91668200 0.00000000
vt 0.90211200 0.01867100
vt 0.89829200 0.03734300
vt 0.89829200 0.01867100
vt 0.90946500 0.01867100
vt 0.90578800 0.03734300
vt 0.90578800 0.01867100
vt 0.91677500 0.01867100
vt 0.91312000 0.03734300
vt 0.91312000 0.01867100
vt 0.92043100 0.03734300
vt 0.92043100 0.01867100
vt 0.92408600 0.02489500
vt 0.92408600 0.04979000
vt 0.92408600 0.07468500
vt 0.92408600 0.09958100
vt 0.92408600 0.12447600
vt 0.91668200 0.14937100
vt 0.90927900 0.14937100
vt 0.90187500 0.14937100
vt 0.91677500 0.13069900
vt 0.92043100 0.11202800
vt 0.92043100 0.13069900
vt 0.90946500 0.13069900
vt 0.91312000 0.11202800
vt 0.91312000 0.13069900
vt 0.90211200 0.13069900
vt 0.90578800 0.11202800
vt 0.90578800 0.13069900
vt 0.89829200 0.11202800
vt 0.89829200 0.13069900
vt 0.48117800 0.69951000
vt 0.48117800 0.76253600
vt 0.63054800 0.69951000
vt 0.63054800 0.76253600
vt 0.50607300 0.69951000
vt 0.53096800 0.69951000
vt 0.55586300 0.69951000
vt 0.58075800 0.69951000
vt 0.60565300 0.69951000
vt 0.55586300 0.73102300
vt 0.60565300 0.76253600
vt 0.58075800 0.76253600
vt 0.55586300 0.76253600
vt 0.53096800 0.76253600
vt 0.50607300 0.76253600
vt 0.63054800 0.76200400
vt 0.55586300 0.74677900
vt 0.59320600 0.73102300
vt 0.59320600 0.74677900
vt 0.59320600 0.75465800
vt 0.61187700 0.74677900
vt 0.61187700 0.75465800
vt 0.61187700 0.75859700
vt 0.62121300 0.75465800
vt 0.62121300 0.75859700
vt 0.62121300 0.76056600
vt 0.62588000 0.75859700
vt 0.62588000 0.76056600
vt 0.62588000 0.76155100
vt 0.62821400 0.76056600
vt 0.62821400 0.76155100
vt 0.62821400 0.76204300
vt 0.62938100 0.76155100
vt 0.62938100 0.76204300
vt 0.63054800 0.70004200
vt 0.63054800 0.72069600
vt 0.63054800 0.74135000
vt 0.55586300 0.71526700
vt 0.59320600 0.71526700
vt 0.61187700 0.71526700
vt 0.59320600 0.70738800
vt 0.61187700 0.70738800
vt 0.62121300 0.70738800
vt 0.61187700 0.70344900
vt 0.62121300 0.70344900
vt 0.62588000 0.70344900
vt 0.62121300 0.70148000
vt 0.62588000 0.70148000
vt 0.62821400 0.70148000
vt 0.62588000 0.70049500
vt 0.62821400 0.70049500
vt 0.62938100 0.70049500
vt 0.62821400 0.70000200
vt 0.62938100 0.70000200
vt 0.63054800 0.56530400
vt 0.48117800 0.56530400
vt 0.59320600 0.57296700
vt 0.55586300 0.57296700
vt 0.51852000 0.57296700
vt 0.59320600 0.58034100
vt 0.55586300 0.58034100
vt 0.51852000 0.58034100
vt 0.59320600 0.58767300
vt 0.55586300 0.58767300
vt 0.51852000 0.58767300
vt 0.59320600 0.59500400
vt 0.55586300 0.59500400
vt 0.51852000 0.59500400
vt 0.59320600 0.60266800
vt 0.55586300 0.60266800
vt 0.51852000 0.60266800
vt 0.59320600 0.61004200
vt 0.55586300 0.61004200
vt 0.51852000 0.61004200
vt 0.59320600 0.61737300
vt 0.55586300 0.61737300
vt 0.51852000 0.61737300
vt 0.63054800 0.62470500
vt 0.48117800 0.62470500
vt 0.60565300 0.62470500
vt 0.58075800 0.62470500
vt 0.55586300 0.62470500
vt 0.53096800 0.62470500
vt 0.50607300 0.62470500
vt 0.48117800 0.61621900
vt 0.48117800 0.60773300
vt 0.48117800 0.59924700
vt 0.48117800 0.59076100
vt 0.48117800 0.58227600
vt 0.48117800 0.57379000
vt 0.49984900 0.61737300
vt 0.51852000 0.62103900
vt 0.49984900 0.62103900
vt 0.49984900 0.61004200
vt 0.51852000 0.61370700
vt 0.49984900 0.61370700
vt 0.49984900 0.60266800
vt 0.51852000 0.60635500
vt 0.49984900 0.60635500
vt 0.49984900 0.59500400
vt 0.51852000 0.59883600
vt 0.49984900 0.59883600
vt 0.49984900 0.58767300
vt 0.51852000 0.59133900
vt 0.49984900 0.59133900
vt 0.49984900 0.58034100
vt 0.51852000 0.58400700
vt 0.49984900 0.58400700
vt 0.49984900 0.57296700
vt 0.51852000 0.57665400
vt 0.49984900 0.57665400
vt 0.51852000 0.56913500
vt 0.49984900 0.56913500
vt 0.50607300 0.56530400
vt 0.53096800 0.56530400
vt 0.55586300 0.56530400
vt 0.58075800 0.56530400
vt 0.60565300 0.56530400
vt 0.63054800 0.57379000
vt 0.63054800 0.58227600
vt 0.63054800 0.59076100
vt 0.63054800 0.59924700
vt 0.63054800 0.60773300
vt 0.63054800 0.61621900
vt 0.61187700 0.57296700
vt 0.59320600 0.56913500
vt 0.61187700 0.56913500
vt 0.61187700 0.58034100
vt 0.59320600 0.57665400
vt 0.61187700 0.57665400
vt 0.61187700 0.58767300
vt 0.59320600 0.58400700
vt 0.61187700 0.58400700
vt 0.61187700 0.59500400
vt 0.59320600 0.59133900
vt 0.61187700 0.59133900
vt 0.61187700 0.60266800
vt 0.59320600 0.59883600
vt 0.61187700 0.59883600
vt 0.61187700 0.61004200
vt 0.59320600 0.60635500
vt 0.61187700 0.60635500
vt 0.61187700 0.61737300
vt 0.59320600 0.61370700
vt 0.61187700 0.61370700
vt 0.59320600 0.62103900
vt 0.61187700 0.62103900
vt 0.47019900 0.00000000
vt 0.40717300 0.00000000
vt 0.47019900 0.14937100
vt 0.40717300 0.14937100
vt 0.47019900 0.02489500
vt 0.47019900 0.04979000
vt 0.47019900 0.07468500
vt 0.47019900 0.09958100
vt 0.47019900 0.12447600
vt 0.43868600 0.07468500
vt 0.40717300 0.12447600
vt 0.40717300 0.09958100
vt 0.40717300 0.07468500
vt 0.40717300 0.04979000
vt 0.40717300 0.02489500
vt 0.46966700 0.00000000
vt 0.45444300 0.07468500
vt 0.43868600 0.03734300
vt 0.45444300 0.03734300
vt 0.46232100 0.03734300
vt 0.45444300 0.01867100
vt 0.46232100 0.01867100
vt 0.46626000 0.01867100
vt 0.46232100 0.00933600
vt 0.46626000 0.00933600
vt 0.46823000 0.00933600
vt 0.46626000 0.00466800
vt 0.46823000 0.00466800
vt 0.46921400 0.00466800
vt 0.46823000 0.00233400
vt 0.46921400 0.00233400
vt 0.46970700 0.00233400
vt 0.46921400 0.00116700
vt 0.46970700 0.00116700
vt 0.40770500 0.00000000
vt 0.42835900 0.00000000
vt 0.44901300 0.00000000
vt 0.42293000 0.07468500
vt 0.42293000 0.03734300
vt 0.41505200 0.03734300
vt 0.42293000 0.01867100
vt 0.41505200 0.01867100
vt 0.41111300 0.01867100
vt 0.41505200 0.00933600
vt 0.41111300 0.00933600
vt 0.40914300 0.00933600
vt 0.41111300 0.00466800
vt 0.40914300 0.00466800
vt 0.40815800 0.00466800
vt 0.40914300 0.00233400
vt 0.40815800 0.00233400
vt 0.40766600 0.00233400
vt 0.40815800 0.00116700
vt 0.40766600 0.00116700
vt 0.14708300 0.35500800
vt 0.14703700 0.35553800
vt 0.14445600 0.36354700
vt 0.13865600 0.36964400
vt 0.13078600 0.37262000
vt 0.12240300 0.37188700
vt 0.11516900 0.36758900
vt 0.11051600 0.36057800
vt 0.10936500 0.35224200
vt 0.10941200 0.35171200
vt 0.11704900 0.35952000
vt 0.12740400 0.36299400
vt 0.13820600 0.36137100
vt 0.04958300 0.12898400
vt 0.05164700 0.12190200
vt 0.05626500 0.11614800
vt 0.06273300 0.11260000
vt 0.07006600 0.11179600
vt 0.09981100 0.13337900
vt 0.09981100 0.12255200
vt 0.07466100 0.13337900
vt 0.07466100 0.12255200
vt 0.06677100 0.14946800
vt 0.05968800 0.14740400
vt 0.05393400 0.14278600
vt 0.05038600 0.13631800
vt 0.09981100 0.14420600
vt 0.07466100 0.14420600
vt 0.13285200 0.11728900
vt 0.14086200 0.11987000
vt 0.14695800 0.12567000
vt 0.14993500 0.13354000
vt 0.14920100 0.14192300
vt 0.14490300 0.14915800
vt 0.13789200 0.15381100
vt 0.12955600 0.15496100
vt 0.12496200 0.13337900
vt 0.12496200 0.12255200
vt 0.12496200 0.14420600
vt 0.07947400 0.41343900
vt 0.08487400 0.35171200
vt 0.08757900 0.35845100
vt 0.08808000 0.36569400
vt 0.08127400 0.39286300
vt 0.08307400 0.37228800
vt 0.08656900 0.38296000
vt 0.08505900 0.40022600
vt 0.08330700 0.40727300
vt 0.05818900 0.35171200
vt 0.05638800 0.37228800
vt 0.05458800 0.39286300
vt 0.05278800 0.41343900
vt 0.05260400 0.36492500
vt 0.05435500 0.35787900
vt 0.05008400 0.40670100
vt 0.04958300 0.39945700
vt 0.05109300 0.38219100
vt 0.61069500 0.35171200
vt 0.61069500 0.44625100
vt 0.62011900 0.39898200
vt 0.62918700 0.39898200
vt 0.63820400 0.39898200
vt 0.64722000 0.35171200
vt 0.64722000 0.44625100
vt 0.61069500 0.41473800
vt 0.61069500 0.38322500
vt 0.61800000 0.35171200
vt 0.62530500 0.35171200
vt 0.63261000 0.35171200
vt 0.63991500 0.35171200
vt 0.62011900 0.37534700
vt 0.61540700 0.39898200
vt 0.61540700 0.37534700
vt 0.62918700 0.37534700
vt 0.62465300 0.39898200
vt 0.62465300 0.37534700
vt 0.63820400 0.37534700
vt 0.63369600 0.39898200
vt 0.63369600 0.37534700
vt 0.64271200 0.39898200
vt 0.64271200 0.37534700
vt 0.64722000 0.38322500
vt 0.64722000 0.41473800
vt 0.63995100 0.44625100
vt 0.63268100 0.44625100
vt 0.63820400 0.42261600
vt 0.64271200 0.42261600
vt 0.62918700 0.42261600
vt 0.63369600 0.42261600
vt 0.62168800 0.44625100
vt 0.62011900 0.42261600
vt 0.62465300 0.42261600
vt 0.61540700 0.42261600
vt 0.27503800 0.35171200
vt 0.24037400 0.35171200
vt 0.27503800 0.44625100
vt 0.24037400 0.44625100
vt 0.27503800 0.38322500
vt 0.27503800 0.41473800
vt 0.25770600 0.35171200
vt 0.25770600 0.39898200
vt 0.24037400 0.41473800
vt 0.24037400 0.38322500
vt 0.26637200 0.44625100
vt 0.25770600 0.44625100
vt 0.24904000 0.44625100
vt 0.25770600 0.42261600
vt 0.26637200 0.39898200
vt 0.26637200 0.42261600
vt 0.24904000 0.39898200
vt 0.24904000 0.42261600
vt 0.74021300 0.35171200
vt 0.74021300 0.44625100
vt 0.74966400 0.39898200
vt 0.75875900 0.39898200
vt 0.76780100 0.39898200
vt 0.77684400 0.39898200
vt 0.78629500 0.39898200
vt 0.79539000 0.39898200
vt 0.80443200 0.39898200
vt 0.81347500 0.35171200
vt 0.81347500 0.44625100
vt 0.81347500 0.38322500
vt 0.81347500 0.41473800
vt 0.80618400 0.44625100
vt 0.79889400 0.44625100
vt 0.80443200 0.42261600
vt 0.80895400 0.39898200
vt 0.80895400 0.42261600
vt 0.79539000 0.42261600
vt 0.79991100 0.39898200
vt 0.79991100 0.42261600
vt 0.78786900 0.44625100
vt 0.77684400 0.44625100
vt 0.76581900 0.44625100
vt 0.75479400 0.44625100
vt 0.78629500 0.42261600
vt 0.79084200 0.39898200
vt 0.79084200 0.42261600
vt 0.77684400 0.42261600
vt 0.76780100 0.42261600
vt 0.77232300 0.39898200
vt 0.77232300 0.42261600
vt 0.75875900 0.42261600
vt 0.76328000 0.39898200
vt 0.76328000 0.42261600
vt 0.74966400 0.42261600
vt 0.75421100 0.39898200
vt 0.75421100 0.42261600
vt 0.74750300 0.44625100
vt 0.74493800 0.39898200
vt 0.74493800 0.42261600
vt 0.74021300 0.41473800
vt 0.74021300 0.38322500
vt 0.74835300 0.35171200
vt 0.75649300 0.35171200
vt 0.76463400 0.35171200
vt 0.77277400 0.35171200
vt 0.78091400 0.35171200
vt 0.78905400 0.35171200
vt 0.79719400 0.35171200
vt 0.80533500 0.35171200
vt 0.74966400 0.37534700
vt 0.74493800 0.37534700
vt 0.75875900 0.37534700
vt 0.75421100 0.37534700
vt 0.76780100 0.37534700
vt 0.76328000 0.37534700
vt 0.77684400 0.37534700
vt 0.77232300 0.37534700
vt 0.78629500 0.37534700
vt 0.78156900 0.39898200
vt 0.78156900 0.37534700
vt 0.79539000 0.37534700
vt 0.79084200 0.37534700
vt 0.80443200 0.37534700
vt 0.79991100 0.37534700
vt 0.80895400 0.37534700
vt 0.39544000 0.35171200
vt 0.36077600 0.35171200
vt 0.39544000 0.44625100
vt 0.36077600 0.44625100
vt 0.39544000 0.38322500
vt 0.39544000 0.41473800
vt 0.36077600 0.41473800
vt 0.36077600 0.38322500
vt 0.37810800 0.44625100
vt 0.37810800 0.39898200
vt 0.36944200 0.35171200
vt 0.37810800 0.35171200
vt 0.38677400 0.35171200
vt 0.36944200 0.39898200
vt 0.37810800 0.37534700
vt 0.36944200 0.37534700
vt 0.38677400 0.39898200
vt 0.38677400 0.37534700
vt 0.06810500 0.02281900
vt 0.06904200 0.03137500
vt 0.07318100 0.03892100
vt 0.07989400 0.04430800
vt 0.08815700 0.04671600
vt 0.09671300 0.04577900
vt 0.10425900 0.04163900
vt 0.10964600 0.03492700
vt 0.11205500 0.02666400
vt 0.04958300 0.02119800
vt 0.05134800 0.01411900
vt 0.05521400 0.00793200
vt 0.06080300 0.00324200
vt 0.06756800 0.00050900
vt 0.07484600 0.00000000
vt 0.07078100 0.04646100
vt 0.06370200 0.04469600
vt 0.05751500 0.04083000
vt 0.05282500 0.03524100
vt 0.05009200 0.02847600
vt 0.08347900 0.00075500
vt 0.09211200 0.00151100
vt 0.10074500 0.00226600
vt 0.10937800 0.00302100
vt 0.11720100 0.00511700
vt 0.12383500 0.00976300
vt 0.12848000 0.01639700
vt 0.13057600 0.02421900
vt 0.12987100 0.03228700
vt 0.12644800 0.03962700
vt 0.12072100 0.04535400
vt 0.11338100 0.04877700
vt 0.10531300 0.04948300
vt 0.09668000 0.04872700
vt 0.08804700 0.04797200
vt 0.07941400 0.04721700
vt 0.11111800 0.01810800
vt 0.10697800 0.01056200
vt 0.10026500 0.00517500
vt 0.09200200 0.00276600
vt 0.08344600 0.00370300
vt 0.07590000 0.00784300
vt 0.07051300 0.01455600
vt 0.06109000 0.00700600
vt 0.06109000 0.02119400
vt 0.06109000 0.02828800
vt 0.06109000 0.03538300
vt 0.11906900 0.01410000
vt 0.11906900 0.02828800
vt 0.11906900 0.04247700
vt 0.11906900 0.03538300
vt 0.04958300 0.20931800
vt 0.04958300 0.24083100
vt 0.08423400 0.24083100
vt 0.11888500 0.20931800
vt 0.11888500 0.24083100
vt 0.04958300 0.22507500
vt 0.11888500 0.22507500
vt 0.05420300 0.20931800
vt 0.05882300 0.20931800
vt 0.06344300 0.20931800
vt 0.06806300 0.20931800
vt 0.07268300 0.20931800
vt 0.07730400 0.20931800
vt 0.08192400 0.20931800
vt 0.08654400 0.20931800
vt 0.09116400 0.20931800
vt 0.09578400 0.20931800
vt 0.10040400 0.20931800
vt 0.10502400 0.20931800
vt 0.10964400 0.20931800
vt 0.11426500 0.20931800
vt 0.11022200 0.24083100
vt 0.10155900 0.24083100
vt 0.09289700 0.24083100
vt 0.07557100 0.24083100
vt 0.06690800 0.24083100
vt 0.05824600 0.24083100
vt 0.65518600 0.15305200
vt 0.64925000 0.15366700
vt 0.64378200 0.15659700
vt 0.63986600 0.16141700
vt 0.63811900 0.16735200
vt 0.63878100 0.17347000
vt 0.64179600 0.17893900
vt 0.64659000 0.18275200
vt 0.65244000 0.18444400
vt 0.65189000 0.19072300
vt 0.64736400 0.18984300
vt 0.64311900 0.18804100
vt 0.63934100 0.18539600
vt 0.63619600 0.18202300
vt 0.63382100 0.17807100
vt 0.63231900 0.17371000
vt 0.63175700 0.16913300
vt 0.63215900 0.16453900
vt 0.63350800 0.16012900
vt 0.63574300 0.15609600
vt 0.63876900 0.15261500
vt 0.64245200 0.14984000
vt 0.64663100 0.14789100
vt 0.65112500 0.14685300
vt 0.65573600 0.14677300
vt 0.66026200 0.14765300
vt 0.66450700 0.14945500
vt 0.66828500 0.15210000
vt 0.67143000 0.15547300
vt 0.67380500 0.15942500
vt 0.67530700 0.16378600
vt 0.67586900 0.16836300
vt 0.67546700 0.17295700
vt 0.67411800 0.17736700
vt 0.67188300 0.18140100
vt 0.66885700 0.18488100
vt 0.66517400 0.18765600
vt 0.66099500 0.18960500
vt 0.65650100 0.19064300
vt 0.65837600 0.18382900
vt 0.66384300 0.18089900
vt 0.66776000 0.17607900
vt 0.66950700 0.17014400
vt 0.66884500 0.16402600
vt 0.66583000 0.15855700
vt 0.66103600 0.15474500
vt 0.66326700 0.15299200
vt 0.65066200 0.15299200
vt 0.66956900 0.17189900
vt 0.66956900 0.15929400
vt 0.64435900 0.15299200
vt 0.63805700 0.15929400
vt 0.63805700 0.17189900
vt 0.66956900 0.17820200
vt 0.66326700 0.18450400
vt 0.65066200 0.18450400
vt 0.63805700 0.17820200
vt 0.64435900 0.18450400
vt 0.16830200 0.59095300
vt 0.04958300 0.59095300
vt 0.15083200 0.59911100
vt 0.13322800 0.59911100
vt 0.11435800 0.59911100
vt 0.09304600 0.59911100
vt 0.07006200 0.59911100
vt 0.04958300 0.59911100
vt 0.15083200 0.60539900
vt 0.13322800 0.60539900
vt 0.11435800 0.60539900
vt 0.09304600 0.60539900
vt 0.07006200 0.60539900
vt 0.04958300 0.60539900
vt 0.15083200 0.61082700
vt 0.13322800 0.61082700
vt 0.11435800 0.61082700
vt 0.09304600 0.61082700
vt 0.07006200 0.61082700
vt 0.04958300 0.61082700
vt 0.15083200 0.61576200
vt 0.13322800 0.61576200
vt 0.11435800 0.61576200
vt 0.09304600 0.61576200
vt 0.07006200 0.61576200
vt 0.04958300 0.61576200
vt 0.15083200 0.62072600
vt 0.13322800 0.62072600
vt 0.11435800 0.62072600
vt 0.09304600 0.62072600
vt 0.07006200 0.62072600
vt 0.04958300 0.62072600
vt 0.15083200 0.62613000
vt 0.13322800 0.62613000
vt 0.11435800 0.62613000
vt 0.09304600 0.62613000
vt 0.07006200 0.62613000
vt 0.04958300 0.62613000
vt 0.15083200 0.63251900
vt 0.13322800 0.63251900
vt 0.11435800 0.63251900
vt 0.09304600 0.63251900
vt 0.07006200 0.63251900
vt 0.04958300 0.63251900
vt 0.16830200 0.64053600
vt 0.04958300 0.64053600
vt 0.05982200 0.59911100
vt 0.04958300 0.59503200
vt 0.07006200 0.59503200
vt 0.05982200 0.59503200
vt 0.05982200 0.60539900
vt 0.04958300 0.60225600
vt 0.07006200 0.60225600
vt 0.05982200 0.60225600
vt 0.05982200 0.61082700
vt 0.04958300 0.60811300
vt 0.07006200 0.60811300
vt 0.05982200 0.60811300
vt 0.05982200 0.61576200
vt 0.04958300 0.61329500
vt 0.07006200 0.61329500
vt 0.05982200 0.61329500
vt 0.05982200 0.62072600
vt 0.04958300 0.61824400
vt 0.07006200 0.61824400
vt 0.05982200 0.61824400
vt 0.05982200 0.62613000
vt 0.04958300 0.62342800
vt 0.07006200 0.62342800
vt 0.05982200 0.62342800
vt 0.05982200 0.63251900
vt 0.04958300 0.62932400
vt 0.07006200 0.62932400
vt 0.05982200 0.62932400
vt 0.04958300 0.63652700
vt 0.07006200 0.63652700
vt 0.05982200 0.63652700
vt 0.05470300 0.62613000
vt 0.04958300 0.62477900
vt 0.05470300 0.62342800
vt 0.05982200 0.62477900
vt 0.05470300 0.62477900
vt 0.04958300 0.62207700
vt 0.05470300 0.62072600
vt 0.05982200 0.62207700
vt 0.05470300 0.62207700
vt 0.05470300 0.62932400
vt 0.04958300 0.62772700
vt 0.05982200 0.62772700
vt 0.05470300 0.62772700
vt 0.06494200 0.63251900
vt 0.05982200 0.63092100
vt 0.06494200 0.62932400
vt 0.07006200 0.63092100
vt 0.06494200 0.63092100
vt 0.08155400 0.63251900
vt 0.08155400 0.62613000
vt 0.09304600 0.62932400
vt 0.08155400 0.62932400
vt 0.06494200 0.63652700
vt 0.05982200 0.63452300
vt 0.07006200 0.63452300
vt 0.06494200 0.63452300
vt 0.09304600 0.63652700
vt 0.08155400 0.63652700
vt 0.05982200 0.63853200
vt 0.07006200 0.63853200
vt 0.06494200 0.63853200
vt 0.05214300 0.62207700
vt 0.04958300 0.62140200
vt 0.05214300 0.62072600
vt 0.05470300 0.62140200
vt 0.05214300 0.62140200
vt 0.04958300 0.61948500
vt 0.05470300 0.61824400
vt 0.05982200 0.61948500
vt 0.05470300 0.61948500
vt 0.05982200 0.63953400
vt 0.06238200 0.63853200
vt 0.06494200 0.63953400
vt 0.06238200 0.63953400
vt 0.04958300 0.63853200
vt 0.05470300 0.63652700
vt 0.05470300 0.63853200
vt 0.05086300 0.62140200
vt 0.04958300 0.62106400
vt 0.05086300 0.62072600
vt 0.05214300 0.62106400
vt 0.05086300 0.62106400
vt 0.04958300 0.62010600
vt 0.05214300 0.61948500
vt 0.05470300 0.62010600
vt 0.05214300 0.62010600
vt 0.05022300 0.62140200
vt 0.04958300 0.62123300
vt 0.05022300 0.62106400
vt 0.05086300 0.62123300
vt 0.05022300 0.62123300
vt 0.05086300 0.62207700
vt 0.04958300 0.62174000
vt 0.05214300 0.62174000
vt 0.05086300 0.62174000
vt 0.05214300 0.62342800
vt 0.04958300 0.62275300
vt 0.05470300 0.62275300
vt 0.05214300 0.62275300
vt 0.04958300 0.62089500
vt 0.05022300 0.62072600
vt 0.05086300 0.62089500
vt 0.05022300 0.62089500
vt 0.04958300 0.62041600
vt 0.05086300 0.62010600
vt 0.05214300 0.62041600
vt 0.05086300 0.62041600
vt 0.05700300 0.59095300
vt 0.06442300 0.59095300
vt 0.07926300 0.59095300
vt 0.09410300 0.59095300
vt 0.10894300 0.59095300
vt 0.11636300 0.59095300
vt 0.12378300 0.59095300
vt 0.13120300 0.59095300
vt 0.13862200 0.59095300
vt 0.14604200 0.59095300
vt 0.15346200 0.59095300
vt 0.16088200 0.59095300
vt 0.16088200 0.64053600
vt 0.15346200 0.64053600
vt 0.14604200 0.64053600
vt 0.13862200 0.64053600
vt 0.13120300 0.64053600
vt 0.12378300 0.64053600
vt 0.11636300 0.64053600
vt 0.10894300 0.64053600
vt 0.09410300 0.64053600
vt 0.07926300 0.64053600
vt 0.06349500 0.64053600
vt 0.06303100 0.64053600
vt 0.06256800 0.64053600
vt 0.06210400 0.64053600
vt 0.06164000 0.64053600
vt 0.06238200 0.64003500
vt 0.06366200 0.63953400
vt 0.06494200 0.64003500
vt 0.06366200 0.64003500
vt 0.06750200 0.63853200
vt 0.07006200 0.63953400
vt 0.06750200 0.63953400
vt 0.07580800 0.63652700
vt 0.08155400 0.63853200
vt 0.07580800 0.63853200
vt 0.06238200 0.64028500
vt 0.06302200 0.64003500
vt 0.06366200 0.64028500
vt 0.06302200 0.64028500
vt 0.05982200 0.64003500
vt 0.06110200 0.63953400
vt 0.06110200 0.64003500
vt 0.05470300 0.63953400
vt 0.05726200 0.63853200
vt 0.05726200 0.63953400
vt 0.06302200 0.64041100
vt 0.06334200 0.64028500
vt 0.06366200 0.64041100
vt 0.06334200 0.64041100
vt 0.06430200 0.64003500
vt 0.06494200 0.64028500
vt 0.06430200 0.64028500
vt 0.06622200 0.63953400
vt 0.06750200 0.64003500
vt 0.06622200 0.64003500
vt 0.06238200 0.64041100
vt 0.06270200 0.64028500
vt 0.06270200 0.64041100
vt 0.06110200 0.64028500
vt 0.06174200 0.64003500
vt 0.06174200 0.64028500
vt 0.06174200 0.64041100
vt 0.06206200 0.64028500
vt 0.06206200 0.64041100
vt 0.06110200 0.64041100
vt 0.06142200 0.64028500
vt 0.06142200 0.64041100
vt 0.05982200 0.64028500
vt 0.06046200 0.64003500
vt 0.06046200 0.64028500
vt 0.05726200 0.64003500
vt 0.05854200 0.63953400
vt 0.05854200 0.64003500
vt 0.16830200 0.59715100
vt 0.16830200 0.60334900
vt 0.16830200 0.60954600
vt 0.16830200 0.61574400
vt 0.16830200 0.62194200
vt 0.16830200 0.62814000
vt 0.16830200 0.63433800
vt 0.15956700 0.59911100
vt 0.15083200 0.59503200
vt 0.15956700 0.59503200
vt 0.15083200 0.63652700
vt 0.15956700 0.63251900
vt 0.15956700 0.63652700
vt 0.99853500 0.84190400
vt 0.86446900 0.84190400
vt 0.39523800 0.84190400
vt 0.04958300 0.84190400
vt 0.99853500 0.85006300
vt 0.98561400 0.85006300
vt 0.97097600 0.85006300
vt 0.95462900 0.85006300
vt 0.93577900 0.85006300
vt 0.91408800 0.85006300
vt 0.88996400 0.85006300
vt 0.86446900 0.85006300
vt 0.83523500 0.85006300
vt 0.80568400 0.85006300
vt 0.77535800 0.85006300
vt 0.74526200 0.85006300
vt 0.71624100 0.85006300
vt 0.68917800 0.85006300
vt 0.66337000 0.85006300
vt 0.63757800 0.85006300
vt 0.61334100 0.85006300
vt 0.58926000 0.85006300
vt 0.56581600 0.85006300
vt 0.54262500 0.85006300
vt 0.51967200 0.85006300
vt 0.49762200 0.85006300
vt 0.47603400 0.85006300
vt 0.45481700 0.85006300
vt 0.43482100 0.85006300
vt 0.41549700 0.85006300
vt 0.39523800 0.85006300
vt 0.37764000 0.85006300
vt 0.35943800 0.85006300
vt 0.34128600 0.85006300
vt 0.32312200 0.85006300
vt 0.30472700 0.85006300
vt 0.28575500 0.85006300
vt 0.26678300 0.85006300
vt 0.24712200 0.85006300
vt 0.22665100 0.85006300
vt 0.20570300 0.85006300
vt 0.18374900 0.85006300
vt 0.16340900 0.85006300
vt 0.14272400 0.85006300
vt 0.12259400 0.85006300
vt 0.10349700 0.85006300
vt 0.08492000 0.85006300
vt 0.06714600 0.85006300
vt 0.99853500 0.85635100
vt 0.98561400 0.85635100
vt 0.97097600 0.85635100
vt 0.95462900 0.85635100
vt 0.93577900 0.85635100
vt 0.91408800 0.85635100
vt 0.88996400 0.85635100
vt 0.86446900 0.85635100
vt 0.83523500 0.85635100
vt 0.80568400 0.85635100
vt 0.77535800 0.85635100
vt 0.74526200 0.85635100
vt 0.71624100 0.85635100
vt 0.68917800 0.85635100
vt 0.66337000 0.85635100
vt 0.63757800 0.85635100
vt 0.61334100 0.85635100
vt 0.58926000 0.85635100
vt 0.56581600 0.85635100
vt 0.54262500 0.85635100
vt 0.51967200 0.85635100
vt 0.49762200 0.85635100
vt 0.47603400 0.85635100
vt 0.45481700 0.85635100
vt 0.43482100 0.85635100
vt 0.41549700 0.85635100
vt 0.39523800 0.85635100
vt 0.37764000 0.85635100
vt 0.35943800 0.85635100
vt 0.34128600 0.85635100
vt 0.32312200 0.85635100
vt 0.30472700 0.85635100
vt 0.28575500 0.85635100
vt 0.26678300 0.85635100
vt 0.24712200 0.85635100
vt 0.22665100 0.85635100
vt 0.20570300 0.85635100
vt 0.18374900 0.85635100
vt 0.16340900 0.85635100
vt 0.14272400 0.85635100
vt 0.12259400 0.85635100
vt 0.10349700 0.85635100
vt 0.08492000 0.85635100
vt 0.06714600 0.85635100
vt 0.99853500 0.86177800
vt 0.98561400 0.86177800
vt 0.97097600 0.86177800
vt 0.95462900 0.86177800
vt 0.93577900 0.86177800
vt 0.91408800 0.86177800
vt 0.88996400 0.86177800
vt 0.86446900 0.86177800
vt 0.83523500 0.86177800
vt 0.80568400 0.86177800
vt 0.77535800 0.86177800
vt 0.74526200 0.86177800
vt 0.71624100 0.86177800
vt 0.68917800 0.86177800
vt 0.66337000 0.86177800
vt 0.63757800 0.86177800
vt 0.61334100 0.86177800
vt 0.58926000 0.86177800
vt 0.56581600 0.86177800
vt 0.54262500 0.86177800
vt 0.51967200 0.86177800
vt 0.49762200 0.86177800
vt 0.47603400 0.86177800
vt 0.45481700 0.86177800
vt 0.43482100 0.86177800
vt 0.41549700 0.86177800
vt 0.39523800 0.86177800
vt 0.37764000 0.86177800
vt 0.35943800 0.86177800
vt 0.34128600 0.86177800
vt 0.32312200 0.86177800
vt 0.30472700 0.86177800
vt 0.28575500 0.86177800
vt 0.26678300 0.86177800
vt 0.24712200 0.86177800
vt 0.22665100 0.86177800
vt 0.20570300 0.86177800
vt 0.18374900 0.86177800
vt 0.16340900 0.86177800
vt 0.14272400 0.86177800
vt 0.12259400 0.86177800
vt 0.10349700 0.86177800
vt 0.08492000 0.86177800
vt 0.06714600 0.86177800
vt 0.99853500 0.86671400
vt 0.98561400 0.86671400
vt 0.97097600 0.86671400
vt 0.95462900 0.86671400
vt 0.93577900 0.86671400
vt 0.91408800 0.86671400
vt 0.88996400 0.86671400
vt 0.86446900 0.86671400
vt 0.83523500 0.86671400
vt 0.80568400 0.86671400
vt 0.77535800 0.86671400
vt 0.74526200 0.86671400
vt 0.71624100 0.86671400
vt 0.68917800 0.86671400
vt 0.66337000 0.86671400
vt 0.63757800 0.86671400
vt 0.61334100 0.86671400
vt 0.58926000 0.86671400
vt 0.56581600 0.86671400
vt 0.54262500 0.86671400
vt 0.51967200 0.86671400
vt 0.49762200 0.86671400
vt 0.47603400 0.86671400
vt 0.45481700 0.86671400
vt 0.43482100 0.86671400
vt 0.41549700 0.86671400
vt 0.39523800 0.86671400
vt 0.37764000 0.86671400
vt 0.35943800 0.86671400
vt 0.34128600 0.86671400
vt 0.32312200 0.86671400
vt 0.30472700 0.86671400
vt 0.28575500 0.86671400
vt 0.26678300 0.86671400
vt 0.24712200 0.86671400
vt 0.22665100 0.86671400
vt 0.20570300 0.86671400
vt 0.18374900 0.86671400
vt 0.16340900 0.86671400
vt 0.14272400 0.86671400
vt 0.12259400 0.86671400
vt 0.10349700 0.86671400
vt 0.08492000 0.86671400
vt 0.06714600 0.86671400
vt 0.99853500 0.87167800
vt 0.98561400 0.87167800
vt 0.97097600 0.87167800
vt 0.95462900 0.87167800
vt 0.93577900 0.87167800
vt 0.91408800 0.87167800
vt 0.88996400 0.87167800
vt 0.86446900 0.87167800
vt 0.83523500 0.87167800
vt 0.80568400 0.87167800
vt 0.77535800 0.87167800
vt 0.74526200 0.87167800
vt 0.71624100 0.87167800
vt 0.68917800 0.87167800
vt 0.66337000 0.87167800
vt 0.63757800 0.87167800
vt 0.61334100 0.87167800
vt 0.58926000 0.87167800
vt 0.56581600 0.87167800
vt 0.54262500 0.87167800
vt 0.51967200 0.87167800
vt 0.49762200 0.87167800
vt 0.47603400 0.87167800
vt 0.45481700 0.87167800
vt 0.43482100 0.87167800
vt 0.41549700 0.87167800
vt 0.39523800 0.87167800
vt 0.37764000 0.87167800
vt 0.35943800 0.87167800
vt 0.34128600 0.87167800
vt 0.32312200 0.87167800
vt 0.30472700 0.87167800
vt 0.28575500 0.87167800
vt 0.26678300 0.87167800
vt 0.24712200 0.87167800
vt 0.22665100 0.87167800
vt 0.20570300 0.87167800
vt 0.18374900 0.87167800
vt 0.16340900 0.87167800
vt 0.14272400 0.87167800
vt 0.12259400 0.87167800
vt 0.10349700 0.87167800
vt 0.08492000 0.87167800
vt 0.06714600 0.87167800
vt 0.99853500 0.87708200
vt 0.98561400 0.87708200
vt 0.97097600 0.87708200
vt 0.95462900 0.87708200
vt 0.93577900 0.87708200
vt 0.91408800 0.87708200
vt 0.88996400 0.87708200
vt 0.86446900 0.87708200
vt 0.83523500 0.87708200
vt 0.80568400 0.87708200
vt 0.77535800 0.87708200
vt 0.74526200 0.87708200
vt 0.71624100 0.87708200
vt 0.68917800 0.87708200
vt 0.66337000 0.87708200
vt 0.63757800 0.87708200
vt 0.61334100 0.87708200
vt 0.58926000 0.87708200
vt 0.56581600 0.87708200
vt 0.54262500 0.87708200
vt 0.51967200 0.87708200
vt 0.49762200 0.87708200
vt 0.47603400 0.87708200
vt 0.45481700 0.87708200
vt 0.43482100 0.87708200
vt 0.41549700 0.87708200
vt 0.39523800 0.87708200
vt 0.37764000 0.87708200
vt 0.35943800 0.87708200
vt 0.34128600 0.87708200
vt 0.32312200 0.87708200
vt 0.30472700 0.87708200
vt 0.28575500 0.87708200
vt 0.26678300 0.87708200
vt 0.24712200 0.87708200
vt 0.22665100 0.87708200
vt 0.20570300 0.87708200
vt 0.18374900 0.87708200
vt 0.16340900 0.87708200
vt 0.14272400 0.87708200
vt 0.12259400 0.87708200
vt 0.10349700 0.87708200
vt 0.08492000 0.87708200
vt 0.06714600 0.87708200
vt 0.99853500 0.88347000
vt 0.98561400 0.88347000
vt 0.97097600 0.88347000
vt 0.95462900 0.88347000
vt 0.93577900 0.88347000
vt 0.91408800 0.88347000
vt 0.88996400 0.88347000
vt 0.86446900 0.88347000
vt 0.83523500 0.88347000
vt 0.80568400 0.88347000
vt 0.77535800 0.88347000
vt 0.74526200 0.88347000
vt 0.71624100 0.88347000
vt 0.68917800 0.88347000
vt 0.66337000 0.88347000
vt 0.63757800 0.88347000
vt 0.61334100 0.88347000
vt 0.58926000 0.88347000
vt 0.56581600 0.88347000
vt 0.54262500 0.88347000
vt 0.51967200 0.88347000
vt 0.49762200 0.88347000
vt 0.47603400 0.88347000
vt 0.45481700 0.88347000
vt 0.43482100 0.88347000
vt 0.41549700 0.88347000
vt 0.39523800 0.88347000
vt 0.37764000 0.88347000
vt 0.35943800 0.88347000
vt 0.34128600 0.88347000
vt 0.32312200 0.88347000
vt 0.30472700 0.88347000
vt 0.28575500 0.88347000
vt 0.26678300 0.88347000
vt 0.24712200 0.88347000
vt 0.22665100 0.88347000
vt 0.20570300 0.88347000
vt 0.18374900 0.88347000
vt 0.16340900 0.88347000
vt 0.14272400 0.88347000
vt 0.12259400 0.88347000
vt 0.10349700 0.88347000
vt 0.08492000 0.88347000
vt 0.06714600 0.88347000
vt 0.99853500 0.89148700
vt 0.86446900 0.89148700
vt 0.04958300 0.89148700
vt 0.92493300 0.85006300
vt 0.91408800 0.84598300
vt 0.93577900 0.84598300
vt 0.92493300 0.84598300
vt 0.90202600 0.85006300
vt 0.88996400 0.84598300
vt 0.90202600 0.84598300
vt 0.87721700 0.85006300
vt 0.86446900 0.84598300
vt 0.87721700 0.84598300
vt 0.84985200 0.85006300
vt 0.83523500 0.84598300
vt 0.84985200 0.84598300
vt 0.82045900 0.85006300
vt 0.80568400 0.84598300
vt 0.82045900 0.84598300
vt 0.79052100 0.85006300
vt 0.77535800 0.84598300
vt 0.79052100 0.84598300
vt 0.76031000 0.85006300
vt 0.74526200 0.84598300
vt 0.76031000 0.84598300
vt 0.92493300 0.85635100
vt 0.91408800 0.85320700
vt 0.93577900 0.85320700
vt 0.92493300 0.85320700
vt 0.90202600 0.85635100
vt 0.88996400 0.85320700
vt 0.90202600 0.85320700
vt 0.87721700 0.85635100
vt 0.86446900 0.85320700
vt 0.87721700 0.85320700
vt 0.84985200 0.85635100
vt 0.83523500 0.85320700
vt 0.84985200 0.85320700
vt 0.82045900 0.85635100
vt 0.80568400 0.85320700
vt 0.82045900 0.85320700
vt 0.79052100 0.85635100
vt 0.77535800 0.85320700
vt 0.79052100 0.85320700
vt 0.90202600 0.86177800
vt 0.88996400 0.85906400
vt 0.91408800 0.85906400
vt 0.90202600 0.85906400
vt 0.84985200 0.86177800
vt 0.83523500 0.85906400
vt 0.86446900 0.85906400
vt 0.84985200 0.85906400
vt 0.82045900 0.86177800
vt 0.80568400 0.85906400
vt 0.82045900 0.85906400
vt 0.79052100 0.86177800
vt 0.77535800 0.85906400
vt 0.79052100 0.85906400
vt 0.84985200 0.86671400
vt 0.83523500 0.86424600
vt 0.86446900 0.86424600
vt 0.84985200 0.86424600
vt 0.84985200 0.87167800
vt 0.83523500 0.86919600
vt 0.86446900 0.86919600
vt 0.84985200 0.86919600
vt 0.92493300 0.87708200
vt 0.91408800 0.87438000
vt 0.92493300 0.87167800
vt 0.93577900 0.87438000
vt 0.92493300 0.87438000
vt 0.90202600 0.87708200
vt 0.88996400 0.87438000
vt 0.90202600 0.87167800
vt 0.90202600 0.87438000
vt 0.87721700 0.87708200
vt 0.86446900 0.87438000
vt 0.87721700 0.87167800
vt 0.87721700 0.87438000
vt 0.84985200 0.87708200
vt 0.83523500 0.87438000
vt 0.84985200 0.87438000
vt 0.82045900 0.87708200
vt 0.80568400 0.87438000
vt 0.82045900 0.87167800
vt 0.82045900 0.87438000
vt 0.79052100 0.87708200
vt 0.77535800 0.87438000
vt 0.79052100 0.87167800
vt 0.79052100 0.87438000
vt 0.92493300 0.88347000
vt 0.91408800 0.88027600
vt 0.93577900 0.88027600
vt 0.92493300 0.88027600
vt 0.90202600 0.88347000
vt 0.88996400 0.88027600
vt 0.90202600 0.88027600
vt 0.87721700 0.88347000
vt 0.86446900 0.88027600
vt 0.87721700 0.88027600
vt 0.84985200 0.88347000
vt 0.83523500 0.88027600
vt 0.84985200 0.88027600
vt 0.82045900 0.88347000
vt 0.80568400 0.88027600
vt 0.82045900 0.88027600
vt 0.79052100 0.88347000
vt 0.77535800 0.88027600
vt 0.79052100 0.88027600
vt 0.76031000 0.88347000
vt 0.74526200 0.88027600
vt 0.76031000 0.87708200
vt 0.76031000 0.88027600
vt 0.91408800 0.88747900
vt 0.93577900 0.88747900
vt 0.92493300 0.88747900
vt 0.88996400 0.88747900
vt 0.90202600 0.88747900
vt 0.86446900 0.88747900
vt 0.87721700 0.88747900
vt 0.83523500 0.88747900
vt 0.84985200 0.88747900
vt 0.80568400 0.88747900
vt 0.82045900 0.88747900
vt 0.77535800 0.88747900
vt 0.79052100 0.88747900
vt 0.74526200 0.88747900
vt 0.76031000 0.88747900
vt 0.18374900 0.88747900
vt 0.19472600 0.88347000
vt 0.20570300 0.88747900
vt 0.19472600 0.88747900
vt 0.06007400 0.84190400
vt 0.06845300 0.84190400
vt 0.07683200 0.84190400
vt 0.08521100 0.84190400
vt 0.09359000 0.84190400
vt 0.11034800 0.84190400
vt 0.12710700 0.84190400
vt 0.14386500 0.84190400
vt 0.16062300 0.84190400
vt 0.17738100 0.84190400
vt 0.19414000 0.84190400
vt 0.21089800 0.84190400
vt 0.22765600 0.84190400
vt 0.24441400 0.84190400
vt 0.26117300 0.84190400
vt 0.27793100 0.84190400
vt 0.28631000 0.84190400
vt 0.29468900 0.84190400
vt 0.30306800 0.84190400
vt 0.31144700 0.84190400
vt 0.31982600 0.84190400
vt 0.32820500 0.84190400
vt 0.33658500 0.84190400
vt 0.34496400 0.84190400
vt 0.35334300 0.84190400
vt 0.36172200 0.84190400
vt 0.37010100 0.84190400
vt 0.37848000 0.84190400
vt 0.38685900 0.84190400
vt 0.40361800 0.84190400
vt 0.41199700 0.84190400
vt 0.42037600 0.84190400
vt 0.42875500 0.84190400
vt 0.43713400 0.84190400
vt 0.44551300 0.84190400
vt 0.45389200 0.84190400
vt 0.46227100 0.84190400
vt 0.47065000 0.84190400
vt 0.47903000 0.84190400
vt 0.48740900 0.84190400
vt 0.49578800 0.84190400
vt 0.50416700 0.84190400
vt 0.51254600 0.84190400
vt 0.52092500 0.84190400
vt 0.52930400 0.84190400
vt 0.53768300 0.84190400
vt 0.54606300 0.84190400
vt 0.55444200 0.84190400
vt 0.56282100 0.84190400
vt 0.57957900 0.84190400
vt 0.59633700 0.84190400
vt 0.61309600 0.84190400
vt 0.62985400 0.84190400
vt 0.64661200 0.84190400
vt 0.66337000 0.84190400
vt 0.68012900 0.84190400
vt 0.69688700 0.84190400
vt 0.71364500 0.84190400
vt 0.73040300 0.84190400
vt 0.74716200 0.84190400
vt 0.76392000 0.84190400
vt 0.78067800 0.84190400
vt 0.79743600 0.84190400
vt 0.81419500 0.84190400
vt 0.83095300 0.84190400
vt 0.84771100 0.84190400
vt 0.88122700 0.84190400
vt 0.89798600 0.84190400
vt 0.91474400 0.84190400
vt 0.93150200 0.84190400
vt 0.93988100 0.84190400
vt 0.94826000 0.84190400
vt 0.95664000 0.84190400
vt 0.96501900 0.84190400
vt 0.97339800 0.84190400
vt 0.98177700 0.84190400
vt 0.99015600 0.84190400
vt 0.99015600 0.89148700
vt 0.98177700 0.89148700
vt 0.97339800 0.89148700
vt 0.96501900 0.89148700
vt 0.95664000 0.89148700
vt 0.94826000 0.89148700
vt 0.93988100 0.89148700
vt 0.93150200 0.89148700
vt 0.92312300 0.89148700
vt 0.91474400 0.89148700
vt 0.89798600 0.89148700
vt 0.88122700 0.89148700
vt 0.84771100 0.89148700
vt 0.83095300 0.89148700
vt 0.81419500 0.89148700
vt 0.79743600 0.89148700
vt 0.78067800 0.89148700
vt 0.76392000 0.89148700
vt 0.74716200 0.89148700
vt 0.73040300 0.89148700
vt 0.71364500 0.89148700
vt 0.69688700 0.89148700
vt 0.68012900 0.89148700
vt 0.66337000 0.89148700
vt 0.64661200 0.89148700
vt 0.62985400 0.89148700
vt 0.61309600 0.89148700
vt 0.59633700 0.89148700
vt 0.57957900 0.89148700
vt 0.56282100 0.89148700
vt 0.54606300 0.89148700
vt 0.52930400 0.89148700
vt 0.51254600 0.89148700
vt 0.50416700 0.89148700
vt 0.49578800 0.89148700
vt 0.48740900 0.89148700
vt 0.47903000 0.89148700
vt 0.47065000 0.89148700
vt 0.46227100 0.89148700
vt 0.45389200 0.89148700
vt 0.44551300 0.89148700
vt 0.43713400 0.89148700
vt 0.42875500 0.89148700
vt 0.42037600 0.89148700
vt 0.41199700 0.89148700
vt 0.40361800 0.89148700
vt 0.39523800 0.89148700
vt 0.38685900 0.89148700
vt 0.37848000 0.89148700
vt 0.37010100 0.89148700
vt 0.36172200 0.89148700
vt 0.35334300 0.89148700
vt 0.34496400 0.89148700
vt 0.33658500 0.89148700
vt 0.32820500 0.89148700
vt 0.31982600 0.89148700
vt 0.31144700 0.89148700
vt 0.30306800 0.89148700
vt 0.29468900 0.89148700
vt 0.28631000 0.89148700
vt 0.27793100 0.89148700
vt 0.26955200 0.89148700
vt 0.26117300 0.89148700
vt 0.25279300 0.89148700
vt 0.24441400 0.89148700
vt 0.23603500 0.89148700
vt 0.22765600 0.89148700
vt 0.21927700 0.89148700
vt 0.21089800 0.89148700
vt 0.20251900 0.89148700
vt 0.19414000 0.89148700
vt 0.18576000 0.89148700
vt 0.17738100 0.89148700
vt 0.16900200 0.89148700
vt 0.16062300 0.89148700
vt 0.15224400 0.89148700
vt 0.14386500 0.89148700
vt 0.13548600 0.89148700
vt 0.12710700 0.89148700
vt 0.11872700 0.89148700
vt 0.11034800 0.89148700
vt 0.10196900 0.89148700
vt 0.09359000 0.89148700
vt 0.08521100 0.89148700
vt 0.07683200 0.89148700
vt 0.06845300 0.89148700
vt 0.06007400 0.89148700
vt 0.04958300 0.88528900
vt 0.04958300 0.87909100
vt 0.04958300 0.87289400
vt 0.04958300 0.86669600
vt 0.04958300 0.86049800
vt 0.04958300 0.85430000
vt 0.04958300 0.84810200
vt 0.05836400 0.88347000
vt 0.06714600 0.88747900
vt 0.05836400 0.88747900
vt 0.05836400 0.85006300
vt 0.06714600 0.84598300
vt 0.05836400 0.84598300
vt 0.98561400 0.84561800
vt 0.98561400 0.88777400
vt 0.63580300 0.00518700
vt 0.63675000 0.00422400
vt 0.63786700 0.00327500
vt 0.63917300 0.00236800
vt 0.64068000 0.00154000
vt 0.64341300 0.00052700
vt 0.64661200 0.00001300
vt 0.64810800 0.00000000
vt 0.64965200 0.00013600
vt 0.65122200 0.00043400
vt 0.65279400 0.00090400
vt 0.65420000 0.00148400
vt 0.65488900 0.00182900
vt 0.65522800 0.00201400
vt 0.65556400 0.00220800
vt 0.65573000 0.00230900
vt 0.65589500 0.00241200
vt 0.65605900 0.00251600
vt 0.65622200 0.00262300
vt 0.65654500 0.00284300
vt 0.65686200 0.00307200
vt 0.65748000 0.00355200
vt 0.65807400 0.00406400
vt 0.65918700 0.00517800
vt 0.66017900 0.00639200
vt 0.66175600 0.00903500
vt 0.66282100 0.01207000
vt 0.66324100 0.01506600
vt 0.66304000 0.01834400
vt 0.66228300 0.02119500
vt 0.66085900 0.02409800
vt 0.65919500 0.02630200
vt 0.64749900 0.01574500
vt 0.63962100 0.01574500
vt 0.64749900 0.00786600
vt 0.63962100 0.00786600
vt 0.63568200 0.00786600
vt 0.63962100 0.00392700
vt 0.64356000 0.00786600
vt 0.64749900 0.00392700
vt 0.64356000 0.00392700
vt 0.65537700 0.01574500
vt 0.65537700 0.00786600
vt 0.65143800 0.00786600
vt 0.65537700 0.00392700
vt 0.65143800 0.00392700
vt 0.65340800 0.00392700
vt 0.65143800 0.00195800
vt 0.65340800 0.00195800
vt 0.65931600 0.00786600
vt 0.65439300 0.00195800
vt 0.65439300 0.00392700
vt 0.65340800 0.00294300
vt 0.65537700 0.00294300
vt 0.65439300 0.00294300
vt 0.65340800 0.00786600
vt 0.65143800 0.00589700
vt 0.65537700 0.00589700
vt 0.65340800 0.00589700
vt 0.65143800 0.01574500
vt 0.64749900 0.01180600
vt 0.65537700 0.01180600
vt 0.65143800 0.01180600
vt 0.64749900 0.02362300
vt 0.65537700 0.02362300
vt 0.65636200 0.00392700
vt 0.65734700 0.00786600
vt 0.65734700 0.00589700
vt 0.65931600 0.01574500
vt 0.65931600 0.01180600
vt 0.65587000 0.00294300
vt 0.65537700 0.00245000
vt 0.65713100 0.02821400
vt 0.65431800 0.02994900
vt 0.65158500 0.03096200
vt 0.64838600 0.03147600
vt 0.64534600 0.03135300
vt 0.64220500 0.03058500
vt 0.63943500 0.02928100
vt 0.63692400 0.02742500
vt 0.63481900 0.02509700
vt 0.63396000 0.02380500
vt 0.63358400 0.02313500
vt 0.63340900 0.02279600
vt 0.63324300 0.02245400
vt 0.63315600 0.02226700
vt 0.63307200 0.02208000
vt 0.63299100 0.02189100
vt 0.63291300 0.02170300
vt 0.63276400 0.02132400
vt 0.63262500 0.02094400
vt 0.63238100 0.02018200
vt 0.63217700 0.01942000
vt 0.63189200 0.01790500
vt 0.63175700 0.01642300
vt 0.63177500 0.01473700
vt 0.63195900 0.01314500
vt 0.63271500 0.01029400
vt 0.63414000 0.00739100
vt 0.63495700 0.00620800
vt 0.63962100 0.02362300
vt 0.63568200 0.02362300
vt 0.63568200 0.01574500
vt 0.63962100 0.01968400
vt 0.63568200 0.01968400
vt 0.63371200 0.01968400
vt 0.63568200 0.02165300
vt 0.63371200 0.02165300
vt 0.63371200 0.02263800
vt 0.63322000 0.02165300
vt 0.63371200 0.02214600
vt 0.63272800 0.01968400
vt 0.63371200 0.02066900
vt 0.63272800 0.02066900
vt 0.63371200 0.01574500
vt 0.63568200 0.01771400
vt 0.63371200 0.01771400
vt 0.63962100 0.01180600
vt 0.63568200 0.01180600
vt 0.63469700 0.02362300
vt 0.63469700 0.02165300
vt 0.63568200 0.02263800
vt 0.63469700 0.02263800
vt 0.63765100 0.02362300
vt 0.63765100 0.01968400
vt 0.63962100 0.02165300
vt 0.63765100 0.02165300
vt 0.64356000 0.02362300
vt 0.64356000 0.01574500
vt 0.64749900 0.01968400
vt 0.64356000 0.01968400
f 3/3/3 182/182/182 183/183/183
f 183/183/183 181/181/181 3/3/3
f 87/87/87 49/49/49 231/231/231
f 231/231/231 84/84/84 82/82/82
f 82/82/82 7/7/7 87/87/87
f 87/87/87 231/231/231 82/82/82
f 49/49/49 80/80/80 233/233/233
f 233/233/233 231/231/231 49/49/49
f 231/231/231 233/233/233 232/232/232
f 232/232/232 84/84/84 231/231/231
f 82/82/82 84/84/84 83/83/83
f 83/83/83 6/6/6 82/82/82
f 129/129/129 86/86/86 134/134/134
f 122/122/122 50/50/50 129/129/129
f 134/134/134 122/122/122 129/129/129
f 132/132/132 134/134/134 86/86/86
f 86/86/86 47/47/47 132/132/132
f 124/124/124 219/219/219 220/220/220
f 220/220/220 218/218/218 124/124/124
f 220/220/220 242/242/242 243/243/243
f 243/243/243 241/241/241 220/220/220
f 241/241/241 243/243/243 215/215/215
f 215/215/215 125/125/125 241/241/241
f 241/241/241 125/125/125 79/79/79
f 218/218/218 220/220/220 241/241/241
f 79/79/79 218/218/218 241/241/241
f 218/218/218 79/79/79 118/118/118
f 118/118/118 50/50/50 122/122/122
f 122/122/122 124/124/124 218/218/218
f 218/218/218 118/118/118 122/122/122
f 50/50/50 118/118/118 121/121/121
f 121/121/121 117/117/117 50/50/50
f 118/118/118 79/79/79 119/119/119
f 119/119/119 121/121/121 118/118/118
f 121/121/121 119/119/119 81/81/81
f 81/81/81 120/120/120 121/121/121
f 117/117/117 121/121/121 120/120/120
f 120/120/120 78/78/78 117/117/117
f 214/214/214 127/127/127 119/119/119
f 79/79/79 125/125/125 214/214/214
f 119/119/119 79/79/79 214/214/214
f 238/238/238 217/217/217 214/214/214
f 125/125/125 215/215/215 238/238/238
f 214/214/214 125/125/125 238/238/238
f 215/215/215 239/239/239 240/240/240
f 240/240/240 238/238/238 215/215/215
f 238/238/238 240/240/240 222/222/222
f 222/222/222 217/217/217 238/238/238
f 234/234/234 224/224/224 221/221/221
f 217/217/217 222/222/222 234/234/234
f 221/221/221 217/217/217 234/234/234
f 222/222/222 235/235/235 237/237/237
f 237/237/237 234/234/234 222/222/222
f 234/234/234 237/237/237 236/236/236
f 236/236/236 224/224/224 234/234/234
f 224/224/224 236/236/236 246/246/246
f 246/246/246 244/244/244 224/224/224
f 244/244/244 246/246/246 245/245/245
f 245/245/245 223/223/223 244/244/244
f 244/244/244 223/223/223 216/216/216
f 221/221/221 224/224/224 244/244/244
f 216/216/216 221/221/221 244/244/244
f 221/221/221 216/216/216 127/127/127
f 214/214/214 217/217/217 221/221/221
f 127/127/127 214/214/214 221/221/221
f 247/247/247 227/227/227 225/225/225
f 127/127/127 216/216/216 247/247/247
f 225/225/225 127/127/127 247/247/247
f 250/250/250 249/249/249 247/247/247
f 216/216/216 223/223/223 250/250/250
f 247/247/247 216/216/216 250/250/250
f 223/223/223 245/245/245 252/252/252
f 252/252/252 250/250/250 223/223/223
f 250/250/250 252/252/252 251/251/251
f 251/251/251 249/249/249 250/250/250
f 249/249/249 251/251/251 255/255/255
f 255/255/255 253/253/253 249/249/249
f 253/253/253 255/255/255 254/254/254
f 254/254/254 248/248/248 253/253/253
f 253/253/253 248/248/248 227/227/227
f 247/247/247 249/249/249 253/253/253
f 227/227/227 247/247/247 253/253/253
f 227/227/227 248/248/248 258/258/258
f 258/258/258 256/256/256 227/227/227
f 256/256/256 258/258/258 257/257/257
f 257/257/257 226/226/226 256/256/256
f 256/256/256 226/226/226 126/126/126
f 225/225/225 227/227/227 256/256/256
f 126/126/126 225/225/225 256/256/256
f 225/225/225 126/126/126 81/81/81
f 119/119/119 127/127/127 225/225/225
f 81/81/81 119/119/119 225/225/225
f 259/259/259 230/230/230 228/228/228
f 81/81/81 126/126/126 259/259/259
f 228/228/228 81/81/81 259/259/259
f 126/126/126 226/226/226 261/261/261
f 261/261/261 259/259/259 126/126/126
f 259/259/259 261/261/261 260/260/260
f 260/260/260 230/230/230 259/259/259
f 228/228/228 230/230/230 229/229/229
f 229/229/229 80/80/80 228/228/228
f 120/120/120 81/81/81 228/228/228
f 228/228/228 80/80/80 49/49/49
f 49/49/49 78/78/78 120/120/120
f 120/120/120 228/228/228 49/49/49
f 128/128/128 88/88/88 85/85/85
f 47/47/47 86/86/86 128/128/128
f 85/85/85 47/47/47 128/128/128
f 86/86/86 129/129/129 131/131/131
f 131/131/131 128/128/128 86/86/86
f 129/129/129 50/50/50 117/117/117
f 117/117/117 131/131/131 129/129/129
f 131/131/131 117/117/117 78/78/78
f 78/78/78 130/130/130 131/131/131
f 128/128/128 131/131/131 130/130/130
f 130/130/130 88/88/88 128/128/128
f 130/130/130 78/78/78 49/49/49
f 87/87/87 88/88/88 130/130/130
f 49/49/49 87/87/87 130/130/130
f 85/85/85 88/88/88 87/87/87
f 87/87/87 7/7/7 85/85/85
f 10/10/10 4/4/4 3/3/3
f 3/3/3 9/9/9 10/10/10
f 11/11/11 5/5/5 4/4/4
f 4/4/4 10/10/10 11/11/11
f 94/94/94 6/6/6 5/5/5
f 11/11/11 12/12/12 94/94/94
f 5/5/5 11/11/11 94/94/94
f 98/98/98 53/53/53 95/95/95
f 93/93/93 13/13/13 98/98/98
f 95/95/95 93/93/93 98/98/98
f 91/91/91 7/7/7 82/82/82
f 95/95/95 53/53/53 91/91/91
f 82/82/82 95/95/95 91/91/91
f 95/95/95 82/82/82 6/6/6
f 6/6/6 94/94/94 95/95/95
f 93/93/93 95/95/95 94/94/94
f 94/94/94 12/12/12 93/93/93
f 54/54/54 90/90/90 92/92/92
f 92/92/92 89/89/89 54/54/54
f 90/90/90 47/47/47 85/85/85
f 85/85/85 92/92/92 90/90/90
f 92/92/92 85/85/85 7/7/7
f 7/7/7 91/91/91 92/92/92
f 89/89/89 92/92/92 91/91/91
f 91/91/91 53/53/53 89/89/89
f 51/51/51 97/97/97 99/99/99
f 99/99/99 96/96/96 51/51/51
f 97/97/97 54/54/54 89/89/89
f 89/89/89 99/99/99 97/97/97
f 99/99/99 89/89/89 53/53/53
f 53/53/53 98/98/98 99/99/99
f 96/96/96 99/99/99 98/98/98
f 98/98/98 13/13/13 96/96/96
f 16/16/16 10/10/10 9/9/9
f 9/9/9 15/15/15 16/16/16
f 17/17/17 11/11/11 10/10/10
f 10/10/10 16/16/16 17/17/17
f 18/18/18 12/12/12 11/11/11
f 11/11/11 17/17/17 18/18/18
f 57/57/57 13/13/13 93/93/93
f 93/93/93 12/12/12 18/18/18
f 18/18/18 19/19/19 57/57/57
f 57/57/57 93/93/93 18/18/18
f 104/104/104 102/102/102 58/58/58
f 58/58/58 103/103/103 104/104/104
f 100/100/100 104/104/104 103/103/103
f 103/103/103 55/55/55 100/100/100
f 108/108/108 106/106/106 51/51/51
f 51/51/51 107/107/107 108/108/108
f 102/102/102 108/108/108 107/107/107
f 107/107/107 58/58/58 102/102/102
f 107/107/107 51/51/51 96/96/96
f 96/96/96 13/13/13 57/57/57
f 57/57/57 58/58/58 107/107/107
f 107/107/107 96/96/96 57/57/57
f 103/103/103 58/58/58 57/57/57
f 19/19/19 55/55/55 103/103/103
f 57/57/57 19/19/19 103/103/103
f 22/22/22 16/16/16 15/15/15
f 15/15/15 21/21/21 22/22/22
f 23/23/23 17/17/17 16/16/16
f 16/16/16 22/22/22 23/23/23
f 24/24/24 18/18/18 17/17/17
f 17/17/17 23/23/23 24/24/24
f 61/61/61 19/19/19 18/18/18
f 24/24/24 25/25/25 61/61/61
f 18/18/18 24/24/24 61/61/61
f 161/161/161 135/135/135 113/113/113
f 113/113/113 160/160/160 161/161/161
f 158/158/158 161/161/161 160/160/160
f 160/160/160 109/109/109 158/158/158
f 157/157/157 144/144/144 139/139/139
f 139/139/139 156/156/156 157/157/157
f 154/154/154 157/157/157 156/156/156
f 156/156/156 135/135/135 154/154/154
f 153/153/153 151/151/151 148/148/148
f 148/148/148 152/152/152 153/153/153
f 149/149/149 153/153/153 152/152/152
f 152/152/152 144/144/144 149/149/149
f 169/169/169 167/167/167 146/146/146
f 146/146/146 168/168/168 169/169/169
f 151/151/151 169/169/169 168/168/168
f 168/168/168 148/148/148 151/151/151
f 168/168/168 146/146/146 137/137/137
f 147/147/147 148/148/148 168/168/168
f 137/137/137 147/147/147 168/168/168
f 152/152/152 148/148/148 147/147/147
f 139/139/139 144/144/144 152/152/152
f 147/147/147 139/139/139 152/152/152
f 147/147/147 137/137/137 111/111/111
f 138/138/138 139/139/139 147/147/147
f 111/111/111 138/138/138 147/147/147
f 156/156/156 139/139/139 138/138/138
f 113/113/113 135/135/135 156/156/156
f 138/138/138 113/113/113 156/156/156
f 138/138/138 111/111/111 62/62/62
f 112/112/112 113/113/113 138/138/138
f 62/62/62 112/112/112 138/138/138
f 160/160/160 113/113/113 112/112/112
f 59/59/59 109/109/109 160/160/160
f 112/112/112 59/59/59 160/160/160
f 173/173/173 171/171/171 143/143/143
f 143/143/143 172/172/172 173/173/173
f 146/146/146 173/173/173 172/172/172
f 172/172/172 137/137/137 146/146/146
f 143/143/143 141/141/141 116/116/116
f 116/116/116 142/142/142 143/143/143
f 172/172/172 143/143/143 142/142/142
f 111/111/111 137/137/137 172/172/172
f 142/142/142 111/111/111 172/172/172
f 116/116/116 100/100/100 55/55/55
f 55/55/55 115/115/115 116/116/116
f 142/142/142 116/116/116 115/115/115
f 62/62/62 111/111/111 142/142/142
f 115/115/115 62/62/62 142/142/142
f 115/115/115 55/55/55 19/19/19
f 61/61/61 62/62/62 115/115/115
f 19/19/19 61/61/61 115/115/115
f 112/112/112 62/62/62 61/61/61
f 25/25/25 59/59/59 112/112/112
f 61/61/61 25/25/25 112/112/112
f 28/28/28 22/22/22 21/21/21
f 21/21/21 27/27/27 28/28/28
f 29/29/29 23/23/23 22/22/22
f 22/22/22 28/28/28 29/29/29
f 30/30/30 24/24/24 23/23/23
f 23/23/23 29/29/29 30/30/30
f 65/65/65 25/25/25 24/24/24
f 30/30/30 31/31/31 65/65/65
f 24/24/24 30/30/30 65/65/65
f 165/165/165 109/109/109 59/59/59
f 59/59/59 164/164/164 165/165/165
f 162/162/162 165/165/165 164/164/164
f 164/164/164 66/66/66 162/162/162
f 164/164/164 59/59/59 25/25/25
f 65/65/65 66/66/66 164/164/164
f 25/25/25 65/65/65 164/164/164
f 63/63/63 66/66/66 65/65/65
f 65/65/65 31/31/31 63/63/63
f 34/34/34 28/28/28 27/27/27
f 27/27/27 33/33/33 34/34/34
f 35/35/35 29/29/29 28/28/28
f 28/28/28 34/34/34 35/35/35
f 36/36/36 30/30/30 29/29/29
f 29/29/29 35/35/35 36/36/36
f 69/69/69 31/31/31 30/30/30
f 36/36/36 37/37/37 69/69/69
f 30/30/30 36/36/36 69/69/69
f 70/70/70 63/63/63 31/31/31
f 31/31/31 69/69/69 70/70/70
f 67/67/67 70/70/70 69/69/69
f 69/69/69 37/37/37 67/67/67
f 40/40/40 34/34/34 33/33/33
f 33/33/33 39/39/39 40/40/40
f 41/41/41 35/35/35 34/34/34
f 34/34/34 40/40/40 41/41/41
f 42/42/42 36/36/36 35/35/35
f 35/35/35 41/41/41 42/42/42
f 73/73/73 37/37/37 36/36/36
f 42/42/42 43/43/43 73/73/73
f 36/36/36 42/42/42 73/73/73
f 74/74/74 67/67/67 37/37/37
f 37/37/37 73/73/73 74/74/74
f 71/71/71 74/74/74 73/73/73
f 73/73/73 43/43/43 71/71/71
f 184/184/184 39/39/39 185/185/185
f 185/185/185 186/186/186 184/184/184
f 77/77/77 71/71/71 43/43/43
f 43/43/43 76/76/76 77/77/77
f 212/212/212 213/213/213 183/183/183
f 183/183/183 182/182/182 212/212/212
f 211/211/211 182/182/182 210/210/210
f 210/210/210 4/4/4 209/209/209
f 182/182/182 211/211/211 212/212/212
f 208/208/208 5/5/5 207/207/207
f 206/206/206 83/83/83 205/205/205
f 205/205/205 232/232/232 204/204/204
f 5/5/5 206/206/206 207/207/207
f 4/4/4 208/208/208 209/209/209
f 254/254/254 203/203/203 258/258/258
f 204/204/204 260/260/260 203/203/203
f 202/202/202 203/203/203 255/255/255
f 255/255/255 251/251/251 202/202/202
f 254/254/254 255/255/255 203/203/203
f 203/203/203 260/260/260 257/257/257
f 248/248/248 254/254/254 258/258/258
f 260/260/260 261/261/261 257/257/257
f 257/257/257 258/258/258 203/203/203
f 229/229/229 260/260/260 204/204/204
f 251/251/251 252/252/252 201/201/201
f 201/201/201 202/202/202 251/251/251
f 183/183/183 213/213/213 1/1/1
f 181/181/181 183/183/183 174/174/174
f 1/1/1 174/174/174 183/183/183
f 9/9/9 3/3/3 181/181/181
f 4/4/4 182/182/182 3/3/3
f 181/181/181 174/174/174 175/175/175
f 182/182/182 4/4/4 210/210/210
f 175/175/175 176/176/176 15/15/15
f 15/15/15 9/9/9 175/175/175
f 4/4/4 5/5/5 208/208/208
f 175/175/175 9/9/9 181/181/181
f 206/206/206 5/5/5 83/83/83
f 229/229/229 230/230/230 260/260/260
f 257/257/257 261/261/261 226/226/226
f 229/229/229 204/204/204 233/233/233
f 204/204/204 232/232/232 233/233/233
f 5/5/5 6/6/6 83/83/83
f 229/229/229 233/233/233 80/80/80
f 83/83/83 84/84/84 232/232/232
f 232/232/232 205/205/205 83/83/83
f 245/245/245 201/201/201 252/252/252
f 199/199/199 200/200/200 246/246/246
f 246/246/246 236/236/236 199/199/199
f 200/200/200 201/201/201 245/245/245
f 245/245/245 246/246/246 200/200/200
f 240/240/240 235/235/235 222/222/222
f 199/199/199 237/237/237 235/235/235
f 199/199/199 236/236/236 237/237/237
f 239/239/239 199/199/199 235/235/235
f 199/199/199 239/239/239 2/2/2
f 242/242/242 2/2/2 239/239/239
f 215/215/215 243/243/243 239/239/239
f 243/243/243 242/242/242 239/239/239
f 240/240/240 239/239/239 235/235/235
f 219/219/219 242/242/242 220/220/220
f 123/123/123 219/219/219 124/124/124
f 123/123/123 124/124/124 122/122/122
f 122/122/122 48/48/48 123/123/123
f 2/2/2 219/219/219 123/123/123
f 2/2/2 242/242/242 219/219/219
f 132/132/132 47/47/47 90/90/90
f 134/134/134 133/133/133 48/48/48
f 48/48/48 122/122/122 134/134/134
f 132/132/132 8/8/8 133/133/133
f 133/133/133 134/134/134 132/132/132
f 52/52/52 132/132/132 90/90/90
f 97/97/97 52/52/52 54/54/54
f 108/108/108 105/105/105 14/14/14
f 14/14/14 106/106/106 108/108/108
f 97/97/97 51/51/51 106/106/106
f 54/54/54 52/52/52 90/90/90
f 97/97/97 106/106/106 52/52/52
f 52/52/52 8/8/8 132/132/132
f 14/14/14 52/52/52 106/106/106
f 104/104/104 101/101/101 56/56/56
f 56/56/56 102/102/102 104/104/104
f 102/102/102 56/56/56 105/105/105
f 105/105/105 108/108/108 102/102/102
f 101/101/101 104/104/104 100/100/100
f 100/100/100 20/20/20 101/101/101
f 177/177/177 178/178/178 27/27/27
f 27/27/27 21/21/21 177/177/177
f 21/21/21 15/15/15 176/176/176
f 176/176/176 177/177/177 21/21/21
f 33/33/33 27/27/27 178/178/178
f 178/178/178 179/179/179 33/33/33
f 33/33/33 179/179/179 185/185/185
f 180/180/180 185/185/185 179/179/179
f 185/185/185 39/39/39 33/33/33
f 184/184/184 40/40/40 39/39/39
f 141/141/141 100/100/100 116/116/116
f 63/63/63 162/162/162 66/66/66
f 42/42/42 41/41/41 194/194/194
f 194/194/194 195/195/195 42/42/42
f 70/70/70 68/68/68 32/32/32
f 32/32/32 63/63/63 70/70/70
f 67/67/67 38/38/38 68/68/68
f 68/68/68 70/70/70 67/67/67
f 74/74/74 72/72/72 38/38/38
f 38/38/38 67/67/67 74/74/74
f 41/41/41 40/40/40 191/191/191
f 191/191/191 192/192/192 41/41/41
f 186/186/186 180/180/180 45/45/45
f 184/184/184 186/186/186 187/187/187
f 187/187/187 188/188/188 184/184/184
f 45/45/45 187/187/187 186/186/186
f 184/184/184 190/190/190 40/40/40
f 184/184/184 188/188/188 189/189/189
f 190/190/190 191/191/191 40/40/40
f 184/184/184 189/189/189 190/190/190
f 41/41/41 192/192/192 193/193/193
f 76/76/76 43/43/43 42/42/42
f 194/194/194 41/41/41 193/193/193
f 76/76/76 197/197/197 77/77/77
f 77/77/77 75/75/75 44/44/44
f 44/44/44 71/71/71 77/77/77
f 196/196/196 42/42/42 195/195/195
f 76/76/76 196/196/196 197/197/197
f 77/77/77 197/197/197 198/198/198
f 42/42/42 196/196/196 76/76/76
f 71/71/71 44/44/44 72/72/72
f 72/72/72 74/74/74 71/71/71
f 186/186/186 185/185/185 180/180/180
f 75/75/75 77/77/77 198/198/198
f 198/198/198 46/46/46 75/75/75
f 171/171/171 141/141/141 143/143/143
f 173/173/173 170/170/170 140/140/140
f 140/140/140 171/171/171 173/173/173
f 167/167/167 173/173/173 146/146/146
f 114/114/114 141/141/141 171/171/171
f 151/151/151 145/145/145 166/166/166
f 166/166/166 169/169/169 151/151/151
f 153/153/153 150/150/150 145/145/145
f 145/145/145 151/151/151 153/153/153
f 169/169/169 166/166/166 60/60/60
f 60/60/60 167/167/167 169/169/169
f 167/167/167 170/170/170 173/173/173
f 114/114/114 20/20/20 141/141/141
f 60/60/60 170/170/170 167/167/167
f 114/114/114 171/171/171 140/140/140
f 149/149/149 136/136/136 150/150/150
f 150/150/150 153/153/153 149/149/149
f 136/136/136 149/149/149 155/155/155
f 149/149/149 144/144/144 157/157/157
f 100/100/100 141/141/141 20/20/20
f 154/154/154 110/110/110 155/155/155
f 155/155/155 157/157/157 154/154/154
f 159/159/159 110/110/110 154/154/154
f 154/154/154 135/135/135 161/161/161
f 149/149/149 157/157/157 155/155/155
f 165/165/165 163/163/163 158/158/158
f 158/158/158 109/109/109 165/165/165
f 159/159/159 161/161/161 158/158/158
f 158/158/158 26/26/26 159/159/159
f 154/154/154 161/161/161 159/159/159
f 162/162/162 64/64/64 163/163/163
f 163/163/163 165/165/165 162/162/162
f 158/158/158 163/163/163 26/26/26
f 162/162/162 32/32/32 64/64/64
f 63/63/63 32/32/32 162/162/162
f 271/271/271 575/575/575 577/577/577
f 577/577/577 574/574/574 271/271/271
f 574/574/574 577/577/577 576/576/576
f 576/576/576 270/270/270 574/574/574
f 275/275/275 579/579/579 581/581/581
f 581/581/581 578/578/578 275/275/275
f 578/578/578 581/581/581 580/580/580
f 580/580/580 274/274/274 578/578/578
f 302/302/302 583/583/583 585/585/585
f 585/585/585 582/582/582 302/302/302
f 582/582/582 585/585/585 584/584/584
f 584/584/584 301/301/301 582/582/582
f 303/303/303 587/587/587 588/588/588
f 588/588/588 586/586/586 303/303/303
f 586/586/586 588/588/588 583/583/583
f 583/583/583 302/302/302 586/586/586
f 304/304/304 590/590/590 591/591/591
f 591/591/591 589/589/589 304/304/304
f 589/589/589 591/591/591 587/587/587
f 587/587/587 303/303/303 589/589/589
f 771/771/771 773/773/773 772/772/772
f 772/772/772 307/307/307 771/771/771
f 310/310/310 266/266/266 265/265/265
f 265/265/265 309/309/309 310/310/310
f 311/311/311 267/267/267 266/266/266
f 266/266/266 310/310/310 311/311/311
f 312/312/312 268/268/268 267/267/267
f 267/267/267 311/311/311 312/312/312
f 595/595/595 269/269/269 268/268/268
f 312/312/312 313/313/313 595/595/595
f 268/268/268 312/312/312 595/595/595
f 314/314/314 593/593/593 596/596/596
f 596/596/596 592/592/592 314/314/314
f 593/593/593 270/270/270 594/594/594
f 594/594/594 596/596/596 593/593/593
f 596/596/596 594/594/594 269/269/269
f 269/269/269 595/595/595 596/596/596
f 592/592/592 596/596/596 595/595/595
f 595/595/595 313/313/313 592/592/592
f 315/315/315 598/598/598 599/599/599
f 599/599/599 597/597/597 315/315/315
f 598/598/598 271/271/271 574/574/574
f 574/574/574 599/599/599 598/598/598
f 599/599/599 574/574/574 270/270/270
f 270/270/270 593/593/593 599/599/599
f 597/597/597 599/599/599 593/593/593
f 593/593/593 314/314/314 597/597/597
f 603/603/603 598/598/598 631/631/631
f 598/598/598 315/315/315 631/631/631
f 631/631/631 316/316/316 603/603/603
f 603/603/603 272/272/272 271/271/271
f 271/271/271 598/598/598 603/603/603
f 317/317/317 601/601/601 604/604/604
f 604/604/604 600/600/600 317/317/317
f 601/601/601 273/273/273 602/602/602
f 602/602/602 604/604/604 601/601/601
f 604/604/604 602/602/602 272/272/272
f 272/272/272 603/603/603 604/604/604
f 600/600/600 604/604/604 603/603/603
f 603/603/603 316/316/316 600/600/600
f 318/318/318 606/606/606 608/608/608
f 608/608/608 605/605/605 318/318/318
f 606/606/606 274/274/274 607/607/607
f 607/607/607 608/608/608 606/606/606
f 608/608/608 607/607/607 273/273/273
f 273/273/273 601/601/601 608/608/608
f 605/605/605 608/608/608 601/601/601
f 601/601/601 317/317/317 605/605/605
f 319/319/319 610/610/610 611/611/611
f 611/611/611 609/609/609 319/319/319
f 610/610/610 275/275/275 578/578/578
f 578/578/578 611/611/611 610/610/610
f 611/611/611 578/578/578 274/274/274
f 274/274/274 606/606/606 611/611/611
f 609/609/609 611/611/611 606/606/606
f 606/606/606 318/318/318 609/609/609
f 610/610/610 319/319/319 320/320/320
f 276/276/276 275/275/275 610/610/610
f 320/320/320 276/276/276 610/610/610
f 321/321/321 277/277/277 276/276/276
f 276/276/276 320/320/320 321/321/321
f 322/322/322 278/278/278 277/277/277
f 277/277/277 321/321/321 322/322/322
f 323/323/323 279/279/279 278/278/278
f 278/278/278 322/322/322 323/323/323
f 324/324/324 280/280/280 279/279/279
f 279/279/279 323/323/323 324/324/324
f 325/325/325 281/281/281 280/280/280
f 280/280/280 324/324/324 325/325/325
f 326/326/326 282/282/282 281/281/281
f 281/281/281 325/325/325 326/326/326
f 327/327/327 283/283/283 282/282/282
f 282/282/282 326/326/326 327/327/327
f 328/328/328 284/284/284 283/283/283
f 283/283/283 327/327/327 328/328/328
f 329/329/329 285/285/285 284/284/284
f 284/284/284 328/328/328 329/329/329
f 330/330/330 286/286/286 285/285/285
f 285/285/285 329/329/329 330/330/330
f 331/331/331 287/287/287 286/286/286
f 286/286/286 330/330/330 331/331/331
f 332/332/332 288/288/288 287/287/287
f 287/287/287 331/331/331 332/332/332
f 333/333/333 289/289/289 288/288/288
f 288/288/288 332/332/332 333/333/333
f 334/334/334 290/290/290 289/289/289
f 289/289/289 333/333/333 334/334/334
f 335/335/335 291/291/291 290/290/290
f 290/290/290 334/334/334 335/335/335
f 336/336/336 292/292/292 291/291/291
f 291/291/291 335/335/335 336/336/336
f 337/337/337 293/293/293 292/292/292
f 292/292/292 336/336/336 337/337/337
f 338/338/338 294/294/294 293/293/293
f 293/293/293 337/337/337 338/338/338
f 339/339/339 295/295/295 294/294/294
f 294/294/294 338/338/338 339/339/339
f 340/340/340 296/296/296 295/295/295
f 295/295/295 339/339/339 340/340/340
f 341/341/341 297/297/297 296/296/296
f 296/296/296 340/340/340 341/341/341
f 342/342/342 298/298/298 297/297/297
f 297/297/297 341/341/341 342/342/342
f 343/343/343 299/299/299 298/298/298
f 298/298/298 342/342/342 343/343/343
f 344/344/344 300/300/300 299/299/299
f 299/299/299 343/343/343 344/344/344
f 614/614/614 301/301/301 300/300/300
f 344/344/344 345/345/345 614/614/614
f 300/300/300 344/344/344 614/614/614
f 346/346/346 613/613/613 615/615/615
f 615/615/615 612/612/612 346/346/346
f 613/613/613 302/302/302 582/582/582
f 582/582/582 615/615/615 613/613/613
f 615/615/615 582/582/582 301/301/301
f 301/301/301 614/614/614 615/615/615
f 612/612/612 615/615/615 614/614/614
f 614/614/614 345/345/345 612/612/612
f 347/347/347 617/617/617 618/618/618
f 618/618/618 616/616/616 347/347/347
f 617/617/617 303/303/303 586/586/586
f 586/586/586 618/618/618 617/617/617
f 618/618/618 586/586/586 302/302/302
f 302/302/302 613/613/613 618/618/618
f 616/616/616 618/618/618 613/613/613
f 613/613/613 346/346/346 616/616/616
f 348/348/348 620/620/620 621/621/621
f 621/621/621 619/619/619 348/348/348
f 620/620/620 304/304/304 589/589/589
f 589/589/589 621/621/621 620/620/620
f 621/621/621 589/589/589 303/303/303
f 303/303/303 617/617/617 621/621/621
f 619/619/619 621/621/621 617/617/617
f 617/617/617 347/347/347 619/619/619
f 620/620/620 348/348/348 349/349/349
f 305/305/305 304/304/304 620/620/620
f 349/349/349 305/305/305 620/620/620
f 350/350/350 306/306/306 305/305/305
f 305/305/305 349/349/349 350/350/350
f 351/351/351 307/307/307 306/306/306
f 306/306/306 350/350/350 351/351/351
f 354/354/354 310/310/310 309/309/309
f 309/309/309 353/353/353 354/354/354
f 355/355/355 311/311/311 310/310/310
f 310/310/310 354/354/354 355/355/355
f 356/356/356 312/312/312 311/311/311
f 311/311/311 355/355/355 356/356/356
f 624/624/624 313/313/313 312/312/312
f 356/356/356 357/357/357 624/624/624
f 312/312/312 356/356/356 624/624/624
f 358/358/358 623/623/623 625/625/625
f 625/625/625 622/622/622 358/358/358
f 623/623/623 314/314/314 592/592/592
f 592/592/592 625/625/625 623/623/623
f 625/625/625 592/592/592 313/313/313
f 313/313/313 624/624/624 625/625/625
f 622/622/622 625/625/625 624/624/624
f 624/624/624 357/357/357 622/622/622
f 359/359/359 627/627/627 628/628/628
f 628/628/628 626/626/626 359/359/359
f 627/627/627 315/315/315 597/597/597
f 597/597/597 628/628/628 627/627/627
f 628/628/628 597/597/597 314/314/314
f 314/314/314 623/623/623 628/628/628
f 626/626/626 628/628/628 623/623/623
f 623/623/623 358/358/358 626/626/626
f 360/360/360 630/630/630 632/632/632
f 632/632/632 629/629/629 360/360/360
f 630/630/630 316/316/316 631/631/631
f 631/631/631 632/632/632 630/630/630
f 632/632/632 631/631/631 315/315/315
f 315/315/315 627/627/627 632/632/632
f 629/629/629 632/632/632 627/627/627
f 627/627/627 359/359/359 629/629/629
f 361/361/361 634/634/634 635/635/635
f 635/635/635 633/633/633 361/361/361
f 634/634/634 317/317/317 600/600/600
f 600/600/600 635/635/635 634/634/634
f 635/635/635 600/600/600 316/316/316
f 316/316/316 630/630/630 635/635/635
f 633/633/633 635/635/635 630/630/630
f 630/630/630 360/360/360 633/633/633
f 362/362/362 637/637/637 638/638/638
f 638/638/638 636/636/636 362/362/362
f 637/637/637 318/318/318 605/605/605
f 605/605/605 638/638/638 637/637/637
f 638/638/638 605/605/605 317/317/317
f 317/317/317 634/634/634 638/638/638
f 636/636/636 638/638/638 634/634/634
f 634/634/634 361/361/361 636/636/636
f 363/363/363 640/640/640 641/641/641
f 641/641/641 639/639/639 363/363/363
f 640/640/640 319/319/319 609/609/609
f 609/609/609 641/641/641 640/640/640
f 641/641/641 609/609/609 318/318/318
f 318/318/318 637/637/637 641/641/641
f 639/639/639 641/641/641 637/637/637
f 637/637/637 362/362/362 639/639/639
f 640/640/640 363/363/363 364/364/364
f 320/320/320 319/319/319 640/640/640
f 364/364/364 320/320/320 640/640/640
f 365/365/365 321/321/321 320/320/320
f 320/320/320 364/364/364 365/365/365
f 366/366/366 322/322/322 321/321/321
f 321/321/321 365/365/365 366/366/366
f 367/367/367 323/323/323 322/322/322
f 322/322/322 366/366/366 367/367/367
f 368/368/368 324/324/324 323/323/323
f 323/323/323 367/367/367 368/368/368
f 369/369/369 325/325/325 324/324/324
f 324/324/324 368/368/368 369/369/369
f 370/370/370 326/326/326 325/325/325
f 325/325/325 369/369/369 370/370/370
f 371/371/371 327/327/327 326/326/326
f 326/326/326 370/370/370 371/371/371
f 372/372/372 328/328/328 327/327/327
f 327/327/327 371/371/371 372/372/372
f 373/373/373 329/329/329 328/328/328
f 328/328/328 372/372/372 373/373/373
f 374/374/374 330/330/330 329/329/329
f 329/329/329 373/373/373 374/374/374
f 375/375/375 331/331/331 330/330/330
f 330/330/330 374/374/374 375/375/375
f 376/376/376 332/332/332 331/331/331
f 331/331/331 375/375/375 376/376/376
f 377/377/377 333/333/333 332/332/332
f 332/332/332 376/376/376 377/377/377
f 378/378/378 334/334/334 333/333/333
f 333/333/333 377/377/377 378/378/378
f 379/379/379 335/335/335 334/334/334
f 334/334/334 378/378/378 379/379/379
f 380/380/380 336/336/336 335/335/335
f 335/335/335 379/379/379 380/380/380
f 381/381/381 337/337/337 336/336/336
f 336/336/336 380/380/380 381/381/381
f 382/382/382 338/338/338 337/337/337
f 337/337/337 381/381/381 382/382/382
f 383/383/383 339/339/339 338/338/338
f 338/338/338 382/382/382 383/383/383
f 384/384/384 340/340/340 339/339/339
f 339/339/339 383/383/383 384/384/384
f 385/385/385 341/341/341 340/340/340
f 340/340/340 384/384/384 385/385/385
f 386/386/386 342/342/342 341/341/341
f 341/341/341 385/385/385 386/386/386
f 387/387/387 343/343/343 342/342/342
f 342/342/342 386/386/386 387/387/387
f 388/388/388 344/344/344 343/343/343
f 343/343/343 387/387/387 388/388/388
f 644/644/644 345/345/345 344/344/344
f 388/388/388 389/389/389 644/644/644
f 344/344/344 388/388/388 644/644/644
f 390/390/390 643/643/643 645/645/645
f 645/645/645 642/642/642 390/390/390
f 643/643/643 346/346/346 612/612/612
f 612/612/612 645/645/645 643/643/643
f 645/645/645 612/612/612 345/345/345
f 345/345/345 644/644/644 645/645/645
f 642/642/642 645/645/645 644/644/644
f 644/644/644 389/389/389 642/642/642
f 391/391/391 647/647/647 648/648/648
f 648/648/648 646/646/646 391/391/391
f 647/647/647 347/347/347 616/616/616
f 616/616/616 648/648/648 647/647/647
f 648/648/648 616/616/616 346/346/346
f 346/346/346 643/643/643 648/648/648
f 646/646/646 648/648/648 643/643/643
f 643/643/643 390/390/390 646/646/646
f 392/392/392 650/650/650 651/651/651
f 651/651/651 649/649/649 392/392/392
f 650/650/650 348/348/348 619/619/619
f 619/619/619 651/651/651 650/650/650
f 651/651/651 619/619/619 347/347/347
f 347/347/347 647/647/647 651/651/651
f 649/649/649 651/651/651 647/647/647
f 647/647/647 391/391/391 649/649/649
f 650/650/650 392/392/392 393/393/393
f 349/349/349 348/348/348 650/650/650
f 393/393/393 349/349/349 650/650/650
f 394/394/394 350/350/350 349/349/349
f 349/349/349 393/393/393 394/394/394
f 395/395/395 351/351/351 350/350/350
f 350/350/350 394/394/394 395/395/395
f 398/398/398 354/354/354 353/353/353
f 353/353/353 397/397/397 398/398/398
f 399/399/399 355/355/355 354/354/354
f 354/354/354 398/398/398 399/399/399
f 400/400/400 356/356/356 355/355/355
f 355/355/355 399/399/399 400/400/400
f 654/654/654 357/357/357 356/356/356
f 400/400/400 401/401/401 654/654/654
f 356/356/356 400/400/400 654/654/654
f 402/402/402 653/653/653 655/655/655
f 655/655/655 652/652/652 402/402/402
f 653/653/653 358/358/358 622/622/622
f 622/622/622 655/655/655 653/653/653
f 655/655/655 622/622/622 357/357/357
f 357/357/357 654/654/654 655/655/655
f 652/652/652 655/655/655 654/654/654
f 654/654/654 401/401/401 652/652/652
f 403/403/403 657/657/657 658/658/658
f 658/658/658 656/656/656 403/403/403
f 657/657/657 359/359/359 626/626/626
f 626/626/626 658/658/658 657/657/657
f 658/658/658 626/626/626 358/358/358
f 358/358/358 653/653/653 658/658/658
f 656/656/656 658/658/658 653/653/653
f 653/653/653 402/402/402 656/656/656
f 404/404/404 660/660/660 661/661/661
f 661/661/661 659/659/659 404/404/404
f 660/660/660 360/360/360 629/629/629
f 629/629/629 661/661/661 660/660/660
f 661/661/661 629/629/629 359/359/359
f 359/359/359 657/657/657 661/661/661
f 659/659/659 661/661/661 657/657/657
f 657/657/657 403/403/403 659/659/659
f 405/405/405 663/663/663 664/664/664
f 664/664/664 662/662/662 405/405/405
f 663/663/663 361/361/361 633/633/633
f 633/633/633 664/664/664 663/663/663
f 664/664/664 633/633/633 360/360/360
f 360/360/360 660/660/660 664/664/664
f 662/662/662 664/664/664 660/660/660
f 660/660/660 404/404/404 662/662/662
f 406/406/406 666/666/666 667/667/667
f 667/667/667 665/665/665 406/406/406
f 666/666/666 362/362/362 636/636/636
f 636/636/636 667/667/667 666/666/666
f 667/667/667 636/636/636 361/361/361
f 361/361/361 663/663/663 667/667/667
f 665/665/665 667/667/667 663/663/663
f 663/663/663 405/405/405 665/665/665
f 407/407/407 669/669/669 670/670/670
f 670/670/670 668/668/668 407/407/407
f 669/669/669 363/363/363 639/639/639
f 639/639/639 670/670/670 669/669/669
f 670/670/670 639/639/639 362/362/362
f 362/362/362 666/666/666 670/670/670
f 668/668/668 670/670/670 666/666/666
f 666/666/666 406/406/406 668/668/668
f 669/669/669 407/407/407 408/408/408
f 364/364/364 363/363/363 669/669/669
f 408/408/408 364/364/364 669/669/669
f 409/409/409 365/365/365 364/364/364
f 364/364/364 408/408/408 409/409/409
f 410/410/410 366/366/366 365/365/365
f 365/365/365 409/409/409 410/410/410
f 411/411/411 367/367/367 366/366/366
f 366/366/366 410/410/410 411/411/411
f 412/412/412 368/368/368 367/367/367
f 367/367/367 411/411/411 412/412/412
f 413/413/413 369/369/369 368/368/368
f 368/368/368 412/412/412 413/413/413
f 414/414/414 370/370/370 369/369/369
f 369/369/369 413/413/413 414/414/414
f 415/415/415 371/371/371 370/370/370
f 370/370/370 414/414/414 415/415/415
f 416/416/416 372/372/372 371/371/371
f 371/371/371 415/415/415 416/416/416
f 417/417/417 373/373/373 372/372/372
f 372/372/372 416/416/416 417/417/417
f 418/418/418 374/374/374 373/373/373
f 373/373/373 417/417/417 418/418/418
f 419/419/419 375/375/375 374/374/374
f 374/374/374 418/418/418 419/419/419
f 420/420/420 376/376/376 375/375/375
f 375/375/375 419/419/419 420/420/420
f 421/421/421 377/377/377 376/376/376
f 376/376/376 420/420/420 421/421/421
f 422/422/422 378/378/378 377/377/377
f 377/377/377 421/421/421 422/422/422
f 423/423/423 379/379/379 378/378/378
f 378/378/378 422/422/422 423/423/423
f 424/424/424 380/380/380 379/379/379
f 379/379/379 423/423/423 424/424/424
f 425/425/425 381/381/381 380/380/380
f 380/380/380 424/424/424 425/425/425
f 426/426/426 382/382/382 381/381/381
f 381/381/381 425/425/425 426/426/426
f 427/427/427 383/383/383 382/382/382
f 382/382/382 426/426/426 427/427/427
f 428/428/428 384/384/384 383/383/383
f 383/383/383 427/427/427 428/428/428
f 429/429/429 385/385/385 384/384/384
f 384/384/384 428/428/428 429/429/429
f 430/430/430 386/386/386 385/385/385
f 385/385/385 429/429/429 430/430/430
f 431/431/431 387/387/387 386/386/386
f 386/386/386 430/430/430 431/431/431
f 432/432/432 388/388/388 387/387/387
f 387/387/387 431/431/431 432/432/432
f 673/673/673 389/389/389 388/388/388
f 432/432/432 433/433/433 673/673/673
f 388/388/388 432/432/432 673/673/673
f 434/434/434 672/672/672 674/674/674
f 674/674/674 671/671/671 434/434/434
f 672/672/672 390/390/390 642/642/642
f 642/642/642 674/674/674 672/672/672
f 674/674/674 642/642/642 389/389/389
f 389/389/389 673/673/673 674/674/674
f 671/671/671 674/674/674 673/673/673
f 673/673/673 433/433/433 671/671/671
f 435/435/435 676/676/676 677/677/677
f 677/677/677 675/675/675 435/435/435
f 676/676/676 391/391/391 646/646/646
f 646/646/646 677/677/677 676/676/676
f 677/677/677 646/646/646 390/390/390
f 390/390/390 672/672/672 677/677/677
f 675/675/675 677/677/677 672/672/672
f 672/672/672 434/434/434 675/675/675
f 436/436/436 679/679/679 680/680/680
f 680/680/680 678/678/678 436/436/436
f 679/679/679 392/392/392 649/649/649
f 649/649/649 680/680/680 679/679/679
f 680/680/680 649/649/649 391/391/391
f 391/391/391 676/676/676 680/680/680
f 678/678/678 680/680/680 676/676/676
f 676/676/676 435/435/435 678/678/678
f 679/679/679 436/436/436 437/437/437
f 393/393/393 392/392/392 679/679/679
f 437/437/437 393/393/393 679/679/679
f 438/438/438 394/394/394 393/393/393
f 393/393/393 437/437/437 438/438/438
f 439/439/439 395/395/395 394/394/394
f 394/394/394 438/438/438 439/439/439
f 442/442/442 398/398/398 397/397/397
f 397/397/397 441/441/441 442/442/442
f 443/443/443 399/399/399 398/398/398
f 398/398/398 442/442/442 443/443/443
f 444/444/444 400/400/400 399/399/399
f 399/399/399 443/443/443 444/444/444
f 683/683/683 401/401/401 400/400/400
f 444/444/444 445/445/445 683/683/683
f 400/400/400 444/444/444 683/683/683
f 446/446/446 682/682/682 684/684/684
f 684/684/684 681/681/681 446/446/446
f 682/682/682 402/402/402 652/652/652
f 652/652/652 684/684/684 682/682/682
f 684/684/684 652/652/652 401/401/401
f 401/401/401 683/683/683 684/684/684
f 681/681/681 684/684/684 683/683/683
f 683/683/683 445/445/445 681/681/681
f 447/447/447 686/686/686 687/687/687
f 687/687/687 685/685/685 447/447/447
f 686/686/686 403/403/403 656/656/656
f 656/656/656 687/687/687 686/686/686
f 687/687/687 656/656/656 402/402/402
f 402/402/402 682/682/682 687/687/687
f 685/685/685 687/687/687 682/682/682
f 682/682/682 446/446/446 685/685/685
f 448/448/448 689/689/689 690/690/690
f 690/690/690 688/688/688 448/448/448
f 689/689/689 404/404/404 659/659/659
f 659/659/659 690/690/690 689/689/689
f 690/690/690 659/659/659 403/403/403
f 403/403/403 686/686/686 690/690/690
f 688/688/688 690/690/690 686/686/686
f 686/686/686 447/447/447 688/688/688
f 449/449/449 692/692/692 693/693/693
f 693/693/693 691/691/691 449/449/449
f 692/692/692 405/405/405 662/662/662
f 662/662/662 693/693/693 692/692/692
f 693/693/693 662/662/662 404/404/404
f 404/404/404 689/689/689 693/693/693
f 691/691/691 693/693/693 689/689/689
f 689/689/689 448/448/448 691/691/691
f 450/450/450 695/695/695 696/696/696
f 696/696/696 694/694/694 450/450/450
f 695/695/695 406/406/406 665/665/665
f 665/665/665 696/696/696 695/695/695
f 696/696/696 665/665/665 405/405/405
f 405/405/405 692/692/692 696/696/696
f 694/694/694 696/696/696 692/692/692
f 692/692/692 449/449/449 694/694/694
f 451/451/451 698/698/698 699/699/699
f 699/699/699 697/697/697 451/451/451
f 698/698/698 407/407/407 668/668/668
f 668/668/668 699/699/699 698/698/698
f 699/699/699 668/668/668 406/406/406
f 406/406/406 695/695/695 699/699/699
f 697/697/697 699/699/699 695/695/695
f 695/695/695 450/450/450 697/697/697
f 698/698/698 451/451/451 452/452/452
f 408/408/408 407/407/407 698/698/698
f 452/452/452 408/408/408 698/698/698
f 453/453/453 409/409/409 408/408/408
f 408/408/408 452/452/452 453/453/453
f 454/454/454 410/410/410 409/409/409
f 409/409/409 453/453/453 454/454/454
f 455/455/455 411/411/411 410/410/410
f 410/410/410 454/454/454 455/455/455
f 456/456/456 412/412/412 411/411/411
f 411/411/411 455/455/455 456/456/456
f 457/457/457 413/413/413 412/412/412
f 412/412/412 456/456/456 457/457/457
f 458/458/458 414/414/414 413/413/413
f 413/413/413 457/457/457 458/458/458
f 459/459/459 415/415/415 414/414/414
f 414/414/414 458/458/458 459/459/459
f 460/460/460 416/416/416 415/415/415
f 415/415/415 459/459/459 460/460/460
f 461/461/461 417/417/417 416/416/416
f 416/416/416 460/460/460 461/461/461
f 462/462/462 418/418/418 417/417/417
f 417/417/417 461/461/461 462/462/462
f 463/463/463 419/419/419 418/418/418
f 418/418/418 462/462/462 463/463/463
f 464/464/464 420/420/420 419/419/419
f 419/419/419 463/463/463 464/464/464
f 465/465/465 421/421/421 420/420/420
f 420/420/420 464/464/464 465/465/465
f 466/466/466 422/422/422 421/421/421
f 421/421/421 465/465/465 466/466/466
f 467/467/467 423/423/423 422/422/422
f 422/422/422 466/466/466 467/467/467
f 468/468/468 424/424/424 423/423/423
f 423/423/423 467/467/467 468/468/468
f 469/469/469 425/425/425 424/424/424
f 424/424/424 468/468/468 469/469/469
f 470/470/470 426/426/426 425/425/425
f 425/425/425 469/469/469 470/470/470
f 471/471/471 427/427/427 426/426/426
f 426/426/426 470/470/470 471/471/471
f 472/472/472 428/428/428 427/427/427
f 427/427/427 471/471/471 472/472/472
f 473/473/473 429/429/429 428/428/428
f 428/428/428 472/472/472 473/473/473
f 474/474/474 430/430/430 429/429/429
f 429/429/429 473/473/473 474/474/474
f 475/475/475 431/431/431 430/430/430
f 430/430/430 474/474/474 475/475/475
f 476/476/476 432/432/432 431/431/431
f 431/431/431 475/475/475 476/476/476
f 702/702/702 433/433/433 432/432/432
f 476/476/476 477/477/477 702/702/702
f 432/432/432 476/476/476 702/702/702
f 478/478/478 701/701/701 703/703/703
f 703/703/703 700/700/700 478/478/478
f 701/701/701 434/434/434 671/671/671
f 671/671/671 703/703/703 701/701/701
f 703/703/703 671/671/671 433/433/433
f 433/433/433 702/702/702 703/703/703
f 700/700/700 703/703/703 702/702/702
f 702/702/702 477/477/477 700/700/700
f 479/479/479 705/705/705 706/706/706
f 706/706/706 704/704/704 479/479/479
f 705/705/705 435/435/435 675/675/675
f 675/675/675 706/706/706 705/705/705
f 706/706/706 675/675/675 434/434/434
f 434/434/434 701/701/701 706/706/706
f 704/704/704 706/706/706 701/701/701
f 701/701/701 478/478/478 704/704/704
f 480/480/480 708/708/708 709/709/709
f 709/709/709 707/707/707 480/480/480
f 708/708/708 436/436/436 678/678/678
f 678/678/678 709/709/709 708/708/708
f 709/709/709 678/678/678 435/435/435
f 435/435/435 705/705/705 709/709/709
f 707/707/707 709/709/709 705/705/705
f 705/705/705 479/479/479 707/707/707
f 708/708/708 480/480/480 481/481/481
f 437/437/437 436/436/436 708/708/708
f 481/481/481 437/437/437 708/708/708
f 482/482/482 438/438/438 437/437/437
f 437/437/437 481/481/481 482/482/482
f 483/483/483 439/439/439 438/438/438
f 438/438/438 482/482/482 483/483/483
f 486/486/486 442/442/442 441/441/441
f 441/441/441 485/485/485 486/486/486
f 487/487/487 443/443/443 442/442/442
f 442/442/442 486/486/486 487/487/487
f 488/488/488 444/444/444 443/443/443
f 443/443/443 487/487/487 488/488/488
f 712/712/712 445/445/445 444/444/444
f 488/488/488 489/489/489 712/712/712
f 444/444/444 488/488/488 712/712/712
f 490/490/490 711/711/711 713/713/713
f 713/713/713 710/710/710 490/490/490
f 711/711/711 446/446/446 681/681/681
f 681/681/681 713/713/713 711/711/711
f 713/713/713 681/681/681 445/445/445
f 445/445/445 712/712/712 713/713/713
f 710/710/710 713/713/713 712/712/712
f 712/712/712 489/489/489 710/710/710
f 491/491/491 715/715/715 716/716/716
f 716/716/716 714/714/714 491/491/491
f 715/715/715 447/447/447 685/685/685
f 685/685/685 716/716/716 715/715/715
f 716/716/716 685/685/685 446/446/446
f 446/446/446 711/711/711 716/716/716
f 714/714/714 716/716/716 711/711/711
f 711/711/711 490/490/490 714/714/714
f 715/715/715 719/719/719 688/688/688
f 719/719/719 448/448/448 688/688/688
f 688/688/688 447/447/447 715/715/715
f 715/715/715 491/491/491 492/492/492
f 492/492/492 719/719/719 715/715/715
f 493/493/493 718/718/718 720/720/720
f 720/720/720 717/717/717 493/493/493
f 718/718/718 449/449/449 691/691/691
f 691/691/691 720/720/720 718/718/718
f 720/720/720 691/691/691 448/448/448
f 448/448/448 719/719/719 720/720/720
f 717/717/717 720/720/720 719/719/719
f 719/719/719 492/492/492 717/717/717
f 494/494/494 722/722/722 723/723/723
f 723/723/723 721/721/721 494/494/494
f 722/722/722 450/450/450 694/694/694
f 694/694/694 723/723/723 722/722/722
f 723/723/723 694/694/694 449/449/449
f 449/449/449 718/718/718 723/723/723
f 721/721/721 723/723/723 718/718/718
f 718/718/718 493/493/493 721/721/721
f 495/495/495 725/725/725 726/726/726
f 726/726/726 724/724/724 495/495/495
f 725/725/725 451/451/451 697/697/697
f 697/697/697 726/726/726 725/725/725
f 726/726/726 697/697/697 450/450/450
f 450/450/450 722/722/722 726/726/726
f 724/724/724 726/726/726 722/722/722
f 722/722/722 494/494/494 724/724/724
f 725/725/725 495/495/495 496/496/496
f 452/452/452 451/451/451 725/725/725
f 496/496/496 452/452/452 725/725/725
f 497/497/497 453/453/453 452/452/452
f 452/452/452 496/496/496 497/497/497
f 498/498/498 454/454/454 453/453/453
f 453/453/453 497/497/497 498/498/498
f 499/499/499 455/455/455 454/454/454
f 454/454/454 498/498/498 499/499/499
f 500/500/500 456/456/456 455/455/455
f 455/455/455 499/499/499 500/500/500
f 501/501/501 457/457/457 456/456/456
f 456/456/456 500/500/500 501/501/501
f 502/502/502 458/458/458 457/457/457
f 457/457/457 501/501/501 502/502/502
f 503/503/503 459/459/459 458/458/458
f 458/458/458 502/502/502 503/503/503
f 504/504/504 460/460/460 459/459/459
f 459/459/459 503/503/503 504/504/504
f 505/505/505 461/461/461 460/460/460
f 460/460/460 504/504/504 505/505/505
f 506/506/506 462/462/462 461/461/461
f 461/461/461 505/505/505 506/506/506
f 507/507/507 463/463/463 462/462/462
f 462/462/462 506/506/506 507/507/507
f 508/508/508 464/464/464 463/463/463
f 463/463/463 507/507/507 508/508/508
f 509/509/509 465/465/465 464/464/464
f 464/464/464 508/508/508 509/509/509
f 510/510/510 466/466/466 465/465/465
f 465/465/465 509/509/509 510/510/510
f 511/511/511 467/467/467 466/466/466
f 466/466/466 510/510/510 511/511/511
f 512/512/512 468/468/468 467/467/467
f 467/467/467 511/511/511 512/512/512
f 513/513/513 469/469/469 468/468/468
f 468/468/468 512/512/512 513/513/513
f 514/514/514 470/470/470 469/469/469
f 469/469/469 513/513/513 514/514/514
f 515/515/515 471/471/471 470/470/470
f 470/470/470 514/514/514 515/515/515
f 516/516/516 472/472/472 471/471/471
f 471/471/471 515/515/515 516/516/516
f 517/517/517 473/473/473 472/472/472
f 472/472/472 516/516/516 517/517/517
f 518/518/518 474/474/474 473/473/473
f 473/473/473 517/517/517 518/518/518
f 519/519/519 475/475/475 474/474/474
f 474/474/474 518/518/518 519/519/519
f 520/520/520 476/476/476 475/475/475
f 475/475/475 519/519/519 520/520/520
f 729/729/729 477/477/477 476/476/476
f 520/520/520 521/521/521 729/729/729
f 476/476/476 520/520/520 729/729/729
f 522/522/522 728/728/728 730/730/730
f 730/730/730 727/727/727 522/522/522
f 728/728/728 478/478/478 700/700/700
f 700/700/700 730/730/730 728/728/728
f 730/730/730 700/700/700 477/477/477
f 477/477/477 729/729/729 730/730/730
f 727/727/727 730/730/730 729/729/729
f 729/729/729 521/521/521 727/727/727
f 523/523/523 732/732/732 733/733/733
f 733/733/733 731/731/731 523/523/523
f 732/732/732 479/479/479 704/704/704
f 704/704/704 733/733/733 732/732/732
f 733/733/733 704/704/704 478/478/478
f 478/478/478 728/728/728 733/733/733
f 731/731/731 733/733/733 728/728/728
f 728/728/728 522/522/522 731/731/731
f 707/707/707 479/479/479 732/732/732
f 732/732/732 523/523/523 524/524/524
f 524/524/524 480/480/480 707/707/707
f 707/707/707 732/732/732 524/524/524
f 525/525/525 481/481/481 480/480/480
f 480/480/480 524/524/524 525/525/525
f 526/526/526 482/482/482 481/481/481
f 481/481/481 525/525/525 526/526/526
f 527/527/527 483/483/483 482/482/482
f 482/482/482 526/526/526 527/527/527
f 530/530/530 486/486/486 485/485/485
f 485/485/485 529/529/529 530/530/530
f 531/531/531 487/487/487 486/486/486
f 486/486/486 530/530/530 531/531/531
f 532/532/532 488/488/488 487/487/487
f 487/487/487 531/531/531 532/532/532
f 533/533/533 489/489/489 488/488/488
f 488/488/488 532/532/532 533/533/533
f 736/736/736 490/490/490 710/710/710
f 710/710/710 489/489/489 533/533/533
f 533/533/533 534/534/534 736/736/736
f 736/736/736 710/710/710 533/533/533
f 535/535/535 735/735/735 737/737/737
f 737/737/737 734/734/734 535/535/535
f 735/735/735 491/491/491 714/714/714
f 714/714/714 737/737/737 735/735/735
f 737/737/737 714/714/714 490/490/490
f 490/490/490 736/736/736 737/737/737
f 734/734/734 737/737/737 736/736/736
f 736/736/736 534/534/534 734/734/734
f 740/740/740 492/492/492 491/491/491
f 491/491/491 735/735/735 740/740/740
f 735/735/735 535/535/535 536/536/536
f 536/536/536 740/740/740 735/735/735
f 537/537/537 739/739/739 741/741/741
f 741/741/741 738/738/738 537/537/537
f 739/739/739 493/493/493 717/717/717
f 717/717/717 741/741/741 739/739/739
f 741/741/741 717/717/717 492/492/492
f 492/492/492 740/740/740 741/741/741
f 738/738/738 741/741/741 740/740/740
f 740/740/740 536/536/536 738/738/738
f 739/739/739 744/744/744 721/721/721
f 744/744/744 494/494/494 721/721/721
f 721/721/721 493/493/493 739/739/739
f 739/739/739 537/537/537 538/538/538
f 538/538/538 744/744/744 739/739/739
f 539/539/539 743/743/743 745/745/745
f 745/745/745 742/742/742 539/539/539
f 743/743/743 495/495/495 724/724/724
f 724/724/724 745/745/745 743/743/743
f 745/745/745 724/724/724 494/494/494
f 494/494/494 744/744/744 745/745/745
f 742/742/742 745/745/745 744/744/744
f 744/744/744 538/538/538 742/742/742
f 743/743/743 539/539/539 540/540/540
f 496/496/496 495/495/495 743/743/743
f 540/540/540 496/496/496 743/743/743
f 541/541/541 497/497/497 496/496/496
f 496/496/496 540/540/540 541/541/541
f 542/542/542 498/498/498 497/497/497
f 497/497/497 541/541/541 542/542/542
f 543/543/543 499/499/499 498/498/498
f 498/498/498 542/542/542 543/543/543
f 544/544/544 500/500/500 499/499/499
f 499/499/499 543/543/543 544/544/544
f 545/545/545 501/501/501 500/500/500
f 500/500/500 544/544/544 545/545/545
f 546/546/546 502/502/502 501/501/501
f 501/501/501 545/545/545 546/546/546
f 547/547/547 503/503/503 502/502/502
f 502/502/502 546/546/546 547/547/547
f 548/548/548 504/504/504 503/503/503
f 503/503/503 547/547/547 548/548/548
f 549/549/549 505/505/505 504/504/504
f 504/504/504 548/548/548 549/549/549
f 550/550/550 506/506/506 505/505/505
f 505/505/505 549/549/549 550/550/550
f 551/551/551 507/507/507 506/506/506
f 506/506/506 550/550/550 551/551/551
f 552/552/552 508/508/508 507/507/507
f 507/507/507 551/551/551 552/552/552
f 553/553/553 509/509/509 508/508/508
f 508/508/508 552/552/552 553/553/553
f 554/554/554 510/510/510 509/509/509
f 509/509/509 553/553/553 554/554/554
f 555/555/555 511/511/511 510/510/510
f 510/510/510 554/554/554 555/555/555
f 556/556/556 512/512/512 511/511/511
f 511/511/511 555/555/555 556/556/556
f 557/557/557 513/513/513 512/512/512
f 512/512/512 556/556/556 557/557/557
f 558/558/558 514/514/514 513/513/513
f 513/513/513 557/557/557 558/558/558
f 559/559/559 515/515/515 514/514/514
f 514/514/514 558/558/558 559/559/559
f 560/560/560 516/516/516 515/515/515
f 515/515/515 559/559/559 560/560/560
f 561/561/561 517/517/517 516/516/516
f 516/516/516 560/560/560 561/561/561
f 562/562/562 518/518/518 517/517/517
f 517/517/517 561/561/561 562/562/562
f 563/563/563 519/519/519 518/518/518
f 518/518/518 562/562/562 563/563/563
f 564/564/564 520/520/520 519/519/519
f 519/519/519 563/563/563 564/564/564
f 748/748/748 521/521/521 520/520/520
f 564/564/564 565/565/565 748/748/748
f 520/520/520 564/564/564 748/748/748
f 566/566/566 747/747/747 749/749/749
f 749/749/749 746/746/746 566/566/566
f 747/747/747 522/522/522 727/727/727
f 727/727/727 749/749/749 747/747/747
f 749/749/749 727/727/727 521/521/521
f 521/521/521 748/748/748 749/749/749
f 746/746/746 749/749/749 748/748/748
f 748/748/748 565/565/565 746/746/746
f 567/567/567 751/751/751 752/752/752
f 752/752/752 750/750/750 567/567/567
f 751/751/751 523/523/523 731/731/731
f 731/731/731 752/752/752 751/751/751
f 752/752/752 731/731/731 522/522/522
f 522/522/522 747/747/747 752/752/752
f 750/750/750 752/752/752 747/747/747
f 747/747/747 566/566/566 750/750/750
f 751/751/751 567/567/567 568/568/568
f 524/524/524 523/523/523 751/751/751
f 568/568/568 524/524/524 751/751/751
f 569/569/569 525/525/525 524/524/524
f 524/524/524 568/568/568 569/569/569
f 570/570/570 526/526/526 525/525/525
f 525/525/525 569/569/569 570/570/570
f 571/571/571 527/527/527 526/526/526
f 526/526/526 570/570/570 571/571/571
f 753/753/753 535/535/535 734/734/734
f 734/734/734 755/755/755 753/753/753
f 755/755/755 734/734/734 534/534/534
f 534/534/534 754/754/754 755/755/755
f 756/756/756 566/566/566 746/746/746
f 746/746/746 758/758/758 756/756/756
f 758/758/758 746/746/746 565/565/565
f 565/565/565 757/757/757 758/758/758
f 759/759/759 567/567/567 750/750/750
f 750/750/750 760/760/760 759/759/759
f 760/760/760 750/750/750 566/566/566
f 566/566/566 756/756/756 760/760/760
f 770/770/770 768/768/768 571/571/571
f 571/571/571 769/769/769 770/770/770
f 941/941/941 940/940/940 262/262/262
f 942/942/942 938/938/938 939/939/939
f 939/939/939 940/940/940 941/941/941
f 943/943/943 936/936/936 937/937/937
f 268/268/268 934/934/934 935/935/935
f 268/268/268 933/933/933 934/934/934
f 935/935/935 936/936/936 943/943/943
f 937/937/937 938/938/938 942/942/942
f 576/576/576 931/931/931 932/932/932
f 929/929/929 930/930/930 577/577/577
f 577/577/577 575/575/575 929/929/929
f 575/575/575 928/928/928 929/929/929
f 930/930/930 931/931/931 576/576/576
f 576/576/576 577/577/577 930/930/930
f 926/926/926 927/927/927 273/273/273
f 273/273/273 607/607/607 926/926/926
f 924/924/924 925/925/925 581/581/581
f 581/581/581 579/579/579 924/924/924
f 579/579/579 923/923/923 924/924/924
f 925/925/925 926/926/926 580/580/580
f 927/927/927 928/928/928 272/272/272
f 272/272/272 602/602/602 927/927/927
f 932/932/932 933/933/933 269/269/269
f 921/921/921 922/922/922 276/276/276
f 276/276/276 277/277/277 921/921/921
f 278/278/278 919/919/919 920/920/920
f 918/918/918 919/919/919 278/278/278
f 278/278/278 279/279/279 918/918/918
f 920/920/920 921/921/921 277/277/277
f 280/280/280 916/916/916 917/917/917
f 914/914/914 915/915/915 281/281/281
f 281/281/281 282/282/282 914/914/914
f 282/282/282 913/913/913 914/914/914
f 915/915/915 916/916/916 280/280/280
f 280/280/280 281/281/281 915/915/915
f 917/917/917 918/918/918 279/279/279
f 911/911/911 912/912/912 283/283/283
f 283/283/283 284/284/284 911/911/911
f 285/285/285 909/909/909 910/910/910
f 908/908/908 909/909/909 285/285/285
f 285/285/285 286/286/286 908/908/908
f 910/910/910 911/911/911 284/284/284
f 287/287/287 906/906/906 907/907/907
f 288/288/288 904/904/904 905/905/905
f 288/288/288 903/903/903 904/904/904
f 905/905/905 906/906/906 287/287/287
f 907/907/907 908/908/908 286/286/286
f 912/912/912 913/913/913 283/283/283
f 922/922/922 923/923/923 276/276/276
f 937/937/937 942/942/942 943/943/943
f 941/941/941 265/265/265 266/266/266
f 266/266/266 942/942/942 941/941/941
f 941/941/941 264/264/264 265/265/265
f 265/265/265 264/264/264 308/308/308
f 308/308/308 309/309/309 265/265/265
f 264/264/264 941/941/941 262/262/262
f 942/942/942 266/266/266 267/267/267
f 267/267/267 943/943/943 942/942/942
f 269/269/269 576/576/576 932/932/932
f 268/268/268 943/943/943 267/267/267
f 268/268/268 935/935/935 943/943/943
f 272/272/272 928/928/928 575/575/575
f 268/268/268 269/269/269 933/933/933
f 309/309/309 308/308/308 352/352/352
f 352/352/352 353/353/353 309/309/309
f 576/576/576 269/269/269 594/594/594
f 602/602/602 273/273/273 927/927/927
f 575/575/575 271/271/271 272/272/272
f 576/576/576 594/594/594 270/270/270
f 607/607/607 274/274/274 580/580/580
f 580/580/580 926/926/926 607/607/607
f 276/276/276 923/923/923 579/579/579
f 275/275/275 276/276/276 579/579/579
f 278/278/278 920/920/920 277/277/277
f 581/581/581 925/925/925 580/580/580
f 279/279/279 280/280/280 917/917/917
f 282/282/282 283/283/283 913/913/913
f 287/287/287 288/288/288 905/905/905
f 903/903/903 288/288/288 902/902/902
f 286/286/286 287/287/287 907/907/907
f 284/284/284 285/285/285 910/910/910
f 288/288/288 289/289/289 901/901/901
f 901/901/901 902/902/902 288/288/288
f 939/939/939 941/941/941 942/942/942
f 289/289/289 900/900/900 901/901/901
f 290/290/290 898/898/898 899/899/899
f 899/899/899 900/900/900 289/289/289
f 291/291/291 896/896/896 897/897/897
f 291/291/291 894/894/894 895/895/895
f 292/292/292 893/893/893 894/894/894
f 895/895/895 896/896/896 291/291/291
f 897/897/897 898/898/898 290/290/290
f 293/293/293 891/891/891 892/892/892
f 294/294/294 889/889/889 890/890/890
f 294/294/294 888/888/888 889/889/889
f 890/890/890 891/891/891 293/293/293
f 295/295/295 886/886/886 887/887/887
f 296/296/296 884/884/884 885/885/885
f 296/296/296 883/883/883 884/884/884
f 885/885/885 886/886/886 295/295/295
f 887/887/887 888/888/888 294/294/294
f 892/892/892 893/893/893 292/292/292
f 297/297/297 881/881/881 882/882/882
f 298/298/298 879/879/879 880/880/880
f 298/298/298 878/878/878 879/879/879
f 880/880/880 881/881/881 297/297/297
f 299/299/299 876/876/876 877/877/877
f 300/300/300 874/874/874 875/875/875
f 300/300/300 873/873/873 874/874/874
f 875/875/875 876/876/876 299/299/299
f 877/877/877 878/878/878 299/299/299
f 584/584/584 871/871/871 872/872/872
f 585/585/585 869/869/869 870/870/870
f 868/868/868 869/869/869 585/585/585
f 585/585/585 583/583/583 868/868/868
f 870/870/870 871/871/871 584/584/584
f 588/588/588 866/866/866 867/867/867
f 587/587/587 864/864/864 865/865/865
f 591/591/591 863/863/863 864/864/864
f 865/865/865 866/866/866 588/588/588
f 588/588/588 587/587/587 865/865/865
f 867/867/867 868/868/868 583/583/583
f 872/872/872 873/873/873 584/584/584
f 882/882/882 883/883/883 297/297/297
f 897/897/897 290/290/290 291/291/291
f 894/894/894 291/291/291 292/292/292
f 585/585/585 870/870/870 584/584/584
f 588/588/588 867/867/867 583/583/583
f 587/587/587 591/591/591 864/864/864
f 862/862/862 863/863/863 591/591/591
f 591/591/591 590/590/590 862/862/862
f 293/293/293 892/892/892 292/292/292
f 289/289/289 290/290/290 899/899/899
f 293/293/293 294/294/294 890/890/890
f 295/295/295 296/296/296 885/885/885
f 296/296/296 297/297/297 883/883/883
f 294/294/294 295/295/295 887/887/887
f 298/298/298 299/299/299 878/878/878
f 873/873/873 300/300/300 584/584/584
f 584/584/584 300/300/300 301/301/301
f 299/299/299 300/300/300 875/875/875
f 297/297/297 298/298/298 880/880/880
f 590/590/590 860/860/860 861/861/861
f 305/305/305 858/858/858 859/859/859
f 306/306/306 857/857/857 858/858/858
f 859/859/859 860/860/860 305/305/305
f 772/772/772 855/855/855 856/856/856
f 853/853/853 854/854/854 772/772/772
f 772/772/772 773/773/773 853/853/853
f 773/773/773 263/263/263 853/853/853
f 854/854/854 855/855/855 772/772/772
f 856/856/856 857/857/857 306/306/306
f 590/590/590 305/305/305 860/860/860
f 858/858/858 305/305/305 306/306/306
f 590/590/590 304/304/304 305/305/305
f 856/856/856 306/306/306 772/772/772
f 307/307/307 772/772/772 306/306/306
f 263/263/263 773/773/773 767/767/767
f 771/771/771 767/767/767 773/773/773
f 766/766/766 771/771/771 351/351/351
f 771/771/771 307/307/307 351/351/351
f 767/767/767 771/771/771 766/766/766
f 590/590/590 861/861/861 862/862/862
f 396/396/396 397/397/397 353/353/353
f 353/353/353 352/352/352 396/396/396
f 484/484/484 485/485/485 441/441/441
f 441/441/441 440/440/440 484/484/484
f 440/440/440 441/441/441 397/397/397
f 397/397/397 396/396/396 440/440/440
f 528/528/528 529/529/529 485/485/485
f 485/485/485 484/484/484 528/528/528
f 944/944/944 530/530/530 529/529/529
f 529/529/529 945/945/945 944/944/944
f 946/946/946 531/531/531 530/530/530
f 530/530/530 944/944/944 946/946/946
f 532/532/532 946/946/946 779/779/779
f 532/532/532 531/531/531 946/946/946
f 533/533/533 532/532/532 780/780/780
f 780/780/780 781/781/781 533/533/533
f 533/533/533 754/754/754 534/534/534
f 754/754/754 783/783/783 755/755/755
f 754/754/754 533/533/533 781/781/781
f 753/753/753 755/755/755 783/783/783
f 945/945/945 529/529/529 528/528/528
f 753/753/753 536/536/536 535/535/535
f 738/738/738 786/786/786 537/537/537
f 538/538/538 537/537/537 786/786/786
f 786/786/786 787/787/787 538/538/538
f 785/785/785 738/738/738 536/536/536
f 539/539/539 742/742/742 788/788/788
f 788/788/788 789/789/789 539/539/539
f 541/541/541 540/540/540 791/791/791
f 791/791/791 792/792/792 541/541/541
f 542/542/542 541/541/541 792/792/792
f 792/792/792 793/793/793 542/542/542
f 540/540/540 539/539/539 789/789/789
f 789/789/789 790/790/790 540/540/540
f 788/788/788 742/742/742 538/538/538
f 544/544/544 543/543/543 795/795/795
f 795/795/795 796/796/796 544/544/544
f 546/546/546 545/545/545 798/798/798
f 798/798/798 799/799/799 546/546/546
f 545/545/545 544/544/544 797/797/797
f 797/797/797 798/798/798 545/545/545
f 547/547/547 546/546/546 800/800/800
f 800/800/800 801/801/801 547/547/547
f 543/543/543 542/542/542 794/794/794
f 794/794/794 795/795/795 543/543/543
f 548/548/548 547/547/547 801/801/801
f 801/801/801 802/802/802 548/548/548
f 550/550/550 549/549/549 805/805/805
f 805/805/805 806/806/806 550/550/550
f 551/551/551 550/550/550 808/808/808
f 808/808/808 809/809/809 551/551/551
f 549/549/549 548/548/548 802/802/802
f 802/802/802 803/803/803 549/549/549
f 753/753/753 785/785/785 536/536/536
f 946/946/946 944/944/944 777/777/777
f 774/774/774 945/945/945 572/572/572
f 528/528/528 572/572/572 945/945/945
f 945/945/945 774/774/774 775/775/775
f 775/775/775 776/776/776 944/944/944
f 944/944/944 776/776/776 777/777/777
f 777/777/777 778/778/778 946/946/946
f 779/779/779 780/780/780 532/532/532
f 778/778/778 779/779/779 946/946/946
f 754/754/754 781/781/781 782/782/782
f 782/782/782 783/783/783 754/754/754
f 784/784/784 785/785/785 753/753/753
f 785/785/785 786/786/786 738/738/738
f 783/783/783 784/784/784 753/753/753
f 787/787/787 788/788/788 538/538/538
f 790/790/790 791/791/791 540/540/540
f 793/793/793 794/794/794 542/542/542
f 799/799/799 800/800/800 546/546/546
f 796/796/796 797/797/797 544/544/544
f 804/804/804 805/805/805 549/549/549
f 803/803/803 804/804/804 549/549/549
f 807/807/807 808/808/808 550/550/550
f 809/809/809 810/810/810 551/551/551
f 810/810/810 811/811/811 551/551/551
f 806/806/806 807/807/807 550/550/550
f 944/944/944 945/945/945 775/775/775
f 552/552/552 551/551/551 811/811/811
f 811/811/811 812/812/812 552/552/552
f 553/553/553 552/552/552 814/814/814
f 814/814/814 815/815/815 553/553/553
f 555/555/555 554/554/554 819/819/819
f 819/819/819 820/820/820 555/555/555
f 554/554/554 553/553/553 816/816/816
f 816/816/816 817/817/817 554/554/554
f 557/557/557 556/556/556 824/824/824
f 824/824/824 825/825/825 557/557/557
f 559/559/559 558/558/558 828/828/828
f 828/828/828 829/829/829 559/559/559
f 560/560/560 559/559/559 830/830/830
f 830/830/830 831/831/831 560/560/560
f 558/558/558 557/557/557 826/826/826
f 826/826/826 827/827/827 558/558/558
f 556/556/556 555/555/555 821/821/821
f 821/821/821 822/822/822 556/556/556
f 563/563/563 562/562/562 837/837/837
f 837/837/837 838/838/838 563/563/563
f 564/564/564 563/563/563 838/838/838
f 838/838/838 839/839/839 564/564/564
f 561/561/561 560/560/560 833/833/833
f 833/833/833 834/834/834 561/561/561
f 562/562/562 561/561/561 835/835/835
f 835/835/835 836/836/836 562/562/562
f 813/813/813 552/552/552 812/812/812
f 757/757/757 565/565/565 564/564/564
f 758/758/758 757/757/757 841/841/841
f 841/841/841 842/842/842 758/758/758
f 756/756/756 758/758/758 842/842/842
f 842/842/842 843/843/843 756/756/756
f 840/840/840 757/757/757 564/564/564
f 760/760/760 756/756/756 843/843/843
f 351/351/351 395/395/395 765/765/765
f 765/765/765 766/766/766 351/351/351
f 439/439/439 483/483/483 763/763/763
f 763/763/763 764/764/764 439/439/439
f 395/395/395 439/439/439 764/764/764
f 764/764/764 765/765/765 395/395/395
f 762/762/762 763/763/763 483/483/483
f 483/483/483 527/527/527 762/762/762
f 527/527/527 768/768/768 762/762/762
f 569/569/569 568/568/568 846/846/846
f 846/846/846 847/847/847 569/569/569
f 849/849/849 769/769/769 570/570/570
f 759/759/759 568/568/568 567/567/567
f 760/760/760 844/844/844 759/759/759
f 570/570/570 569/569/569 847/847/847
f 847/847/847 848/848/848 570/570/570
f 527/527/527 571/571/571 768/768/768
f 761/761/761 768/768/768 770/770/770
f 770/770/770 769/769/769 851/851/851
f 851/851/851 852/852/852 770/770/770
f 573/573/573 761/761/761 770/770/770
f 769/769/769 571/571/571 570/570/570
f 762/762/762 768/768/768 761/761/761
f 568/568/568 759/759/759 845/845/845
f 552/552/552 813/813/813 814/814/814
f 554/554/554 817/817/817 818/818/818
f 553/553/553 815/815/815 816/816/816
f 556/556/556 822/822/822 823/823/823
f 555/555/555 820/820/820 821/821/821
f 554/554/554 818/818/818 819/819/819
f 558/558/558 827/827/827 828/828/828
f 557/557/557 825/825/825 826/826/826
f 559/559/559 829/829/829 830/830/830
f 560/560/560 831/831/831 832/832/832
f 560/560/560 832/832/832 833/833/833
f 556/556/556 823/823/823 824/824/824
f 561/561/561 834/834/834 835/835/835
f 562/562/562 836/836/836 837/837/837
f 564/564/564 839/839/839 840/840/840
f 757/757/757 840/840/840 841/841/841
f 759/759/759 844/844/844 845/845/845
f 568/568/568 845/845/845 846/846/846
f 769/769/769 849/849/849 850/850/850
f 770/770/770 852/852/852 573/573/573
f 769/769/769 850/850/850 851/851/851
f 570/570/570 848/848/848 849/849/849
f 760/760/760 843/843/843 844/844/844
f 973/973/973 947/947/947 952/952/952
f 972/972/972 952/952/952 953/953/953
f 971/971/971 954/954/954 955/955/955
f 971/971/971 955/955/955 956/956/956
f 972/972/972 953/953/953 954/954/954
f 948/948/948 973/973/973 972/972/972
f 972/972/972 973/973/973 952/952/952
f 970/970/970 957/957/957 958/958/958
f 970/970/970 971/971/971 956/956/956
f 970/970/970 958/958/958 949/949/949
f 954/954/954 971/971/971 972/972/972
f 957/957/957 970/970/970 956/956/956
f 959/959/959 960/960/960 969/969/969
f 969/969/969 949/949/949 959/959/959
f 969/969/969 960/960/960 961/961/961
f 968/968/968 962/962/962 963/963/963
f 967/967/967 964/964/964 965/965/965
f 967/967/967 963/963/963 964/964/964
f 968/968/968 961/961/961 962/962/962
f 968/968/968 969/969/969 961/961/961
f 965/965/965 966/966/966 967/967/967
f 966/966/966 951/951/951 967/967/967
f 963/963/963 967/967/967 968/968/968
f 966/966/966 965/965/965 950/950/950
f 958/958/958 959/959/959 949/949/949
f 976/976/976 986/986/986 987/987/987
f 987/987/987 985/985/985 976/976/976
f 1004/1004/1004 1007/1007/1007 986/986/986
f 986/986/986 976/976/976 1004/1004/1004
f 977/977/977 989/989/989 990/990/990
f 990/990/990 988/988/988 977/977/977
f 989/989/989 976/976/976 985/985/985
f 985/985/985 990/990/990 989/989/989
f 1005/1005/1005 1004/1004/1004 976/976/976
f 976/976/976 989/989/989 1005/1005/1005
f 1002/1002/1002 1005/1005/1005 989/989/989
f 989/989/989 977/977/977 1002/1002/1002
f 978/978/978 992/992/992 993/993/993
f 993/993/993 991/991/991 978/978/978
f 992/992/992 977/977/977 988/988/988
f 988/988/988 993/993/993 992/992/992
f 1003/1003/1003 1002/1002/1002 977/977/977
f 977/977/977 992/992/992 1003/1003/1003
f 1000/1000/1000 1003/1003/1003 992/992/992
f 992/992/992 978/978/978 1000/1000/1000
f 994/994/994 978/978/978 991/991/991
f 991/991/991 995/995/995 994/994/994
f 1001/1001/1001 1000/1000/1000 978/978/978
f 978/978/978 994/994/994 1001/1001/1001
f 1009/1009/1009 974/974/974 987/987/987
f 981/981/981 987/987/987 974/974/974
f 987/987/987 986/986/986 1009/1009/1009
f 981/981/981 982/982/982 990/990/990
f 990/990/990 985/985/985 981/981/981
f 987/987/987 981/981/981 985/985/985
f 1007/1007/1007 1008/1008/1008 986/986/986
f 1009/1009/1009 986/986/986 1008/1008/1008
f 1006/1006/1006 975/975/975 1007/1007/1007
f 1008/1008/1008 1007/1007/1007 975/975/975
f 1004/1004/1004 1005/1005/1005 999/999/999
f 999/999/999 1006/1006/1006 1004/1004/1004
f 1002/1002/1002 999/999/999 1005/1005/1005
f 1007/1007/1007 1004/1004/1004 1006/1006/1006
f 982/982/982 988/988/988 990/990/990
f 993/993/993 988/988/988 983/983/983
f 982/982/982 983/983/983 988/988/988
f 991/991/991 993/993/993 983/983/983
f 983/983/983 984/984/984 991/991/991
f 995/995/995 984/984/984 979/979/979
f 979/979/979 996/996/996 995/995/995
f 991/991/991 984/984/984 995/995/995
f 994/994/994 995/995/995 996/996/996
f 998/998/998 1002/1002/1002 1003/1003/1003
f 1001/1001/1001 998/998/998 1000/1000/1000
f 1003/1003/1003 1000/1000/1000 998/998/998
f 999/999/999 1002/1002/1002 998/998/998
f 1001/1001/1001 994/994/994 997/997/997
f 996/996/996 997/997/997 994/994/994
f 998/998/998 1001/1001/1001 980/980/980
f 997/997/997 980/980/980 1001/1001/1001
f 1012/1012/1012 1027/1027/1027 1028/1028/1028
f 1028/1028/1028 1026/1026/1026 1012/1012/1012
f 1051/1051/1051 1055/1055/1055 1054/1054/1054
f 1054/1054/1054 1014/1014/1014 1051/1051/1051
f 1015/1015/1015 1030/1030/1030 1031/1031/1031
f 1031/1031/1031 1029/1029/1029 1015/1015/1015
f 1030/1030/1030 1012/1012/1012 1026/1026/1026
f 1026/1026/1026 1031/1031/1031 1030/1030/1030
f 1030/1030/1030 1015/1015/1015 1016/1016/1016
f 1013/1013/1013 1012/1012/1012 1030/1030/1030
f 1016/1016/1016 1013/1013/1013 1030/1030/1030
f 1052/1052/1052 1014/1014/1014 1013/1013/1013
f 1016/1016/1016 1017/1017/1017 1052/1052/1052
f 1013/1013/1013 1016/1016/1016 1052/1052/1052
f 1053/1053/1053 1051/1051/1051 1014/1014/1014
f 1014/1014/1014 1052/1052/1052 1053/1053/1053
f 1048/1048/1048 1053/1053/1053 1052/1052/1052
f 1052/1052/1052 1017/1017/1017 1048/1048/1048
f 1018/1018/1018 1033/1033/1033 1034/1034/1034
f 1034/1034/1034 1032/1032/1032 1018/1018/1018
f 1033/1033/1033 1015/1015/1015 1029/1029/1029
f 1029/1029/1029 1034/1034/1034 1033/1033/1033
f 1033/1033/1033 1018/1018/1018 1019/1019/1019
f 1016/1016/1016 1015/1015/1015 1033/1033/1033
f 1019/1019/1019 1016/1016/1016 1033/1033/1033
f 1049/1049/1049 1017/1017/1017 1016/1016/1016
f 1019/1019/1019 1020/1020/1020 1049/1049/1049
f 1016/1016/1016 1019/1019/1019 1049/1049/1049
f 1050/1050/1050 1048/1048/1048 1017/1017/1017
f 1017/1017/1017 1049/1049/1049 1050/1050/1050
f 1045/1045/1045 1050/1050/1050 1049/1049/1049
f 1049/1049/1049 1020/1020/1020 1045/1045/1045
f 1035/1035/1035 1018/1018/1018 1032/1032/1032
f 1032/1032/1032 1036/1036/1036 1035/1035/1035
f 1047/1047/1047 1045/1045/1045 1020/1020/1020
f 1020/1020/1020 1046/1046/1046 1047/1047/1047
f 1060/1060/1060 1010/1010/1010 1028/1028/1028
f 1023/1023/1023 1028/1028/1028 1010/1010/1010
f 1059/1059/1059 1060/1060/1060 1027/1027/1027
f 1028/1028/1028 1027/1027/1027 1060/1060/1060
f 1013/1013/1013 1059/1059/1059 1027/1027/1027
f 1031/1031/1031 1026/1026/1026 1023/1023/1023
f 1024/1024/1024 1031/1031/1031 1023/1023/1023
f 1012/1012/1012 1013/1013/1013 1027/1027/1027
f 1026/1026/1026 1028/1028/1028 1023/1023/1023
f 1058/1058/1058 1059/1059/1059 1013/1013/1013
f 1057/1057/1057 1058/1058/1058 1013/1013/1013
f 1055/1055/1055 1011/1011/1011 1056/1056/1056
f 1056/1056/1056 1057/1057/1057 1054/1054/1054
f 1054/1054/1054 1055/1055/1055 1056/1056/1056
f 1013/1013/1013 1054/1054/1054 1057/1057/1057
f 1044/1044/1044 1055/1055/1055 1051/1051/1051
f 1043/1043/1043 1044/1044/1044 1051/1051/1051
f 1051/1051/1051 1053/1053/1053 1043/1043/1043
f 1053/1053/1053 1048/1048/1048 1043/1043/1043
f 1011/1011/1011 1055/1055/1055 1044/1044/1044
f 1054/1054/1054 1013/1013/1013 1014/1014/1014
f 1029/1029/1029 1031/1031/1031 1024/1024/1024
f 1029/1029/1029 1024/1024/1024 1034/1034/1034
f 1025/1025/1025 1034/1034/1034 1024/1024/1024
f 1025/1025/1025 1032/1032/1032 1034/1034/1034
f 1032/1032/1032 1025/1025/1025 1036/1036/1036
f 1037/1037/1037 1036/1036/1036 1021/1021/1021
f 1025/1025/1025 1021/1021/1021 1036/1036/1036
f 1035/1035/1035 1036/1036/1036 1037/1037/1037
f 1038/1038/1038 1019/1019/1019 1035/1035/1035
f 1035/1035/1035 1019/1019/1019 1018/1018/1018
f 1037/1037/1037 1038/1038/1038 1035/1035/1035
f 1039/1039/1039 1019/1019/1019 1038/1038/1038
f 1042/1042/1042 1050/1050/1050 1045/1045/1045
f 1047/1047/1047 1042/1042/1042 1045/1045/1045
f 1042/1042/1042 1043/1043/1043 1048/1048/1048
f 1048/1048/1048 1050/1050/1050 1042/1042/1042
f 1046/1046/1046 1019/1019/1019 1040/1040/1040
f 1019/1019/1019 1046/1046/1046 1020/1020/1020
f 1040/1040/1040 1041/1041/1041 1047/1047/1047
f 1047/1047/1047 1046/1046/1046 1040/1040/1040
f 1022/1022/1022 1047/1047/1047 1041/1041/1041
f 1042/1042/1042 1047/1047/1047 1022/1022/1022
f 1039/1039/1039 1040/1040/1040 1019/1019/1019
f 1065/1065/1065 1063/1063/1063 1064/1064/1064
f 1066/1066/1066 1063/1063/1063 1065/1065/1065
f 1063/1063/1063 1071/1071/1071 1072/1072/1072
f 1070/1070/1070 1071/1071/1071 1074/1074/1074
f 1063/1063/1063 1074/1074/1074 1071/1071/1071
f 1063/1063/1063 1072/1072/1072 1064/1064/1064
f 1063/1063/1063 1066/1066/1066 1062/1062/1062
f 1068/1068/1068 1062/1062/1062 1067/1067/1067
f 1061/1061/1061 1062/1062/1062 1068/1068/1068
f 1074/1074/1074 1073/1073/1073 1069/1069/1069
f 1070/1070/1070 1074/1074/1074 1069/1069/1069
f 1067/1067/1067 1062/1062/1062 1066/1066/1066
f 1077/1077/1077 1097/1097/1097 1098/1098/1098
f 1098/1098/1098 1096/1096/1096 1077/1077/1077
f 1121/1121/1121 1125/1125/1125 1124/1124/1124
f 1124/1124/1124 1079/1079/1079 1121/1121/1121
f 1080/1080/1080 1100/1100/1100 1101/1101/1101
f 1101/1101/1101 1099/1099/1099 1080/1080/1080
f 1100/1100/1100 1077/1077/1077 1096/1096/1096
f 1096/1096/1096 1101/1101/1101 1100/1100/1100
f 1100/1100/1100 1080/1080/1080 1081/1081/1081
f 1078/1078/1078 1077/1077/1077 1100/1100/1100
f 1081/1081/1081 1078/1078/1078 1100/1100/1100
f 1122/1122/1122 1079/1079/1079 1078/1078/1078
f 1081/1081/1081 1082/1082/1082 1122/1122/1122
f 1078/1078/1078 1081/1081/1081 1122/1122/1122
f 1123/1123/1123 1121/1121/1121 1079/1079/1079
f 1079/1079/1079 1122/1122/1122 1123/1123/1123
f 1118/1118/1118 1123/1123/1123 1122/1122/1122
f 1122/1122/1122 1082/1082/1082 1118/1118/1118
f 1083/1083/1083 1103/1103/1103 1104/1104/1104
f 1104/1104/1104 1102/1102/1102 1083/1083/1083
f 1103/1103/1103 1080/1080/1080 1099/1099/1099
f 1099/1099/1099 1104/1104/1104 1103/1103/1103
f 1103/1103/1103 1083/1083/1083 1084/1084/1084
f 1081/1081/1081 1080/1080/1080 1103/1103/1103
f 1084/1084/1084 1081/1081/1081 1103/1103/1103
f 1119/1119/1119 1082/1082/1082 1081/1081/1081
f 1084/1084/1084 1085/1085/1085 1119/1119/1119
f 1081/1081/1081 1084/1084/1084 1119/1119/1119
f 1120/1120/1120 1118/1118/1118 1082/1082/1082
f 1082/1082/1082 1119/1119/1119 1120/1120/1120
f 1115/1115/1115 1120/1120/1120 1119/1119/1119
f 1119/1119/1119 1085/1085/1085 1115/1115/1115
f 1105/1105/1105 1083/1083/1083 1102/1102/1102
f 1102/1102/1102 1106/1106/1106 1105/1105/1105
f 1117/1117/1117 1115/1115/1115 1085/1085/1085
f 1085/1085/1085 1116/1116/1116 1117/1117/1117
f 1092/1092/1092 1075/1075/1075 1098/1098/1098
f 1093/1093/1093 1098/1098/1098 1075/1075/1075
f 1091/1091/1091 1092/1092/1092 1097/1097/1097
f 1098/1098/1098 1097/1097/1097 1092/1092/1092
f 1078/1078/1078 1091/1091/1091 1097/1097/1097
f 1101/1101/1101 1096/1096/1096 1093/1093/1093
f 1094/1094/1094 1101/1101/1101 1093/1093/1093
f 1077/1077/1077 1078/1078/1078 1097/1097/1097
f 1096/1096/1096 1098/1098/1098 1093/1093/1093
f 1090/1090/1090 1091/1091/1091 1078/1078/1078
f 1089/1089/1089 1090/1090/1090 1078/1078/1078
f 1125/1125/1125 1076/1076/1076 1088/1088/1088
f 1088/1088/1088 1089/1089/1089 1124/1124/1124
f 1124/1124/1124 1125/1125/1125 1088/1088/1088
f 1078/1078/1078 1124/1124/1124 1089/1089/1089
f 1114/1114/1114 1125/1125/1125 1121/1121/1121
f 1113/1113/1113 1114/1114/1114 1121/1121/1121
f 1121/1121/1121 1123/1123/1123 1113/1113/1113
f 1123/1123/1123 1118/1118/1118 1113/1113/1113
f 1076/1076/1076 1125/1125/1125 1114/1114/1114
f 1124/1124/1124 1078/1078/1078 1079/1079/1079
f 1099/1099/1099 1101/1101/1101 1094/1094/1094
f 1099/1099/1099 1094/1094/1094 1104/1104/1104
f 1095/1095/1095 1104/1104/1104 1094/1094/1094
f 1095/1095/1095 1102/1102/1102 1104/1104/1104
f 1102/1102/1102 1095/1095/1095 1106/1106/1106
f 1107/1107/1107 1106/1106/1106 1086/1086/1086
f 1095/1095/1095 1086/1086/1086 1106/1106/1106
f 1105/1105/1105 1106/1106/1106 1107/1107/1107
f 1108/1108/1108 1084/1084/1084 1105/1105/1105
f 1105/1105/1105 1084/1084/1084 1083/1083/1083
f 1107/1107/1107 1108/1108/1108 1105/1105/1105
f 1109/1109/1109 1084/1084/1084 1108/1108/1108
f 1112/1112/1112 1120/1120/1120 1115/1115/1115
f 1117/1117/1117 1112/1112/1112 1115/1115/1115
f 1112/1112/1112 1113/1113/1113 1118/1118/1118
f 1118/1118/1118 1120/1120/1120 1112/1112/1112
f 1116/1116/1116 1084/1084/1084 1110/1110/1110
f 1084/1084/1084 1116/1116/1116 1085/1085/1085
f 1110/1110/1110 1111/1111/1111 1117/1117/1117
f 1117/1117/1117 1116/1116/1116 1110/1110/1110
f 1087/1087/1087 1117/1117/1117 1111/1111/1111
f 1112/1112/1112 1117/1117/1117 1087/1087/1087
f 1109/1109/1109 1110/1110/1110 1084/1084/1084
f 1159/1159/1159 1158/1158/1158 1156/1156/1156
f 1156/1156/1156 1157/1157/1157 1159/1159/1159
f 1156/1156/1156 1155/1155/1155 1153/1153/1153
f 1153/1153/1153 1154/1154/1154 1156/1156/1156
f 1153/1153/1153 1152/1152/1152 1150/1150/1150
f 1150/1150/1150 1151/1151/1151 1153/1153/1153
f 1150/1150/1150 1149/1149/1149 1147/1147/1147
f 1147/1147/1147 1148/1148/1148 1150/1150/1150
f 1147/1147/1147 1146/1146/1146 1144/1144/1144
f 1144/1144/1144 1145/1145/1145 1147/1147/1147
f 1144/1144/1144 1143/1143/1143 1135/1135/1135
f 1135/1135/1135 1142/1142/1142 1144/1144/1144
f 1143/1143/1143 1164/1164/1164 1163/1163/1163
f 1163/1163/1163 1135/1135/1135 1143/1143/1143
f 1165/1165/1165 1167/1167/1167 1166/1166/1166
f 1166/1166/1166 1164/1164/1164 1165/1165/1165
f 1168/1168/1168 1170/1170/1170 1169/1169/1169
f 1169/1169/1169 1167/1167/1167 1168/1168/1168
f 1171/1171/1171 1173/1173/1173 1172/1172/1172
f 1172/1172/1172 1170/1170/1170 1171/1171/1171
f 1174/1174/1174 1176/1176/1176 1175/1175/1175
f 1175/1175/1175 1173/1173/1173 1174/1174/1174
f 1177/1177/1177 1179/1179/1179 1178/1178/1178
f 1178/1178/1178 1176/1176/1176 1177/1177/1177
f 1130/1130/1130 1126/1126/1126 1135/1135/1135
f 1163/1163/1163 1131/1131/1131 1130/1130/1130
f 1163/1163/1163 1133/1133/1133 1132/1132/1132
f 1166/1166/1166 1133/1133/1133 1163/1163/1163
f 1131/1131/1131 1163/1163/1163 1132/1132/1132
f 1163/1163/1163 1130/1130/1130 1135/1135/1135
f 1169/1169/1169 1172/1172/1172 1134/1134/1134
f 1175/1175/1175 1134/1134/1134 1172/1172/1172
f 1166/1166/1166 1169/1169/1169 1134/1134/1134
f 1163/1163/1163 1164/1164/1164 1166/1166/1166
f 1167/1167/1167 1165/1165/1165 1168/1168/1168
f 1167/1167/1167 1169/1169/1169 1166/1166/1166
f 1143/1143/1143 1165/1165/1165 1164/1164/1164
f 1161/1161/1161 1165/1165/1165 1143/1143/1143
f 1133/1133/1133 1166/1166/1166 1134/1134/1134
f 1135/1135/1135 1127/1127/1127 1140/1140/1140
f 1126/1126/1126 1127/1127/1127 1135/1135/1135
f 1145/1145/1145 1142/1142/1142 1137/1137/1137
f 1142/1142/1142 1135/1135/1135 1140/1140/1140
f 1142/1142/1142 1140/1140/1140 1139/1139/1139
f 1142/1142/1142 1138/1138/1138 1137/1137/1137
f 1138/1138/1138 1142/1142/1142 1139/1139/1139
f 1144/1144/1144 1146/1146/1146 1143/1143/1143
f 1143/1143/1143 1146/1146/1146 1162/1162/1162
f 1137/1137/1137 1136/1136/1136 1145/1145/1145
f 1148/1148/1148 1145/1145/1145 1136/1136/1136
f 1145/1145/1145 1148/1148/1148 1147/1147/1147
f 1151/1151/1151 1148/1148/1148 1136/1136/1136
f 1149/1149/1149 1146/1146/1146 1147/1147/1147
f 1142/1142/1142 1145/1145/1145 1144/1144/1144
f 1172/1172/1172 1169/1169/1169 1170/1170/1170
f 1134/1134/1134 1175/1175/1175 1178/1178/1178
f 1174/1174/1174 1173/1173/1173 1171/1171/1171
f 1168/1168/1168 1171/1171/1171 1170/1170/1170
f 1161/1161/1161 1171/1171/1171 1168/1168/1168
f 1178/1178/1178 1175/1175/1175 1176/1176/1176
f 1175/1175/1175 1172/1172/1172 1173/1173/1173
f 1160/1160/1160 1128/1128/1128 1179/1179/1179
f 1178/1178/1178 1179/1179/1179 1128/1128/1128
f 1177/1177/1177 1160/1160/1160 1179/1179/1179
f 1177/1177/1177 1176/1176/1176 1174/1174/1174
f 1177/1177/1177 1174/1174/1174 1160/1160/1160
f 1171/1171/1171 1161/1161/1161 1160/1160/1160
f 1174/1174/1174 1171/1171/1171 1160/1160/1160
f 1128/1128/1128 1134/1134/1134 1178/1178/1178
f 1161/1161/1161 1143/1143/1143 1162/1162/1162
f 1150/1150/1150 1152/1152/1152 1149/1149/1149
f 1141/1141/1141 1152/1152/1152 1155/1155/1155
f 1154/1154/1154 1153/1153/1153 1151/1151/1151
f 1155/1155/1155 1152/1152/1152 1153/1153/1153
f 1136/1136/1136 1154/1154/1154 1151/1151/1151
f 1162/1162/1162 1149/1149/1149 1152/1152/1152
f 1148/1148/1148 1151/1151/1151 1150/1150/1150
f 1156/1156/1156 1158/1158/1158 1155/1155/1155
f 1141/1141/1141 1162/1162/1162 1152/1152/1152
f 1158/1158/1158 1141/1141/1141 1155/1155/1155
f 1129/1129/1129 1159/1159/1159 1157/1157/1157
f 1159/1159/1159 1129/1129/1129 1141/1141/1141
f 1159/1159/1159 1141/1141/1141 1158/1158/1158
f 1157/1157/1157 1136/1136/1136 1129/1129/1129
f 1154/1154/1154 1157/1157/1157 1156/1156/1156
f 1149/1149/1149 1162/1162/1162 1146/1146/1146
f 1154/1154/1154 1136/1136/1136 1157/1157/1157
f 1168/1168/1168 1165/1165/1165 1161/1161/1161
f 1182/1182/1182 1251/1251/1251 1252/1252/1252
f 1252/1252/1252 1250/1250/1250 1182/1182/1182
f 1234/1234/1234 1238/1238/1238 1237/1237/1237
f 1237/1237/1237 1184/1184/1184 1234/1234/1234
f 1185/1185/1185 1254/1254/1254 1255/1255/1255
f 1255/1255/1255 1253/1253/1253 1185/1185/1185
f 1254/1254/1254 1182/1182/1182 1250/1250/1250
f 1250/1250/1250 1255/1255/1255 1254/1254/1254
f 1254/1254/1254 1185/1185/1185 1186/1186/1186
f 1183/1183/1183 1182/1182/1182 1254/1254/1254
f 1186/1186/1186 1183/1183/1183 1254/1254/1254
f 1235/1235/1235 1184/1184/1184 1183/1183/1183
f 1186/1186/1186 1187/1187/1187 1235/1235/1235
f 1183/1183/1183 1186/1186/1186 1235/1235/1235
f 1236/1236/1236 1234/1234/1234 1184/1184/1184
f 1184/1184/1184 1235/1235/1235 1236/1236/1236
f 1231/1231/1231 1236/1236/1236 1235/1235/1235
f 1235/1235/1235 1187/1187/1187 1231/1231/1231
f 1188/1188/1188 1257/1257/1257 1258/1258/1258
f 1258/1258/1258 1256/1256/1256 1188/1188/1188
f 1257/1257/1257 1185/1185/1185 1253/1253/1253
f 1253/1253/1253 1258/1258/1258 1257/1257/1257
f 1257/1257/1257 1188/1188/1188 1189/1189/1189
f 1186/1186/1186 1185/1185/1185 1257/1257/1257
f 1189/1189/1189 1186/1186/1186 1257/1257/1257
f 1232/1232/1232 1187/1187/1187 1186/1186/1186
f 1189/1189/1189 1190/1190/1190 1232/1232/1232
f 1186/1186/1186 1189/1189/1189 1232/1232/1232
f 1233/1233/1233 1231/1231/1231 1187/1187/1187
f 1187/1187/1187 1232/1232/1232 1233/1233/1233
f 1228/1228/1228 1233/1233/1233 1232/1232/1232
f 1232/1232/1232 1190/1190/1190 1228/1228/1228
f 1191/1191/1191 1260/1260/1260 1261/1261/1261
f 1261/1261/1261 1259/1259/1259 1191/1191/1191
f 1260/1260/1260 1188/1188/1188 1256/1256/1256
f 1256/1256/1256 1261/1261/1261 1260/1260/1260
f 1260/1260/1260 1191/1191/1191 1192/1192/1192
f 1189/1189/1189 1188/1188/1188 1260/1260/1260
f 1192/1192/1192 1189/1189/1189 1260/1260/1260
f 1229/1229/1229 1190/1190/1190 1189/1189/1189
f 1192/1192/1192 1193/1193/1193 1229/1229/1229
f 1189/1189/1189 1192/1192/1192 1229/1229/1229
f 1230/1230/1230 1228/1228/1228 1190/1190/1190
f 1190/1190/1190 1229/1229/1229 1230/1230/1230
f 1225/1225/1225 1230/1230/1230 1229/1229/1229
f 1229/1229/1229 1193/1193/1193 1225/1225/1225
f 1194/1194/1194 1263/1263/1263 1264/1264/1264
f 1264/1264/1264 1262/1262/1262 1194/1194/1194
f 1263/1263/1263 1191/1191/1191 1259/1259/1259
f 1259/1259/1259 1264/1264/1264 1263/1263/1263
f 1263/1263/1263 1194/1194/1194 1195/1195/1195
f 1192/1192/1192 1191/1191/1191 1263/1263/1263
f 1195/1195/1195 1192/1192/1192 1263/1263/1263
f 1226/1226/1226 1193/1193/1193 1192/1192/1192
f 1195/1195/1195 1196/1196/1196 1226/1226/1226
f 1192/1192/1192 1195/1195/1195 1226/1226/1226
f 1227/1227/1227 1225/1225/1225 1193/1193/1193
f 1193/1193/1193 1226/1226/1226 1227/1227/1227
f 1222/1222/1222 1227/1227/1227 1226/1226/1226
f 1226/1226/1226 1196/1196/1196 1222/1222/1222
f 1197/1197/1197 1266/1266/1266 1267/1267/1267
f 1267/1267/1267 1265/1265/1265 1197/1197/1197
f 1266/1266/1266 1194/1194/1194 1262/1262/1262
f 1262/1262/1262 1267/1267/1267 1266/1266/1266
f 1266/1266/1266 1197/1197/1197 1198/1198/1198
f 1195/1195/1195 1194/1194/1194 1266/1266/1266
f 1198/1198/1198 1195/1195/1195 1266/1266/1266
f 1223/1223/1223 1196/1196/1196 1195/1195/1195
f 1198/1198/1198 1199/1199/1199 1223/1223/1223
f 1195/1195/1195 1198/1198/1198 1223/1223/1223
f 1224/1224/1224 1222/1222/1222 1196/1196/1196
f 1196/1196/1196 1223/1223/1223 1224/1224/1224
f 1219/1219/1219 1224/1224/1224 1223/1223/1223
f 1223/1223/1223 1199/1199/1199 1219/1219/1219
f 1200/1200/1200 1269/1269/1269 1270/1270/1270
f 1270/1270/1270 1268/1268/1268 1200/1200/1200
f 1269/1269/1269 1197/1197/1197 1265/1265/1265
f 1265/1265/1265 1270/1270/1270 1269/1269/1269
f 1269/1269/1269 1200/1200/1200 1201/1201/1201
f 1198/1198/1198 1197/1197/1197 1269/1269/1269
f 1201/1201/1201 1198/1198/1198 1269/1269/1269
f 1220/1220/1220 1199/1199/1199 1198/1198/1198
f 1201/1201/1201 1202/1202/1202 1220/1220/1220
f 1198/1198/1198 1201/1201/1201 1220/1220/1220
f 1221/1221/1221 1219/1219/1219 1199/1199/1199
f 1199/1199/1199 1220/1220/1220 1221/1221/1221
f 1216/1216/1216 1221/1221/1221 1220/1220/1220
f 1220/1220/1220 1202/1202/1202 1216/1216/1216
f 1271/1271/1271 1200/1200/1200 1268/1268/1268
f 1268/1268/1268 1272/1272/1272 1271/1271/1271
f 1218/1218/1218 1216/1216/1216 1202/1202/1202
f 1202/1202/1202 1217/1217/1217 1218/1218/1218
f 1243/1243/1243 1180/1180/1180 1252/1252/1252
f 1180/1180/1180 1244/1244/1244 1250/1250/1250
f 1250/1250/1250 1252/1252/1252 1180/1180/1180
f 1251/1251/1251 1242/1242/1242 1243/1243/1243
f 1183/1183/1183 1242/1242/1242 1251/1251/1251
f 1252/1252/1252 1251/1251/1251 1243/1243/1243
f 1251/1251/1251 1182/1182/1182 1183/1183/1183
f 1255/1255/1255 1250/1250/1250 1244/1244/1244
f 1245/1245/1245 1253/1253/1253 1255/1255/1255
f 1258/1258/1258 1253/1253/1253 1245/1245/1245
f 1245/1245/1245 1255/1255/1255 1244/1244/1244
f 1245/1245/1245 1246/1246/1246 1256/1256/1256
f 1256/1256/1256 1258/1258/1258 1245/1245/1245
f 1246/1246/1246 1259/1259/1259 1261/1261/1261
f 1261/1261/1261 1256/1256/1256 1246/1246/1246
f 1246/1246/1246 1247/1247/1247 1264/1264/1264
f 1264/1264/1264 1259/1259/1259 1246/1246/1246
f 1183/1183/1183 1240/1240/1240 1241/1241/1241
f 1184/1184/1184 1237/1237/1237 1183/1183/1183
f 1240/1240/1240 1183/1183/1183 1237/1237/1237
f 1183/1183/1183 1241/1241/1241 1242/1242/1242
f 1239/1239/1239 1240/1240/1240 1237/1237/1237
f 1237/1237/1237 1238/1238/1238 1239/1239/1239
f 1238/1238/1238 1181/1181/1181 1239/1239/1239
f 1215/1215/1215 1181/1181/1181 1238/1238/1238
f 1238/1238/1238 1234/1234/1234 1215/1215/1215
f 1215/1215/1215 1234/1234/1234 1236/1236/1236
f 1214/1214/1214 1231/1231/1231 1233/1233/1233
f 1214/1214/1214 1236/1236/1236 1231/1231/1231
f 1214/1214/1214 1215/1215/1215 1236/1236/1236
f 1213/1213/1213 1228/1228/1228 1230/1230/1230
f 1230/1230/1230 1225/1225/1225 1213/1213/1213
f 1213/1213/1213 1214/1214/1214 1233/1233/1233
f 1233/1233/1233 1228/1228/1228 1213/1213/1213
f 1247/1247/1247 1262/1262/1262 1264/1264/1264
f 1247/1247/1247 1248/1248/1248 1267/1267/1267
f 1267/1267/1267 1262/1262/1262 1247/1247/1247
f 1248/1248/1248 1249/1249/1249 1270/1270/1270
f 1270/1270/1270 1265/1265/1265 1248/1248/1248
f 1265/1265/1265 1267/1267/1267 1248/1248/1248
f 1270/1270/1270 1249/1249/1249 1268/1268/1268
f 1272/1272/1272 1268/1268/1268 1249/1249/1249
f 1272/1272/1272 1203/1203/1203 1205/1205/1205
f 1272/1272/1272 1249/1249/1249 1203/1203/1203
f 1205/1205/1205 1271/1271/1271 1272/1272/1272
f 1271/1271/1271 1201/1201/1201 1200/1200/1200
f 1201/1201/1201 1271/1271/1271 1206/1206/1206
f 1205/1205/1205 1206/1206/1206 1271/1271/1271
f 1207/1207/1207 1201/1201/1201 1206/1206/1206
f 1212/1212/1212 1225/1225/1225 1227/1227/1227
f 1211/1211/1211 1222/1222/1222 1224/1224/1224
f 1212/1212/1212 1227/1227/1227 1222/1222/1222
f 1211/1211/1211 1212/1212/1212 1222/1222/1222
f 1211/1211/1211 1219/1219/1219 1221/1221/1221
f 1211/1211/1211 1224/1224/1224 1219/1219/1219
f 1210/1210/1210 1211/1211/1211 1221/1221/1221
f 1213/1213/1213 1225/1225/1225 1212/1212/1212
f 1217/1217/1217 1202/1202/1202 1201/1201/1201
f 1201/1201/1201 1208/1208/1208 1217/1217/1217
f 1208/1208/1208 1209/1209/1209 1218/1218/1218
f 1218/1218/1218 1217/1217/1217 1208/1208/1208
f 1218/1218/1218 1210/1210/1210 1216/1216/1216
f 1216/1216/1216 1210/1210/1210 1221/1221/1221
f 1204/1204/1204 1218/1218/1218 1209/1209/1209
f 1210/1210/1210 1218/1218/1218 1204/1204/1204
f 1201/1201/1201 1207/1207/1207 1208/1208/1208
f 1324/1324/1324 1323/1323/1323 1325/1325/1325
f 1325/1325/1325 1326/1326/1326 1324/1324/1324
f 1321/1321/1321 1320/1320/1320 1322/1322/1322
f 1322/1322/1322 1323/1323/1323 1321/1321/1321
f 1318/1318/1318 1317/1317/1317 1319/1319/1319
f 1319/1319/1319 1320/1320/1320 1318/1318/1318
f 1315/1315/1315 1314/1314/1314 1316/1316/1316
f 1316/1316/1316 1317/1317/1317 1315/1315/1315
f 1312/1312/1312 1311/1311/1311 1313/1313/1313
f 1313/1313/1313 1314/1314/1314 1312/1312/1312
f 1310/1310/1310 1282/1282/1282 1290/1290/1290
f 1290/1290/1290 1311/1311/1311 1310/1310/1310
f 1282/1282/1282 1289/1289/1289 1291/1291/1291
f 1291/1291/1291 1290/1290/1290 1282/1282/1282
f 1291/1291/1291 1292/1292/1292 1294/1294/1294
f 1294/1294/1294 1293/1293/1293 1291/1291/1291
f 1294/1294/1294 1295/1295/1295 1297/1297/1297
f 1297/1297/1297 1296/1296/1296 1294/1294/1294
f 1297/1297/1297 1298/1298/1298 1300/1300/1300
f 1300/1300/1300 1299/1299/1299 1297/1297/1297
f 1300/1300/1300 1301/1301/1301 1303/1303/1303
f 1303/1303/1303 1302/1302/1302 1300/1300/1300
f 1303/1303/1303 1304/1304/1304 1306/1306/1306
f 1306/1306/1306 1305/1305/1305 1303/1303/1303
f 1306/1306/1306 1304/1304/1304 1273/1273/1273
f 1277/1277/1277 1273/1273/1273 1304/1304/1304
f 1288/1288/1288 1306/1306/1306 1273/1273/1273
f 1288/1288/1288 1305/1305/1305 1306/1306/1306
f 1302/1302/1302 1303/1303/1303 1305/1305/1305
f 1302/1302/1302 1305/1305/1305 1288/1288/1288
f 1303/1303/1303 1301/1301/1301 1304/1304/1304
f 1298/1298/1298 1301/1301/1301 1300/1300/1300
f 1299/1299/1299 1300/1300/1300 1302/1302/1302
f 1299/1299/1299 1296/1296/1296 1297/1297/1297
f 1297/1297/1297 1295/1295/1295 1298/1298/1298
f 1309/1309/1309 1299/1299/1299 1288/1288/1288
f 1298/1298/1298 1277/1277/1277 1301/1301/1301
f 1288/1288/1288 1299/1299/1299 1302/1302/1302
f 1301/1301/1301 1277/1277/1277 1304/1304/1304
f 1296/1296/1296 1299/1299/1299 1309/1309/1309
f 1319/1319/1319 1308/1308/1308 1307/1307/1307
f 1308/1308/1308 1316/1316/1316 1313/1313/1313
f 1322/1322/1322 1319/1319/1319 1307/1307/1307
f 1326/1326/1326 1307/1307/1307 1274/1274/1274
f 1307/1307/1307 1326/1326/1326 1325/1325/1325
f 1325/1325/1325 1322/1322/1322 1307/1307/1307
f 1324/1324/1324 1326/1326/1326 1274/1274/1274
f 1323/1323/1323 1322/1322/1322 1325/1325/1325
f 1317/1317/1317 1316/1316/1316 1319/1319/1319
f 1308/1308/1308 1319/1319/1319 1316/1316/1316
f 1321/1321/1321 1323/1323/1323 1324/1324/1324
f 1320/1320/1320 1321/1321/1321 1318/1318/1318
f 1287/1287/1287 1321/1321/1321 1324/1324/1324
f 1319/1319/1319 1322/1322/1322 1320/1320/1320
f 1309/1309/1309 1308/1308/1308 1290/1290/1290
f 1287/1287/1287 1324/1324/1324 1274/1274/1274
f 1293/1293/1293 1296/1296/1296 1309/1309/1309
f 1292/1292/1292 1295/1295/1295 1294/1294/1294
f 1298/1298/1298 1295/1295/1295 1277/1277/1277
f 1277/1277/1277 1295/1295/1295 1292/1292/1292
f 1294/1294/1294 1296/1296/1296 1293/1293/1293
f 1289/1289/1289 1292/1292/1292 1291/1291/1291
f 1290/1290/1290 1291/1291/1291 1293/1293/1293
f 1292/1292/1292 1278/1278/1278 1277/1277/1277
f 1290/1290/1290 1293/1293/1293 1309/1309/1309
f 1289/1289/1289 1279/1279/1279 1278/1278/1278
f 1289/1289/1289 1280/1280/1280 1279/1279/1279
f 1282/1282/1282 1281/1281/1281 1289/1289/1289
f 1281/1281/1281 1280/1280/1280 1289/1289/1289
f 1281/1281/1281 1282/1282/1282 1275/1275/1275
f 1278/1278/1278 1292/1292/1292 1289/1289/1289
f 1308/1308/1308 1313/1313/1313 1290/1290/1290
f 1311/1311/1311 1290/1290/1290 1313/1313/1313
f 1287/1287/1287 1315/1315/1315 1318/1318/1318
f 1318/1318/1318 1315/1315/1315 1317/1317/1317
f 1286/1286/1286 1312/1312/1312 1287/1287/1287
f 1315/1315/1315 1287/1287/1287 1312/1312/1312
f 1315/1315/1315 1312/1312/1312 1314/1314/1314
f 1321/1321/1321 1287/1287/1287 1318/1318/1318
f 1312/1312/1312 1310/1310/1310 1311/1311/1311
f 1314/1314/1314 1313/1313/1313 1316/1316/1316
f 1286/1286/1286 1310/1310/1310 1312/1312/1312
f 1283/1283/1283 1282/1282/1282 1310/1310/1310
f 1285/1285/1285 1310/1310/1310 1286/1286/1286
f 1310/1310/1310 1285/1285/1285 1284/1284/1284
f 1282/1282/1282 1283/1283/1283 1276/1276/1276
f 1283/1283/1283 1310/1310/1310 1284/1284/1284
f 1276/1276/1276 1275/1275/1275 1282/1282/1282
f 1333/1333/1333 1334/1334/1334 1337/1337/1337
f 1336/1336/1336 1337/1337/1337 1335/1335/1335
f 1334/1334/1334 1335/1335/1335 1337/1337/1337
f 1328/1328/1328 1339/1339/1339 1327/1327/1327
f 1330/1330/1330 1339/1339/1339 1329/1329/1329
f 1328/1328/1328 1329/1329/1329 1339/1339/1339
f 1338/1338/1338 1339/1339/1339 1330/1330/1330
f 1337/1337/1337 1338/1338/1338 1333/1333/1333
f 1332/1332/1332 1333/1333/1333 1338/1338/1338
f 1338/1338/1338 1331/1331/1331 1332/1332/1332
f 1331/1331/1331 1338/1338/1338 1330/1330/1330
f 1365/1365/1365 1363/1363/1363 1345/1345/1345
f 1345/1345/1345 1353/1353/1353 1365/1365/1365
f 1353/1353/1353 1345/1345/1345 1347/1347/1347
f 1347/1347/1347 1354/1354/1354 1353/1353/1353
f 1345/1345/1345 1346/1346/1346 1348/1348/1348
f 1348/1348/1348 1347/1347/1347 1345/1345/1345
f 1363/1363/1363 1364/1364/1364 1346/1346/1346
f 1346/1346/1346 1345/1345/1345 1363/1363/1363
f 1341/1341/1341 1340/1340/1340 1348/1348/1348
f 1342/1342/1342 1341/1341/1341 1348/1348/1348
f 1348/1348/1348 1344/1344/1344 1343/1343/1343
f 1346/1346/1346 1344/1344/1344 1348/1348/1348
f 1342/1342/1342 1348/1348/1348 1343/1343/1343
f 1347/1347/1347 1348/1348/1348 1340/1340/1340
f 1350/1350/1350 1354/1354/1354 1351/1351/1351
f 1352/1352/1352 1351/1351/1351 1347/1347/1347
f 1349/1349/1349 1354/1354/1354 1350/1350/1350
f 1347/1347/1347 1351/1351/1351 1354/1354/1354
f 1353/1353/1353 1354/1354/1354 1349/1349/1349
f 1347/1347/1347 1340/1340/1340 1352/1352/1352
f 1355/1355/1355 1346/1346/1346 1364/1364/1364
f 1357/1357/1357 1364/1364/1364 1363/1363/1363
f 1364/1364/1364 1357/1357/1357 1356/1356/1356
f 1355/1355/1355 1364/1364/1364 1356/1356/1356
f 1355/1355/1355 1344/1344/1344 1346/1346/1346
f 1358/1358/1358 1357/1357/1357 1363/1363/1363
f 1362/1362/1362 1365/1365/1365 1353/1353/1353
f 1361/1361/1361 1365/1365/1365 1362/1362/1362
f 1349/1349/1349 1362/1362/1362 1353/1353/1353
f 1359/1359/1359 1365/1365/1365 1360/1360/1360
f 1360/1360/1360 1365/1365/1365 1361/1361/1361
f 1359/1359/1359 1363/1363/1363 1365/1365/1365
f 1363/1363/1363 1359/1359/1359 1358/1358/1358
f 1371/1371/1371 1369/1369/1369 1368/1368/1368
f 1368/1368/1368 1367/1367/1367 1371/1371/1371
f 1371/1371/1371 1372/1372/1372 1369/1369/1369
f 1370/1370/1370 1373/1373/1373 1372/1372/1372
f 1366/1366/1366 1374/1374/1374 1370/1370/1370
f 1373/1373/1373 1370/1370/1370 1374/1374/1374
f 1371/1371/1371 1370/1370/1370 1372/1372/1372
f 1380/1380/1380 1376/1376/1376 1375/1375/1375
f 1376/1376/1376 1380/1380/1380 1379/1379/1379
f 1379/1379/1379 1383/1383/1383 1376/1376/1376
f 1381/1381/1381 1378/1378/1378 1377/1377/1377
f 1383/1383/1383 1382/1382/1382 1377/1377/1377
f 1381/1381/1381 1377/1377/1377 1382/1382/1382
f 1376/1376/1376 1383/1383/1383 1377/1377/1377
f 1386/1386/1386 1398/1398/1398 1399/1399/1399
f 1399/1399/1399 1397/1397/1397 1386/1386/1386
f 1417/1417/1417 1419/1419/1419 1398/1398/1398
f 1398/1398/1398 1386/1386/1386 1417/1417/1417
f 1387/1387/1387 1401/1401/1401 1402/1402/1402
f 1402/1402/1402 1400/1400/1400 1387/1387/1387
f 1401/1401/1401 1386/1386/1386 1397/1397/1397
f 1397/1397/1397 1402/1402/1402 1401/1401/1401
f 1418/1418/1418 1417/1417/1417 1386/1386/1386
f 1386/1386/1386 1401/1401/1401 1418/1418/1418
f 1414/1414/1414 1418/1418/1418 1401/1401/1401
f 1401/1401/1401 1387/1387/1387 1414/1414/1414
f 1388/1388/1388 1404/1404/1404 1405/1405/1405
f 1405/1405/1405 1403/1403/1403 1388/1388/1388
f 1404/1404/1404 1387/1387/1387 1400/1400/1400
f 1400/1400/1400 1405/1405/1405 1404/1404/1404
f 1415/1415/1415 1414/1414/1414 1387/1387/1387
f 1387/1387/1387 1404/1404/1404 1415/1415/1415
f 1412/1412/1412 1415/1415/1415 1404/1404/1404
f 1404/1404/1404 1388/1388/1388 1412/1412/1412
f 1406/1406/1406 1388/1388/1388 1403/1403/1403
f 1403/1403/1403 1407/1407/1407 1406/1406/1406
f 1413/1413/1413 1412/1412/1412 1388/1388/1388
f 1388/1388/1388 1406/1406/1406 1413/1413/1413
f 1399/1399/1399 1384/1384/1384 1393/1393/1393
f 1397/1397/1397 1399/1399/1399 1393/1393/1393
f 1392/1392/1392 1384/1384/1384 1399/1399/1399
f 1402/1402/1402 1397/1397/1397 1393/1393/1393
f 1393/1393/1393 1394/1394/1394 1402/1402/1402
f 1394/1394/1394 1400/1400/1400 1402/1402/1402
f 1400/1400/1400 1394/1394/1394 1395/1395/1395
f 1391/1391/1391 1392/1392/1392 1399/1399/1399
f 1399/1399/1399 1398/1398/1398 1391/1391/1391
f 1391/1391/1391 1419/1419/1419 1385/1385/1385
f 1419/1419/1419 1391/1391/1391 1398/1398/1398
f 1416/1416/1416 1419/1419/1419 1417/1417/1417
f 1414/1414/1414 1416/1416/1416 1418/1418/1418
f 1417/1417/1417 1418/1418/1418 1416/1416/1416
f 1385/1385/1385 1419/1419/1419 1416/1416/1416
f 1395/1395/1395 1396/1396/1396 1403/1403/1403
f 1403/1403/1403 1405/1405/1405 1395/1395/1395
f 1403/1403/1403 1396/1396/1396 1407/1407/1407
f 1408/1408/1408 1407/1407/1407 1389/1389/1389
f 1396/1396/1396 1389/1389/1389 1407/1407/1407
f 1408/1408/1408 1409/1409/1409 1406/1406/1406
f 1406/1406/1406 1407/1407/1407 1408/1408/1408
f 1411/1411/1411 1414/1414/1414 1415/1415/1415
f 1410/1410/1410 1411/1411/1411 1415/1415/1415
f 1415/1415/1415 1412/1412/1412 1410/1410/1410
f 1416/1416/1416 1414/1414/1414 1411/1411/1411
f 1390/1390/1390 1413/1413/1413 1409/1409/1409
f 1413/1413/1413 1390/1390/1390 1410/1410/1410
f 1412/1412/1412 1413/1413/1413 1410/1410/1410
f 1409/1409/1409 1413/1413/1413 1406/1406/1406
f 1395/1395/1395 1405/1405/1405 1400/1400/1400
f 1437/1437/1437 1433/1433/1433 1427/1427/1427
f 1427/1427/1427 1436/1436/1436 1437/1437/1437
f 1433/1433/1433 1435/1435/1435 1434/1434/1434
f 1434/1434/1434 1427/1427/1427 1433/1433/1433
f 1424/1424/1424 1420/1420/1420 1426/1426/1426
f 1424/1424/1424 1434/1434/1434 1435/1435/1435
f 1435/1435/1435 1425/1425/1425 1424/1424/1424
f 1434/1434/1434 1424/1424/1424 1426/1426/1426
f 1429/1429/1429 1426/1426/1426 1421/1421/1421
f 1429/1429/1429 1436/1436/1436 1426/1426/1426
f 1427/1427/1427 1426/1426/1426 1436/1436/1436
f 1428/1428/1428 1437/1437/1437 1436/1436/1436
f 1436/1436/1436 1429/1429/1429 1428/1428/1428
f 1427/1427/1427 1434/1434/1434 1426/1426/1426
f 1430/1430/1430 1422/1422/1422 1435/1435/1435
f 1425/1425/1425 1435/1435/1435 1422/1422/1422
f 1430/1430/1430 1435/1435/1435 1433/1433/1433
f 1433/1433/1433 1431/1431/1431 1430/1430/1430
f 1423/1423/1423 1432/1432/1432 1437/1437/1437
f 1437/1437/1437 1432/1432/1432 1431/1431/1431
f 1431/1431/1431 1433/1433/1433 1437/1437/1437
f 1428/1428/1428 1423/1423/1423 1437/1437/1437
f 1440/1440/1440 1477/1477/1477 1490/1490/1490
f 1490/1490/1490 1489/1489/1489 1440/1440/1440
f 1473/1473/1473 1478/1478/1478 1477/1477/1477
f 1477/1477/1477 1440/1440/1440 1473/1473/1473
f 1441/1441/1441 1474/1474/1474 1492/1492/1492
f 1492/1492/1492 1491/1491/1491 1441/1441/1441
f 1474/1474/1474 1440/1440/1440 1489/1489/1489
f 1489/1489/1489 1492/1492/1492 1474/1474/1474
f 1475/1475/1475 1473/1473/1473 1440/1440/1440
f 1440/1440/1440 1474/1474/1474 1475/1475/1475
f 1470/1470/1470 1475/1475/1475 1474/1474/1474
f 1474/1474/1474 1441/1441/1441 1470/1470/1470
f 1442/1442/1442 1471/1471/1471 1494/1494/1494
f 1494/1494/1494 1493/1493/1493 1442/1442/1442
f 1471/1471/1471 1441/1441/1441 1491/1491/1491
f 1491/1491/1491 1494/1494/1494 1471/1471/1471
f 1472/1472/1472 1470/1470/1470 1441/1441/1441
f 1441/1441/1441 1471/1471/1471 1472/1472/1472
f 1467/1467/1467 1472/1472/1472 1471/1471/1471
f 1471/1471/1471 1442/1442/1442 1467/1467/1467
f 1443/1443/1443 1468/1468/1468 1496/1496/1496
f 1496/1496/1496 1495/1495/1495 1443/1443/1443
f 1468/1468/1468 1442/1442/1442 1493/1493/1493
f 1493/1493/1493 1496/1496/1496 1468/1468/1468
f 1469/1469/1469 1467/1467/1467 1442/1442/1442
f 1442/1442/1442 1468/1468/1468 1469/1469/1469
f 1466/1466/1466 1469/1469/1469 1468/1468/1468
f 1468/1468/1468 1443/1443/1443 1466/1466/1466
f 1444/1444/1444 1498/1498/1498 1499/1499/1499
f 1499/1499/1499 1497/1497/1497 1444/1444/1444
f 1498/1498/1498 1443/1443/1443 1495/1495/1495
f 1495/1495/1495 1499/1499/1499 1498/1498/1498
f 1445/1445/1445 1464/1464/1464 1501/1501/1501
f 1501/1501/1501 1500/1500/1500 1445/1445/1445
f 1464/1464/1464 1444/1444/1444 1497/1497/1497
f 1497/1497/1497 1501/1501/1501 1464/1464/1464
f 1465/1465/1465 1463/1463/1463 1444/1444/1444
f 1444/1444/1444 1464/1464/1464 1465/1465/1465
f 1456/1456/1456 1465/1465/1465 1464/1464/1464
f 1464/1464/1464 1445/1445/1445 1456/1456/1456
f 1446/1446/1446 1457/1457/1457 1503/1503/1503
f 1503/1503/1503 1502/1502/1502 1446/1446/1446
f 1457/1457/1457 1445/1445/1445 1500/1500/1500
f 1500/1500/1500 1503/1503/1503 1457/1457/1457
f 1458/1458/1458 1456/1456/1456 1445/1445/1445
f 1445/1445/1445 1457/1457/1457 1458/1458/1458
f 1453/1453/1453 1458/1458/1458 1457/1457/1457
f 1457/1457/1457 1446/1446/1446 1453/1453/1453
f 1454/1454/1454 1446/1446/1446 1502/1502/1502
f 1502/1502/1502 1504/1504/1504 1454/1454/1454
f 1455/1455/1455 1453/1453/1453 1446/1446/1446
f 1446/1446/1446 1454/1454/1454 1455/1455/1455
f 1490/1490/1490 1438/1438/1438 1481/1481/1481
f 1481/1481/1481 1482/1482/1482 1492/1492/1492
f 1492/1492/1492 1489/1489/1489 1481/1481/1481
f 1490/1490/1490 1477/1477/1477 1480/1480/1480
f 1438/1438/1438 1490/1490/1490 1480/1480/1480
f 1489/1489/1489 1490/1490/1490 1481/1481/1481
f 1492/1492/1492 1482/1482/1482 1491/1491/1491
f 1483/1483/1483 1494/1494/1494 1491/1491/1491
f 1482/1482/1482 1483/1483/1483 1491/1491/1491
f 1483/1483/1483 1484/1484/1484 1496/1496/1496
f 1496/1496/1496 1493/1493/1493 1483/1483/1483
f 1483/1483/1483 1493/1493/1493 1494/1494/1494
f 1484/1484/1484 1495/1495/1495 1496/1496/1496
f 1484/1484/1484 1485/1485/1485 1499/1499/1499
f 1499/1499/1499 1495/1495/1495 1484/1484/1484
f 1478/1478/1478 1479/1479/1479 1477/1477/1477
f 1480/1480/1480 1477/1477/1477 1479/1479/1479
f 1439/1439/1439 1479/1479/1479 1478/1478/1478
f 1476/1476/1476 1439/1439/1439 1478/1478/1478
f 1462/1462/1462 1476/1476/1476 1473/1473/1473
f 1473/1473/1473 1475/1475/1475 1462/1462/1462
f 1476/1476/1476 1478/1478/1478 1473/1473/1473
f 1461/1461/1461 1470/1470/1470 1472/1472/1472
f 1461/1461/1461 1472/1472/1472 1467/1467/1467
f 1461/1461/1461 1462/1462/1462 1470/1470/1470
f 1460/1460/1460 1461/1461/1461 1467/1467/1467
f 1467/1467/1467 1469/1469/1469 1460/1460/1460
f 1469/1469/1469 1466/1466/1466 1460/1460/1460
f 1475/1475/1475 1470/1470/1470 1462/1462/1462
f 1497/1497/1497 1499/1499/1499 1485/1485/1485
f 1486/1486/1486 1497/1497/1497 1485/1485/1485
f 1500/1500/1500 1501/1501/1501 1486/1486/1486
f 1486/1486/1486 1487/1487/1487 1500/1500/1500
f 1501/1501/1501 1497/1497/1497 1486/1486/1486
f 1487/1487/1487 1488/1488/1488 1502/1502/1502
f 1502/1502/1502 1503/1503/1503 1487/1487/1487
f 1504/1504/1504 1488/1488/1488 1447/1447/1447
f 1447/1447/1447 1449/1449/1449 1504/1504/1504
f 1504/1504/1504 1502/1502/1502 1488/1488/1488
f 1500/1500/1500 1487/1487/1487 1503/1503/1503
f 1454/1454/1454 1504/1504/1504 1449/1449/1449
f 1463/1463/1463 1466/1466/1466 1498/1498/1498
f 1498/1498/1498 1444/1444/1444 1463/1463/1463
f 1443/1443/1443 1498/1498/1498 1466/1466/1466
f 1459/1459/1459 1460/1460/1460 1466/1466/1466
f 1466/1466/1466 1463/1463/1463 1459/1459/1459
f 1465/1465/1465 1459/1459/1459 1463/1463/1463
f 1459/1459/1459 1465/1465/1465 1456/1456/1456
f 1452/1452/1452 1459/1459/1459 1456/1456/1456
f 1458/1458/1458 1453/1453/1453 1451/1451/1451
f 1451/1451/1451 1452/1452/1452 1458/1458/1458
f 1449/1449/1449 1450/1450/1450 1454/1454/1454
f 1450/1450/1450 1455/1455/1455 1454/1454/1454
f 1451/1451/1451 1455/1455/1455 1448/1448/1448
f 1450/1450/1450 1448/1448/1448 1455/1455/1455
f 1451/1451/1451 1453/1453/1453 1455/1455/1455
f 1456/1456/1456 1458/1458/1458 1452/1452/1452
f 1518/1518/1518 1514/1514/1514 1519/1519/1519
f 1519/1519/1519 1520/1520/1520 1518/1518/1518
f 1514/1514/1514 1521/1521/1521 1522/1522/1522
f 1522/1522/1522 1519/1519/1519 1514/1514/1514
f 1522/1522/1522 1505/1505/1505 1517/1517/1517
f 1505/1505/1505 1522/1522/1522 1509/1509/1509
f 1516/1516/1516 1519/1519/1519 1522/1522/1522
f 1522/1522/1522 1517/1517/1517 1516/1516/1516
f 1515/1515/1515 1520/1520/1520 1519/1519/1519
f 1519/1519/1519 1516/1516/1516 1515/1515/1515
f 1506/1506/1506 1520/1520/1520 1515/1515/1515
f 1512/1512/1512 1520/1520/1520 1506/1506/1506
f 1509/1509/1509 1522/1522/1522 1521/1521/1521
f 1521/1521/1521 1514/1514/1514 1513/1513/1513
f 1513/1513/1513 1510/1510/1510 1521/1521/1521
f 1510/1510/1510 1509/1509/1509 1521/1521/1521
f 1510/1510/1510 1513/1513/1513 1507/1507/1507
f 1511/1511/1511 1518/1518/1518 1512/1512/1512
f 1518/1518/1518 1520/1520/1520 1512/1512/1512
f 1508/1508/1508 1513/1513/1513 1511/1511/1511
f 1518/1518/1518 1511/1511/1511 1513/1513/1513
f 1513/1513/1513 1514/1514/1514 1518/1518/1518
f 1566/1566/1566 1534/1534/1534 1535/1535/1535
f 1536/1536/1536 1566/1566/1566 1535/1535/1535
f 1533/1533/1533 1534/1534/1534 1566/1566/1566
f 1567/1567/1567 1532/1532/1532 1533/1533/1533
f 1566/1566/1566 1567/1567/1567 1533/1533/1533
f 1542/1542/1542 1532/1532/1532 1567/1567/1567
f 1567/1567/1567 1566/1566/1566 1565/1565/1565
f 1537/1537/1537 1564/1564/1564 1536/1536/1536
f 1543/1543/1543 1563/1563/1563 1537/1537/1537
f 1564/1564/1564 1565/1565/1565 1566/1566/1566
f 1537/1537/1537 1563/1563/1563 1564/1564/1564
f 1536/1536/1536 1564/1564/1564 1566/1566/1566
f 1523/1523/1523 1567/1567/1567 1565/1565/1565
f 1541/1541/1541 1542/1542/1542 1568/1568/1568
f 1568/1568/1568 1542/1542/1542 1567/1567/1567
f 1569/1569/1569 1541/1541/1541 1568/1568/1568
f 1525/1525/1525 1539/1539/1539 1540/1540/1540
f 1541/1541/1541 1569/1569/1569 1540/1540/1540
f 1540/1540/1540 1569/1569/1569 1525/1525/1525
f 1524/1524/1524 1569/1569/1569 1568/1568/1568
f 1539/1539/1539 1525/1525/1525 1538/1538/1538
f 1568/1568/1568 1523/1523/1523 1524/1524/1524
f 1526/1526/1526 1558/1558/1558 1538/1538/1538
f 1557/1557/1557 1558/1558/1558 1527/1527/1527
f 1558/1558/1558 1526/1526/1526 1527/1527/1527
f 1526/1526/1526 1538/1538/1538 1525/1525/1525
f 1524/1524/1524 1525/1525/1525 1569/1569/1569
f 1568/1568/1568 1567/1567/1567 1523/1523/1523
f 1562/1562/1562 1563/1563/1563 1543/1543/1543
f 1545/1545/1545 1562/1562/1562 1544/1544/1544
f 1561/1561/1561 1562/1562/1562 1545/1545/1545
f 1560/1560/1560 1561/1561/1561 1546/1546/1546
f 1545/1545/1545 1546/1546/1546 1561/1561/1561
f 1547/1547/1547 1560/1560/1560 1546/1546/1546
f 1570/1570/1570 1547/1547/1547 1548/1548/1548
f 1549/1549/1549 1570/1570/1570 1548/1548/1548
f 1560/1560/1560 1570/1570/1570 1559/1559/1559
f 1559/1559/1559 1571/1571/1571 1531/1531/1531
f 1571/1571/1571 1570/1570/1570 1549/1549/1549
f 1571/1571/1571 1549/1549/1549 1550/1550/1550
f 1571/1571/1571 1559/1559/1559 1570/1570/1570
f 1547/1547/1547 1570/1570/1570 1560/1560/1560
f 1554/1554/1554 1555/1555/1555 1529/1529/1529
f 1555/1555/1555 1528/1528/1528 1529/1529/1529
f 1527/1527/1527 1528/1528/1528 1556/1556/1556
f 1555/1555/1555 1556/1556/1556 1528/1528/1528
f 1557/1557/1557 1527/1527/1527 1556/1556/1556
f 1572/1572/1572 1529/1529/1529 1530/1530/1530
f 1573/1573/1573 1571/1571/1571 1551/1551/1551
f 1550/1550/1550 1551/1551/1551 1571/1571/1571
f 1552/1552/1552 1573/1573/1573 1551/1551/1551
f 1573/1573/1573 1572/1572/1572 1530/1530/1530
f 1553/1553/1553 1554/1554/1554 1572/1572/1572
f 1572/1572/1572 1554/1554/1554 1529/1529/1529
f 1572/1572/1572 1552/1552/1552 1553/1553/1553
f 1552/1552/1552 1572/1572/1572 1573/1573/1573
f 1571/1571/1571 1573/1573/1573 1530/1530/1530
f 1530/1530/1530 1531/1531/1531 1571/1571/1571
f 1544/1544/1544 1562/1562/1562 1543/1543/1543
f 1579/1579/1579 1574/1574/1574 1581/1581/1581
f 1600/1600/1600 1581/1581/1581 1582/1582/1582
f 1599/1599/1599 1583/1583/1583 1584/1584/1584
f 1599/1599/1599 1584/1584/1584 1585/1585/1585
f 1600/1600/1600 1582/1582/1582 1583/1583/1583
f 1575/1575/1575 1579/1579/1579 1600/1600/1600
f 1600/1600/1600 1579/1579/1579 1581/1581/1581
f 1598/1598/1598 1586/1586/1586 1587/1587/1587
f 1598/1598/1598 1599/1599/1599 1585/1585/1585
f 1598/1598/1598 1587/1587/1587 1576/1576/1576
f 1583/1583/1583 1599/1599/1599 1600/1600/1600
f 1586/1586/1586 1598/1598/1598 1585/1585/1585
f 1588/1588/1588 1589/1589/1589 1597/1597/1597
f 1597/1597/1597 1576/1576/1576 1588/1588/1588
f 1597/1597/1597 1589/1589/1589 1590/1590/1590
f 1596/1596/1596 1591/1591/1591 1592/1592/1592
f 1595/1595/1595 1593/1593/1593 1594/1594/1594
f 1595/1595/1595 1592/1592/1592 1593/1593/1593
f 1596/1596/1596 1590/1590/1590 1591/1591/1591
f 1596/1596/1596 1597/1597/1597 1590/1590/1590
f 1594/1594/1594 1580/1580/1580 1595/1595/1595
f 1580/1580/1580 1578/1578/1578 1595/1595/1595
f 1592/1592/1592 1595/1595/1595 1596/1596/1596
f 1580/1580/1580 1594/1594/1594 1577/1577/1577
f 1587/1587/1587 1588/1588/1588 1576/1576/1576
f 1647/1647/1647 1627/1627/1627 1628/1628/1628
f 1645/1645/1645 1646/1646/1646 1647/1647/1647
f 1626/1626/1626 1627/1627/1627 1647/1647/1647
f 1626/1626/1626 1647/1647/1647 1648/1648/1648
f 1647/1647/1647 1601/1601/1601 1648/1648/1648
f 1601/1601/1601 1647/1647/1647 1646/1646/1646
f 1648/1648/1648 1625/1625/1625 1626/1626/1626
f 1645/1645/1645 1647/1647/1647 1628/1628/1628
f 1631/1631/1631 1632/1632/1632 1649/1649/1649
f 1633/1633/1633 1649/1649/1649 1632/1632/1632
f 1628/1628/1628 1629/1629/1629 1645/1645/1645
f 1650/1650/1650 1645/1645/1645 1629/1629/1629
f 1645/1645/1645 1650/1650/1650 1644/1644/1644
f 1630/1630/1630 1650/1650/1650 1629/1629/1629
f 1630/1630/1630 1631/1631/1631 1650/1650/1650
f 1648/1648/1648 1623/1623/1623 1624/1624/1624
f 1624/1624/1624 1625/1625/1625 1648/1648/1648
f 1602/1602/1602 1648/1648/1648 1601/1601/1601
f 1651/1651/1651 1648/1648/1648 1602/1602/1602
f 1651/1651/1651 1622/1622/1622 1623/1623/1623
f 1651/1651/1651 1603/1603/1603 1621/1621/1621
f 1622/1622/1622 1651/1651/1651 1621/1621/1621
f 1623/1623/1623 1648/1648/1648 1651/1651/1651
f 1603/1603/1603 1651/1651/1651 1602/1602/1602
f 1621/1621/1621 1652/1652/1652 1620/1620/1620
f 1604/1604/1604 1652/1652/1652 1603/1603/1603
f 1604/1604/1604 1605/1605/1605 1652/1652/1652
f 1605/1605/1605 1653/1653/1653 1652/1652/1652
f 1619/1619/1619 1620/1620/1620 1652/1652/1652
f 1618/1618/1618 1619/1619/1619 1652/1652/1652
f 1618/1618/1618 1652/1652/1652 1653/1653/1653
f 1618/1618/1618 1653/1653/1653 1617/1617/1617
f 1603/1603/1603 1652/1652/1652 1621/1621/1621
f 1643/1643/1643 1644/1644/1644 1650/1650/1650
f 1634/1634/1634 1649/1649/1649 1633/1633/1633
f 1650/1650/1650 1649/1649/1649 1643/1643/1643
f 1654/1654/1654 1649/1649/1649 1634/1634/1634
f 1642/1642/1642 1643/1643/1643 1649/1649/1649
f 1642/1642/1642 1654/1654/1654 1641/1641/1641
f 1654/1654/1654 1636/1636/1636 1641/1641/1641
f 1642/1642/1642 1649/1649/1649 1654/1654/1654
f 1635/1635/1635 1654/1654/1654 1634/1634/1634
f 1631/1631/1631 1649/1649/1649 1650/1650/1650
f 1655/1655/1655 1641/1641/1641 1636/1636/1636
f 1637/1637/1637 1655/1655/1655 1636/1636/1636
f 1639/1639/1639 1655/1655/1655 1638/1638/1638
f 1655/1655/1655 1640/1640/1640 1641/1641/1641
f 1656/1656/1656 1639/1639/1639 1610/1610/1610
f 1638/1638/1638 1655/1655/1655 1637/1637/1637
f 1640/1640/1640 1655/1655/1655 1609/1609/1609
f 1636/1636/1636 1654/1654/1654 1635/1635/1635
f 1606/1606/1606 1653/1653/1653 1605/1605/1605
f 1657/1657/1657 1606/1606/1606 1607/1607/1607
f 1606/1606/1606 1657/1657/1657 1653/1653/1653
f 1616/1616/1616 1653/1653/1653 1615/1615/1615
f 1615/1615/1615 1657/1657/1657 1614/1614/1614
f 1607/1607/1607 1614/1614/1614 1657/1657/1657
f 1653/1653/1653 1657/1657/1657 1615/1615/1615
f 1614/1614/1614 1607/1607/1607 1613/1613/1613
f 1617/1617/1617 1653/1653/1653 1616/1616/1616
f 1608/1608/1608 1609/1609/1609 1656/1656/1656
f 1656/1656/1656 1609/1609/1609 1655/1655/1655
f 1656/1656/1656 1610/1610/1610 1611/1611/1611
f 1639/1639/1639 1656/1656/1656 1655/1655/1655
f 1658/1658/1658 1656/1656/1656 1611/1611/1611
f 1607/1607/1607 1658/1658/1658 1613/1613/1613
f 1658/1658/1658 1608/1608/1608 1656/1656/1656
f 1658/1658/1658 1612/1612/1612 1613/1613/1613
f 1658/1658/1658 1611/1611/1611 1612/1612/1612
f 1608/1608/1608 1658/1658/1658 1607/1607/1607
f 1661/1661/1661 1896/1896/1896 1897/1897/1897
f 1897/1897/1897 1895/1895/1895 1661/1661/1661
f 1705/1705/1705 1708/1708/1708 1707/1707/1707
f 1707/1707/1707 1665/1665/1665 1705/1705/1705
f 1668/1668/1668 1662/1662/1662 1661/1661/1661
f 1661/1661/1661 1667/1667/1667 1668/1668/1668
f 1669/1669/1669 1663/1663/1663 1662/1662/1662
f 1662/1662/1662 1668/1668/1668 1669/1669/1669
f 1670/1670/1670 1664/1664/1664 1663/1663/1663
f 1663/1663/1663 1669/1669/1669 1670/1670/1670
f 1711/1711/1711 1665/1665/1665 1664/1664/1664
f 1670/1670/1670 1671/1671/1671 1711/1711/1711
f 1664/1664/1664 1670/1670/1670 1711/1711/1711
f 1712/1712/1712 1705/1705/1705 1665/1665/1665
f 1665/1665/1665 1711/1711/1711 1712/1712/1712
f 1709/1709/1709 1712/1712/1712 1711/1711/1711
f 1711/1711/1711 1671/1671/1671 1709/1709/1709
f 1674/1674/1674 1668/1668/1668 1667/1667/1667
f 1667/1667/1667 1673/1673/1673 1674/1674/1674
f 1675/1675/1675 1669/1669/1669 1668/1668/1668
f 1668/1668/1668 1674/1674/1674 1675/1675/1675
f 1676/1676/1676 1670/1670/1670 1669/1669/1669
f 1669/1669/1669 1675/1675/1675 1676/1676/1676
f 1715/1715/1715 1671/1671/1671 1670/1670/1670
f 1676/1676/1676 1677/1677/1677 1715/1715/1715
f 1670/1670/1670 1676/1676/1676 1715/1715/1715
f 1716/1716/1716 1709/1709/1709 1671/1671/1671
f 1671/1671/1671 1715/1715/1715 1716/1716/1716
f 1713/1713/1713 1716/1716/1716 1715/1715/1715
f 1715/1715/1715 1677/1677/1677 1713/1713/1713
f 1680/1680/1680 1674/1674/1674 1673/1673/1673
f 1673/1673/1673 1679/1679/1679 1680/1680/1680
f 1681/1681/1681 1675/1675/1675 1674/1674/1674
f 1674/1674/1674 1680/1680/1680 1681/1681/1681
f 1682/1682/1682 1676/1676/1676 1675/1675/1675
f 1675/1675/1675 1681/1681/1681 1682/1682/1682
f 1719/1719/1719 1677/1677/1677 1676/1676/1676
f 1682/1682/1682 1683/1683/1683 1719/1719/1719
f 1676/1676/1676 1682/1682/1682 1719/1719/1719
f 1720/1720/1720 1713/1713/1713 1677/1677/1677
f 1677/1677/1677 1719/1719/1719 1720/1720/1720
f 1717/1717/1717 1720/1720/1720 1719/1719/1719
f 1719/1719/1719 1683/1683/1683 1717/1717/1717
f 1686/1686/1686 1680/1680/1680 1679/1679/1679
f 1679/1679/1679 1685/1685/1685 1686/1686/1686
f 1687/1687/1687 1681/1681/1681 1680/1680/1680
f 1680/1680/1680 1686/1686/1686 1687/1687/1687
f 1688/1688/1688 1682/1682/1682 1681/1681/1681
f 1681/1681/1681 1687/1687/1687 1688/1688/1688
f 1723/1723/1723 1683/1683/1683 1682/1682/1682
f 1688/1688/1688 1689/1689/1689 1723/1723/1723
f 1682/1682/1682 1688/1688/1688 1723/1723/1723
f 1812/1812/1812 1810/1810/1810 1791/1791/1791
f 1791/1791/1791 1811/1811/1811 1812/1812/1812
f 1785/1785/1785 1812/1812/1812 1811/1811/1811
f 1811/1811/1811 1769/1769/1769 1785/1785/1785
f 1791/1791/1791 1789/1789/1789 1775/1775/1775
f 1775/1775/1775 1790/1790/1790 1791/1791/1791
f 1811/1811/1811 1791/1791/1791 1790/1790/1790
f 1742/1742/1742 1769/1769/1769 1811/1811/1811
f 1790/1790/1790 1742/1742/1742 1811/1811/1811
f 1775/1775/1775 1773/1773/1773 1724/1724/1724
f 1724/1724/1724 1774/1774/1774 1775/1775/1775
f 1790/1790/1790 1775/1775/1775 1774/1774/1774
f 1721/1721/1721 1742/1742/1742 1790/1790/1790
f 1774/1774/1774 1721/1721/1721 1790/1790/1790
f 1724/1724/1724 1717/1717/1717 1683/1683/1683
f 1683/1683/1683 1723/1723/1723 1724/1724/1724
f 1774/1774/1774 1724/1724/1724 1723/1723/1723
f 1689/1689/1689 1721/1721/1721 1774/1774/1774
f 1723/1723/1723 1689/1689/1689 1774/1774/1774
f 1692/1692/1692 1686/1686/1686 1685/1685/1685
f 1685/1685/1685 1691/1691/1691 1692/1692/1692
f 1693/1693/1693 1687/1687/1687 1686/1686/1686
f 1686/1686/1686 1692/1692/1692 1693/1693/1693
f 1694/1694/1694 1688/1688/1688 1687/1687/1687
f 1687/1687/1687 1693/1693/1693 1694/1694/1694
f 1755/1755/1755 1695/1695/1695 1727/1727/1727
f 1727/1727/1727 1689/1689/1689 1688/1688/1688
f 1688/1688/1688 1694/1694/1694 1755/1755/1755
f 1755/1755/1755 1727/1727/1727 1688/1688/1688
f 1740/1740/1740 1738/1738/1738 1728/1728/1728
f 1728/1728/1728 1739/1739/1739 1740/1740/1740
f 1736/1736/1736 1740/1740/1740 1739/1739/1739
f 1739/1739/1739 1725/1725/1725 1736/1736/1736
f 1804/1804/1804 1767/1767/1767 1744/1744/1744
f 1744/1744/1744 1803/1803/1803 1804/1804/1804
f 1801/1801/1801 1804/1804/1804 1803/1803/1803
f 1803/1803/1803 1738/1738/1738 1801/1801/1801
f 1800/1800/1800 1783/1783/1783 1771/1771/1771
f 1771/1771/1771 1799/1799/1799 1800/1800/1800
f 1797/1797/1797 1800/1800/1800 1799/1799/1799
f 1799/1799/1799 1767/1767/1767 1797/1797/1797
f 1796/1796/1796 1794/1794/1794 1787/1787/1787
f 1787/1787/1787 1795/1795/1795 1796/1796/1796
f 1792/1792/1792 1796/1796/1796 1795/1795/1795
f 1795/1795/1795 1783/1783/1783 1792/1792/1792
f 1808/1808/1808 1806/1806/1806 1785/1785/1785
f 1785/1785/1785 1807/1807/1807 1808/1808/1808
f 1794/1794/1794 1808/1808/1808 1807/1807/1807
f 1807/1807/1807 1787/1787/1787 1794/1794/1794
f 1807/1807/1807 1785/1785/1785 1769/1769/1769
f 1786/1786/1786 1787/1787/1787 1807/1807/1807
f 1769/1769/1769 1786/1786/1786 1807/1807/1807
f 1795/1795/1795 1787/1787/1787 1786/1786/1786
f 1771/1771/1771 1783/1783/1783 1795/1795/1795
f 1786/1786/1786 1771/1771/1771 1795/1795/1795
f 1786/1786/1786 1769/1769/1769 1742/1742/1742
f 1770/1770/1770 1771/1771/1771 1786/1786/1786
f 1742/1742/1742 1770/1770/1770 1786/1786/1786
f 1799/1799/1799 1771/1771/1771 1770/1770/1770
f 1744/1744/1744 1767/1767/1767 1799/1799/1799
f 1770/1770/1770 1744/1744/1744 1799/1799/1799
f 1770/1770/1770 1742/1742/1742 1721/1721/1721
f 1743/1743/1743 1744/1744/1744 1770/1770/1770
f 1721/1721/1721 1743/1743/1743 1770/1770/1770
f 1803/1803/1803 1744/1744/1744 1743/1743/1743
f 1728/1728/1728 1738/1738/1738 1803/1803/1803
f 1743/1743/1743 1728/1728/1728 1803/1803/1803
f 1743/1743/1743 1721/1721/1721 1689/1689/1689
f 1727/1727/1727 1728/1728/1728 1743/1743/1743
f 1689/1689/1689 1727/1727/1727 1743/1743/1743
f 1739/1739/1739 1728/1728/1728 1727/1727/1727
f 1695/1695/1695 1725/1725/1725 1739/1739/1739
f 1727/1727/1727 1695/1695/1695 1739/1739/1739
f 1698/1698/1698 1692/1692/1692 1691/1691/1691
f 1691/1691/1691 1697/1697/1697 1698/1698/1698
f 1699/1699/1699 1693/1693/1693 1692/1692/1692
f 1692/1692/1692 1698/1698/1698 1699/1699/1699
f 1756/1756/1756 1694/1694/1694 1693/1693/1693
f 1699/1699/1699 1700/1700/1700 1756/1756/1756
f 1693/1693/1693 1699/1699/1699 1756/1756/1756
f 1752/1752/1752 1731/1731/1731 1757/1757/1757
f 1754/1754/1754 1701/1701/1701 1752/1752/1752
f 1757/1757/1757 1754/1754/1754 1752/1752/1752
f 1731/1731/1731 1695/1695/1695 1755/1755/1755
f 1755/1755/1755 1757/1757/1757 1731/1731/1731
f 1757/1757/1757 1755/1755/1755 1694/1694/1694
f 1694/1694/1694 1756/1756/1756 1757/1757/1757
f 1754/1754/1754 1757/1757/1757 1756/1756/1756
f 1756/1756/1756 1700/1700/1700 1754/1754/1754
f 1748/1748/1748 1736/1736/1736 1725/1725/1725
f 1725/1725/1725 1747/1747/1747 1748/1748/1748
f 1745/1745/1745 1748/1748/1748 1747/1747/1747
f 1747/1747/1747 1732/1732/1732 1745/1745/1745
f 1751/1751/1751 1732/1732/1732 1747/1747/1747
f 1747/1747/1747 1725/1725/1725 1695/1695/1695
f 1695/1695/1695 1731/1731/1731 1751/1751/1751
f 1751/1751/1751 1747/1747/1747 1695/1695/1695
f 1729/1729/1729 1750/1750/1750 1753/1753/1753
f 1753/1753/1753 1749/1749/1749 1729/1729/1729
f 1750/1750/1750 1732/1732/1732 1751/1751/1751
f 1751/1751/1751 1753/1753/1753 1750/1750/1750
f 1753/1753/1753 1751/1751/1751 1731/1731/1731
f 1731/1731/1731 1752/1752/1752 1753/1753/1753
f 1749/1749/1749 1753/1753/1753 1752/1752/1752
f 1752/1752/1752 1701/1701/1701 1749/1749/1749
f 1898/1898/1898 1697/1697/1697 1899/1899/1899
f 1899/1899/1899 1900/1900/1900 1898/1898/1898
f 1765/1765/1765 1734/1734/1734 1847/1847/1847
f 1847/1847/1847 1849/1849/1849 1765/1765/1765
f 1849/1849/1849 1847/1847/1847 1763/1763/1763
f 1763/1763/1763 1848/1848/1848 1849/1849/1849
f 1847/1847/1847 1734/1734/1734 1760/1760/1760
f 1760/1760/1760 1701/1701/1701 1754/1754/1754
f 1754/1754/1754 1763/1763/1763 1847/1847/1847
f 1847/1847/1847 1760/1760/1760 1754/1754/1754
f 1763/1763/1763 1754/1754/1754 1700/1700/1700
f 1700/1700/1700 1762/1762/1762 1763/1763/1763
f 1858/1858/1858 1782/1782/1782 1781/1781/1781
f 1735/1735/1735 1764/1764/1764 1858/1858/1858
f 1781/1781/1781 1735/1735/1735 1858/1858/1858
f 1857/1857/1857 1782/1782/1782 1858/1858/1858
f 1858/1858/1858 1859/1859/1859 1857/1857/1857
f 1886/1886/1886 1859/1859/1859 1858/1858/1858
f 1764/1764/1764 1776/1776/1776 1886/1886/1886
f 1858/1858/1858 1764/1764/1764 1886/1886/1886
f 1885/1885/1885 1859/1859/1859 1886/1886/1886
f 1886/1886/1886 1887/1887/1887 1885/1885/1885
f 1887/1887/1887 1886/1886/1886 1776/1776/1776
f 1776/1776/1776 1854/1854/1854 1887/1887/1887
f 1735/1735/1735 1759/1759/1759 1761/1761/1761
f 1761/1761/1761 1758/1758/1758 1735/1735/1735
f 1759/1759/1759 1729/1729/1729 1749/1749/1749
f 1749/1749/1749 1761/1761/1761 1759/1759/1759
f 1761/1761/1761 1749/1749/1749 1701/1701/1701
f 1701/1701/1701 1760/1760/1760 1761/1761/1761
f 1758/1758/1758 1761/1761/1761 1760/1760/1760
f 1760/1760/1760 1734/1734/1734 1758/1758/1758
f 1882/1882/1882 1854/1854/1854 1883/1883/1883
f 1883/1883/1883 1884/1884/1884 1882/1882/1882
f 1884/1884/1884 1883/1883/1883 1856/1856/1856
f 1856/1856/1856 1873/1873/1873 1884/1884/1884
f 1883/1883/1883 1854/1854/1854 1776/1776/1776
f 1855/1855/1855 1856/1856/1856 1883/1883/1883
f 1776/1776/1776 1855/1855/1855 1883/1883/1883
f 1874/1874/1874 1856/1856/1856 1855/1855/1855
f 1779/1779/1779 1840/1840/1840 1874/1874/1874
f 1855/1855/1855 1779/1779/1779 1874/1874/1874
f 1879/1879/1879 1873/1873/1873 1880/1880/1880
f 1880/1880/1880 1881/1881/1881 1879/1879/1879
f 1881/1881/1881 1880/1880/1880 1875/1875/1875
f 1875/1875/1875 1876/1876/1876 1881/1881/1881
f 1880/1880/1880 1873/1873/1873 1856/1856/1856
f 1874/1874/1874 1875/1875/1875 1880/1880/1880
f 1856/1856/1856 1874/1874/1874 1880/1880/1880
f 1877/1877/1877 1875/1875/1875 1874/1874/1874
f 1840/1840/1840 1850/1850/1850 1877/1877/1877
f 1874/1874/1874 1840/1840/1840 1877/1877/1877
f 1876/1876/1876 1875/1875/1875 1877/1877/1877
f 1877/1877/1877 1878/1878/1878 1876/1876/1876
f 1878/1878/1878 1877/1877/1877 1850/1850/1850
f 1850/1850/1850 1870/1870/1870 1878/1878/1878
f 1855/1855/1855 1776/1776/1776 1764/1764/1764
f 1777/1777/1777 1779/1779/1779 1855/1855/1855
f 1764/1764/1764 1777/1777/1777 1855/1855/1855
f 1841/1841/1841 1779/1779/1779 1777/1777/1777
f 1766/1766/1766 1778/1778/1778 1841/1841/1841
f 1777/1777/1777 1766/1766/1766 1841/1841/1841
f 1870/1870/1870 1850/1850/1850 1871/1871/1871
f 1871/1871/1871 1872/1872/1872 1870/1870/1870
f 1872/1872/1872 1871/1871/1871 1853/1853/1853
f 1853/1853/1853 1860/1860/1860 1872/1872/1872
f 1871/1871/1871 1850/1850/1850 1840/1840/1840
f 1851/1851/1851 1853/1853/1853 1871/1871/1871
f 1840/1840/1840 1851/1851/1851 1871/1871/1871
f 1861/1861/1861 1853/1853/1853 1851/1851/1851
f 1843/1843/1843 1852/1852/1852 1861/1861/1861
f 1851/1851/1851 1843/1843/1843 1861/1861/1861
f 1860/1860/1860 1853/1853/1853 1861/1861/1861
f 1861/1861/1861 1863/1863/1863 1860/1860/1860
f 1863/1863/1863 1861/1861/1861 1852/1852/1852
f 1852/1852/1852 1862/1862/1862 1863/1863/1863
f 1851/1851/1851 1840/1840/1840 1779/1779/1779
f 1841/1841/1841 1843/1843/1843 1851/1851/1851
f 1779/1779/1779 1841/1841/1841 1851/1851/1851
f 1864/1864/1864 1843/1843/1843 1841/1841/1841
f 1778/1778/1778 1842/1842/1842 1864/1864/1864
f 1841/1841/1841 1778/1778/1778 1864/1864/1864
f 1852/1852/1852 1843/1843/1843 1864/1864/1864
f 1864/1864/1864 1866/1866/1866 1852/1852/1852
f 1866/1866/1866 1864/1864/1864 1842/1842/1842
f 1842/1842/1842 1865/1865/1865 1866/1866/1866
f 1777/1777/1777 1764/1764/1764 1735/1735/1735
f 1758/1758/1758 1766/1766/1766 1777/1777/1777
f 1735/1735/1735 1758/1758/1758 1777/1777/1777
f 1844/1844/1844 1766/1766/1766 1758/1758/1758
f 1734/1734/1734 1765/1765/1765 1844/1844/1844
f 1758/1758/1758 1734/1734/1734 1844/1844/1844
f 1842/1842/1842 1778/1778/1778 1867/1867/1867
f 1867/1867/1867 1869/1869/1869 1842/1842/1842
f 1869/1869/1869 1867/1867/1867 1846/1846/1846
f 1846/1846/1846 1868/1868/1868 1869/1869/1869
f 1867/1867/1867 1778/1778/1778 1766/1766/1766
f 1844/1844/1844 1846/1846/1846 1867/1867/1867
f 1766/1766/1766 1844/1844/1844 1867/1867/1867
f 1846/1846/1846 1844/1844/1844 1765/1765/1765
f 1765/1765/1765 1845/1845/1845 1846/1846/1846
f 1897/1897/1897 1824/1824/1824 1659/1659/1659
f 1896/1896/1896 1822/1822/1822 1823/1823/1823
f 1823/1823/1823 1824/1824/1824 1897/1897/1897
f 1897/1897/1897 1896/1896/1896 1823/1823/1823
f 1895/1895/1895 1897/1897/1897 1888/1888/1888
f 1659/1659/1659 1888/1888/1888 1897/1897/1897
f 1667/1667/1667 1661/1661/1661 1895/1895/1895
f 1821/1821/1821 1822/1822/1822 1896/1896/1896
f 1895/1895/1895 1888/1888/1888 1889/1889/1889
f 1821/1821/1821 1896/1896/1896 1662/1662/1662
f 1662/1662/1662 1820/1820/1820 1821/1821/1821
f 1663/1663/1663 1818/1818/1818 1819/1819/1819
f 1663/1663/1663 1817/1817/1817 1818/1818/1818
f 1819/1819/1819 1820/1820/1820 1662/1662/1662
f 1664/1664/1664 1707/1707/1707 1815/1815/1815
f 1708/1708/1708 1814/1814/1814 1707/1707/1707
f 1815/1815/1815 1707/1707/1707 1814/1814/1814
f 1813/1813/1813 1814/1814/1814 1708/1708/1708
f 1816/1816/1816 1664/1664/1664 1815/1815/1815
f 1816/1816/1816 1817/1817/1817 1663/1663/1663
f 1663/1663/1663 1664/1664/1664 1816/1816/1816
f 1896/1896/1896 1661/1661/1661 1662/1662/1662
f 1889/1889/1889 1890/1890/1890 1673/1673/1673
f 1673/1673/1673 1667/1667/1667 1889/1889/1889
f 1819/1819/1819 1662/1662/1662 1663/1663/1663
f 1889/1889/1889 1667/1667/1667 1895/1895/1895
f 1891/1891/1891 1892/1892/1892 1685/1685/1685
f 1685/1685/1685 1679/1679/1679 1891/1891/1891
f 1679/1679/1679 1673/1673/1673 1890/1890/1890
f 1890/1890/1890 1891/1891/1891 1679/1679/1679
f 1707/1707/1707 1664/1664/1664 1665/1665/1665
f 1712/1712/1712 1710/1710/1710 1666/1666/1666
f 1666/1666/1666 1705/1705/1705 1712/1712/1712
f 1709/1709/1709 1672/1672/1672 1710/1710/1710
f 1710/1710/1710 1712/1712/1712 1709/1709/1709
f 1713/1713/1713 1678/1678/1678 1714/1714/1714
f 1714/1714/1714 1716/1716/1716 1713/1713/1713
f 1717/1717/1717 1684/1684/1684 1718/1718/1718
f 1718/1718/1718 1720/1720/1720 1717/1717/1717
f 1773/1773/1773 1717/1717/1717 1724/1724/1724
f 1720/1720/1720 1718/1718/1718 1678/1678/1678
f 1678/1678/1678 1713/1713/1713 1720/1720/1720
f 1716/1716/1716 1714/1714/1714 1672/1672/1672
f 1672/1672/1672 1709/1709/1709 1716/1716/1716
f 1705/1705/1705 1666/1666/1666 1706/1706/1706
f 1706/1706/1706 1708/1708/1708 1705/1705/1705
f 1708/1708/1708 1706/1706/1706 1660/1660/1660
f 1660/1660/1660 1813/1813/1813 1708/1708/1708
f 1717/1717/1717 1773/1773/1773 1684/1684/1684
f 1773/1773/1773 1775/1775/1775 1789/1789/1789
f 1810/1810/1810 1772/1772/1772 1789/1789/1789
f 1789/1789/1789 1791/1791/1791 1810/1810/1810
f 1789/1789/1789 1722/1722/1722 1773/1773/1773
f 1788/1788/1788 1810/1810/1810 1812/1812/1812
f 1812/1812/1812 1809/1809/1809 1788/1788/1788
f 1789/1789/1789 1772/1772/1772 1722/1722/1722
f 1810/1810/1810 1788/1788/1788 1772/1772/1772
f 1722/1722/1722 1684/1684/1684 1773/1773/1773
f 1812/1812/1812 1806/1806/1806 1809/1809/1809
f 1794/1794/1794 1784/1784/1784 1805/1805/1805
f 1805/1805/1805 1808/1808/1808 1794/1794/1794
f 1796/1796/1796 1793/1793/1793 1784/1784/1784
f 1784/1784/1784 1794/1794/1794 1796/1796/1796
f 1808/1808/1808 1805/1805/1805 1690/1690/1690
f 1690/1690/1690 1806/1806/1806 1808/1808/1808
f 1797/1797/1797 1767/1767/1767 1804/1804/1804
f 1800/1800/1800 1792/1792/1792 1783/1783/1783
f 1797/1797/1797 1804/1804/1804 1802/1802/1802
f 1797/1797/1797 1741/1741/1741 1798/1798/1798
f 1798/1798/1798 1800/1800/1800 1797/1797/1797
f 1690/1690/1690 1809/1809/1809 1806/1806/1806
f 1792/1792/1792 1768/1768/1768 1793/1793/1793
f 1793/1793/1793 1796/1796/1796 1792/1792/1792
f 1798/1798/1798 1768/1768/1768 1792/1792/1792
f 1800/1800/1800 1798/1798/1798 1792/1792/1792
f 1741/1741/1741 1797/1797/1797 1802/1802/1802
f 1802/1802/1802 1804/1804/1804 1801/1801/1801
f 1801/1801/1801 1726/1726/1726 1802/1802/1802
f 1785/1785/1785 1806/1806/1806 1812/1812/1812
f 1691/1691/1691 1685/1685/1685 1892/1892/1892
f 1892/1892/1892 1893/1893/1893 1691/1691/1691
f 1691/1691/1691 1893/1893/1893 1899/1899/1899
f 1894/1894/1894 1899/1899/1899 1893/1893/1893
f 1899/1899/1899 1697/1697/1697 1691/1691/1691
f 1703/1703/1703 1900/1900/1900 1894/1894/1894
f 1699/1699/1699 1698/1698/1698 1829/1829/1829
f 1829/1829/1829 1830/1830/1830 1699/1699/1699
f 1898/1898/1898 1698/1698/1698 1697/1697/1697
f 1832/1832/1832 1762/1762/1762 1699/1699/1699
f 1828/1828/1828 1698/1698/1698 1898/1898/1898
f 1900/1900/1900 1899/1899/1899 1894/1894/1894
f 1699/1699/1699 1762/1762/1762 1700/1700/1700
f 1762/1762/1762 1848/1848/1848 1763/1763/1763
f 1834/1834/1834 1845/1845/1845 1849/1849/1849
f 1833/1833/1833 1848/1848/1848 1762/1762/1762
f 1849/1849/1849 1845/1845/1845 1765/1765/1765
f 1845/1845/1845 1868/1868/1868 1846/1846/1846
f 1865/1865/1865 1869/1869/1869 1868/1868/1868
f 1834/1834/1834 1868/1868/1868 1845/1845/1845
f 1849/1849/1849 1848/1848/1848 1834/1834/1834
f 1898/1898/1898 1900/1900/1900 1825/1825/1825
f 1825/1825/1825 1826/1826/1826 1898/1898/1898
f 1827/1827/1827 1828/1828/1828 1898/1898/1898
f 1828/1828/1828 1829/1829/1829 1698/1698/1698
f 1826/1826/1826 1827/1827/1827 1898/1898/1898
f 1830/1830/1830 1831/1831/1831 1699/1699/1699
f 1832/1832/1832 1833/1833/1833 1762/1762/1762
f 1833/1833/1833 1834/1834/1834 1848/1848/1848
f 1831/1831/1831 1832/1832/1832 1699/1699/1699
f 1865/1865/1865 1842/1842/1842 1869/1869/1869
f 1852/1852/1852 1866/1866/1866 1862/1862/1862
f 1866/1866/1866 1835/1835/1835 1862/1862/1862
f 1835/1835/1835 1866/1866/1866 1865/1865/1865
f 1862/1862/1862 1835/1835/1835 1863/1863/1863
f 1860/1860/1860 1863/1863/1863 1835/1835/1835
f 1835/1835/1835 1836/1836/1836 1860/1860/1860
f 1872/1872/1872 1860/1860/1860 1836/1836/1836
f 1836/1836/1836 1837/1837/1837 1872/1872/1872
f 1835/1835/1835 1865/1865/1865 1868/1868/1868
f 1834/1834/1834 1835/1835/1835 1868/1868/1868
f 1703/1703/1703 1825/1825/1825 1900/1900/1900
f 1801/1801/1801 1738/1738/1738 1740/1740/1740
f 1748/1748/1748 1746/1746/1746 1696/1696/1696
f 1696/1696/1696 1736/1736/1736 1748/1748/1748
f 1736/1736/1736 1696/1696/1696 1737/1737/1737
f 1737/1737/1737 1740/1740/1740 1736/1736/1736
f 1729/1729/1729 1702/1702/1702 1750/1750/1750
f 1759/1759/1759 1702/1702/1702 1729/1729/1729
f 1750/1750/1750 1745/1745/1745 1732/1732/1732
f 1735/1735/1735 1781/1781/1781 1759/1759/1759
f 1737/1737/1737 1726/1726/1726 1801/1801/1801
f 1740/1740/1740 1737/1737/1737 1801/1801/1801
f 1745/1745/1745 1750/1750/1750 1702/1702/1702
f 1781/1781/1781 1702/1702/1702 1759/1759/1759
f 1745/1745/1745 1702/1702/1702 1730/1730/1730
f 1781/1781/1781 1733/1733/1733 1702/1702/1702
f 1733/1733/1733 1781/1781/1781 1782/1782/1782
f 1782/1782/1782 1780/1780/1780 1733/1733/1733
f 1745/1745/1745 1730/1730/1730 1746/1746/1746
f 1746/1746/1746 1748/1748/1748 1745/1745/1745
f 1837/1837/1837 1870/1870/1870 1872/1872/1872
f 1876/1876/1876 1878/1878/1878 1838/1838/1838
f 1838/1838/1838 1839/1839/1839 1876/1876/1876
f 1878/1878/1878 1870/1870/1870 1838/1838/1838
f 1879/1879/1879 1881/1881/1881 1839/1839/1839
f 1839/1839/1839 1881/1881/1881 1876/1876/1876
f 1882/1882/1882 1879/1879/1879 1839/1839/1839
f 1837/1837/1837 1838/1838/1838 1870/1870/1870
f 1884/1884/1884 1873/1873/1873 1879/1879/1879
f 1885/1885/1885 1857/1857/1857 1859/1859/1859
f 1780/1780/1780 1782/1782/1782 1857/1857/1857
f 1704/1704/1704 1780/1780/1780 1857/1857/1857
f 1854/1854/1854 1882/1882/1882 1887/1887/1887
f 1882/1882/1882 1884/1884/1884 1879/1879/1879
f 1887/1887/1887 1882/1882/1882 1885/1885/1885
f 1704/1704/1704 1885/1885/1885 1882/1882/1882
f 1857/1857/1857 1885/1885/1885 1704/1704/1704
f 1882/1882/1882 1839/1839/1839 1704/1704/1704
f 1910/1910/1910 2217/2217/2217 2219/2219/2219
f 2219/2219/2219 2216/2216/2216 1910/1910/1910
f 2216/2216/2216 2219/2219/2219 2218/2218/2218
f 2218/2218/2218 1909/1909/1909 2216/2216/2216
f 1911/1911/1911 2221/2221/2221 2222/2222/2222
f 2222/2222/2222 2220/2220/2220 1911/1911/1911
f 2220/2220/2220 2222/2222/2222 2217/2217/2217
f 2217/2217/2217 1910/1910/1910 2220/2220/2220
f 1912/1912/1912 2224/2224/2224 2225/2225/2225
f 2225/2225/2225 2223/2223/2223 1912/1912/1912
f 2223/2223/2223 2225/2225/2225 2221/2221/2221
f 2221/2221/2221 1911/1911/1911 2223/2223/2223
f 1913/1913/1913 2227/2227/2227 2228/2228/2228
f 2228/2228/2228 2226/2226/2226 1913/1913/1913
f 2226/2226/2226 2228/2228/2228 2224/2224/2224
f 2224/2224/2224 1912/1912/1912 2226/2226/2226
f 1914/1914/1914 2230/2230/2230 2231/2231/2231
f 2231/2231/2231 2229/2229/2229 1914/1914/1914
f 2229/2229/2229 2231/2231/2231 2227/2227/2227
f 2227/2227/2227 1913/1913/1913 2229/2229/2229
f 1915/1915/1915 2233/2233/2233 2234/2234/2234
f 2234/2234/2234 2232/2232/2232 1915/1915/1915
f 2232/2232/2232 2234/2234/2234 2230/2230/2230
f 2230/2230/2230 1914/1914/1914 2232/2232/2232
f 1916/1916/1916 2236/2236/2236 2237/2237/2237
f 2237/2237/2237 2235/2235/2235 1916/1916/1916
f 2235/2235/2235 2237/2237/2237 2233/2233/2233
f 2233/2233/2233 1915/1915/1915 2235/2235/2235
f 2519/2519/2519 2521/2521/2521 2520/2520/2520
f 2520/2520/2520 1948/1948/1948 2519/2519/2519
f 1951/1951/1951 1907/1907/1907 1906/1906/1906
f 1906/1906/1906 1950/1950/1950 1951/1951/1951
f 1952/1952/1952 1908/1908/1908 1907/1907/1907
f 1907/1907/1907 1951/1951/1951 1952/1952/1952
f 2240/2240/2240 1909/1909/1909 1908/1908/1908
f 1952/1952/1952 1953/1953/1953 2240/2240/2240
f 1908/1908/1908 1952/1952/1952 2240/2240/2240
f 1954/1954/1954 2239/2239/2239 2241/2241/2241
f 2241/2241/2241 2238/2238/2238 1954/1954/1954
f 2239/2239/2239 1910/1910/1910 2216/2216/2216
f 2216/2216/2216 2241/2241/2241 2239/2239/2239
f 2241/2241/2241 2216/2216/2216 1909/1909/1909
f 1909/1909/1909 2240/2240/2240 2241/2241/2241
f 2238/2238/2238 2241/2241/2241 2240/2240/2240
f 2240/2240/2240 1953/1953/1953 2238/2238/2238
f 1955/1955/1955 2243/2243/2243 2244/2244/2244
f 2244/2244/2244 2242/2242/2242 1955/1955/1955
f 2243/2243/2243 1911/1911/1911 2220/2220/2220
f 2220/2220/2220 2244/2244/2244 2243/2243/2243
f 2244/2244/2244 2220/2220/2220 1910/1910/1910
f 1910/1910/1910 2239/2239/2239 2244/2244/2244
f 2242/2242/2242 2244/2244/2244 2239/2239/2239
f 2239/2239/2239 1954/1954/1954 2242/2242/2242
f 1956/1956/1956 2246/2246/2246 2247/2247/2247
f 2247/2247/2247 2245/2245/2245 1956/1956/1956
f 2246/2246/2246 1912/1912/1912 2223/2223/2223
f 2223/2223/2223 2247/2247/2247 2246/2246/2246
f 2247/2247/2247 2223/2223/2223 1911/1911/1911
f 1911/1911/1911 2243/2243/2243 2247/2247/2247
f 2245/2245/2245 2247/2247/2247 2243/2243/2243
f 2243/2243/2243 1955/1955/1955 2245/2245/2245
f 1957/1957/1957 2249/2249/2249 2250/2250/2250
f 2250/2250/2250 2248/2248/2248 1957/1957/1957
f 2249/2249/2249 1913/1913/1913 2226/2226/2226
f 2226/2226/2226 2250/2250/2250 2249/2249/2249
f 2250/2250/2250 2226/2226/2226 1912/1912/1912
f 1912/1912/1912 2246/2246/2246 2250/2250/2250
f 2248/2248/2248 2250/2250/2250 2246/2246/2246
f 2246/2246/2246 1956/1956/1956 2248/2248/2248
f 1958/1958/1958 2252/2252/2252 2253/2253/2253
f 2253/2253/2253 2251/2251/2251 1958/1958/1958
f 2252/2252/2252 1914/1914/1914 2229/2229/2229
f 2229/2229/2229 2253/2253/2253 2252/2252/2252
f 2253/2253/2253 2229/2229/2229 1913/1913/1913
f 1913/1913/1913 2249/2249/2249 2253/2253/2253
f 2251/2251/2251 2253/2253/2253 2249/2249/2249
f 2249/2249/2249 1957/1957/1957 2251/2251/2251
f 1959/1959/1959 2255/2255/2255 2256/2256/2256
f 2256/2256/2256 2254/2254/2254 1959/1959/1959
f 2255/2255/2255 1915/1915/1915 2232/2232/2232
f 2232/2232/2232 2256/2256/2256 2255/2255/2255
f 2256/2256/2256 2232/2232/2232 1914/1914/1914
f 1914/1914/1914 2252/2252/2252 2256/2256/2256
f 2254/2254/2254 2256/2256/2256 2252/2252/2252
f 2252/2252/2252 1958/1958/1958 2254/2254/2254
f 2235/2235/2235 1915/1915/1915 2255/2255/2255
f 2255/2255/2255 1959/1959/1959 1960/1960/1960
f 1960/1960/1960 1916/1916/1916 2235/2235/2235
f 2235/2235/2235 2255/2255/2255 1960/1960/1960
f 1961/1961/1961 1917/1917/1917 1916/1916/1916
f 1916/1916/1916 1960/1960/1960 1961/1961/1961
f 1962/1962/1962 1918/1918/1918 1917/1917/1917
f 1917/1917/1917 1961/1961/1961 1962/1962/1962
f 1963/1963/1963 1919/1919/1919 1918/1918/1918
f 1918/1918/1918 1962/1962/1962 1963/1963/1963
f 1964/1964/1964 1920/1920/1920 1919/1919/1919
f 1919/1919/1919 1963/1963/1963 1964/1964/1964
f 1965/1965/1965 1921/1921/1921 1920/1920/1920
f 1920/1920/1920 1964/1964/1964 1965/1965/1965
f 1966/1966/1966 1922/1922/1922 1921/1921/1921
f 1921/1921/1921 1965/1965/1965 1966/1966/1966
f 1967/1967/1967 1923/1923/1923 1922/1922/1922
f 1922/1922/1922 1966/1966/1966 1967/1967/1967
f 1968/1968/1968 1924/1924/1924 1923/1923/1923
f 1923/1923/1923 1967/1967/1967 1968/1968/1968
f 1969/1969/1969 1925/1925/1925 1924/1924/1924
f 1924/1924/1924 1968/1968/1968 1969/1969/1969
f 1970/1970/1970 1926/1926/1926 1925/1925/1925
f 1925/1925/1925 1969/1969/1969 1970/1970/1970
f 1971/1971/1971 1927/1927/1927 1926/1926/1926
f 1926/1926/1926 1970/1970/1970 1971/1971/1971
f 1972/1972/1972 1928/1928/1928 1927/1927/1927
f 1927/1927/1927 1971/1971/1971 1972/1972/1972
f 1973/1973/1973 1929/1929/1929 1928/1928/1928
f 1928/1928/1928 1972/1972/1972 1973/1973/1973
f 1974/1974/1974 1930/1930/1930 1929/1929/1929
f 1929/1929/1929 1973/1973/1973 1974/1974/1974
f 1975/1975/1975 1931/1931/1931 1930/1930/1930
f 1930/1930/1930 1974/1974/1974 1975/1975/1975
f 1976/1976/1976 1932/1932/1932 1931/1931/1931
f 1931/1931/1931 1975/1975/1975 1976/1976/1976
f 1977/1977/1977 1933/1933/1933 1932/1932/1932
f 1932/1932/1932 1976/1976/1976 1977/1977/1977
f 1978/1978/1978 1934/1934/1934 1933/1933/1933
f 1933/1933/1933 1977/1977/1977 1978/1978/1978
f 1979/1979/1979 1935/1935/1935 1934/1934/1934
f 1934/1934/1934 1978/1978/1978 1979/1979/1979
f 1980/1980/1980 1936/1936/1936 1935/1935/1935
f 1935/1935/1935 1979/1979/1979 1980/1980/1980
f 1981/1981/1981 1937/1937/1937 1936/1936/1936
f 1936/1936/1936 1980/1980/1980 1981/1981/1981
f 1982/1982/1982 1938/1938/1938 1937/1937/1937
f 1937/1937/1937 1981/1981/1981 1982/1982/1982
f 1983/1983/1983 1939/1939/1939 1938/1938/1938
f 1938/1938/1938 1982/1982/1982 1983/1983/1983
f 1984/1984/1984 1940/1940/1940 1939/1939/1939
f 1939/1939/1939 1983/1983/1983 1984/1984/1984
f 1985/1985/1985 1941/1941/1941 1940/1940/1940
f 1940/1940/1940 1984/1984/1984 1985/1985/1985
f 1986/1986/1986 1942/1942/1942 1941/1941/1941
f 1941/1941/1941 1985/1985/1985 1986/1986/1986
f 1987/1987/1987 1943/1943/1943 1942/1942/1942
f 1942/1942/1942 1986/1986/1986 1987/1987/1987
f 1988/1988/1988 1944/1944/1944 1943/1943/1943
f 1943/1943/1943 1987/1987/1987 1988/1988/1988
f 1989/1989/1989 1945/1945/1945 1944/1944/1944
f 1944/1944/1944 1988/1988/1988 1989/1989/1989
f 1990/1990/1990 1946/1946/1946 1945/1945/1945
f 1945/1945/1945 1989/1989/1989 1990/1990/1990
f 1991/1991/1991 1947/1947/1947 1946/1946/1946
f 1946/1946/1946 1990/1990/1990 1991/1991/1991
f 1992/1992/1992 1948/1948/1948 1947/1947/1947
f 1947/1947/1947 1991/1991/1991 1992/1992/1992
f 1995/1995/1995 1951/1951/1951 1950/1950/1950
f 1950/1950/1950 1994/1994/1994 1995/1995/1995
f 1996/1996/1996 1952/1952/1952 1951/1951/1951
f 1951/1951/1951 1995/1995/1995 1996/1996/1996
f 1997/1997/1997 1953/1953/1953 1952/1952/1952
f 1952/1952/1952 1996/1996/1996 1997/1997/1997
f 2259/2259/2259 1954/1954/1954 2238/2238/2238
f 2238/2238/2238 1953/1953/1953 1997/1997/1997
f 1997/1997/1997 1998/1998/1998 2259/2259/2259
f 2259/2259/2259 2238/2238/2238 1997/1997/1997
f 1999/1999/1999 2258/2258/2258 2260/2260/2260
f 2260/2260/2260 2257/2257/2257 1999/1999/1999
f 2258/2258/2258 1955/1955/1955 2242/2242/2242
f 2242/2242/2242 2260/2260/2260 2258/2258/2258
f 2260/2260/2260 2242/2242/2242 1954/1954/1954
f 1954/1954/1954 2259/2259/2259 2260/2260/2260
f 2257/2257/2257 2260/2260/2260 2259/2259/2259
f 2259/2259/2259 1998/1998/1998 2257/2257/2257
f 2258/2258/2258 2263/2263/2263 2245/2245/2245
f 2263/2263/2263 1956/1956/1956 2245/2245/2245
f 2245/2245/2245 1955/1955/1955 2258/2258/2258
f 2258/2258/2258 1999/1999/1999 2000/2000/2000
f 2000/2000/2000 2263/2263/2263 2258/2258/2258
f 2001/2001/2001 2262/2262/2262 2264/2264/2264
f 2264/2264/2264 2261/2261/2261 2001/2001/2001
f 2262/2262/2262 1957/1957/1957 2248/2248/2248
f 2248/2248/2248 2264/2264/2264 2262/2262/2262
f 2264/2264/2264 2248/2248/2248 1956/1956/1956
f 1956/1956/1956 2263/2263/2263 2264/2264/2264
f 2261/2261/2261 2264/2264/2264 2263/2263/2263
f 2263/2263/2263 2000/2000/2000 2261/2261/2261
f 2002/2002/2002 2266/2266/2266 2267/2267/2267
f 2267/2267/2267 2265/2265/2265 2002/2002/2002
f 2266/2266/2266 1958/1958/1958 2251/2251/2251
f 2251/2251/2251 2267/2267/2267 2266/2266/2266
f 2267/2267/2267 2251/2251/2251 1957/1957/1957
f 1957/1957/1957 2262/2262/2262 2267/2267/2267
f 2265/2265/2265 2267/2267/2267 2262/2262/2262
f 2262/2262/2262 2001/2001/2001 2265/2265/2265
f 2003/2003/2003 2269/2269/2269 2270/2270/2270
f 2270/2270/2270 2268/2268/2268 2003/2003/2003
f 2269/2269/2269 1959/1959/1959 2254/2254/2254
f 2254/2254/2254 2270/2270/2270 2269/2269/2269
f 2270/2270/2270 2254/2254/2254 1958/1958/1958
f 1958/1958/1958 2266/2266/2266 2270/2270/2270
f 2268/2268/2268 2270/2270/2270 2266/2266/2266
f 2266/2266/2266 2002/2002/2002 2268/2268/2268
f 2269/2269/2269 2003/2003/2003 2004/2004/2004
f 1960/1960/1960 1959/1959/1959 2269/2269/2269
f 2004/2004/2004 1960/1960/1960 2269/2269/2269
f 2005/2005/2005 1961/1961/1961 1960/1960/1960
f 1960/1960/1960 2004/2004/2004 2005/2005/2005
f 2006/2006/2006 1962/1962/1962 1961/1961/1961
f 1961/1961/1961 2005/2005/2005 2006/2006/2006
f 2007/2007/2007 1963/1963/1963 1962/1962/1962
f 1962/1962/1962 2006/2006/2006 2007/2007/2007
f 2008/2008/2008 1964/1964/1964 1963/1963/1963
f 1963/1963/1963 2007/2007/2007 2008/2008/2008
f 2009/2009/2009 1965/1965/1965 1964/1964/1964
f 1964/1964/1964 2008/2008/2008 2009/2009/2009
f 2010/2010/2010 1966/1966/1966 1965/1965/1965
f 1965/1965/1965 2009/2009/2009 2010/2010/2010
f 2011/2011/2011 1967/1967/1967 1966/1966/1966
f 1966/1966/1966 2010/2010/2010 2011/2011/2011
f 2012/2012/2012 1968/1968/1968 1967/1967/1967
f 1967/1967/1967 2011/2011/2011 2012/2012/2012
f 2013/2013/2013 1969/1969/1969 1968/1968/1968
f 1968/1968/1968 2012/2012/2012 2013/2013/2013
f 2014/2014/2014 1970/1970/1970 1969/1969/1969
f 1969/1969/1969 2013/2013/2013 2014/2014/2014
f 2015/2015/2015 1971/1971/1971 1970/1970/1970
f 1970/1970/1970 2014/2014/2014 2015/2015/2015
f 2016/2016/2016 1972/1972/1972 1971/1971/1971
f 1971/1971/1971 2015/2015/2015 2016/2016/2016
f 2017/2017/2017 1973/1973/1973 1972/1972/1972
f 1972/1972/1972 2016/2016/2016 2017/2017/2017
f 2018/2018/2018 1974/1974/1974 1973/1973/1973
f 1973/1973/1973 2017/2017/2017 2018/2018/2018
f 2019/2019/2019 1975/1975/1975 1974/1974/1974
f 1974/1974/1974 2018/2018/2018 2019/2019/2019
f 2020/2020/2020 1976/1976/1976 1975/1975/1975
f 1975/1975/1975 2019/2019/2019 2020/2020/2020
f 2021/2021/2021 1977/1977/1977 1976/1976/1976
f 1976/1976/1976 2020/2020/2020 2021/2021/2021
f 2022/2022/2022 1978/1978/1978 1977/1977/1977
f 1977/1977/1977 2021/2021/2021 2022/2022/2022
f 2023/2023/2023 1979/1979/1979 1978/1978/1978
f 1978/1978/1978 2022/2022/2022 2023/2023/2023
f 2024/2024/2024 1980/1980/1980 1979/1979/1979
f 1979/1979/1979 2023/2023/2023 2024/2024/2024
f 2025/2025/2025 1981/1981/1981 1980/1980/1980
f 1980/1980/1980 2024/2024/2024 2025/2025/2025
f 2026/2026/2026 1982/1982/1982 1981/1981/1981
f 1981/1981/1981 2025/2025/2025 2026/2026/2026
f 2027/2027/2027 1983/1983/1983 1982/1982/1982
f 1982/1982/1982 2026/2026/2026 2027/2027/2027
f 2028/2028/2028 1984/1984/1984 1983/1983/1983
f 1983/1983/1983 2027/2027/2027 2028/2028/2028
f 2029/2029/2029 1985/1985/1985 1984/1984/1984
f 1984/1984/1984 2028/2028/2028 2029/2029/2029
f 2030/2030/2030 1986/1986/1986 1985/1985/1985
f 1985/1985/1985 2029/2029/2029 2030/2030/2030
f 2031/2031/2031 1987/1987/1987 1986/1986/1986
f 1986/1986/1986 2030/2030/2030 2031/2031/2031
f 2032/2032/2032 1988/1988/1988 1987/1987/1987
f 1987/1987/1987 2031/2031/2031 2032/2032/2032
f 2033/2033/2033 1989/1989/1989 1988/1988/1988
f 1988/1988/1988 2032/2032/2032 2033/2033/2033
f 2034/2034/2034 1990/1990/1990 1989/1989/1989
f 1989/1989/1989 2033/2033/2033 2034/2034/2034
f 2035/2035/2035 1991/1991/1991 1990/1990/1990
f 1990/1990/1990 2034/2034/2034 2035/2035/2035
f 2036/2036/2036 1992/1992/1992 1991/1991/1991
f 1991/1991/1991 2035/2035/2035 2036/2036/2036
f 2039/2039/2039 1995/1995/1995 1994/1994/1994
f 1994/1994/1994 2038/2038/2038 2039/2039/2039
f 2040/2040/2040 1996/1996/1996 1995/1995/1995
f 1995/1995/1995 2039/2039/2039 2040/2040/2040
f 2041/2041/2041 1997/1997/1997 1996/1996/1996
f 1996/1996/1996 2040/2040/2040 2041/2041/2041
f 2042/2042/2042 1998/1998/1998 1997/1997/1997
f 1997/1997/1997 2041/2041/2041 2042/2042/2042
f 2257/2257/2257 1998/1998/1998 2042/2042/2042
f 2043/2043/2043 1999/1999/1999 2257/2257/2257
f 2042/2042/2042 2043/2043/2043 2257/2257/2257
f 2273/2273/2273 2000/2000/2000 1999/1999/1999
f 2043/2043/2043 2044/2044/2044 2273/2273/2273
f 1999/1999/1999 2043/2043/2043 2273/2273/2273
f 2045/2045/2045 2272/2272/2272 2274/2274/2274
f 2274/2274/2274 2271/2271/2271 2045/2045/2045
f 2272/2272/2272 2001/2001/2001 2261/2261/2261
f 2261/2261/2261 2274/2274/2274 2272/2272/2272
f 2274/2274/2274 2261/2261/2261 2000/2000/2000
f 2000/2000/2000 2273/2273/2273 2274/2274/2274
f 2271/2271/2271 2274/2274/2274 2273/2273/2273
f 2273/2273/2273 2044/2044/2044 2271/2271/2271
f 2265/2265/2265 2001/2001/2001 2272/2272/2272
f 2272/2272/2272 2045/2045/2045 2046/2046/2046
f 2046/2046/2046 2002/2002/2002 2265/2265/2265
f 2265/2265/2265 2272/2272/2272 2046/2046/2046
f 2268/2268/2268 2002/2002/2002 2046/2046/2046
f 2047/2047/2047 2003/2003/2003 2268/2268/2268
f 2046/2046/2046 2047/2047/2047 2268/2268/2268
f 2048/2048/2048 2004/2004/2004 2003/2003/2003
f 2003/2003/2003 2047/2047/2047 2048/2048/2048
f 2049/2049/2049 2005/2005/2005 2004/2004/2004
f 2004/2004/2004 2048/2048/2048 2049/2049/2049
f 2050/2050/2050 2006/2006/2006 2005/2005/2005
f 2005/2005/2005 2049/2049/2049 2050/2050/2050
f 2051/2051/2051 2007/2007/2007 2006/2006/2006
f 2006/2006/2006 2050/2050/2050 2051/2051/2051
f 2052/2052/2052 2008/2008/2008 2007/2007/2007
f 2007/2007/2007 2051/2051/2051 2052/2052/2052
f 2053/2053/2053 2009/2009/2009 2008/2008/2008
f 2008/2008/2008 2052/2052/2052 2053/2053/2053
f 2054/2054/2054 2010/2010/2010 2009/2009/2009
f 2009/2009/2009 2053/2053/2053 2054/2054/2054
f 2055/2055/2055 2011/2011/2011 2010/2010/2010
f 2010/2010/2010 2054/2054/2054 2055/2055/2055
f 2056/2056/2056 2012/2012/2012 2011/2011/2011
f 2011/2011/2011 2055/2055/2055 2056/2056/2056
f 2057/2057/2057 2013/2013/2013 2012/2012/2012
f 2012/2012/2012 2056/2056/2056 2057/2057/2057
f 2058/2058/2058 2014/2014/2014 2013/2013/2013
f 2013/2013/2013 2057/2057/2057 2058/2058/2058
f 2059/2059/2059 2015/2015/2015 2014/2014/2014
f 2014/2014/2014 2058/2058/2058 2059/2059/2059
f 2060/2060/2060 2016/2016/2016 2015/2015/2015
f 2015/2015/2015 2059/2059/2059 2060/2060/2060
f 2061/2061/2061 2017/2017/2017 2016/2016/2016
f 2016/2016/2016 2060/2060/2060 2061/2061/2061
f 2062/2062/2062 2018/2018/2018 2017/2017/2017
f 2017/2017/2017 2061/2061/2061 2062/2062/2062
f 2063/2063/2063 2019/2019/2019 2018/2018/2018
f 2018/2018/2018 2062/2062/2062 2063/2063/2063
f 2064/2064/2064 2020/2020/2020 2019/2019/2019
f 2019/2019/2019 2063/2063/2063 2064/2064/2064
f 2065/2065/2065 2021/2021/2021 2020/2020/2020
f 2020/2020/2020 2064/2064/2064 2065/2065/2065
f 2066/2066/2066 2022/2022/2022 2021/2021/2021
f 2021/2021/2021 2065/2065/2065 2066/2066/2066
f 2067/2067/2067 2023/2023/2023 2022/2022/2022
f 2022/2022/2022 2066/2066/2066 2067/2067/2067
f 2068/2068/2068 2024/2024/2024 2023/2023/2023
f 2023/2023/2023 2067/2067/2067 2068/2068/2068
f 2069/2069/2069 2025/2025/2025 2024/2024/2024
f 2024/2024/2024 2068/2068/2068 2069/2069/2069
f 2070/2070/2070 2026/2026/2026 2025/2025/2025
f 2025/2025/2025 2069/2069/2069 2070/2070/2070
f 2071/2071/2071 2027/2027/2027 2026/2026/2026
f 2026/2026/2026 2070/2070/2070 2071/2071/2071
f 2072/2072/2072 2028/2028/2028 2027/2027/2027
f 2027/2027/2027 2071/2071/2071 2072/2072/2072
f 2073/2073/2073 2029/2029/2029 2028/2028/2028
f 2028/2028/2028 2072/2072/2072 2073/2073/2073
f 2074/2074/2074 2030/2030/2030 2029/2029/2029
f 2029/2029/2029 2073/2073/2073 2074/2074/2074
f 2075/2075/2075 2031/2031/2031 2030/2030/2030
f 2030/2030/2030 2074/2074/2074 2075/2075/2075
f 2076/2076/2076 2032/2032/2032 2031/2031/2031
f 2031/2031/2031 2075/2075/2075 2076/2076/2076
f 2077/2077/2077 2033/2033/2033 2032/2032/2032
f 2032/2032/2032 2076/2076/2076 2077/2077/2077
f 2078/2078/2078 2034/2034/2034 2033/2033/2033
f 2033/2033/2033 2077/2077/2077 2078/2078/2078
f 2079/2079/2079 2035/2035/2035 2034/2034/2034
f 2034/2034/2034 2078/2078/2078 2079/2079/2079
f 2080/2080/2080 2036/2036/2036 2035/2035/2035
f 2035/2035/2035 2079/2079/2079 2080/2080/2080
f 2083/2083/2083 2039/2039/2039 2038/2038/2038
f 2038/2038/2038 2082/2082/2082 2083/2083/2083
f 2084/2084/2084 2040/2040/2040 2039/2039/2039
f 2039/2039/2039 2083/2083/2083 2084/2084/2084
f 2085/2085/2085 2041/2041/2041 2040/2040/2040
f 2040/2040/2040 2084/2084/2084 2085/2085/2085
f 2281/2281/2281 2086/2086/2086 2042/2042/2042
f 2041/2041/2041 2085/2085/2085 2281/2281/2281
f 2042/2042/2042 2041/2041/2041 2281/2281/2281
f 2286/2286/2286 2087/2087/2087 2043/2043/2043
f 2042/2042/2042 2086/2086/2086 2286/2286/2286
f 2043/2043/2043 2042/2042/2042 2286/2286/2286
f 2290/2290/2290 2088/2088/2088 2277/2277/2277
f 2277/2277/2277 2044/2044/2044 2043/2043/2043
f 2043/2043/2043 2087/2087/2087 2290/2290/2290
f 2290/2290/2290 2277/2277/2277 2043/2043/2043
f 2089/2089/2089 2276/2276/2276 2278/2278/2278
f 2278/2278/2278 2275/2275/2275 2089/2089/2089
f 2276/2276/2276 2045/2045/2045 2271/2271/2271
f 2271/2271/2271 2278/2278/2278 2276/2276/2276
f 2278/2278/2278 2271/2271/2271 2044/2044/2044
f 2044/2044/2044 2277/2277/2277 2278/2278/2278
f 2275/2275/2275 2278/2278/2278 2277/2277/2277
f 2277/2277/2277 2088/2088/2088 2275/2275/2275
f 2276/2276/2276 2089/2089/2089 2297/2297/2297
f 2297/2297/2297 2090/2090/2090 2046/2046/2046
f 2046/2046/2046 2045/2045/2045 2276/2276/2276
f 2276/2276/2276 2297/2297/2297 2046/2046/2046
f 2301/2301/2301 2091/2091/2091 2047/2047/2047
f 2046/2046/2046 2090/2090/2090 2301/2301/2301
f 2047/2047/2047 2046/2046/2046 2301/2301/2301
f 2092/2092/2092 2048/2048/2048 2047/2047/2047
f 2047/2047/2047 2091/2091/2091 2092/2092/2092
f 2093/2093/2093 2049/2049/2049 2048/2048/2048
f 2048/2048/2048 2092/2092/2092 2093/2093/2093
f 2094/2094/2094 2050/2050/2050 2049/2049/2049
f 2049/2049/2049 2093/2093/2093 2094/2094/2094
f 2095/2095/2095 2051/2051/2051 2050/2050/2050
f 2050/2050/2050 2094/2094/2094 2095/2095/2095
f 2096/2096/2096 2052/2052/2052 2051/2051/2051
f 2051/2051/2051 2095/2095/2095 2096/2096/2096
f 2097/2097/2097 2053/2053/2053 2052/2052/2052
f 2052/2052/2052 2096/2096/2096 2097/2097/2097
f 2098/2098/2098 2054/2054/2054 2053/2053/2053
f 2053/2053/2053 2097/2097/2097 2098/2098/2098
f 2099/2099/2099 2055/2055/2055 2054/2054/2054
f 2054/2054/2054 2098/2098/2098 2099/2099/2099
f 2100/2100/2100 2056/2056/2056 2055/2055/2055
f 2055/2055/2055 2099/2099/2099 2100/2100/2100
f 2101/2101/2101 2057/2057/2057 2056/2056/2056
f 2056/2056/2056 2100/2100/2100 2101/2101/2101
f 2102/2102/2102 2058/2058/2058 2057/2057/2057
f 2057/2057/2057 2101/2101/2101 2102/2102/2102
f 2103/2103/2103 2059/2059/2059 2058/2058/2058
f 2058/2058/2058 2102/2102/2102 2103/2103/2103
f 2104/2104/2104 2060/2060/2060 2059/2059/2059
f 2059/2059/2059 2103/2103/2103 2104/2104/2104
f 2105/2105/2105 2061/2061/2061 2060/2060/2060
f 2060/2060/2060 2104/2104/2104 2105/2105/2105
f 2106/2106/2106 2062/2062/2062 2061/2061/2061
f 2061/2061/2061 2105/2105/2105 2106/2106/2106
f 2107/2107/2107 2063/2063/2063 2062/2062/2062
f 2062/2062/2062 2106/2106/2106 2107/2107/2107
f 2108/2108/2108 2064/2064/2064 2063/2063/2063
f 2063/2063/2063 2107/2107/2107 2108/2108/2108
f 2109/2109/2109 2065/2065/2065 2064/2064/2064
f 2064/2064/2064 2108/2108/2108 2109/2109/2109
f 2110/2110/2110 2066/2066/2066 2065/2065/2065
f 2065/2065/2065 2109/2109/2109 2110/2110/2110
f 2111/2111/2111 2067/2067/2067 2066/2066/2066
f 2066/2066/2066 2110/2110/2110 2111/2111/2111
f 2112/2112/2112 2068/2068/2068 2067/2067/2067
f 2067/2067/2067 2111/2111/2111 2112/2112/2112
f 2113/2113/2113 2069/2069/2069 2068/2068/2068
f 2068/2068/2068 2112/2112/2112 2113/2113/2113
f 2114/2114/2114 2070/2070/2070 2069/2069/2069
f 2069/2069/2069 2113/2113/2113 2114/2114/2114
f 2115/2115/2115 2071/2071/2071 2070/2070/2070
f 2070/2070/2070 2114/2114/2114 2115/2115/2115
f 2116/2116/2116 2072/2072/2072 2071/2071/2071
f 2071/2071/2071 2115/2115/2115 2116/2116/2116
f 2117/2117/2117 2073/2073/2073 2072/2072/2072
f 2072/2072/2072 2116/2116/2116 2117/2117/2117
f 2118/2118/2118 2074/2074/2074 2073/2073/2073
f 2073/2073/2073 2117/2117/2117 2118/2118/2118
f 2119/2119/2119 2075/2075/2075 2074/2074/2074
f 2074/2074/2074 2118/2118/2118 2119/2119/2119
f 2120/2120/2120 2076/2076/2076 2075/2075/2075
f 2075/2075/2075 2119/2119/2119 2120/2120/2120
f 2121/2121/2121 2077/2077/2077 2076/2076/2076
f 2076/2076/2076 2120/2120/2120 2121/2121/2121
f 2122/2122/2122 2078/2078/2078 2077/2077/2077
f 2077/2077/2077 2121/2121/2121 2122/2122/2122
f 2123/2123/2123 2079/2079/2079 2078/2078/2078
f 2078/2078/2078 2122/2122/2122 2123/2123/2123
f 2124/2124/2124 2080/2080/2080 2079/2079/2079
f 2079/2079/2079 2123/2123/2123 2124/2124/2124
f 2127/2127/2127 2083/2083/2083 2082/2082/2082
f 2082/2082/2082 2126/2126/2126 2127/2127/2127
f 2128/2128/2128 2084/2084/2084 2083/2083/2083
f 2083/2083/2083 2127/2127/2127 2128/2128/2128
f 2282/2282/2282 2085/2085/2085 2084/2084/2084
f 2128/2128/2128 2129/2129/2129 2282/2282/2282
f 2084/2084/2084 2128/2128/2128 2282/2282/2282
f 2130/2130/2130 2280/2280/2280 2283/2283/2283
f 2283/2283/2283 2279/2279/2279 2130/2130/2130
f 2280/2280/2280 2086/2086/2086 2281/2281/2281
f 2281/2281/2281 2283/2283/2283 2280/2280/2280
f 2283/2283/2283 2281/2281/2281 2085/2085/2085
f 2085/2085/2085 2282/2282/2282 2283/2283/2283
f 2279/2279/2279 2283/2283/2283 2282/2282/2282
f 2282/2282/2282 2129/2129/2129 2279/2279/2279
f 2131/2131/2131 2285/2285/2285 2287/2287/2287
f 2287/2287/2287 2284/2284/2284 2131/2131/2131
f 2285/2285/2285 2087/2087/2087 2286/2286/2286
f 2286/2286/2286 2287/2287/2287 2285/2285/2285
f 2287/2287/2287 2286/2286/2286 2086/2086/2086
f 2086/2086/2086 2280/2280/2280 2287/2287/2287
f 2284/2284/2284 2287/2287/2287 2280/2280/2280
f 2280/2280/2280 2130/2130/2130 2284/2284/2284
f 2132/2132/2132 2289/2289/2289 2291/2291/2291
f 2291/2291/2291 2288/2288/2288 2132/2132/2132
f 2289/2289/2289 2088/2088/2088 2290/2290/2290
f 2290/2290/2290 2291/2291/2291 2289/2289/2289
f 2291/2291/2291 2290/2290/2290 2087/2087/2087
f 2087/2087/2087 2285/2285/2285 2291/2291/2291
f 2288/2288/2288 2291/2291/2291 2285/2285/2285
f 2285/2285/2285 2131/2131/2131 2288/2288/2288
f 2133/2133/2133 2293/2293/2293 2294/2294/2294
f 2294/2294/2294 2292/2292/2292 2133/2133/2133
f 2293/2293/2293 2089/2089/2089 2275/2275/2275
f 2275/2275/2275 2294/2294/2294 2293/2293/2293
f 2294/2294/2294 2275/2275/2275 2088/2088/2088
f 2088/2088/2088 2289/2289/2289 2294/2294/2294
f 2292/2292/2292 2294/2294/2294 2289/2289/2289
f 2289/2289/2289 2132/2132/2132 2292/2292/2292
f 2134/2134/2134 2296/2296/2296 2298/2298/2298
f 2298/2298/2298 2295/2295/2295 2134/2134/2134
f 2296/2296/2296 2090/2090/2090 2297/2297/2297
f 2297/2297/2297 2298/2298/2298 2296/2296/2296
f 2298/2298/2298 2297/2297/2297 2089/2089/2089
f 2089/2089/2089 2293/2293/2293 2298/2298/2298
f 2295/2295/2295 2298/2298/2298 2293/2293/2293
f 2293/2293/2293 2133/2133/2133 2295/2295/2295
f 2135/2135/2135 2300/2300/2300 2302/2302/2302
f 2302/2302/2302 2299/2299/2299 2135/2135/2135
f 2300/2300/2300 2091/2091/2091 2301/2301/2301
f 2301/2301/2301 2302/2302/2302 2300/2300/2300
f 2302/2302/2302 2301/2301/2301 2090/2090/2090
f 2090/2090/2090 2296/2296/2296 2302/2302/2302
f 2299/2299/2299 2302/2302/2302 2296/2296/2296
f 2296/2296/2296 2134/2134/2134 2299/2299/2299
f 2300/2300/2300 2135/2135/2135 2324/2324/2324
f 2324/2324/2324 2136/2136/2136 2092/2092/2092
f 2092/2092/2092 2091/2091/2091 2300/2300/2300
f 2300/2300/2300 2324/2324/2324 2092/2092/2092
f 2137/2137/2137 2093/2093/2093 2092/2092/2092
f 2092/2092/2092 2136/2136/2136 2137/2137/2137
f 2138/2138/2138 2094/2094/2094 2093/2093/2093
f 2093/2093/2093 2137/2137/2137 2138/2138/2138
f 2139/2139/2139 2095/2095/2095 2094/2094/2094
f 2094/2094/2094 2138/2138/2138 2139/2139/2139
f 2140/2140/2140 2096/2096/2096 2095/2095/2095
f 2095/2095/2095 2139/2139/2139 2140/2140/2140
f 2141/2141/2141 2097/2097/2097 2096/2096/2096
f 2096/2096/2096 2140/2140/2140 2141/2141/2141
f 2142/2142/2142 2098/2098/2098 2097/2097/2097
f 2097/2097/2097 2141/2141/2141 2142/2142/2142
f 2143/2143/2143 2099/2099/2099 2098/2098/2098
f 2098/2098/2098 2142/2142/2142 2143/2143/2143
f 2144/2144/2144 2100/2100/2100 2099/2099/2099
f 2099/2099/2099 2143/2143/2143 2144/2144/2144
f 2145/2145/2145 2101/2101/2101 2100/2100/2100
f 2100/2100/2100 2144/2144/2144 2145/2145/2145
f 2146/2146/2146 2102/2102/2102 2101/2101/2101
f 2101/2101/2101 2145/2145/2145 2146/2146/2146
f 2147/2147/2147 2103/2103/2103 2102/2102/2102
f 2102/2102/2102 2146/2146/2146 2147/2147/2147
f 2148/2148/2148 2104/2104/2104 2103/2103/2103
f 2103/2103/2103 2147/2147/2147 2148/2148/2148
f 2149/2149/2149 2105/2105/2105 2104/2104/2104
f 2104/2104/2104 2148/2148/2148 2149/2149/2149
f 2150/2150/2150 2106/2106/2106 2105/2105/2105
f 2105/2105/2105 2149/2149/2149 2150/2150/2150
f 2151/2151/2151 2107/2107/2107 2106/2106/2106
f 2106/2106/2106 2150/2150/2150 2151/2151/2151
f 2152/2152/2152 2108/2108/2108 2107/2107/2107
f 2107/2107/2107 2151/2151/2151 2152/2152/2152
f 2153/2153/2153 2109/2109/2109 2108/2108/2108
f 2108/2108/2108 2152/2152/2152 2153/2153/2153
f 2154/2154/2154 2110/2110/2110 2109/2109/2109
f 2109/2109/2109 2153/2153/2153 2154/2154/2154
f 2155/2155/2155 2111/2111/2111 2110/2110/2110
f 2110/2110/2110 2154/2154/2154 2155/2155/2155
f 2156/2156/2156 2112/2112/2112 2111/2111/2111
f 2111/2111/2111 2155/2155/2155 2156/2156/2156
f 2157/2157/2157 2113/2113/2113 2112/2112/2112
f 2112/2112/2112 2156/2156/2156 2157/2157/2157
f 2158/2158/2158 2114/2114/2114 2113/2113/2113
f 2113/2113/2113 2157/2157/2157 2158/2158/2158
f 2159/2159/2159 2115/2115/2115 2114/2114/2114
f 2114/2114/2114 2158/2158/2158 2159/2159/2159
f 2160/2160/2160 2116/2116/2116 2115/2115/2115
f 2115/2115/2115 2159/2159/2159 2160/2160/2160
f 2161/2161/2161 2117/2117/2117 2116/2116/2116
f 2116/2116/2116 2160/2160/2160 2161/2161/2161
f 2162/2162/2162 2118/2118/2118 2117/2117/2117
f 2117/2117/2117 2161/2161/2161 2162/2162/2162
f 2163/2163/2163 2119/2119/2119 2118/2118/2118
f 2118/2118/2118 2162/2162/2162 2163/2163/2163
f 2164/2164/2164 2120/2120/2120 2119/2119/2119
f 2119/2119/2119 2163/2163/2163 2164/2164/2164
f 2165/2165/2165 2121/2121/2121 2120/2120/2120
f 2120/2120/2120 2164/2164/2164 2165/2165/2165
f 2166/2166/2166 2122/2122/2122 2121/2121/2121
f 2121/2121/2121 2165/2165/2165 2166/2166/2166
f 2167/2167/2167 2123/2123/2123 2122/2122/2122
f 2122/2122/2122 2166/2166/2166 2167/2167/2167
f 2168/2168/2168 2124/2124/2124 2123/2123/2123
f 2123/2123/2123 2167/2167/2167 2168/2168/2168
f 2171/2171/2171 2127/2127/2127 2126/2126/2126
f 2126/2126/2126 2170/2170/2170 2171/2171/2171
f 2172/2172/2172 2128/2128/2128 2127/2127/2127
f 2127/2127/2127 2171/2171/2171 2172/2172/2172
f 2305/2305/2305 2129/2129/2129 2128/2128/2128
f 2172/2172/2172 2173/2173/2173 2305/2305/2305
f 2128/2128/2128 2172/2172/2172 2305/2305/2305
f 2174/2174/2174 2304/2304/2304 2306/2306/2306
f 2306/2306/2306 2303/2303/2303 2174/2174/2174
f 2304/2304/2304 2130/2130/2130 2279/2279/2279
f 2279/2279/2279 2306/2306/2306 2304/2304/2304
f 2306/2306/2306 2279/2279/2279 2129/2129/2129
f 2129/2129/2129 2305/2305/2305 2306/2306/2306
f 2303/2303/2303 2306/2306/2306 2305/2305/2305
f 2305/2305/2305 2173/2173/2173 2303/2303/2303
f 2175/2175/2175 2308/2308/2308 2309/2309/2309
f 2309/2309/2309 2307/2307/2307 2175/2175/2175
f 2308/2308/2308 2131/2131/2131 2284/2284/2284
f 2284/2284/2284 2309/2309/2309 2308/2308/2308
f 2309/2309/2309 2284/2284/2284 2130/2130/2130
f 2130/2130/2130 2304/2304/2304 2309/2309/2309
f 2307/2307/2307 2309/2309/2309 2304/2304/2304
f 2304/2304/2304 2174/2174/2174 2307/2307/2307
f 2176/2176/2176 2311/2311/2311 2312/2312/2312
f 2312/2312/2312 2310/2310/2310 2176/2176/2176
f 2311/2311/2311 2132/2132/2132 2288/2288/2288
f 2288/2288/2288 2312/2312/2312 2311/2311/2311
f 2312/2312/2312 2288/2288/2288 2131/2131/2131
f 2131/2131/2131 2308/2308/2308 2312/2312/2312
f 2310/2310/2310 2312/2312/2312 2308/2308/2308
f 2308/2308/2308 2175/2175/2175 2310/2310/2310
f 2177/2177/2177 2314/2314/2314 2315/2315/2315
f 2315/2315/2315 2313/2313/2313 2177/2177/2177
f 2314/2314/2314 2133/2133/2133 2292/2292/2292
f 2292/2292/2292 2315/2315/2315 2314/2314/2314
f 2315/2315/2315 2292/2292/2292 2132/2132/2132
f 2132/2132/2132 2311/2311/2311 2315/2315/2315
f 2313/2313/2313 2315/2315/2315 2311/2311/2311
f 2311/2311/2311 2176/2176/2176 2313/2313/2313
f 2178/2178/2178 2317/2317/2317 2318/2318/2318
f 2318/2318/2318 2316/2316/2316 2178/2178/2178
f 2317/2317/2317 2134/2134/2134 2295/2295/2295
f 2295/2295/2295 2318/2318/2318 2317/2317/2317
f 2318/2318/2318 2295/2295/2295 2133/2133/2133
f 2133/2133/2133 2314/2314/2314 2318/2318/2318
f 2316/2316/2316 2318/2318/2318 2314/2314/2314
f 2314/2314/2314 2177/2177/2177 2316/2316/2316
f 2179/2179/2179 2320/2320/2320 2321/2321/2321
f 2321/2321/2321 2319/2319/2319 2179/2179/2179
f 2320/2320/2320 2135/2135/2135 2299/2299/2299
f 2299/2299/2299 2321/2321/2321 2320/2320/2320
f 2321/2321/2321 2299/2299/2299 2134/2134/2134
f 2134/2134/2134 2317/2317/2317 2321/2321/2321
f 2319/2319/2319 2321/2321/2321 2317/2317/2317
f 2317/2317/2317 2178/2178/2178 2319/2319/2319
f 2180/2180/2180 2323/2323/2323 2325/2325/2325
f 2325/2325/2325 2322/2322/2322 2180/2180/2180
f 2323/2323/2323 2136/2136/2136 2324/2324/2324
f 2324/2324/2324 2325/2325/2325 2323/2323/2323
f 2325/2325/2325 2324/2324/2324 2135/2135/2135
f 2135/2135/2135 2320/2320/2320 2325/2325/2325
f 2322/2322/2322 2325/2325/2325 2320/2320/2320
f 2320/2320/2320 2179/2179/2179 2322/2322/2322
f 2323/2323/2323 2180/2180/2180 2181/2181/2181
f 2137/2137/2137 2136/2136/2136 2323/2323/2323
f 2181/2181/2181 2137/2137/2137 2323/2323/2323
f 2182/2182/2182 2138/2138/2138 2137/2137/2137
f 2137/2137/2137 2181/2181/2181 2182/2182/2182
f 2183/2183/2183 2139/2139/2139 2138/2138/2138
f 2138/2138/2138 2182/2182/2182 2183/2183/2183
f 2184/2184/2184 2140/2140/2140 2139/2139/2139
f 2139/2139/2139 2183/2183/2183 2184/2184/2184
f 2185/2185/2185 2141/2141/2141 2140/2140/2140
f 2140/2140/2140 2184/2184/2184 2185/2185/2185
f 2186/2186/2186 2142/2142/2142 2141/2141/2141
f 2141/2141/2141 2185/2185/2185 2186/2186/2186
f 2187/2187/2187 2143/2143/2143 2142/2142/2142
f 2142/2142/2142 2186/2186/2186 2187/2187/2187
f 2188/2188/2188 2144/2144/2144 2143/2143/2143
f 2143/2143/2143 2187/2187/2187 2188/2188/2188
f 2189/2189/2189 2145/2145/2145 2144/2144/2144
f 2144/2144/2144 2188/2188/2188 2189/2189/2189
f 2190/2190/2190 2146/2146/2146 2145/2145/2145
f 2145/2145/2145 2189/2189/2189 2190/2190/2190
f 2191/2191/2191 2147/2147/2147 2146/2146/2146
f 2146/2146/2146 2190/2190/2190 2191/2191/2191
f 2192/2192/2192 2148/2148/2148 2147/2147/2147
f 2147/2147/2147 2191/2191/2191 2192/2192/2192
f 2193/2193/2193 2149/2149/2149 2148/2148/2148
f 2148/2148/2148 2192/2192/2192 2193/2193/2193
f 2194/2194/2194 2150/2150/2150 2149/2149/2149
f 2149/2149/2149 2193/2193/2193 2194/2194/2194
f 2195/2195/2195 2151/2151/2151 2150/2150/2150
f 2150/2150/2150 2194/2194/2194 2195/2195/2195
f 2196/2196/2196 2152/2152/2152 2151/2151/2151
f 2151/2151/2151 2195/2195/2195 2196/2196/2196
f 2197/2197/2197 2153/2153/2153 2152/2152/2152
f 2152/2152/2152 2196/2196/2196 2197/2197/2197
f 2198/2198/2198 2154/2154/2154 2153/2153/2153
f 2153/2153/2153 2197/2197/2197 2198/2198/2198
f 2199/2199/2199 2155/2155/2155 2154/2154/2154
f 2154/2154/2154 2198/2198/2198 2199/2199/2199
f 2200/2200/2200 2156/2156/2156 2155/2155/2155
f 2155/2155/2155 2199/2199/2199 2200/2200/2200
f 2201/2201/2201 2157/2157/2157 2156/2156/2156
f 2156/2156/2156 2200/2200/2200 2201/2201/2201
f 2202/2202/2202 2158/2158/2158 2157/2157/2157
f 2157/2157/2157 2201/2201/2201 2202/2202/2202
f 2203/2203/2203 2159/2159/2159 2158/2158/2158
f 2158/2158/2158 2202/2202/2202 2203/2203/2203
f 2204/2204/2204 2160/2160/2160 2159/2159/2159
f 2159/2159/2159 2203/2203/2203 2204/2204/2204
f 2205/2205/2205 2161/2161/2161 2160/2160/2160
f 2160/2160/2160 2204/2204/2204 2205/2205/2205
f 2342/2342/2342 2206/2206/2206 2162/2162/2162
f 2161/2161/2161 2205/2205/2205 2342/2342/2342
f 2162/2162/2162 2161/2161/2161 2342/2342/2342
f 2207/2207/2207 2163/2163/2163 2162/2162/2162
f 2162/2162/2162 2206/2206/2206 2207/2207/2207
f 2208/2208/2208 2164/2164/2164 2163/2163/2163
f 2163/2163/2163 2207/2207/2207 2208/2208/2208
f 2209/2209/2209 2165/2165/2165 2164/2164/2164
f 2164/2164/2164 2208/2208/2208 2209/2209/2209
f 2210/2210/2210 2166/2166/2166 2165/2165/2165
f 2165/2165/2165 2209/2209/2209 2210/2210/2210
f 2211/2211/2211 2167/2167/2167 2166/2166/2166
f 2166/2166/2166 2210/2210/2210 2211/2211/2211
f 2212/2212/2212 2168/2168/2168 2167/2167/2167
f 2167/2167/2167 2211/2211/2211 2212/2212/2212
f 2326/2326/2326 2174/2174/2174 2303/2303/2303
f 2303/2303/2303 2328/2328/2328 2326/2326/2326
f 2328/2328/2328 2303/2303/2303 2173/2173/2173
f 2173/2173/2173 2327/2327/2327 2328/2328/2328
f 2329/2329/2329 2175/2175/2175 2307/2307/2307
f 2307/2307/2307 2330/2330/2330 2329/2329/2329
f 2330/2330/2330 2307/2307/2307 2174/2174/2174
f 2174/2174/2174 2326/2326/2326 2330/2330/2330
f 2331/2331/2331 2176/2176/2176 2310/2310/2310
f 2310/2310/2310 2332/2332/2332 2331/2331/2331
f 2332/2332/2332 2310/2310/2310 2175/2175/2175
f 2175/2175/2175 2329/2329/2329 2332/2332/2332
f 2333/2333/2333 2177/2177/2177 2313/2313/2313
f 2313/2313/2313 2334/2334/2334 2333/2333/2333
f 2334/2334/2334 2313/2313/2313 2176/2176/2176
f 2176/2176/2176 2331/2331/2331 2334/2334/2334
f 2335/2335/2335 2178/2178/2178 2316/2316/2316
f 2316/2316/2316 2336/2336/2336 2335/2335/2335
f 2336/2336/2336 2316/2316/2316 2177/2177/2177
f 2177/2177/2177 2333/2333/2333 2336/2336/2336
f 2337/2337/2337 2179/2179/2179 2319/2319/2319
f 2319/2319/2319 2338/2338/2338 2337/2337/2337
f 2338/2338/2338 2319/2319/2319 2178/2178/2178
f 2178/2178/2178 2335/2335/2335 2338/2338/2338
f 2339/2339/2339 2180/2180/2180 2322/2322/2322
f 2322/2322/2322 2340/2340/2340 2339/2339/2339
f 2340/2340/2340 2322/2322/2322 2179/2179/2179
f 2179/2179/2179 2337/2337/2337 2340/2340/2340
f 2341/2341/2341 2206/2206/2206 2342/2342/2342
f 2342/2342/2342 2344/2344/2344 2341/2341/2341
f 2344/2344/2344 2342/2342/2342 2205/2205/2205
f 2205/2205/2205 2343/2343/2343 2344/2344/2344
f 2518/2518/2518 2516/2516/2516 2212/2212/2212
f 2212/2212/2212 2517/2517/2517 2518/2518/2518
f 2522/2522/2522 2421/2421/2421 1901/1901/1901
f 2522/2522/2522 2419/2419/2419 2420/2420/2420
f 2420/2420/2420 2421/2421/2421 2522/2522/2522
f 1908/1908/1908 2417/2417/2417 2418/2418/2418
f 2218/2218/2218 2415/2415/2415 2416/2416/2416
f 2218/2218/2218 2414/2414/2414 2415/2415/2415
f 2416/2416/2416 2417/2417/2417 1908/1908/1908
f 2418/2418/2418 2419/2419/2419 1907/1907/1907
f 2412/2412/2412 2413/2413/2413 2217/2217/2217
f 2217/2217/2217 2222/2222/2222 2412/2412/2412
f 1902/1902/1902 2411/2411/2411 2225/2225/2225
f 2225/2225/2225 2224/2224/2224 1902/1902/1902
f 2410/2410/2410 1902/1902/1902 2224/2224/2224
f 2224/2224/2224 2228/2228/2228 2410/2410/2410
f 2411/2411/2411 2412/2412/2412 2221/2221/2221
f 2221/2221/2221 2225/2225/2225 2411/2411/2411
f 2408/2408/2408 2409/2409/2409 2227/2227/2227
f 2227/2227/2227 2231/2231/2231 2408/2408/2408
f 2406/2406/2406 2407/2407/2407 2234/2234/2234
f 2234/2234/2234 2233/2233/2233 2406/2406/2406
f 2405/2405/2405 2406/2406/2406 2233/2233/2233
f 2233/2233/2233 2237/2237/2237 2405/2405/2405
f 2407/2407/2407 2408/2408/2408 2231/2231/2231
f 2231/2231/2231 2230/2230/2230 2407/2407/2407
f 2409/2409/2409 2410/2410/2410 2228/2228/2228
f 2228/2228/2228 2227/2227/2227 2409/2409/2409
f 2413/2413/2413 2414/2414/2414 2219/2219/2219
f 2219/2219/2219 2217/2217/2217 2413/2413/2413
f 2236/2236/2236 2403/2403/2403 2404/2404/2404
f 2401/2401/2401 2402/2402/2402 1917/1917/1917
f 1917/1917/1917 1918/1918/1918 2401/2401/2401
f 2402/2402/2402 2403/2403/2403 1917/1917/1917
f 1919/1919/1919 2399/2399/2399 2400/2400/2400
f 1920/1920/1920 2397/2397/2397 2398/2398/2398
f 2396/2396/2396 2397/2397/2397 1920/1920/1920
f 1920/1920/1920 1921/1921/1921 2396/2396/2396
f 2398/2398/2398 2399/2399/2399 1919/1919/1919
f 2400/2400/2400 2401/2401/2401 1918/1918/1918
f 1922/1922/1922 2394/2394/2394 2395/2395/2395
f 1923/1923/1923 2392/2392/2392 2393/2393/2393
f 1924/1924/1924 2391/2391/2391 2392/2392/2392
f 2393/2393/2393 2394/2394/2394 1923/1923/1923
f 1924/1924/1924 2389/2389/2389 2390/2390/2390
f 1925/1925/1925 2387/2387/2387 2388/2388/2388
f 2387/2387/2387 1926/1926/1926 2386/2386/2386
f 2388/2388/2388 2389/2389/2389 1925/1925/1925
f 2390/2390/2390 2391/2391/2391 1924/1924/1924
f 2395/2395/2395 2396/2396/2396 1921/1921/1921
f 1921/1921/1921 1922/1922/1922 2395/2395/2395
f 2404/2404/2404 2405/2405/2405 2237/2237/2237
f 2237/2237/2237 2236/2236/2236 2404/2404/2404
f 1906/1906/1906 2522/2522/2522 1905/1905/1905
f 1901/1901/1901 1905/1905/1905 2522/2522/2522
f 2522/2522/2522 1906/1906/1906 1907/1907/1907
f 1906/1906/1906 1905/1905/1905 1949/1949/1949
f 1949/1949/1949 1950/1950/1950 1906/1906/1906
f 2218/2218/2218 2416/2416/2416 1908/1908/1908
f 2218/2218/2218 2219/2219/2219 2414/2414/2414
f 2222/2222/2222 2221/2221/2221 2412/2412/2412
f 1908/1908/1908 2418/2418/2418 1907/1907/1907
f 1950/1950/1950 1949/1949/1949 1993/1993/1993
f 1993/1993/1993 1994/1994/1994 1950/1950/1950
f 2037/2037/2037 2038/2038/2038 1994/1994/1994
f 1994/1994/1994 1993/1993/1993 2037/2037/2037
f 2081/2081/2081 2082/2082/2082 2038/2038/2038
f 2038/2038/2038 2037/2037/2037 2081/2081/2081
f 2218/2218/2218 1908/1908/1908 1909/1909/1909
f 2230/2230/2230 2234/2234/2234 2407/2407/2407
f 2236/2236/2236 1916/1916/1916 1917/1917/1917
f 1918/1918/1918 1919/1919/1919 2400/2400/2400
f 1919/1919/1919 1920/1920/1920 2398/2398/2398
f 1923/1923/1923 1924/1924/1924 2392/2392/2392
f 1924/1924/1924 1925/1925/1925 2389/2389/2389
f 1922/1922/1922 1923/1923/1923 2394/2394/2394
f 1917/1917/1917 2403/2403/2403 2236/2236/2236
f 2522/2522/2522 1907/1907/1907 2419/2419/2419
f 1925/1925/1925 1926/1926/1926 2387/2387/2387
f 1926/1926/1926 2384/2384/2384 2385/2385/2385
f 1927/1927/1927 2382/2382/2382 2383/2383/2383
f 2383/2383/2383 2384/2384/2384 1927/1927/1927
f 1928/1928/1928 2380/2380/2380 2381/2381/2381
f 1929/1929/1929 2378/2378/2378 2379/2379/2379
f 1929/1929/1929 2377/2377/2377 2378/2378/2378
f 2379/2379/2379 2380/2380/2380 1928/1928/1928
f 2381/2381/2381 2382/2382/2382 1927/1927/1927
f 1930/1930/1930 2375/2375/2375 2376/2376/2376
f 1931/1931/1931 1903/1903/1903 2374/2374/2374
f 1931/1931/1931 2373/2373/2373 1903/1903/1903
f 2374/2374/2374 2375/2375/2375 1930/1930/1930
f 1932/1932/1932 2371/2371/2371 2372/2372/2372
f 1933/1933/1933 2369/2369/2369 2370/2370/2370
f 1934/1934/1934 2368/2368/2368 2369/2369/2369
f 2370/2370/2370 2371/2371/2371 1933/1933/1933
f 2372/2372/2372 2373/2373/2373 1932/1932/1932
f 2376/2376/2376 2377/2377/2377 1930/1930/1930
f 1934/1934/1934 2366/2366/2366 2367/2367/2367
f 1935/1935/1935 2364/2364/2364 2365/2365/2365
f 1936/1936/1936 2363/2363/2363 2364/2364/2364
f 2365/2365/2365 2366/2366/2366 1935/1935/1935
f 1937/1937/1937 2361/2361/2361 2362/2362/2362
f 2359/2359/2359 2360/2360/2360 1937/1937/1937
f 1937/1937/1937 1938/1938/1938 2359/2359/2359
f 2358/2358/2358 2359/2359/2359 1938/1938/1938
f 1938/1938/1938 1939/1939/1939 2358/2358/2358
f 2360/2360/2360 2361/2361/2361 1937/1937/1937
f 2362/2362/2362 2363/2363/2363 1936/1936/1936
f 2356/2356/2356 2357/2357/2357 1940/1940/1940
f 1940/1940/1940 1941/1941/1941 2356/2356/2356
f 1942/1942/1942 2354/2354/2354 2355/2355/2355
f 2353/2353/2353 2354/2354/2354 1942/1942/1942
f 1942/1942/1942 1943/1943/1943 2353/2353/2353
f 2355/2355/2355 2356/2356/2356 1941/1941/1941
f 2351/2351/2351 2352/2352/2352 1944/1944/1944
f 1944/1944/1944 1945/1945/1945 2351/2351/2351
f 1946/1946/1946 2349/2349/2349 2350/2350/2350
f 1947/1947/1947 2348/2348/2348 2349/2349/2349
f 2350/2350/2350 2351/2351/2351 1945/1945/1945
f 1945/1945/1945 1946/1946/1946 2350/2350/2350
f 2352/2352/2352 2353/2353/2353 1943/1943/1943
f 1943/1943/1943 1944/1944/1944 2352/2352/2352
f 2357/2357/2357 2358/2358/2358 1939/1939/1939
f 1939/1939/1939 1940/1940/1940 2357/2357/2357
f 2367/2367/2367 2368/2368/2368 1934/1934/1934
f 1927/1927/1927 1928/1928/1928 2381/2381/2381
f 1929/1929/1929 1930/1930/1930 2377/2377/2377
f 1928/1928/1928 1929/1929/1929 2379/2379/2379
f 1931/1931/1931 1932/1932/1932 2373/2373/2373
f 1933/1933/1933 1934/1934/1934 2369/2369/2369
f 1934/1934/1934 1935/1935/1935 2366/2366/2366
f 1932/1932/1932 1933/1933/1933 2371/2371/2371
f 1930/1930/1930 1931/1931/1931 2374/2374/2374
f 1936/1936/1936 1937/1937/1937 2362/2362/2362
f 1941/1941/1941 1942/1942/1942 2355/2355/2355
f 1935/1935/1935 1936/1936/1936 2364/2364/2364
f 2347/2347/2347 2520/2520/2520 2346/2346/2346
f 1946/1946/1946 1947/1947/1947 2349/2349/2349
f 1947/1947/1947 2520/2520/2520 2348/2348/2348
f 2520/2520/2520 2347/2347/2347 2348/2348/2348
f 2521/2521/2521 1904/1904/1904 2345/2345/2345
f 2515/2515/2515 2521/2521/2521 2519/2519/2519
f 1904/1904/1904 2521/2521/2521 2515/2515/2515
f 2520/2520/2520 2521/2521/2521 2345/2345/2345
f 2345/2345/2345 2346/2346/2346 2520/2520/2520
f 1948/1948/1948 2520/2520/2520 1947/1947/1947
f 2519/2519/2519 1948/1948/1948 1992/1992/1992
f 2036/2036/2036 2080/2080/2080 2512/2512/2512
f 2512/2512/2512 2513/2513/2513 2036/2036/2036
f 2080/2080/2080 2124/2124/2124 2511/2511/2511
f 2511/2511/2511 2512/2512/2512 2080/2080/2080
f 1992/1992/1992 2036/2036/2036 2513/2513/2513
f 2513/2513/2513 2514/2514/2514 1992/1992/1992
f 2515/2515/2515 2519/2519/2519 2514/2514/2514
f 2514/2514/2514 2519/2519/2519 1992/1992/1992
f 2124/2124/2124 2168/2168/2168 2510/2510/2510
f 2510/2510/2510 2511/2511/2511 2124/2124/2124
f 1926/1926/1926 1927/1927/1927 2384/2384/2384
f 1926/1926/1926 2385/2385/2385 2386/2386/2386
f 2082/2082/2082 2081/2081/2081 2125/2125/2125
f 2125/2125/2125 2126/2126/2126 2082/2082/2082
f 2126/2126/2126 2125/2125/2125 2169/2169/2169
f 2169/2169/2169 2170/2170/2170 2126/2126/2126
f 2170/2170/2170 2523/2523/2523 2171/2171/2171
f 2172/2172/2172 2427/2427/2427 2327/2327/2327
f 2172/2172/2172 2327/2327/2327 2173/2173/2173
f 2328/2328/2328 2327/2327/2327 2429/2429/2429
f 2429/2429/2429 2430/2430/2430 2328/2328/2328
f 2172/2172/2172 2171/2171/2171 2425/2425/2425
f 2425/2425/2425 2426/2426/2426 2172/2172/2172
f 2523/2523/2523 2170/2170/2170 2169/2169/2169
f 2330/2330/2330 2326/2326/2326 2431/2431/2431
f 2431/2431/2431 2432/2432/2432 2330/2330/2330
f 2422/2422/2422 2523/2523/2523 2213/2213/2213
f 2169/2169/2169 2213/2213/2213 2523/2523/2523
f 2326/2326/2326 2328/2328/2328 2430/2430/2430
f 2430/2430/2430 2431/2431/2431 2326/2326/2326
f 2424/2424/2424 2171/2171/2171 2523/2523/2523
f 2432/2432/2432 2329/2329/2329 2330/2330/2330
f 2329/2329/2329 2433/2433/2433 2332/2332/2332
f 2334/2334/2334 2331/2331/2331 2214/2214/2214
f 2214/2214/2214 2434/2434/2434 2334/2334/2334
f 2333/2333/2333 2334/2334/2334 2434/2434/2434
f 2434/2434/2434 2435/2435/2435 2333/2333/2333
f 2331/2331/2331 2332/2332/2332 2433/2433/2433
f 2433/2433/2433 2214/2214/2214 2331/2331/2331
f 2336/2336/2336 2333/2333/2333 2435/2435/2435
f 2435/2435/2435 2436/2436/2436 2336/2336/2336
f 2339/2339/2339 2181/2181/2181 2180/2180/2180
f 2183/2183/2183 2182/2182/2182 2444/2444/2444
f 2444/2444/2444 2445/2445/2445 2183/2183/2183
f 2182/2182/2182 2181/2181/2181 2442/2442/2442
f 2442/2442/2442 2443/2443/2443 2182/2182/2182
f 2185/2185/2185 2184/2184/2184 2447/2447/2447
f 2447/2447/2447 2448/2448/2448 2185/2185/2185
f 2187/2187/2187 2186/2186/2186 2450/2450/2450
f 2450/2450/2450 2451/2451/2451 2187/2187/2187
f 2188/2188/2188 2187/2187/2187 2451/2451/2451
f 2451/2451/2451 2452/2452/2452 2188/2188/2188
f 2186/2186/2186 2185/2185/2185 2448/2448/2448
f 2448/2448/2448 2449/2449/2449 2186/2186/2186
f 2184/2184/2184 2183/2183/2183 2445/2445/2445
f 2445/2445/2445 2446/2446/2446 2184/2184/2184
f 2336/2336/2336 2436/2436/2436 2335/2335/2335
f 2337/2337/2337 2338/2338/2338 2437/2437/2437
f 2437/2437/2437 2438/2438/2438 2337/2337/2337
f 2340/2340/2340 2337/2337/2337 2438/2438/2438
f 2438/2438/2438 2439/2439/2439 2340/2340/2340
f 2437/2437/2437 2338/2338/2338 2335/2335/2335
f 2190/2190/2190 2189/2189/2189 2454/2454/2454
f 2454/2454/2454 2455/2455/2455 2190/2190/2190
f 2192/2192/2192 2191/2191/2191 2459/2459/2459
f 2459/2459/2459 2460/2460/2460 2192/2192/2192
f 2191/2191/2191 2190/2190/2190 2457/2457/2457
f 2457/2457/2457 2458/2458/2458 2191/2191/2191
f 2441/2441/2441 2181/2181/2181 2339/2339/2339
f 2189/2189/2189 2188/2188/2188 2452/2452/2452
f 2452/2452/2452 2453/2453/2453 2189/2189/2189
f 2339/2339/2339 2340/2340/2340 2439/2439/2439
f 2439/2439/2439 2440/2440/2440 2339/2339/2339
f 2423/2423/2423 2523/2523/2523 2422/2422/2422
f 2523/2523/2523 2423/2423/2423 2424/2424/2424
f 2171/2171/2171 2424/2424/2424 2425/2425/2425
f 2327/2327/2327 2427/2427/2427 2428/2428/2428
f 2327/2327/2327 2428/2428/2428 2429/2429/2429
f 2172/2172/2172 2426/2426/2426 2427/2427/2427
f 2329/2329/2329 2432/2432/2432 2433/2433/2433
f 2335/2335/2335 2436/2436/2436 2437/2437/2437
f 2181/2181/2181 2441/2441/2441 2442/2442/2442
f 2182/2182/2182 2443/2443/2443 2444/2444/2444
f 2184/2184/2184 2446/2446/2446 2447/2447/2447
f 2186/2186/2186 2449/2449/2449 2450/2450/2450
f 2189/2189/2189 2453/2453/2453 2454/2454/2454
f 2190/2190/2190 2456/2456/2456 2457/2457/2457
f 2191/2191/2191 2458/2458/2458 2459/2459/2459
f 2190/2190/2190 2455/2455/2455 2456/2456/2456
f 2339/2339/2339 2440/2440/2440 2441/2441/2441
f 2461/2461/2461 2192/2192/2192 2460/2460/2460
f 2194/2194/2194 2193/2193/2193 2464/2464/2464
f 2464/2464/2464 2465/2465/2465 2194/2194/2194
f 2196/2196/2196 2195/2195/2195 2469/2469/2469
f 2469/2469/2469 2470/2470/2470 2196/2196/2196
f 2195/2195/2195 2194/2194/2194 2466/2466/2466
f 2466/2466/2466 2467/2467/2467 2195/2195/2195
f 2198/2198/2198 2197/2197/2197 2473/2473/2473
f 2473/2473/2473 2474/2474/2474 2198/2198/2198
f 2200/2200/2200 2199/2199/2199 2477/2477/2477
f 2477/2477/2477 2478/2478/2478 2200/2200/2200
f 2201/2201/2201 2200/2200/2200 2479/2479/2479
f 2479/2479/2479 2480/2480/2480 2201/2201/2201
f 2199/2199/2199 2198/2198/2198 2475/2475/2475
f 2475/2475/2475 2476/2476/2476 2199/2199/2199
f 2197/2197/2197 2196/2196/2196 2471/2471/2471
f 2471/2471/2471 2472/2472/2472 2197/2197/2197
f 2193/2193/2193 2192/2192/2192 2462/2462/2462
f 2462/2462/2462 2463/2463/2463 2193/2193/2193
f 2193/2193/2193 2463/2463/2463 2464/2464/2464
f 2195/2195/2195 2468/2468/2468 2469/2469/2469
f 2195/2195/2195 2467/2467/2467 2468/2468/2468
f 2194/2194/2194 2465/2465/2465 2466/2466/2466
f 2462/2462/2462 2192/2192/2192 2461/2461/2461
f 2202/2202/2202 2201/2201/2201 2482/2482/2482
f 2482/2482/2482 2483/2483/2483 2202/2202/2202
f 2204/2204/2204 2203/2203/2203 2486/2486/2486
f 2486/2486/2486 2487/2487/2487 2204/2204/2204
f 2343/2343/2343 2205/2205/2205 2204/2204/2204
f 2343/2343/2343 2204/2204/2204 2489/2489/2489
f 2168/2168/2168 2516/2516/2516 2510/2510/2510
f 2208/2208/2208 2207/2207/2207 2496/2496/2496
f 2496/2496/2496 2497/2497/2497 2208/2208/2208
f 2209/2209/2209 2208/2208/2208 2499/2499/2499
f 2499/2499/2499 2500/2500/2500 2209/2209/2209
f 2207/2207/2207 2206/2206/2206 2341/2341/2341
f 2211/2211/2211 2505/2505/2505 2517/2517/2517
f 2344/2344/2344 2343/2343/2343 2491/2491/2491
f 2491/2491/2491 2492/2492/2492 2344/2344/2344
f 2341/2341/2341 2344/2344/2344 2492/2492/2492
f 2492/2492/2492 2493/2493/2493 2341/2341/2341
f 2210/2210/2210 2209/2209/2209 2501/2501/2501
f 2501/2501/2501 2502/2502/2502 2210/2210/2210
f 2211/2211/2211 2210/2210/2210 2503/2503/2503
f 2503/2503/2503 2504/2504/2504 2211/2211/2211
f 2168/2168/2168 2212/2212/2212 2516/2516/2516
f 2509/2509/2509 2516/2516/2516 2518/2518/2518
f 2518/2518/2518 2517/2517/2517 2507/2507/2507
f 2507/2507/2507 2508/2508/2508 2518/2518/2518
f 2215/2215/2215 2509/2509/2509 2518/2518/2518
f 2517/2517/2517 2212/2212/2212 2211/2211/2211
f 2510/2510/2510 2516/2516/2516 2509/2509/2509
f 2495/2495/2495 2207/2207/2207 2341/2341/2341
f 2203/2203/2203 2202/2202/2202 2484/2484/2484
f 2484/2484/2484 2485/2485/2485 2203/2203/2203
f 2471/2471/2471 2196/2196/2196 2470/2470/2470
f 2197/2197/2197 2472/2472/2472 2473/2473/2473
f 2200/2200/2200 2478/2478/2478 2479/2479/2479
f 2199/2199/2199 2476/2476/2476 2477/2477/2477
f 2198/2198/2198 2474/2474/2474 2475/2475/2475
f 2201/2201/2201 2480/2480/2480 2481/2481/2481
f 2202/2202/2202 2483/2483/2483 2484/2484/2484
f 2201/2201/2201 2481/2481/2481 2482/2482/2482
f 2203/2203/2203 2485/2485/2485 2486/2486/2486
f 2204/2204/2204 2487/2487/2487 2488/2488/2488
f 2204/2204/2204 2488/2488/2488 2489/2489/2489
f 2343/2343/2343 2490/2490/2490 2491/2491/2491
f 2341/2341/2341 2493/2493/2493 2494/2494/2494
f 2207/2207/2207 2495/2495/2495 2496/2496/2496
f 2208/2208/2208 2497/2497/2497 2498/2498/2498
f 2208/2208/2208 2498/2498/2498 2499/2499/2499
f 2341/2341/2341 2494/2494/2494 2495/2495/2495
f 2209/2209/2209 2500/2500/2500 2501/2501/2501
f 2210/2210/2210 2502/2502/2502 2503/2503/2503
f 2517/2517/2517 2505/2505/2505 2506/2506/2506
f 2518/2518/2518 2508/2508/2508 2215/2215/2215
f 2517/2517/2517 2506/2506/2506 2507/2507/2507
f 2211/2211/2211 2504/2504/2504 2505/2505/2505
f 2343/2343/2343 2489/2489/2489 2490/2490/2490
f 2633/2633/2633 2631/2631/2631 2634/2634/2634
f 2637/2637/2637 2635/2635/2635 2629/2629/2629
f 2629/2629/2629 2636/2636/2636 2637/2637/2637
f 2644/2644/2644 2631/2631/2631 2636/2636/2636
f 2636/2636/2636 2629/2629/2629 2628/2628/2628
f 2628/2628/2628 2630/2630/2630 2644/2644/2644
f 2644/2644/2644 2636/2636/2636 2628/2628/2628
f 2634/2634/2634 2631/2631/2631 2644/2644/2644
f 2646/2646/2646 2632/2632/2632 2634/2634/2634
f 2644/2644/2644 2646/2646/2646 2634/2634/2634
f 2646/2646/2646 2644/2644/2644 2630/2630/2630
f 2630/2630/2630 2645/2645/2645 2646/2646/2646
f 2643/2643/2643 2646/2646/2646 2645/2645/2645
f 2645/2645/2645 2625/2625/2625 2643/2643/2643
f 2640/2640/2640 2638/2638/2638 2626/2626/2626
f 2626/2626/2626 2639/2639/2639 2640/2640/2640
f 2629/2629/2629 2640/2640/2640 2639/2639/2639
f 2639/2639/2639 2628/2628/2628 2629/2629/2629
f 2648/2648/2648 2628/2628/2628 2639/2639/2639
f 2639/2639/2639 2626/2626/2626 2557/2557/2557
f 2557/2557/2557 2627/2627/2627 2648/2648/2648
f 2648/2648/2648 2639/2639/2639 2557/2557/2557
f 2645/2645/2645 2630/2630/2630 2650/2650/2650
f 2647/2647/2647 2625/2625/2625 2645/2645/2645
f 2650/2650/2650 2647/2647/2647 2645/2645/2645
f 2630/2630/2630 2628/2628/2628 2648/2648/2648
f 2648/2648/2648 2650/2650/2650 2630/2630/2630
f 2650/2650/2650 2648/2648/2648 2627/2627/2627
f 2627/2627/2627 2649/2649/2649 2650/2650/2650
f 2647/2647/2647 2650/2650/2650 2649/2649/2649
f 2649/2649/2649 2624/2624/2624 2647/2647/2647
f 2649/2649/2649 2627/2627/2627 2654/2654/2654
f 2651/2651/2651 2624/2624/2624 2649/2649/2649
f 2654/2654/2654 2651/2651/2651 2649/2649/2649
f 2627/2627/2627 2557/2557/2557 2652/2652/2652
f 2652/2652/2652 2654/2654/2654 2627/2627/2627
f 2654/2654/2654 2652/2652/2652 2556/2556/2556
f 2556/2556/2556 2653/2653/2653 2654/2654/2654
f 2651/2651/2651 2654/2654/2654 2653/2653/2653
f 2653/2653/2653 2587/2587/2587 2651/2651/2651
f 2642/2642/2642 2560/2560/2560 2559/2559/2559
f 2559/2559/2559 2641/2641/2641 2642/2642/2642
f 2626/2626/2626 2642/2642/2642 2641/2641/2641
f 2641/2641/2641 2557/2557/2557 2626/2626/2626
f 2559/2559/2559 2561/2561/2561 2564/2564/2564
f 2564/2564/2564 2562/2562/2562 2559/2559/2559
f 2562/2562/2562 2564/2564/2564 2563/2563/2563
f 2563/2563/2563 2558/2558/2558 2562/2562/2562
f 2652/2652/2652 2641/2641/2641 2562/2562/2562
f 2562/2562/2562 2584/2584/2584 2652/2652/2652
f 2652/2652/2652 2557/2557/2557 2641/2641/2641
f 2641/2641/2641 2559/2559/2559 2562/2562/2562
f 2562/2562/2562 2558/2558/2558 2584/2584/2584
f 2584/2584/2584 2556/2556/2556 2652/2652/2652
f 2556/2556/2556 2584/2584/2584 2586/2586/2586
f 2586/2586/2586 2583/2583/2583 2556/2556/2556
f 2584/2584/2584 2558/2558/2558 2567/2567/2567
f 2567/2567/2567 2586/2586/2586 2584/2584/2584
f 2579/2579/2579 2566/2566/2566 2585/2585/2585
f 2586/2586/2586 2567/2567/2567 2579/2579/2579
f 2585/2585/2585 2586/2586/2586 2579/2579/2579
f 2583/2583/2583 2586/2586/2586 2585/2585/2585
f 2585/2585/2585 2565/2565/2565 2583/2583/2583
f 2580/2580/2580 2567/2567/2567 2558/2558/2558
f 2563/2563/2563 2569/2569/2569 2580/2580/2580
f 2558/2558/2558 2563/2563/2563 2580/2580/2580
f 2576/2576/2576 2570/2570/2570 2569/2569/2569
f 2571/2571/2571 2572/2572/2572 2576/2576/2576
f 2569/2569/2569 2571/2571/2571 2576/2576/2576
f 2570/2570/2570 2576/2576/2576 2578/2578/2578
f 2578/2578/2578 2575/2575/2575 2570/2570/2570
f 2576/2576/2576 2572/2572/2572 2574/2574/2574
f 2574/2574/2574 2578/2578/2578 2576/2576/2576
f 2575/2575/2575 2578/2578/2578 2577/2577/2577
f 2577/2577/2577 2568/2568/2568 2575/2575/2575
f 2567/2567/2567 2580/2580/2580 2582/2582/2582
f 2582/2582/2582 2579/2579/2579 2567/2567/2567
f 2580/2580/2580 2569/2569/2569 2570/2570/2570
f 2570/2570/2570 2582/2582/2582 2580/2580/2580
f 2575/2575/2575 2568/2568/2568 2581/2581/2581
f 2582/2582/2582 2570/2570/2570 2575/2575/2575
f 2581/2581/2581 2582/2582/2582 2575/2575/2575
f 2579/2579/2579 2582/2582/2582 2581/2581/2581
f 2581/2581/2581 2566/2566/2566 2579/2579/2579
f 2566/2566/2566 2581/2581/2581 2591/2591/2591
f 2591/2591/2591 2590/2590/2590 2566/2566/2566
f 2591/2591/2591 2581/2581/2581 2568/2568/2568
f 2573/2573/2573 2590/2590/2590 2591/2591/2591
f 2589/2589/2589 2568/2568/2568 2577/2577/2577
f 2594/2594/2594 2577/2577/2577 2595/2595/2595
f 2565/2565/2565 2585/2585/2585 2593/2593/2593
f 2593/2593/2593 2592/2592/2592 2565/2565/2565
f 2590/2590/2590 2573/2573/2573 2593/2593/2593
f 2585/2585/2585 2566/2566/2566 2590/2590/2590
f 2593/2593/2593 2585/2585/2585 2590/2590/2590
f 2653/2653/2653 2556/2556/2556 2583/2583/2583
f 2583/2583/2583 2565/2565/2565 2588/2588/2588
f 2588/2588/2588 2587/2587/2587 2653/2653/2653
f 2653/2653/2653 2583/2583/2583 2588/2588/2588
f 2539/2539/2539 2540/2540/2540 2595/2595/2595
f 2541/2541/2541 2594/2594/2594 2540/2540/2540
f 2594/2594/2594 2542/2542/2542 2543/2543/2543
f 2589/2589/2589 2594/2594/2594 2543/2543/2543
f 2541/2541/2541 2542/2542/2542 2594/2594/2594
f 2594/2594/2594 2595/2595/2595 2540/2540/2540
f 2595/2595/2595 2574/2574/2574 2536/2536/2536
f 2537/2537/2537 2595/2595/2595 2536/2536/2536
f 2535/2535/2535 2536/2536/2536 2574/2574/2574
f 2538/2538/2538 2539/2539/2539 2595/2595/2595
f 2578/2578/2578 2574/2574/2574 2595/2595/2595
f 2537/2537/2537 2538/2538/2538 2595/2595/2595
f 2577/2577/2577 2578/2578/2578 2595/2595/2595
f 2594/2594/2594 2589/2589/2589 2577/2577/2577
f 2573/2573/2573 2547/2547/2547 2548/2548/2548
f 2549/2549/2549 2573/2573/2573 2548/2548/2548
f 2573/2573/2573 2591/2591/2591 2547/2547/2547
f 2593/2593/2593 2549/2549/2549 2550/2550/2550
f 2573/2573/2573 2549/2549/2549 2593/2593/2593
f 2589/2589/2589 2543/2543/2543 2544/2544/2544
f 2545/2545/2545 2589/2589/2589 2544/2544/2544
f 2589/2589/2589 2546/2546/2546 2591/2591/2591
f 2547/2547/2547 2591/2591/2591 2546/2546/2546
f 2591/2591/2591 2568/2568/2568 2589/2589/2589
f 2545/2545/2545 2546/2546/2546 2589/2589/2589
f 2533/2533/2533 2571/2571/2571 2532/2532/2532
f 2534/2534/2534 2571/2571/2571 2533/2533/2533
f 2534/2534/2534 2572/2572/2572 2571/2571/2571
f 2572/2572/2572 2535/2535/2535 2574/2574/2574
f 2563/2563/2563 2532/2532/2532 2571/2571/2571
f 2535/2535/2535 2572/2572/2572 2534/2534/2534
f 2563/2563/2563 2531/2531/2531 2532/2532/2532
f 2529/2529/2529 2530/2530/2530 2564/2564/2564
f 2531/2531/2531 2563/2563/2563 2530/2530/2530
f 2528/2528/2528 2529/2529/2529 2564/2564/2564
f 2561/2561/2561 2527/2527/2527 2528/2528/2528
f 2526/2526/2526 2527/2527/2527 2561/2561/2561
f 2571/2571/2571 2569/2569/2569 2563/2563/2563
f 2530/2530/2530 2563/2563/2563 2564/2564/2564
f 2525/2525/2525 2561/2561/2561 2559/2559/2559
f 2524/2524/2524 2525/2525/2525 2559/2559/2559
f 2526/2526/2526 2561/2561/2561 2525/2525/2525
f 2528/2528/2528 2564/2564/2564 2561/2561/2561
f 2622/2622/2622 2623/2623/2623 2560/2560/2560
f 2524/2524/2524 2560/2560/2560 2623/2623/2623
f 2621/2621/2621 2560/2560/2560 2642/2642/2642
f 2559/2559/2559 2560/2560/2560 2524/2524/2524
f 2642/2642/2642 2620/2620/2620 2621/2621/2621
f 2638/2638/2638 2620/2620/2620 2642/2642/2642
f 2622/2622/2622 2560/2560/2560 2621/2621/2621
f 2592/2592/2592 2593/2593/2593 2550/2550/2550
f 2552/2552/2552 2592/2592/2592 2551/2551/2551
f 2588/2588/2588 2565/2565/2565 2592/2592/2592
f 2592/2592/2592 2553/2553/2553 2588/2588/2588
f 2554/2554/2554 2588/2588/2588 2553/2553/2553
f 2552/2552/2552 2553/2553/2553 2592/2592/2592
f 2602/2602/2602 2624/2624/2624 2651/2651/2651
f 2603/2603/2603 2647/2647/2647 2624/2624/2624
f 2651/2651/2651 2587/2587/2587 2600/2600/2600
f 2587/2587/2587 2588/2588/2588 2597/2597/2597
f 2642/2642/2642 2626/2626/2626 2638/2638/2638
f 2588/2588/2588 2555/2555/2555 2596/2596/2596
f 2597/2597/2597 2588/2588/2588 2596/2596/2596
f 2599/2599/2599 2587/2587/2587 2598/2598/2598
f 2598/2598/2598 2587/2587/2587 2597/2597/2597
f 2587/2587/2587 2599/2599/2599 2600/2600/2600
f 2643/2643/2643 2625/2625/2625 2604/2604/2604
f 2604/2604/2604 2625/2625/2625 2647/2647/2647
f 2605/2605/2605 2643/2643/2643 2604/2604/2604
f 2603/2603/2603 2624/2624/2624 2602/2602/2602
f 2604/2604/2604 2647/2647/2647 2603/2603/2603
f 2602/2602/2602 2651/2651/2651 2601/2601/2601
f 2651/2651/2651 2600/2600/2600 2601/2601/2601
f 2554/2554/2554 2555/2555/2555 2588/2588/2588
f 2606/2606/2606 2646/2646/2646 2643/2643/2643
f 2640/2640/2640 2618/2618/2618 2638/2638/2638
f 2635/2635/2635 2640/2640/2640 2629/2629/2629
f 2613/2613/2613 2614/2614/2614 2637/2637/2637
f 2615/2615/2615 2635/2635/2635 2637/2637/2637
f 2635/2635/2635 2616/2616/2616 2640/2640/2640
f 2618/2618/2618 2640/2640/2640 2617/2617/2617
f 2638/2638/2638 2618/2618/2618 2619/2619/2619
f 2616/2616/2616 2617/2617/2617 2640/2640/2640
f 2616/2616/2616 2635/2635/2635 2615/2615/2615
f 2615/2615/2615 2637/2637/2637 2614/2614/2614
f 2613/2613/2613 2637/2637/2637 2636/2636/2636
f 2638/2638/2638 2619/2619/2619 2620/2620/2620
f 2632/2632/2632 2608/2608/2608 2634/2634/2634
f 2607/2607/2607 2632/2632/2632 2606/2606/2606
f 2606/2606/2606 2632/2632/2632 2646/2646/2646
f 2632/2632/2632 2607/2607/2607 2608/2608/2608
f 2612/2612/2612 2613/2613/2613 2633/2633/2633
f 2633/2633/2633 2613/2613/2613 2636/2636/2636
f 2611/2611/2611 2612/2612/2612 2633/2633/2633
f 2634/2634/2634 2610/2610/2610 2633/2633/2633
f 2610/2610/2610 2611/2611/2611 2633/2633/2633
f 2634/2634/2634 2609/2609/2609 2610/2610/2610
f 2609/2609/2609 2634/2634/2634 2608/2608/2608
f 2631/2631/2631 2633/2633/2633 2636/2636/2636
f 2606/2606/2606 2643/2643/2643 2605/2605/2605
f 2592/2592/2592 2550/2550/2550 2551/2551/2551

