mtllib material.mtl
usemtl ??_(1)
v 0.26049300 0.00059100 0.22699900
v 0.26049300 0.00059100 0.22251700
v 0.26042100 0.00200100 0.22251700
v 0.26027200 0.00340400 0.22251700
v 0.26027200 0.00340400 0.22363800
v 0.26027200 0.00340400 0.22475800
v 0.26027200 0.00340400 0.22587900
v 0.26027200 0.00340400 0.22699900
v 0.26042100 0.00200100 0.22699900
v 0.26049300 0.00059100 0.22587900
v 0.26049300 0.00059100 0.22475800
v 0.26049300 0.00059100 0.22363800
v 0.26035200 0.00031800 0.22378900
v 0.26035200 0.00031800 0.22546100
v 0.26030000 -0.00000000 0.22378900
v 0.26030000 -0.00000000 0.22546100
v 0.26035200 -0.00031800 0.22378900
v 0.26035200 -0.00031800 0.22546100
v 0.26049300 0.00059100 0.22699900
v 0.26049300 0.00059100 0.22587900
v 0.26049300 0.00059100 0.22475800
v 0.26049300 0.00059100 0.22363800
v 0.26049300 0.00059100 0.22251700
v 0.26049300 -0.00059100 0.22251700
v 0.26049300 -0.00059100 0.22363800
v 0.26049300 -0.00059100 0.22475800
v 0.26049300 -0.00059100 0.22587900
v 0.26030000 -0.00000000 0.22211700
v 0.26030300 -0.00008100 0.22212400
v 0.26031300 -0.00016400 0.22214500
v 0.26033100 -0.00024800 0.22218200
v 0.26035800 -0.00033500 0.22223700
v 0.26039300 -0.00042200 0.22231100
v 0.26043900 -0.00050800 0.22240400
v 0.26035200 -0.00031800 0.22295300
v 0.26031300 -0.00016100 0.22378900
v 0.26030000 -0.00000000 0.22295300
v 0.26031300 -0.00016100 0.22295300
v 0.26031300 -0.00016100 0.22253500
v 0.26030300 -0.00008100 0.22295300
v 0.26030000 -0.00000000 0.22253500
v 0.26030300 -0.00008100 0.22253500
v 0.26031300 0.00016100 0.22378900
v 0.26035200 0.00031800 0.22295300
v 0.26031300 0.00016100 0.22295300
v 0.26030300 -0.00008100 0.22232600
v 0.26030100 -0.00004000 0.22253500
v 0.26030000 -0.00000000 0.22232600
v 0.26030100 -0.00004000 0.22232600
v 0.26030300 0.00008100 0.22295300
v 0.26031300 0.00016100 0.22253500
v 0.26030300 0.00008100 0.22253500
v 0.26030100 0.00004000 0.22253500
v 0.26030300 0.00008100 0.22232600
v 0.26030100 0.00004000 0.22232600
v 0.26035200 -0.00031800 0.22253500
v 0.26032900 -0.00024000 0.22295300
v 0.26032900 -0.00024000 0.22253500
v 0.26041200 -0.00046000 0.22378900
v 0.26041200 -0.00046000 0.22295300
v 0.26032900 -0.00024000 0.22232600
v 0.26032000 -0.00020100 0.22253500
v 0.26031300 -0.00016100 0.22232600
v 0.26032000 -0.00020100 0.22232600
v 0.26035200 -0.00031800 0.22232600
v 0.26034000 -0.00028000 0.22253500
v 0.26034000 -0.00028000 0.22232600
v 0.26041200 -0.00046000 0.22253500
v 0.26037900 -0.00039000 0.22295300
v 0.26037900 -0.00039000 0.22253500
v 0.26045000 -0.00052700 0.22295300
v 0.26045000 -0.00052700 0.22253500
v 0.26043900 0.00050800 0.22240400
v 0.26039300 0.00042200 0.22231100
v 0.26035800 0.00033500 0.22223700
v 0.26033100 0.00024800 0.22218200
v 0.26031300 0.00016300 0.22214500
v 0.26030300 0.00008100 0.22212400
v 0.26041200 0.00046000 0.22378900
v 0.26041200 0.00046000 0.22295300
v 0.26041200 0.00046000 0.22253500
v 0.26045000 0.00052700 0.22295300
v 0.26045000 0.00052700 0.22253500
v 0.26035200 0.00031800 0.22253500
v 0.26037900 0.00039000 0.22295300
v 0.26037900 0.00039000 0.22253500
v 0.26032900 0.00024000 0.22295300
v 0.26032900 0.00024000 0.22253500
v 0.26032900 0.00024000 0.22232600
v 0.26034000 0.00027900 0.22253500
v 0.26035200 0.00031800 0.22232600
v 0.26034000 0.00027900 0.22232600
v 0.26031300 0.00016100 0.22232600
v 0.26032000 0.00020100 0.22253500
v 0.26032000 0.00020100 0.22232600
v 0.26030700 0.00012100 0.22253500
v 0.26030700 0.00012100 0.22232600
v 0.26030000 -0.00000000 0.22713200
v 0.26034900 0.00030900 0.22709900
v 0.26030000 -0.00000000 0.22629700
v 0.26035200 0.00031800 0.22629700
v 0.26031300 0.00016100 0.22546100
v 0.26031300 0.00016100 0.22629700
v 0.26035200 -0.00031800 0.22629700
v 0.26031300 -0.00016100 0.22546100
v 0.26031300 -0.00016100 0.22629700
v 0.26041200 0.00046000 0.22546100
v 0.26041200 0.00046000 0.22629700
v 0.26049300 -0.00059100 0.22699900
v 0.26034900 -0.00030900 0.22709900
v 0.26041200 -0.00046000 0.22546100
v 0.26041200 -0.00046000 0.22629700
v 0.26049300 -0.00059100 0.22699900
v 0.26049300 -0.00059100 0.22251700
v 0.26049300 -0.00059100 0.22363800
v 0.26049300 -0.00059100 0.22475800
v 0.26049300 -0.00059100 0.22587900
v 0.26027200 -0.00340500 0.22251700
v 0.26042100 -0.00200100 0.22251700
v 0.26042100 -0.00200100 0.22699900
v 0.26027200 -0.00340500 0.22699900
v 0.26027200 -0.00340500 0.22587900
v 0.26027200 -0.00340500 0.22475800
v 0.26027200 -0.00340500 0.22363800
v 0.26008900 -0.00365200 0.22378100
v 0.26008900 -0.00365200 0.22545800
v 0.25998900 -0.00395800 0.22378100
v 0.25998900 -0.00395800 0.22545800
v 0.25999000 -0.00428000 0.22378100
v 0.25999000 -0.00428000 0.22545800
v 0.26027200 -0.00340500 0.22699900
v 0.26027200 -0.00340500 0.22587900
v 0.26027200 -0.00340500 0.22475800
v 0.26027200 -0.00340500 0.22363800
v 0.26027200 -0.00340500 0.22251700
v 0.26008700 -0.00457200 0.22251700
v 0.26008700 -0.00457200 0.22363800
v 0.26008700 -0.00457200 0.22475800
v 0.26008700 -0.00457200 0.22587900
v 0.26008700 -0.00457200 0.22699900
v 0.26007900 -0.00366500 0.22220800
v 0.26001800 -0.00380800 0.22213000
v 0.25998200 -0.00395700 0.22210400
v 0.25997000 -0.00411000 0.22213000
v 0.25998400 -0.00426400 0.22220700
v 0.25998900 -0.00395800 0.22294300
v 0.26002700 -0.00380100 0.22378100
v 0.26008900 -0.00365200 0.22294300
v 0.26002700 -0.00380100 0.22294300
v 0.26002700 -0.00380100 0.22252400
v 0.26005500 -0.00372500 0.22294300
v 0.26008900 -0.00365200 0.22252400
v 0.26005500 -0.00372500 0.22252400
v 0.26017100 -0.00352100 0.22378100
v 0.26017100 -0.00352100 0.22294300
v 0.25998900 -0.00395800 0.22252400
v 0.26000400 -0.00387900 0.22294300
v 0.26000400 -0.00387900 0.22252400
v 0.25999000 -0.00428000 0.22294300
v 0.25997600 -0.00411900 0.22378100
v 0.25997600 -0.00411900 0.22294300
v 0.25997600 -0.00411900 0.22252400
v 0.25997900 -0.00403800 0.22294300
v 0.25997900 -0.00403800 0.22252400
v 0.25999000 -0.00428000 0.22252400
v 0.25998000 -0.00420000 0.22294300
v 0.25998000 -0.00420000 0.22252400
v 0.26002700 -0.00443000 0.22378100
v 0.26002700 -0.00443000 0.22294300
v 0.25998900 -0.00426700 0.22709800
v 0.25999200 -0.00395400 0.22713000
v 0.26008800 -0.00365800 0.22709700
v 0.25999000 -0.00428000 0.22629600
v 0.26002700 -0.00443000 0.22545800
v 0.26002700 -0.00443000 0.22629600
v 0.25998900 -0.00395800 0.22629600
v 0.25997600 -0.00411900 0.22545800
v 0.25997600 -0.00411900 0.22629600
v 0.26008900 -0.00365200 0.22629600
v 0.26002700 -0.00380100 0.22545800
v 0.26002700 -0.00380100 0.22629600
v 0.26017100 -0.00352100 0.22545800
v 0.26017100 -0.00352100 0.22629600
v 0.25942800 -0.00731600 0.22251700
v 0.26008700 -0.00457200 0.22251700
v 0.26008700 -0.00457200 0.22363800
v 0.26008700 -0.00457200 0.22475800
v 0.26008700 -0.00457200 0.22587900
v 0.25979500 -0.00595300 0.22251700
v 0.26008700 -0.00457200 0.22699900
v 0.25979500 -0.00595300 0.22699900
v 0.25942800 -0.00731600 0.22699900
v 0.25942800 -0.00731600 0.22587900
v 0.25942800 -0.00731600 0.22475800
v 0.25942800 -0.00731600 0.22363800
v 0.25920900 -0.00753200 0.22378100
v 0.25920900 -0.00753200 0.22545800
v 0.25906200 -0.00781800 0.22378100
v 0.25906200 -0.00781800 0.22545800
v 0.25901300 -0.00813700 0.22378100
v 0.25901300 -0.00813700 0.22545800
v 0.25942800 -0.00731600 0.22699900
v 0.25942800 -0.00731600 0.22587900
v 0.25942800 -0.00731600 0.22475800
v 0.25942800 -0.00731600 0.22363800
v 0.25906300 -0.00844000 0.22251700
v 0.25906300 -0.00844000 0.22363800
v 0.25906300 -0.00844000 0.22475800
v 0.25906300 -0.00844000 0.22587900
v 0.25906300 -0.00844000 0.22699900
v 0.25942800 -0.00731600 0.22251700
v 0.25919700 -0.00754300 0.22220800
v 0.25911400 -0.00767400 0.22213000
v 0.25905500 -0.00781600 0.22210400
v 0.25902000 -0.00796500 0.22213000
v 0.25900900 -0.00812000 0.22220700
v 0.25906200 -0.00781800 0.22294300
v 0.25912400 -0.00766900 0.22378100
v 0.25920900 -0.00753200 0.22294300
v 0.25912400 -0.00766900 0.22294300
v 0.25912400 -0.00766900 0.22252400
v 0.25916400 -0.00759900 0.22294300
v 0.25920900 -0.00753200 0.22252400
v 0.25916400 -0.00759900 0.22252400
v 0.25931000 -0.00741600 0.22378100
v 0.25931000 -0.00741600 0.22294300
v 0.25906200 -0.00781800 0.22252400
v 0.25909000 -0.00774200 0.22294300
v 0.25909000 -0.00774200 0.22252400
v 0.25901300 -0.00813700 0.22294300
v 0.25902400 -0.00797500 0.22378100
v 0.25902400 -0.00797500 0.22294300
v 0.25902400 -0.00797500 0.22252400
v 0.25904000 -0.00789600 0.22294300
v 0.25904000 -0.00789600 0.22252400
v 0.25901300 -0.00813700 0.22252400
v 0.25901500 -0.00805600 0.22294300
v 0.25901500 -0.00805600 0.22252400
v 0.25902600 -0.00829000 0.22378100
v 0.25902600 -0.00829000 0.22294300
v 0.25901400 -0.00812300 0.22709800
v 0.25906500 -0.00781500 0.22713000
v 0.25920700 -0.00753700 0.22709700
v 0.25901300 -0.00813700 0.22629600
v 0.25902600 -0.00829000 0.22545800
v 0.25902600 -0.00829000 0.22629600
v 0.25906200 -0.00781800 0.22629600
v 0.25902400 -0.00797500 0.22545800
v 0.25902400 -0.00797500 0.22629600
v 0.25920900 -0.00753200 0.22629600
v 0.25912400 -0.00766900 0.22545800
v 0.25912400 -0.00766900 0.22629600
v 0.25931000 -0.00741600 0.22545800
v 0.25931000 -0.00741600 0.22629600
v 0.25798300 -0.01104700 0.22699900
v 0.25906300 -0.00844000 0.22699900
v 0.25906300 -0.00844000 0.22251700
v 0.25906300 -0.00844000 0.22363800
v 0.25906300 -0.00844000 0.22475800
v 0.25906300 -0.00844000 0.22587900
v 0.25798300 -0.01104700 0.22251700
v 0.25855900 -0.00975800 0.22251700
v 0.25855900 -0.00975800 0.22699900
v 0.25798300 -0.01104700 0.22587900
v 0.25798300 -0.01104700 0.22475800
v 0.25798300 -0.01104700 0.22363800
v 0.25773300 -0.01122700 0.22378100
v 0.25773300 -0.01122700 0.22545800
v 0.25754200 -0.01148600 0.22378100
v 0.25754200 -0.01148600 0.22545800
v 0.25744400 -0.01179300 0.22378100
v 0.25744400 -0.01179300 0.22545800
v 0.25798300 -0.01104700 0.22699900
v 0.25798300 -0.01104700 0.22587900
v 0.25798300 -0.01104700 0.22475800
v 0.25798300 -0.01104700 0.22363800
v 0.25798300 -0.01104700 0.22251700
v 0.25744600 -0.01210000 0.22251700
v 0.25744600 -0.01210000 0.22363800
v 0.25744600 -0.01210000 0.22475800
v 0.25744600 -0.01210000 0.22587900
v 0.25771900 -0.01123500 0.22220800
v 0.25761700 -0.01135200 0.22213000
v 0.25753600 -0.01148300 0.22210400
v 0.25747800 -0.01162500 0.22213000
v 0.25744300 -0.01177600 0.22220700
v 0.25754200 -0.01148600 0.22294300
v 0.25762700 -0.01134900 0.22378100
v 0.25773300 -0.01122700 0.22294300
v 0.25762700 -0.01134900 0.22294300
v 0.25762700 -0.01134900 0.22252400
v 0.25767700 -0.01128500 0.22294300
v 0.25773300 -0.01122700 0.22252400
v 0.25767700 -0.01128500 0.22252400
v 0.25785100 -0.01112700 0.22378100
v 0.25785100 -0.01112700 0.22294300
v 0.25754200 -0.01148600 0.22252400
v 0.25758200 -0.01141600 0.22294300
v 0.25758200 -0.01141600 0.22252400
v 0.25744400 -0.01179300 0.22294300
v 0.25748100 -0.01163600 0.22378100
v 0.25748100 -0.01163600 0.22294300
v 0.25748100 -0.01163600 0.22252400
v 0.25750900 -0.01156000 0.22294300
v 0.25750900 -0.01156000 0.22252400
v 0.25744400 -0.01179300 0.22252400
v 0.25745900 -0.01171400 0.22294300
v 0.25745900 -0.01171400 0.22252400
v 0.25743400 -0.01194700 0.22378100
v 0.25743400 -0.01194700 0.22294300
v 0.25744600 -0.01210000 0.22699900
v 0.25744700 -0.01178000 0.22709800
v 0.25754700 -0.01148300 0.22713000
v 0.25773000 -0.01123100 0.22709700
v 0.25744400 -0.01179300 0.22629600
v 0.25743400 -0.01194700 0.22545800
v 0.25743400 -0.01194700 0.22629600
v 0.25754200 -0.01148600 0.22629600
v 0.25748100 -0.01163600 0.22545800
v 0.25748100 -0.01163600 0.22629600
v 0.25773300 -0.01122700 0.22629600
v 0.25762700 -0.01134900 0.22545800
v 0.25762700 -0.01134900 0.22629600
v 0.25785100 -0.01112700 0.22545800
v 0.25785100 -0.01112700 0.22629600
v 0.25744600 -0.01210000 0.22251700
v 0.25744600 -0.01210000 0.22363800
v 0.25744600 -0.01210000 0.22475800
v 0.25744600 -0.01210000 0.22587900
v 0.25597200 -0.01450700 0.22251700
v 0.25674200 -0.01332400 0.22251700
v 0.25744600 -0.01210000 0.22699900
v 0.25674200 -0.01332400 0.22699900
v 0.25597200 -0.01450700 0.22699900
v 0.25597200 -0.01450700 0.22587900
v 0.25597200 -0.01450700 0.22475800
v 0.25597200 -0.01450700 0.22363800
v 0.25569700 -0.01464500 0.22378100
v 0.25569700 -0.01464500 0.22545800
v 0.25546800 -0.01487100 0.22378100
v 0.25546800 -0.01487100 0.22545800
v 0.25532300 -0.01515900 0.22378100
v 0.25532300 -0.01515900 0.22545800
v 0.25597200 -0.01450700 0.22699900
v 0.25597200 -0.01450700 0.22587900
v 0.25597200 -0.01450700 0.22475800
v 0.25597200 -0.01450700 0.22363800
v 0.25597200 -0.01450700 0.22251700
v 0.25527700 -0.01546200 0.22251700
v 0.25527700 -0.01546200 0.22363800
v 0.25527700 -0.01546200 0.22475800
v 0.25527700 -0.01546200 0.22587900
v 0.25527700 -0.01546200 0.22699900
v 0.25568200 -0.01465100 0.22220800
v 0.25556300 -0.01475000 0.22213000
v 0.25546300 -0.01486700 0.22210400
v 0.25538300 -0.01499800 0.22213000
v 0.25532500 -0.01514200 0.22220700
v 0.25546800 -0.01487100 0.22294300
v 0.25557300 -0.01474900 0.22378100
v 0.25569700 -0.01464500 0.22294300
v 0.25557300 -0.01474900 0.22294300
v 0.25557300 -0.01474900 0.22252400
v 0.25563300 -0.01469400 0.22294300
v 0.25569700 -0.01464500 0.22252400
v 0.25563300 -0.01469400 0.22252400
v 0.25582900 -0.01456500 0.22378100
v 0.25582900 -0.01456500 0.22294300
v 0.25546800 -0.01487100 0.22252400
v 0.25551800 -0.01480800 0.22294300
v 0.25551800 -0.01480800 0.22252400
v 0.25532300 -0.01515900 0.22294300
v 0.25538400 -0.01500900 0.22378100
v 0.25538400 -0.01500900 0.22294300
v 0.25538400 -0.01500900 0.22252400
v 0.25542300 -0.01493800 0.22294300
v 0.25542300 -0.01493800 0.22252400
v 0.25532300 -0.01515900 0.22252400
v 0.25535100 -0.01508300 0.22294300
v 0.25535100 -0.01508300 0.22252400
v 0.25528800 -0.01530900 0.22378100
v 0.25528800 -0.01530900 0.22294300
v 0.25532800 -0.01514600 0.22709800
v 0.25547300 -0.01486900 0.22713000
v 0.25569300 -0.01464900 0.22709700
v 0.25532300 -0.01515900 0.22629600
v 0.25528800 -0.01530900 0.22545800
v 0.25528800 -0.01530900 0.22629600
v 0.25546800 -0.01487100 0.22629600
v 0.25538400 -0.01500900 0.22545800
v 0.25538400 -0.01500900 0.22629600
v 0.25569700 -0.01464500 0.22629600
v 0.25557300 -0.01474900 0.22545800
v 0.25557300 -0.01474900 0.22629600
v 0.25582900 -0.01456500 0.22545800
v 0.25582900 -0.01456500 0.22629600
v 0.25344400 -0.01760900 0.22251700
v 0.25527700 -0.01546200 0.22699900
v 0.25527700 -0.01546200 0.22251700
v 0.25527700 -0.01546200 0.22363800
v 0.25527700 -0.01546200 0.22475800
v 0.25527700 -0.01546200 0.22587900
v 0.25439000 -0.01656100 0.22251700
v 0.25439000 -0.01656100 0.22699900
v 0.25344400 -0.01760900 0.22699900
v 0.25344400 -0.01760900 0.22587900
v 0.25344400 -0.01760900 0.22475800
v 0.25344400 -0.01760900 0.22363800
v 0.25315100 -0.01770200 0.22378100
v 0.25315100 -0.01770200 0.22545800
v 0.25289000 -0.01789000 0.22378100
v 0.25289000 -0.01789000 0.22545800
v 0.25270200 -0.01815200 0.22378100
v 0.25270200 -0.01815200 0.22545800
v 0.25344400 -0.01760900 0.22699900
v 0.25344400 -0.01760900 0.22587900
v 0.25344400 -0.01760900 0.22475800
v 0.25344400 -0.01760900 0.22363800
v 0.25344400 -0.01760900 0.22251700
v 0.25260900 -0.01844400 0.22251700
v 0.25260900 -0.01844400 0.22363800
v 0.25260900 -0.01844400 0.22475800
v 0.25260900 -0.01844400 0.22587900
v 0.25313500 -0.01770600 0.22220800
v 0.25300200 -0.01778600 0.22213000
v 0.25288500 -0.01788500 0.22210400
v 0.25278600 -0.01800200 0.22213000
v 0.25270600 -0.01813500 0.22220700
v 0.25289000 -0.01789000 0.22294300
v 0.25301300 -0.01778500 0.22378100
v 0.25315100 -0.01770200 0.22294300
v 0.25301300 -0.01778500 0.22294300
v 0.25301300 -0.01778500 0.22252400
v 0.25308000 -0.01774100 0.22294300
v 0.25315100 -0.01770200 0.22252400
v 0.25308000 -0.01774100 0.22252400
v 0.25329400 -0.01764400 0.22378100
v 0.25329400 -0.01764400 0.22294300
v 0.25289000 -0.01789000 0.22252400
v 0.25294900 -0.01783500 0.22294300
v 0.25294900 -0.01783500 0.22252400
v 0.25270200 -0.01815200 0.22294300
v 0.25278500 -0.01801300 0.22378100
v 0.25278500 -0.01801300 0.22294300
v 0.25278500 -0.01801300 0.22252400
v 0.25283500 -0.01794900 0.22294300
v 0.25283500 -0.01794900 0.22252400
v 0.25270200 -0.01815200 0.22252400
v 0.25274100 -0.01808100 0.22294300
v 0.25274100 -0.01808100 0.22252400
v 0.25264400 -0.01829400 0.22378100
v 0.25264400 -0.01829400 0.22294300
v 0.25260900 -0.01844400 0.22699900
v 0.25270900 -0.01814000 0.22709800
v 0.25289500 -0.01788800 0.22713000
v 0.25314700 -0.01770600 0.22709700
v 0.25270200 -0.01815200 0.22629600
v 0.25264400 -0.01829400 0.22545800
v 0.25264400 -0.01829400 0.22629600
v 0.25289000 -0.01789000 0.22629600
v 0.25278500 -0.01801300 0.22545800
v 0.25278500 -0.01801300 0.22629600
v 0.25315100 -0.01770200 0.22629600
v 0.25301300 -0.01778500 0.22545800
v 0.25301300 -0.01778500 0.22629600
v 0.25329400 -0.01764400 0.22545800
v 0.25329400 -0.01764400 0.22629600
v 0.25260900 -0.01844400 0.22699900
v 0.25260900 -0.01844400 0.22251700
v 0.25260900 -0.01844400 0.22363800
v 0.25260900 -0.01844400 0.22475800
v 0.25260900 -0.01844400 0.22587900
v 0.25046200 -0.02027700 0.22251700
v 0.25156100 -0.01939000 0.22251700
v 0.25156100 -0.01939000 0.22699900
v 0.25046200 -0.02027700 0.22699900
v 0.25046200 -0.02027700 0.22587900
v 0.25046200 -0.02027700 0.22475800
v 0.25046200 -0.02027700 0.22363800
v 0.25015800 -0.02032300 0.22378100
v 0.25015800 -0.02032300 0.22545800
v 0.24987100 -0.02046800 0.22378100
v 0.24987100 -0.02046800 0.22545800
v 0.24964400 -0.02069700 0.22378100
v 0.24964400 -0.02069700 0.22545800
v 0.25046200 -0.02027700 0.22699900
v 0.25046200 -0.02027700 0.22587900
v 0.25046200 -0.02027700 0.22475800
v 0.25046200 -0.02027700 0.22363800
v 0.24950700 -0.02097200 0.22251700
v 0.24950700 -0.02097200 0.22363800
v 0.24950700 -0.02097200 0.22475800
v 0.24950700 -0.02097200 0.22587900
v 0.24950700 -0.02097200 0.22699900
v 0.25046200 -0.02027700 0.22251700
v 0.25014200 -0.02032400 0.22220800
v 0.24999800 -0.02038300 0.22213000
v 0.24986700 -0.02046200 0.22210400
v 0.24975100 -0.02056200 0.22213000
v 0.24965100 -0.02068100 0.22220700
v 0.24987100 -0.02046800 0.22294300
v 0.25000900 -0.02038400 0.22378100
v 0.25015800 -0.02032300 0.22294300
v 0.25000900 -0.02038400 0.22294300
v 0.25000900 -0.02038400 0.22252400
v 0.25008200 -0.02035100 0.22294300
v 0.25015800 -0.02032300 0.22252400
v 0.25008200 -0.02035100 0.22252400
v 0.25030900 -0.02028900 0.22378100
v 0.25030900 -0.02028900 0.22294300
v 0.24987100 -0.02046800 0.22252400
v 0.24993800 -0.02042300 0.22294300
v 0.24993800 -0.02042300 0.22252400
v 0.24964400 -0.02069700 0.22294300
v 0.24974800 -0.02057300 0.22378100
v 0.24974800 -0.02057300 0.22294300
v 0.24974800 -0.02057300 0.22252400
v 0.24980700 -0.02051800 0.22294300
v 0.24980700 -0.02051800 0.22252400
v 0.24964400 -0.02069700 0.22252400
v 0.24969400 -0.02063300 0.22294300
v 0.24969400 -0.02063300 0.22252400
v 0.24956500 -0.02082900 0.22378100
v 0.24956500 -0.02082900 0.22294300
v 0.24965300 -0.02068700 0.22709800
v 0.24987600 -0.02046700 0.22713000
v 0.25015300 -0.02032600 0.22709700
v 0.24964400 -0.02069700 0.22629600
v 0.24956500 -0.02082900 0.22545800
v 0.24956500 -0.02082900 0.22629600
v 0.24987100 -0.02046800 0.22629600
v 0.24974800 -0.02057300 0.22545800
v 0.24974800 -0.02057300 0.22629600
v 0.25015800 -0.02032300 0.22629600
v 0.25000900 -0.02038400 0.22545800
v 0.25000900 -0.02038400 0.22629600
v 0.25030900 -0.02028900 0.22545800
v 0.25030900 -0.02028900 0.22629600
v 0.24950700 -0.02097200 0.22251700
v 0.24950700 -0.02097200 0.22363800
v 0.24950700 -0.02097200 0.22475800
v 0.24950700 -0.02097200 0.22587900
v 0.24710000 -0.02244600 0.22251700
v 0.24832400 -0.02174200 0.22251700
v 0.24950700 -0.02097200 0.22699900
v 0.24832400 -0.02174200 0.22699900
v 0.24710000 -0.02244600 0.22699900
v 0.24710000 -0.02244600 0.22587900
v 0.24710000 -0.02244600 0.22475800
v 0.24710000 -0.02244600 0.22363800
v 0.24679200 -0.02244400 0.22378100
v 0.24679200 -0.02244400 0.22545800
v 0.24648600 -0.02254200 0.22378100
v 0.24648600 -0.02254200 0.22545800
v 0.24622600 -0.02273300 0.22378100
v 0.24622600 -0.02273300 0.22545800
v 0.24710000 -0.02244600 0.22699900
v 0.24710000 -0.02244600 0.22587900
v 0.24710000 -0.02244600 0.22475800
v 0.24710000 -0.02244600 0.22363800
v 0.24710000 -0.02244600 0.22251700
v 0.24604700 -0.02298300 0.22251700
v 0.24604700 -0.02298300 0.22363800
v 0.24604700 -0.02298300 0.22475800
v 0.24604700 -0.02298300 0.22587900
v 0.24604700 -0.02298300 0.22699900
v 0.24677600 -0.02244300 0.22220800
v 0.24662500 -0.02247800 0.22213000
v 0.24648300 -0.02253600 0.22210400
v 0.24635200 -0.02261700 0.22213000
v 0.24623500 -0.02271900 0.22220700
v 0.24648600 -0.02254200 0.22294300
v 0.24663500 -0.02248100 0.22378100
v 0.24679200 -0.02244400 0.22294300
v 0.24663500 -0.02248100 0.22294300
v 0.24663500 -0.02248100 0.22252400
v 0.24671300 -0.02246000 0.22294300
v 0.24679200 -0.02244400 0.22252400
v 0.24671300 -0.02246000 0.22252400
v 0.24694600 -0.02243400 0.22378100
v 0.24694600 -0.02243400 0.22294300
v 0.24648600 -0.02254200 0.22252400
v 0.24655900 -0.02250900 0.22294300
v 0.24655900 -0.02250900 0.22252400
v 0.24622600 -0.02273300 0.22294300
v 0.24634800 -0.02262700 0.22378100
v 0.24634800 -0.02262700 0.22294300
v 0.24634800 -0.02262700 0.22252400
v 0.24641500 -0.02258200 0.22294300
v 0.24641500 -0.02258200 0.22252400
v 0.24622600 -0.02273300 0.22252400
v 0.24628500 -0.02267800 0.22294300
v 0.24628500 -0.02267800 0.22252400
v 0.24612700 -0.02285100 0.22378100
v 0.24612700 -0.02285100 0.22294300
v 0.24623600 -0.02272400 0.22709800
v 0.24649100 -0.02254300 0.22713000
v 0.24678700 -0.02244700 0.22709700
v 0.24622600 -0.02273300 0.22629600
v 0.24612700 -0.02285100 0.22545800
v 0.24612700 -0.02285100 0.22629600
v 0.24648600 -0.02254200 0.22629600
v 0.24634800 -0.02262700 0.22545800
v 0.24634800 -0.02262700 0.22629600
v 0.24679200 -0.02244400 0.22629600
v 0.24663500 -0.02248100 0.22545800
v 0.24663500 -0.02248100 0.22629600
v 0.24694600 -0.02243400 0.22545800
v 0.24694600 -0.02243400 0.22629600
v 0.24604700 -0.02298300 0.22699900
v 0.24604700 -0.02298300 0.22251700
v 0.24604700 -0.02298300 0.22363800
v 0.24604700 -0.02298300 0.22475800
v 0.24604700 -0.02298300 0.22587900
v 0.24344000 -0.02406300 0.22251700
v 0.24475800 -0.02355900 0.22251700
v 0.24475800 -0.02355900 0.22699900
v 0.24344000 -0.02406300 0.22699900
v 0.24344000 -0.02406300 0.22587900
v 0.24344000 -0.02406300 0.22475800
v 0.24344000 -0.02406300 0.22363800
v 0.24313600 -0.02401300 0.22378100
v 0.24313600 -0.02401300 0.22545800
v 0.24281800 -0.02406200 0.22378100
v 0.24281800 -0.02406200 0.22545800
v 0.24253200 -0.02420900 0.22378100
v 0.24253200 -0.02420900 0.22545800
v 0.24344000 -0.02406300 0.22699900
v 0.24344000 -0.02406300 0.22587900
v 0.24344000 -0.02406300 0.22475800
v 0.24344000 -0.02406300 0.22363800
v 0.24231600 -0.02442800 0.22251700
v 0.24231600 -0.02442800 0.22363800
v 0.24231600 -0.02442800 0.22475800
v 0.24231600 -0.02442800 0.22587900
v 0.24231600 -0.02442800 0.22699900
v 0.24344000 -0.02406300 0.22251700
v 0.24312000 -0.02400900 0.22220800
v 0.24296500 -0.02402000 0.22213000
v 0.24281600 -0.02405500 0.22210400
v 0.24267500 -0.02411400 0.22213000
v 0.24254300 -0.02419600 0.22220700
v 0.24281800 -0.02406200 0.22294300
v 0.24297500 -0.02402400 0.22378100
v 0.24313600 -0.02401300 0.22294300
v 0.24297500 -0.02402400 0.22294300
v 0.24297500 -0.02402400 0.22252400
v 0.24305500 -0.02401500 0.22294300
v 0.24313600 -0.02401300 0.22252400
v 0.24305500 -0.02401500 0.22252400
v 0.24329000 -0.02402600 0.22378100
v 0.24329000 -0.02402600 0.22294300
v 0.24281800 -0.02406200 0.22252400
v 0.24289600 -0.02404000 0.22294300
v 0.24289600 -0.02404000 0.22252400
v 0.24253200 -0.02420900 0.22294300
v 0.24266900 -0.02412400 0.22378100
v 0.24266900 -0.02412400 0.22294300
v 0.24266900 -0.02412400 0.22252400
v 0.24274200 -0.02409000 0.22294300
v 0.24274200 -0.02409000 0.22252400
v 0.24253200 -0.02420900 0.22252400
v 0.24259900 -0.02416400 0.22294300
v 0.24259900 -0.02416400 0.22252400
v 0.24241500 -0.02431000 0.22378100
v 0.24241500 -0.02431000 0.22294300
v 0.24254300 -0.02420200 0.22709800
v 0.24282300 -0.02406300 0.22713000
v 0.24313100 -0.02401400 0.22709700
v 0.24253200 -0.02420900 0.22629600
v 0.24241500 -0.02431000 0.22545800
v 0.24241500 -0.02431000 0.22629600
v 0.24281800 -0.02406200 0.22629600
v 0.24266900 -0.02412400 0.22545800
v 0.24266900 -0.02412400 0.22629600
v 0.24313600 -0.02401300 0.22629600
v 0.24297500 -0.02402400 0.22545800
v 0.24297500 -0.02402400 0.22629600
v 0.24329000 -0.02402600 0.22545800
v 0.24329000 -0.02402600 0.22629600
v 0.23957200 -0.02508700 0.22699900
v 0.24231600 -0.02442800 0.22251700
v 0.24231600 -0.02442800 0.22363800
v 0.24231600 -0.02442800 0.22475800
v 0.24231600 -0.02442800 0.22587900
v 0.23957200 -0.02508700 0.22251700
v 0.24095300 -0.02479500 0.22251700
v 0.24231600 -0.02442800 0.22699900
v 0.24095300 -0.02479500 0.22699900
v 0.23957200 -0.02508700 0.22587900
v 0.23957200 -0.02508700 0.22475800
v 0.23957200 -0.02508700 0.22363800
v 0.23928000 -0.02499000 0.22378100
v 0.23928000 -0.02499000 0.22545800
v 0.23895800 -0.02498900 0.22378100
v 0.23895800 -0.02498900 0.22545800
v 0.23865200 -0.02509000 0.22378100
v 0.23865200 -0.02509000 0.22545800
v 0.23957200 -0.02508700 0.22699900
v 0.23957200 -0.02508700 0.22587900
v 0.23957200 -0.02508700 0.22475800
v 0.23957200 -0.02508700 0.22363800
v 0.23957200 -0.02508700 0.22251700
v 0.23840500 -0.02527200 0.22251700
v 0.23840500 -0.02527200 0.22363800
v 0.23840500 -0.02527200 0.22475800
v 0.23840500 -0.02527200 0.22587900
v 0.23926500 -0.02498400 0.22220800
v 0.23911000 -0.02497000 0.22213000
v 0.23895700 -0.02498200 0.22210400
v 0.23880800 -0.02501800 0.22213000
v 0.23866500 -0.02507900 0.22220700
v 0.23895800 -0.02498900 0.22294300
v 0.23911900 -0.02497600 0.22378100
v 0.23928000 -0.02499000 0.22294300
v 0.23911900 -0.02497600 0.22294300
v 0.23911900 -0.02497600 0.22252400
v 0.23919900 -0.02498000 0.22294300
v 0.23928000 -0.02499000 0.22252400
v 0.23919900 -0.02498000 0.22252400
v 0.23942900 -0.02502700 0.22378100
v 0.23942900 -0.02502700 0.22294300
v 0.23895800 -0.02498900 0.22252400
v 0.23903800 -0.02497900 0.22294300
v 0.23903800 -0.02497900 0.22252400
v 0.23865200 -0.02509000 0.22294300
v 0.23880100 -0.02502700 0.22378100
v 0.23880100 -0.02502700 0.22294300
v 0.23880100 -0.02502700 0.22252400
v 0.23887800 -0.02500400 0.22294300
v 0.23887800 -0.02500400 0.22252400
v 0.23865200 -0.02509000 0.22252400
v 0.23872500 -0.02505500 0.22294300
v 0.23872500 -0.02505500 0.22252400
v 0.23852100 -0.02517100 0.22378100
v 0.23852100 -0.02517100 0.22294300
v 0.23840500 -0.02527200 0.22699900
v 0.23866400 -0.02508400 0.22709800
v 0.23896300 -0.02499000 0.22713000
v 0.23927400 -0.02499000 0.22709700
v 0.23865200 -0.02509000 0.22629600
v 0.23852100 -0.02517100 0.22545800
v 0.23852100 -0.02517100 0.22629600
v 0.23895800 -0.02498900 0.22629600
v 0.23880100 -0.02502700 0.22545800
v 0.23880100 -0.02502700 0.22629600
v 0.23928000 -0.02499000 0.22629600
v 0.23911900 -0.02497600 0.22545800
v 0.23911900 -0.02497600 0.22629600
v 0.23942900 -0.02502700 0.22545800
v 0.23942900 -0.02502700 0.22629600
v 0.23559100 -0.02549300 0.22699900
v 0.23840500 -0.02527200 0.22251700
v 0.23840500 -0.02527200 0.22363800
v 0.23840500 -0.02527200 0.22475800
v 0.23840500 -0.02527200 0.22587900
v 0.23840500 -0.02527200 0.22699900
v 0.23700100 -0.02542100 0.22699900
v 0.23559100 -0.02549300 0.22587900
v 0.23559100 -0.02549300 0.22475800
v 0.23559100 -0.02549300 0.22363800
v 0.23559100 -0.02549300 0.22251700
v 0.23700100 -0.02542100 0.22251700
v 0.26000000 -0.00000000 0.22151700
v 0.26049300 -0.00059100 0.22251700
v 0.26042100 -0.00200100 0.22251700
v 0.26008700 -0.00457200 0.22251700
v 0.25979500 -0.00595300 0.22251700
v 0.25906300 -0.00844000 0.22251700
v 0.25855900 -0.00975800 0.22251700
v 0.25744600 -0.01210000 0.22251700
v 0.25674200 -0.01332400 0.22251700
v 0.25527700 -0.01546200 0.22251700
v 0.25439000 -0.01656100 0.22251700
v 0.25260900 -0.01844400 0.22251700
v 0.25156100 -0.01939000 0.22251700
v 0.24950700 -0.02097200 0.22251700
v 0.24832400 -0.02174200 0.22251700
v 0.24604700 -0.02298300 0.22251700
v 0.24475800 -0.02355900 0.22251700
v 0.24231600 -0.02442800 0.22251700
v 0.24095300 -0.02479500 0.22251700
v 0.23840500 -0.02527200 0.22251700
v 0.23700100 -0.02542100 0.22251700
v 0.23559100 -0.02549300 0.22251700
v 0.23530400 -0.02534300 0.22220800
v 0.23515300 -0.02530600 0.22213000
v 0.23500000 -0.02529300 0.22210400
v 0.23484700 -0.02530600 0.22213000
v 0.23469600 -0.02534300 0.22220700
v 0.23767900 -0.02510800 0.22201700
v 0.23500000 -0.02525000 0.22201700
v 0.23634100 -0.02521400 0.22201700
v 0.23634800 -0.02533900 0.22226700
v 0.23567100 -0.02524100 0.22201700
v 0.23567400 -0.02536600 0.22226700
v 0.23270500 -0.02514600 0.22201700
v 0.23385100 -0.02522400 0.22201700
v 0.23567300 -0.02530400 0.22214200
v 0.23533500 -0.02524800 0.22201700
v 0.23533600 -0.02531000 0.22214200
v 0.23384600 -0.02534900 0.22226700
v 0.23442600 -0.02524300 0.22201700
v 0.23442300 -0.02536800 0.22226700
v 0.23633500 -0.02509000 0.22176700
v 0.23500000 -0.02512500 0.22176700
v 0.23566800 -0.02511600 0.22176700
v 0.23440900 -0.02549300 0.22251700
v 0.23299900 -0.02542100 0.22251700
v 0.23159600 -0.02527200 0.22251700
v 0.23133600 -0.02507900 0.22220800
v 0.23119200 -0.02501800 0.22213000
v 0.23104300 -0.02498200 0.22210400
v 0.23089100 -0.02497000 0.22213000
v 0.23073600 -0.02498400 0.22220700
v 0.23013500 -0.02477700 0.22201700
v 0.23141500 -0.02499400 0.22201700
v 0.23077400 -0.02489400 0.22201700
v 0.22776000 -0.02419000 0.22201700
v 0.22894000 -0.02451200 0.22201700
v 0.23109400 -0.02494600 0.22201700
v 0.23143300 -0.02487100 0.22176700
v 0.23015900 -0.02465400 0.22176700
v 0.23079500 -0.02477100 0.22176700
v 0.23269400 -0.02527000 0.22226700
v 0.23205900 -0.02507800 0.22201700
v 0.23204500 -0.02520200 0.22226700
v 0.23042900 -0.02508700 0.22251700
v 0.22904700 -0.02479500 0.22251700
v 0.22768400 -0.02442800 0.22251700
v 0.22745700 -0.02419700 0.22220800
v 0.22732600 -0.02411400 0.22213000
v 0.22718400 -0.02405500 0.22210400
v 0.22703500 -0.02402000 0.22213000
v 0.22688000 -0.02400900 0.22220700
v 0.22545300 -0.02337500 0.22201700
v 0.22659600 -0.02381100 0.22201700
v 0.22772400 -0.02430900 0.22226700
v 0.22655500 -0.02392800 0.22226700
v 0.22717600 -0.02400700 0.22201700
v 0.22774200 -0.02425000 0.22214200
v 0.22746700 -0.02410000 0.22201700
v 0.22744900 -0.02416000 0.22214200
v 0.22779600 -0.02407000 0.22176700
v 0.22663800 -0.02369300 0.22176700
v 0.22721500 -0.02388800 0.22176700
v 0.22891000 -0.02463300 0.22226700
v 0.22834800 -0.02435800 0.22201700
v 0.22831500 -0.02447900 0.22226700
v 0.22657600 -0.02386900 0.22214200
v 0.22688500 -0.02391100 0.22201700
v 0.22686500 -0.02397000 0.22214200
v 0.22540500 -0.02349100 0.22226700
v 0.22602200 -0.02360000 0.22201700
v 0.22597700 -0.02371700 0.22226700
v 0.22323500 -0.02234200 0.22201700
v 0.22433100 -0.02288500 0.22201700
v 0.22656000 -0.02406300 0.22251700
v 0.22524200 -0.02355900 0.22251700
v 0.22395300 -0.02298300 0.22251700
v 0.22376500 -0.02271900 0.22220800
v 0.22364800 -0.02261700 0.22213000
v 0.22351700 -0.02253600 0.22210400
v 0.22337500 -0.02247800 0.22213000
v 0.22322400 -0.02244300 0.22220700
v 0.22378000 -0.02262000 0.22201700
v 0.22112800 -0.02109800 0.22201700
v 0.22216600 -0.02174500 0.22201700
v 0.22350600 -0.02248200 0.22201700
v 0.22210300 -0.02185300 0.22226700
v 0.22269700 -0.02205000 0.22201700
v 0.22263600 -0.02215900 0.22226700
v 0.22438400 -0.02277200 0.22176700
v 0.22329300 -0.02223100 0.22176700
v 0.22383500 -0.02250800 0.22176700
v 0.22290000 -0.02244600 0.22251700
v 0.22167600 -0.02174200 0.22251700
v 0.22049300 -0.02097200 0.22251700
v 0.22034900 -0.02068200 0.22220800
v 0.22025000 -0.02056300 0.22213000
v 0.22013300 -0.02046300 0.22210400
v 0.22000200 -0.02038300 0.22213000
v 0.21985800 -0.02032500 0.22220700
v 0.21915100 -0.01965600 0.22201700
v 0.22012200 -0.02040100 0.22201700
v 0.22105900 -0.02120200 0.22226700
v 0.22062100 -0.02075600 0.22201700
v 0.22054900 -0.02085800 0.22226700
v 0.22058500 -0.02080700 0.22214200
v 0.22037000 -0.02058000 0.22201700
v 0.22033400 -0.02063100 0.22214200
v 0.21907200 -0.01975400 0.22226700
v 0.21963200 -0.02003500 0.22201700
v 0.21955600 -0.02013400 0.22226700
v 0.21732300 -0.01803000 0.22201700
v 0.21821700 -0.01886500 0.22201700
v 0.22119600 -0.02099400 0.22176700
v 0.22019500 -0.02030000 0.22176700
v 0.22069200 -0.02065300 0.22176700
v 0.21959400 -0.02008400 0.22214200
v 0.21987600 -0.02021900 0.22201700
v 0.21983800 -0.02026900 0.22214200
v 0.21922900 -0.01955900 0.22176700
v 0.21970800 -0.01993500 0.22176700
v 0.21953800 -0.02027700 0.22251700
v 0.21843900 -0.01939000 0.22251700
v 0.21739100 -0.01844400 0.22251700
v 0.21729500 -0.01813500 0.22220800
v 0.21721400 -0.01800200 0.22213000
v 0.21711500 -0.01788500 0.22210400
v 0.21699800 -0.01778600 0.22213000
v 0.21686500 -0.01770600 0.22220700
v 0.21813400 -0.01895900 0.22226700
v 0.21776500 -0.01845300 0.22201700
v 0.21768000 -0.01854400 0.22226700
v 0.21566100 -0.01623400 0.22201700
v 0.21647000 -0.01715200 0.22201700
v 0.21689100 -0.01759600 0.22201700
v 0.21710600 -0.01781400 0.22201700
v 0.21741000 -0.01794100 0.22176700
v 0.21656200 -0.01706700 0.22176700
v 0.21698100 -0.01750900 0.22176700
v 0.21655600 -0.01760900 0.22251700
v 0.21561000 -0.01656100 0.22251700
v 0.21472300 -0.01546200 0.22251700
v 0.21467600 -0.01514200 0.22220800
v 0.21461700 -0.01499800 0.22213000
v 0.21453800 -0.01486700 0.22210400
v 0.21443800 -0.01475100 0.22213000
v 0.21431900 -0.01465100 0.22220700
v 0.21418000 -0.01428600 0.22201700
v 0.21489700 -0.01527800 0.22201700
v 0.21479700 -0.01535400 0.22226700
v 0.21407700 -0.01435700 0.22226700
v 0.21453200 -0.01478700 0.22201700
v 0.21289500 -0.01220400 0.22201700
v 0.21351200 -0.01326100 0.22201700
v 0.21484700 -0.01531600 0.22214200
v 0.21471300 -0.01503300 0.22201700
v 0.21466300 -0.01507100 0.22214200
v 0.21499600 -0.01520300 0.22176700
v 0.21428300 -0.01421600 0.22176700
v 0.21463400 -0.01471300 0.22176700
v 0.21556500 -0.01631500 0.22226700
v 0.21527300 -0.01576100 0.22201700
v 0.21517500 -0.01583900 0.22226700
v 0.21412900 -0.01432200 0.22214200
v 0.21435500 -0.01453700 0.22201700
v 0.21430400 -0.01457300 0.22214200
v 0.21340600 -0.01332600 0.22226700
v 0.21384000 -0.01377800 0.22201700
v 0.21373500 -0.01384600 0.22226700
v 0.21402800 -0.01450700 0.22251700
v 0.21325800 -0.01332400 0.22251700
v 0.21255400 -0.01210000 0.22251700
v 0.21255700 -0.01177600 0.22220800
v 0.21252200 -0.01162500 0.22213000
v 0.21246400 -0.01148300 0.22210400
v 0.21238300 -0.01135200 0.22213000
v 0.21228100 -0.01123500 0.22220700
v 0.21179500 -0.00995500 0.22201700
v 0.21231700 -0.01109300 0.22201700
v 0.21259900 -0.01165200 0.22201700
v 0.21245700 -0.01137400 0.22201700
v 0.21168100 -0.01000500 0.22226700
v 0.21204900 -0.01052800 0.22201700
v 0.21193600 -0.01058000 0.22226700
v 0.21092000 -0.00759700 0.22201700
v 0.21132800 -0.00878700 0.22201700
v 0.21300500 -0.01214400 0.22176700
v 0.21243000 -0.01103800 0.22176700
v 0.21271000 -0.01159500 0.22176700
v 0.21201700 -0.01104700 0.22251700
v 0.21144100 -0.00975800 0.22251700
v 0.21093700 -0.00844000 0.22251700
v 0.21099100 -0.00812000 0.22220800
v 0.21098000 -0.00796500 0.22213000
v 0.21094500 -0.00781600 0.22210400
v 0.21088600 -0.00767500 0.22213000
v 0.21080400 -0.00754300 0.22220700
v 0.21111700 -0.00819500 0.22201700
v 0.21028400 -0.00516400 0.22201700
v 0.21057200 -0.00638800 0.22201700
v 0.21101700 -0.00789700 0.22201700
v 0.21045100 -0.00642000 0.22226700
v 0.21073800 -0.00699500 0.22201700
v 0.21061800 -0.00703000 0.22226700
v 0.21144600 -0.00874400 0.22176700
v 0.21103900 -0.00756000 0.22176700
v 0.21123500 -0.00815400 0.22176700
v 0.21057200 -0.00731600 0.22251700
v 0.21020500 -0.00595300 0.22251700
v 0.20991300 -0.00457200 0.22251700
v 0.21001600 -0.00426500 0.22220800
v 0.21003000 -0.00411000 0.22213000
v 0.21001800 -0.00395700 0.22210400
v 0.20998200 -0.00380800 0.22213000
v 0.20992200 -0.00366500 0.22220700
v 0.20989200 -0.00267900 0.22201700
v 0.21005700 -0.00392600 0.22201700
v 0.21016100 -0.00518900 0.22226700
v 0.21016300 -0.00454600 0.22201700
v 0.21004000 -0.00456900 0.22226700
v 0.21010100 -0.00455700 0.22214200
v 0.21010800 -0.00423600 0.22201700
v 0.21004600 -0.00424700 0.22214200
v 0.20976800 -0.00269200 0.22226700
v 0.20996700 -0.00330300 0.22201700
v 0.20984300 -0.00332000 0.22226700
v 0.20978600 -0.00134100 0.22201700
v 0.21040600 -0.00513800 0.22176700
v 0.21018100 -0.00390700 0.22176700
v 0.21028600 -0.00452400 0.22176700
v 0.20990500 -0.00331200 0.22214200
v 0.21001000 -0.00361500 0.22201700
v 0.20994800 -0.00362400 0.22214200
v 0.21001700 -0.00266500 0.22176700
v 0.21009100 -0.00328700 0.22176700
v 0.20972800 -0.00340500 0.22251700
v 0.20957900 -0.00200100 0.22251700
v 0.20950700 -0.00059100 0.22251700
v 0.20956100 -0.00050800 0.22240400
v 0.20960700 -0.00042200 0.22231100
v 0.20964200 -0.00033500 0.22223700
v 0.20966900 -0.00024800 0.22218200
v 0.20968700 -0.00016300 0.22214500
v 0.20969700 -0.00008100 0.22212400
v 0.20970000 -0.00000000 0.22211700
v 0.20966100 -0.00134800 0.22226700
v 0.20975900 -0.00067100 0.22201700
v 0.20963400 -0.00067400 0.22226700
v 0.20969600 -0.00067300 0.22214200
v 0.20975200 -0.00033500 0.22201700
v 0.20969000 -0.00033600 0.22214200
v 0.20991000 -0.00133500 0.22176700
v 0.20988400 -0.00066800 0.22176700
v 0.20972100 -0.00033600 0.22208000
v 0.20975100 -0.00016800 0.22201700
v 0.20971900 -0.00016800 0.22208000
v 0.20982100 -0.00066900 0.22189200
v 0.20987700 -0.00033400 0.22176700
v 0.20981500 -0.00033500 0.22189200
v 0.26030000 -0.00000000 0.22211700
v 0.26030300 -0.00008100 0.22212400
v 0.26031300 -0.00016400 0.22214500
v 0.26033100 -0.00024800 0.22218200
v 0.26035800 -0.00033500 0.22223700
v 0.26039300 -0.00042200 0.22231100
v 0.26043900 -0.00050800 0.22240400
v 0.26014600 -0.00229500 0.22201700
v 0.26022400 -0.00114900 0.22201700
v 0.26034900 -0.00115400 0.22226700
v 0.26024300 -0.00057400 0.22201700
v 0.26036800 -0.00057700 0.22226700
v 0.26030600 -0.00057600 0.22214200
v 0.26024800 -0.00028700 0.22201700
v 0.26031100 -0.00028800 0.22214200
v 0.26009900 -0.00114300 0.22176700
v 0.26011900 -0.00057200 0.22176700
v 0.26041100 -0.00115700 0.22239200
v 0.26036000 -0.00086600 0.22226700
v 0.26042300 -0.00086800 0.22239200
v 0.26027000 -0.00230600 0.22226700
v 0.26019100 -0.00172200 0.22201700
v 0.26031600 -0.00173100 0.22226700
v 0.25977700 -0.00486500 0.22201700
v 0.25999400 -0.00358500 0.22201700
v 0.26027200 -0.00340500 0.22251700
v 0.26007900 -0.00366500 0.22220800
v 0.26001800 -0.00380800 0.22213000
v 0.25998200 -0.00395700 0.22210400
v 0.25997000 -0.00411000 0.22213000
v 0.25998400 -0.00426400 0.22220700
v 0.25989400 -0.00422600 0.22201700
v 0.25919000 -0.00724000 0.22201700
v 0.25951200 -0.00606000 0.22201700
v 0.25994600 -0.00390600 0.22201700
v 0.25987100 -0.00356700 0.22176700
v 0.25965400 -0.00484100 0.22176700
v 0.25977100 -0.00420500 0.22176700
v 0.26007800 -0.00294100 0.22201700
v 0.26020200 -0.00295500 0.22226700
v 0.25942800 -0.00731600 0.22251700
v 0.25919700 -0.00754300 0.22220800
v 0.25911400 -0.00767400 0.22213000
v 0.25905500 -0.00781600 0.22210400
v 0.25902000 -0.00796500 0.22213000
v 0.25900900 -0.00812000 0.22220700
v 0.25837500 -0.00954700 0.22201700
v 0.25881100 -0.00840400 0.22201700
v 0.25931000 -0.00727600 0.22226700
v 0.25892800 -0.00844500 0.22226700
v 0.25900700 -0.00782400 0.22201700
v 0.25925000 -0.00725800 0.22214200
v 0.25910000 -0.00753300 0.22201700
v 0.25916000 -0.00755100 0.22214200
v 0.25907000 -0.00720400 0.22176700
v 0.25869300 -0.00836200 0.22176700
v 0.25888800 -0.00778600 0.22176700
v 0.25963300 -0.00609000 0.22226700
v 0.25935800 -0.00665200 0.22201700
v 0.25947900 -0.00668500 0.22226700
v 0.25886900 -0.00842500 0.22214200
v 0.25891100 -0.00811500 0.22201700
v 0.25897000 -0.00813500 0.22214200
v 0.25849100 -0.00959500 0.22226700
v 0.25860000 -0.00897800 0.22201700
v 0.25871700 -0.00902300 0.22226700
v 0.25734200 -0.01176500 0.22201700
v 0.25788500 -0.01066900 0.22201700
v 0.25798300 -0.01104700 0.22251700
v 0.25771900 -0.01123500 0.22220800
v 0.25761700 -0.01135200 0.22213000
v 0.25753600 -0.01148300 0.22210400
v 0.25747800 -0.01162500 0.22213000
v 0.25744300 -0.01177600 0.22220700
v 0.25762000 -0.01122000 0.22201700
v 0.25609800 -0.01387200 0.22201700
v 0.25674500 -0.01283400 0.22201700
v 0.25748200 -0.01149400 0.22201700
v 0.25685300 -0.01289700 0.22226700
v 0.25705000 -0.01230300 0.22201700
v 0.25715900 -0.01236400 0.22226700
v 0.25777200 -0.01061600 0.22176700
v 0.25723100 -0.01170700 0.22176700
v 0.25750800 -0.01116500 0.22176700
v 0.25597200 -0.01450700 0.22251700
v 0.25568200 -0.01465100 0.22220800
v 0.25556300 -0.01475000 0.22213000
v 0.25546300 -0.01486700 0.22210400
v 0.25538300 -0.01499800 0.22213000
v 0.25532500 -0.01514200 0.22220700
v 0.25465600 -0.01584900 0.22201700
v 0.25540100 -0.01487800 0.22201700
v 0.25620200 -0.01394100 0.22226700
v 0.25575600 -0.01437900 0.22201700
v 0.25585800 -0.01445100 0.22226700
v 0.25580700 -0.01441500 0.22214200
v 0.25558000 -0.01463000 0.22201700
v 0.25563100 -0.01466600 0.22214200
v 0.25475400 -0.01592800 0.22226700
v 0.25503500 -0.01536800 0.22201700
v 0.25513400 -0.01544400 0.22226700
v 0.25303000 -0.01767700 0.22201700
v 0.25386500 -0.01678300 0.22201700
v 0.25599300 -0.01380400 0.22176700
v 0.25530000 -0.01480500 0.22176700
v 0.25565300 -0.01430800 0.22176700
v 0.25508400 -0.01540600 0.22214200
v 0.25521900 -0.01512400 0.22201700
v 0.25526900 -0.01516200 0.22214200
v 0.25455900 -0.01577100 0.22176700
v 0.25493500 -0.01529200 0.22176700
v 0.25344400 -0.01760900 0.22251700
v 0.25313500 -0.01770600 0.22220800
v 0.25300200 -0.01778600 0.22213000
v 0.25288500 -0.01788500 0.22210400
v 0.25278600 -0.01800200 0.22213000
v 0.25270600 -0.01813500 0.22220700
v 0.25395900 -0.01686600 0.22226700
v 0.25345300 -0.01723500 0.22201700
v 0.25354400 -0.01732100 0.22226700
v 0.25123400 -0.01933900 0.22201700
v 0.25215200 -0.01853000 0.22201700
v 0.25259600 -0.01810900 0.22201700
v 0.25281400 -0.01789400 0.22201700
v 0.25294100 -0.01759000 0.22176700
v 0.25206700 -0.01843800 0.22176700
v 0.25250900 -0.01801900 0.22176700
v 0.25046200 -0.02027700 0.22251700
v 0.25014200 -0.02032400 0.22220800
v 0.24999800 -0.02038300 0.22213000
v 0.24986700 -0.02046200 0.22210400
v 0.24975100 -0.02056200 0.22213000
v 0.24965100 -0.02068100 0.22220700
v 0.24928600 -0.02082000 0.22201700
v 0.25027800 -0.02010300 0.22201700
v 0.25035400 -0.02020300 0.22226700
v 0.24935700 -0.02092300 0.22226700
v 0.24978700 -0.02046800 0.22201700
v 0.24720400 -0.02210500 0.22201700
v 0.24826100 -0.02148800 0.22201700
v 0.25031600 -0.02015300 0.22214200
v 0.25003300 -0.02028700 0.22201700
v 0.25007100 -0.02033700 0.22214200
v 0.25020300 -0.02000400 0.22176700
v 0.24921600 -0.02071700 0.22176700
v 0.24971300 -0.02036600 0.22176700
v 0.25131500 -0.01943500 0.22226700
v 0.25076100 -0.01972700 0.22201700
v 0.25083900 -0.01982500 0.22226700
v 0.24932200 -0.02087100 0.22214200
v 0.24953700 -0.02064500 0.22201700
v 0.24957300 -0.02069600 0.22214200
v 0.24832600 -0.02159400 0.22226700
v 0.24877800 -0.02116000 0.22201700
v 0.24884600 -0.02126500 0.22226700
v 0.24710000 -0.02244600 0.22251700
v 0.24677600 -0.02244300 0.22220800
v 0.24662500 -0.02247800 0.22213000
v 0.24648300 -0.02253600 0.22210400
v 0.24635200 -0.02261700 0.22213000
v 0.24623500 -0.02271900 0.22220700
v 0.24495500 -0.02320500 0.22201700
v 0.24609300 -0.02268300 0.22201700
v 0.24665200 -0.02240100 0.22201700
v 0.24637400 -0.02254300 0.22201700
v 0.24500500 -0.02331900 0.22226700
v 0.24552800 -0.02295100 0.22201700
v 0.24558000 -0.02306400 0.22226700
v 0.24259700 -0.02408000 0.22201700
v 0.24378700 -0.02367200 0.22201700
v 0.24714400 -0.02199500 0.22176700
v 0.24603800 -0.02257000 0.22176700
v 0.24659500 -0.02229000 0.22176700
v 0.24344000 -0.02406300 0.22251700
v 0.24312000 -0.02400900 0.22220800
v 0.24296500 -0.02402000 0.22213000
v 0.24281600 -0.02405500 0.22210400
v 0.24267500 -0.02411400 0.22213000
v 0.24254300 -0.02419600 0.22220700
v 0.24319500 -0.02388300 0.22201700
v 0.24016400 -0.02471600 0.22201700
v 0.24138800 -0.02442900 0.22201700
v 0.24289700 -0.02398300 0.22201700
v 0.24142000 -0.02454900 0.22226700
v 0.24199500 -0.02426200 0.22201700
v 0.24203000 -0.02438200 0.22226700
v 0.24374400 -0.02355400 0.22176700
v 0.24256000 -0.02396100 0.22176700
v 0.24315400 -0.02376500 0.22176700
v 0.23957200 -0.02508700 0.22251700
v 0.23926500 -0.02498400 0.22220800
v 0.23911000 -0.02497000 0.22213000
v 0.23895700 -0.02498200 0.22210400
v 0.23880800 -0.02501800 0.22213000
v 0.23866500 -0.02507900 0.22220700
v 0.23892600 -0.02494300 0.22201700
v 0.24018900 -0.02483900 0.22226700
v 0.23954600 -0.02483700 0.22201700
v 0.23956900 -0.02496000 0.22226700
v 0.23955700 -0.02489900 0.22214200
v 0.23923600 -0.02489200 0.22201700
v 0.23924700 -0.02495400 0.22214200
v 0.23769200 -0.02523200 0.22226700
v 0.23830300 -0.02503300 0.22201700
v 0.23832000 -0.02515700 0.22226700
v 0.24013800 -0.02459400 0.22176700
v 0.23890700 -0.02481900 0.22176700
v 0.23952400 -0.02471400 0.22176700
v 0.23831200 -0.02509500 0.22214200
v 0.23861500 -0.02499000 0.22201700
v 0.23862400 -0.02505200 0.22214200
v 0.23766500 -0.02498300 0.22176700
v 0.23828700 -0.02490900 0.22176700
v 0.21000000 -0.00000000 0.22151700
v 0.21007000 -0.00186800 0.22151700
v 0.21027900 -0.00372600 0.22151700
v 0.21062700 -0.00556300 0.22151700
v 0.21111100 -0.00736900 0.22151700
v 0.21172800 -0.00913400 0.22151700
v 0.21247600 -0.01084700 0.22151700
v 0.21334900 -0.01250000 0.22151700
v 0.21434400 -0.01408300 0.22151700
v 0.21545400 -0.01558700 0.22151700
v 0.21667400 -0.01700400 0.22151700
v 0.21799600 -0.01832600 0.22151700
v 0.21941300 -0.01954600 0.22151700
v 0.22091700 -0.02065600 0.22151700
v 0.22250000 -0.02165100 0.22151700
v 0.22415300 -0.02252400 0.22151700
v 0.22586600 -0.02327200 0.22151700
v 0.22763100 -0.02388900 0.22151700
v 0.22943700 -0.02437300 0.22151700
v 0.23127400 -0.02472100 0.22151700
v 0.23313200 -0.02493000 0.22151700
v 0.23500000 -0.02500000 0.22151700
v 0.23686800 -0.02493000 0.22151700
v 0.23872600 -0.02472100 0.22151700
v 0.24056300 -0.02437300 0.22151700
v 0.24236900 -0.02388900 0.22151700
v 0.24413400 -0.02327200 0.22151700
v 0.24584700 -0.02252400 0.22151700
v 0.24750000 -0.02165100 0.22151700
v 0.24908300 -0.02065600 0.22151700
v 0.25058700 -0.01954600 0.22151700
v 0.25200400 -0.01832600 0.22151700
v 0.25332600 -0.01700400 0.22151700
v 0.25454600 -0.01558700 0.22151700
v 0.25565600 -0.01408300 0.22151700
v 0.25665100 -0.01250000 0.22151700
v 0.25752400 -0.01084700 0.22151700
v 0.25827200 -0.00913400 0.22151700
v 0.25888900 -0.00736900 0.22151700
v 0.25937300 -0.00556300 0.22151700
v 0.25972100 -0.00372600 0.22151700
v 0.25993000 -0.00186800 0.22151700
v 0.26000000 -0.00000000 0.22151700
v 0.26010800 0.00267900 0.22201700
v 0.25971600 0.00516400 0.22201700
v 0.25908000 0.00759700 0.22201700
v 0.25820500 0.00995500 0.22201700
v 0.25710500 0.01220400 0.22201700
v 0.25582000 0.01428600 0.22201700
v 0.25433900 0.01623400 0.22201700
v 0.25267700 0.01803000 0.22201700
v 0.25084900 0.01965600 0.22201700
v 0.24887200 0.02109800 0.22201700
v 0.24676500 0.02234200 0.22201700
v 0.24454700 0.02337500 0.22201700
v 0.24224000 0.02419000 0.22201700
v 0.23986500 0.02477700 0.22201700
v 0.23729500 0.02514500 0.22201700
v 0.23500000 0.02525000 0.22201700
v 0.23232100 0.02510700 0.22201700
v 0.22983600 0.02471600 0.22201700
v 0.22740300 0.02408000 0.22201700
v 0.22504500 0.02320500 0.22201700
v 0.22279600 0.02210500 0.22201700
v 0.22071400 0.02082000 0.22201700
v 0.21876600 0.01933900 0.22201700
v 0.21697000 0.01767700 0.22201700
v 0.21534400 0.01584900 0.22201700
v 0.21390200 0.01387200 0.22201700
v 0.21265800 0.01176500 0.22201700
v 0.21162500 0.00954700 0.22201700
v 0.21081000 0.00724000 0.22201700
v 0.21022300 0.00486500 0.22201700
v 0.20985500 0.00229500 0.22201700
v 0.26027200 0.00340400 0.22251700
v 0.26042100 0.00200100 0.22251700
v 0.21000000 -0.00000000 0.22151700
v 0.20970000 -0.00000000 0.22211700
v 0.26030000 -0.00000000 0.22211700
v 0.20969700 0.00008100 0.22212400
v 0.20968700 0.00016400 0.22214500
v 0.20966900 0.00024800 0.22218200
v 0.20964200 0.00033500 0.22223700
v 0.20960700 0.00042200 0.22231100
v 0.20956100 0.00050800 0.22240400
v 0.20973000 0.00230600 0.22226700
v 0.20977600 0.00114900 0.22201700
v 0.20965100 0.00115400 0.22226700
v 0.20963200 0.00057700 0.22226700
v 0.20971400 0.00115100 0.22214200
v 0.20975700 0.00057400 0.22201700
v 0.20969400 0.00057600 0.22214200
v 0.20997900 0.00228400 0.22176700
v 0.20990100 0.00114300 0.22176700
v 0.20968900 0.00028800 0.22214200
v 0.20972500 0.00057500 0.22208000
v 0.20975200 0.00028700 0.22201700
v 0.20972000 0.00028800 0.22208000
v 0.20983900 0.00114600 0.22189200
v 0.20988200 0.00057200 0.22176700
v 0.20981900 0.00057300 0.22189200
v 0.20966300 0.00057700 0.22220500
v 0.20958900 0.00115700 0.22239200
v 0.20950700 0.00059100 0.22251700
v 0.20957900 0.00200100 0.22251700
v 0.20972800 0.00340400 0.22251700
v 0.20992100 0.00366400 0.22220800
v 0.20998200 0.00380800 0.22213000
v 0.21001800 0.00395700 0.22210400
v 0.21003000 0.00410900 0.22213000
v 0.21001600 0.00426400 0.22220700
v 0.21010000 0.00488900 0.22226700
v 0.21000600 0.00358500 0.22201700
v 0.20994400 0.00359300 0.22214200
v 0.21016200 0.00487700 0.22214200
v 0.21010600 0.00422600 0.22201700
v 0.21004500 0.00423700 0.22214200
v 0.21069100 0.00727600 0.22226700
v 0.21048800 0.00606000 0.22201700
v 0.21036700 0.00609000 0.22226700
v 0.21034600 0.00484100 0.22176700
v 0.21012900 0.00356700 0.22176700
v 0.20997500 0.00358900 0.22208000
v 0.21007500 0.00423100 0.22208000
v 0.21005400 0.00390600 0.22201700
v 0.21002300 0.00391100 0.22208000
v 0.21006800 0.00357600 0.22189200
v 0.21028400 0.00485300 0.22189200
v 0.21022900 0.00420500 0.22176700
v 0.21016800 0.00421600 0.22189200
v 0.21093000 0.00720400 0.22176700
v 0.21060900 0.00603000 0.22176700
v 0.20979200 0.00230100 0.22214200
v 0.20979800 0.00295500 0.22226700
v 0.20992200 0.00294100 0.22201700
v 0.20986000 0.00294800 0.22214200
v 0.20991300 0.00457100 0.22251700
v 0.21020500 0.00595300 0.22251700
v 0.21057200 0.00731600 0.22251700
v 0.21080300 0.00754300 0.22220800
v 0.21088600 0.00767400 0.22213000
v 0.21094500 0.00781600 0.22210400
v 0.21098000 0.00796500 0.22213000
v 0.21099100 0.00812000 0.22220700
v 0.21150900 0.00959500 0.22226700
v 0.21118900 0.00840400 0.22201700
v 0.21107200 0.00844500 0.22226700
v 0.21075000 0.00725800 0.22214200
v 0.21113100 0.00842400 0.22214200
v 0.21099300 0.00782400 0.22201700
v 0.21174000 0.00950000 0.22176700
v 0.21130700 0.00836200 0.22176700
v 0.21093700 0.00844000 0.22251700
v 0.21144100 0.00975800 0.22251700
v 0.21201700 0.01104700 0.22251700
v 0.21228100 0.01123500 0.22220800
v 0.21238300 0.01135200 0.22213000
v 0.21246400 0.01148300 0.22210400
v 0.21252200 0.01162500 0.22213000
v 0.21255700 0.01177600 0.22220700
v 0.21211500 0.01066900 0.22201700
v 0.21200100 0.01072200 0.22226700
v 0.21205800 0.01069500 0.22214200
v 0.21238000 0.01122000 0.22201700
v 0.21379800 0.01394100 0.22226700
v 0.21325500 0.01283400 0.22201700
v 0.21314700 0.01289700 0.22226700
v 0.21276900 0.01170700 0.22176700
v 0.21222800 0.01061600 0.22176700
v 0.21255400 0.01210000 0.22251700
v 0.21325800 0.01332400 0.22251700
v 0.21402800 0.01450700 0.22251700
v 0.21431800 0.01465100 0.22220800
v 0.21443700 0.01475000 0.22213000
v 0.21453700 0.01486700 0.22210400
v 0.21461700 0.01499800 0.22213000
v 0.21467500 0.01514200 0.22220700
v 0.21524700 0.01592800 0.22226700
v 0.21459900 0.01487800 0.22201700
v 0.21385000 0.01390700 0.22214200
v 0.21414200 0.01445100 0.22226700
v 0.21424400 0.01437900 0.22201700
v 0.21419300 0.01441500 0.22214200
v 0.21400700 0.01380400 0.22176700
v 0.21544100 0.01577100 0.22176700
v 0.21470000 0.01480500 0.22176700
v 0.21486600 0.01544400 0.22226700
v 0.21529500 0.01588800 0.22214200
v 0.21496600 0.01536800 0.22201700
v 0.21491600 0.01540600 0.22214200
v 0.21613500 0.01678300 0.22201700
v 0.21604100 0.01686600 0.22226700
v 0.21472300 0.01546200 0.22251700
v 0.21561000 0.01656100 0.22251700
v 0.21655600 0.01760900 0.22251700
v 0.21686500 0.01770500 0.22220800
v 0.21699800 0.01778600 0.22213000
v 0.21711500 0.01788500 0.22210400
v 0.21721400 0.01800200 0.22213000
v 0.21729400 0.01813500 0.22220700
v 0.21608800 0.01682400 0.22214200
v 0.21645600 0.01732000 0.22226700
v 0.21654700 0.01723500 0.22201700
v 0.21650100 0.01727800 0.22214200
v 0.21868500 0.01943500 0.22226700
v 0.21784800 0.01853000 0.22201700
v 0.21776300 0.01862200 0.22226700
v 0.21705900 0.01759000 0.22176700
v 0.21622800 0.01670000 0.22176700
v 0.21780500 0.01857600 0.22214200
v 0.21740400 0.01810900 0.22201700
v 0.21736000 0.01815400 0.22214200
v 0.21884600 0.01924400 0.22176700
v 0.21793300 0.01843800 0.22176700
v 0.21739100 0.01844400 0.22251700
v 0.21843900 0.01939000 0.22251700
v 0.21953800 0.02027700 0.22251700
v 0.21985800 0.02032400 0.22220800
v 0.22000200 0.02038300 0.22213000
v 0.22013300 0.02046200 0.22210400
v 0.22024900 0.02056200 0.22213000
v 0.22034900 0.02068100 0.22220700
v 0.22064300 0.02092300 0.22226700
v 0.21972200 0.02010300 0.22201700
v 0.21964600 0.02020300 0.22226700
v 0.21968400 0.02015300 0.22214200
v 0.22067800 0.02087100 0.22214200
v 0.22021300 0.02046800 0.22201700
v 0.22273600 0.02221400 0.22226700
v 0.22173900 0.02148800 0.22201700
v 0.22167400 0.02159400 0.22226700
v 0.22078500 0.02071700 0.22176700
v 0.21979700 0.02000400 0.22176700
v 0.22049300 0.02097200 0.22251700
v 0.22167600 0.02174200 0.22251700
v 0.22290000 0.02244600 0.22251700
v 0.22322400 0.02244300 0.22220800
v 0.22337500 0.02247800 0.22213000
v 0.22351700 0.02253600 0.22210400
v 0.22364800 0.02261700 0.22213000
v 0.22376500 0.02271900 0.22220700
v 0.22499500 0.02331900 0.22226700
v 0.22390700 0.02268300 0.22201700
v 0.22276600 0.02216000 0.22214200
v 0.22334800 0.02240100 0.22201700
v 0.22285600 0.02199500 0.22176700
v 0.22509400 0.02309000 0.22176700
v 0.22396200 0.02257000 0.22176700
v 0.22395300 0.02298300 0.22251700
v 0.22524200 0.02355900 0.22251700
v 0.22656000 0.02406300 0.22251700
v 0.22688000 0.02400900 0.22220800
v 0.22703500 0.02402000 0.22213000
v 0.22718400 0.02405500 0.22210400
v 0.22732500 0.02411400 0.22213000
v 0.22745700 0.02419600 0.22220700
v 0.22621300 0.02367200 0.22201700
v 0.22616900 0.02378900 0.22226700
v 0.22619100 0.02373000 0.22214200
v 0.22680500 0.02388300 0.22201700
v 0.22678500 0.02394200 0.22214200
v 0.22981100 0.02483900 0.22226700
v 0.22861200 0.02442800 0.22201700
v 0.22858000 0.02454900 0.22226700
v 0.22744000 0.02396100 0.22176700
v 0.22625600 0.02355400 0.22176700
v 0.22797000 0.02438200 0.22226700
v 0.22859600 0.02448900 0.22214200
v 0.22800500 0.02426200 0.22201700
v 0.22798800 0.02432200 0.22214200
v 0.22986200 0.02459400 0.22176700
v 0.22864300 0.02430800 0.22176700
v 0.22768400 0.02442800 0.22251700
v 0.22904700 0.02479500 0.22251700
v 0.23042900 0.02508700 0.22251700
v 0.23073500 0.02498400 0.22220800
v 0.23089000 0.02497000 0.22213000
v 0.23104300 0.02498200 0.22210400
v 0.23119200 0.02501800 0.22213000
v 0.23133500 0.02507800 0.22220700
v 0.23230800 0.02523200 0.22226700
v 0.23107400 0.02494300 0.22201700
v 0.22982400 0.02477800 0.22214200
v 0.23043100 0.02496000 0.22226700
v 0.23045400 0.02483700 0.22201700
v 0.23044300 0.02489900 0.22214200
v 0.23233500 0.02498300 0.22176700
v 0.23109300 0.02481900 0.22176700
v 0.23168000 0.02515700 0.22226700
v 0.23231500 0.02517000 0.22214200
v 0.23169700 0.02503300 0.22201700
v 0.23168800 0.02509500 0.22214200
v 0.23365900 0.02521400 0.22201700
v 0.23365200 0.02533900 0.22226700
v 0.23159600 0.02527200 0.22251700
v 0.23299900 0.02542100 0.22251700
v 0.23440900 0.02549300 0.22251700
v 0.23469600 0.02534300 0.22220800
v 0.23484700 0.02530600 0.22213000
v 0.23500000 0.02529300 0.22210400
v 0.23515300 0.02530500 0.22213000
v 0.23530400 0.02534300 0.22220700
v 0.23365500 0.02527700 0.22214200
v 0.23432600 0.02536600 0.22226700
v 0.23432900 0.02524100 0.22201700
v 0.23432700 0.02530400 0.22214200
v 0.23730600 0.02527000 0.22226700
v 0.23614900 0.02522400 0.22201700
v 0.23615400 0.02534900 0.22226700
v 0.23500000 0.02512500 0.22176700
v 0.23366500 0.02509000 0.22176700
v 0.23432800 0.02527200 0.22208000
v 0.23466400 0.02531000 0.22214200
v 0.23500000 0.02528100 0.22208000
v 0.23466500 0.02524800 0.22201700
v 0.23466400 0.02527900 0.22208000
v 0.23557700 0.02536800 0.22226700
v 0.23615200 0.02528600 0.22214200
v 0.23557400 0.02524300 0.22201700
v 0.23557600 0.02530600 0.22214200
v 0.23728400 0.02502100 0.22176700
v 0.23614300 0.02509900 0.22176700
v 0.23366200 0.02515200 0.22189200
v 0.23500000 0.02518700 0.22189200
v 0.23433200 0.02511600 0.22176700
v 0.23433100 0.02517900 0.22189200
v 0.23559100 0.02549300 0.22251700
v 0.23700100 0.02542100 0.22251700
v 0.23840500 0.02527200 0.22251700
v 0.23866500 0.02507900 0.22220800
v 0.23880800 0.02501800 0.22213000
v 0.23895700 0.02498200 0.22210400
v 0.23911000 0.02497000 0.22213000
v 0.23926400 0.02498300 0.22220700
v 0.23988900 0.02490000 0.22226700
v 0.23858500 0.02499400 0.22201700
v 0.23859400 0.02505600 0.22214200
v 0.23987700 0.02483800 0.22214200
v 0.23922600 0.02489400 0.22201700
v 0.23923700 0.02495500 0.22214200
v 0.24227600 0.02430900 0.22226700
v 0.24106000 0.02451200 0.22201700
v 0.24109000 0.02463300 0.22226700
v 0.23984100 0.02465400 0.22176700
v 0.23856700 0.02487000 0.22176700
v 0.23858900 0.02502500 0.22208000
v 0.23923100 0.02492500 0.22208000
v 0.23890600 0.02494600 0.22201700
v 0.23891100 0.02497700 0.22208000
v 0.23857600 0.02493200 0.22189200
v 0.23985300 0.02471600 0.22189200
v 0.23920500 0.02477100 0.22176700
v 0.23921600 0.02483200 0.22189200
v 0.24220400 0.02407000 0.22176700
v 0.24103000 0.02439100 0.22176700
v 0.23730100 0.02520800 0.22214200
v 0.23795500 0.02520200 0.22226700
v 0.23794100 0.02507800 0.22201700
v 0.23794800 0.02514000 0.22214200
v 0.23957200 0.02508700 0.22251700
v 0.24095300 0.02479500 0.22251700
v 0.24231600 0.02442800 0.22251700
v 0.24254300 0.02419700 0.22220800
v 0.24267400 0.02411400 0.22213000
v 0.24281600 0.02405500 0.22210400
v 0.24296500 0.02402000 0.22213000
v 0.24312000 0.02400900 0.22220700
v 0.24459500 0.02349100 0.22226700
v 0.24340400 0.02381000 0.22201700
v 0.24344500 0.02392800 0.22226700
v 0.24225800 0.02425000 0.22214200
v 0.24342400 0.02386900 0.22214200
v 0.24282400 0.02400700 0.22201700
v 0.24450000 0.02326000 0.22176700
v 0.24336200 0.02369300 0.22176700
v 0.24344000 0.02406300 0.22251700
v 0.24475800 0.02355900 0.22251700
v 0.24604700 0.02298300 0.22251700
v 0.24623500 0.02271900 0.22220800
v 0.24635200 0.02261700 0.22213000
v 0.24648300 0.02253600 0.22210400
v 0.24662500 0.02247800 0.22213000
v 0.24677600 0.02244300 0.22220700
v 0.24566900 0.02288500 0.22201700
v 0.24572200 0.02299900 0.22226700
v 0.24569500 0.02294200 0.22214200
v 0.24622000 0.02262000 0.22201700
v 0.24894100 0.02120200 0.22226700
v 0.24783400 0.02174500 0.22201700
v 0.24789700 0.02185300 0.22226700
v 0.24670700 0.02223100 0.22176700
v 0.24561600 0.02277200 0.22176700
v 0.24710000 0.02244600 0.22251700
v 0.24832400 0.02174200 0.22251700
v 0.24950700 0.02097200 0.22251700
v 0.24965100 0.02068200 0.22220800
v 0.24975000 0.02056300 0.22213000
v 0.24986700 0.02046300 0.22210400
v 0.24999800 0.02038300 0.22213000
v 0.25014200 0.02032400 0.22220700
v 0.25092800 0.01975300 0.22226700
v 0.24987800 0.02040100 0.22201700
v 0.24890700 0.02115000 0.22214200
v 0.24945100 0.02085800 0.22226700
v 0.24937900 0.02075600 0.22201700
v 0.24941500 0.02080700 0.22214200
v 0.24880400 0.02099300 0.22176700
v 0.25077100 0.01955900 0.22176700
v 0.24980500 0.02030000 0.22176700
v 0.25044400 0.02013400 0.22226700
v 0.25088800 0.01970500 0.22214200
v 0.25036800 0.02003400 0.22201700
v 0.25040600 0.02008400 0.22214200
v 0.25178300 0.01886500 0.22201700
v 0.25186600 0.01895900 0.22226700
v 0.25046200 0.02027700 0.22251700
v 0.25156100 0.01939000 0.22251700
v 0.25260900 0.01844400 0.22251700
v 0.25270600 0.01813500 0.22220800
v 0.25278600 0.01800200 0.22213000
v 0.25288500 0.01788500 0.22210400
v 0.25300200 0.01778600 0.22213000
v 0.25313500 0.01770600 0.22220700
v 0.25182400 0.01891200 0.22214200
v 0.25232000 0.01854400 0.22226700
v 0.25223500 0.01845300 0.22201700
v 0.25227800 0.01849900 0.22214200
v 0.25443500 0.01631500 0.22226700
v 0.25353000 0.01715200 0.22201700
v 0.25362200 0.01723700 0.22226700
v 0.25259000 0.01794100 0.22176700
v 0.25170000 0.01877200 0.22176700
v 0.25357600 0.01719500 0.22214200
v 0.25310900 0.01759600 0.22201700
v 0.25315400 0.01764000 0.22214200
v 0.25424400 0.01615400 0.22176700
v 0.25343800 0.01706700 0.22176700
v 0.25344400 0.01760900 0.22251700
v 0.25439000 0.01656100 0.22251700
v 0.25527700 0.01546200 0.22251700
v 0.25532400 0.01514200 0.22220800
v 0.25538300 0.01499800 0.22213000
v 0.25546200 0.01486700 0.22210400
v 0.25556200 0.01475100 0.22213000
v 0.25568100 0.01465100 0.22220700
v 0.25592300 0.01435700 0.22226700
v 0.25510300 0.01527800 0.22201700
v 0.25520300 0.01535400 0.22226700
v 0.25515300 0.01531600 0.22214200
v 0.25587100 0.01432200 0.22214200
v 0.25546800 0.01478700 0.22201700
v 0.25721400 0.01226400 0.22226700
v 0.25648800 0.01326100 0.22201700
v 0.25659400 0.01332600 0.22226700
v 0.25571700 0.01421500 0.22176700
v 0.25500400 0.01520300 0.22176700
v 0.25597200 0.01450700 0.22251700
v 0.25674200 0.01332400 0.22251700
v 0.25744600 0.01210000 0.22251700
v 0.25744300 0.01177600 0.22220800
v 0.25747800 0.01162500 0.22213000
v 0.25753600 0.01148300 0.22210400
v 0.25761700 0.01135200 0.22213000
v 0.25771900 0.01123500 0.22220700
v 0.25831900 0.01000500 0.22226700
v 0.25768300 0.01109300 0.22201700
v 0.25716000 0.01223400 0.22214200
v 0.25740100 0.01165200 0.22201700
v 0.25699500 0.01214400 0.22176700
v 0.25809000 0.00990600 0.22176700
v 0.25757000 0.01103800 0.22176700
v 0.25798300 0.01104700 0.22251700
v 0.25855900 0.00975800 0.22251700
v 0.25906300 0.00844000 0.22251700
v 0.25900900 0.00812000 0.22220800
v 0.25902000 0.00796500 0.22213000
v 0.25905500 0.00781600 0.22210400
v 0.25911400 0.00767500 0.22213000
v 0.25919600 0.00754300 0.22220700
v 0.25867200 0.00878700 0.22201700
v 0.25878900 0.00883100 0.22226700
v 0.25873000 0.00880900 0.22214200
v 0.25888300 0.00819500 0.22201700
v 0.25894200 0.00821500 0.22214200
v 0.25983900 0.00518900 0.22226700
v 0.25942900 0.00638800 0.22201700
v 0.25954900 0.00642000 0.22226700
v 0.25896100 0.00756000 0.22176700
v 0.25855400 0.00874400 0.22176700
v 0.25938200 0.00703000 0.22226700
v 0.25948900 0.00640400 0.22214200
v 0.25926200 0.00699500 0.22201700
v 0.25932200 0.00701200 0.22214200
v 0.25959400 0.00513800 0.22176700
v 0.25930800 0.00635700 0.22176700
v 0.25942800 0.00731600 0.22251700
v 0.25979500 0.00595300 0.22251700
v 0.26008700 0.00457100 0.22251700
v 0.25998400 0.00426500 0.22220800
v 0.25997000 0.00411000 0.22213000
v 0.25998200 0.00395700 0.22210400
v 0.26001800 0.00380800 0.22213000
v 0.26007800 0.00366500 0.22220700
v 0.26023200 0.00269200 0.22226700
v 0.25994300 0.00392600 0.22201700
v 0.25977800 0.00517600 0.22214200
v 0.25996000 0.00456900 0.22226700
v 0.25983700 0.00454600 0.22201700
v 0.25989900 0.00455700 0.22214200
v 0.25998300 0.00266500 0.22176700
v 0.25981900 0.00390700 0.22176700
v 0.26015700 0.00332000 0.22226700
v 0.26017000 0.00268500 0.22214200
v 0.26003300 0.00330300 0.22201700
v 0.26009500 0.00331200 0.22214200
v 0.26021400 0.00134100 0.22201700
v 0.26033900 0.00134800 0.22226700
v 0.26049300 0.00059100 0.22251700
v 0.26043900 0.00050800 0.22240400
v 0.26039300 0.00042200 0.22231100
v 0.26035800 0.00033500 0.22223700
v 0.26033100 0.00024800 0.22218200
v 0.26031300 0.00016300 0.22214500
v 0.26030300 0.00008100 0.22212400
v 0.26040200 0.00135100 0.22239200
v 0.26036600 0.00067400 0.22226700
v 0.26042900 0.00067600 0.22239200
v 0.26039700 0.00067500 0.22233000
v 0.26027700 0.00134500 0.22214200
v 0.26024100 0.00067100 0.22201700
v 0.26030400 0.00067200 0.22214200
v 0.26009000 0.00133500 0.22176700
v 0.26033500 0.00067300 0.22220500
v 0.26031000 0.00033600 0.22214200
v 0.26034200 0.00033700 0.22220500
v 0.26027200 0.00067200 0.22208000
v 0.26024800 0.00033500 0.22201700
v 0.26027900 0.00033600 0.22208000
v 0.26015200 0.00133800 0.22189200
v 0.26011600 0.00066800 0.22176700
v 0.26017900 0.00066900 0.22189200
v 0.25993000 0.00186800 0.22151700
v 0.25972100 0.00372600 0.22151700
v 0.25937300 0.00556300 0.22151700
v 0.25888900 0.00736900 0.22151700
v 0.25827200 0.00913300 0.22151700
v 0.25752400 0.01084700 0.22151700
v 0.25665100 0.01250000 0.22151700
v 0.25565600 0.01408300 0.22151700
v 0.25454600 0.01558700 0.22151700
v 0.25332600 0.01700400 0.22151700
v 0.25200400 0.01832600 0.22151700
v 0.25058700 0.01954600 0.22151700
v 0.24908300 0.02065600 0.22151700
v 0.24750000 0.02165100 0.22151700
v 0.24584700 0.02252400 0.22151700
v 0.24413400 0.02327200 0.22151700
v 0.24236900 0.02388900 0.22151700
v 0.24056300 0.02437300 0.22151700
v 0.23872600 0.02472100 0.22151700
v 0.23686800 0.02493000 0.22151700
v 0.23500000 0.02500000 0.22151700
v 0.23313200 0.02493000 0.22151700
v 0.23127400 0.02472100 0.22151700
v 0.22943700 0.02437300 0.22151700
v 0.22763100 0.02388900 0.22151700
v 0.22586600 0.02327200 0.22151700
v 0.22415300 0.02252400 0.22151700
v 0.22250000 0.02165100 0.22151700
v 0.22091700 0.02065600 0.22151700
v 0.21941300 0.01954600 0.22151700
v 0.21799600 0.01832600 0.22151700
v 0.21667400 0.01700400 0.22151700
v 0.21545400 0.01558700 0.22151700
v 0.21434400 0.01408300 0.22151700
v 0.21334900 0.01250000 0.22151700
v 0.21247600 0.01084700 0.22151700
v 0.21172800 0.00913300 0.22151700
v 0.21111100 0.00736900 0.22151700
v 0.21062700 0.00556300 0.22151700
v 0.21027900 0.00372600 0.22151700
v 0.21007000 0.00186800 0.22151700
v 0.25999000 0.00427900 0.22378100
v 0.25999000 0.00427900 0.22545800
v 0.25998900 0.00395800 0.22378100
v 0.25998900 0.00395800 0.22545800
v 0.26009000 0.00365200 0.22378100
v 0.26009000 0.00365200 0.22545800
v 0.26027200 0.00340400 0.22251700
v 0.26027200 0.00340400 0.22363800
v 0.26027200 0.00340400 0.22475800
v 0.26027200 0.00340400 0.22587900
v 0.26027200 0.00340400 0.22699900
v 0.26008700 0.00457100 0.22251700
v 0.25998400 0.00426500 0.22220800
v 0.25997000 0.00411000 0.22213000
v 0.25998200 0.00395700 0.22210400
v 0.26001800 0.00380800 0.22213000
v 0.26007800 0.00366500 0.22220700
v 0.25998900 0.00395800 0.22294300
v 0.25997600 0.00411900 0.22378100
v 0.25999000 0.00427900 0.22294300
v 0.25997600 0.00411900 0.22294300
v 0.25997600 0.00411900 0.22252400
v 0.25998000 0.00419900 0.22294300
v 0.25999000 0.00427900 0.22252400
v 0.25998000 0.00419900 0.22252400
v 0.26002700 0.00442900 0.22378100
v 0.26002700 0.00442900 0.22294300
v 0.25998900 0.00395800 0.22252400
v 0.25997900 0.00403800 0.22294300
v 0.25997900 0.00403800 0.22252400
v 0.26009000 0.00365200 0.22294300
v 0.26002700 0.00380100 0.22378100
v 0.26002700 0.00380100 0.22294300
v 0.26002700 0.00380100 0.22252400
v 0.26000400 0.00387800 0.22294300
v 0.26000400 0.00387800 0.22252400
v 0.26009000 0.00365200 0.22252400
v 0.26005500 0.00372500 0.22294300
v 0.26005500 0.00372500 0.22252400
v 0.26017100 0.00352100 0.22378100
v 0.26017100 0.00352100 0.22294300
v 0.26008700 0.00457100 0.22699900
v 0.26008700 0.00457100 0.22587900
v 0.26008700 0.00457100 0.22475800
v 0.26008700 0.00457100 0.22363800
v 0.26008400 0.00366400 0.22709800
v 0.25999000 0.00396300 0.22713000
v 0.25999100 0.00427400 0.22709700
v 0.26009000 0.00365200 0.22629600
v 0.26017100 0.00352100 0.22545800
v 0.26017100 0.00352100 0.22629600
v 0.25998900 0.00395800 0.22629600
v 0.26002700 0.00380100 0.22545800
v 0.26002700 0.00380100 0.22629600
v 0.25999000 0.00427900 0.22629600
v 0.25997600 0.00411900 0.22545800
v 0.25997600 0.00411900 0.22629600
v 0.26002700 0.00442900 0.22545800
v 0.26002700 0.00442900 0.22629600
v 0.21100000 -0.00000000 0.22799900
v 0.25900000 -0.00000000 0.22799900
v 0.26049300 0.00059100 0.22699900
v 0.26042100 0.00200100 0.22699900
v 0.26027200 0.00340400 0.22699900
v 0.26008400 0.00366400 0.22709800
v 0.25999000 0.00396300 0.22713000
v 0.25999100 0.00427400 0.22709700
v 0.25964800 0.00224900 0.22749900
v 0.25928600 0.00476900 0.22749900
v 0.25949900 0.00351400 0.22749900
v 0.26002100 0.00228400 0.22724900
v 0.25987100 0.00356700 0.22724900
v 0.25958200 0.00288200 0.22749900
v 0.25995400 0.00292600 0.22724900
v 0.25972400 0.00112600 0.22749900
v 0.25965400 0.00484100 0.22724900
v 0.25940100 0.00414200 0.22749900
v 0.25977100 0.00420500 0.22724900
v 0.25871100 0.00709700 0.22749900
v 0.26008700 0.00457100 0.22699900
v 0.25979500 0.00595300 0.22699900
v 0.25942800 0.00731600 0.22699900
v 0.25920200 0.00754300 0.22709800
v 0.25906300 0.00782300 0.22713000
v 0.25901400 0.00813100 0.22709700
v 0.25833900 0.00823700 0.22749900
v 0.25907000 0.00720400 0.22724900
v 0.25869300 0.00836200 0.22724900
v 0.25853200 0.00766900 0.22749900
v 0.25888800 0.00778500 0.22724900
v 0.25906300 0.00844000 0.22699900
v 0.25855900 0.00975800 0.22699900
v 0.25798300 0.01104700 0.22699900
v 0.25772400 0.01123600 0.22709800
v 0.25754200 0.01149100 0.22713000
v 0.25744700 0.01178700 0.22709700
v 0.25689900 0.01153200 0.22749900
v 0.25743200 0.01045800 0.22749900
v 0.25777200 0.01061600 0.22724900
v 0.25723100 0.01170700 0.22724900
v 0.25717200 0.01099800 0.22749900
v 0.25750800 0.01116500 0.22724900
v 0.25568000 0.01359800 0.22749900
v 0.25631500 0.01258000 0.22749900
v 0.25663800 0.01277000 0.22724900
v 0.25661300 0.01205900 0.22749900
v 0.25694100 0.01224200 0.22724900
v 0.25744600 0.01210000 0.22699900
v 0.25674200 0.01332400 0.22699900
v 0.25597200 0.01450700 0.22699900
v 0.25568700 0.01465300 0.22709800
v 0.25546700 0.01487600 0.22713000
v 0.25532600 0.01515400 0.22709700
v 0.25426700 0.01553500 0.22749900
v 0.25499700 0.01458400 0.22749900
v 0.25599300 0.01380400 0.22724900
v 0.25530000 0.01480500 0.22724900
v 0.25534500 0.01409500 0.22749900
v 0.25565300 0.01430800 0.22724900
v 0.25455900 0.01577100 0.22724900
v 0.25463800 0.01506400 0.22749900
v 0.25493500 0.01529200 0.22724900
v 0.25267300 0.01732700 0.22749900
v 0.25349200 0.01645100 0.22749900
v 0.25527700 0.01546200 0.22699900
v 0.25439000 0.01656100 0.22699900
v 0.25344400 0.01760900 0.22699900
v 0.25314000 0.01770900 0.22709800
v 0.25288800 0.01789500 0.22713000
v 0.25270500 0.01814700 0.22709700
v 0.25377200 0.01670000 0.22724900
v 0.25294100 0.01759000 0.22724900
v 0.25308800 0.01689400 0.22749900
v 0.25336200 0.01715000 0.22724900
v 0.25091300 0.01895600 0.22749900
v 0.25181300 0.01816300 0.22749900
v 0.25206700 0.01843800 0.22724900
v 0.25224800 0.01775000 0.22749900
v 0.25250900 0.01801900 0.22724900
v 0.25260900 0.01844400 0.22699900
v 0.25156100 0.01939000 0.22699900
v 0.25046200 0.02027700 0.22699900
v 0.25014600 0.02032800 0.22709800
v 0.24986800 0.02047300 0.22713000
v 0.24964900 0.02069300 0.22709700
v 0.24900300 0.02040800 0.22749900
v 0.24997600 0.01970500 0.22749900
v 0.25115400 0.01924400 0.22724900
v 0.25020300 0.02000400 0.22724900
v 0.25044900 0.01933600 0.22749900
v 0.25068300 0.01962900 0.22724900
v 0.24921600 0.02071700 0.22724900
v 0.24949400 0.02006200 0.22749900
v 0.24971300 0.02036600 0.22724900
v 0.24696200 0.02166700 0.22749900
v 0.24950700 0.02097200 0.22699900
v 0.24832400 0.02174200 0.22699900
v 0.24710000 0.02244600 0.22699900
v 0.24678000 0.02244800 0.22709800
v 0.24648300 0.02254700 0.22713000
v 0.24623100 0.02273000 0.22709700
v 0.24475800 0.02274500 0.22749900
v 0.24587400 0.02223300 0.22749900
v 0.24714400 0.02199500 0.22724900
v 0.24603800 0.02257000 0.22724900
v 0.24642200 0.02195700 0.22749900
v 0.24659500 0.02229000 0.22724900
v 0.24490600 0.02309000 0.22724900
v 0.24531900 0.02249600 0.22749900
v 0.24547600 0.02283700 0.22724900
v 0.24244700 0.02360300 0.22749900
v 0.24361300 0.02320300 0.22749900
v 0.24604700 0.02298300 0.22699900
v 0.24475800 0.02355900 0.22699900
v 0.24344000 0.02406300 0.22699900
v 0.24312300 0.02401400 0.22709800
v 0.24281400 0.02406600 0.22713000
v 0.24253700 0.02420700 0.22709700
v 0.24374400 0.02355400 0.22724900
v 0.24256000 0.02396100 0.22724900
v 0.24303300 0.02341000 0.22749900
v 0.24315400 0.02376500 0.22724900
v 0.24006100 0.02422700 0.22749900
v 0.24126200 0.02394500 0.22749900
v 0.24135700 0.02430800 0.22724900
v 0.24185600 0.02378100 0.22749900
v 0.24196000 0.02414200 0.22724900
v 0.24231600 0.02442800 0.22699900
v 0.24095300 0.02479500 0.22699900
v 0.23957200 0.02508700 0.22699900
v 0.23926600 0.02498900 0.22709800
v 0.23895300 0.02499200 0.22713000
v 0.23865800 0.02508800 0.22709700
v 0.23762600 0.02461000 0.22749900
v 0.23884800 0.02444900 0.22749900
v 0.24013800 0.02459400 0.22724900
v 0.23890700 0.02481900 0.22724900
v 0.23945600 0.02434600 0.22749900
v 0.23952400 0.02471400 0.22724900
v 0.23766500 0.02498300 0.22724900
v 0.23823800 0.02453700 0.22749900
v 0.23828700 0.02490900 0.22724900
v 0.23500000 0.02475000 0.22749900
v 0.23631500 0.02471500 0.22749900
v 0.23840500 0.02527200 0.22699900
v 0.23700100 0.02542100 0.22699900
v 0.23559100 0.02549300 0.22699900
v 0.23530500 0.02534900 0.22709800
v 0.23499500 0.02530200 0.22713000
v 0.23468800 0.02535100 0.22709700
v 0.23633500 0.02509000 0.22724900
v 0.23500000 0.02512500 0.22724900
v 0.23565800 0.02474100 0.22749900
v 0.23566800 0.02511600 0.22724900
v 0.23275100 0.02464800 0.22749900
v 0.23387400 0.02472400 0.22749900
v 0.23385700 0.02509900 0.22724900
v 0.23443700 0.02474400 0.22749900
v 0.23442800 0.02511800 0.22724900
v 0.23440900 0.02549300 0.22699900
v 0.23299900 0.02542100 0.22699900
v 0.23159600 0.02527200 0.22699900
v 0.23133600 0.02508400 0.22709800
v 0.23103700 0.02499000 0.22713000
v 0.23072600 0.02499000 0.22709700
v 0.23023100 0.02428600 0.22749900
v 0.23148600 0.02449900 0.22749900
v 0.23271600 0.02502100 0.22724900
v 0.23143300 0.02487000 0.22724900
v 0.23211800 0.02458200 0.22749900
v 0.23207400 0.02495400 0.22724900
v 0.23015900 0.02465400 0.22724900
v 0.23085800 0.02440100 0.22749900
v 0.23079500 0.02477100 0.22724900
v 0.22790300 0.02371100 0.22749900
v 0.23042900 0.02508700 0.22699900
v 0.22904700 0.02479500 0.22699900
v 0.22768400 0.02442800 0.22699900
v 0.22745700 0.02420200 0.22709800
v 0.22717700 0.02406200 0.22713000
v 0.22686900 0.02401400 0.22709700
v 0.22676300 0.02333900 0.22749900
v 0.22779600 0.02407000 0.22724900
v 0.22663800 0.02369300 0.22724900
v 0.22733100 0.02353200 0.22749900
v 0.22721500 0.02388800 0.22724900
v 0.22656000 0.02406300 0.22699900
v 0.22524200 0.02355900 0.22699900
v 0.22395300 0.02298300 0.22699900
v 0.22376300 0.02272400 0.22709800
v 0.22350900 0.02254200 0.22713000
v 0.22321300 0.02244700 0.22709700
v 0.22346800 0.02189900 0.22749900
v 0.22454200 0.02243200 0.22749900
v 0.22438400 0.02277200 0.22724900
v 0.22329300 0.02223100 0.22724900
v 0.22400200 0.02217200 0.22749900
v 0.22383500 0.02250800 0.22724900
v 0.22140200 0.02068000 0.22749900
v 0.22242000 0.02131500 0.22749900
v 0.22223000 0.02163800 0.22724900
v 0.22294100 0.02161300 0.22749900
v 0.22275800 0.02194100 0.22724900
v 0.22290000 0.02244600 0.22699900
v 0.22167600 0.02174200 0.22699900
v 0.22049300 0.02097200 0.22699900
v 0.22034700 0.02068700 0.22709800
v 0.22012400 0.02046700 0.22713000
v 0.21984600 0.02032600 0.22709700
v 0.21946500 0.01926700 0.22749900
v 0.22041600 0.01999700 0.22749900
v 0.22119600 0.02099300 0.22724900
v 0.22019500 0.02030000 0.22724900
v 0.22090500 0.02034500 0.22749900
v 0.22069200 0.02065300 0.22724900
v 0.21922900 0.01955900 0.22724900
v 0.21993600 0.01963800 0.22749900
v 0.21970800 0.01993500 0.22724900
v 0.21767300 0.01767300 0.22749900
v 0.21854900 0.01849200 0.22749900
v 0.21953800 0.02027700 0.22699900
v 0.21843900 0.01939000 0.22699900
v 0.21739100 0.01844400 0.22699900
v 0.21729100 0.01814000 0.22709800
v 0.21710500 0.01788800 0.22713000
v 0.21685300 0.01770500 0.22709700
v 0.21830000 0.01877200 0.22724900
v 0.21741000 0.01794100 0.22724900
v 0.21810600 0.01808800 0.22749900
v 0.21785000 0.01836200 0.22724900
v 0.21604400 0.01591300 0.22749900
v 0.21683700 0.01681300 0.22749900
v 0.21656200 0.01706700 0.22724900
v 0.21725000 0.01724800 0.22749900
v 0.21698100 0.01750900 0.22724900
v 0.21655600 0.01760900 0.22699900
v 0.21561000 0.01656100 0.22699900
v 0.21472300 0.01546200 0.22699900
v 0.21467200 0.01514600 0.22709800
v 0.21452700 0.01486800 0.22713000
v 0.21430700 0.01464900 0.22709700
v 0.21459200 0.01400300 0.22749900
v 0.21529500 0.01497600 0.22749900
v 0.21575600 0.01615400 0.22724900
v 0.21499600 0.01520300 0.22724900
v 0.21566400 0.01544900 0.22749900
v 0.21537100 0.01568300 0.22724900
v 0.21428300 0.01421500 0.22724900
v 0.21493800 0.01449400 0.22749900
v 0.21463400 0.01471300 0.22724900
v 0.21333300 0.01196200 0.22749900
v 0.21402800 0.01450700 0.22699900
v 0.21325800 0.01332400 0.22699900
v 0.21255400 0.01210000 0.22699900
v 0.21255200 0.01178000 0.22709800
v 0.21245300 0.01148300 0.22713000
v 0.21227000 0.01123100 0.22709700
v 0.21225500 0.00975800 0.22749900
v 0.21276700 0.01087400 0.22749900
v 0.21300500 0.01214400 0.22724900
v 0.21243000 0.01103800 0.22724900
v 0.21304300 0.01142200 0.22749900
v 0.21271000 0.01159500 0.22724900
v 0.21191000 0.00990600 0.22724900
v 0.21250400 0.01031900 0.22749900
v 0.21216300 0.01047600 0.22724900
v 0.21139700 0.00744700 0.22749900
v 0.21179700 0.00861300 0.22749900
v 0.21201700 0.01104700 0.22699900
v 0.21144100 0.00975800 0.22699900
v 0.21093700 0.00844000 0.22699900
v 0.21098600 0.00812300 0.22709800
v 0.21093400 0.00781400 0.22713000
v 0.21079300 0.00753700 0.22709700
v 0.21144600 0.00874400 0.22724900
v 0.21103900 0.00756000 0.22724900
v 0.21159000 0.00803200 0.22749900
v 0.21123500 0.00815400 0.22724900
v 0.21077300 0.00506100 0.22749900
v 0.21105500 0.00626200 0.22749900
v 0.21069200 0.00635700 0.22724900
v 0.21121900 0.00685600 0.22749900
v 0.21085800 0.00696000 0.22724900
v 0.21057200 0.00731600 0.22699900
v 0.21020500 0.00595300 0.22699900
v 0.20991300 0.00457100 0.22699900
v 0.21001100 0.00426600 0.22709800
v 0.21000800 0.00395300 0.22713000
v 0.20991200 0.00365800 0.22709700
v 0.21039000 0.00262600 0.22749900
v 0.21055100 0.00384800 0.22749900
v 0.21040600 0.00513800 0.22724900
v 0.21018100 0.00390700 0.22724900
v 0.21065400 0.00445600 0.22749900
v 0.21028600 0.00452400 0.22724900
v 0.21001700 0.00266500 0.22724900
v 0.21046300 0.00323800 0.22749900
v 0.21009100 0.00328700 0.22724900
v 0.21028500 0.00131500 0.22749900
v 0.20972800 0.00340400 0.22699900
v 0.20957900 0.00200100 0.22699900
v 0.20950700 0.00059100 0.22699900
v 0.20965100 0.00030800 0.22709900
v 0.20970000 -0.00000000 0.22713200
v 0.20991000 0.00133500 0.22724900
v 0.21025900 0.00065800 0.22749900
v 0.20988400 0.00066800 0.22724900
v 0.21107000 0.00183700 0.22799900
v 0.21128100 0.00366400 0.22799900
v 0.21163100 0.00546800 0.22799900
v 0.21211800 0.00724100 0.22799900
v 0.21274000 0.00897200 0.22799900
v 0.21349200 0.01064900 0.22799900
v 0.21437000 0.01226400 0.22799900
v 0.21537000 0.01380800 0.22799900
v 0.21648400 0.01527000 0.22799900
v 0.21770700 0.01664200 0.22799900
v 0.21903200 0.01791700 0.22799900
v 0.22045100 0.01908700 0.22799900
v 0.22195400 0.02014500 0.22799900
v 0.22353500 0.02108400 0.22799900
v 0.22518200 0.02190000 0.22799900
v 0.22688800 0.02258700 0.22799900
v 0.22864000 0.02314200 0.22799900
v 0.23043100 0.02356100 0.22799900
v 0.23224800 0.02384200 0.22799900
v 0.23408100 0.02398200 0.22799900
v 0.23591900 0.02398200 0.22799900
v 0.23775200 0.02384200 0.22799900
v 0.23956900 0.02356100 0.22799900
v 0.24136000 0.02314200 0.22799900
v 0.24311200 0.02258700 0.22799900
v 0.24481800 0.02190000 0.22799900
v 0.24646500 0.02108400 0.22799900
v 0.24804600 0.02014500 0.22799900
v 0.24954900 0.01908700 0.22799900
v 0.25096800 0.01791700 0.22799900
v 0.25229300 0.01664200 0.22799900
v 0.25351600 0.01527000 0.22799900
v 0.25463000 0.01380800 0.22799900
v 0.25563000 0.01226400 0.22799900
v 0.25650800 0.01064900 0.22799900
v 0.25726000 0.00897200 0.22799900
v 0.25788200 0.00724100 0.22799900
v 0.25836900 0.00546800 0.22799900
v 0.25871900 0.00366400 0.22799900
v 0.25893000 0.00183700 0.22799900
v 0.26030000 -0.00000000 0.22713200
v 0.26034900 0.00030900 0.22709900
v 0.26009900 0.00114300 0.22724900
v 0.25974400 0.00056300 0.22749900
v 0.26011900 0.00057200 0.22724900
v 0.25900000 -0.00000000 0.22799900
v 0.21100000 -0.00000000 0.22799900
v 0.26027200 -0.00340500 0.22699900
v 0.26042100 -0.00200100 0.22699900
v 0.26049300 -0.00059100 0.22699900
v 0.25942800 -0.00731600 0.22699900
v 0.25979500 -0.00595300 0.22699900
v 0.25798300 -0.01104700 0.22699900
v 0.25855900 -0.00975800 0.22699900
v 0.25597200 -0.01450700 0.22699900
v 0.25674200 -0.01332400 0.22699900
v 0.25344400 -0.01760900 0.22699900
v 0.25439000 -0.01656100 0.22699900
v 0.25046200 -0.02027700 0.22699900
v 0.25156100 -0.01939000 0.22699900
v 0.24710000 -0.02244600 0.22699900
v 0.24832400 -0.02174200 0.22699900
v 0.24344000 -0.02406300 0.22699900
v 0.24475800 -0.02355900 0.22699900
v 0.23957200 -0.02508700 0.22699900
v 0.24095300 -0.02479500 0.22699900
v 0.23559100 -0.02549300 0.22699900
v 0.23700100 -0.02542100 0.22699900
v 0.20970000 -0.00000000 0.22713200
v 0.26030000 -0.00000000 0.22713200
v 0.24231600 -0.02442800 0.22699900
v 0.24254300 -0.02420200 0.22709800
v 0.24282300 -0.02406300 0.22713000
v 0.24313100 -0.02401400 0.22709700
v 0.24209700 -0.02371100 0.22749900
v 0.24323700 -0.02333900 0.22749900
v 0.24220400 -0.02407000 0.22724900
v 0.24336200 -0.02369300 0.22724900
v 0.24266900 -0.02353200 0.22749900
v 0.24278500 -0.02388800 0.22724900
v 0.23976900 -0.02428600 0.22749900
v 0.24604700 -0.02298300 0.22699900
v 0.24623600 -0.02272400 0.22709800
v 0.24649100 -0.02254300 0.22713000
v 0.24678700 -0.02244700 0.22709700
v 0.24653200 -0.02189900 0.22749900
v 0.24545800 -0.02243200 0.22749900
v 0.24561600 -0.02277200 0.22724900
v 0.24670700 -0.02223100 0.22724900
v 0.24599800 -0.02217200 0.22749900
v 0.24616500 -0.02250800 0.22724900
v 0.24859800 -0.02068000 0.22749900
v 0.24758000 -0.02131500 0.22749900
v 0.24777000 -0.02163800 0.22724900
v 0.24705900 -0.02161300 0.22749900
v 0.24724200 -0.02194100 0.22724900
v 0.24950700 -0.02097200 0.22699900
v 0.24965300 -0.02068700 0.22709800
v 0.24987600 -0.02046700 0.22713000
v 0.25015300 -0.02032600 0.22709700
v 0.25053500 -0.01926700 0.22749900
v 0.24958400 -0.01999700 0.22749900
v 0.24880400 -0.02099400 0.22724900
v 0.24980500 -0.02030000 0.22724900
v 0.24909500 -0.02034500 0.22749900
v 0.24930800 -0.02065300 0.22724900
v 0.25077100 -0.01955900 0.22724900
v 0.25006400 -0.01963800 0.22749900
v 0.25029200 -0.01993500 0.22724900
v 0.25232700 -0.01767300 0.22749900
v 0.25145100 -0.01849200 0.22749900
v 0.25260900 -0.01844400 0.22699900
v 0.25270900 -0.01814000 0.22709800
v 0.25289500 -0.01788800 0.22713000
v 0.25314700 -0.01770600 0.22709700
v 0.25170000 -0.01877200 0.22724900
v 0.25259000 -0.01794100 0.22724900
v 0.25189400 -0.01808800 0.22749900
v 0.25215000 -0.01836200 0.22724900
v 0.25395600 -0.01591300 0.22749900
v 0.25316300 -0.01681300 0.22749900
v 0.25343800 -0.01706700 0.22724900
v 0.25275000 -0.01724800 0.22749900
v 0.25301900 -0.01750900 0.22724900
v 0.25527700 -0.01546200 0.22699900
v 0.25532800 -0.01514600 0.22709800
v 0.25547300 -0.01486900 0.22713000
v 0.25569300 -0.01464900 0.22709700
v 0.25540800 -0.01400300 0.22749900
v 0.25470500 -0.01497600 0.22749900
v 0.25424400 -0.01615400 0.22724900
v 0.25500400 -0.01520300 0.22724900
v 0.25433600 -0.01544900 0.22749900
v 0.25462900 -0.01568300 0.22724900
v 0.25571700 -0.01421600 0.22724900
v 0.25506200 -0.01449400 0.22749900
v 0.25536600 -0.01471300 0.22724900
v 0.25666700 -0.01196200 0.22749900
v 0.25744600 -0.01210000 0.22699900
v 0.25744700 -0.01178000 0.22709800
v 0.25754700 -0.01148300 0.22713000
v 0.25773000 -0.01123100 0.22709700
v 0.25774500 -0.00975800 0.22749900
v 0.25723300 -0.01087400 0.22749900
v 0.25699500 -0.01214400 0.22724900
v 0.25757000 -0.01103800 0.22724900
v 0.25695700 -0.01142200 0.22749900
v 0.25729000 -0.01159500 0.22724900
v 0.25809000 -0.00990600 0.22724900
v 0.25749600 -0.01031900 0.22749900
v 0.25783700 -0.01047600 0.22724900
v 0.25860300 -0.00744700 0.22749900
v 0.25820300 -0.00861300 0.22749900
v 0.25906300 -0.00844000 0.22699900
v 0.25901400 -0.00812300 0.22709800
v 0.25906500 -0.00781500 0.22713000
v 0.25920700 -0.00753700 0.22709700
v 0.25855400 -0.00874400 0.22724900
v 0.25896100 -0.00756000 0.22724900
v 0.25841000 -0.00803300 0.22749900
v 0.25876500 -0.00815400 0.22724900
v 0.25922700 -0.00506100 0.22749900
v 0.25894500 -0.00626200 0.22749900
v 0.25930800 -0.00635700 0.22724900
v 0.25878100 -0.00685600 0.22749900
v 0.25914200 -0.00696000 0.22724900
v 0.26008700 -0.00457200 0.22699900
v 0.25998900 -0.00426700 0.22709800
v 0.25999200 -0.00395400 0.22713000
v 0.26008800 -0.00365800 0.22709700
v 0.25961000 -0.00262600 0.22749900
v 0.25944900 -0.00384800 0.22749900
v 0.25959400 -0.00513800 0.22724900
v 0.25981900 -0.00390700 0.22724900
v 0.25934600 -0.00445600 0.22749900
v 0.25971400 -0.00452400 0.22724900
v 0.25998300 -0.00266500 0.22724900
v 0.25953700 -0.00323800 0.22749900
v 0.25990900 -0.00328700 0.22724900
v 0.25971500 -0.00131500 0.22749900
v 0.26034900 -0.00030900 0.22709900
v 0.26009000 -0.00133500 0.22724900
v 0.25974100 -0.00065800 0.22749900
v 0.26011600 -0.00066800 0.22724900
v 0.25893000 -0.00183700 0.22799900
v 0.25871900 -0.00366400 0.22799900
v 0.25836900 -0.00546900 0.22799900
v 0.25788200 -0.00724100 0.22799900
v 0.25726000 -0.00897200 0.22799900
v 0.25650800 -0.01064900 0.22799900
v 0.25563000 -0.01226400 0.22799900
v 0.25463000 -0.01380800 0.22799900
v 0.25351600 -0.01527000 0.22799900
v 0.25229300 -0.01664200 0.22799900
v 0.25096800 -0.01791700 0.22799900
v 0.24954900 -0.01908700 0.22799900
v 0.24804600 -0.02014500 0.22799900
v 0.24646500 -0.02108400 0.22799900
v 0.24481800 -0.02190000 0.22799900
v 0.24311200 -0.02258700 0.22799900
v 0.24136000 -0.02314200 0.22799900
v 0.23956900 -0.02356100 0.22799900
v 0.23775200 -0.02384200 0.22799900
v 0.23591900 -0.02398200 0.22799900
v 0.23408100 -0.02398200 0.22799900
v 0.23224800 -0.02384200 0.22799900
v 0.23043100 -0.02356100 0.22799900
v 0.22864000 -0.02314200 0.22799900
v 0.22688800 -0.02258700 0.22799900
v 0.22518200 -0.02190000 0.22799900
v 0.22353500 -0.02108400 0.22799900
v 0.22195400 -0.02014500 0.22799900
v 0.22045100 -0.01908700 0.22799900
v 0.21903200 -0.01791700 0.22799900
v 0.21770700 -0.01664200 0.22799900
v 0.21648400 -0.01527000 0.22799900
v 0.21537000 -0.01380800 0.22799900
v 0.21437000 -0.01226400 0.22799900
v 0.21349200 -0.01064900 0.22799900
v 0.21274000 -0.00897200 0.22799900
v 0.21211800 -0.00724100 0.22799900
v 0.21163100 -0.00546900 0.22799900
v 0.21128100 -0.00366400 0.22799900
v 0.21107000 -0.00183700 0.22799900
v 0.20965100 -0.00030900 0.22709900
v 0.21035200 -0.00224900 0.22749900
v 0.21027600 -0.00112600 0.22749900
v 0.20990100 -0.00114300 0.22724900
v 0.21025600 -0.00056300 0.22749900
v 0.20988200 -0.00057200 0.22724900
v 0.20950700 -0.00059100 0.22699900
v 0.20957900 -0.00200100 0.22699900
v 0.20972800 -0.00340500 0.22699900
v 0.20991600 -0.00366400 0.22709800
v 0.21001000 -0.00396300 0.22713000
v 0.21001000 -0.00427400 0.22709700
v 0.21071400 -0.00476900 0.22749900
v 0.21050100 -0.00351400 0.22749900
v 0.20997900 -0.00228400 0.22724900
v 0.21012900 -0.00356700 0.22724900
v 0.21041800 -0.00288300 0.22749900
v 0.21004600 -0.00292600 0.22724900
v 0.21034600 -0.00484100 0.22724900
v 0.21059900 -0.00414200 0.22749900
v 0.21022900 -0.00420500 0.22724900
v 0.21128900 -0.00709700 0.22749900
v 0.20991300 -0.00457200 0.22699900
v 0.21020500 -0.00595300 0.22699900
v 0.21057200 -0.00731600 0.22699900
v 0.21079800 -0.00754300 0.22709800
v 0.21093700 -0.00782400 0.22713000
v 0.21098600 -0.00813100 0.22709700
v 0.21166100 -0.00823700 0.22749900
v 0.21093000 -0.00720400 0.22724900
v 0.21130700 -0.00836200 0.22724900
v 0.21146800 -0.00766900 0.22749900
v 0.21111200 -0.00778600 0.22724900
v 0.21093700 -0.00844000 0.22699900
v 0.21144100 -0.00975800 0.22699900
v 0.21201700 -0.01104700 0.22699900
v 0.21227600 -0.01123700 0.22709800
v 0.21245800 -0.01149100 0.22713000
v 0.21255300 -0.01178700 0.22709700
v 0.21310100 -0.01153200 0.22749900
v 0.21256800 -0.01045800 0.22749900
v 0.21222800 -0.01061600 0.22724900
v 0.21276900 -0.01170700 0.22724900
v 0.21282800 -0.01099800 0.22749900
v 0.21249200 -0.01116500 0.22724900
v 0.21432000 -0.01359800 0.22749900
v 0.21368500 -0.01258000 0.22749900
v 0.21336200 -0.01277000 0.22724900
v 0.21338700 -0.01205900 0.22749900
v 0.21305900 -0.01224200 0.22724900
v 0.21255400 -0.01210000 0.22699900
v 0.21325800 -0.01332400 0.22699900
v 0.21402800 -0.01450700 0.22699900
v 0.21431300 -0.01465300 0.22709800
v 0.21453300 -0.01487600 0.22713000
v 0.21467400 -0.01515400 0.22709700
v 0.21573300 -0.01553500 0.22749900
v 0.21500300 -0.01458400 0.22749900
v 0.21400700 -0.01380400 0.22724900
v 0.21470000 -0.01480500 0.22724900
v 0.21465500 -0.01409500 0.22749900
v 0.21434700 -0.01430800 0.22724900
v 0.21544100 -0.01577100 0.22724900
v 0.21536200 -0.01506400 0.22749900
v 0.21506500 -0.01529200 0.22724900
v 0.21732700 -0.01732700 0.22749900
v 0.21650800 -0.01645100 0.22749900
v 0.21472300 -0.01546200 0.22699900
v 0.21561000 -0.01656100 0.22699900
v 0.21655600 -0.01760900 0.22699900
v 0.21686000 -0.01770900 0.22709800
v 0.21711200 -0.01789500 0.22713000
v 0.21729500 -0.01814700 0.22709700
v 0.21622800 -0.01670000 0.22724900
v 0.21705900 -0.01759000 0.22724900
v 0.21691200 -0.01689400 0.22749900
v 0.21663800 -0.01715000 0.22724900
v 0.21908700 -0.01895600 0.22749900
v 0.21818700 -0.01816300 0.22749900
v 0.21793300 -0.01843800 0.22724900
v 0.21775200 -0.01775000 0.22749900
v 0.21749100 -0.01801900 0.22724900
v 0.21739100 -0.01844400 0.22699900
v 0.21843900 -0.01939000 0.22699900
v 0.21953800 -0.02027700 0.22699900
v 0.21985400 -0.02032800 0.22709800
v 0.22013200 -0.02047300 0.22713000
v 0.22035100 -0.02069300 0.22709700
v 0.22099700 -0.02040800 0.22749900
v 0.22002400 -0.01970500 0.22749900
v 0.21884600 -0.01924400 0.22724900
v 0.21979700 -0.02000400 0.22724900
v 0.21955100 -0.01933600 0.22749900
v 0.21931700 -0.01962900 0.22724900
v 0.22078500 -0.02071700 0.22724900
v 0.22050600 -0.02006200 0.22749900
v 0.22028700 -0.02036600 0.22724900
v 0.22303800 -0.02166700 0.22749900
v 0.22049300 -0.02097200 0.22699900
v 0.22167600 -0.02174200 0.22699900
v 0.22290000 -0.02244600 0.22699900
v 0.22322000 -0.02244800 0.22709800
v 0.22351700 -0.02254700 0.22713000
v 0.22376900 -0.02273000 0.22709700
v 0.22524200 -0.02274500 0.22749900
v 0.22412600 -0.02223300 0.22749900
v 0.22285600 -0.02199500 0.22724900
v 0.22396200 -0.02257000 0.22724900
v 0.22357800 -0.02195700 0.22749900
v 0.22340500 -0.02229000 0.22724900
v 0.22509400 -0.02309000 0.22724900
v 0.22468100 -0.02249600 0.22749900
v 0.22452400 -0.02283700 0.22724900
v 0.22755300 -0.02360300 0.22749900
v 0.22638700 -0.02320300 0.22749900
v 0.22395300 -0.02298300 0.22699900
v 0.22524200 -0.02355900 0.22699900
v 0.22656000 -0.02406300 0.22699900
v 0.22687700 -0.02401400 0.22709800
v 0.22718600 -0.02406600 0.22713000
v 0.22746300 -0.02420700 0.22709700
v 0.22625600 -0.02355400 0.22724900
v 0.22744000 -0.02396100 0.22724900
v 0.22696800 -0.02341000 0.22749900
v 0.22684600 -0.02376500 0.22724900
v 0.22993900 -0.02422700 0.22749900
v 0.22873800 -0.02394500 0.22749900
v 0.22864300 -0.02430800 0.22724900
v 0.22814400 -0.02378100 0.22749900
v 0.22804000 -0.02414200 0.22724900
v 0.22768400 -0.02442800 0.22699900
v 0.22904700 -0.02479500 0.22699900
v 0.23042900 -0.02508700 0.22699900
v 0.23073400 -0.02498900 0.22709800
v 0.23104700 -0.02499200 0.22713000
v 0.23134200 -0.02508800 0.22709700
v 0.23237400 -0.02461000 0.22749900
v 0.23115200 -0.02444900 0.22749900
v 0.22986200 -0.02459400 0.22724900
v 0.23109300 -0.02481900 0.22724900
v 0.23054400 -0.02434600 0.22749900
v 0.23047600 -0.02471400 0.22724900
v 0.23233500 -0.02498300 0.22724900
v 0.23176200 -0.02453700 0.22749900
v 0.23171300 -0.02490900 0.22724900
v 0.23500000 -0.02475000 0.22749900
v 0.23368500 -0.02471500 0.22749900
v 0.23159600 -0.02527200 0.22699900
v 0.23299900 -0.02542100 0.22699900
v 0.23440900 -0.02549300 0.22699900
v 0.23469500 -0.02534900 0.22709800
v 0.23500500 -0.02530200 0.22713000
v 0.23531200 -0.02535100 0.22709700
v 0.23366500 -0.02509000 0.22724900
v 0.23500000 -0.02512500 0.22724900
v 0.23434200 -0.02474100 0.22749900
v 0.23433200 -0.02511600 0.22724900
v 0.23724900 -0.02464800 0.22749900
v 0.23612600 -0.02472400 0.22749900
v 0.23614300 -0.02509900 0.22724900
v 0.23556300 -0.02474400 0.22749900
v 0.23557200 -0.02511900 0.22724900
v 0.23840500 -0.02527200 0.22699900
v 0.23866400 -0.02508400 0.22709800
v 0.23896300 -0.02499000 0.22713000
v 0.23927400 -0.02499000 0.22709700
v 0.23851400 -0.02449900 0.22749900
v 0.23728400 -0.02502100 0.22724900
v 0.23856700 -0.02487100 0.22724900
v 0.23788300 -0.02458200 0.22749900
v 0.23792600 -0.02495400 0.22724900
v 0.23984100 -0.02465400 0.22724900
v 0.23914200 -0.02440100 0.22749900
v 0.23920500 -0.02477100 0.22724900
v 0.23531800 -0.02535200 0.22378000
v 0.23531800 -0.02535200 0.22545500
v 0.23500000 -0.02530000 0.22378000
v 0.23500000 -0.02530000 0.22545500
v 0.23468200 -0.02535200 0.22378000
v 0.23468200 -0.02535200 0.22545500
v 0.23559100 -0.02549300 0.22699900
v 0.23559100 -0.02549300 0.22587900
v 0.23559100 -0.02549300 0.22475800
v 0.23559100 -0.02549300 0.22363800
v 0.23559100 -0.02549300 0.22251700
v 0.23530400 -0.02534300 0.22220800
v 0.23515300 -0.02530600 0.22213000
v 0.23500000 -0.02529300 0.22210400
v 0.23484700 -0.02530600 0.22213000
v 0.23469600 -0.02534300 0.22220700
v 0.23500000 -0.02530000 0.22294200
v 0.23516100 -0.02531300 0.22378000
v 0.23531800 -0.02535200 0.22294200
v 0.23516100 -0.02531300 0.22294200
v 0.23516100 -0.02531300 0.22252300
v 0.23524000 -0.02532900 0.22294200
v 0.23531800 -0.02535200 0.22252300
v 0.23524000 -0.02532900 0.22252300
v 0.23546000 -0.02541200 0.22378000
v 0.23546000 -0.02541200 0.22294200
v 0.23500000 -0.02530000 0.22252300
v 0.23508100 -0.02530300 0.22294200
v 0.23508100 -0.02530300 0.22252300
v 0.23468200 -0.02535200 0.22294200
v 0.23483900 -0.02531300 0.22378000
v 0.23483900 -0.02531300 0.22294200
v 0.23483900 -0.02531300 0.22252300
v 0.23491900 -0.02530300 0.22294200
v 0.23491900 -0.02530300 0.22252300
v 0.23468200 -0.02535200 0.22252300
v 0.23476000 -0.02532900 0.22294200
v 0.23476000 -0.02532900 0.22252300
v 0.23454000 -0.02541200 0.22378000
v 0.23454000 -0.02541200 0.22294200
v 0.23440900 -0.02549300 0.22699900
v 0.23469500 -0.02534900 0.22709800
v 0.23500500 -0.02530200 0.22713000
v 0.23531200 -0.02535100 0.22709700
v 0.23468200 -0.02535200 0.22629300
v 0.23454000 -0.02541200 0.22545500
v 0.23454000 -0.02541200 0.22629300
v 0.23500000 -0.02530000 0.22629300
v 0.23483900 -0.02531300 0.22545500
v 0.23483900 -0.02531300 0.22629300
v 0.23531800 -0.02535200 0.22629300
v 0.23516100 -0.02531300 0.22545500
v 0.23516100 -0.02531300 0.22629300
v 0.23546000 -0.02541200 0.22545500
v 0.23546000 -0.02541200 0.22629300
v 0.23440900 -0.02549300 0.22251700
v 0.23440900 -0.02549300 0.22363800
v 0.23440900 -0.02549300 0.22475800
v 0.23440900 -0.02549300 0.22587900
v 0.23159600 -0.02527200 0.22251700
v 0.23299900 -0.02542100 0.22251700
v 0.23440900 -0.02549300 0.22699900
v 0.23299900 -0.02542100 0.22699900
v 0.23440900 -0.02549300 0.22251700
v 0.23440900 -0.02549300 0.22363800
v 0.23440900 -0.02549300 0.22475800
v 0.23440900 -0.02549300 0.22587900
v 0.23159600 -0.02527200 0.22699900
v 0.23159600 -0.02527200 0.22587900
v 0.23159600 -0.02527200 0.22475800
v 0.23159600 -0.02527200 0.22363800
v 0.23134800 -0.02508900 0.22378100
v 0.23134800 -0.02508900 0.22545800
v 0.23104200 -0.02498900 0.22378100
v 0.23104200 -0.02498900 0.22545800
v 0.23072000 -0.02499000 0.22378100
v 0.23072000 -0.02499000 0.22545800
v 0.23159600 -0.02527200 0.22251700
v 0.23133600 -0.02507900 0.22220800
v 0.23119200 -0.02501800 0.22213000
v 0.23104300 -0.02498200 0.22210400
v 0.23089100 -0.02497000 0.22213000
v 0.23073600 -0.02498400 0.22220700
v 0.23104200 -0.02498900 0.22294300
v 0.23119900 -0.02502700 0.22378100
v 0.23134800 -0.02508900 0.22294300
v 0.23119900 -0.02502700 0.22294300
v 0.23119900 -0.02502700 0.22252400
v 0.23127500 -0.02505500 0.22294300
v 0.23134800 -0.02508900 0.22252400
v 0.23127500 -0.02505500 0.22252400
v 0.23147900 -0.02517100 0.22378100
v 0.23147900 -0.02517100 0.22294300
v 0.23104200 -0.02498900 0.22252400
v 0.23112100 -0.02500400 0.22294300
v 0.23112100 -0.02500400 0.22252400
v 0.23072000 -0.02499000 0.22294300
v 0.23088100 -0.02497600 0.22378100
v 0.23088100 -0.02497600 0.22294300
v 0.23088100 -0.02497600 0.22252400
v 0.23096200 -0.02497900 0.22294300
v 0.23096200 -0.02497900 0.22252400
v 0.23072000 -0.02499000 0.22252400
v 0.23080000 -0.02498000 0.22294300
v 0.23080000 -0.02498000 0.22252400
v 0.23057000 -0.02502700 0.22378100
v 0.23057000 -0.02502700 0.22294300
v 0.23042900 -0.02508700 0.22699900
v 0.23073400 -0.02498900 0.22709800
v 0.23104700 -0.02499200 0.22713000
v 0.23134200 -0.02508800 0.22709700
v 0.23159600 -0.02527200 0.22699900
v 0.23072000 -0.02499000 0.22629600
v 0.23057000 -0.02502700 0.22545800
v 0.23057000 -0.02502700 0.22629600
v 0.23104200 -0.02498900 0.22629600
v 0.23088100 -0.02497600 0.22545800
v 0.23088100 -0.02497600 0.22629600
v 0.23134800 -0.02508900 0.22629600
v 0.23119900 -0.02502700 0.22545800
v 0.23119900 -0.02502700 0.22629600
v 0.23147900 -0.02517100 0.22545800
v 0.23147900 -0.02517100 0.22629600
v 0.23159600 -0.02527200 0.22587900
v 0.23159600 -0.02527200 0.22475800
v 0.23159600 -0.02527200 0.22363800
v 0.23042900 -0.02508700 0.22251700
v 0.23042900 -0.02508700 0.22363800
v 0.23042900 -0.02508700 0.22475800
v 0.23042900 -0.02508700 0.22587900
v 0.23042900 -0.02508700 0.22251700
v 0.22768400 -0.02442800 0.22251700
v 0.22904700 -0.02479500 0.22251700
v 0.23042900 -0.02508700 0.22699900
v 0.22904700 -0.02479500 0.22699900
v 0.23042900 -0.02508700 0.22363800
v 0.23042900 -0.02508700 0.22475800
v 0.23042900 -0.02508700 0.22587900
v 0.22768400 -0.02442800 0.22699900
v 0.22768400 -0.02442800 0.22587900
v 0.22768400 -0.02442800 0.22475800
v 0.22768400 -0.02442800 0.22363800
v 0.22746800 -0.02420900 0.22378100
v 0.22746800 -0.02420900 0.22545800
v 0.22718200 -0.02406200 0.22378100
v 0.22718200 -0.02406200 0.22545800
v 0.22686300 -0.02401300 0.22378100
v 0.22686300 -0.02401300 0.22545800
v 0.22768400 -0.02442800 0.22251700
v 0.22745700 -0.02419700 0.22220800
v 0.22732600 -0.02411400 0.22213000
v 0.22718400 -0.02405500 0.22210400
v 0.22703500 -0.02402000 0.22213000
v 0.22688000 -0.02400900 0.22220700
v 0.22718200 -0.02406200 0.22294300
v 0.22733100 -0.02412400 0.22378100
v 0.22746800 -0.02420900 0.22294300
v 0.22733100 -0.02412400 0.22294300
v 0.22733100 -0.02412400 0.22252400
v 0.22740100 -0.02416400 0.22294300
v 0.22746800 -0.02420900 0.22252400
v 0.22740100 -0.02416400 0.22252400
v 0.22758400 -0.02431000 0.22378100
v 0.22758400 -0.02431000 0.22294300
v 0.22718200 -0.02406200 0.22252400
v 0.22725800 -0.02409000 0.22294300
v 0.22725800 -0.02409000 0.22252400
v 0.22686300 -0.02401300 0.22294300
v 0.22702500 -0.02402400 0.22378100
v 0.22702500 -0.02402400 0.22294300
v 0.22702500 -0.02402400 0.22252400
v 0.22710400 -0.02404000 0.22294300
v 0.22710400 -0.02404000 0.22252400
v 0.22686300 -0.02401300 0.22252400
v 0.22694400 -0.02401500 0.22294300
v 0.22694400 -0.02401500 0.22252400
v 0.22671000 -0.02402600 0.22378100
v 0.22671000 -0.02402600 0.22294300
v 0.22656000 -0.02406300 0.22699900
v 0.22687700 -0.02401400 0.22709800
v 0.22718600 -0.02406600 0.22713000
v 0.22746300 -0.02420700 0.22709700
v 0.22768400 -0.02442800 0.22699900
v 0.22686300 -0.02401300 0.22629600
v 0.22671000 -0.02402600 0.22545800
v 0.22671000 -0.02402600 0.22629600
v 0.22718200 -0.02406200 0.22629600
v 0.22702500 -0.02402400 0.22545800
v 0.22702500 -0.02402400 0.22629600
v 0.22746800 -0.02420900 0.22629600
v 0.22733100 -0.02412400 0.22545800
v 0.22733100 -0.02412400 0.22629600
v 0.22758400 -0.02431000 0.22545800
v 0.22758400 -0.02431000 0.22629600
v 0.22768400 -0.02442800 0.22587900
v 0.22768400 -0.02442800 0.22475800
v 0.22768400 -0.02442800 0.22363800
v 0.22656000 -0.02406300 0.22251700
v 0.22656000 -0.02406300 0.22363800
v 0.22656000 -0.02406300 0.22475800
v 0.22656000 -0.02406300 0.22587900
v 0.22656000 -0.02406300 0.22251700
v 0.22395300 -0.02298300 0.22251700
v 0.22524200 -0.02355900 0.22251700
v 0.22656000 -0.02406300 0.22699900
v 0.22524200 -0.02355900 0.22699900
v 0.22656000 -0.02406300 0.22363800
v 0.22656000 -0.02406300 0.22475800
v 0.22656000 -0.02406300 0.22587900
v 0.22395300 -0.02298300 0.22699900
v 0.22395300 -0.02298300 0.22587900
v 0.22395300 -0.02298300 0.22475800
v 0.22395300 -0.02298300 0.22363800
v 0.22377300 -0.02273300 0.22378100
v 0.22377300 -0.02273300 0.22545800
v 0.22351400 -0.02254200 0.22378100
v 0.22351400 -0.02254200 0.22545800
v 0.22320700 -0.02244400 0.22378100
v 0.22320700 -0.02244400 0.22545800
v 0.22395300 -0.02298300 0.22251700
v 0.22376500 -0.02271900 0.22220800
v 0.22364800 -0.02261700 0.22213000
v 0.22351700 -0.02253600 0.22210400
v 0.22337500 -0.02247800 0.22213000
v 0.22322400 -0.02244300 0.22220700
v 0.22290000 -0.02244600 0.22251700
v 0.22351400 -0.02254200 0.22294300
v 0.22365100 -0.02262700 0.22378100
v 0.22377300 -0.02273300 0.22294300
v 0.22365100 -0.02262700 0.22294300
v 0.22365100 -0.02262700 0.22252400
v 0.22371500 -0.02267700 0.22294300
v 0.22377300 -0.02273300 0.22252400
v 0.22371500 -0.02267700 0.22252400
v 0.22387300 -0.02285100 0.22378100
v 0.22387300 -0.02285100 0.22294300
v 0.22351400 -0.02254200 0.22252400
v 0.22358400 -0.02258200 0.22294300
v 0.22358400 -0.02258200 0.22252400
v 0.22320700 -0.02244400 0.22294300
v 0.22336500 -0.02248100 0.22378100
v 0.22336500 -0.02248100 0.22294300
v 0.22336500 -0.02248100 0.22252400
v 0.22344100 -0.02250900 0.22294300
v 0.22344100 -0.02250900 0.22252400
v 0.22320700 -0.02244400 0.22252400
v 0.22328600 -0.02245900 0.22294300
v 0.22328600 -0.02245900 0.22252400
v 0.22305300 -0.02243400 0.22378100
v 0.22305300 -0.02243400 0.22294300
v 0.22290000 -0.02244600 0.22699900
v 0.22322000 -0.02244800 0.22709800
v 0.22351700 -0.02254700 0.22713000
v 0.22376900 -0.02273000 0.22709700
v 0.22395300 -0.02298300 0.22699900
v 0.22320700 -0.02244400 0.22629600
v 0.22305300 -0.02243400 0.22545800
v 0.22305300 -0.02243400 0.22629600
v 0.22351400 -0.02254200 0.22629600
v 0.22336500 -0.02248100 0.22545800
v 0.22336500 -0.02248100 0.22629600
v 0.22377300 -0.02273300 0.22629600
v 0.22365100 -0.02262700 0.22545800
v 0.22365100 -0.02262700 0.22629600
v 0.22387300 -0.02285100 0.22545800
v 0.22387300 -0.02285100 0.22629600
v 0.22395300 -0.02298300 0.22587900
v 0.22395300 -0.02298300 0.22475800
v 0.22395300 -0.02298300 0.22363800
v 0.22290000 -0.02244600 0.22363800
v 0.22290000 -0.02244600 0.22475800
v 0.22290000 -0.02244600 0.22587900
v 0.22290000 -0.02244600 0.22251700
v 0.22049300 -0.02097200 0.22251700
v 0.22167600 -0.02174200 0.22251700
v 0.22290000 -0.02244600 0.22699900
v 0.22167600 -0.02174200 0.22699900
v 0.22290000 -0.02244600 0.22363800
v 0.22290000 -0.02244600 0.22475800
v 0.22290000 -0.02244600 0.22587900
v 0.22049300 -0.02097200 0.22699900
v 0.22049300 -0.02097200 0.22587900
v 0.22049300 -0.02097200 0.22475800
v 0.22049300 -0.02097200 0.22363800
v 0.22035600 -0.02069700 0.22378100
v 0.22035600 -0.02069700 0.22545800
v 0.22012900 -0.02046800 0.22378100
v 0.22012900 -0.02046800 0.22545800
v 0.21984100 -0.02032300 0.22378100
v 0.21984100 -0.02032300 0.22545800
v 0.22049300 -0.02097200 0.22251700
v 0.22034900 -0.02068200 0.22220800
v 0.22025000 -0.02056300 0.22213000
v 0.22013300 -0.02046300 0.22210400
v 0.22000200 -0.02038300 0.22213000
v 0.21985800 -0.02032500 0.22220700
v 0.21953800 -0.02027700 0.22251700
v 0.22012900 -0.02046800 0.22294300
v 0.22025200 -0.02057300 0.22378100
v 0.22035600 -0.02069700 0.22294300
v 0.22025200 -0.02057300 0.22294300
v 0.22025200 -0.02057300 0.22252400
v 0.22030600 -0.02063300 0.22294300
v 0.22035600 -0.02069700 0.22252400
v 0.22030600 -0.02063300 0.22252400
v 0.22043500 -0.02082900 0.22378100
v 0.22043500 -0.02082900 0.22294300
v 0.22012900 -0.02046800 0.22252400
v 0.22019200 -0.02051800 0.22294300
v 0.22019200 -0.02051800 0.22252400
v 0.21984100 -0.02032300 0.22294300
v 0.21999100 -0.02038400 0.22378100
v 0.21999100 -0.02038400 0.22294300
v 0.21999100 -0.02038400 0.22252400
v 0.22006200 -0.02042300 0.22294300
v 0.22006200 -0.02042300 0.22252400
v 0.21984100 -0.02032300 0.22252400
v 0.21991700 -0.02035100 0.22294300
v 0.21991700 -0.02035100 0.22252400
v 0.21969100 -0.02028800 0.22378100
v 0.21969100 -0.02028800 0.22294300
v 0.21953800 -0.02027700 0.22699900
v 0.21985400 -0.02032800 0.22709800
v 0.22013200 -0.02047300 0.22713000
v 0.22035100 -0.02069300 0.22709700
v 0.22049300 -0.02097200 0.22699900
v 0.21984100 -0.02032300 0.22629600
v 0.21969100 -0.02028800 0.22545800
v 0.21969100 -0.02028800 0.22629600
v 0.22012900 -0.02046800 0.22629600
v 0.21999100 -0.02038400 0.22545800
v 0.21999100 -0.02038400 0.22629600
v 0.22035600 -0.02069700 0.22629600
v 0.22025200 -0.02057300 0.22545800
v 0.22025200 -0.02057300 0.22629600
v 0.22043500 -0.02082900 0.22545800
v 0.22043500 -0.02082900 0.22629600
v 0.22049300 -0.02097200 0.22587900
v 0.22049300 -0.02097200 0.22475800
v 0.22049300 -0.02097200 0.22363800
v 0.21953800 -0.02027700 0.22363800
v 0.21953800 -0.02027700 0.22475800
v 0.21953800 -0.02027700 0.22587900
v 0.21953800 -0.02027700 0.22251700
v 0.21739100 -0.01844400 0.22251700
v 0.21843900 -0.01939000 0.22251700
v 0.21953800 -0.02027700 0.22699900
v 0.21843900 -0.01939000 0.22699900
v 0.21953800 -0.02027700 0.22363800
v 0.21953800 -0.02027700 0.22475800
v 0.21953800 -0.02027700 0.22587900
v 0.21739100 -0.01844400 0.22699900
v 0.21739100 -0.01844400 0.22587900
v 0.21739100 -0.01844400 0.22475800
v 0.21739100 -0.01844400 0.22363800
v 0.21729800 -0.01815100 0.22378100
v 0.21729800 -0.01815100 0.22545800
v 0.21711000 -0.01789000 0.22378100
v 0.21711000 -0.01789000 0.22545800
v 0.21684900 -0.01770200 0.22378100
v 0.21684900 -0.01770200 0.22545800
v 0.21739100 -0.01844400 0.22251700
v 0.21729500 -0.01813500 0.22220800
v 0.21721400 -0.01800200 0.22213000
v 0.21711500 -0.01788500 0.22210400
v 0.21699800 -0.01778600 0.22213000
v 0.21686500 -0.01770600 0.22220700
v 0.21655600 -0.01760900 0.22251700
v 0.21711000 -0.01789000 0.22294300
v 0.21721500 -0.01801300 0.22378100
v 0.21729800 -0.01815100 0.22294300
v 0.21721500 -0.01801300 0.22294300
v 0.21721500 -0.01801300 0.22252400
v 0.21725900 -0.01808000 0.22294300
v 0.21729800 -0.01815100 0.22252400
v 0.21725900 -0.01808000 0.22252400
v 0.21735600 -0.01829400 0.22378100
v 0.21735600 -0.01829400 0.22294300
v 0.21711000 -0.01789000 0.22252400
v 0.21716500 -0.01794900 0.22294300
v 0.21716500 -0.01794900 0.22252400
v 0.21684900 -0.01770200 0.22294300
v 0.21698700 -0.01778500 0.22378100
v 0.21698700 -0.01778500 0.22294300
v 0.21698700 -0.01778500 0.22252400
v 0.21705100 -0.01783500 0.22294300
v 0.21705100 -0.01783500 0.22252400
v 0.21684900 -0.01770200 0.22252400
v 0.21691900 -0.01774100 0.22294300
v 0.21691900 -0.01774100 0.22252400
v 0.21670600 -0.01764400 0.22378100
v 0.21670600 -0.01764400 0.22294300
v 0.21655600 -0.01760900 0.22699900
v 0.21686000 -0.01770900 0.22709800
v 0.21711200 -0.01789500 0.22713000
v 0.21729500 -0.01814700 0.22709700
v 0.21739100 -0.01844400 0.22699900
v 0.21684900 -0.01770200 0.22629600
v 0.21670600 -0.01764400 0.22545800
v 0.21670600 -0.01764400 0.22629600
v 0.21711000 -0.01789000 0.22629600
v 0.21698700 -0.01778500 0.22545800
v 0.21698700 -0.01778500 0.22629600
v 0.21729800 -0.01815100 0.22629600
v 0.21721500 -0.01801300 0.22545800
v 0.21721500 -0.01801300 0.22629600
v 0.21735600 -0.01829400 0.22545800
v 0.21735600 -0.01829400 0.22629600
v 0.21739100 -0.01844400 0.22587900
v 0.21739100 -0.01844400 0.22475800
v 0.21739100 -0.01844400 0.22363800
v 0.21655600 -0.01760900 0.22363800
v 0.21655600 -0.01760900 0.22475800
v 0.21655600 -0.01760900 0.22587900
v 0.21655600 -0.01760900 0.22251700
v 0.21472300 -0.01546200 0.22251700
v 0.21561000 -0.01656100 0.22251700
v 0.21655600 -0.01760900 0.22699900
v 0.21561000 -0.01656100 0.22699900
v 0.21655600 -0.01760900 0.22363800
v 0.21655600 -0.01760900 0.22475800
v 0.21655600 -0.01760900 0.22587900
v 0.21472300 -0.01546200 0.22699900
v 0.21472300 -0.01546200 0.22587900
v 0.21472300 -0.01546200 0.22475800
v 0.21472300 -0.01546200 0.22363800
v 0.21467700 -0.01515800 0.22378100
v 0.21467700 -0.01515800 0.22545800
v 0.21453200 -0.01487100 0.22378100
v 0.21453200 -0.01487100 0.22545800
v 0.21430300 -0.01464400 0.22378100
v 0.21430300 -0.01464400 0.22545800
v 0.21472300 -0.01546200 0.22251700
v 0.21467600 -0.01514200 0.22220800
v 0.21461700 -0.01499800 0.22213000
v 0.21453800 -0.01486700 0.22210400
v 0.21443800 -0.01475100 0.22213000
v 0.21431900 -0.01465100 0.22220700
v 0.21402800 -0.01450700 0.22251700
v 0.21453200 -0.01487100 0.22294300
v 0.21461600 -0.01500900 0.22378100
v 0.21467700 -0.01515800 0.22294300
v 0.21461600 -0.01500900 0.22294300
v 0.21461600 -0.01500900 0.22252400
v 0.21464900 -0.01508200 0.22294300
v 0.21467700 -0.01515800 0.22252400
v 0.21464900 -0.01508200 0.22252400
v 0.21471200 -0.01530900 0.22378100
v 0.21471200 -0.01530900 0.22294300
v 0.21453200 -0.01487100 0.22252400
v 0.21457700 -0.01493800 0.22294300
v 0.21457700 -0.01493800 0.22252400
v 0.21430300 -0.01464400 0.22294300
v 0.21442700 -0.01474800 0.22378100
v 0.21442700 -0.01474800 0.22294300
v 0.21442700 -0.01474800 0.22252400
v 0.21448200 -0.01480800 0.22294300
v 0.21448200 -0.01480800 0.22252400
v 0.21430300 -0.01464400 0.22252400
v 0.21436700 -0.01469400 0.22294300
v 0.21436700 -0.01469400 0.22252400
v 0.21417100 -0.01456500 0.22378100
v 0.21417100 -0.01456500 0.22294300
v 0.21402800 -0.01450700 0.22699900
v 0.21431300 -0.01465300 0.22709800
v 0.21453300 -0.01487600 0.22713000
v 0.21467400 -0.01515400 0.22709700
v 0.21472300 -0.01546200 0.22699900
v 0.21430300 -0.01464400 0.22629600
v 0.21417100 -0.01456500 0.22545800
v 0.21417100 -0.01456500 0.22629600
v 0.21453200 -0.01487100 0.22629600
v 0.21442700 -0.01474800 0.22545800
v 0.21442700 -0.01474800 0.22629600
v 0.21467700 -0.01515800 0.22629600
v 0.21461600 -0.01500900 0.22545800
v 0.21461600 -0.01500900 0.22629600
v 0.21471200 -0.01530900 0.22545800
v 0.21471200 -0.01530900 0.22629600
v 0.21472300 -0.01546200 0.22587900
v 0.21472300 -0.01546200 0.22475800
v 0.21472300 -0.01546200 0.22363800
v 0.21402800 -0.01450700 0.22363800
v 0.21402800 -0.01450700 0.22475800
v 0.21402800 -0.01450700 0.22587900
v 0.21255400 -0.01210000 0.22699900
v 0.21402800 -0.01450700 0.22251700
v 0.21255400 -0.01210000 0.22251700
v 0.21325800 -0.01332400 0.22251700
v 0.21402800 -0.01450700 0.22699900
v 0.21325800 -0.01332400 0.22699900
v 0.21402800 -0.01450700 0.22363800
v 0.21402800 -0.01450700 0.22475800
v 0.21402800 -0.01450700 0.22587900
v 0.21255400 -0.01210000 0.22587900
v 0.21255400 -0.01210000 0.22475800
v 0.21255400 -0.01210000 0.22363800
v 0.21255600 -0.01179200 0.22378100
v 0.21255600 -0.01179200 0.22545800
v 0.21245800 -0.01148600 0.22378100
v 0.21245800 -0.01148600 0.22545800
v 0.21226700 -0.01122600 0.22378100
v 0.21226700 -0.01122600 0.22545800
v 0.21255400 -0.01210000 0.22251700
v 0.21255700 -0.01177600 0.22220800
v 0.21252200 -0.01162500 0.22213000
v 0.21246400 -0.01148300 0.22210400
v 0.21238300 -0.01135200 0.22213000
v 0.21228100 -0.01123500 0.22220700
v 0.21201700 -0.01104700 0.22251700
v 0.21245800 -0.01148600 0.22294300
v 0.21251900 -0.01163500 0.22378100
v 0.21255600 -0.01179200 0.22294300
v 0.21251900 -0.01163500 0.22294300
v 0.21251900 -0.01163500 0.22252400
v 0.21254000 -0.01171300 0.22294300
v 0.21255600 -0.01179200 0.22252400
v 0.21254000 -0.01171300 0.22252400
v 0.21256700 -0.01194600 0.22378100
v 0.21256700 -0.01194600 0.22294300
v 0.21245800 -0.01148600 0.22252400
v 0.21249100 -0.01155900 0.22294300
v 0.21249100 -0.01155900 0.22252400
v 0.21226700 -0.01122600 0.22294300
v 0.21237300 -0.01134800 0.22378100
v 0.21237300 -0.01134800 0.22294300
v 0.21237300 -0.01134800 0.22252400
v 0.21241800 -0.01141500 0.22294300
v 0.21241800 -0.01141500 0.22252400
v 0.21226700 -0.01122600 0.22252400
v 0.21232200 -0.01128500 0.22294300
v 0.21232200 -0.01128500 0.22252400
v 0.21214900 -0.01112700 0.22378100
v 0.21214900 -0.01112700 0.22294300
v 0.21201700 -0.01104700 0.22699900
v 0.21227600 -0.01123700 0.22709800
v 0.21245800 -0.01149100 0.22713000
v 0.21255300 -0.01178700 0.22709700
v 0.21255400 -0.01210000 0.22699900
v 0.21226700 -0.01122600 0.22629600
v 0.21214900 -0.01112700 0.22545800
v 0.21214900 -0.01112700 0.22629600
v 0.21245800 -0.01148600 0.22629600
v 0.21237300 -0.01134800 0.22545800
v 0.21237300 -0.01134800 0.22629600
v 0.21255600 -0.01179200 0.22629600
v 0.21251900 -0.01163500 0.22545800
v 0.21251900 -0.01163500 0.22629600
v 0.21256700 -0.01194600 0.22545800
v 0.21256700 -0.01194600 0.22629600
v 0.21255400 -0.01210000 0.22587900
v 0.21255400 -0.01210000 0.22475800
v 0.21255400 -0.01210000 0.22363800
v 0.21201700 -0.01104700 0.22363800
v 0.21201700 -0.01104700 0.22475800
v 0.21201700 -0.01104700 0.22587900
v 0.21093700 -0.00844000 0.22251700
v 0.21144100 -0.00975800 0.22251700
v 0.21201700 -0.01104700 0.22699900
v 0.21144100 -0.00975800 0.22699900
v 0.21201700 -0.01104700 0.22251700
v 0.21201700 -0.01104700 0.22363800
v 0.21201700 -0.01104700 0.22475800
v 0.21201700 -0.01104700 0.22587900
v 0.21093700 -0.00844000 0.22699900
v 0.21093700 -0.00844000 0.22587900
v 0.21093700 -0.00844000 0.22475800
v 0.21093700 -0.00844000 0.22363800
v 0.21098700 -0.00813600 0.22378100
v 0.21098700 -0.00813600 0.22545800
v 0.21093800 -0.00781800 0.22378100
v 0.21093800 -0.00781800 0.22545800
v 0.21079100 -0.00753200 0.22378100
v 0.21079100 -0.00753200 0.22545800
v 0.21093700 -0.00844000 0.22251700
v 0.21099100 -0.00812000 0.22220800
v 0.21098000 -0.00796500 0.22213000
v 0.21094500 -0.00781600 0.22210400
v 0.21088600 -0.00767500 0.22213000
v 0.21080400 -0.00754300 0.22220700
v 0.21057200 -0.00731600 0.22251700
v 0.21093800 -0.00781800 0.22294300
v 0.21097600 -0.00797500 0.22378100
v 0.21098700 -0.00813600 0.22294300
v 0.21097600 -0.00797500 0.22294300
v 0.21097600 -0.00797500 0.22252400
v 0.21098500 -0.00805500 0.22294300
v 0.21098700 -0.00813600 0.22252400
v 0.21098500 -0.00805500 0.22252400
v 0.21097400 -0.00829000 0.22378100
v 0.21097400 -0.00829000 0.22294300
v 0.21093800 -0.00781800 0.22252400
v 0.21096000 -0.00789600 0.22294300
v 0.21096000 -0.00789600 0.22252400
v 0.21079100 -0.00753200 0.22294300
v 0.21087600 -0.00766900 0.22378100
v 0.21087600 -0.00766900 0.22294300
v 0.21087600 -0.00766900 0.22252400
v 0.21091000 -0.00774200 0.22294300
v 0.21091000 -0.00774200 0.22252400
v 0.21079100 -0.00753200 0.22252400
v 0.21083600 -0.00759900 0.22294300
v 0.21083600 -0.00759900 0.22252400
v 0.21069000 -0.00741500 0.22378100
v 0.21069000 -0.00741500 0.22294300
v 0.21057200 -0.00731600 0.22699900
v 0.21079800 -0.00754300 0.22709800
v 0.21093700 -0.00782400 0.22713000
v 0.21098600 -0.00813100 0.22709700
v 0.21093700 -0.00844000 0.22699900
v 0.21079100 -0.00753200 0.22629600
v 0.21069000 -0.00741500 0.22545800
v 0.21069000 -0.00741500 0.22629600
v 0.21093800 -0.00781800 0.22629600
v 0.21087600 -0.00766900 0.22545800
v 0.21087600 -0.00766900 0.22629600
v 0.21098700 -0.00813600 0.22629600
v 0.21097600 -0.00797500 0.22545800
v 0.21097600 -0.00797500 0.22629600
v 0.21097400 -0.00829000 0.22545800
v 0.21097400 -0.00829000 0.22629600
v 0.21093700 -0.00844000 0.22587900
v 0.21093700 -0.00844000 0.22475800
v 0.21093700 -0.00844000 0.22363800
v 0.21057200 -0.00731600 0.22363800
v 0.21057200 -0.00731600 0.22475800
v 0.21057200 -0.00731600 0.22587900
v 0.20991300 -0.00457200 0.22251700
v 0.21020500 -0.00595300 0.22251700
v 0.21057200 -0.00731600 0.22699900
v 0.21020500 -0.00595300 0.22699900
v 0.21057200 -0.00731600 0.22251700
v 0.21057200 -0.00731600 0.22363800
v 0.21057200 -0.00731600 0.22475800
v 0.21057200 -0.00731600 0.22587900
v 0.20991300 -0.00457200 0.22699900
v 0.20991300 -0.00457200 0.22587900
v 0.20991300 -0.00457200 0.22475800
v 0.20991300 -0.00457200 0.22363800
v 0.21001000 -0.00428000 0.22378100
v 0.21001000 -0.00428000 0.22545800
v 0.21001100 -0.00395800 0.22378100
v 0.21001100 -0.00395800 0.22545800
v 0.20991000 -0.00365200 0.22378100
v 0.20991000 -0.00365200 0.22545800
v 0.20991300 -0.00457200 0.22251700
v 0.21001600 -0.00426500 0.22220800
v 0.21003000 -0.00411000 0.22213000
v 0.21001800 -0.00395700 0.22210400
v 0.20998200 -0.00380800 0.22213000
v 0.20992200 -0.00366500 0.22220700
v 0.20972800 -0.00340500 0.22251700
v 0.21001100 -0.00395800 0.22294300
v 0.21002400 -0.00411900 0.22378100
v 0.21001000 -0.00428000 0.22294300
v 0.21002400 -0.00411900 0.22294300
v 0.21002400 -0.00411900 0.22252400
v 0.21002000 -0.00419900 0.22294300
v 0.21001000 -0.00428000 0.22252400
v 0.21002000 -0.00419900 0.22252400
v 0.20997300 -0.00442900 0.22378100
v 0.20997300 -0.00442900 0.22294300
v 0.21001100 -0.00395800 0.22252400
v 0.21002100 -0.00403800 0.22294300
v 0.21002100 -0.00403800 0.22252400
v 0.20991000 -0.00365200 0.22294300
v 0.20997300 -0.00380100 0.22378100
v 0.20997300 -0.00380100 0.22294300
v 0.20997300 -0.00380100 0.22252400
v 0.20999600 -0.00387800 0.22294300
v 0.20999600 -0.00387800 0.22252400
v 0.20991000 -0.00365200 0.22252400
v 0.20994500 -0.00372500 0.22294300
v 0.20994500 -0.00372500 0.22252400
v 0.20982900 -0.00352100 0.22378100
v 0.20982900 -0.00352100 0.22294300
v 0.20972800 -0.00340500 0.22699900
v 0.20991600 -0.00366400 0.22709800
v 0.21001000 -0.00396300 0.22713000
v 0.21001000 -0.00427400 0.22709700
v 0.20991300 -0.00457200 0.22699900
v 0.20991000 -0.00365200 0.22629600
v 0.20982900 -0.00352100 0.22545800
v 0.20982900 -0.00352100 0.22629600
v 0.21001100 -0.00395800 0.22629600
v 0.20997300 -0.00380100 0.22545800
v 0.20997300 -0.00380100 0.22629600
v 0.21001000 -0.00428000 0.22629600
v 0.21002400 -0.00411900 0.22545800
v 0.21002400 -0.00411900 0.22629600
v 0.20997300 -0.00442900 0.22545800
v 0.20997300 -0.00442900 0.22629600
v 0.20991300 -0.00457200 0.22587900
v 0.20991300 -0.00457200 0.22475800
v 0.20991300 -0.00457200 0.22363800
v 0.20972800 -0.00340500 0.22363800
v 0.20972800 -0.00340500 0.22475800
v 0.20972800 -0.00340500 0.22587900
v 0.20972800 -0.00340500 0.22699900
v 0.20950700 -0.00059100 0.22251700
v 0.20957900 -0.00200100 0.22251700
v 0.20957900 -0.00200100 0.22699900
v 0.20972800 -0.00340500 0.22251700
v 0.20972800 -0.00340500 0.22363800
v 0.20972800 -0.00340500 0.22475800
v 0.20972800 -0.00340500 0.22587900
v 0.20950700 -0.00059100 0.22699900
v 0.20950700 -0.00059100 0.22587900
v 0.20950700 -0.00059100 0.22475800
v 0.20950700 -0.00059100 0.22363800
v 0.20964800 -0.00031800 0.22378900
v 0.20964800 -0.00031800 0.22546100
v 0.20970000 -0.00000000 0.22211700
v 0.20970000 -0.00000000 0.22378900
v 0.20970000 -0.00000000 0.22546100
v 0.20970000 -0.00000000 0.22713200
v 0.20964800 0.00031800 0.22378900
v 0.20964800 0.00031800 0.22546100
v 0.20950700 -0.00059100 0.22251700
v 0.20956100 -0.00050800 0.22240400
v 0.20960700 -0.00042200 0.22231100
v 0.20964200 -0.00033500 0.22223700
v 0.20966900 -0.00024800 0.22218200
v 0.20968700 -0.00016300 0.22214500
v 0.20969700 -0.00008100 0.22212400
v 0.20964800 -0.00031800 0.22295300
v 0.20958800 -0.00046000 0.22378900
v 0.20958800 -0.00046000 0.22295300
v 0.20958800 -0.00046000 0.22253500
v 0.20955000 -0.00052700 0.22295300
v 0.20955000 -0.00052700 0.22253500
v 0.20964800 -0.00031800 0.22253500
v 0.20962100 -0.00039000 0.22295300
v 0.20962100 -0.00039000 0.22253500
v 0.20970000 -0.00000000 0.22295300
v 0.20968700 -0.00016100 0.22378900
v 0.20968700 -0.00016100 0.22295300
v 0.20968700 -0.00016100 0.22253500
v 0.20967100 -0.00024000 0.22295300
v 0.20967100 -0.00024000 0.22253500
v 0.20967100 -0.00024000 0.22232600
v 0.20966000 -0.00027900 0.22253500
v 0.20964800 -0.00031800 0.22232600
v 0.20966000 -0.00027900 0.22232600
v 0.20968700 -0.00016100 0.22232600
v 0.20968000 -0.00020100 0.22253500
v 0.20968000 -0.00020100 0.22232600
v 0.20970000 -0.00000000 0.22253500
v 0.20969700 -0.00008100 0.22295300
v 0.20969700 -0.00008100 0.22253500
v 0.20964800 0.00031800 0.22295300
v 0.20968700 0.00016100 0.22378900
v 0.20968700 0.00016100 0.22295300
v 0.20969700 -0.00008100 0.22232600
v 0.20969300 -0.00012100 0.22253500
v 0.20969300 -0.00012100 0.22232600
v 0.20970000 -0.00000000 0.22232600
v 0.20969900 -0.00004000 0.22253500
v 0.20969900 -0.00004000 0.22232600
v 0.20968700 0.00016100 0.22253500
v 0.20969700 0.00008100 0.22295300
v 0.20969700 0.00008100 0.22253500
v 0.20969700 0.00008100 0.22232600
v 0.20969900 0.00004000 0.22253500
v 0.20969900 0.00004000 0.22232600
v 0.20969700 0.00008100 0.22212400
v 0.20968700 0.00016400 0.22214500
v 0.20966900 0.00024800 0.22218200
v 0.20964200 0.00033500 0.22223700
v 0.20960700 0.00042200 0.22231100
v 0.20956100 0.00050800 0.22240400
v 0.20964800 0.00031800 0.22253500
v 0.20967100 0.00024000 0.22295300
v 0.20967100 0.00024000 0.22253500
v 0.20958800 0.00046000 0.22378900
v 0.20958800 0.00046000 0.22295300
v 0.20967100 0.00024000 0.22232600
v 0.20968000 0.00020100 0.22253500
v 0.20968700 0.00016100 0.22232600
v 0.20968000 0.00020100 0.22232600
v 0.20964800 0.00031800 0.22232600
v 0.20966000 0.00027900 0.22253500
v 0.20966000 0.00027900 0.22232600
v 0.20958800 0.00046000 0.22253500
v 0.20962100 0.00039000 0.22295300
v 0.20962100 0.00039000 0.22253500
v 0.20955000 0.00052700 0.22295300
v 0.20955000 0.00052700 0.22253500
v 0.20950700 0.00059100 0.22699900
v 0.20965100 0.00030800 0.22709900
v 0.20964800 0.00031800 0.22629700
v 0.20958800 0.00046000 0.22546100
v 0.20958800 0.00046000 0.22629700
v 0.20970000 -0.00000000 0.22629700
v 0.20968700 0.00016100 0.22546100
v 0.20968700 0.00016100 0.22629700
v 0.20965100 -0.00030900 0.22709900
v 0.20950700 -0.00059100 0.22699900
v 0.20964800 -0.00031800 0.22629700
v 0.20968700 -0.00016100 0.22546100
v 0.20968700 -0.00016100 0.22629700
v 0.20958800 -0.00046000 0.22546100
v 0.20958800 -0.00046000 0.22629700
v 0.20950700 -0.00059100 0.22587900
v 0.20950700 -0.00059100 0.22475800
v 0.20950700 -0.00059100 0.22363800
v 0.20950700 0.00059100 0.22251700
v 0.20950700 0.00059100 0.22363800
v 0.20950700 0.00059100 0.22475800
v 0.20950700 0.00059100 0.22587900
v 0.20972800 0.00340400 0.22699900
v 0.20972800 0.00340400 0.22251700
v 0.20957900 0.00200100 0.22251700
v 0.20950700 0.00059100 0.22699900
v 0.20957900 0.00200100 0.22699900
v 0.20950700 0.00059100 0.22251700
v 0.20950700 0.00059100 0.22363800
v 0.20950700 0.00059100 0.22475800
v 0.20950700 0.00059100 0.22587900
v 0.20972800 0.00340400 0.22587900
v 0.20972800 0.00340400 0.22475800
v 0.20972800 0.00340400 0.22363800
v 0.20991100 0.00365200 0.22378100
v 0.20991100 0.00365200 0.22545800
v 0.21001100 0.00395800 0.22378100
v 0.21001100 0.00395800 0.22545800
v 0.21001000 0.00428000 0.22378100
v 0.21001000 0.00428000 0.22545800
v 0.20972800 0.00340400 0.22251700
v 0.20992100 0.00366400 0.22220800
v 0.20998200 0.00380800 0.22213000
v 0.21001800 0.00395700 0.22210400
v 0.21003000 0.00410900 0.22213000
v 0.21001600 0.00426400 0.22220700
v 0.21001100 0.00395800 0.22294300
v 0.20997300 0.00380100 0.22378100
v 0.20991100 0.00365200 0.22294300
v 0.20997300 0.00380100 0.22294300
v 0.20997300 0.00380100 0.22252400
v 0.20994500 0.00372500 0.22294300
v 0.20991100 0.00365200 0.22252400
v 0.20994500 0.00372500 0.22252400
v 0.20982900 0.00352100 0.22378100
v 0.20982900 0.00352100 0.22294300
v 0.21001100 0.00395800 0.22252400
v 0.20999600 0.00387900 0.22294300
v 0.20999600 0.00387900 0.22252400
v 0.21001000 0.00428000 0.22294300
v 0.21002400 0.00411900 0.22378100
v 0.21002400 0.00411900 0.22294300
v 0.21002400 0.00411900 0.22252400
v 0.21002100 0.00403800 0.22294300
v 0.21002100 0.00403800 0.22252400
v 0.21001000 0.00428000 0.22252400
v 0.21002000 0.00420000 0.22294300
v 0.21002000 0.00420000 0.22252400
v 0.20997300 0.00443000 0.22378100
v 0.20997300 0.00443000 0.22294300
v 0.20991300 0.00457100 0.22699900
v 0.21001100 0.00426600 0.22709800
v 0.21000800 0.00395300 0.22713000
v 0.20991200 0.00365800 0.22709700
v 0.20972800 0.00340400 0.22699900
v 0.21001000 0.00428000 0.22629600
v 0.20997300 0.00443000 0.22545800
v 0.20997300 0.00443000 0.22629600
v 0.21001100 0.00395800 0.22629600
v 0.21002400 0.00411900 0.22545800
v 0.21002400 0.00411900 0.22629600
v 0.20991100 0.00365200 0.22629600
v 0.20997300 0.00380100 0.22545800
v 0.20997300 0.00380100 0.22629600
v 0.20982900 0.00352100 0.22545800
v 0.20982900 0.00352100 0.22629600
v 0.20972800 0.00340400 0.22587900
v 0.20972800 0.00340400 0.22475800
v 0.20972800 0.00340400 0.22363800
v 0.20991300 0.00457100 0.22251700
v 0.20991300 0.00457100 0.22363800
v 0.20991300 0.00457100 0.22475800
v 0.20991300 0.00457100 0.22587900
v 0.20991300 0.00457100 0.22251700
v 0.21057200 0.00731600 0.22251700
v 0.21020500 0.00595300 0.22251700
v 0.20991300 0.00457100 0.22699900
v 0.21020500 0.00595300 0.22699900
v 0.20991300 0.00457100 0.22363800
v 0.20991300 0.00457100 0.22475800
v 0.20991300 0.00457100 0.22587900
v 0.21057200 0.00731600 0.22699900
v 0.21057200 0.00731600 0.22587900
v 0.21057200 0.00731600 0.22475800
v 0.21057200 0.00731600 0.22363800
v 0.21079100 0.00753200 0.22378100
v 0.21079100 0.00753200 0.22545800
v 0.21093800 0.00781800 0.22378100
v 0.21093800 0.00781800 0.22545800
v 0.21098700 0.00813700 0.22378100
v 0.21098700 0.00813700 0.22545800
v 0.21057200 0.00731600 0.22251700
v 0.21080300 0.00754300 0.22220800
v 0.21088600 0.00767400 0.22213000
v 0.21094500 0.00781600 0.22210400
v 0.21098000 0.00796500 0.22213000
v 0.21099100 0.00812000 0.22220700
v 0.21093700 0.00844000 0.22251700
v 0.21093800 0.00781800 0.22294300
v 0.21087600 0.00766900 0.22378100
v 0.21079100 0.00753200 0.22294300
v 0.21087600 0.00766900 0.22294300
v 0.21087600 0.00766900 0.22252400
v 0.21083600 0.00759900 0.22294300
v 0.21079100 0.00753200 0.22252400
v 0.21083600 0.00759900 0.22252400
v 0.21069000 0.00741600 0.22378100
v 0.21069000 0.00741600 0.22294300
v 0.21093800 0.00781800 0.22252400
v 0.21091000 0.00774200 0.22294300
v 0.21091000 0.00774200 0.22252400
v 0.21098700 0.00813700 0.22294300
v 0.21097600 0.00797500 0.22378100
v 0.21097600 0.00797500 0.22294300
v 0.21097600 0.00797500 0.22252400
v 0.21096000 0.00789600 0.22294300
v 0.21096000 0.00789600 0.22252400
v 0.21098700 0.00813700 0.22252400
v 0.21098500 0.00805600 0.22294300
v 0.21098500 0.00805600 0.22252400
v 0.21097400 0.00829000 0.22378100
v 0.21097400 0.00829000 0.22294300
v 0.21093700 0.00844000 0.22699900
v 0.21098600 0.00812300 0.22709800
v 0.21093400 0.00781400 0.22713000
v 0.21079300 0.00753700 0.22709700
v 0.21057200 0.00731600 0.22699900
v 0.21098700 0.00813700 0.22629600
v 0.21097400 0.00829000 0.22545800
v 0.21097400 0.00829000 0.22629600
v 0.21093800 0.00781800 0.22629600
v 0.21097600 0.00797500 0.22545800
v 0.21097600 0.00797500 0.22629600
v 0.21079100 0.00753200 0.22629600
v 0.21087600 0.00766900 0.22545800
v 0.21087600 0.00766900 0.22629600
v 0.21069000 0.00741600 0.22545800
v 0.21069000 0.00741600 0.22629600
v 0.21057200 0.00731600 0.22587900
v 0.21057200 0.00731600 0.22475800
v 0.21057200 0.00731600 0.22363800
v 0.21093700 0.00844000 0.22363800
v 0.21093700 0.00844000 0.22475800
v 0.21093700 0.00844000 0.22587900
v 0.21093700 0.00844000 0.22251700
v 0.21201700 0.01104700 0.22251700
v 0.21144100 0.00975800 0.22251700
v 0.21093700 0.00844000 0.22699900
v 0.21144100 0.00975800 0.22699900
v 0.21093700 0.00844000 0.22363800
v 0.21093700 0.00844000 0.22475800
v 0.21093700 0.00844000 0.22587900
v 0.21201700 0.01104700 0.22699900
v 0.21201700 0.01104700 0.22587900
v 0.21201700 0.01104700 0.22475800
v 0.21201700 0.01104700 0.22363800
v 0.21226700 0.01122700 0.22378100
v 0.21226700 0.01122700 0.22545800
v 0.21245800 0.01148600 0.22378100
v 0.21245800 0.01148600 0.22545800
v 0.21255600 0.01179300 0.22378100
v 0.21255600 0.01179300 0.22545800
v 0.21201700 0.01104700 0.22251700
v 0.21228100 0.01123500 0.22220800
v 0.21238300 0.01135200 0.22213000
v 0.21246400 0.01148300 0.22210400
v 0.21252200 0.01162500 0.22213000
v 0.21255700 0.01177600 0.22220700
v 0.21245800 0.01148600 0.22294300
v 0.21237300 0.01134900 0.22378100
v 0.21226700 0.01122700 0.22294300
v 0.21237300 0.01134900 0.22294300
v 0.21237300 0.01134900 0.22252400
v 0.21232300 0.01128500 0.22294300
v 0.21226700 0.01122700 0.22252400
v 0.21232300 0.01128500 0.22252400
v 0.21214900 0.01112700 0.22378100
v 0.21214900 0.01112700 0.22294300
v 0.21245800 0.01148600 0.22252400
v 0.21241800 0.01141600 0.22294300
v 0.21241800 0.01141600 0.22252400
v 0.21255600 0.01179300 0.22294300
v 0.21251900 0.01163500 0.22378100
v 0.21251900 0.01163500 0.22294300
v 0.21251900 0.01163500 0.22252400
v 0.21249100 0.01155900 0.22294300
v 0.21249100 0.01155900 0.22252400
v 0.21255600 0.01179300 0.22252400
v 0.21254100 0.01171300 0.22294300
v 0.21254100 0.01171300 0.22252400
v 0.21256700 0.01194700 0.22378100
v 0.21256700 0.01194700 0.22294300
v 0.21255400 0.01210000 0.22699900
v 0.21255200 0.01178000 0.22709800
v 0.21245300 0.01148300 0.22713000
v 0.21227000 0.01123100 0.22709700
v 0.21201700 0.01104700 0.22699900
v 0.21255600 0.01179300 0.22629600
v 0.21256700 0.01194700 0.22545800
v 0.21256700 0.01194700 0.22629600
v 0.21245800 0.01148600 0.22629600
v 0.21251900 0.01163500 0.22545800
v 0.21251900 0.01163500 0.22629600
v 0.21226700 0.01122700 0.22629600
v 0.21237300 0.01134900 0.22545800
v 0.21237300 0.01134900 0.22629600
v 0.21214900 0.01112700 0.22545800
v 0.21214900 0.01112700 0.22629600
v 0.21201700 0.01104700 0.22587900
v 0.21201700 0.01104700 0.22475800
v 0.21201700 0.01104700 0.22363800
v 0.21255400 0.01210000 0.22251700
v 0.21255400 0.01210000 0.22363800
v 0.21255400 0.01210000 0.22475800
v 0.21255400 0.01210000 0.22587900
v 0.21255400 0.01210000 0.22699900
v 0.21402800 0.01450700 0.22251700
v 0.21325800 0.01332400 0.22251700
v 0.21325800 0.01332400 0.22699900
v 0.21255400 0.01210000 0.22251700
v 0.21255400 0.01210000 0.22363800
v 0.21255400 0.01210000 0.22475800
v 0.21255400 0.01210000 0.22587900
v 0.21402800 0.01450700 0.22699900
v 0.21402800 0.01450700 0.22587900
v 0.21402800 0.01450700 0.22475800
v 0.21402800 0.01450700 0.22363800
v 0.21430300 0.01464400 0.22378100
v 0.21430300 0.01464400 0.22545800
v 0.21453200 0.01487100 0.22378100
v 0.21453200 0.01487100 0.22545800
v 0.21467700 0.01515900 0.22378100
v 0.21467700 0.01515900 0.22545800
v 0.21402800 0.01450700 0.22251700
v 0.21431800 0.01465100 0.22220800
v 0.21443700 0.01475000 0.22213000
v 0.21453700 0.01486700 0.22210400
v 0.21461700 0.01499800 0.22213000
v 0.21467500 0.01514200 0.22220700
v 0.21472300 0.01546200 0.22251700
v 0.21453200 0.01487100 0.22294300
v 0.21442700 0.01474800 0.22378100
v 0.21430300 0.01464400 0.22294300
v 0.21442700 0.01474800 0.22294300
v 0.21442700 0.01474800 0.22252400
v 0.21436700 0.01469400 0.22294300
v 0.21430300 0.01464400 0.22252400
v 0.21436700 0.01469400 0.22252400
v 0.21417100 0.01456500 0.22378100
v 0.21417100 0.01456500 0.22294300
v 0.21453200 0.01487100 0.22252400
v 0.21448200 0.01480800 0.22294300
v 0.21448200 0.01480800 0.22252400
v 0.21467700 0.01515900 0.22294300
v 0.21461600 0.01500900 0.22378100
v 0.21461600 0.01500900 0.22294300
v 0.21461600 0.01500900 0.22252400
v 0.21457700 0.01493800 0.22294300
v 0.21457700 0.01493800 0.22252400
v 0.21467700 0.01515900 0.22252400
v 0.21464900 0.01508300 0.22294300
v 0.21464900 0.01508300 0.22252400
v 0.21471200 0.01530900 0.22378100
v 0.21471200 0.01530900 0.22294300
v 0.21472300 0.01546200 0.22699900
v 0.21467200 0.01514600 0.22709800
v 0.21452700 0.01486800 0.22713000
v 0.21430700 0.01464900 0.22709700
v 0.21402800 0.01450700 0.22699900
v 0.21467700 0.01515900 0.22629600
v 0.21471200 0.01530900 0.22545800
v 0.21471200 0.01530900 0.22629600
v 0.21453200 0.01487100 0.22629600
v 0.21461600 0.01500900 0.22545800
v 0.21461600 0.01500900 0.22629600
v 0.21430300 0.01464400 0.22629600
v 0.21442700 0.01474800 0.22545800
v 0.21442700 0.01474800 0.22629600
v 0.21417100 0.01456500 0.22545800
v 0.21417100 0.01456500 0.22629600
v 0.21402800 0.01450700 0.22587900
v 0.21402800 0.01450700 0.22475800
v 0.21402800 0.01450700 0.22363800
v 0.21472300 0.01546200 0.22363800
v 0.21472300 0.01546200 0.22475800
v 0.21472300 0.01546200 0.22587900
v 0.21655600 0.01760900 0.22699900
v 0.21655600 0.01760900 0.22251700
v 0.21561000 0.01656100 0.22251700
v 0.21472300 0.01546200 0.22699900
v 0.21561000 0.01656100 0.22699900
v 0.21472300 0.01546200 0.22251700
v 0.21472300 0.01546200 0.22363800
v 0.21472300 0.01546200 0.22475800
v 0.21472300 0.01546200 0.22587900
v 0.21655600 0.01760900 0.22587900
v 0.21655600 0.01760900 0.22475800
v 0.21655600 0.01760900 0.22363800
v 0.21684900 0.01770200 0.22378100
v 0.21684900 0.01770200 0.22545800
v 0.21711000 0.01789000 0.22378100
v 0.21711000 0.01789000 0.22545800
v 0.21729800 0.01815100 0.22378100
v 0.21729800 0.01815100 0.22545800
v 0.21655600 0.01760900 0.22251700
v 0.21686500 0.01770500 0.22220800
v 0.21699800 0.01778600 0.22213000
v 0.21711500 0.01788500 0.22210400
v 0.21721400 0.01800200 0.22213000
v 0.21729400 0.01813500 0.22220700
v 0.21739100 0.01844400 0.22251700
v 0.21711000 0.01789000 0.22294300
v 0.21698700 0.01778500 0.22378100
v 0.21684900 0.01770200 0.22294300
v 0.21698700 0.01778500 0.22294300
v 0.21698700 0.01778500 0.22252400
v 0.21692000 0.01774100 0.22294300
v 0.21684900 0.01770200 0.22252400
v 0.21692000 0.01774100 0.22252400
v 0.21670600 0.01764400 0.22378100
v 0.21670600 0.01764400 0.22294300
v 0.21711000 0.01789000 0.22252400
v 0.21705100 0.01783500 0.22294300
v 0.21705100 0.01783500 0.22252400
v 0.21729800 0.01815100 0.22294300
v 0.21721500 0.01801300 0.22378100
v 0.21721500 0.01801300 0.22294300
v 0.21721500 0.01801300 0.22252400
v 0.21716500 0.01794900 0.22294300
v 0.21716500 0.01794900 0.22252400
v 0.21729800 0.01815100 0.22252400
v 0.21725900 0.01808100 0.22294300
v 0.21725900 0.01808100 0.22252400
v 0.21735600 0.01829400 0.22378100
v 0.21735600 0.01829400 0.22294300
v 0.21739100 0.01844400 0.22699900
v 0.21729100 0.01814000 0.22709800
v 0.21710500 0.01788800 0.22713000
v 0.21685300 0.01770500 0.22709700
v 0.21655600 0.01760900 0.22699900
v 0.21729800 0.01815100 0.22629600
v 0.21735600 0.01829400 0.22545800
v 0.21735600 0.01829400 0.22629600
v 0.21711000 0.01789000 0.22629600
v 0.21721500 0.01801300 0.22545800
v 0.21721500 0.01801300 0.22629600
v 0.21684900 0.01770200 0.22629600
v 0.21698700 0.01778500 0.22545800
v 0.21698700 0.01778500 0.22629600
v 0.21670600 0.01764400 0.22545800
v 0.21670600 0.01764400 0.22629600
v 0.21655600 0.01760900 0.22587900
v 0.21655600 0.01760900 0.22475800
v 0.21655600 0.01760900 0.22363800
v 0.21739100 0.01844400 0.22363800
v 0.21739100 0.01844400 0.22475800
v 0.21739100 0.01844400 0.22587900
v 0.21739100 0.01844400 0.22699900
v 0.21953800 0.02027700 0.22251700
v 0.21843900 0.01939000 0.22251700
v 0.21843900 0.01939000 0.22699900
v 0.21739100 0.01844400 0.22251700
v 0.21739100 0.01844400 0.22363800
v 0.21739100 0.01844400 0.22475800
v 0.21739100 0.01844400 0.22587900
v 0.21953800 0.02027700 0.22699900
v 0.21953800 0.02027700 0.22587900
v 0.21953800 0.02027700 0.22475800
v 0.21953800 0.02027700 0.22363800
v 0.21984200 0.02032300 0.22378100
v 0.21984200 0.02032300 0.22545800
v 0.22012900 0.02046800 0.22378100
v 0.22012900 0.02046800 0.22545800
v 0.22035600 0.02069700 0.22378100
v 0.22035600 0.02069700 0.22545800
v 0.21953800 0.02027700 0.22251700
v 0.21985800 0.02032400 0.22220800
v 0.22000200 0.02038300 0.22213000
v 0.22013300 0.02046200 0.22210400
v 0.22024900 0.02056200 0.22213000
v 0.22034900 0.02068100 0.22220700
v 0.22049300 0.02097200 0.22251700
v 0.22012900 0.02046800 0.22294300
v 0.21999100 0.02038400 0.22378100
v 0.21984200 0.02032300 0.22294300
v 0.21999100 0.02038400 0.22294300
v 0.21999100 0.02038400 0.22252400
v 0.21991800 0.02035100 0.22294300
v 0.21984200 0.02032300 0.22252400
v 0.21991800 0.02035100 0.22252400
v 0.21969100 0.02028800 0.22378100
v 0.21969100 0.02028800 0.22294300
v 0.22012900 0.02046800 0.22252400
v 0.22006200 0.02042300 0.22294300
v 0.22006200 0.02042300 0.22252400
v 0.22035600 0.02069700 0.22294300
v 0.22025200 0.02057300 0.22378100
v 0.22025200 0.02057300 0.22294300
v 0.22025200 0.02057300 0.22252400
v 0.22019300 0.02051800 0.22294300
v 0.22019300 0.02051800 0.22252400
v 0.22035600 0.02069700 0.22252400
v 0.22030600 0.02063300 0.22294300
v 0.22030600 0.02063300 0.22252400
v 0.22043500 0.02082900 0.22378100
v 0.22043500 0.02082900 0.22294300
v 0.22049300 0.02097200 0.22699900
v 0.22034700 0.02068700 0.22709800
v 0.22012400 0.02046700 0.22713000
v 0.21984600 0.02032600 0.22709700
v 0.21953800 0.02027700 0.22699900
v 0.22035600 0.02069700 0.22629600
v 0.22043500 0.02082900 0.22545800
v 0.22043500 0.02082900 0.22629600
v 0.22012900 0.02046800 0.22629600
v 0.22025200 0.02057300 0.22545800
v 0.22025200 0.02057300 0.22629600
v 0.21984200 0.02032300 0.22629600
v 0.21999100 0.02038400 0.22545800
v 0.21999100 0.02038400 0.22629600
v 0.21969100 0.02028800 0.22545800
v 0.21969100 0.02028800 0.22629600
v 0.21953800 0.02027700 0.22587900
v 0.21953800 0.02027700 0.22475800
v 0.21953800 0.02027700 0.22363800
v 0.22049300 0.02097200 0.22363800
v 0.22049300 0.02097200 0.22475800
v 0.22049300 0.02097200 0.22587900
v 0.22049300 0.02097200 0.22251700
v 0.22290000 0.02244600 0.22251700
v 0.22167600 0.02174200 0.22251700
v 0.22049300 0.02097200 0.22699900
v 0.22167600 0.02174200 0.22699900
v 0.22049300 0.02097200 0.22363800
v 0.22049300 0.02097200 0.22475800
v 0.22049300 0.02097200 0.22587900
v 0.22290000 0.02244600 0.22699900
v 0.22290000 0.02244600 0.22587900
v 0.22290000 0.02244600 0.22475800
v 0.22290000 0.02244600 0.22363800
v 0.22320800 0.02244400 0.22378100
v 0.22320800 0.02244400 0.22545800
v 0.22351400 0.02254200 0.22378100
v 0.22351400 0.02254200 0.22545800
v 0.22377400 0.02273300 0.22378100
v 0.22377400 0.02273300 0.22545800
v 0.22290000 0.02244600 0.22251700
v 0.22322400 0.02244300 0.22220800
v 0.22337500 0.02247800 0.22213000
v 0.22351700 0.02253600 0.22210400
v 0.22364800 0.02261700 0.22213000
v 0.22376500 0.02271900 0.22220700
v 0.22395300 0.02298300 0.22251700
v 0.22351400 0.02254200 0.22294300
v 0.22336500 0.02248100 0.22378100
v 0.22320800 0.02244400 0.22294300
v 0.22336500 0.02248100 0.22294300
v 0.22336500 0.02248100 0.22252400
v 0.22328700 0.02246000 0.22294300
v 0.22320800 0.02244400 0.22252400
v 0.22328700 0.02246000 0.22252400
v 0.22305400 0.02243300 0.22378100
v 0.22305400 0.02243300 0.22294300
v 0.22351400 0.02254200 0.22252400
v 0.22344100 0.02250900 0.22294300
v 0.22344100 0.02250900 0.22252400
v 0.22377400 0.02273300 0.22294300
v 0.22365200 0.02262700 0.22378100
v 0.22365200 0.02262700 0.22294300
v 0.22365200 0.02262700 0.22252400
v 0.22358500 0.02258200 0.22294300
v 0.22358500 0.02258200 0.22252400
v 0.22377400 0.02273300 0.22252400
v 0.22371500 0.02267800 0.22294300
v 0.22371500 0.02267800 0.22252400
v 0.22387300 0.02285100 0.22378100
v 0.22387300 0.02285100 0.22294300
v 0.22395300 0.02298300 0.22699900
v 0.22376300 0.02272400 0.22709800
v 0.22350900 0.02254200 0.22713000
v 0.22321300 0.02244700 0.22709700
v 0.22290000 0.02244600 0.22699900
v 0.22377400 0.02273300 0.22629600
v 0.22387300 0.02285100 0.22545800
v 0.22387300 0.02285100 0.22629600
v 0.22351400 0.02254200 0.22629600
v 0.22365200 0.02262700 0.22545800
v 0.22365200 0.02262700 0.22629600
v 0.22320800 0.02244400 0.22629600
v 0.22336500 0.02248100 0.22545800
v 0.22336500 0.02248100 0.22629600
v 0.22305400 0.02243300 0.22545800
v 0.22305400 0.02243300 0.22629600
v 0.22290000 0.02244600 0.22587900
v 0.22290000 0.02244600 0.22475800
v 0.22290000 0.02244600 0.22363800
v 0.22395300 0.02298300 0.22363800
v 0.22395300 0.02298300 0.22475800
v 0.22395300 0.02298300 0.22587900
v 0.22395300 0.02298300 0.22251700
v 0.22656000 0.02406300 0.22251700
v 0.22524200 0.02355900 0.22251700
v 0.22395300 0.02298300 0.22699900
v 0.22524200 0.02355900 0.22699900
v 0.22395300 0.02298300 0.22363800
v 0.22395300 0.02298300 0.22475800
v 0.22395300 0.02298300 0.22587900
v 0.22656000 0.02406300 0.22699900
v 0.22656000 0.02406300 0.22587900
v 0.22656000 0.02406300 0.22475800
v 0.22656000 0.02406300 0.22363800
v 0.22686400 0.02401300 0.22378100
v 0.22686400 0.02401300 0.22545800
v 0.22718200 0.02406200 0.22378100
v 0.22718200 0.02406200 0.22545800
v 0.22746800 0.02420900 0.22378100
v 0.22746800 0.02420900 0.22545800
v 0.22656000 0.02406300 0.22251700
v 0.22688000 0.02400900 0.22220800
v 0.22703500 0.02402000 0.22213000
v 0.22718400 0.02405500 0.22210400
v 0.22732500 0.02411400 0.22213000
v 0.22745700 0.02419600 0.22220700
v 0.22768400 0.02442800 0.22251700
v 0.22718200 0.02406200 0.22294300
v 0.22702500 0.02402400 0.22378100
v 0.22686400 0.02401300 0.22294300
v 0.22702500 0.02402400 0.22294300
v 0.22702500 0.02402400 0.22252400
v 0.22694500 0.02401500 0.22294300
v 0.22686400 0.02401300 0.22252400
v 0.22694500 0.02401500 0.22252400
v 0.22671000 0.02402600 0.22378100
v 0.22671000 0.02402600 0.22294300
v 0.22718200 0.02406200 0.22252400
v 0.22710400 0.02404000 0.22294300
v 0.22710400 0.02404000 0.22252400
v 0.22746800 0.02420900 0.22294300
v 0.22733100 0.02412400 0.22378100
v 0.22733100 0.02412400 0.22294300
v 0.22733100 0.02412400 0.22252400
v 0.22725800 0.02409000 0.22294300
v 0.22725800 0.02409000 0.22252400
v 0.22746800 0.02420900 0.22252400
v 0.22740100 0.02416400 0.22294300
v 0.22740100 0.02416400 0.22252400
v 0.22758500 0.02431000 0.22378100
v 0.22758500 0.02431000 0.22294300
v 0.22768400 0.02442800 0.22699900
v 0.22745700 0.02420200 0.22709800
v 0.22717700 0.02406200 0.22713000
v 0.22686900 0.02401400 0.22709700
v 0.22656000 0.02406300 0.22699900
v 0.22746800 0.02420900 0.22629600
v 0.22758500 0.02431000 0.22545800
v 0.22758500 0.02431000 0.22629600
v 0.22718200 0.02406200 0.22629600
v 0.22733100 0.02412400 0.22545800
v 0.22733100 0.02412400 0.22629600
v 0.22686400 0.02401300 0.22629600
v 0.22702500 0.02402400 0.22545800
v 0.22702500 0.02402400 0.22629600
v 0.22671000 0.02402600 0.22545800
v 0.22671000 0.02402600 0.22629600
v 0.22656000 0.02406300 0.22587900
v 0.22656000 0.02406300 0.22475800
v 0.22656000 0.02406300 0.22363800
v 0.22768400 0.02442800 0.22363800
v 0.22768400 0.02442800 0.22475800
v 0.22768400 0.02442800 0.22587900
v 0.23042900 0.02508700 0.22699900
v 0.23042900 0.02508700 0.22251700
v 0.22904700 0.02479500 0.22251700
v 0.22768400 0.02442800 0.22699900
v 0.22904700 0.02479500 0.22699900
v 0.22768400 0.02442800 0.22251700
v 0.22768400 0.02442800 0.22363800
v 0.22768400 0.02442800 0.22475800
v 0.22768400 0.02442800 0.22587900
v 0.23042900 0.02508700 0.22587900
v 0.23042900 0.02508700 0.22475800
v 0.23042900 0.02508700 0.22363800
v 0.23072100 0.02499000 0.22378100
v 0.23072100 0.02499000 0.22545800
v 0.23104200 0.02498800 0.22378100
v 0.23104200 0.02498800 0.22545800
v 0.23134800 0.02509000 0.22378100
v 0.23134800 0.02509000 0.22545800
v 0.23042900 0.02508700 0.22251700
v 0.23073500 0.02498400 0.22220800
v 0.23089000 0.02497000 0.22213000
v 0.23104300 0.02498200 0.22210400
v 0.23119200 0.02501800 0.22213000
v 0.23133500 0.02507800 0.22220700
v 0.23159600 0.02527200 0.22251700
v 0.23104200 0.02498800 0.22294300
v 0.23088100 0.02497600 0.22378100
v 0.23072100 0.02499000 0.22294300
v 0.23088100 0.02497600 0.22294300
v 0.23088100 0.02497600 0.22252400
v 0.23080100 0.02498000 0.22294300
v 0.23072100 0.02499000 0.22252400
v 0.23080100 0.02498000 0.22252400
v 0.23057100 0.02502700 0.22378100
v 0.23057100 0.02502700 0.22294300
v 0.23104200 0.02498800 0.22252400
v 0.23096200 0.02497900 0.22294300
v 0.23096200 0.02497900 0.22252400
v 0.23134800 0.02509000 0.22294300
v 0.23119900 0.02502700 0.22378100
v 0.23119900 0.02502700 0.22294300
v 0.23119900 0.02502700 0.22252400
v 0.23112200 0.02500400 0.22294300
v 0.23112200 0.02500400 0.22252400
v 0.23134800 0.02509000 0.22252400
v 0.23127500 0.02505500 0.22294300
v 0.23127500 0.02505500 0.22252400
v 0.23147900 0.02517100 0.22378100
v 0.23147900 0.02517100 0.22294300
v 0.23159600 0.02527200 0.22699900
v 0.23133600 0.02508400 0.22709800
v 0.23103700 0.02499000 0.22713000
v 0.23072600 0.02499000 0.22709700
v 0.23042900 0.02508700 0.22699900
v 0.23134800 0.02509000 0.22629600
v 0.23147900 0.02517100 0.22545800
v 0.23147900 0.02517100 0.22629600
v 0.23104200 0.02498800 0.22629600
v 0.23119900 0.02502700 0.22545800
v 0.23119900 0.02502700 0.22629600
v 0.23072100 0.02499000 0.22629600
v 0.23088100 0.02497600 0.22545800
v 0.23088100 0.02497600 0.22629600
v 0.23057100 0.02502700 0.22545800
v 0.23057100 0.02502700 0.22629600
v 0.23042900 0.02508700 0.22587900
v 0.23042900 0.02508700 0.22475800
v 0.23042900 0.02508700 0.22363800
v 0.23159600 0.02527200 0.22363800
v 0.23159600 0.02527200 0.22475800
v 0.23159600 0.02527200 0.22587900
v 0.23159600 0.02527200 0.22699900
v 0.23440900 0.02549300 0.22251700
v 0.23299900 0.02542100 0.22251700
v 0.23299900 0.02542100 0.22699900
v 0.23159600 0.02527200 0.22251700
v 0.23159600 0.02527200 0.22363800
v 0.23159600 0.02527200 0.22475800
v 0.23159600 0.02527200 0.22587900
v 0.23440900 0.02549300 0.22699900
v 0.23440900 0.02549300 0.22587900
v 0.23440900 0.02549300 0.22475800
v 0.23440900 0.02549300 0.22363800
v 0.23468200 0.02535200 0.22378000
v 0.23468200 0.02535200 0.22545500
v 0.23500000 0.02530000 0.22378000
v 0.23500000 0.02530000 0.22545500
v 0.23531800 0.02535200 0.22378000
v 0.23531800 0.02535200 0.22545500
v 0.23440900 0.02549300 0.22251700
v 0.23469600 0.02534300 0.22220800
v 0.23484700 0.02530600 0.22213000
v 0.23500000 0.02529300 0.22210400
v 0.23515300 0.02530500 0.22213000
v 0.23530400 0.02534300 0.22220700
v 0.23500000 0.02530000 0.22294200
v 0.23483900 0.02531300 0.22378000
v 0.23468200 0.02535200 0.22294200
v 0.23483900 0.02531300 0.22294200
v 0.23483900 0.02531300 0.22252300
v 0.23476000 0.02532900 0.22294200
v 0.23468200 0.02535200 0.22252300
v 0.23476000 0.02532900 0.22252300
v 0.23454000 0.02541200 0.22378000
v 0.23454000 0.02541200 0.22294200
v 0.23500000 0.02530000 0.22252300
v 0.23491900 0.02530300 0.22294200
v 0.23491900 0.02530300 0.22252300
v 0.23531800 0.02535200 0.22294200
v 0.23516100 0.02531300 0.22378000
v 0.23516100 0.02531300 0.22294200
v 0.23516100 0.02531300 0.22252300
v 0.23508100 0.02530300 0.22294200
v 0.23508100 0.02530300 0.22252300
v 0.23531800 0.02535200 0.22252300
v 0.23524000 0.02532900 0.22294200
v 0.23524000 0.02532900 0.22252300
v 0.23546000 0.02541200 0.22378000
v 0.23546000 0.02541200 0.22294200
v 0.23559100 0.02549300 0.22699900
v 0.23530500 0.02534900 0.22709800
v 0.23499500 0.02530200 0.22713000
v 0.23468800 0.02535100 0.22709700
v 0.23440900 0.02549300 0.22699900
v 0.23531800 0.02535200 0.22629300
v 0.23546000 0.02541200 0.22545500
v 0.23546000 0.02541200 0.22629300
v 0.23500000 0.02530000 0.22629300
v 0.23516100 0.02531300 0.22545500
v 0.23516100 0.02531300 0.22629300
v 0.23468200 0.02535200 0.22629300
v 0.23483900 0.02531300 0.22545500
v 0.23483900 0.02531300 0.22629300
v 0.23454000 0.02541200 0.22545500
v 0.23454000 0.02541200 0.22629300
v 0.23440900 0.02549300 0.22587900
v 0.23440900 0.02549300 0.22475800
v 0.23440900 0.02549300 0.22363800
v 0.23559100 0.02549300 0.22251700
v 0.23559100 0.02549300 0.22363800
v 0.23559100 0.02549300 0.22475800
v 0.23559100 0.02549300 0.22587900
v 0.23559100 0.02549300 0.22699900
v 0.23840500 0.02527200 0.22251700
v 0.23700100 0.02542100 0.22251700
v 0.23700100 0.02542100 0.22699900
v 0.23559100 0.02549300 0.22251700
v 0.23559100 0.02549300 0.22363800
v 0.23559100 0.02549300 0.22475800
v 0.23559100 0.02549300 0.22587900
v 0.23840500 0.02527200 0.22699900
v 0.23840500 0.02527200 0.22587900
v 0.23840500 0.02527200 0.22475800
v 0.23840500 0.02527200 0.22363800
v 0.23865200 0.02508900 0.22378100
v 0.23865200 0.02508900 0.22545800
v 0.23895800 0.02498800 0.22378100
v 0.23895800 0.02498800 0.22545800
v 0.23928000 0.02499000 0.22378100
v 0.23928000 0.02499000 0.22545800
v 0.23840500 0.02527200 0.22251700
v 0.23866500 0.02507900 0.22220800
v 0.23880800 0.02501800 0.22213000
v 0.23895700 0.02498200 0.22210400
v 0.23911000 0.02497000 0.22213000
v 0.23926400 0.02498300 0.22220700
v 0.23895800 0.02498800 0.22294300
v 0.23880100 0.02502700 0.22378100
v 0.23865200 0.02508900 0.22294300
v 0.23880100 0.02502700 0.22294300
v 0.23880100 0.02502700 0.22252400
v 0.23872500 0.02505500 0.22294300
v 0.23865200 0.02508900 0.22252400
v 0.23872500 0.02505500 0.22252400
v 0.23852100 0.02517100 0.22378100
v 0.23852100 0.02517100 0.22294300
v 0.23895800 0.02498800 0.22252400
v 0.23887900 0.02500400 0.22294300
v 0.23887900 0.02500400 0.22252400
v 0.23928000 0.02499000 0.22294300
v 0.23911900 0.02497600 0.22378100
v 0.23911900 0.02497600 0.22294300
v 0.23911900 0.02497600 0.22252400
v 0.23903800 0.02497900 0.22294300
v 0.23903800 0.02497900 0.22252400
v 0.23928000 0.02499000 0.22252400
v 0.23920000 0.02498000 0.22294300
v 0.23920000 0.02498000 0.22252400
v 0.23943000 0.02502700 0.22378100
v 0.23943000 0.02502700 0.22294300
v 0.23957200 0.02508700 0.22699900
v 0.23926600 0.02498900 0.22709800
v 0.23895300 0.02499200 0.22713000
v 0.23865800 0.02508800 0.22709700
v 0.23840500 0.02527200 0.22699900
v 0.23928000 0.02499000 0.22629600
v 0.23943000 0.02502700 0.22545800
v 0.23943000 0.02502700 0.22629600
v 0.23895800 0.02498800 0.22629600
v 0.23911900 0.02497600 0.22545800
v 0.23911900 0.02497600 0.22629600
v 0.23865200 0.02508900 0.22629600
v 0.23880100 0.02502700 0.22545800
v 0.23880100 0.02502700 0.22629600
v 0.23852100 0.02517100 0.22545800
v 0.23852100 0.02517100 0.22629600
v 0.23840500 0.02527200 0.22587900
v 0.23840500 0.02527200 0.22475800
v 0.23840500 0.02527200 0.22363800
v 0.23957200 0.02508700 0.22251700
v 0.23957200 0.02508700 0.22363800
v 0.23957200 0.02508700 0.22475800
v 0.23957200 0.02508700 0.22587900
v 0.23957200 0.02508700 0.22251700
v 0.24231600 0.02442800 0.22251700
v 0.24095300 0.02479500 0.22251700
v 0.23957200 0.02508700 0.22699900
v 0.24095300 0.02479500 0.22699900
v 0.23957200 0.02508700 0.22363800
v 0.23957200 0.02508700 0.22475800
v 0.23957200 0.02508700 0.22587900
v 0.24231600 0.02442800 0.22699900
v 0.24231600 0.02442800 0.22587900
v 0.24231600 0.02442800 0.22475800
v 0.24231600 0.02442800 0.22363800
v 0.24253200 0.02420900 0.22378100
v 0.24253200 0.02420900 0.22545800
v 0.24281800 0.02406200 0.22378100
v 0.24281800 0.02406200 0.22545800
v 0.24313700 0.02401300 0.22378100
v 0.24313700 0.02401300 0.22545800
v 0.24231600 0.02442800 0.22251700
v 0.24254300 0.02419700 0.22220800
v 0.24267400 0.02411400 0.22213000
v 0.24281600 0.02405500 0.22210400
v 0.24296500 0.02402000 0.22213000
v 0.24312000 0.02400900 0.22220700
v 0.24344000 0.02406300 0.22251700
v 0.24281800 0.02406200 0.22294300
v 0.24266900 0.02412400 0.22378100
v 0.24253200 0.02420900 0.22294300
v 0.24266900 0.02412400 0.22294300
v 0.24266900 0.02412400 0.22252400
v 0.24259900 0.02416400 0.22294300
v 0.24253200 0.02420900 0.22252400
v 0.24259900 0.02416400 0.22252400
v 0.24241600 0.02431000 0.22378100
v 0.24241600 0.02431000 0.22294300
v 0.24281800 0.02406200 0.22252400
v 0.24274200 0.02409000 0.22294300
v 0.24274200 0.02409000 0.22252400
v 0.24313700 0.02401300 0.22294300
v 0.24297500 0.02402400 0.22378100
v 0.24297500 0.02402400 0.22294300
v 0.24297500 0.02402400 0.22252400
v 0.24289600 0.02404000 0.22294300
v 0.24289600 0.02404000 0.22252400
v 0.24313700 0.02401300 0.22252400
v 0.24305600 0.02401500 0.22294300
v 0.24305600 0.02401500 0.22252400
v 0.24329000 0.02402600 0.22378100
v 0.24329000 0.02402600 0.22294300
v 0.24344000 0.02406300 0.22699900
v 0.24312300 0.02401400 0.22709800
v 0.24281400 0.02406600 0.22713000
v 0.24253700 0.02420700 0.22709700
v 0.24231600 0.02442800 0.22699900
v 0.24313700 0.02401300 0.22629600
v 0.24329000 0.02402600 0.22545800
v 0.24329000 0.02402600 0.22629600
v 0.24281800 0.02406200 0.22629600
v 0.24297500 0.02402400 0.22545800
v 0.24297500 0.02402400 0.22629600
v 0.24253200 0.02420900 0.22629600
v 0.24266900 0.02412400 0.22545800
v 0.24266900 0.02412400 0.22629600
v 0.24241600 0.02431000 0.22545800
v 0.24241600 0.02431000 0.22629600
v 0.24231600 0.02442800 0.22587900
v 0.24231600 0.02442800 0.22475800
v 0.24231600 0.02442800 0.22363800
v 0.24344000 0.02406300 0.22363800
v 0.24344000 0.02406300 0.22475800
v 0.24344000 0.02406300 0.22587900
v 0.24604700 0.02298300 0.22699900
v 0.24344000 0.02406300 0.22699900
v 0.24604700 0.02298300 0.22251700
v 0.24475800 0.02355900 0.22251700
v 0.24475800 0.02355900 0.22699900
v 0.24344000 0.02406300 0.22251700
v 0.24344000 0.02406300 0.22363800
v 0.24344000 0.02406300 0.22475800
v 0.24344000 0.02406300 0.22587900
v 0.24604700 0.02298300 0.22587900
v 0.24604700 0.02298300 0.22475800
v 0.24604700 0.02298300 0.22363800
v 0.24622700 0.02273300 0.22378100
v 0.24622700 0.02273300 0.22545800
v 0.24648600 0.02254200 0.22378100
v 0.24648600 0.02254200 0.22545800
v 0.24679300 0.02244400 0.22378100
v 0.24679300 0.02244400 0.22545800
v 0.24604700 0.02298300 0.22251700
v 0.24623500 0.02271900 0.22220800
v 0.24635200 0.02261700 0.22213000
v 0.24648300 0.02253600 0.22210400
v 0.24662500 0.02247800 0.22213000
v 0.24677600 0.02244300 0.22220700
v 0.24710000 0.02244600 0.22251700
v 0.24648600 0.02254200 0.22294300
v 0.24634900 0.02262700 0.22378100
v 0.24622700 0.02273300 0.22294300
v 0.24634900 0.02262700 0.22294300
v 0.24634900 0.02262700 0.22252400
v 0.24628500 0.02267700 0.22294300
v 0.24622700 0.02273300 0.22252400
v 0.24628500 0.02267700 0.22252400
v 0.24612700 0.02285100 0.22378100
v 0.24612700 0.02285100 0.22294300
v 0.24648600 0.02254200 0.22252400
v 0.24641600 0.02258200 0.22294300
v 0.24641600 0.02258200 0.22252400
v 0.24679300 0.02244400 0.22294300
v 0.24663600 0.02248100 0.22378100
v 0.24663600 0.02248100 0.22294300
v 0.24663600 0.02248100 0.22252400
v 0.24656000 0.02250900 0.22294300
v 0.24656000 0.02250900 0.22252400
v 0.24679300 0.02244400 0.22252400
v 0.24671400 0.02245900 0.22294300
v 0.24671400 0.02245900 0.22252400
v 0.24694700 0.02243300 0.22378100
v 0.24694700 0.02243300 0.22294300
v 0.24710000 0.02244600 0.22699900
v 0.24678000 0.02244800 0.22709800
v 0.24648300 0.02254700 0.22713000
v 0.24623100 0.02273000 0.22709700
v 0.24604700 0.02298300 0.22699900
v 0.24679300 0.02244400 0.22629600
v 0.24694700 0.02243300 0.22545800
v 0.24694700 0.02243300 0.22629600
v 0.24648600 0.02254200 0.22629600
v 0.24663600 0.02248100 0.22545800
v 0.24663600 0.02248100 0.22629600
v 0.24622700 0.02273300 0.22629600
v 0.24634900 0.02262700 0.22545800
v 0.24634900 0.02262700 0.22629600
v 0.24612700 0.02285100 0.22545800
v 0.24612700 0.02285100 0.22629600
v 0.24604700 0.02298300 0.22587900
v 0.24604700 0.02298300 0.22475800
v 0.24604700 0.02298300 0.22363800
v 0.24710000 0.02244600 0.22363800
v 0.24710000 0.02244600 0.22475800
v 0.24710000 0.02244600 0.22587900
v 0.24950700 0.02097200 0.22699900
v 0.24710000 0.02244600 0.22251700
v 0.24950700 0.02097200 0.22251700
v 0.24832400 0.02174200 0.22251700
v 0.24710000 0.02244600 0.22699900
v 0.24832400 0.02174200 0.22699900
v 0.24710000 0.02244600 0.22363800
v 0.24710000 0.02244600 0.22475800
v 0.24710000 0.02244600 0.22587900
v 0.24950700 0.02097200 0.22587900
v 0.24950700 0.02097200 0.22475800
v 0.24950700 0.02097200 0.22363800
v 0.24964500 0.02069700 0.22378100
v 0.24964500 0.02069700 0.22545800
v 0.24987100 0.02046800 0.22378100
v 0.24987100 0.02046800 0.22545800
v 0.25015900 0.02032300 0.22378100
v 0.25015900 0.02032300 0.22545800
v 0.24950700 0.02097200 0.22251700
v 0.24965100 0.02068200 0.22220800
v 0.24975000 0.02056300 0.22213000
v 0.24986700 0.02046300 0.22210400
v 0.24999800 0.02038300 0.22213000
v 0.25014200 0.02032400 0.22220700
v 0.25046200 0.02027700 0.22251700
v 0.24987100 0.02046800 0.22294300
v 0.24974800 0.02057300 0.22378100
v 0.24964500 0.02069700 0.22294300
v 0.24974800 0.02057300 0.22294300
v 0.24974800 0.02057300 0.22252400
v 0.24969400 0.02063300 0.22294300
v 0.24964500 0.02069700 0.22252400
v 0.24969400 0.02063300 0.22252400
v 0.24956500 0.02082900 0.22378100
v 0.24956500 0.02082900 0.22294300
v 0.24987100 0.02046800 0.22252400
v 0.24980800 0.02051800 0.22294300
v 0.24980800 0.02051800 0.22252400
v 0.25015900 0.02032300 0.22294300
v 0.25000900 0.02038400 0.22378100
v 0.25000900 0.02038400 0.22294300
v 0.25000900 0.02038400 0.22252400
v 0.24993800 0.02042300 0.22294300
v 0.24993800 0.02042300 0.22252400
v 0.25015900 0.02032300 0.22252400
v 0.25008300 0.02035100 0.22294300
v 0.25008300 0.02035100 0.22252400
v 0.25030900 0.02028800 0.22378100
v 0.25030900 0.02028800 0.22294300
v 0.25046200 0.02027700 0.22699900
v 0.25014600 0.02032800 0.22709800
v 0.24986800 0.02047300 0.22713000
v 0.24964900 0.02069300 0.22709700
v 0.24950700 0.02097200 0.22699900
v 0.25015900 0.02032300 0.22629600
v 0.25030900 0.02028800 0.22545800
v 0.25030900 0.02028800 0.22629600
v 0.24987100 0.02046800 0.22629600
v 0.25000900 0.02038400 0.22545800
v 0.25000900 0.02038400 0.22629600
v 0.24964500 0.02069700 0.22629600
v 0.24974800 0.02057300 0.22545800
v 0.24974800 0.02057300 0.22629600
v 0.24956500 0.02082900 0.22545800
v 0.24956500 0.02082900 0.22629600
v 0.24950700 0.02097200 0.22587900
v 0.24950700 0.02097200 0.22475800
v 0.24950700 0.02097200 0.22363800
v 0.25046200 0.02027700 0.22363800
v 0.25046200 0.02027700 0.22475800
v 0.25046200 0.02027700 0.22587900
v 0.25046200 0.02027700 0.22251700
v 0.25260900 0.01844400 0.22251700
v 0.25156100 0.01939000 0.22251700
v 0.25046200 0.02027700 0.22699900
v 0.25156100 0.01939000 0.22699900
v 0.25046200 0.02027700 0.22363800
v 0.25046200 0.02027700 0.22475800
v 0.25046200 0.02027700 0.22587900
v 0.25260900 0.01844400 0.22699900
v 0.25260900 0.01844400 0.22587900
v 0.25260900 0.01844400 0.22475800
v 0.25260900 0.01844400 0.22363800
v 0.25270200 0.01815100 0.22378100
v 0.25270200 0.01815100 0.22545800
v 0.25289000 0.01789000 0.22378100
v 0.25289000 0.01789000 0.22545800
v 0.25315200 0.01770200 0.22378100
v 0.25315200 0.01770200 0.22545800
v 0.25260900 0.01844400 0.22251700
v 0.25270600 0.01813500 0.22220800
v 0.25278600 0.01800200 0.22213000
v 0.25288500 0.01788500 0.22210400
v 0.25300200 0.01778600 0.22213000
v 0.25313500 0.01770600 0.22220700
v 0.25344400 0.01760900 0.22251700
v 0.25289000 0.01789000 0.22294300
v 0.25278500 0.01801300 0.22378100
v 0.25270200 0.01815100 0.22294300
v 0.25278500 0.01801300 0.22294300
v 0.25278500 0.01801300 0.22252400
v 0.25274100 0.01808000 0.22294300
v 0.25270200 0.01815100 0.22252400
v 0.25274100 0.01808000 0.22252400
v 0.25264400 0.01829400 0.22378100
v 0.25264400 0.01829400 0.22294300
v 0.25289000 0.01789000 0.22252400
v 0.25283500 0.01794900 0.22294300
v 0.25283500 0.01794900 0.22252400
v 0.25315200 0.01770200 0.22294300
v 0.25301300 0.01778500 0.22378100
v 0.25301300 0.01778500 0.22294300
v 0.25301300 0.01778500 0.22252400
v 0.25294900 0.01783500 0.22294300
v 0.25294900 0.01783500 0.22252400
v 0.25315200 0.01770200 0.22252400
v 0.25308100 0.01774000 0.22294300
v 0.25308100 0.01774000 0.22252400
v 0.25329400 0.01764400 0.22378100
v 0.25329400 0.01764400 0.22294300
v 0.25344400 0.01760900 0.22699900
v 0.25314000 0.01770900 0.22709800
v 0.25288800 0.01789500 0.22713000
v 0.25270500 0.01814700 0.22709700
v 0.25260900 0.01844400 0.22699900
v 0.25315200 0.01770200 0.22629600
v 0.25329400 0.01764400 0.22545800
v 0.25329400 0.01764400 0.22629600
v 0.25289000 0.01789000 0.22629600
v 0.25301300 0.01778500 0.22545800
v 0.25301300 0.01778500 0.22629600
v 0.25270200 0.01815100 0.22629600
v 0.25278500 0.01801300 0.22545800
v 0.25278500 0.01801300 0.22629600
v 0.25264400 0.01829400 0.22545800
v 0.25264400 0.01829400 0.22629600
v 0.25260900 0.01844400 0.22587900
v 0.25260900 0.01844400 0.22475800
v 0.25260900 0.01844400 0.22363800
v 0.25344400 0.01760900 0.22363800
v 0.25344400 0.01760900 0.22475800
v 0.25344400 0.01760900 0.22587900
v 0.25527700 0.01546200 0.22699900
v 0.25344400 0.01760900 0.22251700
v 0.25527700 0.01546200 0.22251700
v 0.25439000 0.01656100 0.22251700
v 0.25344400 0.01760900 0.22699900
v 0.25439000 0.01656100 0.22699900
v 0.25344400 0.01760900 0.22363800
v 0.25344400 0.01760900 0.22475800
v 0.25344400 0.01760900 0.22587900
v 0.25527700 0.01546200 0.22587900
v 0.25527700 0.01546200 0.22475800
v 0.25527700 0.01546200 0.22363800
v 0.25532300 0.01515800 0.22378100
v 0.25532300 0.01515800 0.22545800
v 0.25546800 0.01487100 0.22378100
v 0.25546800 0.01487100 0.22545800
v 0.25569700 0.01464400 0.22378100
v 0.25569700 0.01464400 0.22545800
v 0.25527700 0.01546200 0.22251700
v 0.25532400 0.01514200 0.22220800
v 0.25538300 0.01499800 0.22213000
v 0.25546200 0.01486700 0.22210400
v 0.25556200 0.01475100 0.22213000
v 0.25568100 0.01465100 0.22220700
v 0.25597200 0.01450700 0.22251700
v 0.25546800 0.01487100 0.22294300
v 0.25538400 0.01500900 0.22378100
v 0.25532300 0.01515800 0.22294300
v 0.25538400 0.01500900 0.22294300
v 0.25538400 0.01500900 0.22252400
v 0.25535100 0.01508200 0.22294300
v 0.25532300 0.01515800 0.22252400
v 0.25535100 0.01508200 0.22252400
v 0.25528800 0.01530900 0.22378100
v 0.25528800 0.01530900 0.22294300
v 0.25546800 0.01487100 0.22252400
v 0.25542300 0.01493800 0.22294300
v 0.25542300 0.01493800 0.22252400
v 0.25569700 0.01464400 0.22294300
v 0.25557300 0.01474800 0.22378100
v 0.25557300 0.01474800 0.22294300
v 0.25557300 0.01474800 0.22252400
v 0.25551800 0.01480700 0.22294300
v 0.25551800 0.01480700 0.22252400
v 0.25569700 0.01464400 0.22252400
v 0.25563300 0.01469400 0.22294300
v 0.25563300 0.01469400 0.22252400
v 0.25582900 0.01456500 0.22378100
v 0.25582900 0.01456500 0.22294300
v 0.25597200 0.01450700 0.22699900
v 0.25568700 0.01465300 0.22709800
v 0.25546700 0.01487600 0.22713000
v 0.25532600 0.01515400 0.22709700
v 0.25527700 0.01546200 0.22699900
v 0.25569700 0.01464400 0.22629600
v 0.25582900 0.01456500 0.22545800
v 0.25582900 0.01456500 0.22629600
v 0.25546800 0.01487100 0.22629600
v 0.25557300 0.01474800 0.22545800
v 0.25557300 0.01474800 0.22629600
v 0.25532300 0.01515800 0.22629600
v 0.25538400 0.01500900 0.22545800
v 0.25538400 0.01500900 0.22629600
v 0.25528800 0.01530900 0.22545800
v 0.25528800 0.01530900 0.22629600
v 0.25527700 0.01546200 0.22587900
v 0.25527700 0.01546200 0.22475800
v 0.25527700 0.01546200 0.22363800
v 0.25597200 0.01450700 0.22363800
v 0.25597200 0.01450700 0.22475800
v 0.25597200 0.01450700 0.22587900
v 0.25597200 0.01450700 0.22251700
v 0.25744600 0.01210000 0.22251700
v 0.25674200 0.01332400 0.22251700
v 0.25597200 0.01450700 0.22699900
v 0.25674200 0.01332400 0.22699900
v 0.25597200 0.01450700 0.22363800
v 0.25597200 0.01450700 0.22475800
v 0.25597200 0.01450700 0.22587900
v 0.25744600 0.01210000 0.22699900
v 0.25744600 0.01210000 0.22587900
v 0.25744600 0.01210000 0.22475800
v 0.25744600 0.01210000 0.22363800
v 0.25744400 0.01179200 0.22378100
v 0.25744400 0.01179200 0.22545800
v 0.25754200 0.01148600 0.22378100
v 0.25754200 0.01148600 0.22545800
v 0.25773300 0.01122600 0.22378100
v 0.25773300 0.01122600 0.22545800
v 0.25744600 0.01210000 0.22251700
v 0.25744300 0.01177600 0.22220800
v 0.25747800 0.01162500 0.22213000
v 0.25753600 0.01148300 0.22210400
v 0.25761700 0.01135200 0.22213000
v 0.25771900 0.01123500 0.22220700
v 0.25798300 0.01104700 0.22251700
v 0.25754200 0.01148600 0.22294300
v 0.25748100 0.01163500 0.22378100
v 0.25744400 0.01179200 0.22294300
v 0.25748100 0.01163500 0.22294300
v 0.25748100 0.01163500 0.22252400
v 0.25746000 0.01171300 0.22294300
v 0.25744400 0.01179200 0.22252400
v 0.25746000 0.01171300 0.22252400
v 0.25743400 0.01194600 0.22378100
v 0.25743400 0.01194600 0.22294300
v 0.25754200 0.01148600 0.22252400
v 0.25750900 0.01155900 0.22294300
v 0.25750900 0.01155900 0.22252400
v 0.25773300 0.01122600 0.22294300
v 0.25762700 0.01134800 0.22378100
v 0.25762700 0.01134800 0.22294300
v 0.25762700 0.01134800 0.22252400
v 0.25758200 0.01141500 0.22294300
v 0.25758200 0.01141500 0.22252400
v 0.25773300 0.01122600 0.22252400
v 0.25767800 0.01128500 0.22294300
v 0.25767800 0.01128500 0.22252400
v 0.25785100 0.01112700 0.22378100
v 0.25785100 0.01112700 0.22294300
v 0.25798300 0.01104700 0.22699900
v 0.25772400 0.01123600 0.22709800
v 0.25754200 0.01149100 0.22713000
v 0.25744700 0.01178700 0.22709700
v 0.25744600 0.01210000 0.22699900
v 0.25773300 0.01122600 0.22629600
v 0.25785100 0.01112700 0.22545800
v 0.25785100 0.01112700 0.22629600
v 0.25754200 0.01148600 0.22629600
v 0.25762700 0.01134800 0.22545800
v 0.25762700 0.01134800 0.22629600
v 0.25744400 0.01179200 0.22629600
v 0.25748100 0.01163500 0.22545800
v 0.25748100 0.01163500 0.22629600
v 0.25743400 0.01194600 0.22545800
v 0.25743400 0.01194600 0.22629600
v 0.25744600 0.01210000 0.22587900
v 0.25744600 0.01210000 0.22475800
v 0.25744600 0.01210000 0.22363800
v 0.25798300 0.01104700 0.22363800
v 0.25798300 0.01104700 0.22475800
v 0.25798300 0.01104700 0.22587900
v 0.25798300 0.01104700 0.22699900
v 0.25906300 0.00844000 0.22251700
v 0.25855900 0.00975800 0.22251700
v 0.25855900 0.00975800 0.22699900
v 0.25798300 0.01104700 0.22251700
v 0.25798300 0.01104700 0.22363800
v 0.25798300 0.01104700 0.22475800
v 0.25798300 0.01104700 0.22587900
v 0.25906300 0.00844000 0.22699900
v 0.25906300 0.00844000 0.22587900
v 0.25906300 0.00844000 0.22475800
v 0.25906300 0.00844000 0.22363800
v 0.25901300 0.00813600 0.22378100
v 0.25901300 0.00813600 0.22545800
v 0.25906200 0.00781800 0.22378100
v 0.25906200 0.00781800 0.22545800
v 0.25920900 0.00753200 0.22378100
v 0.25920900 0.00753200 0.22545800
v 0.25906300 0.00844000 0.22251700
v 0.25900900 0.00812000 0.22220800
v 0.25902000 0.00796500 0.22213000
v 0.25905500 0.00781600 0.22210400
v 0.25911400 0.00767500 0.22213000
v 0.25919600 0.00754300 0.22220700
v 0.25942800 0.00731600 0.22251700
v 0.25906200 0.00781800 0.22294300
v 0.25902400 0.00797500 0.22378100
v 0.25901300 0.00813600 0.22294300
v 0.25902400 0.00797500 0.22294300
v 0.25902400 0.00797500 0.22252400
v 0.25901500 0.00805500 0.22294300
v 0.25901300 0.00813600 0.22252400
v 0.25901500 0.00805500 0.22252400
v 0.25902600 0.00829000 0.22378100
v 0.25902600 0.00829000 0.22294300
v 0.25906200 0.00781800 0.22252400
v 0.25904000 0.00789600 0.22294300
v 0.25904000 0.00789600 0.22252400
v 0.25920900 0.00753200 0.22294300
v 0.25912400 0.00766900 0.22378100
v 0.25912400 0.00766900 0.22294300
v 0.25912400 0.00766900 0.22252400
v 0.25909000 0.00774200 0.22294300
v 0.25909000 0.00774200 0.22252400
v 0.25920900 0.00753200 0.22252400
v 0.25916400 0.00759800 0.22294300
v 0.25916400 0.00759800 0.22252400
v 0.25931000 0.00741500 0.22378100
v 0.25931000 0.00741500 0.22294300
v 0.25942800 0.00731600 0.22699900
v 0.25920200 0.00754300 0.22709800
v 0.25906300 0.00782300 0.22713000
v 0.25901400 0.00813100 0.22709700
v 0.25906300 0.00844000 0.22699900
v 0.25920900 0.00753200 0.22629600
v 0.25931000 0.00741500 0.22545800
v 0.25931000 0.00741500 0.22629600
v 0.25906200 0.00781800 0.22629600
v 0.25912400 0.00766900 0.22545800
v 0.25912400 0.00766900 0.22629600
v 0.25901300 0.00813600 0.22629600
v 0.25902400 0.00797500 0.22545800
v 0.25902400 0.00797500 0.22629600
v 0.25902600 0.00829000 0.22545800
v 0.25902600 0.00829000 0.22629600
v 0.25906300 0.00844000 0.22587900
v 0.25906300 0.00844000 0.22475800
v 0.25906300 0.00844000 0.22363800
v 0.25942800 0.00731600 0.22363800
v 0.25942800 0.00731600 0.22475800
v 0.25942800 0.00731600 0.22587900
v 0.26008700 0.00457100 0.22699900
v 0.26008700 0.00457100 0.22251700
v 0.25979500 0.00595300 0.22251700
v 0.26008700 0.00457100 0.22587900
v 0.26008700 0.00457100 0.22475800
v 0.26008700 0.00457100 0.22363800
v 0.25942800 0.00731600 0.22699900
v 0.25979500 0.00595300 0.22699900
v 0.25942800 0.00731600 0.22251700
v 0.25942800 0.00731600 0.22363800
v 0.25942800 0.00731600 0.22475800
v 0.25942800 0.00731600 0.22587900
v 0.25900000 -0.00000000 0.22799900
v 0.25893000 0.00183700 0.22799900
v 0.25871900 0.00366400 0.22799900
v 0.25836900 0.00546800 0.22799900
v 0.25788200 0.00724100 0.22799900
v 0.25726000 0.00897200 0.22799900
v 0.25650800 0.01064900 0.22799900
v 0.25563000 0.01226400 0.22799900
v 0.25463000 0.01380800 0.22799900
v 0.25351600 0.01527000 0.22799900
v 0.25229300 0.01664200 0.22799900
v 0.25096800 0.01791700 0.22799900
v 0.24954900 0.01908700 0.22799900
v 0.24804600 0.02014500 0.22799900
v 0.24646500 0.02108400 0.22799900
v 0.24481800 0.02190000 0.22799900
v 0.24311200 0.02258700 0.22799900
v 0.24136000 0.02314200 0.22799900
v 0.23956900 0.02356100 0.22799900
v 0.23775200 0.02384200 0.22799900
v 0.23591900 0.02398200 0.22799900
v 0.23408100 0.02398200 0.22799900
v 0.23224800 0.02384200 0.22799900
v 0.23043100 0.02356100 0.22799900
v 0.22864000 0.02314200 0.22799900
v 0.22688800 0.02258700 0.22799900
v 0.22518200 0.02190000 0.22799900
v 0.22353500 0.02108400 0.22799900
v 0.22195400 0.02014500 0.22799900
v 0.22045100 0.01908700 0.22799900
v 0.21903200 0.01791700 0.22799900
v 0.21770700 0.01664200 0.22799900
v 0.21648400 0.01527000 0.22799900
v 0.21537000 0.01380800 0.22799900
v 0.21437000 0.01226400 0.22799900
v 0.21349200 0.01064900 0.22799900
v 0.21274000 0.00897200 0.22799900
v 0.21211800 0.00724100 0.22799900
v 0.21163100 0.00546800 0.22799900
v 0.21128100 0.00366400 0.22799900
v 0.21107000 0.00183700 0.22799900
v 0.21100000 -0.00000000 0.22799900
v 0.21107000 -0.00183700 0.22799900
v 0.21128100 -0.00366400 0.22799900
v 0.21163100 -0.00546900 0.22799900
v 0.21211800 -0.00724100 0.22799900
v 0.21274000 -0.00897200 0.22799900
v 0.21349200 -0.01064900 0.22799900
v 0.21437000 -0.01226400 0.22799900
v 0.21537000 -0.01380800 0.22799900
v 0.21648400 -0.01527000 0.22799900
v 0.21770700 -0.01664200 0.22799900
v 0.21903200 -0.01791700 0.22799900
v 0.22045100 -0.01908700 0.22799900
v 0.22195400 -0.02014500 0.22799900
v 0.22353500 -0.02108400 0.22799900
v 0.22518200 -0.02190000 0.22799900
v 0.22688800 -0.02258700 0.22799900
v 0.22864000 -0.02314200 0.22799900
v 0.23043100 -0.02356100 0.22799900
v 0.23224800 -0.02384200 0.22799900
v 0.23408100 -0.02398200 0.22799900
v 0.23591900 -0.02398200 0.22799900
v 0.23775200 -0.02384200 0.22799900
v 0.23956900 -0.02356100 0.22799900
v 0.24136000 -0.02314200 0.22799900
v 0.24311200 -0.02258700 0.22799900
v 0.24481800 -0.02190000 0.22799900
v 0.24646500 -0.02108400 0.22799900
v 0.24804600 -0.02014500 0.22799900
v 0.24954900 -0.01908700 0.22799900
v 0.25096800 -0.01791700 0.22799900
v 0.25229300 -0.01664200 0.22799900
v 0.25351600 -0.01527000 0.22799900
v 0.25463000 -0.01380800 0.22799900
v 0.25563000 -0.01226400 0.22799900
v 0.25650800 -0.01064900 0.22799900
v 0.25726000 -0.00897200 0.22799900
v 0.25788200 -0.00724100 0.22799900
v 0.25836900 -0.00546900 0.22799900
v 0.25871900 -0.00366400 0.22799900
v 0.25893000 -0.00183700 0.22799900
v 0.25760000 -0.00000000 0.22799900
v 0.25732200 -0.00353500 0.22799900
v 0.25649400 -0.00698400 0.22799900
v 0.25513700 -0.01026000 0.22799900
v 0.25328400 -0.01328400 0.22799900
v 0.25098100 -0.01598100 0.22799900
v 0.24828400 -0.01828400 0.22799900
v 0.24526000 -0.02013700 0.22799900
v 0.24198400 -0.02149400 0.22799900
v 0.23853500 -0.02232200 0.22799900
v 0.23500000 -0.02260000 0.22799900
v 0.23146500 -0.02232200 0.22799900
v 0.22801600 -0.02149400 0.22799900
v 0.22474000 -0.02013700 0.22799900
v 0.22171600 -0.01828400 0.22799900
v 0.21901900 -0.01598100 0.22799900
v 0.21671600 -0.01328400 0.22799900
v 0.21486300 -0.01026000 0.22799900
v 0.21350600 -0.00698400 0.22799900
v 0.21267800 -0.00353500 0.22799900
v 0.21240000 -0.00000000 0.22799900
v 0.21267800 0.00353500 0.22799900
v 0.21350600 0.00698400 0.22799900
v 0.21486300 0.01026000 0.22799900
v 0.21671600 0.01328400 0.22799900
v 0.21901900 0.01598100 0.22799900
v 0.22171600 0.01828400 0.22799900
v 0.22474000 0.02013700 0.22799900
v 0.22801600 0.02149400 0.22799900
v 0.23146500 0.02232200 0.22799900
v 0.23500000 0.02260000 0.22799900
v 0.23853500 0.02232200 0.22799900
v 0.24198400 0.02149400 0.22799900
v 0.24526000 0.02013700 0.22799900
v 0.24828400 0.01828400 0.22799900
v 0.25098100 0.01598100 0.22799900
v 0.25328400 0.01328400 0.22799900
v 0.25513700 0.01026000 0.22799900
v 0.25649400 0.00698400 0.22799900
v 0.25732200 0.00353500 0.22799900
v 0.26000000 -0.00000000 0.22151700
v 0.25993000 0.00186800 0.22151700
v 0.25972100 0.00372600 0.22151700
v 0.25937300 0.00556300 0.22151700
v 0.25888900 0.00736900 0.22151700
v 0.25827200 0.00913300 0.22151700
v 0.25752400 0.01084700 0.22151700
v 0.25665100 0.01250000 0.22151700
v 0.25565600 0.01408300 0.22151700
v 0.25454600 0.01558700 0.22151700
v 0.25332600 0.01700400 0.22151700
v 0.25200400 0.01832600 0.22151700
v 0.25058700 0.01954600 0.22151700
v 0.24908300 0.02065600 0.22151700
v 0.24750000 0.02165100 0.22151700
v 0.24584700 0.02252400 0.22151700
v 0.24413400 0.02327200 0.22151700
v 0.24236900 0.02388900 0.22151700
v 0.24056300 0.02437300 0.22151700
v 0.23872600 0.02472100 0.22151700
v 0.23686800 0.02493000 0.22151700
v 0.23500000 0.02500000 0.22151700
v 0.23313200 0.02493000 0.22151700
v 0.23127400 0.02472100 0.22151700
v 0.22943700 0.02437300 0.22151700
v 0.22763100 0.02388900 0.22151700
v 0.22586600 0.02327200 0.22151700
v 0.22415300 0.02252400 0.22151700
v 0.22250000 0.02165100 0.22151700
v 0.22091700 0.02065600 0.22151700
v 0.21941300 0.01954600 0.22151700
v 0.21799600 0.01832600 0.22151700
v 0.21667400 0.01700400 0.22151700
v 0.21545400 0.01558700 0.22151700
v 0.21434400 0.01408300 0.22151700
v 0.21334900 0.01250000 0.22151700
v 0.21247600 0.01084700 0.22151700
v 0.21172800 0.00913300 0.22151700
v 0.21111100 0.00736900 0.22151700
v 0.21062700 0.00556300 0.22151700
v 0.21027900 0.00372600 0.22151700
v 0.21007000 0.00186800 0.22151700
v 0.21000000 -0.00000000 0.22151700
v 0.21007000 -0.00186800 0.22151700
v 0.21027900 -0.00372600 0.22151700
v 0.21062700 -0.00556300 0.22151700
v 0.21111100 -0.00736900 0.22151700
v 0.21172800 -0.00913400 0.22151700
v 0.21247600 -0.01084700 0.22151700
v 0.21334900 -0.01250000 0.22151700
v 0.21434400 -0.01408300 0.22151700
v 0.21545400 -0.01558700 0.22151700
v 0.21667400 -0.01700400 0.22151700
v 0.21799600 -0.01832600 0.22151700
v 0.21941300 -0.01954600 0.22151700
v 0.22091700 -0.02065600 0.22151700
v 0.22250000 -0.02165100 0.22151700
v 0.22415300 -0.02252400 0.22151700
v 0.22586600 -0.02327200 0.22151700
v 0.22763100 -0.02388900 0.22151700
v 0.22943700 -0.02437300 0.22151700
v 0.23127400 -0.02472100 0.22151700
v 0.23313200 -0.02493000 0.22151700
v 0.23500000 -0.02500000 0.22151700
v 0.23686800 -0.02493000 0.22151700
v 0.23872600 -0.02472100 0.22151700
v 0.24056300 -0.02437300 0.22151700
v 0.24236900 -0.02388900 0.22151700
v 0.24413400 -0.02327200 0.22151700
v 0.24584700 -0.02252400 0.22151700
v 0.24750000 -0.02165100 0.22151700
v 0.24908300 -0.02065600 0.22151700
v 0.25058700 -0.01954600 0.22151700
v 0.25200400 -0.01832600 0.22151700
v 0.25332600 -0.01700400 0.22151700
v 0.25454600 -0.01558700 0.22151700
v 0.25565600 -0.01408300 0.22151700
v 0.25665100 -0.01250000 0.22151700
v 0.25752400 -0.01084700 0.22151700
v 0.25827200 -0.00913400 0.22151700
v 0.25888900 -0.00736900 0.22151700
v 0.25937300 -0.00556300 0.22151700
v 0.25972100 -0.00372600 0.22151700
v 0.25993000 -0.00186800 0.22151700
v 0.23500000 -0.02476700 0.22151700
v 0.23458400 -0.02476300 0.22151700
v 0.23416800 -0.02475300 0.22151700
v 0.23375200 -0.02473500 0.22151700
v 0.23333700 -0.02471100 0.22151700
v 0.23292200 -0.02467900 0.22151700
v 0.23250800 -0.02464100 0.22151700
v 0.23209400 -0.02459500 0.22151700
v 0.23168100 -0.02454300 0.22151700
v 0.23127000 -0.02448400 0.22151700
v 0.23085900 -0.02441800 0.22151700
v 0.23044900 -0.02434500 0.22151700
v 0.23004100 -0.02426500 0.22151700
v 0.22963400 -0.02417800 0.22151700
v 0.22922900 -0.02408500 0.22151700
v 0.22882500 -0.02398400 0.22151700
v 0.22842300 -0.02387700 0.22151700
v 0.22802200 -0.02376300 0.22151700
v 0.22762400 -0.02364300 0.22151700
v 0.22722800 -0.02351500 0.22151700
v 0.22683400 -0.02338200 0.22151700
v 0.22644300 -0.02324100 0.22151700
v 0.22605300 -0.02309400 0.22151700
v 0.22566700 -0.02294100 0.22151700
v 0.22528300 -0.02278000 0.22151700
v 0.22490100 -0.02261400 0.22151700
v 0.22452300 -0.02244100 0.22151700
v 0.22414700 -0.02226200 0.22151700
v 0.22377500 -0.02207700 0.22151700
v 0.22340600 -0.02188500 0.22151700
v 0.22304000 -0.02168700 0.22151700
v 0.22267700 -0.02148300 0.22151700
v 0.22231800 -0.02127300 0.22151700
v 0.22196200 -0.02105700 0.22151700
v 0.22161000 -0.02083500 0.22151700
v 0.22126200 -0.02060700 0.22151700
v 0.22091800 -0.02037300 0.22151700
v 0.22057800 -0.02013400 0.22151700
v 0.22024100 -0.01988900 0.22151700
v 0.21990900 -0.01963800 0.22151700
v 0.21958200 -0.01938200 0.22151700
v 0.21925800 -0.01912000 0.22151700
v 0.21893900 -0.01885300 0.22151700
v 0.21862500 -0.01858000 0.22151700
v 0.21831500 -0.01830300 0.22151700
v 0.21801000 -0.01802000 0.22151700
v 0.21771000 -0.01773200 0.22151700
v 0.21741400 -0.01743900 0.22151700
v 0.21712400 -0.01714100 0.22151700
v 0.21683800 -0.01683800 0.22151700
v 0.21655800 -0.01653100 0.22151700
v 0.21628300 -0.01621900 0.22151700
v 0.21601300 -0.01590200 0.22151700
v 0.21574800 -0.01558100 0.22151700
v 0.21548900 -0.01525500 0.22151700
v 0.21523600 -0.01492500 0.22151700
v 0.21498800 -0.01459100 0.22151700
v 0.21474600 -0.01425300 0.22151700
v 0.21450900 -0.01391100 0.22151700
v 0.21427800 -0.01356400 0.22151700
v 0.21405300 -0.01321400 0.22151700
v 0.21383400 -0.01286100 0.22151700
v 0.21362100 -0.01250300 0.22151700
v 0.21341400 -0.01214200 0.22151700
v 0.21321300 -0.01177800 0.22151700
v 0.21301900 -0.01141000 0.22151700
v 0.21283000 -0.01103900 0.22151700
v 0.21264800 -0.01066500 0.22151700
v 0.21247200 -0.01028800 0.22151700
v 0.21230200 -0.00990800 0.22151700
v 0.21213900 -0.00952600 0.22151700
v 0.21198200 -0.00914000 0.22151700
v 0.21183200 -0.00875200 0.22151700
v 0.21168800 -0.00836200 0.22151700
v 0.21155100 -0.00796900 0.22151700
v 0.21142000 -0.00757400 0.22151700
v 0.21129600 -0.00717700 0.22151700
v 0.21117900 -0.00677800 0.22151700
v 0.21106800 -0.00637700 0.22151700
v 0.21096500 -0.00597400 0.22151700
v 0.21086800 -0.00556900 0.22151700
v 0.21077800 -0.00516300 0.22151700
v 0.21069400 -0.00475500 0.22151700
v 0.21061800 -0.00434600 0.22151700
v 0.21054800 -0.00393600 0.22151700
v 0.21048600 -0.00352500 0.22151700
v 0.21043000 -0.00311200 0.22151700
v 0.21038100 -0.00269900 0.22151700
v 0.21033900 -0.00228500 0.22151700
v 0.21030400 -0.00187100 0.22151700
v 0.21027600 -0.00145500 0.22151700
v 0.21025500 -0.00104000 0.22151700
v 0.21024100 -0.00062400 0.22151700
v 0.21023400 -0.00020800 0.22151700
v 0.21023400 0.00020800 0.22151700
v 0.21024100 0.00062400 0.22151700
v 0.21025500 0.00104000 0.22151700
v 0.21027600 0.00145500 0.22151700
v 0.21030400 0.00187100 0.22151700
v 0.21033900 0.00228500 0.22151700
v 0.21038100 0.00269900 0.22151700
v 0.21043000 0.00311200 0.22151700
v 0.21048600 0.00352500 0.22151700
v 0.21054800 0.00393600 0.22151700
v 0.21061800 0.00434600 0.22151700
v 0.21069400 0.00475500 0.22151700
v 0.21077800 0.00516300 0.22151700
v 0.21086800 0.00556900 0.22151700
v 0.21096500 0.00597400 0.22151700
v 0.21106800 0.00637700 0.22151700
v 0.21117900 0.00677800 0.22151700
v 0.21129600 0.00717700 0.22151700
v 0.21142000 0.00757400 0.22151700
v 0.21155100 0.00796900 0.22151700
v 0.21168800 0.00836200 0.22151700
v 0.21183200 0.00875200 0.22151700
v 0.21198200 0.00914000 0.22151700
v 0.21213900 0.00952600 0.22151700
v 0.21230200 0.00990800 0.22151700
v 0.21247200 0.01028800 0.22151700
v 0.21264800 0.01066500 0.22151700
v 0.21283000 0.01103900 0.22151700
v 0.21301900 0.01141000 0.22151700
v 0.21321300 0.01177800 0.22151700
v 0.21341400 0.01214200 0.22151700
v 0.21362100 0.01250300 0.22151700
v 0.21383400 0.01286100 0.22151700
v 0.21405300 0.01321400 0.22151700
v 0.21427800 0.01356400 0.22151700
v 0.21450900 0.01391000 0.22151700
v 0.21474600 0.01425300 0.22151700
v 0.21498800 0.01459100 0.22151700
v 0.21523600 0.01492500 0.22151700
v 0.21548900 0.01525500 0.22151700
v 0.21574800 0.01558100 0.22151700
v 0.21601300 0.01590200 0.22151700
v 0.21628300 0.01621900 0.22151700
v 0.21655800 0.01653100 0.22151700
v 0.21683800 0.01683800 0.22151700
v 0.21712400 0.01714100 0.22151700
v 0.21741400 0.01743900 0.22151700
v 0.21771000 0.01773200 0.22151700
v 0.21801000 0.01802000 0.22151700
v 0.21831500 0.01830300 0.22151700
v 0.21862500 0.01858000 0.22151700
v 0.21893900 0.01885300 0.22151700
v 0.21925800 0.01912000 0.22151700
v 0.21958200 0.01938200 0.22151700
v 0.21990900 0.01963800 0.22151700
v 0.22024100 0.01988900 0.22151700
v 0.22057800 0.02013400 0.22151700
v 0.22091800 0.02037300 0.22151700
v 0.22126200 0.02060700 0.22151700
v 0.22161000 0.02083500 0.22151700
v 0.22196200 0.02105700 0.22151700
v 0.22231800 0.02127300 0.22151700
v 0.22267700 0.02148300 0.22151700
v 0.22304000 0.02168700 0.22151700
v 0.22340600 0.02188500 0.22151700
v 0.22377500 0.02207600 0.22151700
v 0.22414700 0.02226200 0.22151700
v 0.22452300 0.02244100 0.22151700
v 0.22490100 0.02261400 0.22151700
v 0.22528300 0.02278000 0.22151700
v 0.22566700 0.02294000 0.22151700
v 0.22605300 0.02309400 0.22151700
v 0.22644300 0.02324100 0.22151700
v 0.22683400 0.02338200 0.22151700
v 0.22722800 0.02351500 0.22151700
v 0.22762400 0.02364300 0.22151700
v 0.22802200 0.02376300 0.22151700
v 0.22842300 0.02387700 0.22151700
v 0.22882500 0.02398400 0.22151700
v 0.22922900 0.02408500 0.22151700
v 0.22963400 0.02417800 0.22151700
v 0.23004100 0.02426500 0.22151700
v 0.23044900 0.02434500 0.22151700
v 0.23085900 0.02441800 0.22151700
v 0.23127000 0.02448400 0.22151700
v 0.23168100 0.02454300 0.22151700
v 0.23209400 0.02459500 0.22151700
v 0.23250800 0.02464100 0.22151700
v 0.23292200 0.02467900 0.22151700
v 0.23333700 0.02471100 0.22151700
v 0.23375200 0.02473500 0.22151700
v 0.23416800 0.02475200 0.22151700
v 0.23458400 0.02476300 0.22151700
v 0.23500000 0.02476600 0.22151700
v 0.23541600 0.02476300 0.22151700
v 0.23583200 0.02475200 0.22151700
v 0.23624800 0.02473500 0.22151700
v 0.23666300 0.02471100 0.22151700
v 0.23707800 0.02467900 0.22151700
v 0.23749200 0.02464100 0.22151700
v 0.23790600 0.02459500 0.22151700
v 0.23831900 0.02454300 0.22151700
v 0.23873000 0.02448400 0.22151700
v 0.23914100 0.02441800 0.22151700
v 0.23955100 0.02434500 0.22151700
v 0.23995900 0.02426500 0.22151700
v 0.24036600 0.02417800 0.22151700
v 0.24077200 0.02408500 0.22151700
v 0.24117500 0.02398400 0.22151700
v 0.24157700 0.02387700 0.22151700
v 0.24197800 0.02376300 0.22151700
v 0.24237600 0.02364300 0.22151700
v 0.24277200 0.02351500 0.22151700
v 0.24316600 0.02338200 0.22151700
v 0.24355700 0.02324100 0.22151700
v 0.24394700 0.02309400 0.22151700
v 0.24433300 0.02294000 0.22151700
v 0.24471700 0.02278000 0.22151700
v 0.24509900 0.02261400 0.22151700
v 0.24547700 0.02244100 0.22151700
v 0.24585300 0.02226200 0.22151700
v 0.24622500 0.02207600 0.22151700
v 0.24659400 0.02188500 0.22151700
v 0.24696100 0.02168700 0.22151700
v 0.24732300 0.02148300 0.22151700
v 0.24768200 0.02127300 0.22151700
v 0.24803800 0.02105700 0.22151700
v 0.24839000 0.02083500 0.22151700
v 0.24873800 0.02060700 0.22151700
v 0.24908200 0.02037300 0.22151700
v 0.24942200 0.02013400 0.22151700
v 0.24975900 0.01988900 0.22151700
v 0.25009100 0.01963800 0.22151700
v 0.25041800 0.01938200 0.22151700
v 0.25074200 0.01912000 0.22151700
v 0.25106100 0.01885300 0.22151700
v 0.25137500 0.01858000 0.22151700
v 0.25168500 0.01830300 0.22151700
v 0.25199000 0.01802000 0.22151700
v 0.25229100 0.01773200 0.22151700
v 0.25258600 0.01743900 0.22151700
v 0.25287600 0.01714100 0.22151700
v 0.25316200 0.01683800 0.22151700
v 0.25344200 0.01653100 0.22151700
v 0.25371700 0.01621900 0.22151700
v 0.25398700 0.01590200 0.22151700
v 0.25425200 0.01558100 0.22151700
v 0.25451100 0.01525500 0.22151700
v 0.25476400 0.01492500 0.22151700
v 0.25501200 0.01459100 0.22151700
v 0.25525400 0.01425300 0.22151700
v 0.25549100 0.01391000 0.22151700
v 0.25572200 0.01356400 0.22151700
v 0.25594700 0.01321400 0.22151700
v 0.25616600 0.01286100 0.22151700
v 0.25637900 0.01250300 0.22151700
v 0.25658600 0.01214200 0.22151700
v 0.25678700 0.01177800 0.22151700
v 0.25698100 0.01141000 0.22151700
v 0.25717000 0.01103900 0.22151700
v 0.25735200 0.01066500 0.22151700
v 0.25752800 0.01028800 0.22151700
v 0.25769800 0.00990800 0.22151700
v 0.25786100 0.00952600 0.22151700
v 0.25801800 0.00914000 0.22151700
v 0.25816800 0.00875200 0.22151700
v 0.25831200 0.00836200 0.22151700
v 0.25844900 0.00796900 0.22151700
v 0.25858000 0.00757400 0.22151700
v 0.25870400 0.00717700 0.22151700
v 0.25882100 0.00677800 0.22151700
v 0.25893200 0.00637700 0.22151700
v 0.25903500 0.00597400 0.22151700
v 0.25913200 0.00556900 0.22151700
v 0.25922200 0.00516300 0.22151700
v 0.25930600 0.00475500 0.22151700
v 0.25938200 0.00434600 0.22151700
v 0.25945200 0.00393600 0.22151700
v 0.25951400 0.00352500 0.22151700
v 0.25957000 0.00311200 0.22151700
v 0.25961900 0.00269900 0.22151700
v 0.25966100 0.00228500 0.22151700
v 0.25969600 0.00187100 0.22151700
v 0.25972400 0.00145500 0.22151700
v 0.25974500 0.00104000 0.22151700
v 0.25975900 0.00062400 0.22151700
v 0.25976600 0.00020800 0.22151700
v 0.25976600 -0.00020800 0.22151700
v 0.25975900 -0.00062400 0.22151700
v 0.25974500 -0.00104000 0.22151700
v 0.25972400 -0.00145500 0.22151700
v 0.25969600 -0.00187100 0.22151700
v 0.25966100 -0.00228500 0.22151700
v 0.25961900 -0.00269900 0.22151700
v 0.25957000 -0.00311200 0.22151700
v 0.25951400 -0.00352500 0.22151700
v 0.25945200 -0.00393600 0.22151700
v 0.25938200 -0.00434600 0.22151700
v 0.25930600 -0.00475500 0.22151700
v 0.25922200 -0.00516300 0.22151700
v 0.25913200 -0.00556900 0.22151700
v 0.25903500 -0.00597400 0.22151700
v 0.25893200 -0.00637700 0.22151700
v 0.25882100 -0.00677800 0.22151700
v 0.25870400 -0.00717700 0.22151700
v 0.25858000 -0.00757400 0.22151700
v 0.25844900 -0.00796900 0.22151700
v 0.25831200 -0.00836200 0.22151700
v 0.25816800 -0.00875200 0.22151700
v 0.25801800 -0.00914000 0.22151700
v 0.25786100 -0.00952600 0.22151700
v 0.25769800 -0.00990800 0.22151700
v 0.25752800 -0.01028800 0.22151700
v 0.25735200 -0.01066500 0.22151700
v 0.25717000 -0.01103900 0.22151700
v 0.25698100 -0.01141000 0.22151700
v 0.25678700 -0.01177800 0.22151700
v 0.25658600 -0.01214200 0.22151700
v 0.25637900 -0.01250300 0.22151700
v 0.25616600 -0.01286100 0.22151700
v 0.25594700 -0.01321400 0.22151700
v 0.25572200 -0.01356400 0.22151700
v 0.25549100 -0.01391100 0.22151700
v 0.25525400 -0.01425300 0.22151700
v 0.25501200 -0.01459100 0.22151700
v 0.25476400 -0.01492500 0.22151700
v 0.25451100 -0.01525500 0.22151700
v 0.25425200 -0.01558100 0.22151700
v 0.25398700 -0.01590200 0.22151700
v 0.25371700 -0.01621900 0.22151700
v 0.25344200 -0.01653100 0.22151700
v 0.25316200 -0.01683800 0.22151700
v 0.25287600 -0.01714100 0.22151700
v 0.25258600 -0.01743900 0.22151700
v 0.25229100 -0.01773200 0.22151700
v 0.25199000 -0.01802000 0.22151700
v 0.25168500 -0.01830300 0.22151700
v 0.25137500 -0.01858000 0.22151700
v 0.25106100 -0.01885300 0.22151700
v 0.25074200 -0.01912000 0.22151700
v 0.25041800 -0.01938200 0.22151700
v 0.25009100 -0.01963800 0.22151700
v 0.24975900 -0.01988900 0.22151700
v 0.24942200 -0.02013400 0.22151700
v 0.24908200 -0.02037300 0.22151700
v 0.24873800 -0.02060700 0.22151700
v 0.24839000 -0.02083500 0.22151700
v 0.24803800 -0.02105700 0.22151700
v 0.24768200 -0.02127300 0.22151700
v 0.24732300 -0.02148300 0.22151700
v 0.24696100 -0.02168700 0.22151700
v 0.24659400 -0.02188500 0.22151700
v 0.24622500 -0.02207700 0.22151700
v 0.24585300 -0.02226200 0.22151700
v 0.24547700 -0.02244100 0.22151700
v 0.24509900 -0.02261400 0.22151700
v 0.24471700 -0.02278000 0.22151700
v 0.24433300 -0.02294100 0.22151700
v 0.24394700 -0.02309400 0.22151700
v 0.24355700 -0.02324100 0.22151700
v 0.24316600 -0.02338200 0.22151700
v 0.24277200 -0.02351500 0.22151700
v 0.24237600 -0.02364300 0.22151700
v 0.24197800 -0.02376300 0.22151700
v 0.24157700 -0.02387700 0.22151700
v 0.24117500 -0.02398400 0.22151700
v 0.24077200 -0.02408500 0.22151700
v 0.24036600 -0.02417800 0.22151700
v 0.23995900 -0.02426500 0.22151700
v 0.23955100 -0.02434500 0.22151700
v 0.23914100 -0.02441800 0.22151700
v 0.23873000 -0.02448400 0.22151700
v 0.23831900 -0.02454300 0.22151700
v 0.23790600 -0.02459500 0.22151700
v 0.23749200 -0.02464100 0.22151700
v 0.23707800 -0.02467900 0.22151700
v 0.23666300 -0.02471100 0.22151700
v 0.23624800 -0.02473500 0.22151700
v 0.23583200 -0.02475300 0.22151700
v 0.23541600 -0.02476300 0.22151700
v 0.23500000 -0.02476700 0.22151700
v 0.23500000 -0.02476700 0.22142400
v 0.23500000 0.02476600 0.22151700
v 0.23500000 0.02476600 0.22142400
v 0.23458400 0.02476300 0.22142400
v 0.23416800 0.02475200 0.22142400
v 0.23375200 0.02473500 0.22142400
v 0.23333700 0.02471100 0.22142400
v 0.23292200 0.02467900 0.22142400
v 0.23250800 0.02464100 0.22142400
v 0.23209400 0.02459500 0.22142400
v 0.23168100 0.02454300 0.22142400
v 0.23127000 0.02448400 0.22142400
v 0.23085900 0.02441800 0.22142400
v 0.23044900 0.02434500 0.22142400
v 0.23004100 0.02426500 0.22142400
v 0.22963400 0.02417800 0.22142400
v 0.22922900 0.02408500 0.22142400
v 0.22882500 0.02398400 0.22142400
v 0.22842300 0.02387700 0.22142400
v 0.22802200 0.02376300 0.22142400
v 0.22762400 0.02364300 0.22142400
v 0.22722800 0.02351500 0.22142400
v 0.22683400 0.02338200 0.22142400
v 0.22644300 0.02324100 0.22142400
v 0.22605300 0.02309400 0.22142400
v 0.22566700 0.02294000 0.22142400
v 0.22528300 0.02278000 0.22142400
v 0.22490100 0.02261400 0.22142400
v 0.22452300 0.02244100 0.22142400
v 0.22414700 0.02226200 0.22142400
v 0.22377500 0.02207600 0.22142400
v 0.22340600 0.02188500 0.22142400
v 0.22304000 0.02168700 0.22142400
v 0.22267700 0.02148300 0.22142400
v 0.22231800 0.02127300 0.22142400
v 0.22196200 0.02105700 0.22142400
v 0.22161000 0.02083500 0.22142400
v 0.22126200 0.02060700 0.22142400
v 0.22091800 0.02037300 0.22142400
v 0.22057800 0.02013400 0.22142400
v 0.22024100 0.01988900 0.22142400
v 0.21990900 0.01963800 0.22142400
v 0.21958200 0.01938200 0.22142400
v 0.21925800 0.01912000 0.22142400
v 0.21893900 0.01885300 0.22142400
v 0.21862500 0.01858000 0.22142400
v 0.21831500 0.01830300 0.22142400
v 0.21801000 0.01802000 0.22142400
v 0.21771000 0.01773200 0.22142400
v 0.21741400 0.01743900 0.22142400
v 0.21712400 0.01714100 0.22142400
v 0.21683800 0.01683800 0.22142400
v 0.21655800 0.01653100 0.22142400
v 0.21628300 0.01621900 0.22142400
v 0.21601300 0.01590200 0.22142400
v 0.21574800 0.01558100 0.22142400
v 0.21548900 0.01525500 0.22142400
v 0.21523600 0.01492500 0.22142400
v 0.21498800 0.01459100 0.22142400
v 0.21474600 0.01425300 0.22142400
v 0.21450900 0.01391000 0.22142400
v 0.21427800 0.01356400 0.22142400
v 0.21405300 0.01321400 0.22142400
v 0.21383400 0.01286100 0.22142400
v 0.21362100 0.01250300 0.22142400
v 0.21341400 0.01214200 0.22142400
v 0.21321300 0.01177800 0.22142400
v 0.21301900 0.01141000 0.22142400
v 0.21283000 0.01103900 0.22142400
v 0.21264800 0.01066500 0.22142400
v 0.21247200 0.01028800 0.22142400
v 0.21230200 0.00990800 0.22142400
v 0.21213900 0.00952600 0.22142400
v 0.21198200 0.00914000 0.22142400
v 0.21183200 0.00875200 0.22142400
v 0.21168800 0.00836200 0.22142400
v 0.21155100 0.00796900 0.22142400
v 0.21142000 0.00757400 0.22142400
v 0.21129600 0.00717700 0.22142400
v 0.21117900 0.00677800 0.22142400
v 0.21106800 0.00637700 0.22142400
v 0.21096500 0.00597400 0.22142400
v 0.21086800 0.00556900 0.22142400
v 0.21077800 0.00516300 0.22142400
v 0.21069400 0.00475500 0.22142400
v 0.21061800 0.00434600 0.22142400
v 0.21054800 0.00393600 0.22142400
v 0.21048600 0.00352500 0.22142400
v 0.21043000 0.00311200 0.22142400
v 0.21038100 0.00269900 0.22142400
v 0.21033900 0.00228500 0.22142400
v 0.21030400 0.00187100 0.22142400
v 0.21027600 0.00145500 0.22142400
v 0.21025500 0.00104000 0.22142400
v 0.21024100 0.00062400 0.22142400
v 0.21023400 0.00020800 0.22142400
v 0.21023400 -0.00020800 0.22142400
v 0.21024100 -0.00062400 0.22142400
v 0.21025500 -0.00104000 0.22142400
v 0.21027600 -0.00145500 0.22142400
v 0.21030400 -0.00187100 0.22142400
v 0.21033900 -0.00228500 0.22142400
v 0.21038100 -0.00269900 0.22142400
v 0.21043000 -0.00311200 0.22142400
v 0.21048600 -0.00352500 0.22142400
v 0.21054800 -0.00393600 0.22142400
v 0.21061800 -0.00434600 0.22142400
v 0.21069400 -0.00475500 0.22142400
v 0.21077800 -0.00516300 0.22142400
v 0.21086800 -0.00556900 0.22142400
v 0.21096500 -0.00597400 0.22142400
v 0.21106800 -0.00637700 0.22142400
v 0.21117900 -0.00677800 0.22142400
v 0.21129600 -0.00717700 0.22142400
v 0.21142000 -0.00757400 0.22142400
v 0.21155100 -0.00796900 0.22142400
v 0.21168800 -0.00836200 0.22142400
v 0.21183200 -0.00875200 0.22142400
v 0.21198200 -0.00914000 0.22142400
v 0.21213900 -0.00952600 0.22142400
v 0.21230200 -0.00990800 0.22142400
v 0.21247200 -0.01028800 0.22142400
v 0.21264800 -0.01066500 0.22142400
v 0.21283000 -0.01103900 0.22142400
v 0.21301900 -0.01141000 0.22142400
v 0.21321300 -0.01177800 0.22142400
v 0.21341400 -0.01214200 0.22142400
v 0.21362100 -0.01250300 0.22142400
v 0.21383400 -0.01286100 0.22142400
v 0.21405300 -0.01321400 0.22142400
v 0.21427800 -0.01356400 0.22142400
v 0.21450900 -0.01391100 0.22142400
v 0.21474600 -0.01425300 0.22142400
v 0.21498800 -0.01459100 0.22142400
v 0.21523600 -0.01492500 0.22142400
v 0.21548900 -0.01525500 0.22142400
v 0.21574800 -0.01558100 0.22142400
v 0.21601300 -0.01590200 0.22142400
v 0.21628300 -0.01621900 0.22142400
v 0.21655800 -0.01653100 0.22142400
v 0.21683800 -0.01683800 0.22142400
v 0.21712400 -0.01714100 0.22142400
v 0.21741400 -0.01743900 0.22142400
v 0.21771000 -0.01773200 0.22142400
v 0.21801000 -0.01802000 0.22142400
v 0.21831500 -0.01830300 0.22142400
v 0.21862500 -0.01858000 0.22142400
v 0.21893900 -0.01885300 0.22142400
v 0.21925800 -0.01912000 0.22142400
v 0.21958200 -0.01938200 0.22142400
v 0.21990900 -0.01963800 0.22142400
v 0.22024100 -0.01988900 0.22142400
v 0.22057800 -0.02013400 0.22142400
v 0.22091800 -0.02037300 0.22142400
v 0.22126200 -0.02060700 0.22142400
v 0.22161000 -0.02083500 0.22142400
v 0.22196200 -0.02105700 0.22142400
v 0.22231800 -0.02127300 0.22142400
v 0.22267700 -0.02148300 0.22142400
v 0.22304000 -0.02168700 0.22142400
v 0.22340600 -0.02188500 0.22142400
v 0.22377500 -0.02207700 0.22142400
v 0.22414700 -0.02226200 0.22142400
v 0.22452300 -0.02244100 0.22142400
v 0.22490100 -0.02261400 0.22142400
v 0.22528300 -0.02278000 0.22142400
v 0.22566700 -0.02294100 0.22142400
v 0.22605300 -0.02309400 0.22142400
v 0.22644300 -0.02324100 0.22142400
v 0.22683400 -0.02338200 0.22142400
v 0.22722800 -0.02351500 0.22142400
v 0.22762400 -0.02364300 0.22142400
v 0.22802200 -0.02376300 0.22142400
v 0.22842300 -0.02387700 0.22142400
v 0.22882500 -0.02398400 0.22142400
v 0.22922900 -0.02408500 0.22142400
v 0.22963400 -0.02417800 0.22142400
v 0.23004100 -0.02426500 0.22142400
v 0.23044900 -0.02434500 0.22142400
v 0.23085900 -0.02441800 0.22142400
v 0.23127000 -0.02448400 0.22142400
v 0.23168100 -0.02454300 0.22142400
v 0.23209400 -0.02459500 0.22142400
v 0.23250800 -0.02464100 0.22142400
v 0.23292200 -0.02467900 0.22142400
v 0.23333700 -0.02471100 0.22142400
v 0.23375200 -0.02473500 0.22142400
v 0.23416800 -0.02475300 0.22142400
v 0.23458400 -0.02476300 0.22142400
v 0.23458400 -0.02476300 0.22151700
v 0.23416800 -0.02475300 0.22151700
v 0.23375200 -0.02473500 0.22151700
v 0.23333700 -0.02471100 0.22151700
v 0.23292200 -0.02467900 0.22151700
v 0.23250800 -0.02464100 0.22151700
v 0.23209400 -0.02459500 0.22151700
v 0.23168100 -0.02454300 0.22151700
v 0.23127000 -0.02448400 0.22151700
v 0.23085900 -0.02441800 0.22151700
v 0.23044900 -0.02434500 0.22151700
v 0.23004100 -0.02426500 0.22151700
v 0.22963400 -0.02417800 0.22151700
v 0.22922900 -0.02408500 0.22151700
v 0.22882500 -0.02398400 0.22151700
v 0.22842300 -0.02387700 0.22151700
v 0.22802200 -0.02376300 0.22151700
v 0.22762400 -0.02364300 0.22151700
v 0.22722800 -0.02351500 0.22151700
v 0.22683400 -0.02338200 0.22151700
v 0.22644300 -0.02324100 0.22151700
v 0.22605300 -0.02309400 0.22151700
v 0.22566700 -0.02294100 0.22151700
v 0.22528300 -0.02278000 0.22151700
v 0.22490100 -0.02261400 0.22151700
v 0.22452300 -0.02244100 0.22151700
v 0.22414700 -0.02226200 0.22151700
v 0.22377500 -0.02207700 0.22151700
v 0.22340600 -0.02188500 0.22151700
v 0.22304000 -0.02168700 0.22151700
v 0.22267700 -0.02148300 0.22151700
v 0.22231800 -0.02127300 0.22151700
v 0.22196200 -0.02105700 0.22151700
v 0.22161000 -0.02083500 0.22151700
v 0.22126200 -0.02060700 0.22151700
v 0.22091800 -0.02037300 0.22151700
v 0.22057800 -0.02013400 0.22151700
v 0.22024100 -0.01988900 0.22151700
v 0.21990900 -0.01963800 0.22151700
v 0.21958200 -0.01938200 0.22151700
v 0.21925800 -0.01912000 0.22151700
v 0.21893900 -0.01885300 0.22151700
v 0.21862500 -0.01858000 0.22151700
v 0.21831500 -0.01830300 0.22151700
v 0.21801000 -0.01802000 0.22151700
v 0.21771000 -0.01773200 0.22151700
v 0.21741400 -0.01743900 0.22151700
v 0.21712400 -0.01714100 0.22151700
v 0.21683800 -0.01683800 0.22151700
v 0.21655800 -0.01653100 0.22151700
v 0.21628300 -0.01621900 0.22151700
v 0.21601300 -0.01590200 0.22151700
v 0.21574800 -0.01558100 0.22151700
v 0.21548900 -0.01525500 0.22151700
v 0.21523600 -0.01492500 0.22151700
v 0.21498800 -0.01459100 0.22151700
v 0.21474600 -0.01425300 0.22151700
v 0.21450900 -0.01391100 0.22151700
v 0.21427800 -0.01356400 0.22151700
v 0.21405300 -0.01321400 0.22151700
v 0.21383400 -0.01286100 0.22151700
v 0.21362100 -0.01250300 0.22151700
v 0.21341400 -0.01214200 0.22151700
v 0.21321300 -0.01177800 0.22151700
v 0.21301900 -0.01141000 0.22151700
v 0.21283000 -0.01103900 0.22151700
v 0.21264800 -0.01066500 0.22151700
v 0.21247200 -0.01028800 0.22151700
v 0.21230200 -0.00990800 0.22151700
v 0.21213900 -0.00952600 0.22151700
v 0.21198200 -0.00914000 0.22151700
v 0.21183200 -0.00875200 0.22151700
v 0.21168800 -0.00836200 0.22151700
v 0.21155100 -0.00796900 0.22151700
v 0.21142000 -0.00757400 0.22151700
v 0.21129600 -0.00717700 0.22151700
v 0.21117900 -0.00677800 0.22151700
v 0.21106800 -0.00637700 0.22151700
v 0.21096500 -0.00597400 0.22151700
v 0.21086800 -0.00556900 0.22151700
v 0.21077800 -0.00516300 0.22151700
v 0.21069400 -0.00475500 0.22151700
v 0.21061800 -0.00434600 0.22151700
v 0.21054800 -0.00393600 0.22151700
v 0.21048600 -0.00352500 0.22151700
v 0.21043000 -0.00311200 0.22151700
v 0.21038100 -0.00269900 0.22151700
v 0.21033900 -0.00228500 0.22151700
v 0.21030400 -0.00187100 0.22151700
v 0.21027600 -0.00145500 0.22151700
v 0.21025500 -0.00104000 0.22151700
v 0.21024100 -0.00062400 0.22151700
v 0.21023400 -0.00020800 0.22151700
v 0.21023400 0.00020800 0.22151700
v 0.21024100 0.00062400 0.22151700
v 0.21025500 0.00104000 0.22151700
v 0.21027600 0.00145500 0.22151700
v 0.21030400 0.00187100 0.22151700
v 0.21033900 0.00228500 0.22151700
v 0.21038100 0.00269900 0.22151700
v 0.21043000 0.00311200 0.22151700
v 0.21048600 0.00352500 0.22151700
v 0.21054800 0.00393600 0.22151700
v 0.21061800 0.00434600 0.22151700
v 0.21069400 0.00475500 0.22151700
v 0.21077800 0.00516300 0.22151700
v 0.21086800 0.00556900 0.22151700
v 0.21096500 0.00597400 0.22151700
v 0.21106800 0.00637700 0.22151700
v 0.21117900 0.00677800 0.22151700
v 0.21129600 0.00717700 0.22151700
v 0.21142000 0.00757400 0.22151700
v 0.21155100 0.00796900 0.22151700
v 0.21168800 0.00836200 0.22151700
v 0.21183200 0.00875200 0.22151700
v 0.21198200 0.00914000 0.22151700
v 0.21213900 0.00952600 0.22151700
v 0.21230200 0.00990800 0.22151700
v 0.21247200 0.01028800 0.22151700
v 0.21264800 0.01066500 0.22151700
v 0.21283000 0.01103900 0.22151700
v 0.21301900 0.01141000 0.22151700
v 0.21321300 0.01177800 0.22151700
v 0.21341400 0.01214200 0.22151700
v 0.21362100 0.01250300 0.22151700
v 0.21383400 0.01286100 0.22151700
v 0.21405300 0.01321400 0.22151700
v 0.21427800 0.01356400 0.22151700
v 0.21450900 0.01391000 0.22151700
v 0.21474600 0.01425300 0.22151700
v 0.21498800 0.01459100 0.22151700
v 0.21523600 0.01492500 0.22151700
v 0.21548900 0.01525500 0.22151700
v 0.21574800 0.01558100 0.22151700
v 0.21601300 0.01590200 0.22151700
v 0.21628300 0.01621900 0.22151700
v 0.21655800 0.01653100 0.22151700
v 0.21683800 0.01683800 0.22151700
v 0.21712400 0.01714100 0.22151700
v 0.21741400 0.01743900 0.22151700
v 0.21771000 0.01773200 0.22151700
v 0.21801000 0.01802000 0.22151700
v 0.21831500 0.01830300 0.22151700
v 0.21862500 0.01858000 0.22151700
v 0.21893900 0.01885300 0.22151700
v 0.21925800 0.01912000 0.22151700
v 0.21958200 0.01938200 0.22151700
v 0.21990900 0.01963800 0.22151700
v 0.22024100 0.01988900 0.22151700
v 0.22057800 0.02013400 0.22151700
v 0.22091800 0.02037300 0.22151700
v 0.22126200 0.02060700 0.22151700
v 0.22161000 0.02083500 0.22151700
v 0.22196200 0.02105700 0.22151700
v 0.22231800 0.02127300 0.22151700
v 0.22267700 0.02148300 0.22151700
v 0.22304000 0.02168700 0.22151700
v 0.22340600 0.02188500 0.22151700
v 0.22377500 0.02207600 0.22151700
v 0.22414700 0.02226200 0.22151700
v 0.22452300 0.02244100 0.22151700
v 0.22490100 0.02261400 0.22151700
v 0.22528300 0.02278000 0.22151700
v 0.22566700 0.02294000 0.22151700
v 0.22605300 0.02309400 0.22151700
v 0.22644300 0.02324100 0.22151700
v 0.22683400 0.02338200 0.22151700
v 0.22722800 0.02351500 0.22151700
v 0.22762400 0.02364300 0.22151700
v 0.22802200 0.02376300 0.22151700
v 0.22842300 0.02387700 0.22151700
v 0.22882500 0.02398400 0.22151700
v 0.22922900 0.02408500 0.22151700
v 0.22963400 0.02417800 0.22151700
v 0.23004100 0.02426500 0.22151700
v 0.23044900 0.02434500 0.22151700
v 0.23085900 0.02441800 0.22151700
v 0.23127000 0.02448400 0.22151700
v 0.23168100 0.02454300 0.22151700
v 0.23209400 0.02459500 0.22151700
v 0.23250800 0.02464100 0.22151700
v 0.23292200 0.02467900 0.22151700
v 0.23333700 0.02471100 0.22151700
v 0.23375200 0.02473500 0.22151700
v 0.23416800 0.02475200 0.22151700
v 0.23458400 0.02476300 0.22151700
v 0.23500000 0.02476600 0.22151700
v 0.23500000 -0.02476700 0.22151700
v 0.23500000 -0.02476700 0.22142400
v 0.23500000 0.02476600 0.22142400
v 0.23541600 -0.02476300 0.22142400
v 0.23583200 -0.02475300 0.22142400
v 0.23624800 -0.02473500 0.22142400
v 0.23666300 -0.02471100 0.22142400
v 0.23707800 -0.02467900 0.22142400
v 0.23749200 -0.02464100 0.22142400
v 0.23790600 -0.02459500 0.22142400
v 0.23831900 -0.02454300 0.22142400
v 0.23873000 -0.02448400 0.22142400
v 0.23914100 -0.02441800 0.22142400
v 0.23955100 -0.02434500 0.22142400
v 0.23995900 -0.02426500 0.22142400
v 0.24036600 -0.02417800 0.22142400
v 0.24077200 -0.02408500 0.22142400
v 0.24117500 -0.02398400 0.22142400
v 0.24157700 -0.02387700 0.22142400
v 0.24197800 -0.02376300 0.22142400
v 0.24237600 -0.02364300 0.22142400
v 0.24277200 -0.02351500 0.22142400
v 0.24316600 -0.02338200 0.22142400
v 0.24355700 -0.02324100 0.22142400
v 0.24394700 -0.02309400 0.22142400
v 0.24433300 -0.02294100 0.22142400
v 0.24471700 -0.02278000 0.22142400
v 0.24509900 -0.02261400 0.22142400
v 0.24547700 -0.02244100 0.22142400
v 0.24585300 -0.02226200 0.22142400
v 0.24622500 -0.02207700 0.22142400
v 0.24659400 -0.02188500 0.22142400
v 0.24696100 -0.02168700 0.22142400
v 0.24732300 -0.02148300 0.22142400
v 0.24768200 -0.02127300 0.22142400
v 0.24803800 -0.02105700 0.22142400
v 0.24839000 -0.02083500 0.22142400
v 0.24873800 -0.02060700 0.22142400
v 0.24908200 -0.02037300 0.22142400
v 0.24942200 -0.02013400 0.22142400
v 0.24975900 -0.01988900 0.22142400
v 0.25009100 -0.01963800 0.22142400
v 0.25041800 -0.01938200 0.22142400
v 0.25074200 -0.01912000 0.22142400
v 0.25106100 -0.01885300 0.22142400
v 0.25137500 -0.01858000 0.22142400
v 0.25168500 -0.01830300 0.22142400
v 0.25199000 -0.01802000 0.22142400
v 0.25229100 -0.01773200 0.22142400
v 0.25258600 -0.01743900 0.22142400
v 0.25287600 -0.01714100 0.22142400
v 0.25316200 -0.01683800 0.22142400
v 0.25344200 -0.01653100 0.22142400
v 0.25371700 -0.01621900 0.22142400
v 0.25398700 -0.01590200 0.22142400
v 0.25425200 -0.01558100 0.22142400
v 0.25451100 -0.01525500 0.22142400
v 0.25476400 -0.01492500 0.22142400
v 0.25501200 -0.01459100 0.22142400
v 0.25525400 -0.01425300 0.22142400
v 0.25549100 -0.01391100 0.22142400
v 0.25572200 -0.01356400 0.22142400
v 0.25594700 -0.01321400 0.22142400
v 0.25616600 -0.01286100 0.22142400
v 0.25637900 -0.01250300 0.22142400
v 0.25658600 -0.01214200 0.22142400
v 0.25678700 -0.01177800 0.22142400
v 0.25698100 -0.01141000 0.22142400
v 0.25717000 -0.01103900 0.22142400
v 0.25735200 -0.01066500 0.22142400
v 0.25752800 -0.01028800 0.22142400
v 0.25769800 -0.00990800 0.22142400
v 0.25786100 -0.00952600 0.22142400
v 0.25801800 -0.00914000 0.22142400
v 0.25816800 -0.00875200 0.22142400
v 0.25831200 -0.00836200 0.22142400
v 0.25844900 -0.00796900 0.22142400
v 0.25858000 -0.00757400 0.22142400
v 0.25870400 -0.00717700 0.22142400
v 0.25882100 -0.00677800 0.22142400
v 0.25893200 -0.00637700 0.22142400
v 0.25903500 -0.00597400 0.22142400
v 0.25913200 -0.00556900 0.22142400
v 0.25922200 -0.00516300 0.22142400
v 0.25930600 -0.00475500 0.22142400
v 0.25938200 -0.00434600 0.22142400
v 0.25945200 -0.00393600 0.22142400
v 0.25951400 -0.00352500 0.22142400
v 0.25957000 -0.00311200 0.22142400
v 0.25961900 -0.00269900 0.22142400
v 0.25966100 -0.00228500 0.22142400
v 0.25969600 -0.00187100 0.22142400
v 0.25972400 -0.00145500 0.22142400
v 0.25974500 -0.00104000 0.22142400
v 0.25975900 -0.00062400 0.22142400
v 0.25976600 -0.00020800 0.22142400
v 0.25976600 0.00020800 0.22142400
v 0.25975900 0.00062400 0.22142400
v 0.25974500 0.00104000 0.22142400
v 0.25972400 0.00145500 0.22142400
v 0.25969600 0.00187100 0.22142400
v 0.25966100 0.00228500 0.22142400
v 0.25961900 0.00269900 0.22142400
v 0.25957000 0.00311200 0.22142400
v 0.25951400 0.00352500 0.22142400
v 0.25945200 0.00393600 0.22142400
v 0.25938200 0.00434600 0.22142400
v 0.25930600 0.00475500 0.22142400
v 0.25922200 0.00516300 0.22142400
v 0.25913200 0.00556900 0.22142400
v 0.25903500 0.00597400 0.22142400
v 0.25893200 0.00637700 0.22142400
v 0.25882100 0.00677800 0.22142400
v 0.25870400 0.00717700 0.22142400
v 0.25858000 0.00757400 0.22142400
v 0.25844900 0.00796900 0.22142400
v 0.25831200 0.00836200 0.22142400
v 0.25816800 0.00875200 0.22142400
v 0.25801800 0.00914000 0.22142400
v 0.25786100 0.00952600 0.22142400
v 0.25769800 0.00990800 0.22142400
v 0.25752800 0.01028800 0.22142400
v 0.25735200 0.01066500 0.22142400
v 0.25717000 0.01103900 0.22142400
v 0.25698100 0.01141000 0.22142400
v 0.25678700 0.01177800 0.22142400
v 0.25658600 0.01214200 0.22142400
v 0.25637900 0.01250300 0.22142400
v 0.25616600 0.01286100 0.22142400
v 0.25594700 0.01321400 0.22142400
v 0.25572200 0.01356400 0.22142400
v 0.25549100 0.01391000 0.22142400
v 0.25525400 0.01425300 0.22142400
v 0.25501200 0.01459100 0.22142400
v 0.25476400 0.01492500 0.22142400
v 0.25451100 0.01525500 0.22142400
v 0.25425200 0.01558100 0.22142400
v 0.25398700 0.01590200 0.22142400
v 0.25371700 0.01621900 0.22142400
v 0.25344200 0.01653100 0.22142400
v 0.25316200 0.01683800 0.22142400
v 0.25287600 0.01714100 0.22142400
v 0.25258600 0.01743900 0.22142400
v 0.25229100 0.01773200 0.22142400
v 0.25199000 0.01802000 0.22142400
v 0.25168500 0.01830300 0.22142400
v 0.25137500 0.01858000 0.22142400
v 0.25106100 0.01885300 0.22142400
v 0.25074200 0.01912000 0.22142400
v 0.25041800 0.01938200 0.22142400
v 0.25009100 0.01963800 0.22142400
v 0.24975900 0.01988900 0.22142400
v 0.24942200 0.02013400 0.22142400
v 0.24908200 0.02037300 0.22142400
v 0.24873800 0.02060700 0.22142400
v 0.24839000 0.02083500 0.22142400
v 0.24803800 0.02105700 0.22142400
v 0.24768200 0.02127300 0.22142400
v 0.24732300 0.02148300 0.22142400
v 0.24696100 0.02168700 0.22142400
v 0.24659400 0.02188500 0.22142400
v 0.24622500 0.02207600 0.22142400
v 0.24585300 0.02226200 0.22142400
v 0.24547700 0.02244100 0.22142400
v 0.24509900 0.02261400 0.22142400
v 0.24471700 0.02278000 0.22142400
v 0.24433300 0.02294000 0.22142400
v 0.24394700 0.02309400 0.22142400
v 0.24355700 0.02324100 0.22142400
v 0.24316600 0.02338200 0.22142400
v 0.24277200 0.02351500 0.22142400
v 0.24237600 0.02364300 0.22142400
v 0.24197800 0.02376300 0.22142400
v 0.24157700 0.02387700 0.22142400
v 0.24117500 0.02398400 0.22142400
v 0.24077200 0.02408500 0.22142400
v 0.24036600 0.02417800 0.22142400
v 0.23995900 0.02426500 0.22142400
v 0.23955100 0.02434500 0.22142400
v 0.23914100 0.02441800 0.22142400
v 0.23873000 0.02448400 0.22142400
v 0.23831900 0.02454300 0.22142400
v 0.23790600 0.02459500 0.22142400
v 0.23749200 0.02464100 0.22142400
v 0.23707800 0.02467900 0.22142400
v 0.23666300 0.02471100 0.22142400
v 0.23624800 0.02473500 0.22142400
v 0.23583200 0.02475200 0.22142400
v 0.23541600 0.02476300 0.22142400
v 0.23541600 0.02476300 0.22151700
v 0.23583200 0.02475200 0.22151700
v 0.23624800 0.02473500 0.22151700
v 0.23666300 0.02471100 0.22151700
v 0.23707800 0.02467900 0.22151700
v 0.23749200 0.02464100 0.22151700
v 0.23790600 0.02459500 0.22151700
v 0.23831900 0.02454300 0.22151700
v 0.23873000 0.02448400 0.22151700
v 0.23914100 0.02441800 0.22151700
v 0.23955100 0.02434500 0.22151700
v 0.23995900 0.02426500 0.22151700
v 0.24036600 0.02417800 0.22151700
v 0.24077200 0.02408500 0.22151700
v 0.24117500 0.02398400 0.22151700
v 0.24157700 0.02387700 0.22151700
v 0.24197800 0.02376300 0.22151700
v 0.24237600 0.02364300 0.22151700
v 0.24277200 0.02351500 0.22151700
v 0.24316600 0.02338200 0.22151700
v 0.24355700 0.02324100 0.22151700
v 0.24394700 0.02309400 0.22151700
v 0.24433300 0.02294000 0.22151700
v 0.24471700 0.02278000 0.22151700
v 0.24509900 0.02261400 0.22151700
v 0.24547700 0.02244100 0.22151700
v 0.24585300 0.02226200 0.22151700
v 0.24622500 0.02207600 0.22151700
v 0.24659400 0.02188500 0.22151700
v 0.24696100 0.02168700 0.22151700
v 0.24732300 0.02148300 0.22151700
v 0.24768200 0.02127300 0.22151700
v 0.24803800 0.02105700 0.22151700
v 0.24839000 0.02083500 0.22151700
v 0.24873800 0.02060700 0.22151700
v 0.24908200 0.02037300 0.22151700
v 0.24942200 0.02013400 0.22151700
v 0.24975900 0.01988900 0.22151700
v 0.25009100 0.01963800 0.22151700
v 0.25041800 0.01938200 0.22151700
v 0.25074200 0.01912000 0.22151700
v 0.25106100 0.01885300 0.22151700
v 0.25137500 0.01858000 0.22151700
v 0.25168500 0.01830300 0.22151700
v 0.25199000 0.01802000 0.22151700
v 0.25229100 0.01773200 0.22151700
v 0.25258600 0.01743900 0.22151700
v 0.25287600 0.01714100 0.22151700
v 0.25316200 0.01683800 0.22151700
v 0.25344200 0.01653100 0.22151700
v 0.25371700 0.01621900 0.22151700
v 0.25398700 0.01590200 0.22151700
v 0.25425200 0.01558100 0.22151700
v 0.25451100 0.01525500 0.22151700
v 0.25476400 0.01492500 0.22151700
v 0.25501200 0.01459100 0.22151700
v 0.25525400 0.01425300 0.22151700
v 0.25549100 0.01391000 0.22151700
v 0.25572200 0.01356400 0.22151700
v 0.25594700 0.01321400 0.22151700
v 0.25616600 0.01286100 0.22151700
v 0.25637900 0.01250300 0.22151700
v 0.25658600 0.01214200 0.22151700
v 0.25678700 0.01177800 0.22151700
v 0.25698100 0.01141000 0.22151700
v 0.25717000 0.01103900 0.22151700
v 0.25735200 0.01066500 0.22151700
v 0.25752800 0.01028800 0.22151700
v 0.25769800 0.00990800 0.22151700
v 0.25786100 0.00952600 0.22151700
v 0.25801800 0.00914000 0.22151700
v 0.25816800 0.00875200 0.22151700
v 0.25831200 0.00836200 0.22151700
v 0.25844900 0.00796900 0.22151700
v 0.25858000 0.00757400 0.22151700
v 0.25870400 0.00717700 0.22151700
v 0.25882100 0.00677800 0.22151700
v 0.25893200 0.00637700 0.22151700
v 0.25903500 0.00597400 0.22151700
v 0.25913200 0.00556900 0.22151700
v 0.25922200 0.00516300 0.22151700
v 0.25930600 0.00475500 0.22151700
v 0.25938200 0.00434600 0.22151700
v 0.25945200 0.00393600 0.22151700
v 0.25951400 0.00352500 0.22151700
v 0.25957000 0.00311200 0.22151700
v 0.25961900 0.00269900 0.22151700
v 0.25966100 0.00228500 0.22151700
v 0.25969600 0.00187100 0.22151700
v 0.25972400 0.00145500 0.22151700
v 0.25974500 0.00104000 0.22151700
v 0.25975900 0.00062400 0.22151700
v 0.25976600 0.00020800 0.22151700
v 0.25976600 -0.00020800 0.22151700
v 0.25975900 -0.00062400 0.22151700
v 0.25974500 -0.00104000 0.22151700
v 0.25972400 -0.00145500 0.22151700
v 0.25969600 -0.00187100 0.22151700
v 0.25966100 -0.00228500 0.22151700
v 0.25961900 -0.00269900 0.22151700
v 0.25957000 -0.00311200 0.22151700
v 0.25951400 -0.00352500 0.22151700
v 0.25945200 -0.00393600 0.22151700
v 0.25938200 -0.00434600 0.22151700
v 0.25930600 -0.00475500 0.22151700
v 0.25922200 -0.00516300 0.22151700
v 0.25913200 -0.00556900 0.22151700
v 0.25903500 -0.00597400 0.22151700
v 0.25893200 -0.00637700 0.22151700
v 0.25882100 -0.00677800 0.22151700
v 0.25870400 -0.00717700 0.22151700
v 0.25858000 -0.00757400 0.22151700
v 0.25844900 -0.00796900 0.22151700
v 0.25831200 -0.00836200 0.22151700
v 0.25816800 -0.00875200 0.22151700
v 0.25801800 -0.00914000 0.22151700
v 0.25786100 -0.00952600 0.22151700
v 0.25769800 -0.00990800 0.22151700
v 0.25752800 -0.01028800 0.22151700
v 0.25735200 -0.01066500 0.22151700
v 0.25717000 -0.01103900 0.22151700
v 0.25698100 -0.01141000 0.22151700
v 0.25678700 -0.01177800 0.22151700
v 0.25658600 -0.01214200 0.22151700
v 0.25637900 -0.01250300 0.22151700
v 0.25616600 -0.01286100 0.22151700
v 0.25594700 -0.01321400 0.22151700
v 0.25572200 -0.01356400 0.22151700
v 0.25549100 -0.01391100 0.22151700
v 0.25525400 -0.01425300 0.22151700
v 0.25501200 -0.01459100 0.22151700
v 0.25476400 -0.01492500 0.22151700
v 0.25451100 -0.01525500 0.22151700
v 0.25425200 -0.01558100 0.22151700
v 0.25398700 -0.01590200 0.22151700
v 0.25371700 -0.01621900 0.22151700
v 0.25344200 -0.01653100 0.22151700
v 0.25316200 -0.01683800 0.22151700
v 0.25287600 -0.01714100 0.22151700
v 0.25258600 -0.01743900 0.22151700
v 0.25229100 -0.01773200 0.22151700
v 0.25199000 -0.01802000 0.22151700
v 0.25168500 -0.01830300 0.22151700
v 0.25137500 -0.01858000 0.22151700
v 0.25106100 -0.01885300 0.22151700
v 0.25074200 -0.01912000 0.22151700
v 0.25041800 -0.01938200 0.22151700
v 0.25009100 -0.01963800 0.22151700
v 0.24975900 -0.01988900 0.22151700
v 0.24942200 -0.02013400 0.22151700
v 0.24908200 -0.02037300 0.22151700
v 0.24873800 -0.02060700 0.22151700
v 0.24839000 -0.02083500 0.22151700
v 0.24803800 -0.02105700 0.22151700
v 0.24768200 -0.02127300 0.22151700
v 0.24732300 -0.02148300 0.22151700
v 0.24696100 -0.02168700 0.22151700
v 0.24659400 -0.02188500 0.22151700
v 0.24622500 -0.02207700 0.22151700
v 0.24585300 -0.02226200 0.22151700
v 0.24547700 -0.02244100 0.22151700
v 0.24509900 -0.02261400 0.22151700
v 0.24471700 -0.02278000 0.22151700
v 0.24433300 -0.02294100 0.22151700
v 0.24394700 -0.02309400 0.22151700
v 0.24355700 -0.02324100 0.22151700
v 0.24316600 -0.02338200 0.22151700
v 0.24277200 -0.02351500 0.22151700
v 0.24237600 -0.02364300 0.22151700
v 0.24197800 -0.02376300 0.22151700
v 0.24157700 -0.02387700 0.22151700
v 0.24117500 -0.02398400 0.22151700
v 0.24077200 -0.02408500 0.22151700
v 0.24036600 -0.02417800 0.22151700
v 0.23995900 -0.02426500 0.22151700
v 0.23955100 -0.02434500 0.22151700
v 0.23914100 -0.02441800 0.22151700
v 0.23873000 -0.02448400 0.22151700
v 0.23831900 -0.02454300 0.22151700
v 0.23790600 -0.02459500 0.22151700
v 0.23749200 -0.02464100 0.22151700
v 0.23707800 -0.02467900 0.22151700
v 0.23666300 -0.02471100 0.22151700
v 0.23624800 -0.02473500 0.22151700
v 0.23583200 -0.02475300 0.22151700
v 0.23541600 -0.02476300 0.22151700
vn 0.99970000 0.02320000 -0.00000000
vn 0.99970000 0.02320000 -0.00000000
vn 0.99690000 0.07850000 -0.00000000
vn 0.99110000 0.13350000 -0.00000000
vn 0.99110000 0.13350000 -0.00000000
vn 0.99100000 0.13350000 -0.00000000
vn 0.99110000 0.13350000 -0.00000000
vn 0.99110000 0.13350000 -0.00000000
vn 0.99690000 0.07850000 -0.00000000
vn 0.99970000 0.02320000 -0.00000000
vn 0.99970000 0.02320000 -0.00000000
vn 0.99970000 0.02320000 -0.00000000
vn 0.94820000 -0.31750000 -0.00000000
vn 0.94830000 -0.31750000 -0.00000000
vn 1.00000000 -0.00000000 -0.00000000
vn 1.00000000 0.00010000 -0.00000000
vn 0.94800000 0.31810000 -0.00000000
vn 0.94800000 0.31820000 -0.00000000
vn 0.80690000 -0.59080000 -0.00000000
vn 0.80690000 -0.59070000 -0.00000000
vn 0.80690000 -0.59080000 -0.00000000
vn 0.80690000 -0.59070000 -0.00000000
vn 0.80680000 -0.59080000 -0.00000000
vn 0.80680000 0.59080000 -0.00000000
vn 0.80690000 0.59070000 -0.00000000
vn 0.80690000 0.59070000 -0.00000000
vn 0.80680000 0.59080000 -0.00000000
vn 1.00000000 -0.00000000 -0.00000000
vn 0.99670000 0.08080000 -0.00000000
vn 0.98640000 0.16410000 -0.00000000
vn 0.96840000 0.24950000 -0.00010000
vn 0.94160000 0.33670000 -0.00000000
vn 0.90580000 0.42370000 -0.00000000
vn 0.86100000 0.50860000 -0.00000000
vn 0.94810000 0.31800000 -0.00010000
vn 0.98690000 0.16120000 -0.00010000
vn 1.00000000 -0.00000000 0.00010000
vn 0.98690000 0.16110000 -0.00010000
vn 0.98690000 0.16120000 -0.00000000
vn 0.99670000 0.08090000 -0.00010000
vn 1.00000000 -0.00000000 -0.00000000
vn 0.99670000 0.08090000 -0.00000000
vn 0.98700000 -0.16090000 -0.00000000
vn 0.94820000 -0.31750000 -0.00000000
vn 0.98700000 -0.16090000 -0.00000000
vn 0.99670000 0.08090000 -0.00000000
vn 0.99920000 0.04080000 -0.00010000
vn 1.00000000 -0.00000000 -0.00000000
vn 0.99920000 0.04070000 0.00010000
vn 0.99670000 -0.08070000 -0.00000000
vn 0.98700000 -0.16100000 -0.00000000
vn 0.99680000 -0.08050000 -0.00000000
vn 0.99920000 -0.04060000 -0.00010000
vn 0.99670000 -0.08080000 -0.00000000
vn 0.99920000 -0.04040000 -0.00000000
vn 0.94800000 0.31820000 -0.00000000
vn 0.97070000 0.24040000 -0.00000000
vn 0.97070000 0.24040000 -0.00000000
vn 0.88800000 0.45990000 -0.00000000
vn 0.88800000 0.45980000 -0.00000000
vn 0.97070000 0.24050000 -0.00000000
vn 0.97960000 0.20090000 -0.00010000
vn 0.98690000 0.16120000 -0.00000000
vn 0.97960000 0.20100000 -0.00010000
vn 0.94800000 0.31820000 -0.00000000
vn 0.96020000 0.27920000 -0.00010000
vn 0.96010000 0.27950000 -0.00000000
vn 0.88800000 0.45990000 -0.00000000
vn 0.92080000 0.39010000 -0.00010000
vn 0.92070000 0.39020000 -0.00000000
vn 0.84990000 0.52690000 -0.00010000
vn 0.84990000 0.52690000 -0.00000000
vn 0.86100000 -0.50860000 -0.00000000
vn 0.90580000 -0.42370000 -0.00000000
vn 0.94170000 -0.33650000 -0.00000000
vn 0.96840000 -0.24940000 -0.00000000
vn 0.98650000 -0.16390000 -0.00000000
vn 0.99670000 -0.08070000 -0.00000000
vn 0.88810000 -0.45960000 -0.00010000
vn 0.88820000 -0.45940000 -0.00000000
vn 0.88810000 -0.45960000 -0.00010000
vn 0.84990000 -0.52690000 -0.00010000
vn 0.85000000 -0.52680000 -0.00000000
vn 0.94820000 -0.31750000 -0.00000000
vn 0.92090000 -0.38980000 -0.00010000
vn 0.92090000 -0.38970000 -0.00000000
vn 0.97080000 -0.24000000 -0.00000000
vn 0.97080000 -0.24000000 -0.00000000
vn 0.97080000 -0.24000000 -0.00000000
vn 0.96030000 -0.27910000 -0.00010000
vn 0.94820000 -0.31750000 -0.00000000
vn 0.96030000 -0.27900000 -0.00000000
vn 0.98700000 -0.16090000 -0.00000000
vn 0.97970000 -0.20050000 -0.00010000
vn 0.97970000 -0.20060000 -0.00000000
vn 0.99270000 -0.12080000 -0.00010000
vn 0.99270000 -0.12090000 -0.00000000
vn 1.00000000 -0.00000000 -0.00000000
vn 0.95120000 -0.30870000 -0.00000000
vn 1.00000000 -0.00000000 -0.00000000
vn 0.94830000 -0.31750000 -0.00000000
vn 0.98700000 -0.16090000 -0.00000000
vn 0.98700000 -0.16090000 -0.00000000
vn 0.94810000 0.31810000 -0.00000000
vn 0.98690000 0.16120000 -0.00000000
vn 0.98690000 0.16120000 -0.00010000
vn 0.88810000 -0.45970000 -0.00000000
vn 0.88810000 -0.45960000 -0.00000000
vn 0.80690000 0.59070000 -0.00000000
vn 0.95120000 0.30860000 -0.00000000
vn 0.88800000 0.45990000 -0.00000000
vn 0.88800000 0.45990000 -0.00000000
vn 0.99970000 -0.02320000 -0.00000000
vn 0.99970000 -0.02320000 -0.00000000
vn 0.99970000 -0.02320000 -0.00000000
vn 0.99970000 -0.02320000 -0.00000000
vn 0.99970000 -0.02320000 -0.00000000
vn 0.99110000 -0.13350000 -0.00000000
vn 0.99690000 -0.07850000 -0.00000000
vn 0.99690000 -0.07850000 -0.00000000
vn 0.99110000 -0.13350000 -0.00000000
vn 0.99110000 -0.13350000 -0.00000000
vn 0.99100000 -0.13350000 -0.00000000
vn 0.99110000 -0.13350000 -0.00000000
vn 0.88690000 -0.46200000 -0.00000000
vn 0.88690000 -0.46190000 -0.00000000
vn 0.98770000 -0.15640000 -0.00010000
vn 0.98770000 -0.15630000 -0.00000000
vn 0.98610000 0.16590000 -0.00000000
vn 0.98610000 0.16590000 -0.00000000
vn 0.70450000 -0.70970000 -0.00000000
vn 0.70450000 -0.70970000 -0.00000000
vn 0.70450000 -0.70970000 -0.00000000
vn 0.70450000 -0.70970000 -0.00000000
vn 0.70450000 -0.70970000 -0.00000000
vn 0.88930000 0.45730000 -0.00000000
vn 0.88930000 0.45730000 -0.00000000
vn 0.88930000 0.45720000 -0.00000000
vn 0.88930000 0.45730000 -0.00000000
vn 0.88930000 0.45720000 -0.00000000
vn 0.89400000 -0.44800000 -0.00000000
vn 0.95240000 -0.30480000 -0.00000000
vn 0.98770000 -0.15660000 -0.00000000
vn 1.00000000 -0.00470000 -0.00000000
vn 0.98880000 0.14950000 -0.00000000
vn 0.98770000 -0.15650000 -0.00000000
vn 0.94970000 -0.31330000 -0.00000000
vn 0.88690000 -0.46200000 -0.00000000
vn 0.94960000 -0.31350000 -0.00000000
vn 0.94970000 -0.31330000 -0.00000000
vn 0.92130000 -0.38880000 -0.00010000
vn 0.88690000 -0.46200000 -0.00000000
vn 0.92130000 -0.38890000 -0.00000000
vn 0.80530000 -0.59290000 -0.00000000
vn 0.80530000 -0.59290000 0.00010000
vn 0.98770000 -0.15640000 -0.00000000
vn 0.97190000 -0.23540000 0.00020000
vn 0.97180000 -0.23560000 -0.00000000
vn 0.98610000 0.16590000 -0.00000000
vn 1.00000000 0.00480000 -0.00000000
vn 1.00000000 0.00480000 -0.00000000
vn 1.00000000 0.00480000 -0.00000000
vn 0.99710000 -0.07610000 0.00020000
vn 0.99710000 -0.07610000 -0.00000000
vn 0.98610000 0.16590000 -0.00000000
vn 0.99640000 0.08530000 -0.00010000
vn 0.99630000 0.08560000 -0.00000000
vn 0.94900000 0.31540000 -0.00000000
vn 0.94900000 0.31530000 -0.00000000
vn 0.98820000 0.15310000 -0.00000000
vn 0.98700000 -0.16100000 -0.00000000
vn 0.88920000 -0.45750000 -0.00000000
vn 0.98610000 0.16590000 -0.00000000
vn 0.94900000 0.31530000 -0.00000000
vn 0.94900000 0.31530000 -0.00010000
vn 0.98770000 -0.15640000 -0.00000000
vn 1.00000000 0.00470000 -0.00000000
vn 1.00000000 0.00480000 -0.00000000
vn 0.88690000 -0.46200000 -0.00000000
vn 0.94970000 -0.31320000 -0.00000000
vn 0.94970000 -0.31330000 -0.00010000
vn 0.80520000 -0.59300000 -0.00000000
vn 0.80530000 -0.59290000 -0.00000000
vn 0.95800000 -0.28690000 -0.00000000
vn 0.98380000 -0.17930000 -0.00000000
vn 0.98380000 -0.17930000 -0.00000000
vn 0.98380000 -0.17930000 -0.00000000
vn 0.98380000 -0.17930000 -0.00000000
vn 0.97240000 -0.23350000 -0.00000000
vn 0.98380000 -0.17930000 -0.00000000
vn 0.97240000 -0.23350000 -0.00000000
vn 0.95800000 -0.28690000 -0.00000000
vn 0.95800000 -0.28690000 -0.00000000
vn 0.95800000 -0.28690000 -0.00000000
vn 0.95800000 -0.28690000 -0.00000000
vn 0.80370000 -0.59500000 -0.00000000
vn 0.80370000 -0.59500000 -0.00000000
vn 0.95110000 -0.30900000 -0.00010000
vn 0.95110000 -0.30900000 -0.00000000
vn 1.00000000 0.00960000 -0.00000000
vn 1.00000000 0.00960000 -0.00000000
vn 0.58480000 -0.81120000 -0.00000000
vn 0.58480000 -0.81120000 -0.00000000
vn 0.58480000 -0.81120000 -0.00000000
vn 0.58480000 -0.81120000 -0.00000000
vn 0.94990000 0.31250000 -0.00000000
vn 0.94990000 0.31250000 -0.00000000
vn 0.94990000 0.31250000 -0.00000000
vn 0.94990000 0.31250000 -0.00000000
vn 0.94990000 0.31250000 -0.00000000
vn 0.58480000 -0.81120000 -0.00000000
vn 0.81290000 -0.58240000 -0.00000000
vn 0.89300000 -0.45010000 -0.00000000
vn 0.95100000 -0.30920000 -0.00000000
vn 0.98690000 -0.16110000 -0.00000000
vn 1.00000000 -0.00690000 -0.00000000
vn 0.95100000 -0.30900000 -0.00000000
vn 0.88900000 -0.45800000 -0.00000000
vn 0.80370000 -0.59500000 -0.00000000
vn 0.88900000 -0.45780000 -0.00000000
vn 0.88900000 -0.45800000 -0.00000000
vn 0.84900000 -0.52840000 0.00010000
vn 0.80370000 -0.59500000 -0.00000000
vn 0.84910000 -0.52820000 -0.00000000
vn 0.70260000 -0.71160000 -0.00000000
vn 0.70260000 -0.71160000 -0.00000000
vn 0.95110000 -0.30900000 -0.00000000
vn 0.92300000 -0.38480000 -0.00010000
vn 0.92300000 -0.38480000 -0.00000000
vn 1.00000000 0.00960000 -0.00000000
vn 0.98840000 -0.15170000 -0.00000000
vn 0.98840000 -0.15170000 -0.00000000
vn 0.98840000 -0.15170000 -0.00000000
vn 0.97290000 -0.23130000 -0.00010000
vn 0.97290000 -0.23110000 -0.00000000
vn 1.00000000 0.00960000 -0.00000000
vn 0.99750000 -0.07140000 -0.00010000
vn 0.99750000 -0.07130000 -0.00000000
vn 0.98660000 0.16300000 -0.00000000
vn 0.98660000 0.16300000 -0.00000000
vn 1.00000000 -0.00340000 -0.00000000
vn 0.94960000 -0.31340000 -0.00000000
vn 0.80670000 -0.59100000 -0.00000000
vn 1.00000000 0.00960000 -0.00000000
vn 0.98660000 0.16320000 -0.00000000
vn 0.98660000 0.16300000 -0.00000000
vn 0.95110000 -0.30900000 -0.00000000
vn 0.98840000 -0.15180000 -0.00000000
vn 0.98840000 -0.15170000 -0.00000000
vn 0.80370000 -0.59500000 -0.00000000
vn 0.88900000 -0.45800000 -0.00000000
vn 0.88900000 -0.45800000 -0.00010000
vn 0.70270000 -0.71150000 -0.00000000
vn 0.70260000 -0.71160000 -0.00000000
vn 0.90130000 -0.43320000 -0.00000000
vn 0.94360000 -0.33100000 -0.00000000
vn 0.94360000 -0.33100000 -0.00000000
vn 0.94360000 -0.33100000 -0.00000000
vn 0.94360000 -0.33100000 -0.00000000
vn 0.94360000 -0.33100000 -0.00000000
vn 0.90130000 -0.43320000 -0.00000000
vn 0.92390000 -0.38270000 -0.00000000
vn 0.92390000 -0.38270000 -0.00000000
vn 0.90130000 -0.43320000 -0.00000000
vn 0.90130000 -0.43320000 -0.00000000
vn 0.90130000 -0.43320000 -0.00000000
vn 0.70080000 -0.71340000 -0.00000000
vn 0.70080000 -0.71340000 -0.00000000
vn 0.89100000 -0.45400000 -0.00000000
vn 0.89100000 -0.45400000 -0.00000000
vn 0.98910000 -0.14700000 -0.00000000
vn 0.98910000 -0.14690000 -0.00000000
vn 0.45070000 -0.89270000 -0.00000000
vn 0.45070000 -0.89270000 -0.00000000
vn 0.45070000 -0.89270000 -0.00000000
vn 0.45070000 -0.89270000 -0.00000000
vn 0.45070000 -0.89270000 -0.00000000
vn 0.98710000 0.16010000 -0.00000000
vn 0.98710000 0.16010000 -0.00000000
vn 0.98710000 0.16010000 -0.00000000
vn 0.98710000 0.16000000 -0.00000000
vn 0.71190000 -0.70230000 -0.00000000
vn 0.81160000 -0.58420000 -0.00000000
vn 0.89090000 -0.45410000 -0.00000000
vn 0.94960000 -0.31350000 -0.00000000
vn 0.98660000 -0.16330000 -0.00000000
vn 0.89100000 -0.45390000 -0.00000000
vn 0.80640000 -0.59140000 -0.00000000
vn 0.70070000 -0.71340000 -0.00000000
vn 0.80630000 -0.59150000 -0.00000000
vn 0.80640000 -0.59140000 -0.00000000
vn 0.75600000 -0.65450000 -0.00010000
vn 0.70070000 -0.71340000 -0.00000000
vn 0.75610000 -0.65450000 -0.00000000
vn 0.58260000 -0.81270000 -0.00000000
vn 0.58270000 -0.81270000 -0.00000000
vn 0.89100000 -0.45400000 -0.00000000
vn 0.85150000 -0.52430000 0.00010000
vn 0.85150000 -0.52440000 -0.00000000
vn 0.98910000 -0.14690000 -0.00000000
vn 0.95250000 -0.30440000 -0.00000000
vn 0.95250000 -0.30450000 -0.00000000
vn 0.95250000 -0.30440000 -0.00000000
vn 0.92480000 -0.38050000 -0.00010000
vn 0.92480000 -0.38050000 -0.00000000
vn 0.98910000 -0.14690000 -0.00000000
vn 0.97400000 -0.22640000 -0.00010000
vn 0.97400000 -0.22640000 -0.00000000
vn 1.00000000 0.00670000 -0.00000000
vn 1.00000000 0.00660000 -0.00000000
vn 0.98710000 0.16000000 -0.00000000
vn 0.98720000 -0.15980000 -0.00000000
vn 0.88890000 -0.45810000 -0.00000000
vn 0.70430000 -0.70990000 -0.00000000
vn 0.98910000 -0.14700000 -0.00000000
vn 1.00000000 0.00670000 -0.00000000
vn 1.00000000 0.00660000 -0.00000000
vn 0.89100000 -0.45400000 -0.00000000
vn 0.95260000 -0.30440000 -0.00000000
vn 0.95250000 -0.30440000 -0.00000000
vn 0.70080000 -0.71340000 -0.00000000
vn 0.80640000 -0.59140000 -0.00000000
vn 0.80640000 -0.59140000 -0.00000000
vn 0.58270000 -0.81270000 -0.00000000
vn 0.58270000 -0.81270000 -0.00000000
vn 0.88020000 -0.47450000 -0.00000000
vn 0.88030000 -0.47450000 -0.00000000
vn 0.88020000 -0.47450000 -0.00000000
vn 0.88030000 -0.47450000 -0.00000000
vn 0.82240000 -0.56890000 -0.00000000
vn 0.85260000 -0.52250000 -0.00000000
vn 0.88020000 -0.47450000 -0.00000000
vn 0.85260000 -0.52250000 -0.00000000
vn 0.82240000 -0.56890000 -0.00000000
vn 0.82240000 -0.56890000 -0.00000000
vn 0.82240000 -0.56890000 -0.00000000
vn 0.82240000 -0.56890000 -0.00000000
vn 0.58050000 -0.81420000 -0.00000000
vn 0.58050000 -0.81430000 -0.00000000
vn 0.80900000 -0.58780000 -0.00000000
vn 0.80910000 -0.58770000 -0.00000000
vn 0.95400000 -0.29990000 -0.00000000
vn 0.95400000 -0.29980000 -0.00000000
vn 0.30550000 -0.95220000 -0.00000000
vn 0.30550000 -0.95220000 -0.00000000
vn 0.30550000 -0.95220000 -0.00000000
vn 0.30550000 -0.95220000 -0.00000000
vn 0.30550000 -0.95220000 -0.00000000
vn 1.00000000 0.00370000 -0.00000000
vn 1.00000000 0.00370000 -0.00000000
vn 1.00000000 0.00370000 -0.00000000
vn 1.00000000 0.00370000 -0.00000000
vn 1.00000000 0.00370000 -0.00000000
vn 0.59320000 -0.80500000 -0.00000000
vn 0.71020000 -0.70400000 -0.00000000
vn 0.80890000 -0.58790000 -0.00000000
vn 0.88890000 -0.45820000 -0.00000000
vn 0.94890000 -0.31560000 -0.00000000
vn 0.80900000 -0.58780000 -0.00000000
vn 0.70390000 -0.71030000 -0.00010000
vn 0.58050000 -0.81430000 -0.00000000
vn 0.70390000 -0.71030000 -0.00000000
vn 0.70390000 -0.71030000 -0.00000000
vn 0.64430000 -0.76480000 -0.00010000
vn 0.58050000 -0.81430000 -0.00000000
vn 0.64420000 -0.76480000 -0.00000000
vn 0.44840000 -0.89390000 -0.00000000
vn 0.44830000 -0.89390000 -0.00000000
vn 0.80900000 -0.58780000 -0.00000000
vn 0.75890000 -0.65120000 -0.00010000
vn 0.75900000 -0.65110000 -0.00000000
vn 0.95400000 -0.29980000 -0.00000000
vn 0.89320000 -0.44970000 -0.00010000
vn 0.89320000 -0.44970000 -0.00000000
vn 0.89320000 -0.44970000 -0.00000000
vn 0.85390000 -0.52040000 -0.00010000
vn 0.85390000 -0.52050000 -0.00000000
vn 0.95400000 -0.29980000 -0.00000000
vn 0.92660000 -0.37610000 -0.00010000
vn 0.92660000 -0.37600000 -0.00000000
vn 0.98870000 -0.14980000 -0.00000000
vn 0.98870000 -0.14990000 -0.00000000
vn 0.95000000 -0.31220000 -0.00000000
vn 0.80630000 -0.59150000 -0.00000000
vn 0.58460000 -0.81130000 -0.00000000
vn 0.95400000 -0.29980000 -0.00000000
vn 0.98870000 -0.14990000 -0.00000000
vn 0.98870000 -0.14990000 -0.00010000
vn 0.80900000 -0.58780000 -0.00000000
vn 0.89320000 -0.44970000 -0.00000000
vn 0.89320000 -0.44970000 -0.00000000
vn 0.58050000 -0.81430000 -0.00000000
vn 0.70390000 -0.71030000 -0.00000000
vn 0.70390000 -0.71030000 -0.00000000
vn 0.44840000 -0.89390000 -0.00000000
vn 0.44830000 -0.89390000 -0.00000000
vn 0.72330000 -0.69050000 -0.00000000
vn 0.79520000 -0.60640000 -0.00000000
vn 0.79520000 -0.60640000 -0.00000000
vn 0.79520000 -0.60640000 -0.00000000
vn 0.79520000 -0.60640000 -0.00000000
vn 0.79520000 -0.60640000 -0.00000000
vn 0.76040000 -0.64940000 -0.00000000
vn 0.76040000 -0.64940000 -0.00000000
vn 0.72330000 -0.69050000 -0.00000000
vn 0.72330000 -0.69050000 -0.00000000
vn 0.72330000 -0.69050000 -0.00000000
vn 0.72330000 -0.69050000 -0.00000000
vn 0.44600000 -0.89500000 -0.00000000
vn 0.44600000 -0.89500000 -0.00000000
vn 0.70710000 -0.70710000 -0.00000000
vn 0.70720000 -0.70700000 -0.00000000
vn 0.89530000 -0.44540000 -0.00000000
vn 0.89540000 -0.44540000 -0.00000000
vn 0.15280000 -0.98830000 -0.00000000
vn 0.15280000 -0.98830000 -0.00000000
vn 0.15280000 -0.98830000 -0.00000000
vn 0.15280000 -0.98830000 -0.00000000
vn 0.15280000 -0.98830000 -0.00000000
vn 0.98830000 -0.15280000 -0.00000000
vn 0.98830000 -0.15280000 -0.00000000
vn 0.98830000 -0.15280000 -0.00000000
vn 0.98830000 -0.15280000 -0.00000000
vn 0.46000000 -0.88790000 -0.00000000
vn 0.59140000 -0.80640000 -0.00000000
vn 0.70700000 -0.70720000 -0.00000000
vn 0.80630000 -0.59160000 -0.00000000
vn 0.88780000 -0.46020000 -0.00000000
vn 0.70710000 -0.70710000 -0.00000000
vn 0.58410000 -0.81160000 -0.00010000
vn 0.44600000 -0.89500000 -0.00000000
vn 0.58420000 -0.81160000 -0.00000000
vn 0.58420000 -0.81160000 -0.00000000
vn 0.51680000 -0.85610000 -0.00010000
vn 0.44600000 -0.89500000 -0.00000000
vn 0.51680000 -0.85610000 -0.00000000
vn 0.30300000 -0.95300000 -0.00000000
vn 0.30300000 -0.95300000 -0.00000000
vn 0.70710000 -0.70710000 -0.00000000
vn 0.64770000 -0.76190000 0.00020000
vn 0.64780000 -0.76180000 -0.00000000
vn 0.89530000 -0.44540000 -0.00000000
vn 0.81180000 -0.58390000 -0.00000000
vn 0.81180000 -0.58390000 -0.00000000
vn 0.81180000 -0.58390000 -0.00000000
vn 0.76190000 -0.64760000 -0.00010000
vn 0.76190000 -0.64760000 -0.00000000
vn 0.89530000 -0.44540000 -0.00000000
vn 0.85640000 -0.51630000 -0.00010000
vn 0.85640000 -0.51630000 -0.00000000
vn 0.95310000 -0.30280000 -0.00000000
vn 0.95310000 -0.30270000 -0.00000000
vn 0.98830000 -0.15280000 -0.00000000
vn 0.88950000 -0.45700000 -0.00000000
vn 0.70390000 -0.71030000 -0.00000000
vn 0.45050000 -0.89280000 -0.00000000
vn 0.89530000 -0.44540000 -0.00000000
vn 0.95310000 -0.30270000 -0.00000000
vn 0.95310000 -0.30270000 -0.00000000
vn 0.70710000 -0.70710000 -0.00000000
vn 0.81180000 -0.58390000 -0.00000000
vn 0.81180000 -0.58390000 -0.00000000
vn 0.44600000 -0.89500000 -0.00000000
vn 0.58420000 -0.81160000 -0.00000000
vn 0.58420000 -0.81160000 -0.00010000
vn 0.30300000 -0.95300000 -0.00000000
vn 0.30300000 -0.95300000 -0.00010000
vn 0.69050000 -0.72330000 -0.00000000
vn 0.69050000 -0.72330000 -0.00000000
vn 0.69050000 -0.72330000 -0.00000000
vn 0.69050000 -0.72330000 -0.00000000
vn 0.69050000 -0.72330000 -0.00000000
vn 0.60640000 -0.79520000 -0.00000000
vn 0.64940000 -0.76040000 -0.00000000
vn 0.64940000 -0.76040000 -0.00000000
vn 0.60640000 -0.79520000 -0.00000000
vn 0.60640000 -0.79520000 -0.00000000
vn 0.60640000 -0.79520000 -0.00000000
vn 0.60640000 -0.79520000 -0.00000000
vn 0.30050000 -0.95380000 -0.00000000
vn 0.30050000 -0.95380000 -0.00000000
vn 0.58780000 -0.80900000 -0.00000000
vn 0.58790000 -0.80890000 -0.00000000
vn 0.81460000 -0.58000000 -0.00000000
vn 0.81460000 -0.58000000 -0.00000000
vn -0.00370000 -1.00000000 -0.00000000
vn -0.00370000 -1.00000000 -0.00000000
vn -0.00370000 -1.00000000 -0.00000000
vn -0.00360000 -1.00000000 -0.00000000
vn 0.95220000 -0.30550000 -0.00000000
vn 0.95220000 -0.30550000 -0.00000000
vn 0.95220000 -0.30550000 -0.00000000
vn 0.95220000 -0.30550000 -0.00000000
vn 0.95220000 -0.30550000 -0.00000000
vn -0.00360000 -1.00000000 -0.00000000
vn 0.31540000 -0.94900000 -0.00000000
vn 0.45790000 -0.88900000 -0.00000000
vn 0.58770000 -0.80910000 -0.00000000
vn 0.70380000 -0.71040000 -0.00000000
vn 0.80490000 -0.59340000 -0.00000000
vn 0.58780000 -0.80900000 -0.00000000
vn 0.45000000 -0.89300000 -0.00000000
vn 0.30050000 -0.95380000 -0.00000000
vn 0.45000000 -0.89300000 -0.00000000
vn 0.45000000 -0.89300000 -0.00000000
vn 0.37640000 -0.92650000 -0.00010000
vn 0.30050000 -0.95380000 -0.00000000
vn 0.37650000 -0.92640000 -0.00000000
vn 0.15020000 -0.98870000 -0.00000000
vn 0.15020000 -0.98870000 0.00010000
vn 0.58780000 -0.80900000 -0.00000000
vn 0.52060000 -0.85380000 -0.00010000
vn 0.52050000 -0.85380000 -0.00000000
vn 0.81460000 -0.58000000 -0.00000000
vn 0.71050000 -0.70370000 -0.00000000
vn 0.71060000 -0.70360000 -0.00000000
vn 0.71050000 -0.70370000 -0.00000000
vn 0.65130000 -0.75880000 -0.00010000
vn 0.65130000 -0.75880000 -0.00000000
vn 0.81460000 -0.58000000 -0.00000000
vn 0.76510000 -0.64400000 -0.00010000
vn 0.76510000 -0.64390000 -0.00000000
vn 0.89400000 -0.44800000 -0.00000000
vn 0.89400000 -0.44810000 -0.00000000
vn 0.80700000 -0.59050000 -0.00000000
vn 0.58410000 -0.81170000 -0.00000000
vn 0.30520000 -0.95230000 -0.00000000
vn 0.81460000 -0.58000000 -0.00000000
vn 0.89410000 -0.44790000 -0.00000000
vn 0.89400000 -0.44810000 -0.00010000
vn 0.58780000 -0.80900000 -0.00000000
vn 0.71050000 -0.70370000 -0.00000000
vn 0.71050000 -0.70370000 -0.00000000
vn 0.30050000 -0.95380000 -0.00000000
vn 0.45000000 -0.89300000 -0.00000000
vn 0.45000000 -0.89300000 -0.00000000
vn 0.15020000 -0.98870000 -0.00000000
vn 0.15020000 -0.98870000 -0.00010000
vn 0.56890000 -0.82240000 -0.00000000
vn 0.56890000 -0.82240000 -0.00000000
vn 0.56890000 -0.82240000 -0.00000000
vn 0.56890000 -0.82240000 -0.00000000
vn 0.47450000 -0.88020000 -0.00000000
vn 0.52250000 -0.85260000 -0.00000000
vn 0.56890000 -0.82240000 -0.00000000
vn 0.52250000 -0.85260000 -0.00000000
vn 0.47450000 -0.88020000 -0.00000000
vn 0.47450000 -0.88020000 -0.00000000
vn 0.47450000 -0.88020000 -0.00000000
vn 0.47450000 -0.88020000 -0.00000000
vn 0.14760000 -0.98900000 -0.00000000
vn 0.14760000 -0.98900000 -0.00000000
vn 0.45400000 -0.89100000 -0.00000000
vn 0.45410000 -0.89100000 -0.00000000
vn 0.71390000 -0.70030000 -0.00000000
vn 0.71390000 -0.70030000 -0.00000000
vn -0.16010000 -0.98710000 -0.00000000
vn -0.16000000 -0.98710000 -0.00000000
vn -0.16000000 -0.98710000 -0.00000000
vn -0.16000000 -0.98710000 -0.00000000
vn -0.16000000 -0.98710000 -0.00000000
vn 0.89270000 -0.45070000 -0.00000000
vn 0.89270000 -0.45070000 -0.00000000
vn 0.89270000 -0.45070000 -0.00000000
vn 0.89270000 -0.45070000 -0.00000000
vn 0.89270000 -0.45070000 -0.00000000
vn 0.16300000 -0.98660000 -0.00000000
vn 0.31320000 -0.94970000 -0.00000000
vn 0.45390000 -0.89110000 -0.00000000
vn 0.58400000 -0.81180000 -0.00000000
vn 0.70220000 -0.71200000 -0.00000000
vn 0.45400000 -0.89100000 -0.00000000
vn 0.30470000 -0.95240000 -0.00000000
vn 0.14760000 -0.98900000 -0.00000000
vn 0.30470000 -0.95240000 -0.00000000
vn 0.30470000 -0.95240000 -0.00000000
vn 0.22690000 -0.97390000 -0.00010000
vn 0.14760000 -0.98910000 -0.00000000
vn 0.22680000 -0.97390000 -0.00000000
vn -0.00630000 -1.00000000 -0.00000000
vn -0.00630000 -1.00000000 -0.00000000
vn 0.45400000 -0.89100000 -0.00000000
vn 0.38060000 -0.92470000 -0.00010000
vn 0.38060000 -0.92470000 -0.00000000
vn 0.71390000 -0.70030000 -0.00000000
vn 0.59170000 -0.80620000 -0.00010000
vn 0.59160000 -0.80620000 -0.00000000
vn 0.59170000 -0.80620000 -0.00000000
vn 0.52450000 -0.85140000 -0.00010000
vn 0.52460000 -0.85140000 -0.00000000
vn 0.71390000 -0.70030000 -0.00000000
vn 0.65490000 -0.75570000 -0.00010000
vn 0.65490000 -0.75570000 -0.00000000
vn 0.81290000 -0.58240000 -0.00000000
vn 0.81290000 -0.58240000 -0.00000000
vn 0.70470000 -0.70950000 -0.00000000
vn 0.44990000 -0.89310000 -0.00000000
vn 0.15250000 -0.98830000 -0.00000000
vn 0.71390000 -0.70030000 -0.00000000
vn 0.81290000 -0.58230000 -0.00000000
vn 0.81290000 -0.58240000 -0.00000000
vn 0.45400000 -0.89100000 0.00010000
vn 0.59170000 -0.80620000 -0.00000000
vn 0.59170000 -0.80620000 -0.00000000
vn 0.14760000 -0.98910000 -0.00000000
vn 0.30470000 -0.95240000 -0.00000000
vn 0.30470000 -0.95240000 -0.00000000
vn -0.00630000 -1.00000000 -0.00000000
vn -0.00630000 -1.00000000 -0.00000000
vn 0.43320000 -0.90130000 -0.00000000
vn 0.43320000 -0.90130000 -0.00000000
vn 0.43320000 -0.90130000 -0.00000000
vn 0.43320000 -0.90130000 -0.00000000
vn 0.43320000 -0.90130000 -0.00000000
vn 0.33100000 -0.94360000 -0.00000000
vn 0.38270000 -0.92390000 -0.00000000
vn 0.38270000 -0.92390000 -0.00000000
vn 0.33100000 -0.94360000 -0.00000000
vn 0.33100000 -0.94360000 -0.00000000
vn 0.33100000 -0.94360000 -0.00000000
vn 0.33100000 -0.94360000 -0.00000000
vn -0.00900000 -1.00000000 -0.00000000
vn -0.00900000 -1.00000000 -0.00000000
vn 0.30900000 -0.95110000 -0.00000000
vn 0.30910000 -0.95100000 -0.00000000
vn 0.59550000 -0.80330000 -0.00000000
vn 0.59560000 -0.80330000 -0.00000000
vn -0.31250000 -0.94990000 -0.00000000
vn -0.31250000 -0.94990000 -0.00000000
vn -0.31250000 -0.94990000 -0.00000000
vn -0.31250000 -0.94990000 -0.00000000
vn 0.81120000 -0.58480000 -0.00000000
vn 0.81120000 -0.58480000 -0.00000000
vn 0.81120000 -0.58480000 -0.00000000
vn 0.81120000 -0.58480000 -0.00000000
vn 0.81120000 -0.58480000 -0.00000000
vn -0.31250000 -0.94990000 -0.00000000
vn 0.00670000 -1.00000000 -0.00000000
vn 0.16080000 -0.98700000 -0.00000000
vn 0.30890000 -0.95110000 -0.00000000
vn 0.44980000 -0.89310000 -0.00000000
vn 0.58210000 -0.81310000 -0.00000000
vn 0.30910000 -0.95100000 -0.00000000
vn 0.15200000 -0.98840000 -0.00000000
vn -0.00900000 -1.00000000 -0.00000000
vn 0.15200000 -0.98840000 -0.00000000
vn 0.15200000 -0.98840000 -0.00000000
vn 0.07170000 -0.99740000 -0.00010000
vn -0.00900000 -1.00000000 -0.00000000
vn 0.07170000 -0.99740000 -0.00000000
vn -0.16270000 -0.98670000 -0.00000000
vn -0.16270000 -0.98670000 0.00010000
vn 0.30900000 -0.95110000 -0.00000000
vn 0.23130000 -0.97290000 -0.00010000
vn 0.23130000 -0.97290000 -0.00000000
vn 0.59550000 -0.80330000 -0.00000000
vn 0.45830000 -0.88880000 -0.00010000
vn 0.45820000 -0.88880000 -0.00000000
vn 0.45830000 -0.88880000 -0.00000000
vn 0.38490000 -0.92300000 -0.00010000
vn 0.38490000 -0.92300000 -0.00000000
vn 0.59560000 -0.80330000 -0.00000000
vn 0.52860000 -0.84880000 -0.00010000
vn 0.52860000 -0.84890000 -0.00000000
vn 0.71180000 -0.70240000 -0.00000000
vn 0.71180000 -0.70240000 -0.00000000
vn 0.58510000 -0.81100000 -0.00000000
vn 0.30470000 -0.95250000 -0.00000000
vn -0.00400000 -1.00000000 -0.00000000
vn 0.59550000 -0.80330000 -0.00000000
vn 0.71180000 -0.70240000 -0.00000000
vn 0.71180000 -0.70240000 -0.00000000
vn 0.30900000 -0.95110000 -0.00000000
vn 0.45830000 -0.88880000 -0.00000000
vn 0.45830000 -0.88880000 -0.00000000
vn -0.00900000 -1.00000000 -0.00000000
vn 0.15200000 -0.98840000 -0.00000000
vn 0.15200000 -0.98840000 -0.00000000
vn -0.16270000 -0.98670000 -0.00000000
vn -0.16270000 -0.98670000 -0.00000000
vn 0.17930000 -0.98380000 -0.00000000
vn 0.28690000 -0.95800000 -0.00000000
vn 0.28690000 -0.95800000 -0.00000000
vn 0.28690000 -0.95800000 -0.00000000
vn 0.28690000 -0.95800000 -0.00000000
vn 0.17930000 -0.98380000 -0.00000000
vn 0.23340000 -0.97240000 -0.00000000
vn 0.28690000 -0.95800000 -0.00000000
vn 0.23340000 -0.97240000 -0.00000000
vn 0.17930000 -0.98380000 -0.00000000
vn 0.17930000 -0.98380000 -0.00000000
vn 0.17930000 -0.98380000 -0.00000000
vn -0.16530000 -0.98620000 -0.00000000
vn -0.16530000 -0.98620000 -0.00000000
vn 0.15640000 -0.98770000 -0.00010000
vn 0.15650000 -0.98770000 -0.00000000
vn 0.46250000 -0.88660000 -0.00000000
vn 0.46250000 -0.88660000 -0.00000000
vn -0.45720000 -0.88930000 -0.00000000
vn -0.45730000 -0.88930000 -0.00000000
vn -0.45730000 -0.88930000 -0.00000000
vn -0.45730000 -0.88930000 -0.00000000
vn -0.45720000 -0.88930000 -0.00000000
vn 0.70970000 -0.70450000 -0.00000000
vn 0.70970000 -0.70450000 -0.00000000
vn 0.70970000 -0.70450000 -0.00000000
vn 0.70970000 -0.70450000 -0.00000000
vn -0.14980000 -0.98870000 -0.00000000
vn 0.00440000 -1.00000000 -0.00000000
vn 0.15630000 -0.98770000 -0.00000000
vn 0.30460000 -0.95250000 -0.00000000
vn 0.44780000 -0.89410000 -0.00000000
vn 0.15650000 -0.98770000 -0.00000000
vn -0.00450000 -1.00000000 -0.00000000
vn -0.16530000 -0.98620000 -0.00000000
vn -0.00450000 -1.00000000 -0.00000000
vn -0.00450000 -1.00000000 -0.00000000
vn -0.08520000 -0.99640000 -0.00010000
vn -0.16530000 -0.98620000 -0.00000000
vn -0.08520000 -0.99640000 -0.00000000
vn -0.31500000 -0.94910000 -0.00000000
vn -0.31500000 -0.94910000 -0.00000000
vn 0.15640000 -0.98770000 -0.00000000
vn 0.07620000 -0.99710000 -0.00010000
vn 0.07620000 -0.99710000 -0.00000000
vn 0.46250000 -0.88660000 -0.00000000
vn 0.31360000 -0.94960000 -0.00000000
vn 0.31360000 -0.94960000 -0.00000000
vn 0.31360000 -0.94960000 -0.00000000
vn 0.23580000 -0.97180000 -0.00010000
vn 0.23580000 -0.97180000 -0.00000000
vn 0.46250000 -0.88660000 -0.00000000
vn 0.38940000 -0.92110000 0.00020000
vn 0.38940000 -0.92110000 -0.00000000
vn 0.59310000 -0.80510000 -0.00000000
vn 0.59320000 -0.80510000 -0.00000000
vn 0.70970000 -0.70450000 -0.00000000
vn 0.45100000 -0.89250000 -0.00000000
vn 0.15190000 -0.98840000 -0.00000000
vn -0.16030000 -0.98710000 -0.00000000
vn 0.46250000 -0.88660000 -0.00000000
vn 0.59310000 -0.80510000 -0.00000000
vn 0.59310000 -0.80510000 -0.00000000
vn 0.15640000 -0.98770000 -0.00000000
vn 0.31360000 -0.94960000 -0.00000000
vn 0.31360000 -0.94960000 -0.00000000
vn -0.16530000 -0.98620000 -0.00000000
vn -0.00450000 -1.00000000 -0.00000000
vn -0.00450000 -1.00000000 -0.00000000
vn -0.31500000 -0.94910000 -0.00000000
vn -0.31500000 -0.94910000 0.00010000
vn 0.02320000 -0.99970000 -0.00000000
vn 0.13350000 -0.99110000 -0.00000000
vn 0.13350000 -0.99110000 -0.00000000
vn 0.13350000 -0.99110000 -0.00000000
vn 0.13350000 -0.99110000 -0.00000000
vn 0.13350000 -0.99110000 -0.00000000
vn 0.07850000 -0.99690000 -0.00000000
vn 0.02320000 -0.99970000 -0.00000000
vn 0.02320000 -0.99970000 -0.00000000
vn 0.02320000 -0.99970000 -0.00000000
vn 0.02320000 -0.99970000 -0.00000000
vn 0.07850000 -0.99690000 -0.00000000
vn 0.89440000 -0.00000000 -0.44720000
vn 0.89420000 -0.02070000 -0.44720000
vn 0.89170000 -0.07020000 -0.44720000
vn 0.87990000 -0.16040000 -0.44720000
vn 0.86970000 -0.20880000 -0.44720000
vn 0.84400000 -0.29600000 -0.44720000
vn 0.82630000 -0.34230000 -0.44720000
vn 0.78730000 -0.42440000 -0.44720000
vn 0.76260000 -0.46730000 -0.44720000
vn 0.71120000 -0.54240000 -0.44720000
vn 0.68010000 -0.58090000 -0.44720000
vn 0.61760000 -0.64700000 -0.44720000
vn 0.58090000 -0.68010000 -0.44720000
vn 0.50880000 -0.73560000 -0.44720000
vn 0.46730000 -0.76260000 -0.44720000
vn 0.38750000 -0.80610000 -0.44720000
vn 0.34230000 -0.82630000 -0.44720000
vn 0.25660000 -0.85680000 -0.44720000
vn 0.20880000 -0.86970000 -0.44720000
vn 0.11940000 -0.88640000 -0.44720000
vn 0.07020000 -0.89170000 -0.44720000
vn 0.02070000 -0.89420000 -0.44720000
vn 0.01070000 -0.89440000 -0.44720000
vn 0.00540000 -0.89440000 -0.44720000
vn -0.00000000 -0.89440000 -0.44720000
vn -0.00540000 -0.89440000 -0.44720000
vn -0.01070000 -0.89440000 -0.44720000
vn 0.09490000 -0.88940000 -0.44720000
vn -0.00010000 -0.89440000 -0.44720000
vn 0.04750000 -0.89320000 -0.44720000
vn 0.04750000 -0.89320000 -0.44720000
vn 0.02370000 -0.89410000 -0.44720000
vn 0.02380000 -0.89410000 -0.44720000
vn -0.08130000 -0.89070000 -0.44720000
vn -0.04070000 -0.89350000 -0.44720000
vn 0.02380000 -0.89410000 -0.44720000
vn 0.01190000 -0.89430000 -0.44720000
vn 0.01190000 -0.89430000 -0.44720000
vn -0.04070000 -0.89350000 -0.44720000
vn -0.02040000 -0.89420000 -0.44720000
vn -0.02040000 -0.89420000 -0.44720000
vn 0.04740000 -0.89320000 -0.44720000
vn -0.00000000 -0.89440000 -0.44720000
vn 0.02380000 -0.89410000 -0.44720000
vn -0.02070000 -0.89420000 -0.44720000
vn -0.07020000 -0.89170000 -0.44720000
vn -0.11940000 -0.88640000 -0.44720000
vn -0.12930000 -0.88500000 -0.44720000
vn -0.13460000 -0.88420000 -0.44720000
vn -0.13990000 -0.88340000 -0.44720000
vn -0.14530000 -0.88260000 -0.44720000
vn -0.15050000 -0.88170000 -0.44720000
vn -0.17230000 -0.87770000 -0.44720000
vn -0.12700000 -0.88540000 -0.44720000
vn -0.14970000 -0.88180000 -0.44720000
vn -0.25650000 -0.85690000 -0.44720000
vn -0.21460000 -0.86830000 -0.44720000
vn -0.13830000 -0.88370000 -0.44720000
vn -0.12700000 -0.88540000 -0.44720000
vn -0.17230000 -0.87770000 -0.44720000
vn -0.14970000 -0.88180000 -0.44720000
vn -0.08130000 -0.89070000 -0.44720000
vn -0.10420000 -0.88830000 -0.44720000
vn -0.10420000 -0.88830000 -0.44720000
vn -0.16030000 -0.87990000 -0.44720000
vn -0.20880000 -0.86970000 -0.44720000
vn -0.25660000 -0.85680000 -0.44720000
vn -0.26620000 -0.85390000 -0.44720000
vn -0.27120000 -0.85230000 -0.44720000
vn -0.27640000 -0.85060000 -0.44730000
vn -0.28150000 -0.84900000 -0.44720000
vn -0.28650000 -0.84730000 -0.44720000
vn -0.33820000 -0.82800000 -0.44720000
vn -0.29770000 -0.84340000 -0.44720000
vn -0.25650000 -0.85690000 -0.44720000
vn -0.29770000 -0.84340000 -0.44720000
vn -0.27720000 -0.85040000 -0.44720000
vn -0.25640000 -0.85690000 -0.44720000
vn -0.26680000 -0.85370000 -0.44720000
vn -0.26680000 -0.85370000 -0.44720000
vn -0.25650000 -0.85690000 -0.44720000
vn -0.29770000 -0.84340000 -0.44720000
vn -0.27720000 -0.85040000 -0.44720000
vn -0.21460000 -0.86830000 -0.44720000
vn -0.23560000 -0.86280000 -0.44720000
vn -0.23560000 -0.86280000 -0.44720000
vn -0.29770000 -0.84340000 -0.44720000
vn -0.28740000 -0.84700000 -0.44720000
vn -0.28740000 -0.84700000 -0.44720000
vn -0.33820000 -0.82800000 -0.44720000
vn -0.31810000 -0.83600000 -0.44720000
vn -0.31800000 -0.83600000 -0.44720000
vn -0.41680000 -0.79140000 -0.44720000
vn -0.37790000 -0.81070000 -0.44720000
vn -0.29600000 -0.84400000 -0.44720000
vn -0.34230000 -0.82630000 -0.44720000
vn -0.38750000 -0.80610000 -0.44720000
vn -0.39640000 -0.80180000 -0.44720000
vn -0.40120000 -0.79940000 -0.44720000
vn -0.40610000 -0.79690000 -0.44720000
vn -0.41090000 -0.79450000 -0.44720000
vn -0.41560000 -0.79200000 -0.44720000
vn -0.39740000 -0.80130000 -0.44720000
vn -0.49140000 -0.74740000 -0.44720000
vn -0.45460000 -0.77030000 -0.44720000
vn -0.40690000 -0.79660000 -0.44710000
vn -0.45460000 -0.77030000 -0.44720000
vn -0.43580000 -0.78110000 -0.44720000
vn -0.43580000 -0.78110000 -0.44720000
vn -0.37790000 -0.81070000 -0.44720000
vn -0.41680000 -0.79140000 -0.44720000
vn -0.39750000 -0.80130000 -0.44720000
vn -0.42440000 -0.78730000 -0.44720000
vn -0.46730000 -0.76260000 -0.44720000
vn -0.50880000 -0.73560000 -0.44720000
vn -0.51700000 -0.72980000 -0.44720000
vn -0.52140000 -0.72680000 -0.44720000
vn -0.52570000 -0.72360000 -0.44720000
vn -0.53010000 -0.72040000 -0.44720000
vn -0.53440000 -0.71730000 -0.44720000
vn -0.56140000 -0.69630000 -0.44720000
vn -0.52700000 -0.72270000 -0.44720000
vn -0.49140000 -0.74740000 -0.44720000
vn -0.50930000 -0.73520000 -0.44720000
vn -0.50930000 -0.73530000 -0.44720000
vn -0.50930000 -0.73530000 -0.44720000
vn -0.51820000 -0.72900000 -0.44730000
vn -0.51820000 -0.72900000 -0.44720000
vn -0.56140000 -0.69630000 -0.44720000
vn -0.54440000 -0.70970000 -0.44720000
vn -0.54440000 -0.70970000 -0.44720000
vn -0.62620000 -0.63870000 -0.44720000
vn -0.59450000 -0.66830000 -0.44720000
vn -0.49140000 -0.74730000 -0.44720000
vn -0.52700000 -0.72260000 -0.44720000
vn -0.50940000 -0.73520000 -0.44720000
vn -0.54440000 -0.70970000 -0.44720000
vn -0.53570000 -0.71620000 -0.44730000
vn -0.53580000 -0.71620000 -0.44720000
vn -0.56140000 -0.69630000 -0.44720000
vn -0.54440000 -0.70970000 -0.44720000
vn -0.54230000 -0.71120000 -0.44720000
vn -0.58090000 -0.68010000 -0.44720000
vn -0.61760000 -0.64690000 -0.44720000
vn -0.62480000 -0.64000000 -0.44720000
vn -0.62860000 -0.63630000 -0.44720000
vn -0.63250000 -0.63250000 -0.44720000
vn -0.63630000 -0.62860000 -0.44720000
vn -0.64000000 -0.62480000 -0.44720000
vn -0.59450000 -0.66830000 -0.44720000
vn -0.61070000 -0.65350000 -0.44730000
vn -0.61050000 -0.65360000 -0.44720000
vn -0.68500000 -0.57510000 -0.44720000
vn -0.65640000 -0.60760000 -0.44720000
vn -0.64150000 -0.62330000 -0.44720000
vn -0.63370000 -0.63120000 -0.44720000
vn -0.62620000 -0.63870000 -0.44720000
vn -0.65640000 -0.60760000 -0.44720000
vn -0.64150000 -0.62330000 -0.44720000
vn -0.64690000 -0.61760000 -0.44720000
vn -0.68010000 -0.58090000 -0.44720000
vn -0.71120000 -0.54230000 -0.44720000
vn -0.71730000 -0.53440000 -0.44720000
vn -0.72040000 -0.53010000 -0.44720000
vn -0.72360000 -0.52580000 -0.44720000
vn -0.72680000 -0.52130000 -0.44720000
vn -0.72990000 -0.51700000 -0.44720000
vn -0.73750000 -0.50610000 -0.44720000
vn -0.71210000 -0.54120000 -0.44720000
vn -0.71210000 -0.54120000 -0.44720000
vn -0.73750000 -0.50610000 -0.44720000
vn -0.72500000 -0.52380000 -0.44710000
vn -0.78300000 -0.43230000 -0.44720000
vn -0.76120000 -0.46970000 -0.44720000
vn -0.71210000 -0.54120000 -0.44720000
vn -0.71860000 -0.53250000 -0.44730000
vn -0.71860000 -0.53250000 -0.44720000
vn -0.71210000 -0.54120000 -0.44720000
vn -0.73750000 -0.50610000 -0.44720000
vn -0.72500000 -0.52380000 -0.44720000
vn -0.68510000 -0.57510000 -0.44720000
vn -0.69870000 -0.55840000 -0.44720000
vn -0.69880000 -0.55830000 -0.44720000
vn -0.73750000 -0.50610000 -0.44720000
vn -0.73130000 -0.51490000 -0.44730000
vn -0.73130000 -0.51500000 -0.44720000
vn -0.76120000 -0.46970000 -0.44720000
vn -0.74950000 -0.48800000 -0.44720000
vn -0.74950000 -0.48800000 -0.44720000
vn -0.73560000 -0.50880000 -0.44720000
vn -0.76260000 -0.46730000 -0.44720000
vn -0.78730000 -0.42440000 -0.44720000
vn -0.79200000 -0.41560000 -0.44720000
vn -0.79450000 -0.41090000 -0.44720000
vn -0.79690000 -0.40610000 -0.44720000
vn -0.79940000 -0.40120000 -0.44720000
vn -0.80170000 -0.39650000 -0.44720000
vn -0.82200000 -0.35260000 -0.44720000
vn -0.80350000 -0.39290000 -0.44720000
vn -0.79350000 -0.41280000 -0.44720000
vn -0.79840000 -0.40280000 -0.44740000
vn -0.82200000 -0.35260000 -0.44720000
vn -0.81300000 -0.37290000 -0.44720000
vn -0.81300000 -0.37290000 -0.44720000
vn -0.85300000 -0.26910000 -0.44720000
vn -0.83850000 -0.31130000 -0.44720000
vn -0.78300000 -0.43230000 -0.44720000
vn -0.80350000 -0.39300000 -0.44720000
vn -0.79350000 -0.41280000 -0.44720000
vn -0.80610000 -0.38750000 -0.44720000
vn -0.82630000 -0.34230000 -0.44720000
vn -0.84400000 -0.29600000 -0.44720000
vn -0.84730000 -0.28660000 -0.44720000
vn -0.84900000 -0.28160000 -0.44720000
vn -0.85070000 -0.27640000 -0.44720000
vn -0.85230000 -0.27130000 -0.44720000
vn -0.85390000 -0.26620000 -0.44720000
vn -0.84600000 -0.29030000 -0.44720000
vn -0.87550000 -0.18290000 -0.44720000
vn -0.86530000 -0.22630000 -0.44720000
vn -0.84950000 -0.27960000 -0.44750000
vn -0.86530000 -0.22630000 -0.44720000
vn -0.85940000 -0.24780000 -0.44720000
vn -0.85940000 -0.24780000 -0.44720000
vn -0.83850000 -0.31130000 -0.44720000
vn -0.85300000 -0.26910000 -0.44720000
vn -0.84600000 -0.29030000 -0.44720000
vn -0.85680000 -0.25660000 -0.44720000
vn -0.86970000 -0.20880000 -0.44720000
vn -0.87990000 -0.16030000 -0.44720000
vn -0.88170000 -0.15050000 -0.44720000
vn -0.88260000 -0.14520000 -0.44720000
vn -0.88340000 -0.13990000 -0.44720000
vn -0.88430000 -0.13460000 -0.44720000
vn -0.88500000 -0.12930000 -0.44720000
vn -0.88940000 -0.09490000 -0.44720000
vn -0.88360000 -0.13910000 -0.44720000
vn -0.87550000 -0.18290000 -0.44720000
vn -0.87980000 -0.16100000 -0.44720000
vn -0.87980000 -0.16100000 -0.44720000
vn -0.87980000 -0.16110000 -0.44720000
vn -0.88170000 -0.15010000 -0.44730000
vn -0.88180000 -0.15010000 -0.44720000
vn -0.88940000 -0.09490000 -0.44720000
vn -0.88670000 -0.11700000 -0.44720000
vn -0.88670000 -0.11700000 -0.44720000
vn -0.89320000 -0.04750000 -0.44720000
vn -0.87550000 -0.18290000 -0.44720000
vn -0.88350000 -0.13910000 -0.44720000
vn -0.87980000 -0.16100000 -0.44720000
vn -0.88670000 -0.11700000 -0.44720000
vn -0.88520000 -0.12810000 -0.44720000
vn -0.88520000 -0.12810000 -0.44720000
vn -0.88940000 -0.09490000 -0.44720000
vn -0.88670000 -0.11700000 -0.44720000
vn -0.88640000 -0.11940000 -0.44720000
vn -0.89170000 -0.07020000 -0.44720000
vn -0.89420000 -0.02070000 -0.44720000
vn -0.89420000 -0.01790000 -0.44720000
vn -0.89430000 -0.01490000 -0.44720000
vn -0.89440000 -0.01180000 -0.44720000
vn -0.89440000 -0.00880000 -0.44730000
vn -0.89440000 -0.00580000 -0.44720000
vn -0.89440000 -0.00290000 -0.44720000
vn -0.89440000 -0.00000000 -0.44720000
vn -0.89320000 -0.04750000 -0.44720000
vn -0.89410000 -0.02380000 -0.44720000
vn -0.89410000 -0.02380000 -0.44720000
vn -0.89410000 -0.02380000 -0.44720000
vn -0.89430000 -0.01190000 -0.44720000
vn -0.89430000 -0.01190000 -0.44720000
vn -0.89320000 -0.04750000 -0.44720000
vn -0.89410000 -0.02380000 -0.44720000
vn -0.89430000 -0.01190000 -0.44720000
vn -0.89430000 -0.00600000 -0.44740000
vn -0.89440000 -0.00600000 -0.44730000
vn -0.89410000 -0.02380000 -0.44720000
vn -0.89430000 -0.01190000 -0.44720000
vn -0.89430000 -0.01190000 -0.44720000
vn 0.89440000 -0.00000000 -0.44720000
vn 0.89440000 -0.00290000 -0.44720000
vn 0.89440000 -0.00580000 -0.44720000
vn 0.89440000 -0.00880000 -0.44720000
vn 0.89440000 -0.01180000 -0.44720000
vn 0.89430000 -0.01490000 -0.44720000
vn 0.89420000 -0.01790000 -0.44720000
vn 0.89070000 -0.08130000 -0.44720000
vn 0.89350000 -0.04070000 -0.44720000
vn 0.89350000 -0.04070000 -0.44720000
vn 0.89420000 -0.02040000 -0.44720000
vn 0.89420000 -0.02030000 -0.44720000
vn 0.89420000 -0.02040000 -0.44720000
vn 0.89440000 -0.01020000 -0.44720000
vn 0.89440000 -0.01020000 -0.44720000
vn 0.89350000 -0.04070000 -0.44720000
vn 0.89420000 -0.02040000 -0.44720000
vn 0.89350000 -0.04070000 -0.44720000
vn 0.89390000 -0.03050000 -0.44730000
vn 0.89390000 -0.03050000 -0.44720000
vn 0.89070000 -0.08130000 -0.44720000
vn 0.89230000 -0.06090000 -0.44720000
vn 0.89240000 -0.06100000 -0.44720000
vn 0.87770000 -0.17230000 -0.44720000
vn 0.88540000 -0.12690000 -0.44720000
vn 0.88640000 -0.11940000 -0.44720000
vn 0.88500000 -0.12930000 -0.44720000
vn 0.88430000 -0.13460000 -0.44720000
vn 0.88340000 -0.13990000 -0.44720000
vn 0.88260000 -0.14530000 -0.44720000
vn 0.88170000 -0.15050000 -0.44720000
vn 0.88180000 -0.14970000 -0.44720000
vn 0.85690000 -0.25650000 -0.44720000
vn 0.86830000 -0.21470000 -0.44720000
vn 0.88370000 -0.13830000 -0.44720000
vn 0.88540000 -0.12700000 -0.44720000
vn 0.87770000 -0.17230000 -0.44720000
vn 0.88180000 -0.14970000 -0.44720000
vn 0.88830000 -0.10420000 -0.44720000
vn 0.88830000 -0.10420000 -0.44720000
vn 0.85680000 -0.25660000 -0.44720000
vn 0.85390000 -0.26620000 -0.44720000
vn 0.85230000 -0.27120000 -0.44720000
vn 0.85060000 -0.27640000 -0.44720000
vn 0.84890000 -0.28150000 -0.44730000
vn 0.84730000 -0.28660000 -0.44720000
vn 0.82800000 -0.33820000 -0.44720000
vn 0.84340000 -0.29770000 -0.44720000
vn 0.85690000 -0.25650000 -0.44720000
vn 0.84340000 -0.29770000 -0.44720000
vn 0.85040000 -0.27720000 -0.44730000
vn 0.85690000 -0.25640000 -0.44720000
vn 0.85370000 -0.26680000 -0.44730000
vn 0.85370000 -0.26680000 -0.44720000
vn 0.85690000 -0.25650000 -0.44720000
vn 0.84340000 -0.29770000 -0.44720000
vn 0.85040000 -0.27720000 -0.44720000
vn 0.86830000 -0.21460000 -0.44720000
vn 0.86280000 -0.23560000 -0.44720000
vn 0.86280000 -0.23560000 -0.44720000
vn 0.84340000 -0.29770000 -0.44720000
vn 0.84700000 -0.28740000 -0.44720000
vn 0.84700000 -0.28740000 -0.44720000
vn 0.82800000 -0.33820000 -0.44720000
vn 0.83600000 -0.31800000 -0.44720000
vn 0.83600000 -0.31800000 -0.44720000
vn 0.79140000 -0.41670000 -0.44720000
vn 0.81070000 -0.37790000 -0.44720000
vn 0.80610000 -0.38750000 -0.44720000
vn 0.80180000 -0.39650000 -0.44720000
vn 0.79940000 -0.40120000 -0.44720000
vn 0.79700000 -0.40610000 -0.44720000
vn 0.79450000 -0.41090000 -0.44720000
vn 0.79200000 -0.41560000 -0.44720000
vn 0.80130000 -0.39740000 -0.44720000
vn 0.74730000 -0.49140000 -0.44720000
vn 0.77030000 -0.45460000 -0.44720000
vn 0.79640000 -0.40710000 -0.44720000
vn 0.77030000 -0.45460000 -0.44720000
vn 0.78110000 -0.43580000 -0.44720000
vn 0.78110000 -0.43580000 -0.44720000
vn 0.81070000 -0.37790000 -0.44720000
vn 0.79140000 -0.41680000 -0.44720000
vn 0.80130000 -0.39750000 -0.44720000
vn 0.73560000 -0.50880000 -0.44720000
vn 0.72990000 -0.51700000 -0.44720000
vn 0.72680000 -0.52130000 -0.44720000
vn 0.72360000 -0.52570000 -0.44720000
vn 0.72040000 -0.53010000 -0.44730000
vn 0.71730000 -0.53430000 -0.44720000
vn 0.69630000 -0.56140000 -0.44720000
vn 0.72270000 -0.52700000 -0.44720000
vn 0.74740000 -0.49140000 -0.44720000
vn 0.73520000 -0.50940000 -0.44720000
vn 0.73530000 -0.50930000 -0.44720000
vn 0.73520000 -0.50940000 -0.44720000
vn 0.72900000 -0.51820000 -0.44730000
vn 0.72900000 -0.51820000 -0.44720000
vn 0.69630000 -0.56140000 -0.44720000
vn 0.70970000 -0.54440000 -0.44720000
vn 0.70970000 -0.54440000 -0.44720000
vn 0.63870000 -0.62620000 -0.44720000
vn 0.66830000 -0.59450000 -0.44720000
vn 0.74730000 -0.49140000 -0.44720000
vn 0.72270000 -0.52700000 -0.44720000
vn 0.73520000 -0.50940000 -0.44720000
vn 0.70970000 -0.54440000 -0.44720000
vn 0.71620000 -0.53570000 -0.44730000
vn 0.71620000 -0.53580000 -0.44720000
vn 0.69630000 -0.56140000 -0.44720000
vn 0.70970000 -0.54440000 -0.44720000
vn 0.64690000 -0.61760000 -0.44720000
vn 0.64000000 -0.62480000 -0.44720000
vn 0.63630000 -0.62860000 -0.44720000
vn 0.63240000 -0.63250000 -0.44720000
vn 0.62860000 -0.63630000 -0.44720000
vn 0.62480000 -0.64000000 -0.44720000
vn 0.66830000 -0.59450000 -0.44720000
vn 0.65340000 -0.61070000 -0.44730000
vn 0.65360000 -0.61050000 -0.44720000
vn 0.57510000 -0.68500000 -0.44720000
vn 0.60760000 -0.65640000 -0.44720000
vn 0.62330000 -0.64150000 -0.44720000
vn 0.63120000 -0.63370000 -0.44720000
vn 0.63870000 -0.62620000 -0.44720000
vn 0.60760000 -0.65640000 -0.44720000
vn 0.62330000 -0.64150000 -0.44720000
vn 0.54230000 -0.71120000 -0.44720000
vn 0.53440000 -0.71730000 -0.44720000
vn 0.53010000 -0.72040000 -0.44720000
vn 0.52570000 -0.72360000 -0.44720000
vn 0.52130000 -0.72680000 -0.44720000
vn 0.51700000 -0.72990000 -0.44720000
vn 0.50610000 -0.73750000 -0.44720000
vn 0.54120000 -0.71210000 -0.44720000
vn 0.54120000 -0.71210000 -0.44720000
vn 0.50600000 -0.73750000 -0.44720000
vn 0.52380000 -0.72500000 -0.44720000
vn 0.43230000 -0.78300000 -0.44720000
vn 0.46970000 -0.76110000 -0.44720000
vn 0.54120000 -0.71210000 -0.44720000
vn 0.53250000 -0.71860000 -0.44720000
vn 0.53250000 -0.71860000 -0.44720000
vn 0.54120000 -0.71210000 -0.44720000
vn 0.50610000 -0.73750000 -0.44720000
vn 0.52380000 -0.72500000 -0.44720000
vn 0.57510000 -0.68510000 -0.44720000
vn 0.55840000 -0.69870000 -0.44720000
vn 0.55830000 -0.69880000 -0.44720000
vn 0.50600000 -0.73750000 -0.44720000
vn 0.51490000 -0.73130000 -0.44730000
vn 0.51500000 -0.73130000 -0.44720000
vn 0.46970000 -0.76120000 -0.44720000
vn 0.48800000 -0.74950000 -0.44720000
vn 0.48800000 -0.74950000 -0.44720000
vn 0.42440000 -0.78730000 -0.44720000
vn 0.41560000 -0.79200000 -0.44720000
vn 0.41090000 -0.79450000 -0.44720000
vn 0.40610000 -0.79690000 -0.44720000
vn 0.40120000 -0.79940000 -0.44720000
vn 0.39650000 -0.80170000 -0.44720000
vn 0.35260000 -0.82200000 -0.44720000
vn 0.39300000 -0.80350000 -0.44720000
vn 0.41280000 -0.79350000 -0.44720000
vn 0.40290000 -0.79840000 -0.44740000
vn 0.35270000 -0.82200000 -0.44720000
vn 0.37290000 -0.81300000 -0.44720000
vn 0.37290000 -0.81300000 -0.44720000
vn 0.26910000 -0.85300000 -0.44720000
vn 0.31130000 -0.83850000 -0.44720000
vn 0.43230000 -0.78300000 -0.44720000
vn 0.39300000 -0.80350000 -0.44720000
vn 0.41280000 -0.79350000 -0.44720000
vn 0.29600000 -0.84400000 -0.44720000
vn 0.28660000 -0.84730000 -0.44720000
vn 0.28150000 -0.84900000 -0.44720000
vn 0.27640000 -0.85070000 -0.44720000
vn 0.27120000 -0.85230000 -0.44720000
vn 0.26620000 -0.85390000 -0.44720000
vn 0.29030000 -0.84600000 -0.44720000
vn 0.18290000 -0.87550000 -0.44720000
vn 0.22630000 -0.86530000 -0.44720000
vn 0.27960000 -0.84950000 -0.44750000
vn 0.22630000 -0.86530000 -0.44720000
vn 0.24780000 -0.85940000 -0.44720000
vn 0.24780000 -0.85940000 -0.44720000
vn 0.31130000 -0.83850000 -0.44720000
vn 0.26910000 -0.85300000 -0.44720000
vn 0.29030000 -0.84600000 -0.44720000
vn 0.16030000 -0.87990000 -0.44720000
vn 0.15050000 -0.88170000 -0.44720000
vn 0.14520000 -0.88260000 -0.44720000
vn 0.13990000 -0.88340000 -0.44720000
vn 0.13460000 -0.88420000 -0.44730000
vn 0.12930000 -0.88500000 -0.44720000
vn 0.13910000 -0.88360000 -0.44720000
vn 0.18290000 -0.87550000 -0.44720000
vn 0.16100000 -0.87980000 -0.44720000
vn 0.16100000 -0.87980000 -0.44720000
vn 0.16100000 -0.87980000 -0.44720000
vn 0.15000000 -0.88170000 -0.44730000
vn 0.15010000 -0.88180000 -0.44720000
vn 0.09490000 -0.88940000 -0.44720000
vn 0.11700000 -0.88670000 -0.44720000
vn 0.11700000 -0.88670000 -0.44720000
vn 0.18290000 -0.87550000 -0.44720000
vn 0.13910000 -0.88350000 -0.44720000
vn 0.16100000 -0.87980000 -0.44720000
vn 0.11700000 -0.88670000 -0.44720000
vn 0.12810000 -0.88520000 -0.44720000
vn 0.12810000 -0.88520000 -0.44720000
vn 0.09490000 -0.88940000 -0.44720000
vn 0.11700000 -0.88670000 -0.44720000
vn -0.89440000 -0.00000000 -0.44720000
vn -0.89190000 -0.06680000 -0.44720000
vn -0.88440000 -0.13330000 -0.44720000
vn -0.87200000 -0.19900000 -0.44720000
vn -0.85470000 -0.26360000 -0.44720000
vn -0.83260000 -0.32670000 -0.44720000
vn -0.80580000 -0.38810000 -0.44720000
vn -0.77460000 -0.44720000 -0.44720000
vn -0.73900000 -0.50390000 -0.44720000
vn -0.69930000 -0.55770000 -0.44720000
vn -0.65570000 -0.60840000 -0.44720000
vn -0.60840000 -0.65570000 -0.44720000
vn -0.55770000 -0.69930000 -0.44720000
vn -0.50380000 -0.73900000 -0.44720000
vn -0.44720000 -0.77460000 -0.44720000
vn -0.38810000 -0.80580000 -0.44720000
vn -0.32680000 -0.83260000 -0.44720000
vn -0.26360000 -0.85470000 -0.44720000
vn -0.19900000 -0.87200000 -0.44720000
vn -0.13330000 -0.88440000 -0.44720000
vn -0.06680000 -0.89190000 -0.44720000
vn -0.00000000 -0.89440000 -0.44720000
vn 0.06680000 -0.89190000 -0.44720000
vn 0.13330000 -0.88440000 -0.44720000
vn 0.19900000 -0.87200000 -0.44720000
vn 0.26360000 -0.85470000 -0.44720000
vn 0.32680000 -0.83260000 -0.44720000
vn 0.38810000 -0.80580000 -0.44720000
vn 0.44720000 -0.77460000 -0.44720000
vn 0.50380000 -0.73900000 -0.44720000
vn 0.55770000 -0.69930000 -0.44720000
vn 0.60840000 -0.65570000 -0.44720000
vn 0.65570000 -0.60840000 -0.44720000
vn 0.69930000 -0.55770000 -0.44720000
vn 0.73900000 -0.50380000 -0.44720000
vn 0.77460000 -0.44720000 -0.44720000
vn 0.80580000 -0.38810000 -0.44720000
vn 0.83260000 -0.32680000 -0.44720000
vn 0.85470000 -0.26360000 -0.44720000
vn 0.87200000 -0.19900000 -0.44720000
vn 0.88440000 -0.13330000 -0.44720000
vn 0.89190000 -0.06680000 -0.44720000
vn 0.89440000 -0.00000000 -0.44720000
vn 0.88940000 0.09490000 -0.44720000
vn 0.87550000 0.18290000 -0.44720000
vn 0.85300000 0.26910000 -0.44720000
vn 0.82200000 0.35280000 -0.44710000
vn 0.78300000 0.43230000 -0.44730000
vn 0.73750000 0.50610000 -0.44720000
vn 0.68510000 0.57510000 -0.44720000
vn 0.62620000 0.63870000 -0.44720000
vn 0.56140000 0.69630000 -0.44720000
vn 0.49140000 0.74730000 -0.44720000
vn 0.41670000 0.79140000 -0.44720000
vn 0.33820000 0.82800000 -0.44720000
vn 0.25650000 0.85690000 -0.44720000
vn 0.17240000 0.87770000 -0.44720000
vn 0.08130000 0.89070000 -0.44720000
vn -0.00000000 0.89440000 -0.44720000
vn -0.09490000 0.88940000 -0.44720000
vn -0.18290000 0.87550000 -0.44720000
vn -0.26910000 0.85300000 -0.44720000
vn -0.35270000 0.82200000 -0.44720000
vn -0.43230000 0.78300000 -0.44720000
vn -0.50610000 0.73750000 -0.44720000
vn -0.57510000 0.68510000 -0.44720000
vn -0.63870000 0.62620000 -0.44720000
vn -0.69630000 0.56140000 -0.44720000
vn -0.74740000 0.49140000 -0.44720000
vn -0.79140000 0.41680000 -0.44720000
vn -0.82800000 0.33820000 -0.44720000
vn -0.85690000 0.25640000 -0.44720000
vn -0.87770000 0.17240000 -0.44720000
vn -0.89070000 0.08130000 -0.44730000
vn 0.88640000 0.11940000 -0.44720000
vn 0.89170000 0.07020000 -0.44720000
vn -0.89440000 -0.00000000 -0.44720000
vn -0.89440000 -0.00000000 -0.44720000
vn 0.89440000 -0.00000000 -0.44720000
vn -0.89440000 0.00290000 -0.44720000
vn -0.89440000 0.00580000 -0.44720000
vn -0.89440000 0.00880000 -0.44720000
vn -0.89430000 0.01190000 -0.44720000
vn -0.89430000 0.01490000 -0.44720000
vn -0.89420000 0.01790000 -0.44720000
vn -0.89070000 0.08130000 -0.44720000
vn -0.89350000 0.04070000 -0.44720000
vn -0.89350000 0.04070000 -0.44720000
vn -0.89420000 0.02030000 -0.44720000
vn -0.89350000 0.04070000 -0.44720000
vn -0.89420000 0.02040000 -0.44720000
vn -0.89420000 0.02030000 -0.44720000
vn -0.89070000 0.08130000 -0.44720000
vn -0.89350000 0.04070000 -0.44720000
vn -0.89440000 0.01020000 -0.44720000
vn -0.89420000 0.02040000 -0.44720000
vn -0.89440000 0.01020000 -0.44720000
vn -0.89440000 0.01000000 -0.44710000
vn -0.89350000 0.04070000 -0.44730000
vn -0.89420000 0.02040000 -0.44720000
vn -0.89420000 0.02030000 -0.44720000
vn -0.89420000 0.02040000 -0.44720000
vn -0.89350000 0.04070000 -0.44720000
vn -0.89420000 0.02070000 -0.44720000
vn -0.89170000 0.07020000 -0.44720000
vn -0.88640000 0.11940000 -0.44720000
vn -0.88500000 0.12930000 -0.44720000
vn -0.88420000 0.13460000 -0.44720000
vn -0.88340000 0.13990000 -0.44720000
vn -0.88260000 0.14520000 -0.44720000
vn -0.88170000 0.15050000 -0.44720000
vn -0.87770000 0.17230000 -0.44720000
vn -0.88540000 0.12700000 -0.44720000
vn -0.88540000 0.12700000 -0.44720000
vn -0.87770000 0.17230000 -0.44720000
vn -0.88180000 0.14970000 -0.44720000
vn -0.88180000 0.14970000 -0.44720000
vn -0.85690000 0.25650000 -0.44720000
vn -0.86830000 0.21470000 -0.44720000
vn -0.86830000 0.21470000 -0.44720000
vn -0.87770000 0.17230000 -0.44720000
vn -0.88540000 0.12700000 -0.44720000
vn -0.88540000 0.12700000 -0.44720000
vn -0.88180000 0.14970000 -0.44720000
vn -0.88370000 0.13840000 -0.44720000
vn -0.88370000 0.13830000 -0.44720000
vn -0.88540000 0.12700000 -0.44720000
vn -0.87770000 0.17230000 -0.44720000
vn -0.88180000 0.14970000 -0.44720000
vn -0.88180000 0.14970000 -0.44720000
vn -0.85690000 0.25650000 -0.44720000
vn -0.86830000 0.21460000 -0.44720000
vn -0.89070000 0.08130000 -0.44720000
vn -0.88830000 0.10420000 -0.44720000
vn -0.88830000 0.10420000 -0.44720000
vn -0.88840000 0.10430000 -0.44720000
vn -0.87990000 0.16040000 -0.44720000
vn -0.86970000 0.20880000 -0.44720000
vn -0.85680000 0.25660000 -0.44720000
vn -0.85390000 0.26620000 -0.44720000
vn -0.85230000 0.27120000 -0.44720000
vn -0.85070000 0.27640000 -0.44720000
vn -0.84900000 0.28150000 -0.44720000
vn -0.84730000 0.28660000 -0.44720000
vn -0.82800000 0.33820000 -0.44720000
vn -0.84340000 0.29770000 -0.44720000
vn -0.84340000 0.29770000 -0.44720000
vn -0.85690000 0.25640000 -0.44720000
vn -0.84340000 0.29770000 -0.44720000
vn -0.85040000 0.27720000 -0.44720000
vn -0.82800000 0.33820000 -0.44720000
vn -0.84340000 0.29770000 -0.44720000
vn -0.84400000 0.29600000 -0.44720000
vn -0.82630000 0.34230000 -0.44720000
vn -0.80610000 0.38750000 -0.44720000
vn -0.80170000 0.39650000 -0.44720000
vn -0.79940000 0.40120000 -0.44720000
vn -0.79690000 0.40610000 -0.44720000
vn -0.79450000 0.41080000 -0.44720000
vn -0.79200000 0.41560000 -0.44720000
vn -0.81070000 0.37790000 -0.44720000
vn -0.81070000 0.37790000 -0.44720000
vn -0.81070000 0.37790000 -0.44720000
vn -0.80130000 0.39740000 -0.44720000
vn -0.74740000 0.49140000 -0.44720000
vn -0.77030000 0.45460000 -0.44720000
vn -0.77030000 0.45460000 -0.44720000
vn -0.79140000 0.41680000 -0.44720000
vn -0.81070000 0.37790000 -0.44720000
vn -0.78730000 0.42440000 -0.44720000
vn -0.76260000 0.46740000 -0.44720000
vn -0.73560000 0.50880000 -0.44720000
vn -0.72990000 0.51700000 -0.44720000
vn -0.72680000 0.52130000 -0.44720000
vn -0.72360000 0.52570000 -0.44720000
vn -0.72040000 0.53010000 -0.44720000
vn -0.71730000 0.53440000 -0.44720000
vn -0.69630000 0.56140000 -0.44720000
vn -0.72270000 0.52700000 -0.44720000
vn -0.74740000 0.49140000 -0.44720000
vn -0.73520000 0.50930000 -0.44720000
vn -0.73520000 0.50940000 -0.44720000
vn -0.73520000 0.50940000 -0.44720000
vn -0.74730000 0.49140000 -0.44720000
vn -0.69630000 0.56140000 -0.44720000
vn -0.72270000 0.52700000 -0.44720000
vn -0.70970000 0.54440000 -0.44720000
vn -0.69630000 0.56140000 -0.44720000
vn -0.70970000 0.54440000 -0.44720000
vn -0.70970000 0.54440000 -0.44720000
vn -0.66820000 0.59450000 -0.44720000
vn -0.66830000 0.59450000 -0.44720000
vn -0.71120000 0.54230000 -0.44720000
vn -0.68010000 0.58090000 -0.44720000
vn -0.64690000 0.61760000 -0.44720000
vn -0.64000000 0.62480000 -0.44720000
vn -0.63630000 0.62860000 -0.44720000
vn -0.63250000 0.63250000 -0.44720000
vn -0.62860000 0.63620000 -0.44720000
vn -0.62480000 0.64000000 -0.44720000
vn -0.66830000 0.59450000 -0.44720000
vn -0.65360000 0.61050000 -0.44720000
vn -0.65360000 0.61050000 -0.44720000
vn -0.65360000 0.61050000 -0.44730000
vn -0.57510000 0.68510000 -0.44720000
vn -0.60760000 0.65640000 -0.44720000
vn -0.60760000 0.65640000 -0.44720000
vn -0.63870000 0.62620000 -0.44720000
vn -0.66830000 0.59450000 -0.44720000
vn -0.60760000 0.65640000 -0.44720000
vn -0.62330000 0.64150000 -0.44720000
vn -0.62330000 0.64150000 -0.44720000
vn -0.57510000 0.68510000 -0.44720000
vn -0.60760000 0.65640000 -0.44720000
vn -0.61760000 0.64690000 -0.44720000
vn -0.58090000 0.68010000 -0.44720000
vn -0.54240000 0.71120000 -0.44720000
vn -0.53440000 0.71720000 -0.44720000
vn -0.53010000 0.72040000 -0.44720000
vn -0.52570000 0.72360000 -0.44730000
vn -0.52130000 0.72680000 -0.44720000
vn -0.51700000 0.72980000 -0.44720000
vn -0.50610000 0.73750000 -0.44720000
vn -0.54120000 0.71210000 -0.44720000
vn -0.54120000 0.71210000 -0.44720000
vn -0.54120000 0.71210000 -0.44720000
vn -0.50600000 0.73750000 -0.44720000
vn -0.52380000 0.72500000 -0.44720000
vn -0.43230000 0.78300000 -0.44720000
vn -0.46970000 0.76110000 -0.44720000
vn -0.46970000 0.76120000 -0.44720000
vn -0.50610000 0.73750000 -0.44720000
vn -0.54120000 0.71210000 -0.44720000
vn -0.50880000 0.73560000 -0.44720000
vn -0.46730000 0.76260000 -0.44720000
vn -0.42440000 0.78730000 -0.44720000
vn -0.41560000 0.79200000 -0.44720000
vn -0.41090000 0.79450000 -0.44720000
vn -0.40600000 0.79690000 -0.44720000
vn -0.40120000 0.79940000 -0.44720000
vn -0.39650000 0.80170000 -0.44720000
vn -0.35270000 0.82200000 -0.44720000
vn -0.39300000 0.80350000 -0.44720000
vn -0.43230000 0.78300000 -0.44720000
vn -0.41280000 0.79350000 -0.44720000
vn -0.43230000 0.78300000 -0.44720000
vn -0.35270000 0.82200000 -0.44720000
vn -0.39300000 0.80350000 -0.44720000
vn -0.38750000 0.80610000 -0.44720000
vn -0.34230000 0.82630000 -0.44720000
vn -0.29600000 0.84400000 -0.44720000
vn -0.28660000 0.84730000 -0.44720000
vn -0.28150000 0.84900000 -0.44720000
vn -0.27640000 0.85060000 -0.44720000
vn -0.27130000 0.85230000 -0.44720000
vn -0.26620000 0.85390000 -0.44720000
vn -0.31130000 0.83850000 -0.44720000
vn -0.31120000 0.83850000 -0.44720000
vn -0.31130000 0.83850000 -0.44720000
vn -0.29030000 0.84600000 -0.44720000
vn -0.29030000 0.84600000 -0.44720000
vn -0.18290000 0.87550000 -0.44720000
vn -0.22630000 0.86530000 -0.44720000
vn -0.22630000 0.86530000 -0.44720000
vn -0.26910000 0.85300000 -0.44720000
vn -0.31130000 0.83850000 -0.44720000
vn -0.24780000 0.85940000 -0.44720000
vn -0.22630000 0.86530000 -0.44720000
vn -0.24780000 0.85940000 -0.44720000
vn -0.24790000 0.85940000 -0.44710000
vn -0.18290000 0.87550000 -0.44720000
vn -0.22630000 0.86530000 -0.44720000
vn -0.25660000 0.85680000 -0.44720000
vn -0.20880000 0.86970000 -0.44720000
vn -0.16040000 0.87990000 -0.44720000
vn -0.15050000 0.88170000 -0.44720000
vn -0.14530000 0.88250000 -0.44720000
vn -0.13990000 0.88340000 -0.44720000
vn -0.13460000 0.88420000 -0.44720000
vn -0.12930000 0.88500000 -0.44720000
vn -0.09490000 0.88940000 -0.44720000
vn -0.13910000 0.88360000 -0.44720000
vn -0.18290000 0.87550000 -0.44720000
vn -0.16100000 0.87980000 -0.44720000
vn -0.16100000 0.87980000 -0.44720000
vn -0.16110000 0.87980000 -0.44720000
vn -0.09490000 0.88940000 -0.44720000
vn -0.13910000 0.88350000 -0.44720000
vn -0.11700000 0.88670000 -0.44720000
vn -0.09490000 0.88940000 -0.44720000
vn -0.11700000 0.88670000 -0.44720000
vn -0.11700000 0.88670000 -0.44720000
vn -0.04750000 0.89320000 -0.44720000
vn -0.04750000 0.89320000 -0.44720000
vn -0.11940000 0.88640000 -0.44720000
vn -0.07020000 0.89170000 -0.44720000
vn -0.02070000 0.89420000 -0.44720000
vn -0.01070000 0.89440000 -0.44720000
vn -0.00540000 0.89440000 -0.44720000
vn -0.00000000 0.89440000 -0.44720000
vn 0.00540000 0.89440000 -0.44720000
vn 0.01070000 0.89440000 -0.44720000
vn -0.04750000 0.89320000 -0.44720000
vn -0.02380000 0.89410000 -0.44720000
vn -0.02380000 0.89410000 -0.44720000
vn -0.02380000 0.89410000 -0.44720000
vn 0.08130000 0.89070000 -0.44720000
vn 0.04070000 0.89350000 -0.44720000
vn 0.04070000 0.89350000 -0.44720000
vn -0.00000000 0.89440000 -0.44720000
vn -0.04750000 0.89320000 -0.44720000
vn -0.02380000 0.89410000 -0.44720000
vn -0.01190000 0.89440000 -0.44720000
vn -0.00000000 0.89440000 -0.44720000
vn -0.01190000 0.89440000 -0.44720000
vn -0.01190000 0.89430000 -0.44720000
vn 0.02030000 0.89420000 -0.44720000
vn 0.04070000 0.89350000 -0.44720000
vn 0.02030000 0.89420000 -0.44720000
vn 0.02030000 0.89420000 -0.44720000
vn 0.08130000 0.89070000 -0.44720000
vn 0.04070000 0.89350000 -0.44720000
vn -0.04750000 0.89320000 -0.44720000
vn -0.00000000 0.89440000 -0.44720000
vn -0.02380000 0.89410000 -0.44720000
vn -0.02380000 0.89410000 -0.44720000
vn 0.02070000 0.89420000 -0.44720000
vn 0.07020000 0.89170000 -0.44720000
vn 0.11940000 0.88640000 -0.44720000
vn 0.12930000 0.88500000 -0.44720000
vn 0.13450000 0.88430000 -0.44720000
vn 0.13990000 0.88340000 -0.44720000
vn 0.14520000 0.88260000 -0.44720000
vn 0.15050000 0.88170000 -0.44720000
vn 0.17230000 0.87770000 -0.44720000
vn 0.12700000 0.88540000 -0.44720000
vn 0.12700000 0.88540000 -0.44720000
vn 0.17230000 0.87770000 -0.44720000
vn 0.14970000 0.88180000 -0.44720000
vn 0.14970000 0.88180000 -0.44720000
vn 0.25640000 0.85690000 -0.44720000
vn 0.21460000 0.86830000 -0.44720000
vn 0.21470000 0.86830000 -0.44720000
vn 0.17230000 0.87770000 -0.44720000
vn 0.12700000 0.88540000 -0.44720000
vn 0.12700000 0.88540000 -0.44720000
vn 0.14970000 0.88180000 -0.44720000
vn 0.13840000 0.88370000 -0.44720000
vn 0.13840000 0.88370000 -0.44720000
vn 0.12700000 0.88540000 -0.44720000
vn 0.17230000 0.87770000 -0.44720000
vn 0.14970000 0.88180000 -0.44720000
vn 0.14970000 0.88180000 -0.44720000
vn 0.25650000 0.85690000 -0.44720000
vn 0.21460000 0.86830000 -0.44720000
vn 0.08130000 0.89070000 -0.44720000
vn 0.10420000 0.88830000 -0.44720000
vn 0.10420000 0.88830000 -0.44720000
vn 0.10430000 0.88840000 -0.44720000
vn 0.16040000 0.87990000 -0.44720000
vn 0.20880000 0.86970000 -0.44720000
vn 0.25660000 0.85680000 -0.44720000
vn 0.26620000 0.85390000 -0.44720000
vn 0.27120000 0.85230000 -0.44720000
vn 0.27640000 0.85070000 -0.44720000
vn 0.28150000 0.84900000 -0.44720000
vn 0.28660000 0.84730000 -0.44720000
vn 0.33820000 0.82800000 -0.44720000
vn 0.29770000 0.84340000 -0.44720000
vn 0.29770000 0.84340000 -0.44720000
vn 0.25650000 0.85690000 -0.44720000
vn 0.29770000 0.84340000 -0.44720000
vn 0.27720000 0.85040000 -0.44720000
vn 0.33820000 0.82800000 -0.44720000
vn 0.29770000 0.84340000 -0.44720000
vn 0.29600000 0.84400000 -0.44720000
vn 0.34230000 0.82630000 -0.44720000
vn 0.38750000 0.80610000 -0.44720000
vn 0.39650000 0.80180000 -0.44720000
vn 0.40120000 0.79940000 -0.44720000
vn 0.40610000 0.79690000 -0.44720000
vn 0.41090000 0.79450000 -0.44720000
vn 0.41560000 0.79200000 -0.44720000
vn 0.37790000 0.81070000 -0.44720000
vn 0.37790000 0.81070000 -0.44720000
vn 0.37790000 0.81070000 -0.44720000
vn 0.39740000 0.80130000 -0.44720000
vn 0.49140000 0.74740000 -0.44720000
vn 0.45460000 0.77030000 -0.44720000
vn 0.45460000 0.77030000 -0.44720000
vn 0.41680000 0.79140000 -0.44720000
vn 0.37790000 0.81070000 -0.44720000
vn 0.42440000 0.78730000 -0.44720000
vn 0.46730000 0.76260000 -0.44720000
vn 0.50880000 0.73560000 -0.44720000
vn 0.51700000 0.72990000 -0.44720000
vn 0.52140000 0.72680000 -0.44720000
vn 0.52570000 0.72360000 -0.44720000
vn 0.53010000 0.72040000 -0.44720000
vn 0.53440000 0.71720000 -0.44720000
vn 0.56140000 0.69630000 -0.44720000
vn 0.52700000 0.72270000 -0.44720000
vn 0.49140000 0.74740000 -0.44720000
vn 0.50930000 0.73520000 -0.44720000
vn 0.50940000 0.73520000 -0.44720000
vn 0.50930000 0.73520000 -0.44720000
vn 0.49140000 0.74730000 -0.44720000
vn 0.56140000 0.69630000 -0.44720000
vn 0.52700000 0.72270000 -0.44720000
vn 0.54440000 0.70970000 -0.44720000
vn 0.56140000 0.69630000 -0.44720000
vn 0.54440000 0.70970000 -0.44720000
vn 0.54440000 0.70970000 -0.44720000
vn 0.59450000 0.66830000 -0.44720000
vn 0.59450000 0.66830000 -0.44720000
vn 0.54240000 0.71120000 -0.44720000
vn 0.58090000 0.68010000 -0.44720000
vn 0.61760000 0.64690000 -0.44720000
vn 0.62480000 0.64000000 -0.44720000
vn 0.62860000 0.63630000 -0.44720000
vn 0.63240000 0.63240000 -0.44720000
vn 0.63620000 0.62860000 -0.44720000
vn 0.64000000 0.62480000 -0.44720000
vn 0.59450000 0.66820000 -0.44720000
vn 0.61050000 0.65370000 -0.44720000
vn 0.61050000 0.65370000 -0.44720000
vn 0.61050000 0.65360000 -0.44730000
vn 0.68510000 0.57510000 -0.44720000
vn 0.65640000 0.60760000 -0.44720000
vn 0.65640000 0.60760000 -0.44720000
vn 0.62620000 0.63870000 -0.44720000
vn 0.59450000 0.66830000 -0.44720000
vn 0.65640000 0.60760000 -0.44720000
vn 0.64150000 0.62330000 -0.44720000
vn 0.64150000 0.62330000 -0.44720000
vn 0.68500000 0.57510000 -0.44720000
vn 0.65640000 0.60760000 -0.44720000
vn 0.64690000 0.61760000 -0.44720000
vn 0.68010000 0.58090000 -0.44720000
vn 0.71120000 0.54230000 -0.44720000
vn 0.71720000 0.53440000 -0.44720000
vn 0.72040000 0.53010000 -0.44720000
vn 0.72360000 0.52570000 -0.44720000
vn 0.72680000 0.52130000 -0.44720000
vn 0.72990000 0.51700000 -0.44720000
vn 0.73750000 0.50600000 -0.44720000
vn 0.71210000 0.54120000 -0.44720000
vn 0.71210000 0.54120000 -0.44720000
vn 0.71210000 0.54120000 -0.44720000
vn 0.73750000 0.50610000 -0.44720000
vn 0.72500000 0.52380000 -0.44720000
vn 0.78300000 0.43230000 -0.44720000
vn 0.76110000 0.46970000 -0.44720000
vn 0.76120000 0.46970000 -0.44720000
vn 0.73750000 0.50610000 -0.44720000
vn 0.71210000 0.54120000 -0.44720000
vn 0.73560000 0.50880000 -0.44720000
vn 0.76260000 0.46730000 -0.44720000
vn 0.78730000 0.42440000 -0.44720000
vn 0.79200000 0.41560000 -0.44720000
vn 0.79450000 0.41090000 -0.44720000
vn 0.79690000 0.40610000 -0.44720000
vn 0.79940000 0.40120000 -0.44720000
vn 0.80170000 0.39650000 -0.44720000
vn 0.82200000 0.35260000 -0.44720000
vn 0.80350000 0.39300000 -0.44720000
vn 0.78300000 0.43230000 -0.44720000
vn 0.79350000 0.41280000 -0.44720000
vn 0.78300000 0.43230000 -0.44720000
vn 0.82200000 0.35260000 -0.44720000
vn 0.80350000 0.39300000 -0.44720000
vn 0.80610000 0.38750000 -0.44720000
vn 0.82630000 0.34230000 -0.44720000
vn 0.84400000 0.29600000 -0.44720000
vn 0.84730000 0.28650000 -0.44720000
vn 0.84900000 0.28150000 -0.44720000
vn 0.85060000 0.27640000 -0.44720000
vn 0.85230000 0.27130000 -0.44720000
vn 0.85390000 0.26620000 -0.44720000
vn 0.83850000 0.31130000 -0.44720000
vn 0.83850000 0.31130000 -0.44720000
vn 0.83850000 0.31130000 -0.44720000
vn 0.84600000 0.29030000 -0.44720000
vn 0.84600000 0.29030000 -0.44720000
vn 0.87550000 0.18290000 -0.44720000
vn 0.86530000 0.22630000 -0.44720000
vn 0.86530000 0.22630000 -0.44720000
vn 0.85300000 0.26910000 -0.44720000
vn 0.83850000 0.31130000 -0.44720000
vn 0.85940000 0.24780000 -0.44720000
vn 0.86530000 0.22630000 -0.44720000
vn 0.85940000 0.24780000 -0.44720000
vn 0.85940000 0.24780000 -0.44710000
vn 0.87550000 0.18290000 -0.44720000
vn 0.86530000 0.22630000 -0.44720000
vn 0.85680000 0.25660000 -0.44720000
vn 0.86970000 0.20880000 -0.44720000
vn 0.87990000 0.16030000 -0.44720000
vn 0.88170000 0.15050000 -0.44720000
vn 0.88260000 0.14530000 -0.44720000
vn 0.88340000 0.13990000 -0.44720000
vn 0.88420000 0.13460000 -0.44720000
vn 0.88500000 0.12930000 -0.44720000
vn 0.88940000 0.09490000 -0.44720000
vn 0.88360000 0.13910000 -0.44720000
vn 0.87550000 0.18290000 -0.44720000
vn 0.87980000 0.16110000 -0.44720000
vn 0.87980000 0.16100000 -0.44720000
vn 0.87980000 0.16100000 -0.44720000
vn 0.88940000 0.09490000 -0.44720000
vn 0.88360000 0.13910000 -0.44720000
vn 0.88670000 0.11700000 -0.44720000
vn 0.88940000 0.09490000 -0.44720000
vn 0.88670000 0.11700000 -0.44720000
vn 0.88670000 0.11700000 -0.44720000
vn 0.89320000 0.04750000 -0.44720000
vn 0.89320000 0.04750000 -0.44720000
vn 0.89420000 0.02070000 -0.44720000
vn 0.89420000 0.01790000 -0.44720000
vn 0.89430000 0.01490000 -0.44720000
vn 0.89430000 0.01180000 -0.44720000
vn 0.89440000 0.00880000 -0.44730000
vn 0.89440000 0.00580000 -0.44720000
vn 0.89440000 0.00290000 -0.44720000
vn 0.89320000 0.04750000 -0.44720000
vn 0.89410000 0.02380000 -0.44720000
vn 0.89410000 0.02370000 -0.44720000
vn 0.89410000 0.02380000 -0.44720000
vn 0.89320000 0.04750000 -0.44720000
vn 0.89410000 0.02370000 -0.44720000
vn 0.89410000 0.02370000 -0.44720000
vn 0.89320000 0.04750000 -0.44720000
vn 0.89410000 0.02380000 -0.44720000
vn 0.89440000 0.01190000 -0.44720000
vn 0.89430000 0.01190000 -0.44720000
vn 0.89410000 0.02380000 -0.44720000
vn 0.89440000 0.01190000 -0.44720000
vn 0.89430000 0.01210000 -0.44740000
vn 0.89320000 0.04750000 -0.44720000
vn 0.89410000 0.02380000 -0.44720000
vn 0.89410000 0.02380000 -0.44720000
vn 0.89190000 0.06680000 -0.44720000
vn 0.88440000 0.13330000 -0.44720000
vn 0.87200000 0.19900000 -0.44720000
vn 0.85470000 0.26360000 -0.44720000
vn 0.83260000 0.32680000 -0.44720000
vn 0.80580000 0.38810000 -0.44720000
vn 0.77460000 0.44720000 -0.44720000
vn 0.73900000 0.50390000 -0.44720000
vn 0.69930000 0.55770000 -0.44720000
vn 0.65570000 0.60840000 -0.44720000
vn 0.60840000 0.65570000 -0.44720000
vn 0.55770000 0.69930000 -0.44720000
vn 0.50390000 0.73900000 -0.44720000
vn 0.44720000 0.77460000 -0.44720000
vn 0.38810000 0.80590000 -0.44720000
vn 0.32670000 0.83260000 -0.44720000
vn 0.26360000 0.85470000 -0.44720000
vn 0.19900000 0.87200000 -0.44720000
vn 0.13330000 0.88440000 -0.44720000
vn 0.06680000 0.89190000 -0.44720000
vn -0.00000000 0.89440000 -0.44720000
vn -0.06680000 0.89190000 -0.44720000
vn -0.13330000 0.88440000 -0.44720000
vn -0.19900000 0.87200000 -0.44720000
vn -0.26360000 0.85470000 -0.44720000
vn -0.32680000 0.83260000 -0.44720000
vn -0.38810000 0.80590000 -0.44720000
vn -0.44720000 0.77460000 -0.44720000
vn -0.50380000 0.73900000 -0.44720000
vn -0.55770000 0.69930000 -0.44720000
vn -0.60840000 0.65570000 -0.44720000
vn -0.65570000 0.60840000 -0.44720000
vn -0.69930000 0.55770000 -0.44720000
vn -0.73900000 0.50380000 -0.44720000
vn -0.77460000 0.44720000 -0.44720000
vn -0.80590000 0.38810000 -0.44720000
vn -0.83260000 0.32670000 -0.44720000
vn -0.85470000 0.26360000 -0.44720000
vn -0.87200000 0.19900000 -0.44720000
vn -0.88440000 0.13330000 -0.44720000
vn -0.89190000 0.06680000 -0.44720000
vn 0.98620000 -0.16530000 -0.00000000
vn 0.98620000 -0.16530000 -0.00000000
vn 0.98770000 0.15640000 -0.00000000
vn 0.98770000 0.15650000 -0.00000000
vn 0.88660000 0.46250000 -0.00000000
vn 0.88660000 0.46250000 -0.00000000
vn 0.70450000 0.70970000 -0.00000000
vn 0.70450000 0.70970000 -0.00000000
vn 0.70450000 0.70970000 -0.00000000
vn 0.70450000 0.70970000 -0.00000000
vn 0.70450000 0.70970000 -0.00000000
vn 0.88930000 -0.45720000 -0.00000000
vn 0.98870000 -0.14990000 -0.00000000
vn 1.00000000 0.00440000 -0.00000000
vn 0.98770000 0.15630000 -0.00000000
vn 0.95250000 0.30460000 -0.00000000
vn 0.89410000 0.44780000 -0.00000000
vn 0.98770000 0.15630000 -0.00000000
vn 1.00000000 -0.00450000 -0.00000000
vn 0.98620000 -0.16530000 -0.00000000
vn 1.00000000 -0.00450000 -0.00000000
vn 1.00000000 -0.00450000 -0.00000000
vn 0.99640000 -0.08500000 -0.00010000
vn 0.98620000 -0.16530000 -0.00000000
vn 0.99640000 -0.08520000 -0.00000000
vn 0.94910000 -0.31510000 -0.00000000
vn 0.94910000 -0.31500000 -0.00000000
vn 0.98770000 0.15640000 -0.00000000
vn 0.99710000 0.07620000 -0.00010000
vn 0.99710000 0.07620000 -0.00000000
vn 0.88660000 0.46250000 -0.00000000
vn 0.94960000 0.31360000 -0.00010000
vn 0.94950000 0.31380000 -0.00000000
vn 0.94960000 0.31360000 -0.00000000
vn 0.97180000 0.23570000 -0.00010000
vn 0.97180000 0.23580000 -0.00000000
vn 0.88660000 0.46250000 -0.00000000
vn 0.92110000 0.38930000 -0.00010000
vn 0.92110000 0.38940000 -0.00000000
vn 0.80510000 0.59320000 -0.00000000
vn 0.80510000 0.59320000 -0.00000000
vn 0.88930000 -0.45730000 -0.00000000
vn 0.88930000 -0.45730000 -0.00000000
vn 0.88930000 -0.45730000 -0.00000000
vn 0.88930000 -0.45730000 -0.00000000
vn 0.89260000 0.45080000 -0.00000000
vn 0.98840000 0.15160000 -0.00000000
vn 0.98700000 -0.16060000 -0.00000000
vn 0.88660000 0.46260000 -0.00000000
vn 0.80510000 0.59310000 -0.00000000
vn 0.80510000 0.59310000 -0.00000000
vn 0.98770000 0.15640000 -0.00010000
vn 0.94960000 0.31350000 -0.00000000
vn 0.94960000 0.31360000 -0.00000000
vn 0.98620000 -0.16530000 -0.00000000
vn 1.00000000 -0.00440000 -0.00000000
vn 1.00000000 -0.00450000 -0.00000000
vn 0.94910000 -0.31500000 -0.00000000
vn 0.94910000 -0.31500000 -0.00000000
vn -0.55470000 -0.00000000 0.83200000
vn 0.55470000 -0.00000000 0.83200000
vn 0.55450000 0.01280000 0.83210000
vn 0.55300000 0.04350000 0.83200000
vn 0.54970000 0.07400000 0.83200000
vn 0.54890000 0.08010000 0.83210000
vn 0.54780000 0.08690000 0.83210000
vn 0.54670000 0.09350000 0.83210000
vn 0.55240000 0.05040000 0.83210000
vn 0.54430000 0.10690000 0.83200000
vn 0.54910000 0.07870000 0.83210000
vn 0.55240000 0.05040000 0.83200000
vn 0.54900000 0.07870000 0.83210000
vn 0.55090000 0.06460000 0.83200000
vn 0.55090000 0.06460000 0.83200000
vn 0.55410000 0.02520000 0.83210000
vn 0.54430000 0.10690000 0.83200000
vn 0.54690000 0.09280000 0.83200000
vn 0.54680000 0.09310000 0.83210000
vn 0.53140000 0.15900000 0.83200000
vn 0.54570000 0.09940000 0.83210000
vn 0.53940000 0.12950000 0.83210000
vn 0.53140000 0.15910000 0.83210000
vn 0.52960000 0.16510000 0.83200000
vn 0.52750000 0.17150000 0.83200000
vn 0.52530000 0.17790000 0.83210000
vn 0.52310000 0.18460000 0.83210000
vn 0.53140000 0.15910000 0.83200000
vn 0.52310000 0.18460000 0.83210000
vn 0.52740000 0.17190000 0.83210000
vn 0.52730000 0.17190000 0.83210000
vn 0.52340000 0.18360000 0.83210000
vn 0.51250000 0.21230000 0.83210000
vn 0.49990000 0.24030000 0.83200000
vn 0.49720000 0.24590000 0.83200000
vn 0.49420000 0.25190000 0.83210000
vn 0.49110000 0.25790000 0.83210000
vn 0.49080000 0.25850000 0.83200000
vn 0.50280000 0.23440000 0.83200000
vn 0.50280000 0.23440000 0.83200000
vn 0.49080000 0.25860000 0.83200000
vn 0.49690000 0.24650000 0.83210000
vn 0.49700000 0.24630000 0.83200000
vn 0.46350000 0.30480000 0.83210000
vn 0.47770000 0.28190000 0.83210000
vn 0.47770000 0.28190000 0.83200000
vn 0.48440000 0.27030000 0.83210000
vn 0.48440000 0.27030000 0.83200000
vn 0.48830000 0.26320000 0.83210000
vn 0.47300000 0.28980000 0.83210000
vn 0.45620000 0.31560000 0.83200000
vn 0.45260000 0.32060000 0.83210000
vn 0.44870000 0.32610000 0.83210000
vn 0.44470000 0.33150000 0.83200000
vn 0.43180000 0.34820000 0.83200000
vn 0.44820000 0.32690000 0.83210000
vn 0.46350000 0.30480000 0.83210000
vn 0.44820000 0.32680000 0.83210000
vn 0.45600000 0.31580000 0.83210000
vn 0.45600000 0.31590000 0.83210000
vn 0.43180000 0.34820000 0.83200000
vn 0.44010000 0.33760000 0.83200000
vn 0.44010000 0.33760000 0.83200000
vn 0.39610000 0.38830000 0.83210000
vn 0.41440000 0.36870000 0.83210000
vn 0.44110000 0.33630000 0.83210000
vn 0.42180000 0.36010000 0.83210000
vn 0.40120000 0.38300000 0.83210000
vn 0.39690000 0.38750000 0.83210000
vn 0.39210000 0.39230000 0.83210000
vn 0.38740000 0.39700000 0.83210000
vn 0.41440000 0.36870000 0.83210000
vn 0.39620000 0.38820000 0.83210000
vn 0.40540000 0.37860000 0.83210000
vn 0.40540000 0.37860000 0.83200000
vn 0.35660000 0.42490000 0.83200000
vn 0.37680000 0.40710000 0.83210000
vn 0.37680000 0.40710000 0.83200000
vn 0.38660000 0.39780000 0.83210000
vn 0.38650000 0.39800000 0.83200000
vn 0.38310000 0.40120000 0.83200000
vn 0.36030000 0.42180000 0.83200000
vn 0.33640000 0.44110000 0.83200000
vn 0.33130000 0.44480000 0.83210000
vn 0.32600000 0.44880000 0.83200000
vn 0.32050000 0.45270000 0.83200000
vn 0.31380000 0.45740000 0.83210000
vn 0.33560000 0.44170000 0.83210000
vn 0.35670000 0.42480000 0.83200000
vn 0.33560000 0.44160000 0.83210000
vn 0.34620000 0.43340000 0.83200000
vn 0.34620000 0.43340000 0.83210000
vn 0.31380000 0.45740000 0.83200000
vn 0.32480000 0.44960000 0.83200000
vn 0.32480000 0.44960000 0.83210000
vn 0.26810000 0.48560000 0.83210000
vn 0.31560000 0.45620000 0.83210000
vn 0.28980000 0.47290000 0.83210000
vn 0.26320000 0.48830000 0.83200000
vn 0.25780000 0.49120000 0.83210000
vn 0.25170000 0.49430000 0.83210000
vn 0.24570000 0.49730000 0.83200000
vn 0.21870000 0.50980000 0.83200000
vn 0.24370000 0.49830000 0.83200000
vn 0.26810000 0.48560000 0.83200000
vn 0.24350000 0.49790000 0.83230000
vn 0.25600000 0.49210000 0.83200000
vn 0.25600000 0.49200000 0.83210000
vn 0.21870000 0.50980000 0.83210000
vn 0.23130000 0.50420000 0.83210000
vn 0.23130000 0.50420000 0.83210000
vn 0.16690000 0.52900000 0.83200000
vn 0.19300000 0.52000000 0.83200000
vn 0.24030000 0.49990000 0.83200000
vn 0.21230000 0.51250000 0.83200000
vn 0.18360000 0.52340000 0.83200000
vn 0.17770000 0.52550000 0.83200000
vn 0.17140000 0.52750000 0.83210000
vn 0.16500000 0.52960000 0.83200000
vn 0.19300000 0.52000000 0.83210000
vn 0.16680000 0.52890000 0.83210000
vn 0.18000000 0.52470000 0.83210000
vn 0.18000000 0.52450000 0.83220000
vn 0.11340000 0.54300000 0.83210000
vn 0.14030000 0.53670000 0.83210000
vn 0.14030000 0.53670000 0.83200000
vn 0.15370000 0.53290000 0.83210000
vn 0.15360000 0.53300000 0.83200000
vn 0.15910000 0.53140000 0.83200000
vn 0.12940000 0.53930000 0.83210000
vn 0.09950000 0.54570000 0.83200000
vn 0.09340000 0.54680000 0.83210000
vn 0.08670000 0.54790000 0.83200000
vn 0.08000000 0.54890000 0.83210000
vn 0.05880000 0.55160000 0.83210000
vn 0.08620000 0.54790000 0.83210000
vn 0.11340000 0.54300000 0.83200000
vn 0.08620000 0.54790000 0.83210000
vn 0.09990000 0.54570000 0.83200000
vn 0.10000000 0.54550000 0.83210000
vn 0.05890000 0.55160000 0.83210000
vn 0.07260000 0.54990000 0.83210000
vn 0.07250000 0.54990000 0.83210000
vn -0.00000000 0.55470000 0.83200000
vn 0.02950000 0.55390000 0.83210000
vn 0.07410000 0.54970000 0.83200000
vn 0.04350000 0.55290000 0.83210000
vn 0.01290000 0.55460000 0.83200000
vn 0.00670000 0.55460000 0.83210000
vn -0.00010000 0.55470000 0.83200000
vn -0.00680000 0.55450000 0.83220000
vn 0.02950000 0.55390000 0.83200000
vn -0.00010000 0.55470000 0.83200000
vn 0.01470000 0.55450000 0.83210000
vn 0.01500000 0.55450000 0.83210000
vn -0.05040000 0.55240000 0.83210000
vn -0.02530000 0.55410000 0.83210000
vn -0.02520000 0.55410000 0.83210000
vn -0.01260000 0.55450000 0.83210000
vn -0.01260000 0.55460000 0.83200000
vn -0.01290000 0.55460000 0.83200000
vn -0.04350000 0.55300000 0.83200000
vn -0.07410000 0.54970000 0.83200000
vn -0.08020000 0.54890000 0.83210000
vn -0.08690000 0.54790000 0.83200000
vn -0.09360000 0.54670000 0.83210000
vn -0.10690000 0.54430000 0.83210000
vn -0.07880000 0.54910000 0.83210000
vn -0.05040000 0.55240000 0.83200000
vn -0.07870000 0.54900000 0.83210000
vn -0.06470000 0.55090000 0.83210000
vn -0.06460000 0.55090000 0.83210000
vn -0.10690000 0.54430000 0.83200000
vn -0.09280000 0.54690000 0.83210000
vn -0.09320000 0.54680000 0.83210000
vn -0.15910000 0.53140000 0.83200000
vn -0.09950000 0.54570000 0.83200000
vn -0.12950000 0.53940000 0.83200000
vn -0.15920000 0.53140000 0.83210000
vn -0.16500000 0.52950000 0.83210000
vn -0.17150000 0.52750000 0.83210000
vn -0.17790000 0.52540000 0.83210000
vn -0.18460000 0.52310000 0.83200000
vn -0.15900000 0.53140000 0.83210000
vn -0.18460000 0.52310000 0.83210000
vn -0.17190000 0.52740000 0.83210000
vn -0.17190000 0.52740000 0.83210000
vn -0.18360000 0.52340000 0.83210000
vn -0.21230000 0.51250000 0.83210000
vn -0.24030000 0.49990000 0.83200000
vn -0.24580000 0.49720000 0.83210000
vn -0.25190000 0.49420000 0.83200000
vn -0.25790000 0.49110000 0.83210000
vn -0.25840000 0.49080000 0.83210000
vn -0.23430000 0.50270000 0.83210000
vn -0.23440000 0.50280000 0.83200000
vn -0.25860000 0.49080000 0.83200000
vn -0.24650000 0.49690000 0.83200000
vn -0.24630000 0.49710000 0.83200000
vn -0.30470000 0.46350000 0.83210000
vn -0.28190000 0.47770000 0.83210000
vn -0.28190000 0.47770000 0.83200000
vn -0.27030000 0.48440000 0.83200000
vn -0.27030000 0.48440000 0.83210000
vn -0.26320000 0.48830000 0.83200000
vn -0.28980000 0.47300000 0.83200000
vn -0.31560000 0.45620000 0.83210000
vn -0.32060000 0.45260000 0.83210000
vn -0.32610000 0.44870000 0.83200000
vn -0.33150000 0.44470000 0.83200000
vn -0.34820000 0.43180000 0.83210000
vn -0.32680000 0.44820000 0.83210000
vn -0.30480000 0.46350000 0.83210000
vn -0.32680000 0.44820000 0.83210000
vn -0.31590000 0.45600000 0.83200000
vn -0.31580000 0.45590000 0.83210000
vn -0.34820000 0.43180000 0.83210000
vn -0.33770000 0.44000000 0.83210000
vn -0.33770000 0.44010000 0.83210000
vn -0.38830000 0.39610000 0.83210000
vn -0.36870000 0.41440000 0.83210000
vn -0.33640000 0.44110000 0.83200000
vn -0.36020000 0.42180000 0.83210000
vn -0.38300000 0.40120000 0.83200000
vn -0.38750000 0.39690000 0.83210000
vn -0.39230000 0.39220000 0.83200000
vn -0.39700000 0.38740000 0.83210000
vn -0.36870000 0.41440000 0.83210000
vn -0.38820000 0.39620000 0.83210000
vn -0.37860000 0.40540000 0.83210000
vn -0.37860000 0.40540000 0.83200000
vn -0.42480000 0.35660000 0.83210000
vn -0.40710000 0.37680000 0.83210000
vn -0.40710000 0.37680000 0.83200000
vn -0.39760000 0.38670000 0.83210000
vn -0.39790000 0.38650000 0.83200000
vn -0.40120000 0.38300000 0.83210000
vn -0.42180000 0.36030000 0.83200000
vn -0.44110000 0.33630000 0.83210000
vn -0.44480000 0.33140000 0.83210000
vn -0.44880000 0.32600000 0.83210000
vn -0.45270000 0.32050000 0.83200000
vn -0.45740000 0.31390000 0.83210000
vn -0.44160000 0.33560000 0.83210000
vn -0.42490000 0.35670000 0.83200000
vn -0.44120000 0.33560000 0.83230000
vn -0.43340000 0.34620000 0.83210000
vn -0.43340000 0.34620000 0.83210000
vn -0.45740000 0.31380000 0.83200000
vn -0.44960000 0.32480000 0.83210000
vn -0.44960000 0.32490000 0.83210000
vn -0.48560000 0.26810000 0.83210000
vn -0.45620000 0.31560000 0.83210000
vn -0.47290000 0.28980000 0.83210000
vn -0.48830000 0.26320000 0.83200000
vn -0.49120000 0.25780000 0.83210000
vn -0.49430000 0.25170000 0.83210000
vn -0.49730000 0.24570000 0.83200000
vn -0.50970000 0.21870000 0.83210000
vn -0.49830000 0.24340000 0.83210000
vn -0.48560000 0.26810000 0.83200000
vn -0.49810000 0.24360000 0.83220000
vn -0.49210000 0.25600000 0.83210000
vn -0.49200000 0.25600000 0.83210000
vn -0.50980000 0.21870000 0.83200000
vn -0.50420000 0.23130000 0.83210000
vn -0.50420000 0.23130000 0.83210000
vn -0.52900000 0.16680000 0.83210000
vn -0.52000000 0.19300000 0.83210000
vn -0.49990000 0.24030000 0.83200000
vn -0.51250000 0.21230000 0.83200000
vn -0.52340000 0.18360000 0.83210000
vn -0.52550000 0.17770000 0.83210000
vn -0.52760000 0.17130000 0.83200000
vn -0.52960000 0.16490000 0.83210000
vn -0.52000000 0.19300000 0.83210000
vn -0.52890000 0.16680000 0.83210000
vn -0.52470000 0.18000000 0.83210000
vn -0.52420000 0.17990000 0.83240000
vn -0.54300000 0.11340000 0.83210000
vn -0.53660000 0.14030000 0.83210000
vn -0.53670000 0.14030000 0.83200000
vn -0.53300000 0.15370000 0.83210000
vn -0.53300000 0.15360000 0.83200000
vn -0.53140000 0.15910000 0.83200000
vn -0.53940000 0.12950000 0.83200000
vn -0.54570000 0.09950000 0.83200000
vn -0.54680000 0.09340000 0.83210000
vn -0.54790000 0.08670000 0.83200000
vn -0.54890000 0.08000000 0.83210000
vn -0.55160000 0.05890000 0.83200000
vn -0.54790000 0.08640000 0.83210000
vn -0.54300000 0.11350000 0.83200000
vn -0.54790000 0.08630000 0.83210000
vn -0.54560000 0.09990000 0.83210000
vn -0.54570000 0.09980000 0.83200000
vn -0.55160000 0.05880000 0.83210000
vn -0.54990000 0.07260000 0.83200000
vn -0.54990000 0.07250000 0.83210000
vn -0.55390000 0.02950000 0.83210000
vn -0.54970000 0.07400000 0.83200000
vn -0.55300000 0.04350000 0.83210000
vn -0.55460000 0.01290000 0.83200000
vn -0.55470000 0.00670000 0.83200000
vn -0.55470000 -0.00000000 0.83210000
vn -0.55390000 0.02950000 0.83200000
vn -0.55450000 0.01470000 0.83200000
vn -0.55450000 0.01470000 0.83200000
vn -0.55310000 0.04250000 0.83210000
vn -0.54820000 0.08470000 0.83210000
vn -0.54010000 0.12640000 0.83210000
vn -0.52890000 0.16740000 0.83200000
vn -0.51450000 0.20730000 0.83210000
vn -0.49710000 0.24610000 0.83200000
vn -0.47680000 0.28350000 0.83200000
vn -0.45370000 0.31910000 0.83210000
vn -0.42790000 0.35290000 0.83210000
vn -0.39970000 0.38460000 0.83210000
vn -0.36910000 0.41410000 0.83200000
vn -0.33630000 0.44110000 0.83210000
vn -0.30150000 0.46560000 0.83210000
vn -0.26500000 0.48730000 0.83210000
vn -0.22690000 0.50620000 0.83200000
vn -0.18750000 0.52200000 0.83200000
vn -0.14700000 0.53490000 0.83210000
vn -0.10560000 0.54460000 0.83210000
vn -0.06360000 0.55100000 0.83210000
vn -0.02120000 0.55430000 0.83200000
vn 0.02130000 0.55430000 0.83210000
vn 0.06360000 0.55100000 0.83210000
vn 0.10560000 0.54450000 0.83210000
vn 0.14700000 0.53490000 0.83210000
vn 0.18750000 0.52210000 0.83200000
vn 0.22690000 0.50620000 0.83210000
vn 0.26500000 0.48730000 0.83210000
vn 0.30150000 0.46560000 0.83210000
vn 0.33630000 0.44110000 0.83210000
vn 0.36900000 0.41410000 0.83210000
vn 0.39970000 0.38460000 0.83210000
vn 0.42790000 0.35290000 0.83210000
vn 0.45370000 0.31910000 0.83210000
vn 0.47680000 0.28350000 0.83210000
vn 0.49710000 0.24610000 0.83200000
vn 0.51450000 0.20740000 0.83200000
vn 0.52890000 0.16730000 0.83210000
vn 0.54010000 0.12640000 0.83210000
vn 0.54820000 0.08470000 0.83200000
vn 0.55310000 0.04250000 0.83200000
vn 0.55470000 -0.00000000 0.83200000
vn 0.55460000 0.00670000 0.83210000
vn 0.55410000 0.02520000 0.83210000
vn 0.55450000 0.01260000 0.83210000
vn 0.55460000 0.01260000 0.83200000
vn 0.55470000 -0.00000000 0.83210000
vn -0.55470000 -0.00000000 0.83200000
vn 0.54970000 -0.07410000 0.83210000
vn 0.55300000 -0.04350000 0.83210000
vn 0.55460000 -0.01290000 0.83200000
vn 0.53140000 -0.15920000 0.83210000
vn 0.53930000 -0.12940000 0.83210000
vn 0.49990000 -0.24030000 0.83200000
vn 0.51250000 -0.21230000 0.83200000
vn 0.45620000 -0.31560000 0.83210000
vn 0.47290000 -0.28980000 0.83210000
vn 0.40120000 -0.38310000 0.83200000
vn 0.42180000 -0.36030000 0.83200000
vn 0.33630000 -0.44110000 0.83210000
vn 0.36020000 -0.42180000 0.83210000
vn 0.26320000 -0.48830000 0.83200000
vn 0.28990000 -0.47300000 0.83200000
vn 0.18360000 -0.52340000 0.83200000
vn 0.21230000 -0.51250000 0.83210000
vn 0.09940000 -0.54570000 0.83210000
vn 0.12950000 -0.53940000 0.83200000
vn 0.01290000 -0.55460000 0.83200000
vn 0.04350000 -0.55300000 0.83200000
vn -0.55470000 -0.00000000 0.83210000
vn 0.55470000 -0.00000000 0.83210000
vn 0.15910000 -0.53140000 0.83210000
vn 0.16500000 -0.52950000 0.83210000
vn 0.17150000 -0.52750000 0.83210000
vn 0.17790000 -0.52540000 0.83210000
vn 0.15910000 -0.53140000 0.83200000
vn 0.18460000 -0.52310000 0.83200000
vn 0.15900000 -0.53140000 0.83210000
vn 0.18460000 -0.52310000 0.83210000
vn 0.17190000 -0.52740000 0.83210000
vn 0.17190000 -0.52740000 0.83210000
vn 0.10690000 -0.54430000 0.83210000
vn 0.24030000 -0.49990000 0.83200000
vn 0.24580000 -0.49720000 0.83210000
vn 0.25190000 -0.49410000 0.83210000
vn 0.25790000 -0.49110000 0.83210000
vn 0.25850000 -0.49080000 0.83210000
vn 0.23430000 -0.50270000 0.83210000
vn 0.23440000 -0.50280000 0.83200000
vn 0.25850000 -0.49080000 0.83200000
vn 0.24650000 -0.49690000 0.83200000
vn 0.24630000 -0.49710000 0.83200000
vn 0.30480000 -0.46350000 0.83200000
vn 0.28190000 -0.47770000 0.83210000
vn 0.28190000 -0.47770000 0.83200000
vn 0.27030000 -0.48430000 0.83210000
vn 0.27030000 -0.48440000 0.83200000
vn 0.31560000 -0.45620000 0.83210000
vn 0.32060000 -0.45270000 0.83200000
vn 0.32610000 -0.44870000 0.83200000
vn 0.33150000 -0.44470000 0.83210000
vn 0.34820000 -0.43180000 0.83210000
vn 0.32690000 -0.44820000 0.83200000
vn 0.30480000 -0.46350000 0.83210000
vn 0.32680000 -0.44820000 0.83210000
vn 0.31590000 -0.45600000 0.83200000
vn 0.31570000 -0.45590000 0.83210000
vn 0.34820000 -0.43180000 0.83200000
vn 0.33750000 -0.44020000 0.83200000
vn 0.33780000 -0.44000000 0.83210000
vn 0.38830000 -0.39610000 0.83210000
vn 0.36870000 -0.41440000 0.83210000
vn 0.38300000 -0.40120000 0.83210000
vn 0.38750000 -0.39690000 0.83210000
vn 0.39230000 -0.39210000 0.83210000
vn 0.39700000 -0.38740000 0.83200000
vn 0.36870000 -0.41450000 0.83200000
vn 0.38820000 -0.39620000 0.83210000
vn 0.37860000 -0.40540000 0.83210000
vn 0.37860000 -0.40540000 0.83200000
vn 0.42490000 -0.35660000 0.83200000
vn 0.40710000 -0.37680000 0.83200000
vn 0.40710000 -0.37680000 0.83210000
vn 0.39760000 -0.38670000 0.83210000
vn 0.39780000 -0.38660000 0.83210000
vn 0.44110000 -0.33640000 0.83200000
vn 0.44480000 -0.33140000 0.83200000
vn 0.44880000 -0.32600000 0.83200000
vn 0.45270000 -0.32050000 0.83210000
vn 0.45740000 -0.31390000 0.83210000
vn 0.44160000 -0.33560000 0.83200000
vn 0.42490000 -0.35660000 0.83210000
vn 0.44160000 -0.33560000 0.83210000
vn 0.43340000 -0.34620000 0.83210000
vn 0.43340000 -0.34620000 0.83210000
vn 0.45740000 -0.31380000 0.83200000
vn 0.44960000 -0.32480000 0.83200000
vn 0.44960000 -0.32480000 0.83210000
vn 0.48560000 -0.26810000 0.83210000
vn 0.48830000 -0.26320000 0.83210000
vn 0.49120000 -0.25780000 0.83210000
vn 0.49430000 -0.25170000 0.83210000
vn 0.49730000 -0.24580000 0.83200000
vn 0.50970000 -0.21870000 0.83210000
vn 0.49830000 -0.24370000 0.83200000
vn 0.48560000 -0.26810000 0.83200000
vn 0.49830000 -0.24370000 0.83210000
vn 0.49210000 -0.25600000 0.83210000
vn 0.49200000 -0.25600000 0.83210000
vn 0.50970000 -0.21870000 0.83210000
vn 0.50420000 -0.23130000 0.83210000
vn 0.50420000 -0.23130000 0.83200000
vn 0.52900000 -0.16690000 0.83210000
vn 0.52000000 -0.19300000 0.83210000
vn 0.52340000 -0.18360000 0.83210000
vn 0.52540000 -0.17780000 0.83200000
vn 0.52750000 -0.17140000 0.83210000
vn 0.52960000 -0.16490000 0.83210000
vn 0.52000000 -0.19300000 0.83200000
vn 0.52890000 -0.16680000 0.83210000
vn 0.52470000 -0.18000000 0.83200000
vn 0.52460000 -0.18000000 0.83210000
vn 0.54300000 -0.11340000 0.83210000
vn 0.53660000 -0.14030000 0.83210000
vn 0.53670000 -0.14030000 0.83200000
vn 0.53300000 -0.15370000 0.83200000
vn 0.53300000 -0.15360000 0.83200000
vn 0.54570000 -0.09950000 0.83200000
vn 0.54670000 -0.09340000 0.83210000
vn 0.54790000 -0.08670000 0.83200000
vn 0.54890000 -0.08000000 0.83200000
vn 0.55160000 -0.05890000 0.83200000
vn 0.54800000 -0.08610000 0.83200000
vn 0.54300000 -0.11340000 0.83200000
vn 0.54790000 -0.08620000 0.83210000
vn 0.54570000 -0.09990000 0.83200000
vn 0.54560000 -0.09990000 0.83210000
vn 0.55160000 -0.05890000 0.83210000
vn 0.54990000 -0.07260000 0.83200000
vn 0.54990000 -0.07250000 0.83210000
vn 0.55390000 -0.02950000 0.83210000
vn 0.55470000 -0.00680000 0.83210000
vn 0.55390000 -0.02950000 0.83200000
vn 0.55450000 -0.01470000 0.83200000
vn 0.55450000 -0.01470000 0.83200000
vn 0.55310000 -0.04250000 0.83200000
vn 0.54820000 -0.08470000 0.83210000
vn 0.54010000 -0.12640000 0.83200000
vn 0.52890000 -0.16740000 0.83200000
vn 0.51450000 -0.20740000 0.83200000
vn 0.49710000 -0.24610000 0.83200000
vn 0.47680000 -0.28350000 0.83200000
vn 0.45370000 -0.31910000 0.83210000
vn 0.42790000 -0.35290000 0.83210000
vn 0.39970000 -0.38470000 0.83200000
vn 0.36900000 -0.41410000 0.83210000
vn 0.33630000 -0.44110000 0.83210000
vn 0.30150000 -0.46560000 0.83200000
vn 0.26500000 -0.48730000 0.83210000
vn 0.22690000 -0.50620000 0.83200000
vn 0.18750000 -0.52210000 0.83210000
vn 0.14700000 -0.53490000 0.83210000
vn 0.10560000 -0.54460000 0.83210000
vn 0.06360000 -0.55100000 0.83210000
vn 0.02120000 -0.55430000 0.83210000
vn -0.02130000 -0.55430000 0.83210000
vn -0.06360000 -0.55100000 0.83210000
vn -0.10560000 -0.54450000 0.83210000
vn -0.14700000 -0.53490000 0.83210000
vn -0.18750000 -0.52210000 0.83200000
vn -0.22690000 -0.50620000 0.83210000
vn -0.26500000 -0.48730000 0.83210000
vn -0.30150000 -0.46560000 0.83200000
vn -0.33630000 -0.44110000 0.83210000
vn -0.36900000 -0.41410000 0.83210000
vn -0.39970000 -0.38460000 0.83210000
vn -0.42790000 -0.35290000 0.83210000
vn -0.45370000 -0.31910000 0.83210000
vn -0.47680000 -0.28350000 0.83210000
vn -0.49710000 -0.24610000 0.83210000
vn -0.51450000 -0.20740000 0.83200000
vn -0.52880000 -0.16740000 0.83200000
vn -0.54010000 -0.12640000 0.83210000
vn -0.54820000 -0.08470000 0.83210000
vn -0.55310000 -0.04250000 0.83200000
vn -0.55460000 -0.00680000 0.83210000
vn -0.55240000 -0.05040000 0.83210000
vn -0.55410000 -0.02520000 0.83210000
vn -0.55410000 -0.02520000 0.83210000
vn -0.55450000 -0.01260000 0.83210000
vn -0.55460000 -0.01260000 0.83200000
vn -0.55460000 -0.01290000 0.83200000
vn -0.55300000 -0.04350000 0.83200000
vn -0.54970000 -0.07400000 0.83200000
vn -0.54890000 -0.08020000 0.83200000
vn -0.54780000 -0.08690000 0.83210000
vn -0.54680000 -0.09350000 0.83210000
vn -0.54430000 -0.10690000 0.83210000
vn -0.54910000 -0.07880000 0.83200000
vn -0.55240000 -0.05040000 0.83200000
vn -0.54910000 -0.07870000 0.83200000
vn -0.55090000 -0.06460000 0.83210000
vn -0.55090000 -0.06460000 0.83210000
vn -0.54430000 -0.10690000 0.83210000
vn -0.54690000 -0.09280000 0.83200000
vn -0.54680000 -0.09320000 0.83210000
vn -0.53140000 -0.15910000 0.83210000
vn -0.54570000 -0.09950000 0.83200000
vn -0.53940000 -0.12950000 0.83210000
vn -0.53140000 -0.15920000 0.83210000
vn -0.52960000 -0.16510000 0.83200000
vn -0.52750000 -0.17150000 0.83210000
vn -0.52530000 -0.17790000 0.83210000
vn -0.52310000 -0.18460000 0.83210000
vn -0.53140000 -0.15910000 0.83210000
vn -0.52310000 -0.18460000 0.83210000
vn -0.52730000 -0.17200000 0.83210000
vn -0.52730000 -0.17190000 0.83210000
vn -0.52340000 -0.18360000 0.83200000
vn -0.51250000 -0.21230000 0.83210000
vn -0.50000000 -0.24030000 0.83200000
vn -0.49720000 -0.24580000 0.83210000
vn -0.49420000 -0.25190000 0.83210000
vn -0.49110000 -0.25790000 0.83210000
vn -0.49080000 -0.25850000 0.83200000
vn -0.50280000 -0.23440000 0.83210000
vn -0.50280000 -0.23440000 0.83200000
vn -0.49080000 -0.25850000 0.83200000
vn -0.49690000 -0.24650000 0.83210000
vn -0.49710000 -0.24630000 0.83200000
vn -0.46350000 -0.30480000 0.83200000
vn -0.47770000 -0.28190000 0.83210000
vn -0.47770000 -0.28190000 0.83200000
vn -0.48440000 -0.27030000 0.83210000
vn -0.48440000 -0.27030000 0.83200000
vn -0.48830000 -0.26320000 0.83210000
vn -0.47300000 -0.28980000 0.83200000
vn -0.45620000 -0.31560000 0.83210000
vn -0.45270000 -0.32060000 0.83200000
vn -0.44870000 -0.32610000 0.83200000
vn -0.44470000 -0.33150000 0.83210000
vn -0.43180000 -0.34820000 0.83210000
vn -0.44820000 -0.32680000 0.83200000
vn -0.46350000 -0.30480000 0.83210000
vn -0.44820000 -0.32680000 0.83210000
vn -0.45600000 -0.31580000 0.83210000
vn -0.45600000 -0.31590000 0.83210000
vn -0.43180000 -0.34820000 0.83200000
vn -0.44010000 -0.33760000 0.83200000
vn -0.44010000 -0.33770000 0.83210000
vn -0.39600000 -0.38840000 0.83210000
vn -0.41440000 -0.36870000 0.83210000
vn -0.44110000 -0.33640000 0.83200000
vn -0.42180000 -0.36020000 0.83210000
vn -0.40120000 -0.38300000 0.83210000
vn -0.39690000 -0.38750000 0.83210000
vn -0.39220000 -0.39230000 0.83200000
vn -0.38730000 -0.39710000 0.83210000
vn -0.41440000 -0.36870000 0.83200000
vn -0.39620000 -0.38820000 0.83210000
vn -0.40540000 -0.37860000 0.83210000
vn -0.40540000 -0.37860000 0.83200000
vn -0.35660000 -0.42490000 0.83200000
vn -0.37680000 -0.40710000 0.83210000
vn -0.37680000 -0.40710000 0.83200000
vn -0.38660000 -0.39780000 0.83200000
vn -0.38650000 -0.39790000 0.83200000
vn -0.38300000 -0.40120000 0.83210000
vn -0.36030000 -0.42180000 0.83200000
vn -0.33640000 -0.44110000 0.83200000
vn -0.33140000 -0.44480000 0.83200000
vn -0.32600000 -0.44880000 0.83200000
vn -0.32050000 -0.45270000 0.83210000
vn -0.31380000 -0.45740000 0.83210000
vn -0.33560000 -0.44170000 0.83210000
vn -0.35660000 -0.42490000 0.83200000
vn -0.33560000 -0.44160000 0.83210000
vn -0.34620000 -0.43340000 0.83200000
vn -0.34620000 -0.43340000 0.83210000
vn -0.31380000 -0.45740000 0.83200000
vn -0.32480000 -0.44960000 0.83210000
vn -0.32480000 -0.44960000 0.83210000
vn -0.26810000 -0.48560000 0.83210000
vn -0.31560000 -0.45620000 0.83210000
vn -0.28980000 -0.47290000 0.83210000
vn -0.26320000 -0.48830000 0.83200000
vn -0.25770000 -0.49120000 0.83200000
vn -0.25170000 -0.49430000 0.83210000
vn -0.24570000 -0.49730000 0.83210000
vn -0.21870000 -0.50980000 0.83210000
vn -0.24370000 -0.49830000 0.83200000
vn -0.26810000 -0.48560000 0.83210000
vn -0.24370000 -0.49830000 0.83210000
vn -0.25600000 -0.49210000 0.83200000
vn -0.25600000 -0.49200000 0.83210000
vn -0.21870000 -0.50980000 0.83200000
vn -0.23130000 -0.50410000 0.83210000
vn -0.23130000 -0.50420000 0.83210000
vn -0.16690000 -0.52900000 0.83200000
vn -0.19300000 -0.52000000 0.83200000
vn -0.24030000 -0.50000000 0.83200000
vn -0.21230000 -0.51250000 0.83200000
vn -0.18360000 -0.52340000 0.83210000
vn -0.17770000 -0.52550000 0.83200000
vn -0.17130000 -0.52760000 0.83210000
vn -0.16490000 -0.52960000 0.83210000
vn -0.19300000 -0.52000000 0.83210000
vn -0.16680000 -0.52890000 0.83210000
vn -0.18000000 -0.52470000 0.83210000
vn -0.17990000 -0.52430000 0.83230000
vn -0.11340000 -0.54300000 0.83210000
vn -0.14040000 -0.53670000 0.83200000
vn -0.14030000 -0.53670000 0.83200000
vn -0.15370000 -0.53290000 0.83210000
vn -0.15370000 -0.53300000 0.83200000
vn -0.15910000 -0.53140000 0.83200000
vn -0.12940000 -0.53930000 0.83210000
vn -0.09940000 -0.54570000 0.83210000
vn -0.09340000 -0.54680000 0.83210000
vn -0.08670000 -0.54790000 0.83200000
vn -0.08000000 -0.54880000 0.83210000
vn -0.05880000 -0.55160000 0.83210000
vn -0.08630000 -0.54800000 0.83200000
vn -0.11340000 -0.54300000 0.83200000
vn -0.08620000 -0.54790000 0.83210000
vn -0.09980000 -0.54560000 0.83210000
vn -0.09990000 -0.54560000 0.83210000
vn -0.05880000 -0.55160000 0.83200000
vn -0.07260000 -0.54990000 0.83210000
vn -0.07250000 -0.54990000 0.83210000
vn -0.00000000 -0.55470000 0.83210000
vn -0.02940000 -0.55390000 0.83200000
vn -0.07410000 -0.54970000 0.83200000
vn -0.04350000 -0.55300000 0.83210000
vn -0.01290000 -0.55460000 0.83200000
vn -0.00670000 -0.55470000 0.83200000
vn 0.00010000 -0.55480000 0.83200000
vn 0.00680000 -0.55450000 0.83220000
vn -0.02950000 -0.55390000 0.83210000
vn -0.00010000 -0.55470000 0.83210000
vn -0.01470000 -0.55450000 0.83210000
vn -0.01480000 -0.55450000 0.83210000
vn 0.05040000 -0.55240000 0.83210000
vn 0.02520000 -0.55410000 0.83200000
vn 0.02520000 -0.55410000 0.83210000
vn 0.01260000 -0.55460000 0.83200000
vn 0.01260000 -0.55460000 0.83200000
vn 0.07400000 -0.54970000 0.83200000
vn 0.08020000 -0.54890000 0.83200000
vn 0.08690000 -0.54790000 0.83200000
vn 0.09350000 -0.54680000 0.83200000
vn 0.07880000 -0.54910000 0.83210000
vn 0.05040000 -0.55240000 0.83210000
vn 0.07870000 -0.54890000 0.83220000
vn 0.06470000 -0.55090000 0.83210000
vn 0.06460000 -0.55090000 0.83210000
vn 0.10690000 -0.54430000 0.83210000
vn 0.09280000 -0.54690000 0.83210000
vn 0.09320000 -0.54680000 0.83210000
vn -0.31750000 -0.94820000 -0.00000000
vn -0.31750000 -0.94820000 -0.00000000
vn -0.00000000 -1.00000000 -0.00000000
vn 0.00010000 -1.00000000 -0.00000000
vn 0.31810000 -0.94800000 -0.00000000
vn 0.31820000 -0.94800000 -0.00000000
vn -0.59070000 -0.80690000 -0.00000000
vn -0.59070000 -0.80690000 -0.00000000
vn -0.59080000 -0.80680000 -0.00000000
vn -0.59080000 -0.80680000 -0.00000000
vn -0.59070000 -0.80690000 -0.00000000
vn -0.30260000 -0.95310000 -0.00000000
vn -0.15210000 -0.98840000 -0.00000000
vn -0.00020000 -1.00000000 -0.00000000
vn 0.15180000 -0.98840000 -0.00000000
vn 0.30240000 -0.95320000 -0.00000000
vn -0.00000000 -1.00000000 -0.00000000
vn -0.16090000 -0.98700000 -0.00000000
vn -0.31750000 -0.94820000 -0.00000000
vn -0.16090000 -0.98700000 -0.00000000
vn -0.16090000 -0.98700000 -0.00000000
vn -0.24000000 -0.97080000 0.00020000
vn -0.31750000 -0.94820000 -0.00000000
vn -0.24000000 -0.97080000 -0.00000000
vn -0.45960000 -0.88810000 -0.00000000
vn -0.45960000 -0.88810000 -0.00000000
vn -0.00000000 -1.00000000 -0.00000000
vn -0.08070000 -0.99670000 0.00020000
vn -0.08070000 -0.99670000 -0.00000000
vn 0.31820000 -0.94800000 -0.00000000
vn 0.16120000 -0.98690000 -0.00000000
vn 0.16120000 -0.98690000 -0.00000000
vn 0.16120000 -0.98690000 -0.00000000
vn 0.08090000 -0.99670000 -0.00010000
vn 0.08090000 -0.99670000 -0.00000000
vn 0.31820000 -0.94800000 -0.00000000
vn 0.24040000 -0.97070000 -0.00010000
vn 0.24040000 -0.97070000 -0.00000000
vn 0.45990000 -0.88800000 -0.00000000
vn 0.45990000 -0.88800000 -0.00000000
vn 0.59070000 -0.80690000 -0.00000000
vn 0.30510000 -0.95230000 -0.00000000
vn -0.00490000 -1.00000000 -0.00000000
vn -0.31250000 -0.94990000 -0.00000000
vn 0.31810000 -0.94810000 -0.00000000
vn 0.45990000 -0.88800000 -0.00000000
vn 0.45990000 -0.88800000 -0.00000000
vn -0.00000000 -1.00000000 -0.00000000
vn 0.16120000 -0.98690000 -0.00000000
vn 0.16120000 -0.98690000 -0.00010000
vn -0.31760000 -0.94820000 -0.00000000
vn -0.16090000 -0.98700000 -0.00000000
vn -0.16090000 -0.98700000 -0.00000000
vn -0.45960000 -0.88810000 -0.00000000
vn -0.45960000 -0.88810000 -0.00010000
vn 0.59080000 -0.80690000 -0.00000000
vn 0.59070000 -0.80690000 -0.00000000
vn 0.59070000 -0.80690000 -0.00000000
vn 0.59070000 -0.80690000 -0.00000000
vn -0.13350000 -0.99110000 -0.00000000
vn -0.07850000 -0.99690000 -0.00000000
vn -0.02320000 -0.99970000 -0.00000000
vn -0.07850000 -0.99690000 -0.00000000
vn -0.02320000 -0.99970000 -0.00000000
vn -0.02320000 -0.99970000 -0.00000000
vn -0.02320000 -0.99970000 -0.00000000
vn -0.02320000 -0.99970000 -0.00000000
vn -0.13350000 -0.99110000 -0.00000000
vn -0.13350000 -0.99110000 -0.00000000
vn -0.13350000 -0.99110000 -0.00000000
vn -0.13350000 -0.99110000 -0.00000000
vn -0.46200000 -0.88690000 -0.00000000
vn -0.46200000 -0.88690000 -0.00000000
vn -0.15640000 -0.98770000 -0.00000000
vn -0.15640000 -0.98770000 -0.00000000
vn 0.16590000 -0.98610000 -0.00000000
vn 0.16590000 -0.98610000 -0.00000000
vn -0.70970000 -0.70450000 -0.00000000
vn -0.44800000 -0.89400000 -0.00000000
vn -0.30480000 -0.95240000 -0.00000000
vn -0.15660000 -0.98770000 -0.00000000
vn -0.00470000 -1.00000000 -0.00000000
vn 0.14960000 -0.98880000 -0.00000000
vn -0.15640000 -0.98770000 -0.00000000
vn -0.31330000 -0.94970000 -0.00000000
vn -0.46200000 -0.88690000 -0.00000000
vn -0.31330000 -0.94970000 -0.00000000
vn -0.31330000 -0.94970000 -0.00000000
vn -0.38890000 -0.92130000 0.00020000
vn -0.46200000 -0.88690000 -0.00000000
vn -0.38890000 -0.92130000 -0.00000000
vn -0.59290000 -0.80530000 -0.00000000
vn -0.59290000 -0.80530000 -0.00000000
vn -0.15640000 -0.98770000 -0.00000000
vn -0.23560000 -0.97180000 -0.00010000
vn -0.23570000 -0.97180000 -0.00000000
vn 0.16590000 -0.98610000 -0.00000000
vn 0.00480000 -1.00000000 -0.00000000
vn 0.00480000 -1.00000000 -0.00000000
vn 0.00480000 -1.00000000 -0.00000000
vn -0.07610000 -0.99710000 -0.00010000
vn -0.07600000 -0.99710000 -0.00000000
vn 0.16590000 -0.98610000 -0.00000000
vn 0.08560000 -0.99630000 -0.00010000
vn 0.08570000 -0.99630000 -0.00000000
vn 0.31530000 -0.94900000 -0.00000000
vn 0.31530000 -0.94900000 -0.00000000
vn 0.45720000 -0.88930000 -0.00000000
vn 0.15290000 -0.98820000 -0.00000000
vn -0.16130000 -0.98690000 -0.00000000
vn -0.45780000 -0.88910000 -0.00000000
vn -0.70970000 -0.70450000 -0.00000000
vn 0.16590000 -0.98610000 -0.00000000
vn 0.31530000 -0.94900000 -0.00000000
vn 0.31530000 -0.94900000 -0.00000000
vn -0.15640000 -0.98770000 -0.00000000
vn 0.00480000 -1.00000000 -0.00000000
vn 0.00480000 -1.00000000 -0.00010000
vn -0.46190000 -0.88690000 -0.00000000
vn -0.31330000 -0.94970000 -0.00000000
vn -0.31330000 -0.94970000 -0.00000000
vn -0.59290000 -0.80530000 -0.00000000
vn -0.59290000 -0.80530000 -0.00000000
vn -0.70970000 -0.70450000 -0.00000000
vn -0.70970000 -0.70450000 -0.00000000
vn -0.70970000 -0.70450000 -0.00000000
vn 0.45730000 -0.88930000 -0.00000000
vn 0.45730000 -0.88930000 -0.00000000
vn 0.45720000 -0.88930000 -0.00000000
vn 0.45730000 -0.88930000 -0.00000000
vn -0.17930000 -0.98380000 -0.00000000
vn -0.28690000 -0.95800000 -0.00000000
vn -0.23340000 -0.97240000 -0.00000000
vn -0.17930000 -0.98380000 -0.00000000
vn -0.23340000 -0.97240000 -0.00000000
vn -0.17930000 -0.98380000 -0.00000000
vn -0.17930000 -0.98380000 -0.00000000
vn -0.17930000 -0.98380000 -0.00000000
vn -0.28690000 -0.95800000 -0.00000000
vn -0.28690000 -0.95800000 -0.00000000
vn -0.28690000 -0.95800000 -0.00000000
vn -0.28690000 -0.95800000 -0.00000000
vn -0.59500000 -0.80370000 -0.00000000
vn -0.59500000 -0.80370000 -0.00000000
vn -0.30900000 -0.95110000 -0.00010000
vn -0.30890000 -0.95110000 -0.00000000
vn 0.00960000 -1.00000000 -0.00000000
vn 0.00960000 -1.00000000 -0.00000000
vn -0.81120000 -0.58480000 -0.00000000
vn -0.58240000 -0.81290000 -0.00000000
vn -0.45010000 -0.89300000 -0.00000000
vn -0.30920000 -0.95100000 -0.00000000
vn -0.16110000 -0.98690000 -0.00000000
vn -0.00690000 -1.00000000 -0.00000000
vn -0.30900000 -0.95110000 -0.00000000
vn -0.45800000 -0.88900000 -0.00000000
vn -0.59500000 -0.80370000 -0.00000000
vn -0.45800000 -0.88900000 -0.00000000
vn -0.45800000 -0.88900000 -0.00000000
vn -0.52820000 -0.84910000 -0.00010000
vn -0.59500000 -0.80370000 -0.00000000
vn -0.52830000 -0.84910000 -0.00000000
vn -0.71160000 -0.70260000 -0.00000000
vn -0.71160000 -0.70260000 -0.00000000
vn -0.30900000 -0.95110000 -0.00000000
vn -0.38480000 -0.92300000 0.00020000
vn -0.38470000 -0.92300000 -0.00000000
vn 0.00960000 -1.00000000 -0.00000000
vn -0.15170000 -0.98840000 -0.00010000
vn -0.15170000 -0.98840000 -0.00000000
vn -0.15170000 -0.98840000 -0.00000000
vn -0.23110000 -0.97290000 -0.00010000
vn -0.23110000 -0.97290000 -0.00000000
vn 0.00960000 -1.00000000 -0.00000000
vn -0.07130000 -0.99750000 -0.00010000
vn -0.07120000 -0.99750000 -0.00000000
vn 0.16300000 -0.98660000 -0.00000000
vn 0.16300000 -0.98660000 -0.00000000
vn 0.31250000 -0.94990000 -0.00000000
vn -0.00360000 -1.00000000 -0.00000000
vn -0.31370000 -0.94950000 -0.00000000
vn -0.59120000 -0.80650000 -0.00000000
vn -0.81120000 -0.58480000 -0.00000000
vn 0.00960000 -1.00000000 -0.00000000
vn 0.16300000 -0.98660000 -0.00000000
vn 0.16300000 -0.98660000 -0.00000000
vn -0.30900000 -0.95110000 -0.00000000
vn -0.15170000 -0.98840000 -0.00000000
vn -0.15170000 -0.98840000 -0.00000000
vn -0.59500000 -0.80370000 -0.00000000
vn -0.45800000 -0.88900000 -0.00000000
vn -0.45800000 -0.88900000 -0.00000000
vn -0.71160000 -0.70260000 -0.00000000
vn -0.71160000 -0.70260000 -0.00000000
vn -0.81120000 -0.58480000 -0.00000000
vn -0.81120000 -0.58480000 -0.00000000
vn -0.81120000 -0.58480000 -0.00000000
vn 0.31250000 -0.94990000 -0.00000000
vn 0.31250000 -0.94990000 -0.00000000
vn 0.31250000 -0.94990000 -0.00000000
vn 0.31250000 -0.94990000 -0.00000000
vn -0.33100000 -0.94360000 -0.00000000
vn -0.43320000 -0.90130000 -0.00000000
vn -0.38270000 -0.92390000 -0.00000000
vn -0.33100000 -0.94360000 -0.00000000
vn -0.38270000 -0.92390000 -0.00000000
vn -0.33100000 -0.94360000 -0.00000000
vn -0.33100000 -0.94360000 -0.00000000
vn -0.33100000 -0.94360000 -0.00000000
vn -0.43320000 -0.90130000 -0.00000000
vn -0.43320000 -0.90130000 -0.00000000
vn -0.43320000 -0.90130000 -0.00000000
vn -0.43320000 -0.90130000 -0.00000000
vn -0.71340000 -0.70080000 -0.00000000
vn -0.71340000 -0.70080000 -0.00000000
vn -0.45400000 -0.89100000 -0.00000000
vn -0.45390000 -0.89110000 -0.00000000
vn -0.14700000 -0.98910000 -0.00000000
vn -0.14700000 -0.98910000 -0.00000000
vn -0.89270000 -0.45070000 -0.00000000
vn -0.70240000 -0.71180000 -0.00000000
vn -0.58420000 -0.81160000 -0.00000000
vn -0.45410000 -0.89090000 -0.00000000
vn -0.31350000 -0.94960000 -0.00000000
vn -0.16330000 -0.98660000 -0.00000000
vn 0.16010000 -0.98710000 -0.00000000
vn -0.45390000 -0.89110000 -0.00000000
vn -0.59140000 -0.80640000 -0.00000000
vn -0.71340000 -0.70070000 -0.00000000
vn -0.59140000 -0.80640000 -0.00000000
vn -0.59140000 -0.80640000 -0.00000000
vn -0.65450000 -0.75600000 -0.00010000
vn -0.71340000 -0.70070000 -0.00000000
vn -0.65460000 -0.75600000 -0.00000000
vn -0.81270000 -0.58270000 -0.00000000
vn -0.81270000 -0.58270000 -0.00000000
vn -0.45400000 -0.89100000 -0.00000000
vn -0.52440000 -0.85150000 -0.00010000
vn -0.52440000 -0.85150000 -0.00000000
vn -0.14690000 -0.98910000 -0.00000000
vn -0.30440000 -0.95250000 -0.00000000
vn -0.30450000 -0.95250000 -0.00000000
vn -0.30440000 -0.95250000 -0.00000000
vn -0.38040000 -0.92480000 -0.00010000
vn -0.38040000 -0.92480000 -0.00000000
vn -0.14690000 -0.98910000 -0.00000000
vn -0.22640000 -0.97400000 -0.00010000
vn -0.22640000 -0.97400000 -0.00000000
vn 0.00660000 -1.00000000 -0.00000000
vn 0.00670000 -1.00000000 -0.00000000
vn 0.16000000 -0.98710000 -0.00000000
vn -0.16000000 -0.98710000 -0.00000000
vn -0.45830000 -0.88880000 -0.00000000
vn -0.71010000 -0.70410000 -0.00000000
vn -0.89270000 -0.45070000 -0.00000000
vn -0.14690000 -0.98910000 -0.00000000
vn 0.00660000 -1.00000000 -0.00000000
vn 0.00660000 -1.00000000 -0.00000000
vn -0.45400000 -0.89100000 -0.00000000
vn -0.30440000 -0.95250000 -0.00000000
vn -0.30440000 -0.95250000 -0.00000000
vn -0.71340000 -0.70070000 -0.00000000
vn -0.59140000 -0.80640000 -0.00000000
vn -0.59140000 -0.80640000 -0.00000000
vn -0.81270000 -0.58270000 -0.00000000
vn -0.81270000 -0.58270000 -0.00000000
vn -0.89270000 -0.45070000 -0.00000000
vn -0.89270000 -0.45070000 -0.00000000
vn -0.89270000 -0.45070000 -0.00000000
vn 0.16010000 -0.98710000 -0.00000000
vn 0.16010000 -0.98710000 -0.00000000
vn 0.16010000 -0.98710000 -0.00000000
vn -0.47450000 -0.88020000 -0.00000000
vn -0.56890000 -0.82240000 -0.00000000
vn -0.52250000 -0.85260000 -0.00000000
vn -0.47450000 -0.88020000 -0.00000000
vn -0.52250000 -0.85260000 -0.00000000
vn -0.47450000 -0.88020000 -0.00000000
vn -0.47450000 -0.88020000 -0.00000000
vn -0.47450000 -0.88020000 -0.00000000
vn -0.56890000 -0.82240000 -0.00000000
vn -0.56890000 -0.82240000 -0.00000000
vn -0.56890000 -0.82240000 -0.00000000
vn -0.56890000 -0.82240000 -0.00000000
vn -0.81430000 -0.58050000 -0.00000000
vn -0.81420000 -0.58050000 -0.00000000
vn -0.58780000 -0.80900000 -0.00000000
vn -0.58770000 -0.80910000 -0.00000000
vn -0.29980000 -0.95400000 -0.00000000
vn -0.29980000 -0.95400000 -0.00000000
vn -0.95220000 -0.30560000 -0.00000000
vn -0.80510000 -0.59320000 -0.00000000
vn -0.70400000 -0.71020000 -0.00000000
vn -0.58790000 -0.80890000 -0.00000000
vn -0.45820000 -0.88890000 -0.00000000
vn -0.31560000 -0.94890000 -0.00000000
vn 0.00360000 -1.00000000 -0.00000000
vn -0.58780000 -0.80900000 -0.00000000
vn -0.71030000 -0.70390000 -0.00010000
vn -0.81430000 -0.58050000 -0.00000000
vn -0.71030000 -0.70390000 -0.00000000
vn -0.71030000 -0.70390000 -0.00000000
vn -0.76470000 -0.64440000 0.00010000
vn -0.81430000 -0.58050000 -0.00000000
vn -0.76480000 -0.64430000 -0.00000000
vn -0.89390000 -0.44830000 -0.00000000
vn -0.89390000 -0.44830000 -0.00000000
vn -0.58780000 -0.80900000 -0.00000000
vn -0.65110000 -0.75900000 -0.00010000
vn -0.65110000 -0.75900000 -0.00000000
vn -0.29990000 -0.95400000 -0.00000000
vn -0.44970000 -0.89320000 -0.00010000
vn -0.44970000 -0.89320000 -0.00000000
vn -0.44970000 -0.89320000 -0.00000000
vn -0.52050000 -0.85390000 -0.00010000
vn -0.52050000 -0.85390000 -0.00000000
vn -0.29990000 -0.95400000 -0.00000000
vn -0.37600000 -0.92660000 -0.00010000
vn -0.37600000 -0.92660000 -0.00000000
vn -0.14990000 -0.98870000 -0.00000000
vn -0.14990000 -0.98870000 -0.00000000
vn 0.00360000 -1.00000000 -0.00000000
vn -0.31240000 -0.94990000 -0.00000000
vn -0.59170000 -0.80610000 -0.00000000
vn -0.81150000 -0.58430000 -0.00000000
vn -0.95220000 -0.30550000 -0.00000000
vn -0.29980000 -0.95400000 -0.00000000
vn -0.14990000 -0.98870000 -0.00000000
vn -0.14990000 -0.98870000 -0.00000000
vn -0.58780000 -0.80900000 -0.00000000
vn -0.44970000 -0.89320000 -0.00000000
vn -0.44970000 -0.89320000 -0.00000000
vn -0.81430000 -0.58050000 -0.00000000
vn -0.71030000 -0.70390000 -0.00000000
vn -0.71030000 -0.70390000 -0.00000000
vn -0.89380000 -0.44840000 -0.00000000
vn -0.89390000 -0.44830000 -0.00000000
vn -0.95220000 -0.30550000 -0.00000000
vn -0.95220000 -0.30550000 -0.00000000
vn -0.95220000 -0.30550000 -0.00000000
vn 0.00370000 -1.00000000 -0.00000000
vn 0.00370000 -1.00000000 -0.00000000
vn 0.00370000 -1.00000000 -0.00000000
vn -0.60640000 -0.79520000 -0.00000000
vn -0.69050000 -0.72330000 -0.00000000
vn -0.64940000 -0.76040000 -0.00000000
vn -0.60640000 -0.79520000 -0.00000000
vn -0.64940000 -0.76040000 -0.00000000
vn -0.60640000 -0.79520000 -0.00000000
vn -0.60640000 -0.79520000 -0.00000000
vn -0.60640000 -0.79520000 -0.00000000
vn -0.69050000 -0.72330000 -0.00000000
vn -0.69050000 -0.72330000 -0.00000000
vn -0.69050000 -0.72330000 -0.00000000
vn -0.69050000 -0.72330000 -0.00000000
vn -0.89500000 -0.44600000 -0.00000000
vn -0.89500000 -0.44600000 -0.00000000
vn -0.70710000 -0.70710000 -0.00000000
vn -0.70710000 -0.70720000 -0.00000000
vn -0.44540000 -0.89530000 -0.00000000
vn -0.44540000 -0.89530000 -0.00000000
vn -0.98830000 -0.15280000 -0.00000000
vn -0.88790000 -0.45990000 -0.00000000
vn -0.80640000 -0.59140000 -0.00000000
vn -0.70720000 -0.70700000 -0.00000000
vn -0.59160000 -0.80620000 -0.00000000
vn -0.46010000 -0.88780000 -0.00000000
vn -0.15280000 -0.98830000 -0.00000000
vn -0.70700000 -0.70720000 -0.00000000
vn -0.81160000 -0.58420000 -0.00010000
vn -0.89500000 -0.44600000 -0.00000000
vn -0.81170000 -0.58410000 -0.00000000
vn -0.81160000 -0.58420000 -0.00000000
vn -0.85620000 -0.51670000 0.00010000
vn -0.89500000 -0.44600000 -0.00000000
vn -0.85620000 -0.51670000 -0.00000000
vn -0.95300000 -0.30300000 -0.00000000
vn -0.95300000 -0.30300000 -0.00000000
vn -0.70710000 -0.70710000 -0.00000000
vn -0.76180000 -0.64780000 0.00020000
vn -0.76190000 -0.64770000 -0.00000000
vn -0.44540000 -0.89530000 -0.00000000
vn -0.58390000 -0.81180000 -0.00000000
vn -0.58390000 -0.81180000 -0.00000000
vn -0.58390000 -0.81180000 -0.00000000
vn -0.64760000 -0.76200000 -0.00010000
vn -0.64770000 -0.76190000 -0.00000000
vn -0.44540000 -0.89530000 -0.00000000
vn -0.51630000 -0.85640000 -0.00010000
vn -0.51630000 -0.85640000 -0.00000000
vn -0.30270000 -0.95310000 -0.00000000
vn -0.30270000 -0.95310000 -0.00000000
vn -0.15280000 -0.98830000 -0.00000000
vn -0.45720000 -0.88940000 -0.00000000
vn -0.71060000 -0.70360000 -0.00000000
vn -0.89290000 -0.45020000 -0.00000000
vn -0.98830000 -0.15280000 -0.00000000
vn -0.44550000 -0.89530000 -0.00000000
vn -0.30270000 -0.95310000 -0.00000000
vn -0.30270000 -0.95310000 -0.00000000
vn -0.70710000 -0.70710000 -0.00010000
vn -0.58390000 -0.81180000 -0.00000000
vn -0.58390000 -0.81180000 -0.00000000
vn -0.89510000 -0.44600000 -0.00000000
vn -0.81160000 -0.58420000 -0.00000000
vn -0.81160000 -0.58420000 -0.00010000
vn -0.95300000 -0.30300000 -0.00000000
vn -0.95300000 -0.30300000 -0.00000000
vn -0.98830000 -0.15280000 -0.00000000
vn -0.98830000 -0.15280000 -0.00000000
vn -0.98830000 -0.15280000 -0.00000000
vn -0.15280000 -0.98830000 -0.00000000
vn -0.15280000 -0.98830000 -0.00000000
vn -0.15280000 -0.98830000 -0.00000000
vn -0.72330000 -0.69050000 -0.00000000
vn -0.79520000 -0.60640000 -0.00000000
vn -0.76040000 -0.64950000 -0.00000000
vn -0.72330000 -0.69050000 -0.00000000
vn -0.76040000 -0.64940000 -0.00000000
vn -0.72330000 -0.69050000 -0.00000000
vn -0.72330000 -0.69050000 -0.00000000
vn -0.72330000 -0.69050000 -0.00000000
vn -0.79520000 -0.60640000 -0.00000000
vn -0.79520000 -0.60640000 -0.00000000
vn -0.79520000 -0.60640000 -0.00000000
vn -0.79520000 -0.60640000 -0.00000000
vn -0.95380000 -0.30050000 -0.00000000
vn -0.95380000 -0.30050000 -0.00000000
vn -0.80900000 -0.58780000 -0.00010000
vn -0.80900000 -0.58780000 -0.00000000
vn -0.58000000 -0.81460000 -0.00000000
vn -0.58000000 -0.81460000 -0.00000000
vn -1.00000000 0.00370000 -0.00000000
vn -0.94900000 -0.31540000 -0.00000000
vn -0.88900000 -0.45790000 -0.00000000
vn -0.80910000 -0.58770000 -0.00000000
vn -0.71040000 -0.70380000 -0.00000000
vn -0.59340000 -0.80490000 -0.00000000
vn -0.30550000 -0.95220000 -0.00000000
vn -0.80900000 -0.58780000 -0.00000000
vn -0.89300000 -0.45000000 -0.00000000
vn -0.95380000 -0.30040000 -0.00000000
vn -0.89300000 -0.45000000 -0.00000000
vn -0.89300000 -0.45000000 -0.00000000
vn -0.92640000 -0.37660000 -0.00010000
vn -0.95380000 -0.30050000 -0.00000000
vn -0.92640000 -0.37650000 -0.00000000
vn -0.98870000 -0.15010000 -0.00000000
vn -0.98870000 -0.15020000 0.00010000
vn -0.80900000 -0.58780000 -0.00000000
vn -0.85390000 -0.52050000 -0.00010000
vn -0.85380000 -0.52050000 -0.00000000
vn -0.58000000 -0.81460000 -0.00000000
vn -0.70370000 -0.71050000 -0.00000000
vn -0.70370000 -0.71050000 -0.00000000
vn -0.70370000 -0.71050000 -0.00000000
vn -0.75880000 -0.65130000 -0.00010000
vn -0.75890000 -0.65120000 -0.00000000
vn -0.58000000 -0.81460000 -0.00000000
vn -0.64390000 -0.76510000 -0.00010000
vn -0.64390000 -0.76510000 -0.00000000
vn -0.44810000 -0.89400000 -0.00000000
vn -0.44810000 -0.89400000 -0.00000000
vn -0.30550000 -0.95220000 -0.00000000
vn -0.59070000 -0.80690000 -0.00000000
vn -0.81190000 -0.58380000 -0.00000000
vn -0.95240000 -0.30500000 -0.00000000
vn -1.00000000 0.00360000 -0.00000000
vn -0.58000000 -0.81460000 -0.00000000
vn -0.44810000 -0.89400000 -0.00000000
vn -0.44810000 -0.89400000 -0.00000000
vn -0.80900000 -0.58780000 -0.00000000
vn -0.70370000 -0.71050000 -0.00000000
vn -0.70370000 -0.71050000 -0.00010000
vn -0.95380000 -0.30050000 -0.00000000
vn -0.89300000 -0.45000000 -0.00000000
vn -0.89300000 -0.45000000 -0.00000000
vn -0.98870000 -0.15020000 -0.00000000
vn -0.98870000 -0.15020000 -0.00000000
vn -1.00000000 0.00370000 -0.00000000
vn -1.00000000 0.00370000 -0.00000000
vn -1.00000000 0.00360000 -0.00000000
vn -0.30550000 -0.95220000 -0.00000000
vn -0.30550000 -0.95220000 -0.00000000
vn -0.30550000 -0.95220000 -0.00000000
vn -0.88020000 -0.47450000 -0.00000000
vn -0.82240000 -0.56890000 -0.00000000
vn -0.88020000 -0.47450000 -0.00000000
vn -0.85260000 -0.52250000 -0.00000000
vn -0.82240000 -0.56890000 -0.00000000
vn -0.85260000 -0.52250000 -0.00000000
vn -0.82240000 -0.56890000 -0.00000000
vn -0.82240000 -0.56890000 -0.00000000
vn -0.82240000 -0.56890000 -0.00000000
vn -0.88030000 -0.47450000 -0.00000000
vn -0.88020000 -0.47450000 -0.00000000
vn -0.88020000 -0.47450000 -0.00000000
vn -0.98910000 -0.14760000 -0.00000000
vn -0.98910000 -0.14750000 -0.00000000
vn -0.89100000 -0.45400000 -0.00000000
vn -0.89110000 -0.45380000 -0.00000000
vn -0.70030000 -0.71390000 -0.00000000
vn -0.70030000 -0.71390000 -0.00000000
vn -0.98710000 0.16000000 -0.00000000
vn -0.98660000 -0.16310000 -0.00000000
vn -0.94970000 -0.31320000 -0.00000000
vn -0.89110000 -0.45390000 -0.00000000
vn -0.81180000 -0.58400000 -0.00000000
vn -0.71200000 -0.70220000 -0.00000000
vn -0.45070000 -0.89270000 -0.00000000
vn -0.89110000 -0.45380000 -0.00000000
vn -0.95240000 -0.30470000 -0.00000000
vn -0.98910000 -0.14760000 -0.00000000
vn -0.95240000 -0.30480000 -0.00000000
vn -0.95240000 -0.30470000 -0.00000000
vn -0.97390000 -0.22690000 0.00020000
vn -0.98910000 -0.14760000 -0.00000000
vn -0.97390000 -0.22690000 -0.00000000
vn -1.00000000 0.00640000 -0.00000000
vn -1.00000000 0.00630000 -0.00000000
vn -0.89100000 -0.45400000 -0.00000000
vn -0.92470000 -0.38070000 -0.00010000
vn -0.92470000 -0.38060000 -0.00000000
vn -0.70030000 -0.71390000 -0.00000000
vn -0.80620000 -0.59170000 -0.00000000
vn -0.80620000 -0.59160000 -0.00000000
vn -0.80620000 -0.59170000 -0.00000000
vn -0.85140000 -0.52460000 -0.00010000
vn -0.85130000 -0.52460000 -0.00000000
vn -0.70030000 -0.71390000 -0.00000000
vn -0.75570000 -0.65490000 0.00020000
vn -0.75570000 -0.65490000 -0.00000000
vn -0.58240000 -0.81290000 -0.00000000
vn -0.58240000 -0.81290000 -0.00000000
vn -0.45070000 -0.89270000 -0.00000000
vn -0.70960000 -0.70460000 -0.00000000
vn -0.89320000 -0.44960000 -0.00000000
vn -0.98830000 -0.15220000 -0.00000000
vn -0.98710000 0.16000000 -0.00000000
vn -0.70030000 -0.71390000 -0.00000000
vn -0.58240000 -0.81290000 -0.00000000
vn -0.58240000 -0.81290000 -0.00000000
vn -0.89100000 -0.45400000 -0.00000000
vn -0.80620000 -0.59170000 -0.00000000
vn -0.80620000 -0.59170000 -0.00000000
vn -0.98910000 -0.14750000 -0.00000000
vn -0.95240000 -0.30480000 -0.00000000
vn -0.95240000 -0.30480000 -0.00000000
vn -1.00000000 0.00640000 -0.00000000
vn -1.00000000 0.00630000 0.00010000
vn -0.98710000 0.16000000 -0.00000000
vn -0.98710000 0.16000000 -0.00000000
vn -0.98710000 0.16010000 -0.00000000
vn -0.45070000 -0.89270000 -0.00000000
vn -0.45070000 -0.89270000 -0.00000000
vn -0.45070000 -0.89270000 -0.00000000
vn -0.94360000 -0.33100000 -0.00000000
vn -0.92390000 -0.38270000 -0.00000000
vn -0.90130000 -0.43320000 -0.00000000
vn -0.92390000 -0.38270000 -0.00000000
vn -0.90130000 -0.43320000 -0.00000000
vn -0.90130000 -0.43320000 -0.00000000
vn -0.90130000 -0.43320000 -0.00000000
vn -0.90130000 -0.43320000 -0.00000000
vn -0.94360000 -0.33100000 -0.00000000
vn -0.94360000 -0.33100000 -0.00000000
vn -0.94360000 -0.33100000 -0.00000000
vn -0.94360000 -0.33100000 -0.00000000
vn -1.00000000 0.00900000 -0.00000000
vn -1.00000000 0.00900000 -0.00000000
vn -0.95110000 -0.30900000 -0.00010000
vn -0.95100000 -0.30910000 -0.00000000
vn -0.80330000 -0.59550000 -0.00000000
vn -0.80340000 -0.59550000 -0.00000000
vn -0.94990000 0.31250000 -0.00000000
vn -1.00000000 -0.00670000 -0.00000000
vn -0.98700000 -0.16080000 -0.00000000
vn -0.95110000 -0.30890000 -0.00000000
vn -0.89310000 -0.44980000 -0.00000000
vn -0.81310000 -0.58210000 -0.00000000
vn -0.58480000 -0.81120000 -0.00000000
vn -0.95110000 -0.30900000 -0.00000000
vn -0.98840000 -0.15200000 -0.00000000
vn -1.00000000 0.00900000 -0.00000000
vn -0.98840000 -0.15180000 -0.00000000
vn -0.98840000 -0.15200000 -0.00000000
vn -0.99740000 -0.07180000 -0.00010000
vn -1.00000000 0.00900000 -0.00000000
vn -0.99740000 -0.07170000 -0.00000000
vn -0.98670000 0.16270000 -0.00000000
vn -0.98670000 0.16270000 -0.00000000
vn -0.95110000 -0.30900000 -0.00000000
vn -0.97290000 -0.23130000 -0.00010000
vn -0.97290000 -0.23120000 -0.00000000
vn -0.80330000 -0.59550000 -0.00000000
vn -0.88880000 -0.45830000 -0.00010000
vn -0.88880000 -0.45830000 -0.00000000
vn -0.88880000 -0.45830000 -0.00000000
vn -0.92300000 -0.38490000 -0.00010000
vn -0.92290000 -0.38500000 -0.00000000
vn -0.80330000 -0.59550000 -0.00000000
vn -0.84880000 -0.52870000 0.00020000
vn -0.84890000 -0.52860000 -0.00000000
vn -0.70240000 -0.71180000 -0.00000000
vn -0.70240000 -0.71180000 -0.00000000
vn -0.58480000 -0.81120000 -0.00000000
vn -0.81110000 -0.58490000 -0.00000000
vn -0.95260000 -0.30440000 -0.00000000
vn -1.00000000 0.00420000 -0.00000000
vn -0.94990000 0.31250000 -0.00000000
vn -0.80330000 -0.59550000 -0.00000000
vn -0.70240000 -0.71180000 -0.00000000
vn -0.70240000 -0.71180000 -0.00000000
vn -0.95110000 -0.30900000 -0.00000000
vn -0.88880000 -0.45830000 -0.00000000
vn -0.88880000 -0.45830000 -0.00000000
vn -1.00000000 0.00900000 -0.00000000
vn -0.98840000 -0.15200000 -0.00000000
vn -0.98840000 -0.15200000 -0.00000000
vn -0.98670000 0.16270000 -0.00000000
vn -0.98670000 0.16270000 -0.00010000
vn -0.94990000 0.31250000 -0.00000000
vn -0.94990000 0.31250000 -0.00000000
vn -0.94990000 0.31250000 -0.00000000
vn -0.58480000 -0.81120000 -0.00000000
vn -0.58480000 -0.81120000 -0.00000000
vn -0.58480000 -0.81120000 -0.00000000
vn -0.98380000 -0.17930000 -0.00000000
vn -0.97240000 -0.23340000 -0.00000000
vn -0.95800000 -0.28690000 -0.00000000
vn -0.97240000 -0.23340000 -0.00000000
vn -0.95800000 -0.28690000 -0.00000000
vn -0.95800000 -0.28690000 -0.00000000
vn -0.95800000 -0.28690000 -0.00000000
vn -0.95800000 -0.28690000 -0.00000000
vn -0.98380000 -0.17930000 -0.00000000
vn -0.98380000 -0.17930000 -0.00000000
vn -0.98380000 -0.17930000 -0.00000000
vn -0.98380000 -0.17930000 -0.00000000
vn -0.98620000 0.16530000 -0.00000000
vn -0.98620000 0.16530000 -0.00000000
vn -0.98770000 -0.15640000 -0.00000000
vn -0.98770000 -0.15650000 -0.00000000
vn -0.88660000 -0.46250000 -0.00000000
vn -0.88660000 -0.46260000 -0.00000000
vn -0.88930000 0.45730000 -0.00000000
vn -0.98870000 0.14980000 -0.00000000
vn -1.00000000 -0.00440000 -0.00000000
vn -0.98770000 -0.15630000 -0.00000000
vn -0.95250000 -0.30450000 -0.00000000
vn -0.89410000 -0.44780000 -0.00000000
vn -0.70450000 -0.70970000 -0.00000000
vn -0.98770000 -0.15650000 -0.00000000
vn -1.00000000 0.00450000 -0.00000000
vn -0.98620000 0.16530000 -0.00000000
vn -1.00000000 0.00450000 -0.00000000
vn -1.00000000 0.00450000 -0.00000000
vn -0.99640000 0.08520000 -0.00010000
vn -0.98620000 0.16530000 -0.00000000
vn -0.99640000 0.08520000 -0.00000000
vn -0.94910000 0.31510000 -0.00000000
vn -0.94910000 0.31500000 -0.00010000
vn -0.98770000 -0.15640000 -0.00000000
vn -0.99710000 -0.07610000 0.00010000
vn -0.99710000 -0.07620000 -0.00000000
vn -0.88660000 -0.46260000 -0.00000000
vn -0.94960000 -0.31360000 -0.00000000
vn -0.94960000 -0.31360000 -0.00000000
vn -0.94960000 -0.31360000 -0.00000000
vn -0.97180000 -0.23570000 -0.00010000
vn -0.97180000 -0.23580000 -0.00000000
vn -0.88660000 -0.46250000 -0.00000000
vn -0.92110000 -0.38930000 -0.00010000
vn -0.92110000 -0.38940000 -0.00000000
vn -0.80510000 -0.59320000 -0.00000000
vn -0.80510000 -0.59320000 -0.00000000
vn -0.70450000 -0.70970000 -0.00000000
vn -0.89260000 -0.45080000 -0.00000000
vn -0.98840000 -0.15160000 -0.00000000
vn -0.98700000 0.16060000 -0.00000000
vn -0.88930000 0.45730000 -0.00000000
vn -0.88660000 -0.46250000 -0.00000000
vn -0.80510000 -0.59320000 -0.00000000
vn -0.80510000 -0.59320000 -0.00000000
vn -0.98770000 -0.15640000 -0.00010000
vn -0.94960000 -0.31360000 -0.00000000
vn -0.94960000 -0.31360000 -0.00000000
vn -0.98620000 0.16530000 -0.00000000
vn -1.00000000 0.00450000 -0.00000000
vn -1.00000000 0.00450000 -0.00000000
vn -0.94910000 0.31500000 -0.00000000
vn -0.94910000 0.31500000 0.00010000
vn -0.88930000 0.45730000 -0.00000000
vn -0.88930000 0.45730000 -0.00000000
vn -0.88930000 0.45730000 -0.00000000
vn -0.70450000 -0.70970000 -0.00000000
vn -0.70450000 -0.70970000 -0.00000000
vn -0.70450000 -0.70970000 -0.00000000
vn -0.99110000 -0.13350000 -0.00000000
vn -0.99970000 -0.02320000 -0.00000000
vn -0.99690000 -0.07850000 -0.00000000
vn -0.99690000 -0.07850000 -0.00000000
vn -0.99110000 -0.13350000 -0.00000000
vn -0.99110000 -0.13350000 -0.00000000
vn -0.99110000 -0.13350000 -0.00000000
vn -0.99110000 -0.13350000 -0.00000000
vn -0.99970000 -0.02320000 -0.00000000
vn -0.99970000 -0.02320000 -0.00000000
vn -0.99970000 -0.02320000 -0.00000000
vn -0.99970000 -0.02320000 -0.00000000
vn -0.94820000 0.31750000 -0.00000000
vn -0.94820000 0.31750000 -0.00000000
vn -1.00000000 -0.00000000 -0.00000000
vn -1.00000000 -0.00000000 -0.00000000
vn -1.00000000 -0.00010000 -0.00000000
vn -1.00000000 -0.00000000 -0.00000000
vn -0.94800000 -0.31810000 -0.00000000
vn -0.94800000 -0.31810000 -0.00000000
vn -0.80680000 0.59080000 -0.00000000
vn -0.86100000 0.50860000 -0.00000000
vn -0.90580000 0.42370000 -0.00000000
vn -0.94170000 0.33650000 -0.00000000
vn -0.96840000 0.24940000 -0.00000000
vn -0.98650000 0.16390000 -0.00000000
vn -0.99670000 0.08070000 -0.00000000
vn -0.94820000 0.31750000 -0.00000000
vn -0.88810000 0.45960000 -0.00010000
vn -0.88810000 0.45960000 -0.00000000
vn -0.88810000 0.45960000 -0.00000000
vn -0.85000000 0.52680000 -0.00010000
vn -0.85000000 0.52680000 -0.00000000
vn -0.94820000 0.31750000 -0.00000000
vn -0.92100000 0.38960000 -0.00010000
vn -0.92090000 0.38980000 -0.00000000
vn -1.00000000 -0.00000000 0.00010000
vn -0.98700000 0.16090000 -0.00000000
vn -0.98700000 0.16090000 -0.00000000
vn -0.98700000 0.16090000 -0.00000000
vn -0.97080000 0.24000000 0.00010000
vn -0.97080000 0.23990000 -0.00000000
vn -0.97080000 0.24000000 -0.00000000
vn -0.96030000 0.27900000 -0.00010000
vn -0.94830000 0.31750000 -0.00000000
vn -0.96030000 0.27900000 -0.00000000
vn -0.98700000 0.16070000 -0.00000000
vn -0.97960000 0.20090000 -0.00010000
vn -0.97970000 0.20060000 0.00010000
vn -1.00000000 -0.00000000 -0.00000000
vn -0.99670000 0.08070000 -0.00000000
vn -0.99680000 0.08050000 -0.00000000
vn -0.94810000 -0.31810000 -0.00010000
vn -0.98690000 -0.16120000 -0.00010000
vn -0.98690000 -0.16120000 -0.00000000
vn -0.99670000 0.08080000 -0.00000000
vn -0.99270000 0.12100000 -0.00000000
vn -0.99270000 0.12090000 -0.00020000
vn -1.00000000 -0.00000000 -0.00000000
vn -0.99920000 0.04040000 -0.00000000
vn -0.99920000 0.04060000 0.00020000
vn -0.98690000 -0.16120000 -0.00000000
vn -0.99670000 -0.08080000 0.00010000
vn -0.99670000 -0.08090000 -0.00000000
vn -0.99670000 -0.08080000 -0.00000000
vn -0.99920000 -0.04070000 -0.00010000
vn -0.99920000 -0.04050000 0.00030000
vn -0.99670000 -0.08080000 -0.00000000
vn -0.98640000 -0.16410000 -0.00000000
vn -0.96830000 -0.24960000 0.00010000
vn -0.94160000 -0.33670000 -0.00000000
vn -0.90580000 -0.42370000 -0.00000000
vn -0.86100000 -0.50860000 -0.00000000
vn -0.94800000 -0.31810000 -0.00000000
vn -0.97070000 -0.24050000 -0.00010000
vn -0.97070000 -0.24030000 -0.00000000
vn -0.88800000 -0.45990000 -0.00010000
vn -0.88790000 -0.46000000 -0.00000000
vn -0.97070000 -0.24040000 -0.00000000
vn -0.97960000 -0.20090000 -0.00010000
vn -0.98690000 -0.16120000 -0.00000000
vn -0.97960000 -0.20100000 0.00010000
vn -0.94800000 -0.31810000 -0.00000000
vn -0.96010000 -0.27970000 -0.00000000
vn -0.96010000 -0.27950000 -0.00000000
vn -0.88800000 -0.45990000 -0.00000000
vn -0.92080000 -0.39010000 -0.00010000
vn -0.92070000 -0.39020000 -0.00010000
vn -0.85000000 -0.52680000 -0.00010000
vn -0.84990000 -0.52690000 -0.00000000
vn -0.80690000 -0.59070000 -0.00000000
vn -0.95120000 -0.30850000 -0.00000000
vn -0.94800000 -0.31820000 -0.00000000
vn -0.88800000 -0.45980000 -0.00000000
vn -0.88800000 -0.45990000 -0.00000000
vn -1.00000000 -0.00010000 -0.00000000
vn -0.98690000 -0.16120000 -0.00000000
vn -0.98690000 -0.16120000 -0.00010000
vn -0.95110000 0.30880000 -0.00000000
vn -0.80690000 0.59070000 -0.00000000
vn -0.94820000 0.31750000 -0.00000000
vn -0.98700000 0.16090000 -0.00000000
vn -0.98700000 0.16080000 -0.00020000
vn -0.88820000 0.45950000 -0.00000000
vn -0.88810000 0.45960000 -0.00000000
vn -0.80690000 0.59070000 -0.00000000
vn -0.80680000 0.59080000 -0.00000000
vn -0.80680000 0.59080000 -0.00000000
vn -0.80680000 -0.59080000 -0.00000000
vn -0.80680000 -0.59080000 -0.00000000
vn -0.80690000 -0.59070000 -0.00000000
vn -0.80690000 -0.59070000 -0.00000000
vn -0.99110000 0.13350000 -0.00000000
vn -0.99110000 0.13350000 -0.00000000
vn -0.99690000 0.07850000 -0.00000000
vn -0.99970000 0.02320000 -0.00000000
vn -0.99690000 0.07850000 -0.00000000
vn -0.99970000 0.02320000 -0.00000000
vn -0.99970000 0.02320000 -0.00000000
vn -0.99970000 0.02320000 -0.00000000
vn -0.99970000 0.02320000 -0.00000000
vn -0.99110000 0.13350000 -0.00000000
vn -0.99100000 0.13350000 -0.00000000
vn -0.99110000 0.13350000 -0.00000000
vn -0.88690000 0.46190000 -0.00000000
vn -0.88690000 0.46200000 -0.00000000
vn -0.98770000 0.15640000 -0.00010000
vn -0.98770000 0.15630000 -0.00000000
vn -0.98610000 -0.16590000 -0.00000000
vn -0.98610000 -0.16590000 -0.00000000
vn -0.70450000 0.70970000 -0.00000000
vn -0.89400000 0.44800000 -0.00000000
vn -0.95240000 0.30480000 -0.00000000
vn -0.98770000 0.15660000 -0.00000000
vn -1.00000000 0.00470000 -0.00000000
vn -0.98880000 -0.14960000 -0.00000000
vn -0.98770000 0.15650000 -0.00000000
vn -0.94970000 0.31330000 -0.00000000
vn -0.88690000 0.46200000 -0.00000000
vn -0.94960000 0.31340000 -0.00000000
vn -0.94970000 0.31330000 -0.00000000
vn -0.92130000 0.38900000 -0.00010000
vn -0.88690000 0.46200000 -0.00000000
vn -0.92130000 0.38890000 -0.00000000
vn -0.80530000 0.59290000 -0.00000000
vn -0.80530000 0.59290000 -0.00000000
vn -0.98770000 0.15640000 -0.00000000
vn -0.97180000 0.23560000 -0.00010000
vn -0.97180000 0.23560000 -0.00000000
vn -0.98610000 -0.16590000 -0.00000000
vn -1.00000000 -0.00480000 -0.00000000
vn -1.00000000 -0.00480000 -0.00000000
vn -1.00000000 -0.00480000 -0.00000000
vn -0.99710000 0.07590000 0.00010000
vn -0.99710000 0.07610000 -0.00000000
vn -0.98610000 -0.16590000 -0.00000000
vn -0.99630000 -0.08570000 -0.00010000
vn -0.99630000 -0.08560000 -0.00000000
vn -0.94900000 -0.31530000 -0.00000000
vn -0.94900000 -0.31530000 -0.00000000
vn -0.88940000 -0.45720000 -0.00000000
vn -0.98820000 -0.15290000 -0.00000000
vn -0.98690000 0.16130000 -0.00000000
vn -0.88910000 0.45780000 -0.00000000
vn -0.70450000 0.70970000 -0.00000000
vn -0.98610000 -0.16590000 -0.00000000
vn -0.94900000 -0.31540000 -0.00000000
vn -0.94900000 -0.31530000 -0.00010000
vn -0.98770000 0.15640000 -0.00000000
vn -1.00000000 -0.00480000 -0.00000000
vn -1.00000000 -0.00480000 -0.00000000
vn -0.88690000 0.46190000 -0.00000000
vn -0.94970000 0.31330000 -0.00000000
vn -0.94970000 0.31330000 -0.00000000
vn -0.80530000 0.59290000 -0.00000000
vn -0.80530000 0.59290000 -0.00000000
vn -0.70450000 0.70970000 -0.00000000
vn -0.70450000 0.70970000 -0.00000000
vn -0.70450000 0.70970000 -0.00000000
vn -0.88930000 -0.45720000 -0.00000000
vn -0.88930000 -0.45730000 -0.00000000
vn -0.88930000 -0.45730000 -0.00000000
vn -0.88930000 -0.45730000 -0.00000000
vn -0.98380000 0.17930000 -0.00000000
vn -0.95800000 0.28690000 -0.00000000
vn -0.97240000 0.23340000 -0.00000000
vn -0.98380000 0.17930000 -0.00000000
vn -0.97240000 0.23340000 -0.00000000
vn -0.98380000 0.17930000 -0.00000000
vn -0.98380000 0.17930000 -0.00000000
vn -0.98380000 0.17930000 -0.00000000
vn -0.95800000 0.28690000 -0.00000000
vn -0.95800000 0.28690000 -0.00000000
vn -0.95800000 0.28690000 -0.00000000
vn -0.95800000 0.28690000 -0.00000000
vn -0.80370000 0.59500000 -0.00000000
vn -0.80370000 0.59500000 -0.00000000
vn -0.95110000 0.30900000 -0.00000000
vn -0.95110000 0.30900000 -0.00000000
vn -1.00000000 -0.00960000 -0.00000000
vn -1.00000000 -0.00960000 -0.00000000
vn -0.58480000 0.81120000 -0.00000000
vn -0.81290000 0.58230000 -0.00000000
vn -0.89300000 0.45010000 -0.00000000
vn -0.95100000 0.30920000 -0.00000000
vn -0.98690000 0.16110000 -0.00000000
vn -1.00000000 0.00700000 -0.00000000
vn -0.94990000 -0.31250000 -0.00000000
vn -0.95110000 0.30900000 -0.00000000
vn -0.88900000 0.45800000 -0.00000000
vn -0.80370000 0.59500000 -0.00000000
vn -0.88900000 0.45800000 -0.00000000
vn -0.88900000 0.45800000 -0.00000000
vn -0.84910000 0.52820000 -0.00010000
vn -0.80370000 0.59500000 -0.00000000
vn -0.84910000 0.52830000 -0.00000000
vn -0.70260000 0.71160000 -0.00000000
vn -0.70260000 0.71160000 -0.00000000
vn -0.95110000 0.30900000 -0.00000000
vn -0.92300000 0.38480000 -0.00010000
vn -0.92300000 0.38480000 -0.00000000
vn -1.00000000 -0.00960000 -0.00000000
vn -0.98840000 0.15170000 -0.00000000
vn -0.98840000 0.15160000 -0.00000000
vn -0.98840000 0.15170000 -0.00000000
vn -0.97290000 0.23120000 -0.00010000
vn -0.97290000 0.23110000 -0.00000000
vn -1.00000000 -0.00960000 -0.00000000
vn -0.99750000 0.07130000 -0.00010000
vn -0.99750000 0.07120000 -0.00000000
vn -0.98660000 -0.16300000 -0.00000000
vn -0.98660000 -0.16300000 -0.00000000
vn -0.94990000 -0.31250000 -0.00000000
vn -1.00000000 0.00360000 -0.00000000
vn -0.94950000 0.31370000 -0.00000000
vn -0.80650000 0.59120000 -0.00000000
vn -0.58480000 0.81120000 -0.00000000
vn -1.00000000 -0.00960000 -0.00000000
vn -0.98660000 -0.16310000 -0.00000000
vn -0.98660000 -0.16300000 -0.00000000
vn -0.95110000 0.30900000 -0.00000000
vn -0.98840000 0.15170000 -0.00000000
vn -0.98840000 0.15170000 -0.00000000
vn -0.80370000 0.59500000 -0.00000000
vn -0.88900000 0.45800000 -0.00000000
vn -0.88900000 0.45800000 -0.00000000
vn -0.70260000 0.71160000 -0.00000000
vn -0.70260000 0.71160000 -0.00000000
vn -0.58480000 0.81120000 -0.00000000
vn -0.58480000 0.81120000 -0.00000000
vn -0.58480000 0.81120000 -0.00000000
vn -0.94990000 -0.31250000 -0.00000000
vn -0.94990000 -0.31250000 -0.00000000
vn -0.94990000 -0.31250000 -0.00000000
vn -0.94360000 0.33100000 -0.00000000
vn -0.90130000 0.43320000 -0.00000000
vn -0.92390000 0.38270000 -0.00000000
vn -0.94360000 0.33100000 -0.00000000
vn -0.92390000 0.38270000 -0.00000000
vn -0.94360000 0.33100000 -0.00000000
vn -0.94360000 0.33100000 -0.00000000
vn -0.94360000 0.33100000 -0.00000000
vn -0.90130000 0.43320000 -0.00000000
vn -0.90130000 0.43320000 -0.00000000
vn -0.90130000 0.43320000 -0.00000000
vn -0.90130000 0.43320000 -0.00000000
vn -0.70080000 0.71340000 -0.00000000
vn -0.70080000 0.71340000 -0.00000000
vn -0.89100000 0.45400000 -0.00000000
vn -0.89100000 0.45400000 -0.00000000
vn -0.98910000 0.14700000 -0.00010000
vn -0.98910000 0.14700000 -0.00000000
vn -0.45070000 0.89270000 -0.00000000
vn -0.71180000 0.70240000 -0.00000000
vn -0.81160000 0.58420000 -0.00000000
vn -0.89090000 0.45410000 -0.00000000
vn -0.94960000 0.31350000 -0.00000000
vn -0.98660000 0.16330000 -0.00000000
vn -0.89110000 0.45390000 -0.00000000
vn -0.80640000 0.59140000 -0.00000000
vn -0.70070000 0.71340000 -0.00000000
vn -0.80630000 0.59150000 -0.00000000
vn -0.80640000 0.59140000 -0.00000000
vn -0.75610000 0.65450000 -0.00010000
vn -0.70070000 0.71340000 -0.00000000
vn -0.75600000 0.65450000 -0.00000000
vn -0.58270000 0.81270000 -0.00000000
vn -0.58270000 0.81270000 -0.00000000
vn -0.89100000 0.45400000 -0.00000000
vn -0.85140000 0.52450000 -0.00010000
vn -0.85140000 0.52450000 -0.00000000
vn -0.98910000 0.14690000 -0.00000000
vn -0.95250000 0.30440000 -0.00000000
vn -0.95250000 0.30450000 -0.00000000
vn -0.95250000 0.30440000 -0.00000000
vn -0.92480000 0.38040000 -0.00010000
vn -0.92480000 0.38050000 -0.00000000
vn -0.98910000 0.14690000 -0.00000000
vn -0.97400000 0.22640000 -0.00010000
vn -0.97400000 0.22640000 -0.00000000
vn -1.00000000 -0.00670000 -0.00000000
vn -1.00000000 -0.00670000 -0.00000000
vn -0.98710000 -0.16000000 -0.00000000
vn -0.98710000 0.16000000 -0.00000000
vn -0.88880000 0.45830000 -0.00000000
vn -0.70410000 0.71010000 -0.00000000
vn -0.45070000 0.89270000 -0.00000000
vn -0.98910000 0.14690000 -0.00000000
vn -1.00000000 -0.00670000 -0.00000000
vn -1.00000000 -0.00660000 -0.00000000
vn -0.89100000 0.45400000 -0.00000000
vn -0.95250000 0.30450000 -0.00000000
vn -0.95250000 0.30440000 -0.00000000
vn -0.70080000 0.71340000 -0.00000000
vn -0.80640000 0.59140000 -0.00000000
vn -0.80640000 0.59140000 -0.00000000
vn -0.58270000 0.81270000 -0.00000000
vn -0.58260000 0.81270000 -0.00000000
vn -0.45070000 0.89270000 -0.00000000
vn -0.45070000 0.89270000 -0.00000000
vn -0.45070000 0.89270000 -0.00000000
vn -0.98710000 -0.16000000 -0.00000000
vn -0.98710000 -0.16010000 -0.00000000
vn -0.98710000 -0.16010000 -0.00000000
vn -0.98710000 -0.16010000 -0.00000000
vn -0.88020000 0.47450000 -0.00000000
vn -0.82240000 0.56890000 -0.00000000
vn -0.85260000 0.52250000 -0.00000000
vn -0.85260000 0.52250000 -0.00000000
vn -0.88020000 0.47450000 -0.00000000
vn -0.88020000 0.47450000 -0.00000000
vn -0.88020000 0.47450000 -0.00000000
vn -0.88030000 0.47450000 -0.00000000
vn -0.82240000 0.56890000 -0.00000000
vn -0.82240000 0.56890000 -0.00000000
vn -0.82240000 0.56890000 -0.00000000
vn -0.82240000 0.56890000 -0.00000000
vn -0.58050000 0.81420000 -0.00000000
vn -0.58050000 0.81430000 -0.00000000
vn -0.80900000 0.58780000 -0.00000000
vn -0.80910000 0.58770000 -0.00000000
vn -0.95400000 0.29990000 -0.00000000
vn -0.95400000 0.29980000 -0.00000000
vn -0.30550000 0.95220000 -0.00000000
vn -0.59320000 0.80510000 -0.00000000
vn -0.71020000 0.70400000 -0.00000000
vn -0.80890000 0.58790000 -0.00000000
vn -0.88890000 0.45820000 -0.00000000
vn -0.94890000 0.31560000 -0.00000000
vn -1.00000000 -0.00370000 -0.00000000
vn -0.80900000 0.58780000 -0.00000000
vn -0.70390000 0.71030000 -0.00010000
vn -0.58050000 0.81430000 -0.00000000
vn -0.70390000 0.71030000 -0.00000000
vn -0.70390000 0.71030000 -0.00000000
vn -0.64430000 0.76480000 -0.00010000
vn -0.58050000 0.81430000 -0.00000000
vn -0.64430000 0.76480000 -0.00000000
vn -0.44830000 0.89390000 -0.00000000
vn -0.44830000 0.89390000 -0.00000000
vn -0.80900000 0.58780000 -0.00000000
vn -0.75890000 0.65120000 -0.00010000
vn -0.75890000 0.65120000 -0.00000000
vn -0.95400000 0.29980000 -0.00000000
vn -0.89320000 0.44970000 -0.00010000
vn -0.89320000 0.44970000 -0.00000000
vn -0.89320000 0.44970000 -0.00000000
vn -0.85390000 0.52040000 -0.00010000
vn -0.85390000 0.52050000 -0.00000000
vn -0.95400000 0.29990000 -0.00000000
vn -0.92660000 0.37610000 -0.00010000
vn -0.92660000 0.37600000 -0.00000000
vn -0.98870000 0.14980000 -0.00000000
vn -0.98870000 0.14990000 -0.00000000
vn -1.00000000 -0.00370000 -0.00000000
vn -0.94990000 0.31240000 -0.00000000
vn -0.80610000 0.59170000 -0.00000000
vn -0.58430000 0.81150000 -0.00000000
vn -0.30550000 0.95220000 -0.00000000
vn -0.95400000 0.29990000 -0.00000000
vn -0.98870000 0.14990000 -0.00000000
vn -0.98870000 0.14990000 -0.00010000
vn -0.80900000 0.58780000 -0.00000000
vn -0.89320000 0.44970000 -0.00000000
vn -0.89320000 0.44970000 -0.00000000
vn -0.58050000 0.81420000 -0.00000000
vn -0.70390000 0.71030000 -0.00000000
vn -0.70390000 0.71030000 -0.00000000
vn -0.44830000 0.89390000 -0.00000000
vn -0.44830000 0.89390000 -0.00000000
vn -0.30550000 0.95220000 -0.00000000
vn -0.30550000 0.95220000 -0.00000000
vn -0.30550000 0.95220000 -0.00000000
vn -1.00000000 -0.00370000 -0.00000000
vn -1.00000000 -0.00370000 -0.00000000
vn -1.00000000 -0.00370000 -0.00000000
vn -0.72330000 0.69050000 -0.00000000
vn -0.72330000 0.69050000 -0.00000000
vn -0.76040000 0.64940000 -0.00000000
vn -0.79520000 0.60640000 -0.00000000
vn -0.76040000 0.64940000 -0.00000000
vn -0.79520000 0.60640000 -0.00000000
vn -0.79520000 0.60640000 -0.00000000
vn -0.79520000 0.60640000 -0.00000000
vn -0.79520000 0.60640000 -0.00000000
vn -0.72330000 0.69050000 -0.00000000
vn -0.72330000 0.69050000 -0.00000000
vn -0.72330000 0.69050000 -0.00000000
vn -0.44600000 0.89500000 -0.00000000
vn -0.44600000 0.89500000 -0.00000000
vn -0.70710000 0.70710000 -0.00000000
vn -0.70720000 0.70700000 -0.00000000
vn -0.89530000 0.44540000 -0.00000000
vn -0.89530000 0.44540000 -0.00000000
vn -0.15280000 0.98830000 -0.00000000
vn -0.45990000 0.88800000 -0.00000000
vn -0.59140000 0.80640000 -0.00000000
vn -0.70700000 0.70720000 -0.00000000
vn -0.80630000 0.59160000 -0.00000000
vn -0.88780000 0.46020000 -0.00000000
vn -0.98830000 0.15280000 -0.00000000
vn -0.70710000 0.70710000 -0.00000000
vn -0.58410000 0.81160000 -0.00010000
vn -0.44600000 0.89500000 -0.00000000
vn -0.58420000 0.81160000 -0.00000000
vn -0.58420000 0.81160000 -0.00000000
vn -0.51680000 0.85610000 -0.00010000
vn -0.44600000 0.89500000 -0.00000000
vn -0.51670000 0.85620000 -0.00000000
vn -0.30300000 0.95300000 -0.00000000
vn -0.30300000 0.95300000 -0.00000000
vn -0.70710000 0.70710000 -0.00000000
vn -0.64770000 0.76190000 -0.00010000
vn -0.64770000 0.76190000 -0.00000000
vn -0.89530000 0.44540000 -0.00000000
vn -0.81180000 0.58390000 -0.00000000
vn -0.81180000 0.58390000 -0.00000000
vn -0.81180000 0.58390000 -0.00000000
vn -0.76190000 0.64760000 -0.00010000
vn -0.76200000 0.64760000 -0.00000000
vn -0.89530000 0.44540000 -0.00000000
vn -0.85640000 0.51630000 -0.00010000
vn -0.85640000 0.51630000 -0.00000000
vn -0.95310000 0.30280000 -0.00000000
vn -0.95310000 0.30270000 -0.00000000
vn -0.98830000 0.15280000 -0.00000000
vn -0.88940000 0.45720000 -0.00000000
vn -0.70360000 0.71060000 -0.00000000
vn -0.45020000 0.89290000 -0.00000000
vn -0.15280000 0.98820000 -0.00000000
vn -0.89530000 0.44540000 -0.00000000
vn -0.95310000 0.30270000 -0.00000000
vn -0.95310000 0.30270000 -0.00000000
vn -0.70710000 0.70710000 -0.00000000
vn -0.81180000 0.58390000 -0.00000000
vn -0.81180000 0.58390000 -0.00000000
vn -0.44600000 0.89500000 -0.00000000
vn -0.58420000 0.81160000 -0.00000000
vn -0.58420000 0.81160000 -0.00000000
vn -0.30300000 0.95300000 -0.00000000
vn -0.30300000 0.95300000 -0.00010000
vn -0.15280000 0.98830000 -0.00000000
vn -0.15280000 0.98830000 -0.00000000
vn -0.15280000 0.98830000 -0.00000000
vn -0.98830000 0.15280000 -0.00000000
vn -0.98830000 0.15280000 -0.00000000
vn -0.98830000 0.15280000 -0.00000000
vn -0.69050000 0.72330000 -0.00000000
vn -0.60640000 0.79520000 -0.00000000
vn -0.64940000 0.76040000 -0.00000000
vn -0.64950000 0.76040000 -0.00000000
vn -0.69050000 0.72330000 -0.00000000
vn -0.69050000 0.72330000 -0.00000000
vn -0.69050000 0.72330000 -0.00000000
vn -0.69050000 0.72330000 -0.00000000
vn -0.60640000 0.79520000 -0.00000000
vn -0.60640000 0.79520000 -0.00000000
vn -0.60640000 0.79520000 -0.00000000
vn -0.60640000 0.79520000 -0.00000000
vn -0.30050000 0.95380000 -0.00000000
vn -0.30050000 0.95380000 -0.00000000
vn -0.58780000 0.80900000 -0.00000000
vn -0.58790000 0.80890000 -0.00000000
vn -0.81460000 0.58000000 -0.00000000
vn -0.81460000 0.58000000 -0.00000000
vn 0.00360000 1.00000000 -0.00000000
vn -0.31540000 0.94900000 -0.00000000
vn -0.45790000 0.88900000 -0.00000000
vn -0.58770000 0.80910000 -0.00000000
vn -0.70380000 0.71040000 -0.00000000
vn -0.80490000 0.59340000 -0.00000000
vn -0.95220000 0.30550000 -0.00000000
vn -0.58780000 0.80900000 -0.00000000
vn -0.45000000 0.89300000 -0.00000000
vn -0.30050000 0.95380000 -0.00000000
vn -0.45000000 0.89300000 -0.00000000
vn -0.45000000 0.89300000 -0.00000000
vn -0.37640000 0.92650000 -0.00010000
vn -0.30050000 0.95380000 -0.00000000
vn -0.37650000 0.92640000 -0.00000000
vn -0.15020000 0.98870000 -0.00000000
vn -0.15020000 0.98870000 0.00010000
vn -0.58780000 0.80900000 -0.00000000
vn -0.52050000 0.85390000 0.00020000
vn -0.52060000 0.85380000 -0.00000000
vn -0.81460000 0.58000000 -0.00000000
vn -0.71050000 0.70370000 -0.00010000
vn -0.71060000 0.70360000 -0.00000000
vn -0.71050000 0.70370000 -0.00000000
vn -0.65130000 0.75880000 -0.00010000
vn -0.65130000 0.75880000 -0.00000000
vn -0.81460000 0.58000000 -0.00000000
vn -0.76510000 0.64400000 -0.00010000
vn -0.76510000 0.64390000 -0.00000000
vn -0.89400000 0.44810000 -0.00000000
vn -0.89400000 0.44810000 -0.00000000
vn -0.95220000 0.30550000 -0.00000000
vn -0.80690000 0.59070000 -0.00000000
vn -0.58380000 0.81190000 -0.00000000
vn -0.30500000 0.95240000 -0.00000000
vn 0.00360000 1.00000000 -0.00000000
vn -0.81470000 0.57990000 -0.00000000
vn -0.89400000 0.44800000 -0.00000000
vn -0.89400000 0.44810000 -0.00000000
vn -0.58780000 0.80900000 -0.00000000
vn -0.71050000 0.70370000 -0.00000000
vn -0.71050000 0.70370000 -0.00000000
vn -0.30050000 0.95380000 -0.00000000
vn -0.45000000 0.89300000 -0.00000000
vn -0.45000000 0.89300000 -0.00000000
vn -0.15020000 0.98870000 -0.00000000
vn -0.15020000 0.98870000 -0.00000000
vn 0.00370000 1.00000000 -0.00000000
vn 0.00360000 1.00000000 -0.00000000
vn 0.00370000 1.00000000 -0.00000000
vn -0.95220000 0.30550000 -0.00000000
vn -0.95220000 0.30550000 -0.00000000
vn -0.95220000 0.30550000 -0.00000000
vn -0.56890000 0.82240000 -0.00000000
vn -0.47450000 0.88020000 -0.00000000
vn -0.52250000 0.85260000 -0.00000000
vn -0.56890000 0.82240000 -0.00000000
vn -0.52250000 0.85260000 -0.00000000
vn -0.56890000 0.82240000 -0.00000000
vn -0.56890000 0.82240000 -0.00000000
vn -0.56890000 0.82240000 -0.00000000
vn -0.47450000 0.88020000 -0.00000000
vn -0.47450000 0.88020000 -0.00000000
vn -0.47450000 0.88020000 -0.00000000
vn -0.47450000 0.88020000 -0.00000000
vn -0.14760000 0.98900000 -0.00000000
vn -0.14760000 0.98900000 -0.00000000
vn -0.45400000 0.89100000 -0.00000000
vn -0.45410000 0.89100000 -0.00000000
vn -0.71390000 0.70030000 -0.00000000
vn -0.71390000 0.70030000 -0.00000000
vn 0.16000000 0.98710000 -0.00000000
vn -0.16300000 0.98660000 -0.00000000
vn -0.31320000 0.94970000 -0.00000000
vn -0.45390000 0.89110000 -0.00000000
vn -0.58400000 0.81180000 -0.00000000
vn -0.70220000 0.71200000 -0.00000000
vn -0.89270000 0.45070000 -0.00000000
vn -0.45400000 0.89100000 -0.00000000
vn -0.30470000 0.95240000 -0.00000000
vn -0.14760000 0.98900000 -0.00000000
vn -0.30470000 0.95240000 -0.00000000
vn -0.30470000 0.95240000 -0.00000000
vn -0.22690000 0.97390000 -0.00010000
vn -0.14760000 0.98910000 -0.00000000
vn -0.22680000 0.97390000 -0.00000000
vn 0.00630000 1.00000000 -0.00000000
vn 0.00630000 1.00000000 -0.00000000
vn -0.45400000 0.89100000 -0.00000000
vn -0.38060000 0.92470000 -0.00010000
vn -0.38060000 0.92470000 -0.00000000
vn -0.71390000 0.70030000 -0.00000000
vn -0.59170000 0.80620000 -0.00010000
vn -0.59160000 0.80620000 -0.00000000
vn -0.59170000 0.80620000 -0.00000000
vn -0.52450000 0.85140000 -0.00010000
vn -0.52450000 0.85140000 -0.00000000
vn -0.71390000 0.70030000 -0.00000000
vn -0.65490000 0.75570000 -0.00010000
vn -0.65500000 0.75570000 -0.00000000
vn -0.81290000 0.58240000 -0.00000000
vn -0.81290000 0.58240000 -0.00000000
vn -0.89270000 0.45070000 -0.00000000
vn -0.70460000 0.70960000 -0.00000000
vn -0.44960000 0.89320000 -0.00000000
vn -0.15230000 0.98830000 -0.00000000
vn 0.16000000 0.98710000 -0.00000000
vn -0.71390000 0.70030000 -0.00000000
vn -0.81290000 0.58240000 -0.00000000
vn -0.81290000 0.58240000 -0.00000000
vn -0.45400000 0.89100000 -0.00000000
vn -0.59170000 0.80620000 -0.00000000
vn -0.59170000 0.80620000 -0.00010000
vn -0.14750000 0.98910000 -0.00000000
vn -0.30470000 0.95240000 -0.00000000
vn -0.30470000 0.95240000 -0.00000000
vn 0.00630000 1.00000000 -0.00000000
vn 0.00630000 1.00000000 -0.00000000
vn 0.16000000 0.98710000 -0.00000000
vn 0.16000000 0.98710000 -0.00000000
vn 0.16000000 0.98710000 -0.00000000
vn -0.89270000 0.45070000 -0.00000000
vn -0.89270000 0.45070000 -0.00000000
vn -0.89270000 0.45070000 -0.00000000
vn -0.43320000 0.90130000 -0.00000000
vn -0.33100000 0.94360000 -0.00000000
vn -0.38270000 0.92390000 -0.00000000
vn -0.43320000 0.90130000 -0.00000000
vn -0.38270000 0.92390000 -0.00000000
vn -0.43320000 0.90130000 -0.00000000
vn -0.43320000 0.90130000 -0.00000000
vn -0.43320000 0.90130000 -0.00000000
vn -0.33100000 0.94360000 -0.00000000
vn -0.33100000 0.94360000 -0.00000000
vn -0.33100000 0.94360000 -0.00000000
vn -0.33100000 0.94360000 -0.00000000
vn 0.00900000 1.00000000 -0.00000000
vn 0.00900000 1.00000000 -0.00000000
vn -0.30900000 0.95110000 -0.00000000
vn -0.30910000 0.95100000 -0.00000000
vn -0.59550000 0.80330000 -0.00000000
vn -0.59550000 0.80340000 -0.00000000
vn 0.31250000 0.94990000 -0.00000000
vn -0.00670000 1.00000000 -0.00000000
vn -0.16080000 0.98700000 -0.00000000
vn -0.30890000 0.95110000 -0.00000000
vn -0.44980000 0.89310000 -0.00000000
vn -0.58220000 0.81310000 -0.00000000
vn -0.81120000 0.58480000 -0.00000000
vn -0.30910000 0.95100000 -0.00000000
vn -0.15200000 0.98840000 -0.00000000
vn 0.00900000 1.00000000 -0.00000000
vn -0.15200000 0.98840000 -0.00000000
vn -0.15200000 0.98840000 -0.00000000
vn -0.07180000 0.99740000 -0.00010000
vn 0.00900000 1.00000000 -0.00000000
vn -0.07170000 0.99740000 -0.00000000
vn 0.16270000 0.98670000 -0.00000000
vn 0.16270000 0.98670000 -0.00000000
vn -0.30900000 0.95110000 -0.00000000
vn -0.23130000 0.97290000 -0.00010000
vn -0.23130000 0.97290000 -0.00000000
vn -0.59550000 0.80330000 -0.00000000
vn -0.45830000 0.88880000 -0.00010000
vn -0.45820000 0.88880000 -0.00000000
vn -0.45830000 0.88880000 -0.00000000
vn -0.38490000 0.92300000 -0.00010000
vn -0.38490000 0.92300000 -0.00000000
vn -0.59550000 0.80330000 -0.00000000
vn -0.52860000 0.84880000 -0.00010000
vn -0.52860000 0.84890000 -0.00000000
vn -0.71180000 0.70240000 -0.00000000
vn -0.71180000 0.70240000 -0.00000000
vn -0.81120000 0.58480000 -0.00000000
vn -0.58490000 0.81110000 -0.00000000
vn -0.30440000 0.95260000 -0.00000000
vn 0.00420000 1.00000000 -0.00000000
vn 0.31250000 0.94990000 -0.00000000
vn -0.59550000 0.80330000 -0.00000000
vn -0.71180000 0.70240000 -0.00000000
vn -0.71180000 0.70240000 -0.00000000
vn -0.30900000 0.95110000 -0.00010000
vn -0.45830000 0.88880000 -0.00000000
vn -0.45830000 0.88880000 -0.00000000
vn 0.00890000 1.00000000 -0.00000000
vn -0.15200000 0.98840000 -0.00000000
vn -0.15200000 0.98840000 -0.00000000
vn 0.16270000 0.98670000 -0.00000000
vn 0.16270000 0.98670000 -0.00000000
vn 0.31250000 0.94990000 -0.00000000
vn 0.31250000 0.94990000 -0.00000000
vn 0.31250000 0.94990000 -0.00000000
vn -0.81120000 0.58480000 -0.00000000
vn -0.81120000 0.58480000 -0.00000000
vn -0.81120000 0.58480000 -0.00000000
vn -0.17930000 0.98380000 -0.00000000
vn -0.17930000 0.98380000 -0.00000000
vn -0.23340000 0.97240000 -0.00000000
vn -0.28690000 0.95800000 -0.00000000
vn -0.23340000 0.97240000 -0.00000000
vn -0.28690000 0.95800000 -0.00000000
vn -0.28690000 0.95800000 -0.00000000
vn -0.28690000 0.95800000 -0.00000000
vn -0.28690000 0.95800000 -0.00000000
vn -0.17930000 0.98380000 -0.00000000
vn -0.17930000 0.98380000 -0.00000000
vn -0.17930000 0.98380000 -0.00000000
vn 0.16530000 0.98620000 -0.00000000
vn 0.16530000 0.98620000 -0.00000000
vn -0.15640000 0.98770000 -0.00000000
vn -0.15650000 0.98770000 -0.00000000
vn -0.46250000 0.88660000 -0.00000000
vn -0.46250000 0.88660000 -0.00000000
vn 0.45720000 0.88930000 -0.00000000
vn 0.14980000 0.98870000 -0.00000000
vn -0.00440000 1.00000000 -0.00000000
vn -0.15630000 0.98770000 -0.00000000
vn -0.30460000 0.95250000 -0.00000000
vn -0.44780000 0.89410000 -0.00000000
vn -0.70970000 0.70450000 -0.00000000
vn -0.15650000 0.98770000 -0.00000000
vn 0.00450000 1.00000000 -0.00000000
vn 0.16530000 0.98620000 -0.00000000
vn 0.00450000 1.00000000 -0.00000000
vn 0.00450000 1.00000000 -0.00000000
vn 0.08520000 0.99640000 -0.00010000
vn 0.16530000 0.98620000 -0.00000000
vn 0.08520000 0.99640000 -0.00000000
vn 0.31500000 0.94910000 -0.00000000
vn 0.31500000 0.94910000 -0.00000000
vn -0.15640000 0.98770000 -0.00000000
vn -0.07620000 0.99710000 -0.00010000
vn -0.07620000 0.99710000 -0.00000000
vn -0.46250000 0.88660000 -0.00000000
vn -0.31360000 0.94960000 -0.00000000
vn -0.31360000 0.94960000 -0.00000000
vn -0.31360000 0.94960000 -0.00000000
vn -0.23580000 0.97180000 -0.00010000
vn -0.23580000 0.97180000 -0.00000000
vn -0.46250000 0.88660000 -0.00000000
vn -0.38940000 0.92110000 0.00020000
vn -0.38940000 0.92110000 -0.00000000
vn -0.59310000 0.80510000 -0.00000000
vn -0.59320000 0.80510000 -0.00000000
vn -0.70970000 0.70450000 -0.00000000
vn -0.45080000 0.89260000 -0.00000000
vn -0.15160000 0.98840000 -0.00000000
vn 0.16060000 0.98700000 -0.00000000
vn 0.45720000 0.88940000 -0.00000000
vn -0.46250000 0.88660000 -0.00000000
vn -0.59310000 0.80510000 -0.00000000
vn -0.59320000 0.80510000 -0.00000000
vn -0.15640000 0.98770000 -0.00000000
vn -0.31360000 0.94960000 -0.00000000
vn -0.31360000 0.94960000 -0.00000000
vn 0.16530000 0.98620000 -0.00000000
vn 0.00450000 1.00000000 -0.00000000
vn 0.00450000 1.00000000 -0.00000000
vn 0.31500000 0.94910000 -0.00000000
vn 0.31500000 0.94910000 -0.00000000
vn 0.45730000 0.88930000 -0.00000000
vn 0.45730000 0.88930000 -0.00000000
vn 0.45730000 0.88930000 -0.00000000
vn -0.70970000 0.70450000 -0.00000000
vn -0.70970000 0.70450000 -0.00000000
vn -0.70970000 0.70450000 -0.00000000
vn -0.13350000 0.99110000 -0.00000000
vn -0.02320000 0.99970000 -0.00000000
vn -0.07850000 0.99690000 -0.00000000
vn -0.07850000 0.99690000 -0.00000000
vn -0.13350000 0.99110000 -0.00000000
vn -0.13350000 0.99110000 -0.00000000
vn -0.13350000 0.99110000 -0.00000000
vn -0.13350000 0.99110000 -0.00000000
vn -0.02320000 0.99970000 -0.00000000
vn -0.02320000 0.99970000 -0.00000000
vn -0.02320000 0.99970000 -0.00000000
vn -0.02320000 0.99970000 -0.00000000
vn 0.31750000 0.94820000 -0.00000000
vn 0.31750000 0.94820000 -0.00000000
vn -0.00000000 1.00000000 -0.00000000
vn -0.00010000 1.00000000 -0.00000000
vn -0.31810000 0.94800000 -0.00000000
vn -0.31820000 0.94800000 -0.00000000
vn 0.59070000 0.80690000 -0.00000000
vn 0.30260000 0.95310000 -0.00000000
vn 0.15210000 0.98840000 -0.00000000
vn 0.00020000 1.00000000 -0.00000000
vn -0.15180000 0.98840000 -0.00000000
vn -0.30240000 0.95320000 -0.00000000
vn -0.00000000 1.00000000 -0.00000000
vn 0.16090000 0.98700000 -0.00000000
vn 0.31750000 0.94820000 -0.00000000
vn 0.16090000 0.98700000 -0.00000000
vn 0.16090000 0.98700000 -0.00000000
vn 0.24000000 0.97080000 0.00020000
vn 0.31750000 0.94820000 -0.00000000
vn 0.24000000 0.97080000 -0.00000000
vn 0.45960000 0.88810000 -0.00000000
vn 0.45960000 0.88810000 -0.00000000
vn -0.00000000 1.00000000 -0.00000000
vn 0.08070000 0.99670000 0.00020000
vn 0.08070000 0.99670000 -0.00000000
vn -0.31820000 0.94800000 -0.00000000
vn -0.16120000 0.98690000 -0.00010000
vn -0.16120000 0.98690000 -0.00000000
vn -0.16120000 0.98690000 -0.00000000
vn -0.08090000 0.99670000 0.00020000
vn -0.08090000 0.99670000 -0.00000000
vn -0.31810000 0.94800000 -0.00000000
vn -0.24040000 0.97070000 -0.00010000
vn -0.24040000 0.97070000 -0.00000000
vn -0.45990000 0.88800000 -0.00000000
vn -0.45990000 0.88800000 -0.00000000
vn -0.59070000 0.80690000 -0.00000000
vn -0.30510000 0.95230000 -0.00000000
vn 0.00490000 1.00000000 -0.00000000
vn 0.31250000 0.94990000 -0.00000000
vn 0.59070000 0.80690000 -0.00000000
vn -0.31810000 0.94810000 -0.00000000
vn -0.45990000 0.88800000 -0.00000000
vn -0.45990000 0.88800000 -0.00000000
vn -0.00000000 1.00000000 -0.00000000
vn -0.16120000 0.98690000 -0.00000000
vn -0.16120000 0.98690000 -0.00010000
vn 0.31760000 0.94820000 -0.00000000
vn 0.16090000 0.98700000 -0.00000000
vn 0.16090000 0.98700000 -0.00000000
vn 0.45960000 0.88810000 -0.00000000
vn 0.45960000 0.88810000 -0.00010000
vn 0.59070000 0.80690000 -0.00000000
vn 0.59070000 0.80690000 -0.00000000
vn 0.59070000 0.80690000 -0.00000000
vn -0.59080000 0.80690000 -0.00000000
vn -0.59070000 0.80690000 -0.00000000
vn -0.59070000 0.80690000 -0.00000000
vn -0.59070000 0.80690000 -0.00000000
vn 0.02320000 0.99970000 -0.00000000
vn 0.13350000 0.99110000 -0.00000000
vn 0.07850000 0.99690000 -0.00000000
vn 0.07850000 0.99690000 -0.00000000
vn 0.02320000 0.99970000 -0.00000000
vn 0.02320000 0.99970000 -0.00000000
vn 0.02320000 0.99970000 -0.00000000
vn 0.02320000 0.99970000 -0.00000000
vn 0.13350000 0.99110000 -0.00000000
vn 0.13350000 0.99110000 -0.00000000
vn 0.13350000 0.99110000 -0.00000000
vn 0.13350000 0.99110000 -0.00000000
vn 0.46190000 0.88690000 -0.00000000
vn 0.46200000 0.88690000 -0.00000000
vn 0.15640000 0.98770000 -0.00000000
vn 0.15640000 0.98770000 -0.00000000
vn -0.16590000 0.98610000 -0.00000000
vn -0.16590000 0.98610000 -0.00000000
vn 0.70970000 0.70450000 -0.00000000
vn 0.44800000 0.89400000 -0.00000000
vn 0.30480000 0.95240000 -0.00000000
vn 0.15660000 0.98770000 -0.00000000
vn 0.00470000 1.00000000 -0.00000000
vn -0.14960000 0.98870000 -0.00000000
vn 0.15640000 0.98770000 -0.00000000
vn 0.31330000 0.94970000 -0.00000000
vn 0.46200000 0.88690000 -0.00000000
vn 0.31330000 0.94970000 -0.00000000
vn 0.31330000 0.94970000 -0.00000000
vn 0.38890000 0.92130000 -0.00010000
vn 0.46200000 0.88690000 -0.00000000
vn 0.38900000 0.92130000 -0.00000000
vn 0.59290000 0.80530000 -0.00000000
vn 0.59290000 0.80530000 -0.00000000
vn 0.15640000 0.98770000 -0.00000000
vn 0.23560000 0.97180000 0.00020000
vn 0.23570000 0.97180000 -0.00000000
vn -0.16590000 0.98610000 -0.00000000
vn -0.00480000 1.00000000 -0.00000000
vn -0.00480000 1.00000000 -0.00000000
vn -0.00480000 1.00000000 -0.00000000
vn 0.07610000 0.99710000 -0.00010000
vn 0.07600000 0.99710000 -0.00000000
vn -0.16590000 0.98610000 -0.00000000
vn -0.08570000 0.99630000 -0.00010000
vn -0.08570000 0.99630000 -0.00000000
vn -0.31530000 0.94900000 -0.00000000
vn -0.31530000 0.94900000 -0.00000000
vn -0.45720000 0.88930000 -0.00000000
vn -0.15290000 0.98820000 -0.00000000
vn 0.16130000 0.98690000 -0.00000000
vn 0.45780000 0.88910000 -0.00000000
vn 0.70970000 0.70450000 -0.00000000
vn -0.16590000 0.98610000 -0.00000000
vn -0.31530000 0.94900000 -0.00000000
vn -0.31530000 0.94900000 -0.00000000
vn 0.15640000 0.98770000 -0.00000000
vn -0.00480000 1.00000000 -0.00000000
vn -0.00480000 1.00000000 -0.00000000
vn 0.46200000 0.88690000 -0.00000000
vn 0.31330000 0.94970000 -0.00000000
vn 0.31330000 0.94970000 -0.00000000
vn 0.59290000 0.80530000 -0.00000000
vn 0.59290000 0.80530000 -0.00010000
vn 0.70970000 0.70450000 -0.00000000
vn 0.70970000 0.70450000 -0.00000000
vn 0.70970000 0.70450000 -0.00000000
vn -0.45730000 0.88930000 -0.00000000
vn -0.45730000 0.88930000 -0.00000000
vn -0.45720000 0.88930000 -0.00000000
vn -0.45730000 0.88930000 -0.00000000
vn 0.17930000 0.98380000 -0.00000000
vn 0.28690000 0.95800000 -0.00000000
vn 0.23340000 0.97240000 -0.00000000
vn 0.17930000 0.98380000 -0.00000000
vn 0.23340000 0.97240000 -0.00000000
vn 0.17930000 0.98380000 -0.00000000
vn 0.17930000 0.98380000 -0.00000000
vn 0.17930000 0.98380000 -0.00000000
vn 0.28690000 0.95800000 -0.00000000
vn 0.28690000 0.95800000 -0.00000000
vn 0.28690000 0.95800000 -0.00000000
vn 0.28690000 0.95800000 -0.00000000
vn 0.59500000 0.80370000 -0.00000000
vn 0.59500000 0.80370000 -0.00000000
vn 0.30900000 0.95110000 -0.00000000
vn 0.30890000 0.95110000 -0.00000000
vn -0.00960000 1.00000000 -0.00000000
vn -0.00960000 1.00000000 -0.00000000
vn 0.81120000 0.58480000 -0.00000000
vn 0.58240000 0.81290000 -0.00000000
vn 0.45010000 0.89300000 -0.00000000
vn 0.30920000 0.95100000 -0.00000000
vn 0.16110000 0.98690000 -0.00000000
vn 0.00690000 1.00000000 -0.00000000
vn -0.31250000 0.94990000 -0.00000000
vn 0.30900000 0.95110000 -0.00000000
vn 0.45800000 0.88900000 -0.00000000
vn 0.59500000 0.80370000 -0.00000000
vn 0.45800000 0.88900000 -0.00000000
vn 0.45800000 0.88900000 -0.00000000
vn 0.52820000 0.84910000 -0.00010000
vn 0.59500000 0.80370000 -0.00000000
vn 0.52830000 0.84910000 -0.00000000
vn 0.71160000 0.70260000 -0.00000000
vn 0.71160000 0.70260000 -0.00000000
vn 0.30900000 0.95110000 -0.00000000
vn 0.38470000 0.92300000 -0.00010000
vn 0.38480000 0.92300000 -0.00000000
vn -0.00960000 1.00000000 -0.00000000
vn 0.15170000 0.98840000 -0.00000000
vn 0.15170000 0.98840000 -0.00000000
vn 0.15170000 0.98840000 -0.00000000
vn 0.23110000 0.97290000 -0.00010000
vn 0.23110000 0.97290000 -0.00000000
vn -0.00960000 1.00000000 -0.00000000
vn 0.07130000 0.99750000 -0.00010000
vn 0.07120000 0.99750000 -0.00000000
vn -0.16300000 0.98660000 -0.00000000
vn -0.16300000 0.98660000 -0.00000000
vn -0.31250000 0.94990000 -0.00000000
vn 0.00360000 1.00000000 -0.00000000
vn 0.31370000 0.94950000 -0.00000000
vn 0.59120000 0.80650000 -0.00000000
vn 0.81120000 0.58480000 -0.00000000
vn -0.00960000 1.00000000 -0.00000000
vn -0.16300000 0.98660000 -0.00000000
vn -0.16300000 0.98660000 -0.00000000
vn 0.30900000 0.95110000 -0.00000000
vn 0.15170000 0.98840000 -0.00000000
vn 0.15170000 0.98840000 -0.00000000
vn 0.59500000 0.80370000 -0.00000000
vn 0.45800000 0.88900000 -0.00000000
vn 0.45800000 0.88900000 -0.00000000
vn 0.71160000 0.70260000 -0.00000000
vn 0.71160000 0.70260000 -0.00000000
vn 0.81120000 0.58480000 -0.00000000
vn 0.81120000 0.58480000 -0.00000000
vn 0.81120000 0.58480000 -0.00000000
vn -0.31250000 0.94990000 -0.00000000
vn -0.31250000 0.94990000 -0.00000000
vn -0.31250000 0.94990000 -0.00000000
vn 0.43320000 0.90130000 -0.00000000
vn 0.33100000 0.94360000 -0.00000000
vn 0.43320000 0.90130000 -0.00000000
vn 0.38270000 0.92390000 -0.00000000
vn 0.38270000 0.92390000 -0.00000000
vn 0.33100000 0.94360000 -0.00000000
vn 0.33100000 0.94360000 -0.00000000
vn 0.33100000 0.94360000 -0.00000000
vn 0.33100000 0.94360000 -0.00000000
vn 0.43320000 0.90130000 -0.00000000
vn 0.43320000 0.90130000 -0.00000000
vn 0.43320000 0.90130000 -0.00000000
vn 0.71340000 0.70070000 -0.00000000
vn 0.71340000 0.70070000 -0.00000000
vn 0.45400000 0.89100000 -0.00000000
vn 0.45390000 0.89110000 -0.00000000
vn 0.14700000 0.98910000 -0.00000000
vn 0.14700000 0.98910000 -0.00000000
vn 0.89270000 0.45070000 -0.00000000
vn 0.70230000 0.71180000 -0.00000000
vn 0.58420000 0.81160000 -0.00000000
vn 0.45410000 0.89090000 -0.00000000
vn 0.31350000 0.94960000 -0.00000000
vn 0.16330000 0.98660000 -0.00000000
vn -0.16010000 0.98710000 -0.00000000
vn 0.45390000 0.89110000 -0.00000000
vn 0.59140000 0.80640000 -0.00000000
vn 0.71340000 0.70070000 -0.00000000
vn 0.59140000 0.80640000 -0.00000000
vn 0.59140000 0.80640000 -0.00000000
vn 0.65450000 0.75600000 -0.00010000
vn 0.71340000 0.70070000 -0.00000000
vn 0.65460000 0.75600000 -0.00000000
vn 0.81270000 0.58260000 -0.00000000
vn 0.81270000 0.58270000 -0.00000000
vn 0.45400000 0.89100000 -0.00000000
vn 0.52440000 0.85150000 -0.00010000
vn 0.52440000 0.85150000 -0.00000000
vn 0.14690000 0.98910000 -0.00000000
vn 0.30440000 0.95250000 -0.00000000
vn 0.30450000 0.95250000 -0.00000000
vn 0.30440000 0.95250000 -0.00000000
vn 0.38040000 0.92480000 -0.00010000
vn 0.38040000 0.92480000 -0.00000000
vn 0.14690000 0.98910000 -0.00000000
vn 0.22640000 0.97400000 -0.00010000
vn 0.22640000 0.97400000 -0.00000000
vn -0.00660000 1.00000000 -0.00000000
vn -0.00670000 1.00000000 -0.00000000
vn -0.16000000 0.98710000 -0.00000000
vn 0.16000000 0.98710000 -0.00000000
vn 0.45840000 0.88880000 -0.00000000
vn 0.71010000 0.70410000 -0.00000000
vn 0.89270000 0.45070000 -0.00000000
vn 0.14700000 0.98910000 -0.00000000
vn -0.00660000 1.00000000 -0.00000000
vn -0.00660000 1.00000000 -0.00000000
vn 0.45400000 0.89100000 -0.00000000
vn 0.30440000 0.95250000 -0.00000000
vn 0.30440000 0.95250000 -0.00000000
vn 0.71340000 0.70070000 -0.00000000
vn 0.59140000 0.80640000 -0.00000000
vn 0.59140000 0.80640000 -0.00000000
vn 0.81270000 0.58260000 -0.00000000
vn 0.81270000 0.58260000 -0.00000000
vn 0.89270000 0.45070000 -0.00000000
vn 0.89270000 0.45070000 -0.00000000
vn 0.89270000 0.45070000 -0.00000000
vn -0.16010000 0.98710000 -0.00000000
vn -0.16010000 0.98710000 -0.00000000
vn -0.16010000 0.98710000 -0.00000000
vn 0.56890000 0.82240000 -0.00000000
vn 0.47450000 0.88020000 -0.00000000
vn 0.56890000 0.82240000 -0.00000000
vn 0.52250000 0.85260000 -0.00000000
vn 0.47450000 0.88020000 -0.00000000
vn 0.52250000 0.85260000 -0.00000000
vn 0.47450000 0.88020000 -0.00000000
vn 0.47450000 0.88020000 -0.00000000
vn 0.47450000 0.88020000 -0.00000000
vn 0.56890000 0.82240000 -0.00000000
vn 0.56890000 0.82240000 -0.00000000
vn 0.56890000 0.82240000 -0.00000000
vn 0.81430000 0.58050000 -0.00000000
vn 0.81420000 0.58050000 -0.00000000
vn 0.58780000 0.80900000 -0.00000000
vn 0.58770000 0.80910000 -0.00000000
vn 0.29990000 0.95400000 -0.00000000
vn 0.29980000 0.95400000 -0.00000000
vn 0.95220000 0.30550000 -0.00000000
vn 0.80510000 0.59320000 -0.00000000
vn 0.70400000 0.71020000 -0.00000000
vn 0.58790000 0.80890000 -0.00000000
vn 0.45820000 0.88890000 -0.00000000
vn 0.31560000 0.94890000 -0.00000000
vn -0.00360000 1.00000000 -0.00000000
vn 0.58780000 0.80900000 -0.00000000
vn 0.71030000 0.70390000 -0.00010000
vn 0.81430000 0.58050000 -0.00000000
vn 0.71030000 0.70390000 -0.00000000
vn 0.71030000 0.70390000 -0.00000000
vn 0.76480000 0.64420000 -0.00010000
vn 0.81430000 0.58050000 -0.00000000
vn 0.76480000 0.64430000 -0.00000000
vn 0.89390000 0.44830000 -0.00000000
vn 0.89390000 0.44830000 -0.00000000
vn 0.58780000 0.80900000 -0.00000000
vn 0.65110000 0.75900000 -0.00010000
vn 0.65110000 0.75900000 -0.00000000
vn 0.29990000 0.95400000 -0.00000000
vn 0.44970000 0.89320000 -0.00010000
vn 0.44970000 0.89320000 -0.00000000
vn 0.44970000 0.89320000 -0.00000000
vn 0.52050000 0.85390000 -0.00010000
vn 0.52050000 0.85390000 -0.00000000
vn 0.29990000 0.95400000 -0.00000000
vn 0.37600000 0.92660000 0.00020000
vn 0.37590000 0.92660000 -0.00000000
vn 0.14990000 0.98870000 -0.00000000
vn 0.14990000 0.98870000 -0.00000000
vn -0.00360000 1.00000000 -0.00000000
vn 0.31240000 0.94990000 -0.00000000
vn 0.59170000 0.80610000 -0.00000000
vn 0.81150000 0.58430000 -0.00000000
vn 0.95220000 0.30560000 -0.00000000
vn 0.29990000 0.95400000 -0.00000000
vn 0.14990000 0.98870000 -0.00000000
vn 0.14990000 0.98870000 -0.00000000
vn 0.58780000 0.80900000 -0.00000000
vn 0.44970000 0.89320000 -0.00000000
vn 0.44970000 0.89320000 -0.00000000
vn 0.81430000 0.58050000 -0.00000000
vn 0.71030000 0.70390000 -0.00000000
vn 0.71030000 0.70390000 -0.00000000
vn 0.89390000 0.44840000 -0.00000000
vn 0.89390000 0.44830000 0.00010000
vn 0.95220000 0.30550000 -0.00000000
vn 0.95220000 0.30550000 -0.00000000
vn 0.95220000 0.30550000 -0.00000000
vn -0.00370000 1.00000000 -0.00000000
vn -0.00370000 1.00000000 -0.00000000
vn -0.00370000 1.00000000 -0.00000000
vn 0.60640000 0.79520000 -0.00000000
vn 0.69050000 0.72330000 -0.00000000
vn 0.64940000 0.76040000 -0.00000000
vn 0.60640000 0.79520000 -0.00000000
vn 0.64950000 0.76040000 -0.00000000
vn 0.60640000 0.79520000 -0.00000000
vn 0.60640000 0.79520000 -0.00000000
vn 0.60640000 0.79520000 -0.00000000
vn 0.69050000 0.72330000 -0.00000000
vn 0.69050000 0.72330000 -0.00000000
vn 0.69050000 0.72330000 -0.00000000
vn 0.69050000 0.72330000 -0.00000000
vn 0.89500000 0.44600000 -0.00000000
vn 0.89500000 0.44600000 -0.00000000
vn 0.70710000 0.70710000 -0.00000000
vn 0.70710000 0.70720000 -0.00000000
vn 0.44540000 0.89530000 -0.00000000
vn 0.44540000 0.89530000 -0.00000000
vn 0.98830000 0.15280000 -0.00000000
vn 0.88800000 0.45990000 -0.00000000
vn 0.80640000 0.59130000 -0.00000000
vn 0.70720000 0.70700000 -0.00000000
vn 0.59160000 0.80620000 -0.00000000
vn 0.46020000 0.88780000 -0.00000000
vn 0.15280000 0.98830000 -0.00000000
vn 0.70700000 0.70720000 -0.00000000
vn 0.81160000 0.58420000 -0.00010000
vn 0.89500000 0.44600000 -0.00000000
vn 0.81160000 0.58410000 -0.00000000
vn 0.81160000 0.58420000 -0.00000000
vn 0.85610000 0.51680000 -0.00010000
vn 0.89510000 0.44600000 -0.00000000
vn 0.85620000 0.51670000 -0.00000000
vn 0.95300000 0.30300000 -0.00000000
vn 0.95300000 0.30300000 -0.00000000
vn 0.70710000 0.70710000 -0.00000000
vn 0.76190000 0.64770000 -0.00010000
vn 0.76190000 0.64770000 -0.00000000
vn 0.44540000 0.89530000 -0.00000000
vn 0.58390000 0.81180000 -0.00000000
vn 0.58390000 0.81180000 -0.00000000
vn 0.58390000 0.81180000 -0.00000000
vn 0.64760000 0.76200000 -0.00010000
vn 0.64770000 0.76190000 -0.00000000
vn 0.44540000 0.89530000 -0.00000000
vn 0.51630000 0.85640000 -0.00010000
vn 0.51630000 0.85640000 -0.00000000
vn 0.30270000 0.95310000 -0.00000000
vn 0.30270000 0.95310000 0.00010000
vn 0.15280000 0.98830000 -0.00000000
vn 0.45720000 0.88940000 -0.00000000
vn 0.71060000 0.70360000 -0.00000000
vn 0.89290000 0.45020000 -0.00000000
vn 0.98830000 0.15280000 -0.00000000
vn 0.44540000 0.89530000 -0.00000000
vn 0.30270000 0.95310000 -0.00000000
vn 0.30270000 0.95310000 -0.00000000
vn 0.70710000 0.70710000 -0.00000000
vn 0.58390000 0.81180000 -0.00000000
vn 0.58390000 0.81180000 -0.00000000
vn 0.89510000 0.44600000 -0.00000000
vn 0.81160000 0.58420000 -0.00000000
vn 0.81160000 0.58410000 -0.00000000
vn 0.95300000 0.30300000 -0.00000000
vn 0.95300000 0.30300000 -0.00000000
vn 0.98830000 0.15280000 -0.00000000
vn 0.98830000 0.15280000 -0.00000000
vn 0.98830000 0.15280000 -0.00000000
vn 0.15280000 0.98830000 -0.00000000
vn 0.15280000 0.98830000 -0.00000000
vn 0.15280000 0.98830000 -0.00000000
vn 0.79520000 0.60640000 -0.00000000
vn 0.72330000 0.69050000 -0.00000000
vn 0.79520000 0.60640000 -0.00000000
vn 0.76040000 0.64940000 -0.00000000
vn 0.72330000 0.69050000 -0.00000000
vn 0.76040000 0.64940000 -0.00000000
vn 0.72330000 0.69050000 -0.00000000
vn 0.72330000 0.69050000 -0.00000000
vn 0.72330000 0.69050000 -0.00000000
vn 0.79520000 0.60640000 -0.00000000
vn 0.79520000 0.60640000 -0.00000000
vn 0.79520000 0.60640000 -0.00000000
vn 0.95380000 0.30050000 -0.00000000
vn 0.95380000 0.30050000 -0.00000000
vn 0.80900000 0.58780000 -0.00010000
vn 0.80900000 0.58780000 -0.00000000
vn 0.58000000 0.81460000 -0.00000000
vn 0.58000000 0.81460000 -0.00000000
vn 1.00000000 -0.00370000 -0.00000000
vn 0.94900000 0.31540000 -0.00000000
vn 0.88900000 0.45790000 -0.00000000
vn 0.80910000 0.58770000 -0.00000000
vn 0.71040000 0.70380000 -0.00000000
vn 0.59340000 0.80490000 -0.00000000
vn 0.30550000 0.95220000 -0.00000000
vn 0.80900000 0.58780000 -0.00000000
vn 0.89300000 0.45000000 -0.00000000
vn 0.95380000 0.30040000 -0.00000000
vn 0.89300000 0.45000000 -0.00000000
vn 0.89300000 0.45000000 -0.00000000
vn 0.92640000 0.37660000 -0.00010000
vn 0.95380000 0.30050000 -0.00000000
vn 0.92640000 0.37650000 -0.00000000
vn 0.98870000 0.15010000 -0.00000000
vn 0.98870000 0.15020000 -0.00000000
vn 0.80900000 0.58780000 -0.00000000
vn 0.85370000 0.52080000 0.00020000
vn 0.85380000 0.52060000 -0.00000000
vn 0.58000000 0.81460000 -0.00000000
vn 0.70370000 0.71050000 -0.00000000
vn 0.70370000 0.71050000 -0.00000000
vn 0.70370000 0.71050000 -0.00000000
vn 0.75880000 0.65130000 -0.00010000
vn 0.75890000 0.65120000 -0.00000000
vn 0.58000000 0.81460000 -0.00000000
vn 0.64390000 0.76510000 -0.00010000
vn 0.64390000 0.76510000 -0.00000000
vn 0.44810000 0.89400000 -0.00000000
vn 0.44810000 0.89400000 -0.00000000
vn 0.30550000 0.95220000 -0.00000000
vn 0.59070000 0.80690000 -0.00000000
vn 0.81190000 0.58380000 -0.00000000
vn 0.95240000 0.30500000 -0.00000000
vn 1.00000000 -0.00360000 -0.00000000
vn 0.58000000 0.81460000 -0.00000000
vn 0.44810000 0.89400000 -0.00000000
vn 0.44810000 0.89400000 -0.00000000
vn 0.80900000 0.58780000 -0.00000000
vn 0.70370000 0.71050000 -0.00000000
vn 0.70370000 0.71050000 -0.00000000
vn 0.95380000 0.30050000 -0.00000000
vn 0.89300000 0.45000000 -0.00000000
vn 0.89300000 0.45000000 -0.00000000
vn 0.98870000 0.15020000 -0.00000000
vn 0.98870000 0.15020000 -0.00010000
vn 1.00000000 -0.00370000 -0.00000000
vn 1.00000000 -0.00370000 -0.00000000
vn 1.00000000 -0.00360000 -0.00000000
vn 0.30550000 0.95220000 -0.00000000
vn 0.30550000 0.95220000 -0.00000000
vn 0.30550000 0.95220000 -0.00000000
vn 0.82240000 0.56890000 -0.00000000
vn 0.88020000 0.47450000 -0.00000000
vn 0.85260000 0.52250000 -0.00000000
vn 0.82240000 0.56890000 -0.00000000
vn 0.85260000 0.52250000 -0.00000000
vn 0.82240000 0.56890000 -0.00000000
vn 0.82240000 0.56890000 -0.00000000
vn 0.82240000 0.56890000 -0.00000000
vn 0.88020000 0.47450000 -0.00000000
vn 0.88030000 0.47450000 -0.00000000
vn 0.88020000 0.47450000 -0.00000000
vn 0.88020000 0.47450000 -0.00000000
vn 0.98900000 0.14760000 -0.00000000
vn 0.98910000 0.14750000 -0.00000000
vn 0.89100000 0.45400000 -0.00000000
vn 0.89100000 0.45410000 -0.00000000
vn 0.70030000 0.71380000 -0.00000000
vn 0.70030000 0.71390000 -0.00000000
vn 0.98710000 -0.16000000 -0.00000000
vn 0.98660000 0.16310000 -0.00000000
vn 0.94970000 0.31320000 -0.00000000
vn 0.89110000 0.45390000 -0.00000000
vn 0.81180000 0.58400000 -0.00000000
vn 0.71200000 0.70210000 -0.00000000
vn 0.45070000 0.89270000 -0.00000000
vn 0.89100000 0.45400000 -0.00000000
vn 0.95240000 0.30470000 -0.00000000
vn 0.98910000 0.14760000 -0.00000000
vn 0.95250000 0.30460000 -0.00000000
vn 0.95240000 0.30470000 -0.00000000
vn 0.97390000 0.22680000 0.00020000
vn 0.98910000 0.14760000 -0.00000000
vn 0.97390000 0.22680000 -0.00000000
vn 1.00000000 -0.00640000 -0.00000000
vn 1.00000000 -0.00630000 -0.00000000
vn 0.89100000 0.45400000 -0.00000000
vn 0.92480000 0.38050000 -0.00010000
vn 0.92470000 0.38060000 -0.00000000
vn 0.70030000 0.71390000 -0.00000000
vn 0.80620000 0.59170000 -0.00000000
vn 0.80620000 0.59170000 -0.00000000
vn 0.80620000 0.59170000 -0.00000000
vn 0.85140000 0.52460000 -0.00010000
vn 0.85140000 0.52460000 -0.00000000
vn 0.70030000 0.71390000 -0.00000000
vn 0.75580000 0.65480000 -0.00010000
vn 0.75570000 0.65490000 -0.00000000
vn 0.58240000 0.81290000 -0.00000000
vn 0.58240000 0.81290000 -0.00000000
vn 0.45070000 0.89270000 -0.00000000
vn 0.70960000 0.70460000 -0.00000000
vn 0.89320000 0.44960000 -0.00000000
vn 0.98830000 0.15230000 -0.00000000
vn 0.98710000 -0.16000000 -0.00000000
vn 0.70030000 0.71390000 -0.00000000
vn 0.58240000 0.81290000 -0.00000000
vn 0.58240000 0.81290000 -0.00000000
vn 0.89100000 0.45400000 -0.00000000
vn 0.80620000 0.59170000 -0.00000000
vn 0.80620000 0.59170000 -0.00000000
vn 0.98900000 0.14760000 -0.00000000
vn 0.95250000 0.30470000 -0.00000000
vn 0.95240000 0.30470000 -0.00000000
vn 1.00000000 -0.00640000 -0.00000000
vn 1.00000000 -0.00630000 -0.00000000
vn 0.98710000 -0.16010000 -0.00000000
vn 0.98710000 -0.16000000 -0.00000000
vn 0.98710000 -0.16000000 -0.00000000
vn 0.45070000 0.89270000 -0.00000000
vn 0.45070000 0.89270000 -0.00000000
vn 0.45070000 0.89270000 -0.00000000
vn 0.90130000 0.43320000 -0.00000000
vn 0.94360000 0.33100000 -0.00000000
vn 0.92390000 0.38270000 -0.00000000
vn 0.92390000 0.38270000 -0.00000000
vn 0.90130000 0.43320000 -0.00000000
vn 0.90130000 0.43320000 -0.00000000
vn 0.90130000 0.43320000 -0.00000000
vn 0.90130000 0.43320000 -0.00000000
vn 0.94360000 0.33100000 -0.00000000
vn 0.94360000 0.33100000 -0.00000000
vn 0.94360000 0.33100000 -0.00000000
vn 0.94360000 0.33100000 -0.00000000
vn 1.00000000 -0.00900000 -0.00000000
vn 1.00000000 -0.00890000 -0.00000000
vn 0.95110000 0.30900000 -0.00000000
vn 0.95100000 0.30910000 -0.00000000
vn 0.80330000 0.59550000 -0.00000000
vn 0.80330000 0.59550000 -0.00000000
vn 0.94990000 -0.31250000 -0.00000000
vn 1.00000000 0.00670000 -0.00000000
vn 0.98700000 0.16080000 -0.00000000
vn 0.95110000 0.30890000 -0.00000000
vn 0.89310000 0.44980000 -0.00000000
vn 0.81310000 0.58210000 -0.00000000
vn 0.58480000 0.81120000 -0.00000000
vn 0.95110000 0.30890000 -0.00000000
vn 0.98840000 0.15200000 -0.00000000
vn 1.00000000 -0.00900000 -0.00000000
vn 0.98840000 0.15210000 -0.00000000
vn 0.98840000 0.15200000 -0.00000000
vn 0.99740000 0.07190000 -0.00010000
vn 1.00000000 -0.00900000 -0.00000000
vn 0.99740000 0.07170000 -0.00000000
vn 0.98670000 -0.16270000 -0.00000000
vn 0.98670000 -0.16270000 0.00010000
vn 0.95110000 0.30900000 -0.00000000
vn 0.97290000 0.23120000 0.00020000
vn 0.97290000 0.23130000 -0.00000000
vn 0.80330000 0.59560000 -0.00000000
vn 0.88880000 0.45830000 -0.00000000
vn 0.88880000 0.45820000 -0.00000000
vn 0.88880000 0.45830000 -0.00000000
vn 0.92300000 0.38490000 -0.00010000
vn 0.92300000 0.38490000 -0.00000000
vn 0.80330000 0.59550000 -0.00000000
vn 0.84890000 0.52860000 -0.00000000
vn 0.84890000 0.52860000 -0.00000000
vn 0.70240000 0.71170000 -0.00000000
vn 0.70240000 0.71180000 0.00010000
vn 0.58480000 0.81120000 -0.00000000
vn 0.81110000 0.58490000 -0.00000000
vn 0.95260000 0.30440000 -0.00000000
vn 1.00000000 -0.00420000 -0.00000000
vn 0.94990000 -0.31250000 -0.00000000
vn 0.80330000 0.59550000 -0.00000000
vn 0.70250000 0.71170000 -0.00000000
vn 0.70240000 0.71180000 -0.00000000
vn 0.95110000 0.30900000 -0.00000000
vn 0.88880000 0.45830000 -0.00000000
vn 0.88880000 0.45830000 -0.00000000
vn 1.00000000 -0.00890000 -0.00000000
vn 0.98840000 0.15210000 -0.00000000
vn 0.98840000 0.15200000 -0.00000000
vn 0.98670000 -0.16280000 -0.00000000
vn 0.98670000 -0.16270000 -0.00010000
vn 0.94990000 -0.31250000 -0.00000000
vn 0.94990000 -0.31250000 -0.00000000
vn 0.94990000 -0.31250000 -0.00000000
vn 0.58480000 0.81120000 -0.00000000
vn 0.58480000 0.81120000 -0.00000000
vn 0.58480000 0.81120000 -0.00000000
vn 0.98380000 0.17930000 -0.00000000
vn 0.98380000 0.17930000 -0.00000000
vn 0.97240000 0.23340000 -0.00000000
vn 0.98380000 0.17930000 -0.00000000
vn 0.98380000 0.17930000 -0.00000000
vn 0.98380000 0.17930000 -0.00000000
vn 0.95800000 0.28690000 -0.00000000
vn 0.97240000 0.23340000 -0.00000000
vn 0.95800000 0.28690000 -0.00000000
vn 0.95800000 0.28690000 -0.00000000
vn 0.95800000 0.28690000 -0.00000000
vn 0.95800000 0.28690000 -0.00000000
vn -0.00000000 -0.00000000 1.00000000
vn -0.00000000 -0.00000000 1.00000000
vn -0.00000000 -0.00000000 1.00000000
vn -0.00000000 -0.00000000 1.00000000
vn -0.00000000 -0.00000000 1.00000000
vn -0.00000000 -0.00000000 1.00000000
vn -0.00000000 -0.00000000 1.00000000
vn -0.00000000 -0.00000000 1.00000000
vn -0.00000000 -0.00000000 1.00000000
vn -0.00000000 -0.00000000 1.00000000
vn -0.00000000 -0.00000000 1.00000000
vn -0.00000000 -0.00000000 1.00000000
vn -0.00000000 -0.00000000 1.00000000
vn -0.00000000 -0.00000000 1.00000000
vn -0.00000000 -0.00000000 1.00000000
vn -0.00000000 -0.00000000 1.00000000
vn -0.00000000 -0.00000000 1.00000000
vn -0.00000000 -0.00000000 1.00000000
vn -0.00000000 -0.00000000 1.00000000
vn -0.00000000 -0.00000000 1.00000000
vn -0.00000000 -0.00000000 1.00000000
vn -0.00000000 -0.00000000 1.00000000
vn -0.00000000 -0.00000000 1.00000000
vn -0.00000000 -0.00000000 1.00000000
vn -0.00000000 -0.00000000 1.00000000
vn -0.00000000 -0.00000000 1.00000000
vn -0.00000000 -0.00000000 1.00000000
vn -0.00000000 -0.00000000 1.00000000
vn -0.00000000 -0.00000000 1.00000000
vn -0.00000000 -0.00000000 1.00000000
vn -0.00000000 -0.00000000 1.00000000
vn -0.00000000 -0.00000000 1.00000000
vn -0.00000000 -0.00000000 1.00000000
vn -0.00000000 -0.00000000 1.00000000
vn -0.00000000 -0.00000000 1.00000000
vn -0.00000000 -0.00000000 1.00000000
vn -0.00000000 -0.00000000 1.00000000
vn -0.00000000 -0.00000000 1.00000000
vn -0.00000000 -0.00000000 1.00000000
vn -0.00000000 -0.00000000 1.00000000
vn -0.00000000 -0.00000000 1.00000000
vn -0.00000000 -0.00000000 1.00000000
vn -0.00000000 -0.00000000 1.00000000
vn -0.00000000 -0.00000000 1.00000000
vn -0.00000000 -0.00000000 1.00000000
vn -0.00000000 -0.00000000 1.00000000
vn -0.00000000 -0.00000000 1.00000000
vn -0.00000000 -0.00000000 1.00000000
vn -0.00000000 -0.00000000 1.00000000
vn -0.00000000 -0.00000000 1.00000000
vn -0.00000000 -0.00000000 1.00000000
vn -0.00000000 -0.00000000 1.00000000
vn -0.00000000 -0.00000000 1.00000000
vn -0.00000000 -0.00000000 1.00000000
vn -0.00000000 -0.00000000 1.00000000
vn -0.00000000 -0.00000000 1.00000000
vn -0.00000000 -0.00000000 1.00000000
vn -0.00000000 -0.00000000 1.00000000
vn -0.00000000 -0.00000000 1.00000000
vn -0.00000000 -0.00000000 1.00000000
vn -0.00000000 -0.00000000 1.00000000
vn -0.00000000 -0.00000000 1.00000000
vn -0.00000000 -0.00000000 1.00000000
vn -0.00000000 -0.00000000 1.00000000
vn -0.00000000 -0.00000000 1.00000000
vn -0.00000000 -0.00000000 1.00000000
vn -0.00000000 -0.00000000 1.00000000
vn -0.00000000 -0.00000000 1.00000000
vn -0.00000000 -0.00000000 1.00000000
vn -0.00000000 -0.00000000 1.00000000
vn -0.00000000 -0.00000000 1.00000000
vn -0.00000000 -0.00000000 1.00000000
vn -0.00000000 -0.00000000 1.00000000
vn -0.00000000 -0.00000000 1.00000000
vn -0.00000000 -0.00000000 1.00000000
vn -0.00000000 -0.00000000 1.00000000
vn -0.00000000 -0.00000000 1.00000000
vn -0.00000000 -0.00000000 1.00000000
vn -0.00000000 -0.00000000 1.00000000
vn -0.00000000 -0.00000000 1.00000000
vn -0.00000000 -0.00000000 1.00000000
vn -0.00000000 -0.00000000 1.00000000
vn -0.00000000 -0.00000000 1.00000000
vn -0.00000000 -0.00000000 1.00000000
vn -0.00000000 -0.00000000 1.00000000
vn -0.00000000 -0.00000000 1.00000000
vn -0.00000000 -0.00000000 1.00000000
vn -0.00000000 -0.00000000 1.00000000
vn -0.00000000 -0.00000000 1.00000000
vn -0.00000000 -0.00000000 1.00000000
vn -0.00000000 -0.00000000 1.00000000
vn -0.00000000 -0.00000000 1.00000000
vn -0.00000000 -0.00000000 1.00000000
vn -0.00000000 -0.00000000 1.00000000
vn -0.00000000 -0.00000000 1.00000000
vn -0.00000000 -0.00000000 1.00000000
vn -0.00000000 -0.00000000 1.00000000
vn -0.00000000 -0.00000000 1.00000000
vn -0.00000000 -0.00000000 1.00000000
vn -0.00000000 -0.00000000 1.00000000
vn -0.00000000 -0.00000000 1.00000000
vn -0.00000000 -0.00000000 1.00000000
vn -0.00000000 -0.00000000 1.00000000
vn -0.00000000 -0.00000000 1.00000000
vn -0.00000000 -0.00000000 1.00000000
vn -0.00000000 -0.00000000 1.00000000
vn -0.00000000 -0.00000000 1.00000000
vn -0.00000000 -0.00000000 1.00000000
vn -0.00000000 -0.00000000 1.00000000
vn -0.00000000 -0.00000000 1.00000000
vn -0.00000000 -0.00000000 1.00000000
vn -0.00000000 -0.00000000 1.00000000
vn -0.00000000 -0.00000000 1.00000000
vn -0.00000000 -0.00000000 1.00000000
vn -0.00000000 -0.00000000 1.00000000
vn -0.00000000 -0.00000000 1.00000000
vn -0.00000000 -0.00000000 1.00000000
vn -0.00000000 -0.00000000 1.00000000
vn -0.00000000 -0.00000000 1.00000000
vn -0.00000000 -0.00000000 1.00000000
vn -0.00000000 -0.00000000 1.00000000
vn -0.00000000 -0.00000000 1.00000000
vn -0.00000000 -0.00000000 -1.00000000
vn -0.00000000 -0.00000000 -1.00000000
vn -0.00000000 -0.00000000 -1.00000000
vn -0.00000000 -0.00000000 -1.00000000
vn -0.00000000 -0.00000000 -1.00000000
vn -0.00010000 -0.00000000 -1.00000000
vn -0.00000000 -0.00000000 -1.00000000
vn -0.00000000 -0.00000000 -1.00000000
vn -0.00000000 -0.00000000 -1.00000000
vn -0.00000000 -0.00000000 -1.00000000
vn -0.00000000 -0.00000000 -1.00000000
vn -0.00000000 -0.00000000 -1.00000000
vn -0.00000000 -0.00000000 -1.00000000
vn -0.00000000 -0.00000000 -1.00000000
vn -0.00000000 -0.00000000 -1.00000000
vn -0.00000000 -0.00000000 -1.00000000
vn -0.00000000 -0.00000000 -1.00000000
vn -0.00000000 -0.00000000 -1.00000000
vn -0.00000000 -0.00000000 -1.00000000
vn -0.00000000 -0.00000000 -1.00000000
vn -0.00000000 -0.00000000 -1.00000000
vn -0.00000000 -0.00000000 -1.00000000
vn -0.00000000 -0.00000000 -1.00000000
vn -0.00000000 -0.00000000 -1.00000000
vn -0.00000000 -0.00000000 -1.00000000
vn -0.00000000 -0.00000000 -1.00000000
vn -0.00000000 -0.00000000 -1.00000000
vn -0.00000000 -0.00000000 -1.00000000
vn -0.00000000 -0.00000000 -1.00000000
vn -0.00000000 -0.00000000 -1.00000000
vn -0.00000000 -0.00000000 -1.00000000
vn -0.00000000 -0.00000000 -1.00000000
vn -0.00000000 -0.00000000 -1.00000000
vn -0.00000000 -0.00000000 -1.00000000
vn -0.00000000 -0.00000000 -1.00000000
vn -0.00000000 -0.00000000 -1.00000000
vn -0.00000000 -0.00000000 -1.00000000
vn 0.00010000 -0.00000000 -1.00000000
vn -0.00000000 -0.00000000 -1.00000000
vn -0.00000000 -0.00000000 -1.00000000
vn -0.00000000 -0.00000000 -1.00000000
vn -0.00000000 -0.00000000 -1.00000000
vn -0.00000000 -0.00000000 -1.00000000
vn -0.00000000 -0.00000000 -1.00000000
vn -0.00000000 -0.00000000 -1.00000000
vn -0.00000000 -0.00000000 -1.00000000
vn 0.00010000 -0.00000000 -1.00000000
vn -0.00000000 -0.00000000 -1.00000000
vn -0.00000000 -0.00000000 -1.00000000
vn -0.00000000 -0.00000000 -1.00000000
vn -0.00000000 -0.00000000 -1.00000000
vn -0.00000000 -0.00000000 -1.00000000
vn -0.00000000 -0.00000000 -1.00000000
vn -0.00000000 -0.00000000 -1.00000000
vn -0.00000000 -0.00000000 -1.00000000
vn -0.00000000 -0.00000000 -1.00000000
vn -0.00000000 -0.00000000 -1.00000000
vn -0.00000000 -0.00000000 -1.00000000
vn -0.00000000 -0.00000000 -1.00000000
vn -0.00000000 -0.00000000 -1.00000000
vn -0.00000000 -0.00000000 -1.00000000
vn -0.00000000 -0.00000000 -1.00000000
vn -0.00000000 -0.00000000 -1.00000000
vn -0.00000000 -0.00000000 -1.00000000
vn -0.00000000 -0.00000000 -1.00000000
vn -0.00000000 -0.00000000 -1.00000000
vn -0.00000000 -0.00000000 -1.00000000
vn -0.00000000 -0.00000000 -1.00000000
vn -0.00010000 -0.00000000 -1.00000000
vn -0.00000000 -0.00000000 -1.00000000
vn -0.00000000 -0.00000000 -1.00000000
vn -0.00000000 -0.00000000 -1.00000000
vn -0.00000000 -0.00000000 -1.00000000
vn -0.00000000 -0.00000000 -1.00000000
vn -0.00000000 -0.00000000 -1.00000000
vn -0.00010000 -0.00000000 -1.00000000
vn -0.00000000 -0.00000000 -1.00000000
vn -0.00010000 -0.00000000 -1.00000000
vn -0.00000000 -0.00000000 -1.00000000
vn -0.00000000 -0.00000000 -1.00000000
vn -0.00010000 -0.00000000 -1.00000000
vn -0.00000000 -0.00000000 -1.00000000
vn -0.00000000 -0.00000000 -1.00000000
vn -0.00000000 -0.00000000 -1.00000000
vn -0.00000000 -0.00000000 -1.00000000
vn -0.00000000 -0.00000000 -1.00000000
vn -0.00000000 -0.00000000 -1.00000000
vn -0.00000000 -0.00000000 -1.00000000
vn -0.00000000 -0.00000000 -1.00000000
vn -0.00010000 -0.00000000 -1.00000000
vn -0.00000000 -0.00000000 -1.00000000
vn -0.00000000 -0.00000000 -1.00000000
vn -0.00000000 -0.00000000 -1.00000000
vn -0.00000000 -0.00000000 -1.00000000
vn 0.00010000 -0.00000000 -1.00000000
vn -0.00000000 -0.00000000 -1.00000000
vn -0.00000000 -0.00000000 -1.00000000
vn -0.00000000 -0.00000000 -1.00000000
vn -0.00000000 -0.00000000 -1.00000000
vn 0.00020000 -0.00000000 -1.00000000
vn -0.00000000 -0.00000000 -1.00000000
vn -0.00000000 -0.00000000 -1.00000000
vn -0.00000000 -0.00000000 -1.00000000
vn -0.00000000 -0.00000000 -1.00000000
vn -0.00000000 -0.00000000 -1.00000000
vn -0.00000000 -0.00000000 -1.00000000
vn -0.00000000 -0.00000000 -1.00000000
vn -0.00000000 -0.00000000 -1.00000000
vn -0.00000000 -0.00000000 -1.00000000
vn -0.00000000 -0.00000000 -1.00000000
vn -0.00000000 -0.00000000 -1.00000000
vn 0.00010000 -0.00000000 -1.00000000
vn 0.00010000 -0.00000000 -1.00000000
vn -0.00000000 -0.00000000 -1.00000000
vn 0.00010000 -0.00000000 -1.00000000
vn -0.00000000 -0.00000000 -1.00000000
vn -0.00010000 -0.00000000 -1.00000000
vn -0.00000000 -0.00000000 -1.00000000
vn -0.00000000 -0.00000000 -1.00000000
vn -0.00000000 -0.00000000 -1.00000000
vn -0.00000000 -0.00000000 -1.00000000
vn -0.00010000 -0.00000000 -1.00000000
vn -0.00000000 -0.00000000 -1.00000000
vn -0.00000000 -0.00000000 -1.00000000
vn -0.00000000 -0.00000000 -1.00000000
vn -0.00000000 -0.00000000 -1.00000000
vn -0.00000000 -0.00000000 -1.00000000
vn -0.00000000 -0.00000000 -1.00000000
vn -0.00000000 -0.00000000 -1.00000000
vn -0.00020000 -0.00000000 -1.00000000
vn 0.00030000 -0.00000000 -1.00000000
vn -0.00000000 -0.00000000 -1.00000000
vn -0.00000000 -0.00000000 -1.00000000
vn -0.00000000 -0.00000000 -1.00000000
vn -0.00000000 -0.00000000 -1.00000000
vn -0.00010000 -0.00000000 -1.00000000
vn -0.00000000 -0.00000000 -1.00000000
vn 0.00010000 -0.00000000 -1.00000000
vn -0.00010000 -0.00000000 -1.00000000
vn -0.00010000 -0.00000000 -1.00000000
vn 0.00010000 -0.00000000 -1.00000000
vn -0.00000000 -0.00000000 -1.00000000
vn -0.00000000 -0.00000000 -1.00000000
vn -0.00000000 -0.00000000 -1.00000000
vn -0.00000000 -0.00000000 -1.00000000
vn -0.00010000 -0.00000000 -1.00000000
vn 0.00010000 -0.00000000 -1.00000000
vn -0.00010000 -0.00000000 -1.00000000
vn -0.00000000 -0.00000000 -1.00000000
vn -0.00000000 -0.00000000 -1.00000000
vn -0.00000000 -0.00000000 -1.00000000
vn -0.00000000 -0.00000000 -1.00000000
vn -0.00010000 -0.00000000 -1.00000000
vn -0.00000000 -0.00000000 -1.00000000
vn -0.00000000 -0.00000000 -1.00000000
vn -0.00000000 -0.00000000 -1.00000000
vn -0.00000000 -0.00000000 -1.00000000
vn -0.00000000 -0.00000000 -1.00000000
vn -0.00000000 -0.00000000 -1.00000000
vn -0.00000000 -0.00000000 -1.00000000
vn 0.00020000 -0.00000000 -1.00000000
vn 0.00010000 -0.00000000 -1.00000000
vn -0.00000000 -0.00000000 -1.00000000
vn -0.00010000 -0.00000000 -1.00000000
vn -0.00000000 -0.00000000 -1.00000000
vn 0.00010000 -0.00000000 -1.00000000
vn -0.00000000 -0.00000000 -1.00000000
vn -0.00000000 -0.00000000 -1.00000000
vn 0.00010000 -0.00000000 -1.00000000
vn 0.00010000 -0.00000000 -1.00000000
vn -0.00000000 -0.00000000 -1.00000000
vn -0.00000000 -0.00000000 -1.00000000
vn -0.00010000 -0.00000000 -1.00000000
vn -0.00000000 -0.00000000 -1.00000000
vn -0.00010000 -0.00000000 -1.00000000
vn 0.00010000 -0.00000000 -1.00000000
vn 0.00030000 -0.00000000 -1.00000000
vn -0.00020000 -0.00000000 -1.00000000
vn -0.00000000 -0.00000000 -1.00000000
vn -0.00030000 -0.00000000 -1.00000000
vn -0.00000000 -0.00000000 -1.00000000
vn -0.00010000 -0.00000000 -1.00000000
vn -0.00000000 -0.00000000 -1.00000000
vn -0.00000000 -0.00000000 -1.00000000
vn -0.00000000 -0.00000000 -1.00000000
vn 0.00010000 -0.00000000 -1.00000000
vn -0.00000000 -0.00000000 -1.00000000
vn -0.00000000 -0.00000000 -1.00000000
vn -0.00000000 -0.00000000 -1.00000000
vn -0.00000000 -0.00000000 -1.00000000
vn 0.00010000 -0.00000000 -1.00000000
vn -0.00000000 -0.00000000 -1.00000000
vn -0.00010000 -0.00000000 -1.00000000
vn 0.00010000 -0.00000000 -1.00000000
vn -0.00000000 -0.00000000 -1.00000000
vn -0.00000000 -0.00000000 -1.00000000
vn -0.00010000 -0.00000000 -1.00000000
vn -0.00000000 -0.00000000 -1.00000000
vn -0.00000000 -0.00000000 -1.00000000
vn -0.00000000 -0.00000000 -1.00000000
vn 0.00010000 -0.00000000 -1.00000000
vn 0.00010000 -0.00000000 -1.00000000
vn -0.00000000 -0.00000000 -1.00000000
vn -0.00010000 -0.00000000 -1.00000000
vn -0.00000000 -0.00000000 -1.00000000
vn -0.00000000 -0.00000000 -1.00000000
vn -0.00000000 -0.00000000 -1.00000000
vn -0.00000000 -0.00000000 -1.00000000
vn -0.00010000 -0.00000000 -1.00000000
vn -0.00000000 -0.00000000 -1.00000000
vn -0.00010000 -0.00000000 -1.00000000
vn -0.00000000 -0.00000000 -1.00000000
vn -0.00000000 -0.00000000 -1.00000000
vn -0.00000000 -0.00000000 -1.00000000
vn -0.00000000 -0.00000000 -1.00000000
vn -0.00000000 -0.00000000 -1.00000000
vn -0.00000000 -0.00000000 -1.00000000
vn -0.00000000 -0.00000000 -1.00000000
vn -0.00000000 -0.00000000 -1.00000000
vn -0.00000000 -0.00000000 -1.00000000
vn -0.00010000 -0.00000000 -1.00000000
vn -0.00000000 -0.00000000 -1.00000000
vn -0.00000000 -0.00000000 -1.00000000
vn -0.00000000 -0.00000000 -1.00000000
vn -0.00000000 -0.00000000 -1.00000000
vn 0.00030000 -0.00000000 -1.00000000
vn -0.00020000 -0.00000000 -1.00000000
vn -0.00000000 -0.00000000 -1.00000000
vn 0.00010000 -0.00000000 -1.00000000
vn -0.00000000 -0.00000000 -1.00000000
vn -0.00000000 -0.00000000 -1.00000000
vn -0.00000000 -0.00000000 -1.00000000
vn -0.00000000 -0.00000000 -1.00000000
vn -0.00000000 -0.00000000 -1.00000000
vn -0.00010000 -0.00000000 -1.00000000
vn -0.00000000 -0.00000000 -1.00000000
vn -0.00010000 -0.00000000 -1.00000000
vn 0.00010000 -0.00000000 -1.00000000
vn -0.00000000 -0.00000000 -1.00000000
vn -0.00010000 -0.00000000 -1.00000000
vn -0.00000000 -0.00000000 -1.00000000
vn -0.00010000 -0.00000000 -1.00000000
vn -0.00000000 -0.00000000 -1.00000000
vn -0.00000000 -0.00000000 -1.00000000
vn 0.00010000 -0.00000000 -1.00000000
vn -0.00000000 -0.00000000 -1.00000000
vn -0.00000000 -0.00000000 -1.00000000
vn -0.00000000 -0.00000000 -1.00000000
vn -0.00000000 -0.00000000 -1.00000000
vn -0.00000000 -0.00000000 -1.00000000
vn -0.00000000 -0.00000000 -1.00000000
vn -0.00000000 -0.00000000 -1.00000000
vn -0.00000000 -0.00000000 -1.00000000
vn -0.00000000 -0.00000000 -1.00000000
vn -0.00000000 -0.00000000 -1.00000000
vn -0.00000000 -0.00000000 -1.00000000
vn 0.00020000 -0.00000000 -1.00000000
vn -0.00000000 -0.00000000 -1.00000000
vn -0.00000000 -0.00000000 -1.00000000
vn -0.00000000 -0.00000000 -1.00000000
vn -0.00000000 -0.00000000 -1.00000000
vn 0.00010000 -0.00000000 -1.00000000
vn -0.00000000 -0.00000000 -1.00000000
vn -0.00000000 -0.00000000 -1.00000000
vn -0.00000000 -0.00000000 -1.00000000
vn 0.00010000 -0.00000000 -1.00000000
vn -0.00010000 -0.00000000 -1.00000000
vn -0.00000000 -0.00000000 -1.00000000
vn -0.00000000 -0.00000000 -1.00000000
vn -0.00000000 -0.00000000 -1.00000000
vn -0.00000000 -0.00000000 -1.00000000
vn -0.00000000 -0.00000000 -1.00000000
vn -0.00000000 -0.00000000 -1.00000000
vn -0.00000000 -0.00000000 -1.00000000
vn -0.00010000 -0.00000000 -1.00000000
vn -0.00000000 -0.00000000 -1.00000000
vn -0.00000000 -0.00000000 -1.00000000
vn -0.00010000 -0.00000000 -1.00000000
vn -0.00000000 -0.00000000 -1.00000000
vn -0.00000000 -0.00000000 -1.00000000
vn -0.00000000 -0.00000000 -1.00000000
vn -0.00010000 -0.00000000 -1.00000000
vn -0.00000000 -0.00000000 -1.00000000
vn -0.00000000 -0.00000000 -1.00000000
vn -0.00000000 -0.00000000 -1.00000000
vn 0.00010000 -0.00000000 -1.00000000
vn -0.00010000 -0.00000000 -1.00000000
vn -0.00000000 -0.00000000 -1.00000000
vn -0.00000000 -0.00000000 -1.00000000
vn -0.00000000 -0.00000000 -1.00000000
vn -0.00000000 -0.00000000 -1.00000000
vn -0.00000000 -0.00000000 -1.00000000
vn -0.00000000 -0.00000000 -1.00000000
vn -0.00000000 -0.00000000 -1.00000000
vn -0.00000000 -0.00000000 -1.00000000
vn -0.00000000 -0.00000000 -1.00000000
vn -0.00000000 -0.00000000 -1.00000000
vn 0.00010000 -0.00000000 -1.00000000
vn -0.00010000 -0.00000000 -1.00000000
vn 0.00010000 -0.00000000 -1.00000000
vn -0.00000000 -0.00000000 -1.00000000
vn -0.00000000 -0.00000000 -1.00000000
vn -0.00000000 -0.00000000 -1.00000000
vn 0.00010000 -0.00000000 -1.00000000
vn -0.00000000 -0.00000000 -1.00000000
vn -0.00010000 -0.00000000 -1.00000000
vn 0.00010000 -0.00000000 -1.00000000
vn -0.00000000 -0.00000000 -1.00000000
vn 0.00010000 -0.00000000 -1.00000000
vn -0.00000000 -0.00000000 -1.00000000
vn -0.00010000 -0.00000000 -1.00000000
vn -0.00000000 -0.00000000 -1.00000000
vn -0.00000000 -0.00000000 -1.00000000
vn -0.00000000 -0.00000000 -1.00000000
vn -0.00010000 -0.00000000 -1.00000000
vn -0.00000000 -0.00000000 -1.00000000
vn 0.00020000 -0.00000000 -1.00000000
vn -0.00010000 -0.00000000 -1.00000000
vn 0.00010000 -0.00000000 -1.00000000
vn -0.00000000 -0.00000000 -1.00000000
vn -0.00010000 -0.00000000 -1.00000000
vn -0.00000000 -0.00000000 -1.00000000
vn 0.00010000 -0.00000000 -1.00000000
vn -0.00000000 -0.00000000 -1.00000000
vn -0.00000000 -0.00000000 -1.00000000
vn -0.00000000 -0.00000000 -1.00000000
vn -0.00000000 -0.00000000 -1.00000000
vn 0.00010000 -0.00000000 -1.00000000
vn 0.00010000 -0.00000000 -1.00000000
vn -0.00000000 -0.00000000 -1.00000000
vn -0.00000000 -0.00000000 -1.00000000
vn -0.00000000 -0.00000000 -1.00000000
vn 0.00010000 -0.00000000 -1.00000000
vn -0.00000000 -0.00000000 -1.00000000
vn 0.00010000 -0.00000000 -1.00000000
vn -0.00000000 -0.00000000 -1.00000000
vn -0.00010000 -0.00000000 -1.00000000
vn -0.00000000 -0.00000000 -1.00000000
vn -0.00000000 -0.00000000 -1.00000000
vn 0.00010000 -0.00000000 -1.00000000
vn -0.00000000 -0.00000000 -1.00000000
vn -0.00010000 -0.00000000 -1.00000000
vn -0.00010000 -0.00000000 -1.00000000
vn -0.00000000 -0.00000000 -1.00000000
vn -0.00000000 -0.00000000 -1.00000000
vn -0.00000000 -0.00000000 -1.00000000
vn 0.00010000 -0.00000000 -1.00000000
vn -0.00000000 -0.00000000 -1.00000000
vn -0.00030000 -0.00000000 -1.00000000
vn -0.00010000 -0.00000000 -1.00000000
vn 0.00010000 -0.00000000 -1.00000000
vn -0.00000000 -0.00000000 -1.00000000
vn 0.00010000 -0.00000000 -1.00000000
vn -0.00000000 -0.00000000 -1.00000000
vn -0.00000000 -0.00000000 -1.00000000
vn 0.00010000 -0.00000000 -1.00000000
vn -0.00000000 -0.00000000 -1.00000000
vn -0.00000000 -0.00000000 -1.00000000
vn -0.00000000 -0.00000000 -1.00000000
vn -0.00000000 -0.00000000 -1.00000000
vn -0.00000000 -0.00000000 -1.00000000
vn -0.00000000 -0.00000000 -1.00000000
vn -0.00000000 -0.00000000 -1.00000000
vn 0.00030000 -0.00000000 -1.00000000
vn -0.00000000 -0.00000000 -1.00000000
vn 0.00020000 -0.00000000 -1.00000000
vn -0.00030000 -0.00000000 -1.00000000
vn -0.00010000 -0.00000000 -1.00000000
vn 0.00010000 -0.00000000 -1.00000000
vn -0.00000000 -0.00000000 -1.00000000
vn 0.00010000 -0.00000000 -1.00000000
vn -0.00000000 -0.00000000 -1.00000000
vn -0.00000000 -0.00000000 -1.00000000
vn -0.00010000 -0.00000000 -1.00000000
vn -0.00010000 -0.00000000 -1.00000000
vn -0.00000000 -0.00000000 -1.00000000
vn -0.00000000 -0.00000000 -1.00000000
vn -0.00010000 -0.00000000 -1.00000000
vn -0.00000000 -0.00000000 -1.00000000
vn 0.00010000 -0.00000000 -1.00000000
vn -0.00000000 -0.00000000 -1.00000000
vn -0.00000000 -0.00000000 -1.00000000
vn -0.00020000 -0.00000000 -1.00000000
vn -0.00000000 -0.00000000 -1.00000000
vn -0.00000000 -0.00000000 -1.00000000
vn -0.00000000 -0.00000000 -1.00000000
vn -0.00000000 -0.00000000 -1.00000000
vn -0.00000000 -0.00000000 -1.00000000
vn -0.00010000 -0.00000000 -1.00000000
vn -0.00000000 -0.00000000 -1.00000000
vn 0.00010000 -0.00000000 -1.00000000
vn -0.00000000 -0.00000000 -1.00000000
vn -0.00000000 -0.00000000 -1.00000000
vn -0.00000000 -0.00000000 -1.00000000
vn -0.00000000 -0.00000000 -1.00000000
vn -0.00000000 -0.00000000 -1.00000000
vn -0.00010000 -0.00000000 -1.00000000
vn 0.00010000 -0.00000000 -1.00000000
vn -0.00000000 -0.00000000 -1.00000000
vn -0.00000000 -0.00000000 -1.00000000
vn -0.00000000 -0.00000000 -1.00000000
vn -0.00000000 -0.00000000 -1.00000000
vn -0.00010000 -0.00000000 -1.00000000
vn -0.00000000 -0.00000000 -1.00000000
vn 0.00010000 -0.00000000 -1.00000000
vn -0.00010000 -0.00000000 -1.00000000
vn -0.00000000 -0.00000000 -1.00000000
vn 0.00010000 -0.00000000 -1.00000000
vn -0.00000000 -0.00000000 -1.00000000
vn -0.00000000 -0.00000000 -1.00000000
vn -0.00000000 -0.00000000 -1.00000000
vn -0.00000000 -0.00000000 -1.00000000
vn -0.00030000 -0.00000000 -1.00000000
vn 0.00020000 -0.00000000 -1.00000000
vn -0.00000000 -0.00000000 -1.00000000
vn -0.00000000 -0.00000000 -1.00000000
vn -0.00000000 -0.00000000 -1.00000000
vn 0.00010000 -0.00000000 -1.00000000
vn -0.00000000 -0.00000000 -1.00000000
vn -0.00010000 -0.00000000 -1.00000000
vn -0.00000000 -0.00000000 -1.00000000
vn 0.00010000 -0.00000000 -1.00000000
vn -0.00000000 -0.00000000 -1.00000000
vn -0.00000000 -0.00000000 -1.00000000
vn -0.00010000 -0.00000000 -1.00000000
vn -0.00000000 -0.00000000 -1.00000000
vn 0.00010000 -0.00000000 -1.00000000
vn -0.00000000 -0.00000000 -1.00000000
vn -0.00000000 -0.00000000 -1.00000000
vn -0.00000000 -0.00000000 -1.00000000
vn 0.00020000 -0.00000000 -1.00000000
vn -0.00010000 -0.00000000 -1.00000000
vn -0.00000000 -0.00000000 -1.00000000
vn -0.00000000 -0.00000000 -1.00000000
vn -0.00000000 -0.00000000 -1.00000000
vn -0.00000000 -0.00000000 -1.00000000
vn -0.00010000 -0.00000000 -1.00000000
vn -0.00000000 -0.00000000 -1.00000000
vn -0.00000000 -0.00000000 -1.00000000
vn -0.00000000 -0.00000000 -1.00000000
vn -0.00000000 -0.00000000 -1.00000000
vn -0.00000000 -0.00000000 -1.00000000
vn -0.00000000 -0.00000000 -1.00000000
vn -0.00010000 -0.00000000 -1.00000000
vn 0.00010000 -0.00000000 -1.00000000
vn -0.00000000 -0.00000000 -1.00000000
vn -0.00000000 -0.00000000 -1.00000000
vn -0.00000000 -0.00000000 -1.00000000
vn -0.00010000 -0.00000000 -1.00000000
vn -0.00000000 -0.00000000 -1.00000000
vn -0.00000000 -0.00000000 -1.00000000
vn -0.00000000 -0.00000000 -1.00000000
vn -0.00000000 -0.00000000 -1.00000000
vn -0.00000000 -0.00000000 -1.00000000
vn -0.00000000 -0.00000000 -1.00000000
vn -0.00000000 -0.00000000 -1.00000000
vn -0.00000000 -0.00000000 -1.00000000
vn -0.00000000 -0.00000000 -1.00000000
vn -0.00000000 -1.00000000 -0.00000000
vn -0.00000000 -1.00000000 -0.00000000
vn -0.00000000 1.00000000 -0.00000000
vn -0.00000000 1.00000000 -0.00000000
vn -0.01680000 0.99990000 -0.00000000
vn -0.03360000 0.99940000 -0.00000000
vn -0.05040000 0.99870000 -0.00000000
vn -0.06710000 0.99770000 -0.00000000
vn -0.08390000 0.99650000 -0.00000000
vn -0.10060000 0.99490000 -0.00000000
vn -0.11730000 0.99310000 -0.00000000
vn -0.13400000 0.99100000 -0.00000000
vn -0.15060000 0.98860000 -0.00000000
vn -0.16720000 0.98590000 -0.00000000
vn -0.18370000 0.98300000 -0.00000000
vn -0.20020000 0.97970000 -0.00000000
vn -0.21670000 0.97620000 -0.00000000
vn -0.23300000 0.97250000 -0.00000000
vn -0.24940000 0.96840000 -0.00000000
vn -0.26560000 0.96410000 -0.00000000
vn -0.28170000 0.95950000 -0.00000000
vn -0.29780000 0.95460000 -0.00000000
vn -0.31380000 0.94950000 -0.00000000
vn -0.32970000 0.94410000 -0.00000000
vn -0.34550000 0.93840000 -0.00000000
vn -0.36130000 0.93240000 -0.00000000
vn -0.37690000 0.92620000 -0.00000000
vn -0.39240000 0.91980000 -0.00000000
vn -0.40780000 0.91310000 -0.00000000
vn -0.42300000 0.90610000 -0.00000000
vn -0.43820000 0.89890000 -0.00000000
vn -0.45330000 0.89140000 -0.00000000
vn -0.46810000 0.88370000 -0.00000000
vn -0.48290000 0.87570000 -0.00000000
vn -0.49760000 0.86740000 -0.00000000
vn -0.51210000 0.85890000 -0.00000000
vn -0.52640000 0.85020000 -0.00000000
vn -0.54060000 0.84130000 -0.00000000
vn -0.55470000 0.83210000 -0.00000000
vn -0.56860000 0.82260000 -0.00000000
vn -0.58230000 0.81290000 -0.00000000
vn -0.59590000 0.80300000 -0.00000000
vn -0.60930000 0.79290000 -0.00000000
vn -0.62250000 0.78260000 -0.00000000
vn -0.63560000 0.77200000 -0.00000000
vn -0.64850000 0.76120000 -0.00000000
vn -0.66120000 0.75020000 -0.00000000
vn -0.67370000 0.73900000 -0.00000000
vn -0.68600000 0.72760000 -0.00000000
vn -0.69810000 0.71600000 -0.00000000
vn -0.71010000 0.70410000 -0.00000000
vn -0.72180000 0.69210000 -0.00000000
vn -0.73330000 0.67990000 -0.00000000
vn -0.74460000 0.66750000 -0.00000000
vn -0.75570000 0.65490000 -0.00000000
vn -0.76670000 0.64200000 -0.00000000
vn -0.77730000 0.62910000 -0.00000000
vn -0.78780000 0.61590000 -0.00000000
vn -0.79810000 0.60260000 -0.00000000
vn -0.80800000 0.58920000 -0.00000000
vn -0.81780000 0.57550000 -0.00000000
vn -0.82740000 0.56170000 -0.00000000
vn -0.83670000 0.54770000 -0.00000000
vn -0.84580000 0.53360000 -0.00000000
vn -0.85460000 0.51930000 -0.00000000
vn -0.86320000 0.50490000 -0.00000000
vn -0.87160000 0.49030000 -0.00000000
vn -0.87970000 0.47550000 -0.00000000
vn -0.88750000 0.46070000 -0.00000000
vn -0.89520000 0.44570000 -0.00000000
vn -0.90250000 0.43060000 -0.00000000
vn -0.90960000 0.41550000 -0.00000000
vn -0.91650000 0.40010000 -0.00000000
vn -0.92310000 0.38460000 -0.00000000
vn -0.92940000 0.36900000 -0.00000000
vn -0.93550000 0.35340000 -0.00000000
vn -0.94130000 0.33770000 -0.00000000
vn -0.94680000 0.32180000 -0.00000000
vn -0.95210000 0.30580000 -0.00000000
vn -0.95710000 0.28970000 -0.00000000
vn -0.96180000 0.27370000 -0.00000000
vn -0.96630000 0.25750000 -0.00000000
vn -0.97050000 0.24120000 -0.00000000
vn -0.97440000 0.22490000 -0.00000000
vn -0.97800000 0.20840000 -0.00000000
vn -0.98140000 0.19200000 -0.00000000
vn -0.98450000 0.17550000 -0.00000000
vn -0.98730000 0.15890000 -0.00000000
vn -0.98980000 0.14230000 -0.00000000
vn -0.99210000 0.12570000 -0.00000000
vn -0.99400000 0.10900000 -0.00000000
vn -0.99570000 0.09230000 -0.00000000
vn -0.99710000 0.07550000 -0.00000000
vn -0.99830000 0.05880000 -0.00000000
vn -0.99910000 0.04200000 -0.00000000
vn -0.99970000 0.02520000 -0.00000000
vn -1.00000000 0.00840000 -0.00000000
vn -1.00000000 -0.00840000 -0.00000000
vn -0.99970000 -0.02520000 -0.00000000
vn -0.99910000 -0.04200000 -0.00000000
vn -0.99830000 -0.05880000 -0.00000000
vn -0.99710000 -0.07550000 -0.00000000
vn -0.99570000 -0.09230000 -0.00000000
vn -0.99400000 -0.10900000 -0.00000000
vn -0.99210000 -0.12570000 -0.00000000
vn -0.98980000 -0.14230000 -0.00000000
vn -0.98730000 -0.15890000 -0.00000000
vn -0.98450000 -0.17550000 -0.00000000
vn -0.98140000 -0.19200000 -0.00000000
vn -0.97800000 -0.20840000 -0.00000000
vn -0.97440000 -0.22490000 -0.00000000
vn -0.97050000 -0.24120000 -0.00000000
vn -0.96630000 -0.25750000 -0.00000000
vn -0.96180000 -0.27370000 -0.00000000
vn -0.95710000 -0.28970000 -0.00000000
vn -0.95210000 -0.30580000 -0.00000000
vn -0.94680000 -0.32180000 -0.00000000
vn -0.94130000 -0.33770000 -0.00000000
vn -0.93550000 -0.35340000 -0.00000000
vn -0.92940000 -0.36910000 -0.00000000
vn -0.92310000 -0.38460000 -0.00000000
vn -0.91650000 -0.40010000 -0.00000000
vn -0.90960000 -0.41550000 -0.00000000
vn -0.90250000 -0.43060000 -0.00000000
vn -0.89520000 -0.44570000 -0.00000000
vn -0.88750000 -0.46070000 -0.00000000
vn -0.87970000 -0.47560000 -0.00000000
vn -0.87160000 -0.49030000 -0.00000000
vn -0.86320000 -0.50480000 -0.00000000
vn -0.85460000 -0.51930000 -0.00000000
vn -0.84580000 -0.53360000 -0.00000000
vn -0.83670000 -0.54770000 -0.00000000
vn -0.82740000 -0.56170000 -0.00000000
vn -0.81780000 -0.57550000 -0.00000000
vn -0.80800000 -0.58920000 -0.00000000
vn -0.79800000 -0.60260000 -0.00000000
vn -0.78780000 -0.61600000 -0.00000000
vn -0.77730000 -0.62910000 -0.00000000
vn -0.76670000 -0.64200000 -0.00000000
vn -0.75570000 -0.65490000 -0.00000000
vn -0.74460000 -0.66750000 -0.00000000
vn -0.73330000 -0.67990000 -0.00000000
vn -0.72180000 -0.69210000 -0.00000000
vn -0.71010000 -0.70410000 -0.00000000
vn -0.69810000 -0.71600000 -0.00000000
vn -0.68600000 -0.72760000 -0.00000000
vn -0.67370000 -0.73900000 -0.00000000
vn -0.66120000 -0.75020000 -0.00000000
vn -0.64850000 -0.76120000 -0.00000000
vn -0.63560000 -0.77200000 -0.00000000
vn -0.62250000 -0.78260000 -0.00000000
vn -0.60930000 -0.79290000 -0.00000000
vn -0.59590000 -0.80300000 -0.00000000
vn -0.58230000 -0.81290000 -0.00000000
vn -0.56860000 -0.82260000 -0.00000000
vn -0.55470000 -0.83210000 -0.00000000
vn -0.54060000 -0.84130000 -0.00000000
vn -0.52640000 -0.85020000 -0.00000000
vn -0.51210000 -0.85900000 -0.00000000
vn -0.49760000 -0.86740000 -0.00000000
vn -0.48290000 -0.87570000 -0.00000000
vn -0.46810000 -0.88370000 -0.00000000
vn -0.45320000 -0.89140000 -0.00000000
vn -0.43820000 -0.89890000 -0.00000000
vn -0.42310000 -0.90610000 -0.00000000
vn -0.40780000 -0.91310000 -0.00000000
vn -0.39240000 -0.91980000 -0.00000000
vn -0.37690000 -0.92620000 -0.00000000
vn -0.36130000 -0.93240000 -0.00000000
vn -0.34550000 -0.93840000 -0.00000000
vn -0.32970000 -0.94410000 -0.00000000
vn -0.31380000 -0.94950000 -0.00000000
vn -0.29780000 -0.95460000 -0.00000000
vn -0.28170000 -0.95950000 -0.00000000
vn -0.26560000 -0.96410000 -0.00000000
vn -0.24940000 -0.96840000 -0.00000000
vn -0.23300000 -0.97250000 -0.00000000
vn -0.21670000 -0.97620000 -0.00000000
vn -0.20020000 -0.97970000 -0.00000000
vn -0.18370000 -0.98300000 -0.00000000
vn -0.16720000 -0.98590000 -0.00000000
vn -0.15060000 -0.98860000 -0.00000000
vn -0.13400000 -0.99100000 -0.00000000
vn -0.11730000 -0.99310000 -0.00000000
vn -0.10060000 -0.99490000 -0.00000000
vn -0.08390000 -0.99650000 -0.00000000
vn -0.06710000 -0.99770000 -0.00000000
vn -0.05040000 -0.99870000 -0.00000000
vn -0.03360000 -0.99940000 -0.00000000
vn -0.01680000 -0.99990000 -0.00000000
vn -0.01680000 -0.99990000 -0.00000000
vn -0.03360000 -0.99940000 -0.00000000
vn -0.05040000 -0.99870000 -0.00000000
vn -0.06710000 -0.99770000 -0.00000000
vn -0.08390000 -0.99650000 -0.00000000
vn -0.10060000 -0.99490000 -0.00000000
vn -0.11730000 -0.99310000 -0.00000000
vn -0.13400000 -0.99100000 -0.00000000
vn -0.15060000 -0.98860000 -0.00000000
vn -0.16720000 -0.98590000 -0.00000000
vn -0.18370000 -0.98300000 -0.00000000
vn -0.20020000 -0.97970000 -0.00000000
vn -0.21670000 -0.97620000 -0.00000000
vn -0.23300000 -0.97250000 -0.00000000
vn -0.24940000 -0.96840000 -0.00000000
vn -0.26560000 -0.96410000 -0.00000000
vn -0.28170000 -0.95950000 -0.00000000
vn -0.29780000 -0.95460000 -0.00000000
vn -0.31380000 -0.94950000 -0.00000000
vn -0.32970000 -0.94410000 -0.00000000
vn -0.34550000 -0.93840000 -0.00000000
vn -0.36130000 -0.93240000 -0.00000000
vn -0.37690000 -0.92620000 -0.00000000
vn -0.39240000 -0.91980000 -0.00000000
vn -0.40780000 -0.91310000 -0.00000000
vn -0.42310000 -0.90610000 -0.00000000
vn -0.43820000 -0.89890000 -0.00000000
vn -0.45320000 -0.89140000 -0.00000000
vn -0.46810000 -0.88370000 -0.00000000
vn -0.48290000 -0.87570000 -0.00000000
vn -0.49760000 -0.86740000 -0.00000000
vn -0.51210000 -0.85900000 -0.00000000
vn -0.52640000 -0.85020000 -0.00000000
vn -0.54060000 -0.84130000 -0.00000000
vn -0.55470000 -0.83210000 -0.00000000
vn -0.56860000 -0.82260000 -0.00000000
vn -0.58230000 -0.81290000 -0.00000000
vn -0.59590000 -0.80300000 -0.00000000
vn -0.60930000 -0.79290000 -0.00000000
vn -0.62250000 -0.78260000 -0.00000000
vn -0.63560000 -0.77200000 -0.00000000
vn -0.64850000 -0.76120000 -0.00000000
vn -0.66120000 -0.75020000 -0.00000000
vn -0.67370000 -0.73900000 -0.00000000
vn -0.68600000 -0.72760000 -0.00000000
vn -0.69810000 -0.71600000 -0.00000000
vn -0.71010000 -0.70410000 -0.00000000
vn -0.72180000 -0.69210000 -0.00000000
vn -0.73330000 -0.67990000 -0.00000000
vn -0.74460000 -0.66750000 -0.00000000
vn -0.75570000 -0.65490000 -0.00000000
vn -0.76670000 -0.64200000 -0.00000000
vn -0.77730000 -0.62910000 -0.00000000
vn -0.78780000 -0.61600000 -0.00000000
vn -0.79800000 -0.60260000 -0.00000000
vn -0.80800000 -0.58920000 -0.00000000
vn -0.81780000 -0.57550000 -0.00000000
vn -0.82740000 -0.56170000 -0.00000000
vn -0.83670000 -0.54770000 -0.00000000
vn -0.84580000 -0.53360000 -0.00000000
vn -0.85460000 -0.51930000 -0.00000000
vn -0.86320000 -0.50480000 -0.00000000
vn -0.87160000 -0.49030000 -0.00000000
vn -0.87970000 -0.47560000 -0.00000000
vn -0.88750000 -0.46070000 -0.00000000
vn -0.89520000 -0.44570000 -0.00000000
vn -0.90250000 -0.43060000 -0.00000000
vn -0.90960000 -0.41550000 -0.00000000
vn -0.91650000 -0.40010000 -0.00000000
vn -0.92310000 -0.38460000 -0.00000000
vn -0.92940000 -0.36910000 -0.00000000
vn -0.93550000 -0.35340000 -0.00000000
vn -0.94130000 -0.33770000 -0.00000000
vn -0.94680000 -0.32180000 -0.00000000
vn -0.95210000 -0.30580000 -0.00000000
vn -0.95710000 -0.28970000 -0.00000000
vn -0.96180000 -0.27370000 -0.00000000
vn -0.96630000 -0.25750000 -0.00000000
vn -0.97050000 -0.24120000 -0.00000000
vn -0.97440000 -0.22490000 -0.00000000
vn -0.97800000 -0.20840000 -0.00000000
vn -0.98140000 -0.19200000 -0.00000000
vn -0.98450000 -0.17550000 -0.00000000
vn -0.98730000 -0.15890000 -0.00000000
vn -0.98980000 -0.14230000 -0.00000000
vn -0.99210000 -0.12570000 -0.00000000
vn -0.99400000 -0.10900000 -0.00000000
vn -0.99570000 -0.09230000 -0.00000000
vn -0.99710000 -0.07550000 -0.00000000
vn -0.99830000 -0.05880000 -0.00000000
vn -0.99910000 -0.04200000 -0.00000000
vn -0.99970000 -0.02520000 -0.00000000
vn -1.00000000 -0.00840000 -0.00000000
vn -1.00000000 0.00840000 -0.00000000
vn -0.99970000 0.02520000 -0.00000000
vn -0.99910000 0.04200000 -0.00000000
vn -0.99830000 0.05880000 -0.00000000
vn -0.99710000 0.07550000 -0.00000000
vn -0.99570000 0.09230000 -0.00000000
vn -0.99400000 0.10900000 -0.00000000
vn -0.99210000 0.12570000 -0.00000000
vn -0.98980000 0.14230000 -0.00000000
vn -0.98730000 0.15890000 -0.00000000
vn -0.98450000 0.17550000 -0.00000000
vn -0.98140000 0.19200000 -0.00000000
vn -0.97800000 0.20840000 -0.00000000
vn -0.97440000 0.22490000 -0.00000000
vn -0.97050000 0.24120000 -0.00000000
vn -0.96630000 0.25750000 -0.00000000
vn -0.96180000 0.27370000 -0.00000000
vn -0.95710000 0.28970000 -0.00000000
vn -0.95210000 0.30580000 -0.00000000
vn -0.94680000 0.32180000 -0.00000000
vn -0.94130000 0.33770000 -0.00000000
vn -0.93550000 0.35340000 -0.00000000
vn -0.92940000 0.36900000 -0.00000000
vn -0.92310000 0.38460000 -0.00000000
vn -0.91650000 0.40010000 -0.00000000
vn -0.90960000 0.41550000 -0.00000000
vn -0.90250000 0.43060000 -0.00000000
vn -0.89520000 0.44570000 -0.00000000
vn -0.88750000 0.46070000 -0.00000000
vn -0.87970000 0.47550000 -0.00000000
vn -0.87160000 0.49030000 -0.00000000
vn -0.86320000 0.50490000 -0.00000000
vn -0.85460000 0.51930000 -0.00000000
vn -0.84580000 0.53360000 -0.00000000
vn -0.83670000 0.54770000 -0.00000000
vn -0.82740000 0.56170000 -0.00000000
vn -0.81780000 0.57550000 -0.00000000
vn -0.80800000 0.58920000 -0.00000000
vn -0.79810000 0.60260000 -0.00000000
vn -0.78780000 0.61590000 -0.00000000
vn -0.77730000 0.62910000 -0.00000000
vn -0.76670000 0.64200000 -0.00000000
vn -0.75570000 0.65490000 -0.00000000
vn -0.74460000 0.66750000 -0.00000000
vn -0.73330000 0.67990000 -0.00000000
vn -0.72180000 0.69210000 -0.00000000
vn -0.71010000 0.70410000 -0.00000000
vn -0.69810000 0.71600000 -0.00000000
vn -0.68600000 0.72760000 -0.00000000
vn -0.67370000 0.73900000 -0.00000000
vn -0.66120000 0.75020000 -0.00000000
vn -0.64850000 0.76120000 -0.00000000
vn -0.63560000 0.77200000 -0.00000000
vn -0.62250000 0.78260000 -0.00000000
vn -0.60930000 0.79290000 -0.00000000
vn -0.59590000 0.80300000 -0.00000000
vn -0.58230000 0.81290000 -0.00000000
vn -0.56860000 0.82260000 -0.00000000
vn -0.55470000 0.83210000 -0.00000000
vn -0.54060000 0.84130000 -0.00000000
vn -0.52640000 0.85020000 -0.00000000
vn -0.51210000 0.85890000 -0.00000000
vn -0.49760000 0.86740000 -0.00000000
vn -0.48290000 0.87570000 -0.00000000
vn -0.46810000 0.88370000 -0.00000000
vn -0.45330000 0.89140000 -0.00000000
vn -0.43820000 0.89890000 -0.00000000
vn -0.42300000 0.90610000 -0.00000000
vn -0.40780000 0.91310000 -0.00000000
vn -0.39240000 0.91980000 -0.00000000
vn -0.37690000 0.92620000 -0.00000000
vn -0.36130000 0.93240000 -0.00000000
vn -0.34550000 0.93840000 -0.00000000
vn -0.32970000 0.94410000 -0.00000000
vn -0.31380000 0.94950000 -0.00000000
vn -0.29780000 0.95460000 -0.00000000
vn -0.28170000 0.95950000 -0.00000000
vn -0.26560000 0.96410000 -0.00000000
vn -0.24940000 0.96840000 -0.00000000
vn -0.23300000 0.97250000 -0.00000000
vn -0.21670000 0.97620000 -0.00000000
vn -0.20020000 0.97970000 -0.00000000
vn -0.18370000 0.98300000 -0.00000000
vn -0.16720000 0.98590000 -0.00000000
vn -0.15060000 0.98860000 -0.00000000
vn -0.13400000 0.99100000 -0.00000000
vn -0.11730000 0.99310000 -0.00000000
vn -0.10060000 0.99490000 -0.00000000
vn -0.08390000 0.99650000 -0.00000000
vn -0.06710000 0.99770000 -0.00000000
vn -0.05040000 0.99870000 -0.00000000
vn -0.03360000 0.99940000 -0.00000000
vn -0.01680000 0.99990000 -0.00000000
vn -0.00000000 1.00000000 -0.00000000
vn -0.00000000 -1.00000000 -0.00000000
vn -0.00000000 -1.00000000 -0.00000000
vn -0.00000000 1.00000000 -0.00000000
vn 0.01680000 -0.99990000 -0.00000000
vn 0.03360000 -0.99940000 -0.00000000
vn 0.05040000 -0.99870000 -0.00000000
vn 0.06710000 -0.99770000 -0.00000000
vn 0.08390000 -0.99650000 -0.00000000
vn 0.10060000 -0.99490000 -0.00000000
vn 0.11730000 -0.99310000 -0.00000000
vn 0.13400000 -0.99100000 -0.00000000
vn 0.15060000 -0.98860000 -0.00000000
vn 0.16720000 -0.98590000 -0.00000000
vn 0.18370000 -0.98300000 -0.00000000
vn 0.20020000 -0.97970000 -0.00000000
vn 0.21670000 -0.97620000 -0.00000000
vn 0.23300000 -0.97250000 -0.00000000
vn 0.24940000 -0.96840000 -0.00000000
vn 0.26560000 -0.96410000 -0.00000000
vn 0.28170000 -0.95950000 -0.00000000
vn 0.29780000 -0.95460000 -0.00000000
vn 0.31380000 -0.94950000 -0.00000000
vn 0.32970000 -0.94410000 -0.00000000
vn 0.34550000 -0.93840000 -0.00000000
vn 0.36130000 -0.93240000 -0.00000000
vn 0.37690000 -0.92620000 -0.00000000
vn 0.39240000 -0.91980000 -0.00000000
vn 0.40780000 -0.91310000 -0.00000000
vn 0.42310000 -0.90610000 -0.00000000
vn 0.43820000 -0.89890000 -0.00000000
vn 0.45320000 -0.89140000 -0.00000000
vn 0.46810000 -0.88370000 -0.00000000
vn 0.48290000 -0.87570000 -0.00000000
vn 0.49760000 -0.86740000 -0.00000000
vn 0.51210000 -0.85900000 -0.00000000
vn 0.52640000 -0.85020000 -0.00000000
vn 0.54060000 -0.84130000 -0.00000000
vn 0.55470000 -0.83210000 -0.00000000
vn 0.56860000 -0.82260000 -0.00000000
vn 0.58230000 -0.81290000 -0.00000000
vn 0.59590000 -0.80300000 -0.00000000
vn 0.60930000 -0.79290000 -0.00000000
vn 0.62250000 -0.78260000 -0.00000000
vn 0.63560000 -0.77200000 -0.00000000
vn 0.64850000 -0.76120000 -0.00000000
vn 0.66120000 -0.75020000 -0.00000000
vn 0.67370000 -0.73900000 -0.00000000
vn 0.68600000 -0.72760000 -0.00000000
vn 0.69810000 -0.71600000 -0.00000000
vn 0.71010000 -0.70410000 -0.00000000
vn 0.72180000 -0.69210000 -0.00000000
vn 0.73330000 -0.67990000 -0.00000000
vn 0.74460000 -0.66750000 -0.00000000
vn 0.75570000 -0.65490000 -0.00000000
vn 0.76670000 -0.64200000 -0.00000000
vn 0.77730000 -0.62910000 -0.00000000
vn 0.78780000 -0.61600000 -0.00000000
vn 0.79800000 -0.60260000 -0.00000000
vn 0.80800000 -0.58920000 -0.00000000
vn 0.81780000 -0.57550000 -0.00000000
vn 0.82740000 -0.56170000 -0.00000000
vn 0.83670000 -0.54770000 -0.00000000
vn 0.84580000 -0.53360000 -0.00000000
vn 0.85460000 -0.51930000 -0.00000000
vn 0.86330000 -0.50480000 -0.00000000
vn 0.87160000 -0.49030000 -0.00000000
vn 0.87970000 -0.47560000 -0.00000000
vn 0.88760000 -0.46070000 -0.00000000
vn 0.89520000 -0.44570000 -0.00000000
vn 0.90250000 -0.43060000 -0.00000000
vn 0.90960000 -0.41550000 -0.00000000
vn 0.91650000 -0.40010000 -0.00000000
vn 0.92310000 -0.38460000 -0.00000000
vn 0.92940000 -0.36910000 -0.00000000
vn 0.93550000 -0.35340000 -0.00000000
vn 0.94130000 -0.33770000 -0.00000000
vn 0.94680000 -0.32180000 -0.00000000
vn 0.95210000 -0.30580000 -0.00000000
vn 0.95710000 -0.28970000 -0.00000000
vn 0.96180000 -0.27370000 -0.00000000
vn 0.96630000 -0.25750000 -0.00000000
vn 0.97050000 -0.24120000 -0.00000000
vn 0.97440000 -0.22480000 -0.00000000
vn 0.97800000 -0.20840000 -0.00000000
vn 0.98140000 -0.19200000 -0.00000000
vn 0.98450000 -0.17550000 -0.00000000
vn 0.98730000 -0.15890000 -0.00000000
vn 0.98980000 -0.14230000 -0.00000000
vn 0.99210000 -0.12570000 -0.00000000
vn 0.99400000 -0.10900000 -0.00000000
vn 0.99570000 -0.09230000 -0.00000000
vn 0.99710000 -0.07550000 -0.00000000
vn 0.99830000 -0.05880000 -0.00000000
vn 0.99910000 -0.04200000 -0.00000000
vn 0.99970000 -0.02520000 -0.00000000
vn 1.00000000 -0.00840000 -0.00000000
vn 1.00000000 0.00840000 -0.00000000
vn 0.99970000 0.02520000 -0.00000000
vn 0.99910000 0.04200000 -0.00000000
vn 0.99830000 0.05880000 -0.00000000
vn 0.99710000 0.07550000 -0.00000000
vn 0.99570000 0.09230000 -0.00000000
vn 0.99400000 0.10900000 -0.00000000
vn 0.99210000 0.12570000 -0.00000000
vn 0.98980000 0.14230000 -0.00000000
vn 0.98730000 0.15890000 -0.00000000
vn 0.98450000 0.17550000 -0.00000000
vn 0.98140000 0.19200000 -0.00000000
vn 0.97800000 0.20840000 -0.00000000
vn 0.97440000 0.22480000 -0.00000000
vn 0.97050000 0.24120000 -0.00000000
vn 0.96630000 0.25750000 -0.00000000
vn 0.96180000 0.27370000 -0.00000000
vn 0.95710000 0.28970000 -0.00000000
vn 0.95210000 0.30580000 -0.00000000
vn 0.94680000 0.32180000 -0.00000000
vn 0.94130000 0.33770000 -0.00000000
vn 0.93550000 0.35340000 -0.00000000
vn 0.92940000 0.36910000 -0.00000000
vn 0.92310000 0.38460000 -0.00000000
vn 0.91650000 0.40010000 -0.00000000
vn 0.90960000 0.41550000 -0.00000000
vn 0.90250000 0.43060000 -0.00000000
vn 0.89520000 0.44580000 -0.00000000
vn 0.88760000 0.46070000 -0.00000000
vn 0.87970000 0.47550000 -0.00000000
vn 0.87160000 0.49030000 -0.00000000
vn 0.86320000 0.50490000 -0.00000000
vn 0.85460000 0.51930000 -0.00000000
vn 0.84580000 0.53360000 -0.00000000
vn 0.83670000 0.54770000 -0.00000000
vn 0.82740000 0.56170000 -0.00000000
vn 0.81780000 0.57550000 -0.00000000
vn 0.80800000 0.58920000 -0.00000000
vn 0.79810000 0.60260000 -0.00000000
vn 0.78780000 0.61590000 -0.00000000
vn 0.77730000 0.62910000 -0.00000000
vn 0.76670000 0.64200000 -0.00000000
vn 0.75570000 0.65490000 -0.00000000
vn 0.74460000 0.66750000 -0.00000000
vn 0.73330000 0.67990000 -0.00000000
vn 0.72180000 0.69210000 -0.00000000
vn 0.71010000 0.70410000 -0.00000000
vn 0.69810000 0.71600000 -0.00000000
vn 0.68600000 0.72760000 -0.00000000
vn 0.67370000 0.73900000 -0.00000000
vn 0.66120000 0.75020000 -0.00000000
vn 0.64850000 0.76120000 -0.00000000
vn 0.63560000 0.77200000 -0.00000000
vn 0.62250000 0.78260000 -0.00000000
vn 0.60930000 0.79290000 -0.00000000
vn 0.59590000 0.80300000 -0.00000000
vn 0.58230000 0.81290000 -0.00000000
vn 0.56860000 0.82260000 -0.00000000
vn 0.55470000 0.83210000 -0.00000000
vn 0.54060000 0.84130000 -0.00000000
vn 0.52640000 0.85020000 -0.00000000
vn 0.51210000 0.85890000 -0.00000000
vn 0.49760000 0.86740000 -0.00000000
vn 0.48290000 0.87570000 -0.00000000
vn 0.46810000 0.88370000 -0.00000000
vn 0.45330000 0.89140000 -0.00000000
vn 0.43820000 0.89890000 -0.00000000
vn 0.42300000 0.90610000 -0.00000000
vn 0.40780000 0.91310000 -0.00000000
vn 0.39240000 0.91980000 -0.00000000
vn 0.37690000 0.92620000 -0.00000000
vn 0.36130000 0.93240000 -0.00000000
vn 0.34550000 0.93840000 -0.00000000
vn 0.32970000 0.94410000 -0.00000000
vn 0.31380000 0.94950000 -0.00000000
vn 0.29780000 0.95460000 -0.00000000
vn 0.28170000 0.95950000 -0.00000000
vn 0.26560000 0.96410000 -0.00000000
vn 0.24940000 0.96840000 -0.00000000
vn 0.23300000 0.97250000 -0.00000000
vn 0.21670000 0.97620000 -0.00000000
vn 0.20020000 0.97970000 -0.00000000
vn 0.18370000 0.98300000 -0.00000000
vn 0.16720000 0.98590000 -0.00000000
vn 0.15060000 0.98860000 -0.00000000
vn 0.13400000 0.99100000 -0.00000000
vn 0.11730000 0.99310000 -0.00000000
vn 0.10060000 0.99490000 -0.00000000
vn 0.08390000 0.99650000 -0.00000000
vn 0.06710000 0.99770000 -0.00000000
vn 0.05040000 0.99870000 -0.00000000
vn 0.03360000 0.99940000 -0.00000000
vn 0.01680000 0.99990000 -0.00000000
vn 0.01680000 0.99990000 -0.00000000
vn 0.03360000 0.99940000 -0.00000000
vn 0.05040000 0.99870000 -0.00000000
vn 0.06710000 0.99770000 -0.00000000
vn 0.08390000 0.99650000 -0.00000000
vn 0.10060000 0.99490000 -0.00000000
vn 0.11730000 0.99310000 -0.00000000
vn 0.13400000 0.99100000 -0.00000000
vn 0.15060000 0.98860000 -0.00000000
vn 0.16720000 0.98590000 -0.00000000
vn 0.18370000 0.98300000 -0.00000000
vn 0.20020000 0.97970000 -0.00000000
vn 0.21670000 0.97620000 -0.00000000
vn 0.23300000 0.97250000 -0.00000000
vn 0.24940000 0.96840000 -0.00000000
vn 0.26560000 0.96410000 -0.00000000
vn 0.28170000 0.95950000 -0.00000000
vn 0.29780000 0.95460000 -0.00000000
vn 0.31380000 0.94950000 -0.00000000
vn 0.32970000 0.94410000 -0.00000000
vn 0.34550000 0.93840000 -0.00000000
vn 0.36130000 0.93240000 -0.00000000
vn 0.37690000 0.92620000 -0.00000000
vn 0.39240000 0.91980000 -0.00000000
vn 0.40780000 0.91310000 -0.00000000
vn 0.42300000 0.90610000 -0.00000000
vn 0.43820000 0.89890000 -0.00000000
vn 0.45330000 0.89140000 -0.00000000
vn 0.46810000 0.88370000 -0.00000000
vn 0.48290000 0.87570000 -0.00000000
vn 0.49760000 0.86740000 -0.00000000
vn 0.51210000 0.85890000 -0.00000000
vn 0.52640000 0.85020000 -0.00000000
vn 0.54060000 0.84130000 -0.00000000
vn 0.55470000 0.83210000 -0.00000000
vn 0.56860000 0.82260000 -0.00000000
vn 0.58230000 0.81290000 -0.00000000
vn 0.59590000 0.80300000 -0.00000000
vn 0.60930000 0.79290000 -0.00000000
vn 0.62250000 0.78260000 -0.00000000
vn 0.63560000 0.77200000 -0.00000000
vn 0.64850000 0.76120000 -0.00000000
vn 0.66120000 0.75020000 -0.00000000
vn 0.67370000 0.73900000 -0.00000000
vn 0.68600000 0.72760000 -0.00000000
vn 0.69810000 0.71600000 -0.00000000
vn 0.71010000 0.70410000 -0.00000000
vn 0.72180000 0.69210000 -0.00000000
vn 0.73330000 0.67990000 -0.00000000
vn 0.74460000 0.66750000 -0.00000000
vn 0.75570000 0.65490000 -0.00000000
vn 0.76670000 0.64200000 -0.00000000
vn 0.77730000 0.62910000 -0.00000000
vn 0.78780000 0.61590000 -0.00000000
vn 0.79810000 0.60260000 -0.00000000
vn 0.80800000 0.58920000 -0.00000000
vn 0.81780000 0.57550000 -0.00000000
vn 0.82740000 0.56170000 -0.00000000
vn 0.83670000 0.54770000 -0.00000000
vn 0.84580000 0.53360000 -0.00000000
vn 0.85460000 0.51930000 -0.00000000
vn 0.86320000 0.50490000 -0.00000000
vn 0.87160000 0.49030000 -0.00000000
vn 0.87970000 0.47550000 -0.00000000
vn 0.88760000 0.46070000 -0.00000000
vn 0.89520000 0.44580000 -0.00000000
vn 0.90250000 0.43060000 -0.00000000
vn 0.90960000 0.41550000 -0.00000000
vn 0.91650000 0.40010000 -0.00000000
vn 0.92310000 0.38460000 -0.00000000
vn 0.92940000 0.36910000 -0.00000000
vn 0.93550000 0.35340000 -0.00000000
vn 0.94130000 0.33770000 -0.00000000
vn 0.94680000 0.32180000 -0.00000000
vn 0.95210000 0.30580000 -0.00000000
vn 0.95710000 0.28970000 -0.00000000
vn 0.96180000 0.27370000 -0.00000000
vn 0.96630000 0.25750000 -0.00000000
vn 0.97050000 0.24120000 -0.00000000
vn 0.97440000 0.22480000 -0.00000000
vn 0.97800000 0.20840000 -0.00000000
vn 0.98140000 0.19200000 -0.00000000
vn 0.98450000 0.17550000 -0.00000000
vn 0.98730000 0.15890000 -0.00000000
vn 0.98980000 0.14230000 -0.00000000
vn 0.99210000 0.12570000 -0.00000000
vn 0.99400000 0.10900000 -0.00000000
vn 0.99570000 0.09230000 -0.00000000
vn 0.99710000 0.07550000 -0.00000000
vn 0.99830000 0.05880000 -0.00000000
vn 0.99910000 0.04200000 -0.00000000
vn 0.99970000 0.02520000 -0.00000000
vn 1.00000000 0.00840000 -0.00000000
vn 1.00000000 -0.00840000 -0.00000000
vn 0.99970000 -0.02520000 -0.00000000
vn 0.99910000 -0.04200000 -0.00000000
vn 0.99830000 -0.05880000 -0.00000000
vn 0.99710000 -0.07550000 -0.00000000
vn 0.99570000 -0.09230000 -0.00000000
vn 0.99400000 -0.10900000 -0.00000000
vn 0.99210000 -0.12570000 -0.00000000
vn 0.98980000 -0.14230000 -0.00000000
vn 0.98730000 -0.15890000 -0.00000000
vn 0.98450000 -0.17550000 -0.00000000
vn 0.98140000 -0.19200000 -0.00000000
vn 0.97800000 -0.20840000 -0.00000000
vn 0.97440000 -0.22480000 -0.00000000
vn 0.97050000 -0.24120000 -0.00000000
vn 0.96630000 -0.25750000 -0.00000000
vn 0.96180000 -0.27370000 -0.00000000
vn 0.95710000 -0.28970000 -0.00000000
vn 0.95210000 -0.30580000 -0.00000000
vn 0.94680000 -0.32180000 -0.00000000
vn 0.94130000 -0.33770000 -0.00000000
vn 0.93550000 -0.35340000 -0.00000000
vn 0.92940000 -0.36910000 -0.00000000
vn 0.92310000 -0.38460000 -0.00000000
vn 0.91650000 -0.40010000 -0.00000000
vn 0.90960000 -0.41550000 -0.00000000
vn 0.90250000 -0.43060000 -0.00000000
vn 0.89520000 -0.44570000 -0.00000000
vn 0.88760000 -0.46070000 -0.00000000
vn 0.87970000 -0.47560000 -0.00000000
vn 0.87160000 -0.49030000 -0.00000000
vn 0.86330000 -0.50480000 -0.00000000
vn 0.85460000 -0.51930000 -0.00000000
vn 0.84580000 -0.53360000 -0.00000000
vn 0.83670000 -0.54770000 -0.00000000
vn 0.82740000 -0.56170000 -0.00000000
vn 0.81780000 -0.57550000 -0.00000000
vn 0.80800000 -0.58920000 -0.00000000
vn 0.79800000 -0.60260000 -0.00000000
vn 0.78780000 -0.61600000 -0.00000000
vn 0.77730000 -0.62910000 -0.00000000
vn 0.76670000 -0.64200000 -0.00000000
vn 0.75570000 -0.65490000 -0.00000000
vn 0.74460000 -0.66750000 -0.00000000
vn 0.73330000 -0.67990000 -0.00000000
vn 0.72180000 -0.69210000 -0.00000000
vn 0.71010000 -0.70410000 -0.00000000
vn 0.69810000 -0.71600000 -0.00000000
vn 0.68600000 -0.72760000 -0.00000000
vn 0.67370000 -0.73900000 -0.00000000
vn 0.66120000 -0.75020000 -0.00000000
vn 0.64850000 -0.76120000 -0.00000000
vn 0.63560000 -0.77200000 -0.00000000
vn 0.62250000 -0.78260000 -0.00000000
vn 0.60930000 -0.79290000 -0.00000000
vn 0.59590000 -0.80300000 -0.00000000
vn 0.58230000 -0.81290000 -0.00000000
vn 0.56860000 -0.82260000 -0.00000000
vn 0.55470000 -0.83210000 -0.00000000
vn 0.54060000 -0.84130000 -0.00000000
vn 0.52640000 -0.85020000 -0.00000000
vn 0.51210000 -0.85900000 -0.00000000
vn 0.49760000 -0.86740000 -0.00000000
vn 0.48290000 -0.87570000 -0.00000000
vn 0.46810000 -0.88370000 -0.00000000
vn 0.45320000 -0.89140000 -0.00000000
vn 0.43820000 -0.89890000 -0.00000000
vn 0.42310000 -0.90610000 -0.00000000
vn 0.40780000 -0.91310000 -0.00000000
vn 0.39240000 -0.91980000 -0.00000000
vn 0.37690000 -0.92620000 -0.00000000
vn 0.36130000 -0.93240000 -0.00000000
vn 0.34550000 -0.93840000 -0.00000000
vn 0.32970000 -0.94410000 -0.00000000
vn 0.31380000 -0.94950000 -0.00000000
vn 0.29780000 -0.95460000 -0.00000000
vn 0.28170000 -0.95950000 -0.00000000
vn 0.26560000 -0.96410000 -0.00000000
vn 0.24940000 -0.96840000 -0.00000000
vn 0.23300000 -0.97250000 -0.00000000
vn 0.21670000 -0.97620000 -0.00000000
vn 0.20020000 -0.97970000 -0.00000000
vn 0.18370000 -0.98300000 -0.00000000
vn 0.16720000 -0.98590000 -0.00000000
vn 0.15060000 -0.98860000 -0.00000000
vn 0.13400000 -0.99100000 -0.00000000
vn 0.11730000 -0.99310000 -0.00000000
vn 0.10060000 -0.99490000 -0.00000000
vn 0.08390000 -0.99650000 -0.00000000
vn 0.06710000 -0.99770000 -0.00000000
vn 0.05040000 -0.99870000 -0.00000000
vn 0.03360000 -0.99940000 -0.00000000
vn 0.01680000 -0.99990000 -0.00000000
vt 0.20177700 0.72548400
vt 0.20177700 0.67973300
vt 0.21545700 0.67973300
vt 0.22913700 0.67973300
vt 0.22913700 0.69117000
vt 0.22913700 0.70260800
vt 0.22913700 0.71404600
vt 0.22913700 0.72548400
vt 0.21545700 0.72548400
vt 0.20177700 0.71404600
vt 0.20177700 0.70260800
vt 0.20177700 0.69117000
vt 0.00311300 0.01706500
vt 0.00311300 0.03413000
vt 0.00636900 0.01706500
vt 0.00636900 0.03413000
vt 0.00963200 0.01706500
vt 0.00963200 0.03413000
vt 0.00000000 0.04983400
vt 0.00000000 0.03839600
vt 0.00000000 0.02695900
vt 0.00000000 0.01552100
vt 0.00000000 0.00408300
vt 0.01273800 0.00408300
vt 0.01273800 0.01552100
vt 0.01273800 0.02695900
vt 0.01273800 0.03839600
vt 0.00636900 0.00000000
vt 0.00718400 0.00006400
vt 0.00803100 0.00026800
vt 0.00891100 0.00063600
vt 0.00983000 0.00119300
vt 0.01077900 0.00195600
vt 0.01174600 0.00292200
vt 0.00963200 0.00853300
vt 0.00800100 0.01706500
vt 0.00636900 0.00853300
vt 0.00800100 0.00853300
vt 0.00800100 0.00426600
vt 0.00718500 0.00853300
vt 0.00636900 0.00426600
vt 0.00718500 0.00426600
vt 0.00474100 0.01706500
vt 0.00311300 0.00853300
vt 0.00474100 0.00853300
vt 0.00718500 0.00213300
vt 0.00677700 0.00426600
vt 0.00636900 0.00213300
vt 0.00677700 0.00213300
vt 0.00555500 0.00853300
vt 0.00474100 0.00426600
vt 0.00555500 0.00426600
vt 0.00596200 0.00426600
vt 0.00555500 0.00213300
vt 0.00596200 0.00213300
vt 0.00963200 0.00426600
vt 0.00881600 0.00853300
vt 0.00881600 0.00426600
vt 0.01118500 0.01706500
vt 0.01118500 0.00853300
vt 0.00881600 0.00213300
vt 0.00840800 0.00426600
vt 0.00800100 0.00213300
vt 0.00840800 0.00213300
vt 0.00963200 0.00213300
vt 0.00922400 0.00426600
vt 0.00922400 0.00213300
vt 0.01118500 0.00426600
vt 0.01040900 0.00853300
vt 0.01040900 0.00426600
vt 0.01196200 0.00853300
vt 0.01196200 0.00426600
vt 0.00099300 0.00292200
vt 0.00196000 0.00195500
vt 0.00291000 0.00119200
vt 0.00382900 0.00063500
vt 0.00471000 0.00026700
vt 0.00555500 0.00006400
vt 0.00155600 0.01706500
vt 0.00155600 0.00853300
vt 0.00155600 0.00426600
vt 0.00077800 0.00853300
vt 0.00077800 0.00426600
vt 0.00311300 0.00426600
vt 0.00233500 0.00853300
vt 0.00233500 0.00426600
vt 0.00392700 0.00853300
vt 0.00392700 0.00426600
vt 0.00392700 0.00213300
vt 0.00352000 0.00426600
vt 0.00311300 0.00213300
vt 0.00352000 0.00213300
vt 0.00474100 0.00213300
vt 0.00433400 0.00426600
vt 0.00433400 0.00213300
vt 0.00514800 0.00426600
vt 0.00514800 0.00213300
vt 0.00636900 0.05119500
vt 0.00320700 0.05085500
vt 0.00636900 0.04266300
vt 0.00311300 0.04266300
vt 0.00474100 0.03413000
vt 0.00474100 0.04266300
vt 0.00963200 0.04266300
vt 0.00800100 0.03413000
vt 0.00800100 0.04266300
vt 0.00155600 0.03413000
vt 0.00155600 0.04266300
vt 0.01273800 0.04983400
vt 0.00953100 0.05085500
vt 0.01118500 0.03413000
vt 0.01118500 0.04266300
vt 0.36162500 0.09452100
vt 0.36162500 0.04877000
vt 0.36162500 0.06020800
vt 0.36162500 0.07164600
vt 0.36162500 0.08308400
vt 0.33280000 0.04877000
vt 0.34721300 0.04877000
vt 0.34721300 0.09452100
vt 0.33280000 0.09452100
vt 0.33280000 0.08308400
vt 0.33280000 0.07164600
vt 0.33280000 0.06020800
vt 0.03193800 0.19684900
vt 0.03193800 0.21396600
vt 0.03519400 0.19684900
vt 0.03519400 0.21396600
vt 0.03845700 0.19684900
vt 0.03845700 0.21396600
vt 0.02882500 0.22969700
vt 0.02882500 0.21826000
vt 0.02882500 0.20682200
vt 0.02882500 0.19538400
vt 0.02882500 0.18394600
vt 0.04156400 0.18394600
vt 0.04156400 0.19538400
vt 0.04156400 0.20682200
vt 0.04156400 0.21826000
vt 0.04156400 0.22969700
vt 0.03209600 0.18078600
vt 0.03365600 0.17999600
vt 0.03519300 0.17973200
vt 0.03673000 0.17999500
vt 0.03829000 0.18078400
vt 0.03519400 0.18829100
vt 0.03356600 0.19684900
vt 0.03193800 0.18829100
vt 0.03356600 0.18829100
vt 0.03356600 0.18401200
vt 0.03275200 0.18829100
vt 0.03193800 0.18401200
vt 0.03275200 0.18401200
vt 0.03038200 0.19684900
vt 0.03038200 0.18829100
vt 0.03519400 0.18401200
vt 0.03438000 0.18829100
vt 0.03438000 0.18401200
vt 0.03845700 0.18829100
vt 0.03682600 0.19684900
vt 0.03682600 0.18829100
vt 0.03682600 0.18401200
vt 0.03601000 0.18829100
vt 0.03601000 0.18401200
vt 0.03845700 0.18401200
vt 0.03764200 0.18829100
vt 0.03764200 0.18401200
vt 0.04001000 0.19684900
vt 0.04001000 0.18829100
vt 0.03832700 0.23073300
vt 0.03514800 0.23108300
vt 0.03198800 0.23071700
vt 0.03845700 0.22252500
vt 0.04001000 0.21396600
vt 0.04001000 0.22252500
vt 0.03519400 0.22252500
vt 0.03682600 0.21396600
vt 0.03682600 0.22252500
vt 0.03193800 0.22252500
vt 0.03356600 0.21396600
vt 0.03356600 0.22252500
vt 0.03038200 0.21396600
vt 0.03038200 0.22252500
vt 0.05765000 0.83986600
vt 0.08501100 0.83986600
vt 0.08501100 0.85130400
vt 0.08501100 0.86274200
vt 0.08501100 0.87418000
vt 0.07133100 0.83986600
vt 0.08501100 0.88561700
vt 0.07133100 0.88561700
vt 0.05765000 0.88561700
vt 0.05765000 0.87418000
vt 0.05765000 0.86274200
vt 0.05765000 0.85130400
vt 0.10400100 0.01711700
vt 0.10400100 0.03423400
vt 0.10725700 0.01711700
vt 0.10725700 0.03423400
vt 0.11052000 0.01711700
vt 0.11052000 0.03423400
vt 0.10088800 0.04996500
vt 0.10088800 0.03852700
vt 0.10088800 0.02708900
vt 0.10088800 0.01565100
vt 0.11362700 0.00421400
vt 0.11362700 0.01565100
vt 0.11362700 0.02708900
vt 0.11362700 0.03852700
vt 0.11362700 0.04996500
vt 0.10088800 0.00421400
vt 0.10415900 0.00105300
vt 0.10571900 0.00026300
vt 0.10725600 0.00000000
vt 0.10879300 0.00026200
vt 0.11035300 0.00105200
vt 0.10725700 0.00855800
vt 0.10562900 0.01711700
vt 0.10400100 0.00855800
vt 0.10562900 0.00855800
vt 0.10562900 0.00427900
vt 0.10481500 0.00855800
vt 0.10400100 0.00427900
vt 0.10481500 0.00427900
vt 0.10244500 0.01711700
vt 0.10244500 0.00855800
vt 0.10725700 0.00427900
vt 0.10644300 0.00855800
vt 0.10644300 0.00427900
vt 0.11052000 0.00855800
vt 0.10888900 0.01711700
vt 0.10888900 0.00855800
vt 0.10888900 0.00427900
vt 0.10807300 0.00855800
vt 0.10807300 0.00427900
vt 0.11052000 0.00427900
vt 0.10970500 0.00855800
vt 0.10970500 0.00427900
vt 0.11207300 0.01711700
vt 0.11207300 0.00855800
vt 0.11039000 0.05100100
vt 0.10721100 0.05135100
vt 0.10405100 0.05098400
vt 0.11052000 0.04279200
vt 0.11207300 0.03423400
vt 0.11207300 0.04279200
vt 0.10725700 0.04279200
vt 0.10888900 0.03423400
vt 0.10888900 0.04279200
vt 0.10400100 0.04279200
vt 0.10562900 0.03423400
vt 0.10562900 0.04279200
vt 0.10244500 0.03423400
vt 0.10244500 0.04279200
vt 0.29329800 0.09452100
vt 0.32212400 0.09452100
vt 0.32212400 0.04877000
vt 0.32212400 0.06020800
vt 0.32212400 0.07164600
vt 0.32212400 0.08308400
vt 0.29329800 0.04877000
vt 0.30771100 0.04877000
vt 0.30771100 0.09452100
vt 0.29329800 0.08308400
vt 0.29329800 0.07164600
vt 0.29329800 0.06020800
vt 0.04635100 0.19684900
vt 0.04635100 0.21396600
vt 0.04960700 0.19684900
vt 0.04960700 0.21396600
vt 0.05287000 0.19684900
vt 0.05287000 0.21396600
vt 0.04323800 0.22969700
vt 0.04323800 0.21826000
vt 0.04323800 0.20682200
vt 0.04323800 0.19538400
vt 0.04323800 0.18394600
vt 0.05597600 0.18394600
vt 0.05597600 0.19538400
vt 0.05597600 0.20682200
vt 0.05597600 0.21826000
vt 0.04650900 0.18078600
vt 0.04806800 0.17999600
vt 0.04960600 0.17973200
vt 0.05114300 0.17999500
vt 0.05270300 0.18078400
vt 0.04960700 0.18829100
vt 0.04797900 0.19684900
vt 0.04635100 0.18829100
vt 0.04797900 0.18829100
vt 0.04797900 0.18401200
vt 0.04716500 0.18829100
vt 0.04635100 0.18401200
vt 0.04716500 0.18401200
vt 0.04479400 0.19684900
vt 0.04479400 0.18829100
vt 0.04960700 0.18401200
vt 0.04879300 0.18829100
vt 0.04879300 0.18401200
vt 0.05287000 0.18829100
vt 0.05123800 0.19684900
vt 0.05123800 0.18829100
vt 0.05123800 0.18401200
vt 0.05042300 0.18829100
vt 0.05042300 0.18401200
vt 0.05287000 0.18401200
vt 0.05205400 0.18829100
vt 0.05205400 0.18401200
vt 0.05442300 0.19684900
vt 0.05442300 0.18829100
vt 0.05597600 0.22969700
vt 0.05273900 0.23073300
vt 0.04956100 0.23108300
vt 0.04640100 0.23071700
vt 0.05287000 0.22252500
vt 0.05442300 0.21396600
vt 0.05442300 0.22252500
vt 0.04960700 0.22252500
vt 0.05123800 0.21396600
vt 0.05123800 0.22252500
vt 0.04635100 0.22252500
vt 0.04797900 0.21396600
vt 0.04797900 0.22252500
vt 0.04479400 0.21396600
vt 0.04479400 0.22252500
vt 0.27635300 0.02882500
vt 0.26491500 0.02882500
vt 0.25347700 0.02882500
vt 0.24204000 0.02882500
vt 0.27635300 0.00000000
vt 0.27635300 0.01441300
vt 0.23060200 0.02882500
vt 0.23060200 0.01441300
vt 0.23060200 0.00000000
vt 0.24204000 0.00000000
vt 0.25347700 0.00000000
vt 0.26491500 0.00000000
vt 0.06076300 0.01711700
vt 0.06076300 0.03423400
vt 0.06402000 0.01711700
vt 0.06402000 0.03423400
vt 0.06728200 0.01711700
vt 0.06728200 0.03423400
vt 0.05765000 0.04996500
vt 0.05765000 0.03852700
vt 0.05765000 0.02708900
vt 0.05765000 0.01565100
vt 0.05765000 0.00421400
vt 0.07038900 0.00421400
vt 0.07038900 0.01565100
vt 0.07038900 0.02708900
vt 0.07038900 0.03852700
vt 0.07038900 0.04996500
vt 0.06092100 0.00105300
vt 0.06248100 0.00026300
vt 0.06401800 0.00000000
vt 0.06555500 0.00026200
vt 0.06711600 0.00105200
vt 0.06402000 0.00855800
vt 0.06239100 0.01711700
vt 0.06076300 0.00855800
vt 0.06239100 0.00855800
vt 0.06239100 0.00427900
vt 0.06157700 0.00855800
vt 0.06076300 0.00427900
vt 0.06157700 0.00427900
vt 0.05920700 0.01711700
vt 0.05920700 0.00855800
vt 0.06402000 0.00427900
vt 0.06320500 0.00855800
vt 0.06320500 0.00427900
vt 0.06728200 0.00855800
vt 0.06565100 0.01711700
vt 0.06565100 0.00855800
vt 0.06565100 0.00427900
vt 0.06483500 0.00855800
vt 0.06483500 0.00427900
vt 0.06728200 0.00427900
vt 0.06646700 0.00855800
vt 0.06646700 0.00427900
vt 0.06883600 0.01711700
vt 0.06883600 0.00855800
vt 0.06715200 0.05100100
vt 0.06397300 0.05135100
vt 0.06081400 0.05098400
vt 0.06728200 0.04279200
vt 0.06883600 0.03423400
vt 0.06883600 0.04279200
vt 0.06402000 0.04279200
vt 0.06565100 0.03423400
vt 0.06565100 0.04279200
vt 0.06076300 0.04279200
vt 0.06239100 0.03423400
vt 0.06239100 0.04279200
vt 0.05920700 0.03423400
vt 0.05920700 0.04279200
vt 0.29329800 0.00000000
vt 0.32212400 0.04575100
vt 0.32212400 0.00000000
vt 0.32212400 0.01143800
vt 0.32212400 0.02287600
vt 0.32212400 0.03431300
vt 0.30771100 0.00000000
vt 0.30771100 0.04575100
vt 0.29329800 0.04575100
vt 0.29329800 0.03431300
vt 0.29329800 0.02287600
vt 0.29329800 0.01143800
vt 0.07517600 0.01711700
vt 0.07517600 0.03423400
vt 0.07843200 0.01711700
vt 0.07843200 0.03423400
vt 0.08169500 0.01711700
vt 0.08169500 0.03423400
vt 0.07206300 0.04996500
vt 0.07206300 0.03852700
vt 0.07206300 0.02708900
vt 0.07206300 0.01565100
vt 0.07206300 0.00421400
vt 0.08480100 0.00421400
vt 0.08480100 0.01565100
vt 0.08480100 0.02708900
vt 0.08480100 0.03852700
vt 0.07533400 0.00105300
vt 0.07689400 0.00026300
vt 0.07843100 0.00000000
vt 0.07996800 0.00026200
vt 0.08152800 0.00105200
vt 0.07843200 0.00855800
vt 0.07680400 0.01711700
vt 0.07517600 0.00855800
vt 0.07680400 0.00855800
vt 0.07680400 0.00427900
vt 0.07599000 0.00855800
vt 0.07517600 0.00427900
vt 0.07599000 0.00427900
vt 0.07361900 0.01711700
vt 0.07361900 0.00855800
vt 0.07843200 0.00427900
vt 0.07761800 0.00855800
vt 0.07761800 0.00427900
vt 0.08169500 0.00855800
vt 0.08006400 0.01711700
vt 0.08006400 0.00855800
vt 0.08006400 0.00427900
vt 0.07924800 0.00855800
vt 0.07924800 0.00427900
vt 0.08169500 0.00427900
vt 0.08087900 0.00855800
vt 0.08087900 0.00427900
vt 0.08324800 0.01711700
vt 0.08324800 0.00855800
vt 0.08480100 0.04996500
vt 0.08156400 0.05100100
vt 0.07838600 0.05135100
vt 0.07522600 0.05098400
vt 0.08169500 0.04279200
vt 0.08324800 0.03423400
vt 0.08324800 0.04279200
vt 0.07843200 0.04279200
vt 0.08006400 0.03423400
vt 0.08006400 0.04279200
vt 0.07517600 0.04279200
vt 0.07680400 0.03423400
vt 0.07680400 0.04279200
vt 0.07361900 0.03423400
vt 0.07361900 0.04279200
vt 0.23060200 0.07759500
vt 0.27635300 0.07759500
vt 0.26491500 0.07759500
vt 0.25347700 0.07759500
vt 0.24204000 0.07759500
vt 0.27635300 0.04877000
vt 0.27635300 0.06318300
vt 0.23060200 0.06318300
vt 0.23060200 0.04877000
vt 0.24204000 0.04877000
vt 0.25347700 0.04877000
vt 0.26491500 0.04877000
vt 0.00311300 0.19684900
vt 0.00311300 0.21396600
vt 0.00636900 0.19684900
vt 0.00636900 0.21396600
vt 0.00963200 0.19684900
vt 0.00963200 0.21396600
vt 0.00000000 0.22969700
vt 0.00000000 0.21826000
vt 0.00000000 0.20682200
vt 0.00000000 0.19538400
vt 0.01273800 0.18394600
vt 0.01273800 0.19538400
vt 0.01273800 0.20682200
vt 0.01273800 0.21826000
vt 0.01273800 0.22969700
vt 0.00000000 0.18394600
vt 0.00327100 0.18078600
vt 0.00483100 0.17999600
vt 0.00636800 0.17973200
vt 0.00790500 0.17999500
vt 0.00946500 0.18078400
vt 0.00636900 0.18829100
vt 0.00474100 0.19684900
vt 0.00311300 0.18829100
vt 0.00474100 0.18829100
vt 0.00474100 0.18401200
vt 0.00392700 0.18829100
vt 0.00311300 0.18401200
vt 0.00392700 0.18401200
vt 0.00155600 0.19684900
vt 0.00155600 0.18829100
vt 0.00636900 0.18401200
vt 0.00555500 0.18829100
vt 0.00555500 0.18401200
vt 0.00963200 0.18829100
vt 0.00800100 0.19684900
vt 0.00800100 0.18829100
vt 0.00800100 0.18401200
vt 0.00718500 0.18829100
vt 0.00718500 0.18401200
vt 0.00963200 0.18401200
vt 0.00881600 0.18829100
vt 0.00881600 0.18401200
vt 0.01118500 0.19684900
vt 0.01118500 0.18829100
vt 0.00950100 0.23073300
vt 0.00632300 0.23108300
vt 0.00316300 0.23071700
vt 0.00963200 0.22252500
vt 0.01118500 0.21396600
vt 0.01118500 0.22252500
vt 0.00636900 0.22252500
vt 0.00800100 0.21396600
vt 0.00800100 0.22252500
vt 0.00311300 0.22252500
vt 0.00474100 0.21396600
vt 0.00474100 0.22252500
vt 0.00155600 0.21396600
vt 0.00155600 0.22252500
vt 0.11383600 0.83986600
vt 0.11383600 0.85130400
vt 0.11383600 0.86274200
vt 0.11383600 0.87418000
vt 0.08647600 0.83986600
vt 0.10015600 0.83986600
vt 0.11383600 0.88561700
vt 0.10015600 0.88561700
vt 0.08647600 0.88561700
vt 0.08647600 0.87418000
vt 0.08647600 0.86274200
vt 0.08647600 0.85130400
vt 0.08958800 0.19684900
vt 0.08958800 0.21396600
vt 0.09284500 0.19684900
vt 0.09284500 0.21396600
vt 0.09610800 0.19684900
vt 0.09610800 0.21396600
vt 0.08647600 0.22969700
vt 0.08647600 0.21826000
vt 0.08647600 0.20682200
vt 0.08647600 0.19538400
vt 0.08647600 0.18394600
vt 0.09921400 0.18394600
vt 0.09921400 0.19538400
vt 0.09921400 0.20682200
vt 0.09921400 0.21826000
vt 0.09921400 0.22969700
vt 0.08974600 0.18078600
vt 0.09130600 0.17999600
vt 0.09284300 0.17973200
vt 0.09438100 0.17999500
vt 0.09594100 0.18078400
vt 0.09284500 0.18829100
vt 0.09121700 0.19684900
vt 0.08958800 0.18829100
vt 0.09121700 0.18829100
vt 0.09121700 0.18401200
vt 0.09040300 0.18829100
vt 0.08958800 0.18401200
vt 0.09040300 0.18401200
vt 0.08803200 0.19684900
vt 0.08803200 0.18829100
vt 0.09284500 0.18401200
vt 0.09203100 0.18829100
vt 0.09203100 0.18401200
vt 0.09610800 0.18829100
vt 0.09447600 0.19684900
vt 0.09447600 0.18829100
vt 0.09447600 0.18401200
vt 0.09366100 0.18829100
vt 0.09366100 0.18401200
vt 0.09610800 0.18401200
vt 0.09529200 0.18829100
vt 0.09529200 0.18401200
vt 0.09766100 0.19684900
vt 0.09766100 0.18829100
vt 0.09597700 0.23073300
vt 0.09279900 0.23108300
vt 0.08963900 0.23071700
vt 0.09610800 0.22252500
vt 0.09766100 0.21396600
vt 0.09766100 0.22252500
vt 0.09284500 0.22252500
vt 0.09447600 0.21396600
vt 0.09447600 0.22252500
vt 0.08958800 0.22252500
vt 0.09121700 0.21396600
vt 0.09121700 0.22252500
vt 0.08803200 0.21396600
vt 0.08803200 0.22252500
vt 0.08501100 0.72548400
vt 0.08501100 0.67973300
vt 0.08501100 0.69117000
vt 0.08501100 0.70260800
vt 0.08501100 0.71404600
vt 0.05765000 0.67973300
vt 0.07133100 0.67973300
vt 0.07133100 0.72548400
vt 0.05765000 0.72548400
vt 0.05765000 0.71404600
vt 0.05765000 0.70260800
vt 0.05765000 0.69117000
vt 0.08958800 0.01711700
vt 0.08958800 0.03423400
vt 0.09284500 0.01711700
vt 0.09284500 0.03423400
vt 0.09610800 0.01711700
vt 0.09610800 0.03423400
vt 0.08647600 0.04996500
vt 0.08647600 0.03852700
vt 0.08647600 0.02708900
vt 0.08647600 0.01565100
vt 0.09921400 0.00421400
vt 0.09921400 0.01565100
vt 0.09921400 0.02708900
vt 0.09921400 0.03852700
vt 0.09921400 0.04996500
vt 0.08647600 0.00421400
vt 0.08974600 0.00105300
vt 0.09130600 0.00026300
vt 0.09284300 0.00000000
vt 0.09438100 0.00026200
vt 0.09594100 0.00105200
vt 0.09284500 0.00855800
vt 0.09121700 0.01711700
vt 0.08958800 0.00855800
vt 0.09121700 0.00855800
vt 0.09121700 0.00427900
vt 0.09040300 0.00855800
vt 0.08958800 0.00427900
vt 0.09040300 0.00427900
vt 0.08803200 0.01711700
vt 0.08803200 0.00855800
vt 0.09284500 0.00427900
vt 0.09203100 0.00855800
vt 0.09203100 0.00427900
vt 0.09610800 0.00855800
vt 0.09447600 0.01711700
vt 0.09447600 0.00855800
vt 0.09447600 0.00427900
vt 0.09366100 0.00855800
vt 0.09366100 0.00427900
vt 0.09610800 0.00427900
vt 0.09529200 0.00855800
vt 0.09529200 0.00427900
vt 0.09766100 0.01711700
vt 0.09766100 0.00855800
vt 0.09597700 0.05100100
vt 0.09279900 0.05135100
vt 0.08963900 0.05098400
vt 0.09610800 0.04279200
vt 0.09766100 0.03423400
vt 0.09766100 0.04279200
vt 0.09284500 0.04279200
vt 0.09447600 0.03423400
vt 0.09447600 0.04279200
vt 0.08958800 0.04279200
vt 0.09121700 0.03423400
vt 0.09121700 0.04279200
vt 0.08803200 0.03423400
vt 0.08803200 0.04279200
vt 0.11530100 0.72548400
vt 0.14266100 0.67973300
vt 0.14266100 0.69117000
vt 0.14266100 0.70260800
vt 0.14266100 0.71404600
vt 0.11530100 0.67973300
vt 0.12898100 0.67973300
vt 0.14266100 0.72548400
vt 0.12898100 0.72548400
vt 0.11530100 0.71404600
vt 0.11530100 0.70260800
vt 0.11530100 0.69117000
vt 0.01752500 0.19684900
vt 0.01752500 0.21396600
vt 0.02078200 0.19684900
vt 0.02078200 0.21396600
vt 0.02404500 0.19684900
vt 0.02404500 0.21396600
vt 0.01441300 0.22969700
vt 0.01441300 0.21826000
vt 0.01441300 0.20682200
vt 0.01441300 0.19538400
vt 0.01441300 0.18394600
vt 0.02715100 0.18394600
vt 0.02715100 0.19538400
vt 0.02715100 0.20682200
vt 0.02715100 0.21826000
vt 0.01768300 0.18078600
vt 0.01924300 0.17999600
vt 0.02078000 0.17973200
vt 0.02231800 0.17999500
vt 0.02387800 0.18078400
vt 0.02078200 0.18829100
vt 0.01915400 0.19684900
vt 0.01752500 0.18829100
vt 0.01915400 0.18829100
vt 0.01915400 0.18401200
vt 0.01833900 0.18829100
vt 0.01752500 0.18401200
vt 0.01833900 0.18401200
vt 0.01596900 0.19684900
vt 0.01596900 0.18829100
vt 0.02078200 0.18401200
vt 0.01996800 0.18829100
vt 0.01996800 0.18401200
vt 0.02404500 0.18829100
vt 0.02241300 0.19684900
vt 0.02241300 0.18829100
vt 0.02241300 0.18401200
vt 0.02159700 0.18829100
vt 0.02159700 0.18401200
vt 0.02404500 0.18401200
vt 0.02322900 0.18829100
vt 0.02322900 0.18401200
vt 0.02559800 0.19684900
vt 0.02559800 0.18829100
vt 0.02715100 0.22969700
vt 0.02391400 0.23073300
vt 0.02073600 0.23108300
vt 0.01757600 0.23071700
vt 0.02404500 0.22252500
vt 0.02559800 0.21396600
vt 0.02559800 0.22252500
vt 0.02078200 0.22252500
vt 0.02241300 0.21396600
vt 0.02241300 0.22252500
vt 0.01752500 0.22252500
vt 0.01915400 0.21396600
vt 0.01915400 0.22252500
vt 0.01596900 0.21396600
vt 0.01596900 0.22252500
vt 0.20177700 0.88561700
vt 0.22913700 0.83986600
vt 0.22913700 0.85130400
vt 0.22913700 0.86274200
vt 0.22913700 0.87418000
vt 0.22913700 0.88561700
vt 0.21545700 0.88561700
vt 0.20177700 0.87418000
vt 0.20177700 0.86274200
vt 0.20177700 0.85130400
vt 0.20177700 0.83986600
vt 0.21545700 0.83986600
vt 0.30331300 0.91530900
vt 0.29336500 0.90927800
vt 0.29336500 0.89486500
vt 0.29336500 0.86839000
vt 0.29336500 0.85397600
vt 0.29336500 0.82750100
vt 0.29336500 0.81308800
vt 0.29336500 0.78661300
vt 0.29336500 0.77220000
vt 0.29336500 0.74572400
vt 0.29336500 0.73131100
vt 0.29336500 0.70483600
vt 0.29336500 0.69042300
vt 0.29336500 0.66394700
vt 0.29336500 0.64953400
vt 0.29336500 0.62305900
vt 0.29336500 0.60864600
vt 0.29336500 0.58217100
vt 0.29336500 0.56775700
vt 0.29336500 0.54128200
vt 0.29336500 0.52686900
vt 0.29336500 0.51245600
vt 0.29644500 0.50954400
vt 0.29721600 0.50799900
vt 0.29747400 0.50642600
vt 0.29721700 0.50485400
vt 0.29644700 0.50330700
vt 0.29833900 0.53409200
vt 0.29833900 0.50642500
vt 0.29833900 0.52025800
vt 0.29585200 0.52025800
vt 0.29833900 0.51334100
vt 0.29585200 0.51334100
vt 0.29833900 0.48273400
vt 0.29833900 0.49457900
vt 0.29709500 0.51334100
vt 0.29833900 0.50988300
vt 0.29709500 0.50988300
vt 0.29585200 0.49457900
vt 0.29833900 0.50050200
vt 0.29585200 0.50050200
vt 0.30082600 0.52025800
vt 0.30082600 0.50642500
vt 0.30082600 0.51334100
vt 0.29336500 0.50039400
vt 0.29336500 0.48598100
vt 0.29336500 0.47156700
vt 0.29644500 0.46865600
vt 0.29721600 0.46711000
vt 0.29747400 0.46553800
vt 0.29721700 0.46396500
vt 0.29644700 0.46241900
vt 0.29833900 0.45595700
vt 0.29833900 0.46934500
vt 0.29833900 0.46265100
vt 0.29833900 0.43072300
vt 0.29833900 0.44334000
vt 0.29833900 0.46599800
vt 0.30082600 0.46934500
vt 0.30082600 0.45595700
vt 0.30082600 0.46265100
vt 0.29585200 0.48273400
vt 0.29833900 0.47603900
vt 0.29585200 0.47603900
vt 0.29336500 0.45950500
vt 0.29336500 0.44509200
vt 0.29336500 0.43067900
vt 0.29644500 0.42776800
vt 0.29721600 0.42622200
vt 0.29747400 0.42464900
vt 0.29721700 0.42307700
vt 0.29644700 0.42153000
vt 0.29833900 0.40548900
vt 0.29833900 0.41810600
vt 0.29585200 0.43072300
vt 0.29585200 0.41810600
vt 0.29833900 0.42441400
vt 0.29709500 0.43072300
vt 0.29833900 0.42756900
vt 0.29709500 0.42756900
vt 0.30082600 0.43072300
vt 0.30082600 0.41810600
vt 0.30082600 0.42441400
vt 0.29585200 0.44334000
vt 0.29833900 0.43703100
vt 0.29585200 0.43703100
vt 0.29709500 0.41810600
vt 0.29833900 0.42126000
vt 0.29709500 0.42126000
vt 0.29585200 0.40548900
vt 0.29833900 0.41179700
vt 0.29585200 0.41179700
vt 0.29833900 0.38025500
vt 0.29833900 0.39287200
vt 0.29336500 0.41861700
vt 0.29336500 0.40420400
vt 0.29336500 0.38979100
vt 0.29644500 0.38687900
vt 0.29721600 0.38533300
vt 0.29747400 0.38376100
vt 0.29721700 0.38218900
vt 0.29644700 0.38064200
vt 0.29833900 0.38656300
vt 0.29833900 0.35502100
vt 0.29833900 0.36763800
vt 0.29833900 0.38340900
vt 0.29585200 0.36763800
vt 0.29833900 0.37394600
vt 0.29585200 0.37394600
vt 0.30082600 0.39287200
vt 0.30082600 0.38025500
vt 0.30082600 0.38656300
vt 0.29336500 0.37772800
vt 0.29336500 0.36331500
vt 0.29336500 0.34890200
vt 0.29644500 0.34599100
vt 0.29721600 0.34444500
vt 0.29747400 0.34287300
vt 0.29721700 0.34130000
vt 0.29644700 0.33975400
vt 0.29833900 0.32978700
vt 0.29833900 0.34240400
vt 0.29585200 0.35502100
vt 0.29833900 0.34871200
vt 0.29585200 0.34871200
vt 0.29709500 0.34871200
vt 0.29833900 0.34555800
vt 0.29709500 0.34555800
vt 0.29585200 0.32978700
vt 0.29833900 0.33609500
vt 0.29585200 0.33609500
vt 0.29833900 0.30455300
vt 0.29833900 0.31717000
vt 0.30082600 0.35502100
vt 0.30082600 0.34240400
vt 0.30082600 0.34871200
vt 0.29709500 0.33609500
vt 0.29833900 0.33925000
vt 0.29709500 0.33925000
vt 0.30082600 0.32978700
vt 0.30082600 0.33609500
vt 0.29336500 0.33684000
vt 0.29336500 0.32242700
vt 0.29336500 0.30801400
vt 0.29644500 0.30510200
vt 0.29721600 0.30355600
vt 0.29747400 0.30198400
vt 0.29721700 0.30041200
vt 0.29644700 0.29886500
vt 0.29585200 0.31717000
vt 0.29833900 0.31086100
vt 0.29585200 0.31086100
vt 0.29833900 0.27931900
vt 0.29833900 0.29193600
vt 0.29833900 0.29824500
vt 0.29833900 0.30139900
vt 0.30082600 0.30455300
vt 0.30082600 0.29193600
vt 0.30082600 0.29824500
vt 0.29336500 0.29595200
vt 0.29336500 0.28153800
vt 0.29336500 0.26712500
vt 0.29644500 0.26421400
vt 0.29721600 0.26266800
vt 0.29747400 0.26109600
vt 0.29721700 0.25952300
vt 0.29644700 0.25797700
vt 0.29833900 0.25408500
vt 0.29833900 0.26670200
vt 0.29585200 0.26670200
vt 0.29585200 0.25408500
vt 0.29833900 0.26039400
vt 0.29833900 0.22885100
vt 0.29833900 0.24146800
vt 0.29709500 0.26670200
vt 0.29833900 0.26354800
vt 0.29709500 0.26354800
vt 0.30082600 0.26670200
vt 0.30082600 0.25408500
vt 0.30082600 0.26039400
vt 0.29585200 0.27931900
vt 0.29833900 0.27301100
vt 0.29585200 0.27301100
vt 0.29709500 0.25408500
vt 0.29833900 0.25723900
vt 0.29709500 0.25723900
vt 0.29585200 0.24146800
vt 0.29833900 0.24777700
vt 0.29585200 0.24777700
vt 0.29336500 0.25506300
vt 0.29336500 0.24065000
vt 0.29336500 0.22623700
vt 0.29644500 0.22332600
vt 0.29721600 0.22178000
vt 0.29747400 0.22020700
vt 0.29721700 0.21863500
vt 0.29644700 0.21708800
vt 0.29833900 0.20303600
vt 0.29833900 0.21594400
vt 0.29833900 0.22239700
vt 0.29833900 0.21917100
vt 0.29585200 0.20303600
vt 0.29833900 0.20949000
vt 0.29585200 0.20949000
vt 0.29833900 0.17709300
vt 0.29833900 0.19006500
vt 0.30082600 0.22885100
vt 0.30082600 0.21594400
vt 0.30082600 0.22239700
vt 0.29336500 0.21417500
vt 0.29336500 0.19976100
vt 0.29336500 0.18534800
vt 0.29644500 0.18243700
vt 0.29721600 0.18089100
vt 0.29747400 0.17931900
vt 0.29721700 0.17774600
vt 0.29644700 0.17620000
vt 0.29833900 0.18357900
vt 0.29833900 0.15115000
vt 0.29833900 0.16412200
vt 0.29833900 0.18033600
vt 0.29585200 0.16412200
vt 0.29833900 0.17060800
vt 0.29585200 0.17060800
vt 0.30082600 0.19006500
vt 0.30082600 0.17709300
vt 0.30082600 0.18357900
vt 0.29336500 0.17328600
vt 0.29336500 0.15887300
vt 0.29336500 0.14446000
vt 0.29644500 0.14154900
vt 0.29721600 0.14000300
vt 0.29747400 0.13843000
vt 0.29721700 0.13685800
vt 0.29644700 0.13531100
vt 0.29833900 0.12520700
vt 0.29833900 0.13817900
vt 0.29585200 0.15115000
vt 0.29833900 0.14466500
vt 0.29585200 0.14466500
vt 0.29709500 0.14466500
vt 0.29833900 0.14142200
vt 0.29709500 0.14142200
vt 0.29585200 0.12520700
vt 0.29833900 0.13169300
vt 0.29585200 0.13169300
vt 0.29833900 0.11137400
vt 0.30082600 0.15115000
vt 0.30082600 0.13817900
vt 0.30082600 0.14466500
vt 0.29709500 0.13169300
vt 0.29833900 0.13493600
vt 0.29709500 0.13493600
vt 0.30082600 0.12520700
vt 0.30082600 0.13169300
vt 0.29336500 0.13239800
vt 0.29336500 0.11798500
vt 0.29336500 0.10357100
vt 0.29449100 0.10274000
vt 0.29542800 0.10187600
vt 0.29617200 0.10098900
vt 0.29671800 0.10010000
vt 0.29708100 0.09922500
vt 0.29728200 0.09837100
vt 0.29734400 0.09754000
vt 0.29585200 0.11137400
vt 0.29833900 0.10445700
vt 0.29585200 0.10445700
vt 0.29709500 0.10445700
vt 0.29833900 0.10099900
vt 0.29709500 0.10099900
vt 0.30082600 0.11137400
vt 0.30082600 0.10445700
vt 0.29771700 0.10099900
vt 0.29833900 0.09927000
vt 0.29771700 0.09927000
vt 0.29958200 0.10445700
vt 0.30082600 0.10099900
vt 0.29958200 0.10099900
vt 0.29734400 0.91530900
vt 0.29728200 0.91447800
vt 0.29708000 0.91362200
vt 0.29671700 0.91274700
vt 0.29617100 0.91185900
vt 0.29542800 0.91097300
vt 0.29449100 0.91011000
vt 0.29833900 0.89161800
vt 0.29833900 0.90346400
vt 0.29585200 0.90346400
vt 0.29833900 0.90938600
vt 0.29585200 0.90938600
vt 0.29709500 0.90938600
vt 0.29833900 0.91234800
vt 0.29709500 0.91234800
vt 0.30082600 0.90346400
vt 0.30082600 0.90938600
vt 0.29460800 0.90346400
vt 0.29585200 0.90642500
vt 0.29460800 0.90642500
vt 0.29585200 0.89161800
vt 0.29833900 0.89754100
vt 0.29585200 0.89754100
vt 0.29833900 0.86484100
vt 0.29833900 0.87823000
vt 0.29336500 0.88045200
vt 0.29644500 0.87754000
vt 0.29721600 0.87599400
vt 0.29747400 0.87442200
vt 0.29721700 0.87285000
vt 0.29644700 0.87130300
vt 0.29833900 0.87153500
vt 0.29833900 0.83960700
vt 0.29833900 0.85222400
vt 0.29833900 0.87488200
vt 0.30082600 0.87823000
vt 0.30082600 0.86484100
vt 0.30082600 0.87153500
vt 0.29833900 0.88492400
vt 0.29585200 0.88492400
vt 0.29336500 0.83956300
vt 0.29644500 0.83665200
vt 0.29721600 0.83510600
vt 0.29747400 0.83353400
vt 0.29721700 0.83196100
vt 0.29644700 0.83041500
vt 0.29833900 0.81437300
vt 0.29833900 0.82699000
vt 0.29585200 0.83960700
vt 0.29585200 0.82699000
vt 0.29833900 0.83329900
vt 0.29709500 0.83960700
vt 0.29833900 0.83645300
vt 0.29709500 0.83645300
vt 0.30082600 0.83960700
vt 0.30082600 0.82699000
vt 0.30082600 0.83329900
vt 0.29585200 0.85222400
vt 0.29833900 0.84591600
vt 0.29585200 0.84591600
vt 0.29709500 0.82699000
vt 0.29833900 0.83014400
vt 0.29709500 0.83014400
vt 0.29585200 0.81437300
vt 0.29833900 0.82068200
vt 0.29585200 0.82068200
vt 0.29833900 0.78913900
vt 0.29833900 0.80175600
vt 0.29336500 0.79867500
vt 0.29644500 0.79576400
vt 0.29721600 0.79421800
vt 0.29747400 0.79264500
vt 0.29721700 0.79107300
vt 0.29644700 0.78952600
vt 0.29833900 0.79544800
vt 0.29833900 0.76390500
vt 0.29833900 0.77652200
vt 0.29833900 0.79229300
vt 0.29585200 0.77652200
vt 0.29833900 0.78283100
vt 0.29585200 0.78283100
vt 0.30082600 0.80175600
vt 0.30082600 0.78913900
vt 0.30082600 0.79544800
vt 0.29336500 0.75778600
vt 0.29644500 0.75487500
vt 0.29721600 0.75332900
vt 0.29747400 0.75175700
vt 0.29721700 0.75018400
vt 0.29644700 0.74863800
vt 0.29833900 0.73867100
vt 0.29833900 0.75128800
vt 0.29585200 0.76390500
vt 0.29833900 0.75759700
vt 0.29585200 0.75759700
vt 0.29709500 0.75759700
vt 0.29833900 0.75444300
vt 0.29709500 0.75444300
vt 0.29585200 0.73867100
vt 0.29833900 0.74498000
vt 0.29585200 0.74498000
vt 0.29833900 0.71343700
vt 0.29833900 0.72605400
vt 0.30082600 0.76390500
vt 0.30082600 0.75128800
vt 0.30082600 0.75759700
vt 0.29709500 0.74498000
vt 0.29833900 0.74813400
vt 0.29709500 0.74813400
vt 0.30082600 0.73867100
vt 0.30082600 0.74498000
vt 0.29336500 0.71689800
vt 0.29644500 0.71398700
vt 0.29721600 0.71244100
vt 0.29747400 0.71086800
vt 0.29721700 0.70929600
vt 0.29644700 0.70774900
vt 0.29585200 0.72605400
vt 0.29833900 0.71974600
vt 0.29585200 0.71974600
vt 0.29833900 0.68820300
vt 0.29833900 0.70082000
vt 0.29833900 0.70712900
vt 0.29833900 0.71028300
vt 0.30082600 0.71343700
vt 0.30082600 0.70082000
vt 0.30082600 0.70712900
vt 0.29336500 0.67601000
vt 0.29644500 0.67309800
vt 0.29721600 0.67155200
vt 0.29747400 0.66998000
vt 0.29721700 0.66840800
vt 0.29644700 0.66686100
vt 0.29833900 0.66296900
vt 0.29833900 0.67558600
vt 0.29585200 0.67558600
vt 0.29585200 0.66296900
vt 0.29833900 0.66927800
vt 0.29833900 0.63773500
vt 0.29833900 0.65035200
vt 0.29709500 0.67558600
vt 0.29833900 0.67243200
vt 0.29709500 0.67243200
vt 0.30082600 0.67558600
vt 0.30082600 0.66296900
vt 0.30082600 0.66927800
vt 0.29585200 0.68820300
vt 0.29833900 0.68189500
vt 0.29585200 0.68189500
vt 0.29709500 0.66296900
vt 0.29833900 0.66612400
vt 0.29709500 0.66612400
vt 0.29585200 0.65035200
vt 0.29833900 0.65666100
vt 0.29585200 0.65666100
vt 0.29336500 0.63512100
vt 0.29644500 0.63221000
vt 0.29721600 0.63066400
vt 0.29747400 0.62909200
vt 0.29721700 0.62751900
vt 0.29644700 0.62597300
vt 0.29833900 0.61192100
vt 0.29833900 0.62482800
vt 0.29833900 0.63128200
vt 0.29833900 0.62805500
vt 0.29585200 0.61192100
vt 0.29833900 0.61837400
vt 0.29585200 0.61837400
vt 0.29833900 0.58597800
vt 0.29833900 0.59894900
vt 0.30082600 0.63773500
vt 0.30082600 0.62482800
vt 0.30082600 0.63128200
vt 0.29336500 0.59423300
vt 0.29644500 0.59132100
vt 0.29721600 0.58977500
vt 0.29747400 0.58820300
vt 0.29721700 0.58663100
vt 0.29644700 0.58508400
vt 0.29833900 0.59246300
vt 0.29833900 0.56003500
vt 0.29833900 0.57300600
vt 0.29833900 0.58922100
vt 0.29585200 0.57300600
vt 0.29833900 0.57949200
vt 0.29585200 0.57949200
vt 0.30082600 0.59894900
vt 0.30082600 0.58597800
vt 0.30082600 0.59246300
vt 0.29336500 0.55334400
vt 0.29644500 0.55043300
vt 0.29721600 0.54888700
vt 0.29747400 0.54731500
vt 0.29721700 0.54574200
vt 0.29644700 0.54419600
vt 0.29833900 0.54706300
vt 0.29585200 0.56003500
vt 0.29833900 0.55354900
vt 0.29585200 0.55354900
vt 0.29709500 0.55354900
vt 0.29833900 0.55030600
vt 0.29709500 0.55030600
vt 0.29585200 0.53409200
vt 0.29833900 0.54057800
vt 0.29585200 0.54057800
vt 0.30082600 0.56003500
vt 0.30082600 0.54706300
vt 0.30082600 0.55354900
vt 0.29709500 0.54057800
vt 0.29833900 0.54382000
vt 0.29709500 0.54382000
vt 0.30082600 0.53409200
vt 0.30082600 0.54057800
vt 0.30331300 0.09754000
vt 0.30331300 0.11701100
vt 0.30331300 0.13648200
vt 0.30331300 0.15595200
vt 0.30331300 0.17542300
vt 0.30331300 0.19489400
vt 0.30331300 0.21436400
vt 0.30331300 0.23383500
vt 0.30331300 0.25330600
vt 0.30331300 0.27277700
vt 0.30331300 0.29224700
vt 0.30331300 0.31171800
vt 0.30331300 0.33118900
vt 0.30331300 0.35065900
vt 0.30331300 0.37013000
vt 0.30331300 0.38960100
vt 0.30331300 0.40907100
vt 0.30331300 0.42854200
vt 0.30331300 0.44801300
vt 0.30331300 0.46748300
vt 0.30331300 0.48695400
vt 0.30331300 0.50642500
vt 0.30331300 0.52589500
vt 0.30331300 0.54536600
vt 0.30331300 0.56483700
vt 0.30331300 0.58430700
vt 0.30331300 0.60377800
vt 0.30331300 0.62324900
vt 0.30331300 0.64272000
vt 0.30331300 0.66219000
vt 0.30331300 0.68166100
vt 0.30331300 0.70113200
vt 0.30331300 0.72060200
vt 0.30331300 0.74007300
vt 0.30331300 0.75954400
vt 0.30331300 0.77901400
vt 0.30331300 0.79848500
vt 0.30331300 0.81795600
vt 0.30331300 0.83742600
vt 0.30331300 0.85689700
vt 0.30331300 0.87636800
vt 0.30331300 0.89583800
vt 0.29190000 0.09754000
vt 0.28692600 0.12520700
vt 0.28692600 0.15115000
vt 0.28692600 0.17709300
vt 0.28692600 0.20303600
vt 0.28692600 0.22885100
vt 0.28692600 0.25408500
vt 0.28692600 0.27931900
vt 0.28692600 0.30455300
vt 0.28692600 0.32978700
vt 0.28692600 0.35502100
vt 0.28692600 0.38025500
vt 0.28692600 0.40548900
vt 0.28692600 0.43072300
vt 0.28692600 0.45595700
vt 0.28692600 0.48273400
vt 0.28692600 0.50642500
vt 0.28692600 0.53409200
vt 0.28692600 0.56003500
vt 0.28692600 0.58597800
vt 0.28692600 0.61192100
vt 0.28692600 0.63773500
vt 0.28692600 0.66296900
vt 0.28692600 0.68820300
vt 0.28692600 0.71343700
vt 0.28692600 0.73867100
vt 0.28692600 0.76390500
vt 0.28692600 0.78913900
vt 0.28692600 0.81437300
vt 0.28692600 0.83960700
vt 0.28692600 0.86484100
vt 0.28692600 0.89161800
vt 0.28195200 0.13239800
vt 0.28195200 0.11798500
vt 0.29190000 0.91530900
vt 0.28593100 0.91530900
vt 0.28593100 0.09754000
vt 0.28586900 0.91447800
vt 0.28566700 0.91362200
vt 0.28530400 0.91274700
vt 0.28475800 0.91185900
vt 0.28401500 0.91097300
vt 0.28307900 0.91011000
vt 0.28443900 0.89161800
vt 0.28692600 0.90346400
vt 0.28443900 0.90346400
vt 0.28443900 0.90938600
vt 0.28568300 0.90346400
vt 0.28692600 0.90938600
vt 0.28568300 0.90938600
vt 0.28941300 0.89161800
vt 0.28941300 0.90346400
vt 0.28568300 0.91234800
vt 0.28630500 0.90938600
vt 0.28692600 0.91234800
vt 0.28630500 0.91234800
vt 0.28817000 0.90346400
vt 0.28941300 0.90938600
vt 0.28817000 0.90938600
vt 0.28506100 0.90938600
vt 0.28319600 0.90346400
vt 0.28195200 0.90927800
vt 0.28195200 0.89486500
vt 0.28195200 0.88045200
vt 0.28503200 0.87754000
vt 0.28580300 0.87599500
vt 0.28606100 0.87442200
vt 0.28580400 0.87285000
vt 0.28503400 0.87130300
vt 0.28443900 0.86484100
vt 0.28692600 0.87823000
vt 0.28568300 0.87823000
vt 0.28568300 0.86484100
vt 0.28692600 0.87153500
vt 0.28568300 0.87153500
vt 0.28443900 0.83960700
vt 0.28692600 0.85222400
vt 0.28443900 0.85222400
vt 0.28941300 0.86484100
vt 0.28941300 0.87823000
vt 0.28630500 0.87823000
vt 0.28630500 0.87153500
vt 0.28692600 0.87488200
vt 0.28630500 0.87488200
vt 0.28817000 0.87823000
vt 0.28817000 0.86484100
vt 0.28941300 0.87153500
vt 0.28817000 0.87153500
vt 0.28941300 0.83960700
vt 0.28941300 0.85222400
vt 0.28568300 0.89161800
vt 0.28443900 0.88492400
vt 0.28692600 0.88492400
vt 0.28568300 0.88492400
vt 0.28195200 0.86839000
vt 0.28195200 0.85397600
vt 0.28195200 0.83956300
vt 0.28503200 0.83665200
vt 0.28580300 0.83510600
vt 0.28606100 0.83353400
vt 0.28580400 0.83196100
vt 0.28503400 0.83041500
vt 0.28443900 0.81437300
vt 0.28692600 0.82699000
vt 0.28443900 0.82699000
vt 0.28568300 0.83960700
vt 0.28568300 0.82699000
vt 0.28692600 0.83329900
vt 0.28941300 0.81437300
vt 0.28941300 0.82699000
vt 0.28195200 0.82750100
vt 0.28195200 0.81308800
vt 0.28195200 0.79867500
vt 0.28503200 0.79576400
vt 0.28580300 0.79421800
vt 0.28606100 0.79264500
vt 0.28580400 0.79107300
vt 0.28503400 0.78952600
vt 0.28692600 0.80175600
vt 0.28443900 0.80175600
vt 0.28568300 0.80175600
vt 0.28692600 0.79544800
vt 0.28443900 0.76390500
vt 0.28692600 0.77652200
vt 0.28443900 0.77652200
vt 0.28941300 0.78913900
vt 0.28941300 0.80175600
vt 0.28195200 0.78661300
vt 0.28195200 0.77220000
vt 0.28195200 0.75778600
vt 0.28503200 0.75487500
vt 0.28580300 0.75332900
vt 0.28606100 0.75175700
vt 0.28580400 0.75018400
vt 0.28503400 0.74863800
vt 0.28443900 0.73867100
vt 0.28692600 0.75128800
vt 0.28568300 0.76390500
vt 0.28443900 0.75759700
vt 0.28692600 0.75759700
vt 0.28568300 0.75759700
vt 0.28941300 0.76390500
vt 0.28941300 0.73867100
vt 0.28941300 0.75128800
vt 0.28443900 0.74498000
vt 0.28568300 0.73867100
vt 0.28692600 0.74498000
vt 0.28568300 0.74498000
vt 0.28692600 0.72605400
vt 0.28443900 0.72605400
vt 0.28195200 0.74572400
vt 0.28195200 0.73131100
vt 0.28195200 0.71689800
vt 0.28503200 0.71398700
vt 0.28580300 0.71244100
vt 0.28606100 0.71086800
vt 0.28580400 0.70929600
vt 0.28503400 0.70774900
vt 0.28568300 0.72605400
vt 0.28443900 0.71974600
vt 0.28692600 0.71974600
vt 0.28568300 0.71974600
vt 0.28443900 0.68820300
vt 0.28692600 0.70082000
vt 0.28443900 0.70082000
vt 0.28941300 0.71343700
vt 0.28941300 0.72605400
vt 0.28568300 0.70082000
vt 0.28692600 0.70712900
vt 0.28568300 0.70712900
vt 0.28941300 0.68820300
vt 0.28941300 0.70082000
vt 0.28195200 0.70483600
vt 0.28195200 0.69042300
vt 0.28195200 0.67601000
vt 0.28503200 0.67309800
vt 0.28580300 0.67155200
vt 0.28606100 0.66998000
vt 0.28580400 0.66840800
vt 0.28503400 0.66686100
vt 0.28443900 0.66296900
vt 0.28692600 0.67558600
vt 0.28443900 0.67558600
vt 0.28568300 0.67558600
vt 0.28568300 0.66296900
vt 0.28692600 0.66927800
vt 0.28443900 0.63773500
vt 0.28692600 0.65035200
vt 0.28443900 0.65035200
vt 0.28941300 0.66296900
vt 0.28941300 0.67558600
vt 0.28195200 0.66394700
vt 0.28195200 0.64953400
vt 0.28195200 0.63512100
vt 0.28503200 0.63221000
vt 0.28580300 0.63066400
vt 0.28606100 0.62909200
vt 0.28580400 0.62751900
vt 0.28503400 0.62597300
vt 0.28443900 0.61192100
vt 0.28692600 0.62482800
vt 0.28568300 0.63773500
vt 0.28692600 0.63128200
vt 0.28941300 0.63773500
vt 0.28941300 0.61192100
vt 0.28941300 0.62482800
vt 0.28195200 0.62305900
vt 0.28195200 0.60864600
vt 0.28195200 0.59423300
vt 0.28503200 0.59132100
vt 0.28580300 0.58977500
vt 0.28606100 0.58820300
vt 0.28580400 0.58663100
vt 0.28503400 0.58508400
vt 0.28692600 0.59894900
vt 0.28443900 0.59894900
vt 0.28568300 0.59894900
vt 0.28692600 0.59246300
vt 0.28568300 0.59246300
vt 0.28443900 0.56003500
vt 0.28692600 0.57300600
vt 0.28443900 0.57300600
vt 0.28941300 0.58597800
vt 0.28941300 0.59894900
vt 0.28443900 0.57949200
vt 0.28568300 0.57300600
vt 0.28692600 0.57949200
vt 0.28568300 0.57949200
vt 0.28941300 0.56003500
vt 0.28941300 0.57300600
vt 0.28195200 0.58217100
vt 0.28195200 0.56775700
vt 0.28195200 0.55334400
vt 0.28503200 0.55043300
vt 0.28580300 0.54888700
vt 0.28606100 0.54731500
vt 0.28580400 0.54574200
vt 0.28503400 0.54419600
vt 0.28443900 0.53409200
vt 0.28692600 0.54706300
vt 0.28568300 0.56003500
vt 0.28443900 0.55354900
vt 0.28692600 0.55354900
vt 0.28568300 0.55354900
vt 0.28941300 0.53409200
vt 0.28941300 0.54706300
vt 0.28443900 0.54057800
vt 0.28568300 0.53409200
vt 0.28692600 0.54057800
vt 0.28568300 0.54057800
vt 0.28692600 0.52025800
vt 0.28443900 0.52025800
vt 0.28195200 0.54128200
vt 0.28195200 0.52686900
vt 0.28195200 0.51245600
vt 0.28503200 0.50954400
vt 0.28580300 0.50799900
vt 0.28606100 0.50642600
vt 0.28580400 0.50485400
vt 0.28503400 0.50330700
vt 0.28568300 0.52025800
vt 0.28443900 0.51334100
vt 0.28692600 0.51334100
vt 0.28568300 0.51334100
vt 0.28443900 0.48273400
vt 0.28692600 0.49457900
vt 0.28443900 0.49457900
vt 0.28941300 0.50642500
vt 0.28941300 0.52025800
vt 0.28630500 0.51334100
vt 0.28568300 0.50988300
vt 0.28630500 0.50642500
vt 0.28692600 0.50988300
vt 0.28630500 0.50988300
vt 0.28443900 0.50050200
vt 0.28568300 0.49457900
vt 0.28692600 0.50050200
vt 0.28568300 0.50050200
vt 0.28941300 0.48273400
vt 0.28941300 0.49457900
vt 0.28817000 0.52025800
vt 0.28817000 0.50642500
vt 0.28941300 0.51334100
vt 0.28817000 0.51334100
vt 0.28195200 0.50039400
vt 0.28195200 0.48598100
vt 0.28195200 0.47156700
vt 0.28503200 0.46865600
vt 0.28580300 0.46711000
vt 0.28606100 0.46553800
vt 0.28580400 0.46396500
vt 0.28503400 0.46241900
vt 0.28443900 0.45595700
vt 0.28692600 0.46934500
vt 0.28568300 0.46934500
vt 0.28568300 0.45595700
vt 0.28692600 0.46265100
vt 0.28568300 0.46265100
vt 0.28443900 0.43072300
vt 0.28692600 0.44334000
vt 0.28443900 0.44334000
vt 0.28941300 0.45595700
vt 0.28941300 0.46934500
vt 0.28630500 0.46934500
vt 0.28630500 0.46265100
vt 0.28692600 0.46599800
vt 0.28630500 0.46599800
vt 0.28817000 0.46934500
vt 0.28817000 0.45595700
vt 0.28941300 0.46265100
vt 0.28817000 0.46265100
vt 0.28941300 0.43072300
vt 0.28941300 0.44334000
vt 0.28568300 0.48273400
vt 0.28443900 0.47603900
vt 0.28692600 0.47603900
vt 0.28568300 0.47603900
vt 0.28195200 0.45950500
vt 0.28195200 0.44509200
vt 0.28195200 0.43067900
vt 0.28503200 0.42776800
vt 0.28580300 0.42622200
vt 0.28606100 0.42464900
vt 0.28580400 0.42307700
vt 0.28503400 0.42153000
vt 0.28443900 0.40548900
vt 0.28692600 0.41810600
vt 0.28443900 0.41810600
vt 0.28568300 0.43072300
vt 0.28568300 0.41810600
vt 0.28692600 0.42441400
vt 0.28941300 0.40548900
vt 0.28941300 0.41810600
vt 0.28195200 0.41861700
vt 0.28195200 0.40420400
vt 0.28195200 0.38979100
vt 0.28503200 0.38687900
vt 0.28580300 0.38533300
vt 0.28606100 0.38376100
vt 0.28580400 0.38218900
vt 0.28503400 0.38064200
vt 0.28692600 0.39287200
vt 0.28443900 0.39287200
vt 0.28568300 0.39287200
vt 0.28692600 0.38656300
vt 0.28443900 0.35502100
vt 0.28692600 0.36763800
vt 0.28443900 0.36763800
vt 0.28941300 0.38025500
vt 0.28941300 0.39287200
vt 0.28195200 0.37772800
vt 0.28195200 0.36331500
vt 0.28195200 0.34890200
vt 0.28503200 0.34599100
vt 0.28580300 0.34444500
vt 0.28606100 0.34287300
vt 0.28580400 0.34130000
vt 0.28503400 0.33975400
vt 0.28443900 0.32978700
vt 0.28692600 0.34240400
vt 0.28568300 0.35502100
vt 0.28443900 0.34871200
vt 0.28692600 0.34871200
vt 0.28568300 0.34871200
vt 0.28941300 0.35502100
vt 0.28941300 0.32978700
vt 0.28941300 0.34240400
vt 0.28443900 0.33609500
vt 0.28568300 0.32978700
vt 0.28692600 0.33609500
vt 0.28568300 0.33609500
vt 0.28692600 0.31717000
vt 0.28443900 0.31717000
vt 0.28195200 0.33684000
vt 0.28195200 0.32242700
vt 0.28195200 0.30801400
vt 0.28503200 0.30510200
vt 0.28580300 0.30355600
vt 0.28606100 0.30198400
vt 0.28580400 0.30041200
vt 0.28503400 0.29886500
vt 0.28568300 0.31717000
vt 0.28443900 0.31086100
vt 0.28692600 0.31086100
vt 0.28568300 0.31086100
vt 0.28443900 0.27931900
vt 0.28692600 0.29193600
vt 0.28443900 0.29193600
vt 0.28941300 0.30455300
vt 0.28941300 0.31717000
vt 0.28568300 0.29193600
vt 0.28692600 0.29824500
vt 0.28568300 0.29824500
vt 0.28941300 0.27931900
vt 0.28941300 0.29193600
vt 0.28195200 0.29595200
vt 0.28195200 0.28153800
vt 0.28195200 0.26712500
vt 0.28503200 0.26421400
vt 0.28580300 0.26266800
vt 0.28606100 0.26109600
vt 0.28580400 0.25952300
vt 0.28503400 0.25797700
vt 0.28443900 0.25408500
vt 0.28692600 0.26670200
vt 0.28443900 0.26670200
vt 0.28568300 0.26670200
vt 0.28568300 0.25408500
vt 0.28692600 0.26039400
vt 0.28443900 0.22885100
vt 0.28692600 0.24146800
vt 0.28443900 0.24146800
vt 0.28941300 0.25408500
vt 0.28941300 0.26670200
vt 0.28195200 0.25506300
vt 0.28195200 0.24065000
vt 0.28195200 0.22623700
vt 0.28503200 0.22332600
vt 0.28580300 0.22178000
vt 0.28606100 0.22020700
vt 0.28580400 0.21863500
vt 0.28503400 0.21708800
vt 0.28443900 0.20303600
vt 0.28692600 0.21594400
vt 0.28568300 0.22885100
vt 0.28692600 0.22239700
vt 0.28941300 0.22885100
vt 0.28941300 0.20303600
vt 0.28941300 0.21594400
vt 0.28195200 0.21417500
vt 0.28195200 0.19976100
vt 0.28195200 0.18534800
vt 0.28503200 0.18243700
vt 0.28580300 0.18089100
vt 0.28606100 0.17931900
vt 0.28580400 0.17774600
vt 0.28503400 0.17620000
vt 0.28692600 0.19006500
vt 0.28443900 0.19006500
vt 0.28568300 0.19006500
vt 0.28692600 0.18357900
vt 0.28568300 0.18357900
vt 0.28443900 0.15115000
vt 0.28692600 0.16412200
vt 0.28443900 0.16412200
vt 0.28941300 0.17709300
vt 0.28941300 0.19006500
vt 0.28443900 0.17060800
vt 0.28568300 0.16412200
vt 0.28692600 0.17060800
vt 0.28568300 0.17060800
vt 0.28941300 0.15115000
vt 0.28941300 0.16412200
vt 0.28195200 0.17328600
vt 0.28195200 0.15887300
vt 0.28195200 0.14446000
vt 0.28503200 0.14154900
vt 0.28580300 0.14000300
vt 0.28606100 0.13843000
vt 0.28580400 0.13685800
vt 0.28503400 0.13531100
vt 0.28443900 0.12520700
vt 0.28692600 0.13817900
vt 0.28568300 0.15115000
vt 0.28443900 0.14466500
vt 0.28692600 0.14466500
vt 0.28568300 0.14466500
vt 0.28941300 0.12520700
vt 0.28941300 0.13817900
vt 0.28443900 0.13169300
vt 0.28568300 0.12520700
vt 0.28692600 0.13169300
vt 0.28568300 0.13169300
vt 0.28692600 0.11137400
vt 0.28443900 0.11137400
vt 0.28195200 0.10357100
vt 0.28307900 0.10274000
vt 0.28401600 0.10187600
vt 0.28475900 0.10098900
vt 0.28530600 0.10010000
vt 0.28566800 0.09922500
vt 0.28586900 0.09837100
vt 0.28319600 0.11137400
vt 0.28443900 0.10445700
vt 0.28319600 0.10445700
vt 0.28381800 0.10445700
vt 0.28568300 0.11137400
vt 0.28692600 0.10445700
vt 0.28568300 0.10445700
vt 0.28941300 0.11137400
vt 0.28506100 0.10445700
vt 0.28568300 0.10099900
vt 0.28506100 0.10099900
vt 0.28630500 0.10445700
vt 0.28692600 0.10099900
vt 0.28630500 0.10099900
vt 0.28817000 0.11137400
vt 0.28941300 0.10445700
vt 0.28817000 0.10445700
vt 0.29190000 0.11701100
vt 0.29190000 0.13648200
vt 0.29190000 0.15595200
vt 0.29190000 0.17542300
vt 0.29190000 0.19489400
vt 0.29190000 0.21436400
vt 0.29190000 0.23383500
vt 0.29190000 0.25330600
vt 0.29190000 0.27277700
vt 0.29190000 0.29224700
vt 0.29190000 0.31171800
vt 0.29190000 0.33118900
vt 0.29190000 0.35065900
vt 0.29190000 0.37013000
vt 0.29190000 0.38960100
vt 0.29190000 0.40907100
vt 0.29190000 0.42854200
vt 0.29190000 0.44801300
vt 0.29190000 0.46748300
vt 0.29190000 0.48695400
vt 0.29190000 0.50642500
vt 0.29190000 0.52589500
vt 0.29190000 0.54536600
vt 0.29190000 0.56483700
vt 0.29190000 0.58430700
vt 0.29190000 0.60377800
vt 0.29190000 0.62324900
vt 0.29190000 0.64272000
vt 0.29190000 0.66219000
vt 0.29190000 0.68166100
vt 0.29190000 0.70113200
vt 0.29190000 0.72060200
vt 0.29190000 0.74007300
vt 0.29190000 0.75954400
vt 0.29190000 0.77901400
vt 0.29190000 0.79848500
vt 0.29190000 0.81795600
vt 0.29190000 0.83742600
vt 0.29190000 0.85689700
vt 0.29190000 0.87636800
vt 0.29190000 0.89583800
vt 0.26385900 0.43907500
vt 0.24723000 0.43907500
vt 0.26385900 0.44233200
vt 0.24723000 0.44233200
vt 0.26385900 0.44559500
vt 0.24723000 0.44559500
vt 0.27639400 0.44870100
vt 0.26528300 0.44870100
vt 0.25417100 0.44870100
vt 0.24306000 0.44870100
vt 0.23194800 0.44870100
vt 0.27639400 0.43596300
vt 0.27946400 0.43923300
vt 0.28023200 0.44079300
vt 0.28048800 0.44233000
vt 0.28023300 0.44386800
vt 0.27946600 0.44542800
vt 0.27217300 0.44233200
vt 0.26385900 0.44070400
vt 0.27217300 0.43907500
vt 0.27217300 0.44070400
vt 0.27633000 0.44070400
vt 0.27217300 0.43989000
vt 0.27633000 0.43907500
vt 0.27633000 0.43989000
vt 0.26385900 0.43751900
vt 0.27217300 0.43751900
vt 0.27633000 0.44233200
vt 0.27217300 0.44151800
vt 0.27633000 0.44151800
vt 0.27217300 0.44559500
vt 0.26385900 0.44396300
vt 0.27217300 0.44396300
vt 0.27633000 0.44396300
vt 0.27217300 0.44314800
vt 0.27633000 0.44314800
vt 0.27633000 0.44559500
vt 0.27217300 0.44477900
vt 0.27633000 0.44477900
vt 0.26385900 0.44714800
vt 0.27217300 0.44714800
vt 0.23194800 0.43596300
vt 0.24306000 0.43596300
vt 0.25417100 0.43596300
vt 0.26528300 0.43596300
vt 0.23094100 0.44546200
vt 0.23060200 0.44228300
vt 0.23095800 0.43912300
vt 0.23891600 0.44559500
vt 0.24723000 0.44714800
vt 0.23891600 0.44714800
vt 0.23891600 0.44233200
vt 0.24723000 0.44396300
vt 0.23891600 0.44396300
vt 0.23891600 0.43907500
vt 0.24723000 0.44070400
vt 0.23891600 0.44070400
vt 0.24723000 0.43751900
vt 0.23891600 0.43751900
vt 0.37083700 0.12826800
vt 0.37083700 0.94603600
vt 0.35389900 0.94000500
vt 0.35389900 0.92559200
vt 0.35389900 0.91117900
vt 0.35558300 0.90827700
vt 0.35612800 0.90509800
vt 0.35555500 0.90194300
vt 0.36236800 0.92234500
vt 0.36236800 0.89556800
vt 0.36236800 0.90895700
vt 0.35813400 0.92234500
vt 0.35813400 0.90895700
vt 0.36236800 0.91565100
vt 0.35813400 0.91565100
vt 0.36236800 0.93419100
vt 0.35813400 0.89556800
vt 0.36236800 0.90226300
vt 0.35813400 0.90226300
vt 0.36236800 0.87033500
vt 0.35389900 0.89911700
vt 0.35389900 0.88470400
vt 0.35389900 0.87029100
vt 0.35558300 0.86738900
vt 0.35612800 0.86420900
vt 0.35555500 0.86105400
vt 0.36236800 0.85771800
vt 0.35813400 0.87033500
vt 0.35813400 0.85771800
vt 0.36236800 0.86402600
vt 0.35813400 0.86402600
vt 0.35389900 0.85822900
vt 0.35389900 0.84381500
vt 0.35389900 0.82940200
vt 0.35558300 0.82650000
vt 0.35612800 0.82332100
vt 0.35555500 0.82016600
vt 0.36236800 0.81986700
vt 0.36236800 0.83248400
vt 0.35813400 0.83248400
vt 0.35813400 0.81986700
vt 0.36236800 0.82617500
vt 0.35813400 0.82617500
vt 0.36236800 0.79463300
vt 0.36236800 0.80725000
vt 0.35813400 0.80725000
vt 0.36236800 0.81355800
vt 0.35813400 0.81355800
vt 0.35389900 0.81734000
vt 0.35389900 0.80292700
vt 0.35389900 0.78851400
vt 0.35558300 0.78561200
vt 0.35612800 0.78243300
vt 0.35555500 0.77927800
vt 0.36236800 0.76939900
vt 0.36236800 0.78201600
vt 0.35813400 0.79463300
vt 0.35813400 0.78201600
vt 0.36236800 0.78832400
vt 0.35813400 0.78832400
vt 0.35813400 0.76939900
vt 0.36236800 0.77570700
vt 0.35813400 0.77570700
vt 0.36236800 0.74416500
vt 0.36236800 0.75678200
vt 0.35389900 0.77645200
vt 0.35389900 0.76203800
vt 0.35389900 0.74762500
vt 0.35558300 0.74472400
vt 0.35612800 0.74154400
vt 0.35555500 0.73838900
vt 0.35813400 0.75678200
vt 0.35813400 0.74416500
vt 0.36236800 0.75047300
vt 0.35813400 0.75047300
vt 0.36236800 0.71893100
vt 0.36236800 0.73154800
vt 0.35813400 0.73154800
vt 0.36236800 0.73785600
vt 0.35813400 0.73785600
vt 0.35389900 0.73556300
vt 0.35389900 0.72115000
vt 0.35389900 0.70673700
vt 0.35558300 0.70383500
vt 0.35612800 0.70065600
vt 0.35555500 0.69750100
vt 0.36236800 0.69369700
vt 0.36236800 0.70631400
vt 0.35813400 0.71893100
vt 0.35813400 0.70631400
vt 0.36236800 0.71262200
vt 0.35813400 0.71262200
vt 0.35813400 0.69369700
vt 0.36236800 0.70000500
vt 0.35813400 0.70000500
vt 0.36236800 0.66846300
vt 0.35389900 0.69467500
vt 0.35389900 0.68026200
vt 0.35389900 0.66584800
vt 0.35558300 0.66294700
vt 0.35612800 0.65976700
vt 0.35555500 0.65661200
vt 0.36236800 0.64264800
vt 0.36236800 0.65555500
vt 0.35813400 0.66846300
vt 0.35813400 0.65555500
vt 0.36236800 0.66200900
vt 0.35813400 0.66200900
vt 0.35813400 0.64264800
vt 0.36236800 0.64910200
vt 0.35813400 0.64910200
vt 0.36236800 0.61670500
vt 0.36236800 0.62967600
vt 0.35389900 0.65378600
vt 0.35389900 0.63937300
vt 0.35389900 0.62496000
vt 0.35558300 0.62205800
vt 0.35612800 0.61887900
vt 0.35555500 0.61572400
vt 0.35813400 0.62967600
vt 0.35813400 0.61670500
vt 0.36236800 0.62319100
vt 0.35813400 0.62319100
vt 0.36236800 0.59076200
vt 0.36236800 0.60373300
vt 0.35813400 0.60373300
vt 0.36236800 0.61021900
vt 0.35813400 0.61021900
vt 0.35389900 0.61289800
vt 0.35389900 0.59848500
vt 0.35389900 0.58407200
vt 0.35558300 0.58117000
vt 0.35612800 0.57799000
vt 0.35555500 0.57483500
vt 0.36236800 0.56481900
vt 0.36236800 0.57779100
vt 0.35813400 0.59076200
vt 0.35813400 0.57779100
vt 0.36236800 0.58427600
vt 0.35813400 0.58427600
vt 0.35813400 0.56481900
vt 0.36236800 0.57130500
vt 0.35813400 0.57130500
vt 0.36236800 0.53715200
vt 0.36236800 0.55098600
vt 0.35389900 0.57201000
vt 0.35389900 0.55759600
vt 0.35389900 0.54318300
vt 0.35558300 0.54028100
vt 0.35612800 0.53710200
vt 0.35555500 0.53394700
vt 0.35813400 0.55098600
vt 0.35813400 0.53715200
vt 0.36236800 0.54406900
vt 0.35813400 0.54406900
vt 0.36236800 0.51346100
vt 0.36236800 0.52530700
vt 0.35813400 0.52530700
vt 0.36236800 0.53122900
vt 0.35813400 0.53122900
vt 0.35389900 0.53112100
vt 0.35389900 0.51670800
vt 0.35389900 0.50229500
vt 0.35558300 0.49939300
vt 0.35612800 0.49621400
vt 0.35555500 0.49305900
vt 0.36236800 0.48668400
vt 0.36236800 0.50007300
vt 0.35813400 0.51346100
vt 0.35813400 0.50007300
vt 0.36236800 0.50676700
vt 0.35813400 0.50676700
vt 0.35813400 0.48668400
vt 0.36236800 0.49337800
vt 0.35813400 0.49337800
vt 0.36236800 0.46145000
vt 0.35389900 0.49023300
vt 0.35389900 0.47581900
vt 0.35389900 0.46140600
vt 0.35558300 0.45850500
vt 0.35612800 0.45532500
vt 0.35555500 0.45217000
vt 0.36236800 0.44883300
vt 0.35813400 0.46145000
vt 0.35813400 0.44883300
vt 0.36236800 0.45514200
vt 0.35813400 0.45514200
vt 0.35389900 0.44934400
vt 0.35389900 0.43493100
vt 0.35389900 0.42051800
vt 0.35558300 0.41761600
vt 0.35612800 0.41443700
vt 0.35555500 0.41128200
vt 0.36236800 0.41098200
vt 0.36236800 0.42359900
vt 0.35813400 0.42359900
vt 0.35813400 0.41098200
vt 0.36236800 0.41729100
vt 0.35813400 0.41729100
vt 0.36236800 0.38574800
vt 0.36236800 0.39836500
vt 0.35813400 0.39836500
vt 0.36236800 0.40467400
vt 0.35813400 0.40467400
vt 0.35389900 0.40845600
vt 0.35389900 0.39404300
vt 0.35389900 0.37962900
vt 0.35558300 0.37672800
vt 0.35612800 0.37354800
vt 0.35555500 0.37039300
vt 0.36236800 0.36051400
vt 0.36236800 0.37313100
vt 0.35813400 0.38574800
vt 0.35813400 0.37313100
vt 0.36236800 0.37944000
vt 0.35813400 0.37944000
vt 0.35813400 0.36051400
vt 0.36236800 0.36682300
vt 0.35813400 0.36682300
vt 0.36236800 0.33528000
vt 0.36236800 0.34789700
vt 0.35389900 0.36756700
vt 0.35389900 0.35315400
vt 0.35389900 0.33874100
vt 0.35558300 0.33583900
vt 0.35612800 0.33266000
vt 0.35555500 0.32950500
vt 0.35813400 0.34789700
vt 0.35813400 0.33528000
vt 0.36236800 0.34158900
vt 0.35813400 0.34158900
vt 0.36236800 0.31004600
vt 0.36236800 0.32266300
vt 0.35813400 0.32266300
vt 0.36236800 0.32897200
vt 0.35813400 0.32897200
vt 0.35389900 0.32667900
vt 0.35389900 0.31226600
vt 0.35389900 0.29785300
vt 0.35558300 0.29495100
vt 0.35612800 0.29177100
vt 0.35555500 0.28861600
vt 0.36236800 0.28481200
vt 0.36236800 0.29742900
vt 0.35813400 0.31004600
vt 0.35813400 0.29742900
vt 0.36236800 0.30373800
vt 0.35813400 0.30373800
vt 0.35813400 0.28481200
vt 0.36236800 0.29112100
vt 0.35813400 0.29112100
vt 0.36236800 0.25957800
vt 0.35389900 0.28579000
vt 0.35389900 0.27137700
vt 0.35389900 0.25696400
vt 0.35558300 0.25406200
vt 0.35612800 0.25088300
vt 0.35555500 0.24772800
vt 0.36236800 0.23376400
vt 0.36236800 0.24667100
vt 0.35813400 0.25957800
vt 0.35813400 0.24667100
vt 0.36236800 0.25312500
vt 0.35813400 0.25312500
vt 0.35813400 0.23376400
vt 0.36236800 0.24021700
vt 0.35813400 0.24021700
vt 0.36236800 0.20782100
vt 0.36236800 0.22079200
vt 0.35389900 0.24490200
vt 0.35389900 0.23048900
vt 0.35389900 0.21607600
vt 0.35558300 0.21317400
vt 0.35612800 0.20999500
vt 0.35555500 0.20683900
vt 0.35813400 0.22079200
vt 0.35813400 0.20782100
vt 0.36236800 0.21430600
vt 0.35813400 0.21430600
vt 0.36236800 0.18187800
vt 0.36236800 0.19484900
vt 0.35813400 0.19484900
vt 0.36236800 0.20133500
vt 0.35813400 0.20133500
vt 0.35389900 0.20401400
vt 0.35389900 0.18960000
vt 0.35389900 0.17518700
vt 0.35558300 0.17228600
vt 0.35612800 0.16910600
vt 0.35555500 0.16595100
vt 0.36236800 0.15593500
vt 0.36236800 0.16890600
vt 0.35813400 0.18187800
vt 0.35813400 0.16890600
vt 0.36236800 0.17539200
vt 0.35813400 0.17539200
vt 0.35813400 0.15593500
vt 0.36236800 0.16242100
vt 0.35813400 0.16242100
vt 0.36236800 0.14210100
vt 0.35389900 0.16312500
vt 0.35389900 0.14871200
vt 0.35389900 0.13429900
vt 0.35558500 0.13143400
vt 0.35615800 0.12826800
vt 0.35813400 0.14210100
vt 0.36236800 0.13518500
vt 0.35813400 0.13518500
vt 0.37083700 0.14821300
vt 0.37083700 0.16815900
vt 0.37083700 0.18810400
vt 0.37083700 0.20805000
vt 0.37083700 0.22799600
vt 0.37083700 0.24794100
vt 0.37083700 0.26788700
vt 0.37083700 0.28783200
vt 0.37083700 0.30777800
vt 0.37083700 0.32772400
vt 0.37083700 0.34766900
vt 0.37083700 0.36761500
vt 0.37083700 0.38756000
vt 0.37083700 0.40750600
vt 0.37083700 0.42745100
vt 0.37083700 0.44739700
vt 0.37083700 0.46734300
vt 0.37083700 0.48728800
vt 0.37083700 0.50723400
vt 0.37083700 0.52717900
vt 0.37083700 0.54712500
vt 0.37083700 0.56707000
vt 0.37083700 0.58701600
vt 0.37083700 0.60696200
vt 0.37083700 0.62690700
vt 0.37083700 0.64685300
vt 0.37083700 0.66679800
vt 0.37083700 0.68674400
vt 0.37083700 0.70668900
vt 0.37083700 0.72663500
vt 0.37083700 0.74658100
vt 0.37083700 0.76652600
vt 0.37083700 0.78647200
vt 0.37083700 0.80641700
vt 0.37083700 0.82636300
vt 0.37083700 0.84630900
vt 0.37083700 0.86625400
vt 0.37083700 0.88620000
vt 0.37083700 0.90614500
vt 0.37083700 0.92609100
vt 0.35615800 0.94603600
vt 0.35558500 0.94286800
vt 0.35813400 0.93419100
vt 0.36236800 0.94011400
vt 0.35813400 0.94011400
vt 0.32171500 0.09754000
vt 0.32171500 0.91530900
vt 0.30477800 0.13239800
vt 0.30477800 0.11798500
vt 0.30477800 0.10357100
vt 0.30477800 0.17328600
vt 0.30477800 0.15887300
vt 0.30477800 0.21417500
vt 0.30477800 0.19976100
vt 0.30477800 0.25506300
vt 0.30477800 0.24065000
vt 0.30477800 0.29595200
vt 0.30477800 0.28153800
vt 0.30477800 0.33684000
vt 0.30477800 0.32242700
vt 0.30477800 0.37772800
vt 0.30477800 0.36331500
vt 0.30477800 0.41861700
vt 0.30477800 0.40420400
vt 0.30477800 0.45950500
vt 0.30477800 0.44509200
vt 0.30477800 0.50039400
vt 0.30477800 0.48598100
vt 0.30703600 0.91530900
vt 0.30703600 0.09754000
vt 0.30477800 0.43067900
vt 0.30646100 0.42777900
vt 0.30700600 0.42460100
vt 0.30643500 0.42144500
vt 0.31324600 0.43072300
vt 0.31324600 0.41810600
vt 0.30901200 0.43072300
vt 0.30901200 0.41810600
vt 0.31324600 0.42441400
vt 0.30901200 0.42441400
vt 0.31324600 0.45595700
vt 0.30477800 0.38979100
vt 0.30646100 0.38689100
vt 0.30700600 0.38371300
vt 0.30643500 0.38055700
vt 0.31324600 0.38025500
vt 0.31324600 0.39287200
vt 0.30901200 0.39287200
vt 0.30901200 0.38025500
vt 0.31324600 0.38656300
vt 0.30901200 0.38656300
vt 0.31324600 0.35502100
vt 0.31324600 0.36763800
vt 0.30901200 0.36763800
vt 0.31324600 0.37394600
vt 0.30901200 0.37394600
vt 0.30477800 0.34890200
vt 0.30646100 0.34600300
vt 0.30700600 0.34282400
vt 0.30643500 0.33966800
vt 0.31324600 0.32978700
vt 0.31324600 0.34240400
vt 0.30901200 0.35502100
vt 0.30901200 0.34240400
vt 0.31324600 0.34871200
vt 0.30901200 0.34871200
vt 0.30901200 0.32978700
vt 0.31324600 0.33609500
vt 0.30901200 0.33609500
vt 0.31324600 0.30455300
vt 0.31324600 0.31717000
vt 0.30477800 0.30801400
vt 0.30646100 0.30511400
vt 0.30700600 0.30193600
vt 0.30643500 0.29878000
vt 0.30901200 0.31717000
vt 0.30901200 0.30455300
vt 0.31324600 0.31086100
vt 0.30901200 0.31086100
vt 0.31324600 0.27931900
vt 0.31324600 0.29193600
vt 0.30901200 0.29193600
vt 0.31324600 0.29824500
vt 0.30901200 0.29824500
vt 0.30477800 0.26712500
vt 0.30646100 0.26422600
vt 0.30700600 0.26104700
vt 0.30643500 0.25789200
vt 0.31324600 0.25408500
vt 0.31324600 0.26670200
vt 0.30901200 0.27931900
vt 0.30901200 0.26670200
vt 0.31324600 0.27301100
vt 0.30901200 0.27301100
vt 0.30901200 0.25408500
vt 0.31324600 0.26039400
vt 0.30901200 0.26039400
vt 0.31324600 0.22885100
vt 0.30477800 0.22623700
vt 0.30646100 0.22333700
vt 0.30700600 0.22015900
vt 0.30643500 0.21700300
vt 0.31324600 0.20303600
vt 0.31324600 0.21594400
vt 0.30901200 0.22885100
vt 0.30901200 0.21594400
vt 0.31324600 0.22239700
vt 0.30901200 0.22239700
vt 0.30901200 0.20303600
vt 0.31324600 0.20949000
vt 0.30901200 0.20949000
vt 0.31324600 0.17709300
vt 0.31324600 0.19006500
vt 0.30477800 0.18534800
vt 0.30646100 0.18244900
vt 0.30700600 0.17927000
vt 0.30643500 0.17611500
vt 0.30901200 0.19006500
vt 0.30901200 0.17709300
vt 0.31324600 0.18357900
vt 0.30901200 0.18357900
vt 0.31324600 0.15115000
vt 0.31324600 0.16412200
vt 0.30901200 0.16412200
vt 0.31324600 0.17060800
vt 0.30901200 0.17060800
vt 0.30477800 0.14446000
vt 0.30646100 0.14156000
vt 0.30700600 0.13838200
vt 0.30643500 0.13522600
vt 0.31324600 0.12520700
vt 0.31324600 0.13817900
vt 0.30901200 0.15115000
vt 0.30901200 0.13817900
vt 0.31324600 0.14466500
vt 0.30901200 0.14466500
vt 0.30901200 0.12520700
vt 0.31324600 0.13169300
vt 0.30901200 0.13169300
vt 0.31324600 0.11137400
vt 0.30646400 0.10070900
vt 0.30901200 0.11137400
vt 0.31324600 0.10445700
vt 0.30901200 0.10445700
vt 0.32171500 0.11748600
vt 0.32171500 0.13743200
vt 0.32171500 0.15737700
vt 0.32171500 0.17732300
vt 0.32171500 0.19726800
vt 0.32171500 0.21721400
vt 0.32171500 0.23715900
vt 0.32171500 0.25710500
vt 0.32171500 0.27705100
vt 0.32171500 0.29699600
vt 0.32171500 0.31694200
vt 0.32171500 0.33688700
vt 0.32171500 0.35683300
vt 0.32171500 0.37677800
vt 0.32171500 0.39672400
vt 0.32171500 0.41667000
vt 0.32171500 0.43661500
vt 0.32171500 0.45656100
vt 0.32171500 0.47650600
vt 0.32171500 0.49645200
vt 0.32171500 0.51639800
vt 0.32171500 0.53634300
vt 0.32171500 0.55628900
vt 0.32171500 0.57623400
vt 0.32171500 0.59618000
vt 0.32171500 0.61612500
vt 0.32171500 0.63607100
vt 0.32171500 0.65601700
vt 0.32171500 0.67596200
vt 0.32171500 0.69590800
vt 0.32171500 0.71585300
vt 0.32171500 0.73579900
vt 0.32171500 0.75574400
vt 0.32171500 0.77569000
vt 0.32171500 0.79563600
vt 0.32171500 0.81558100
vt 0.32171500 0.83552700
vt 0.32171500 0.85547200
vt 0.32171500 0.87541800
vt 0.32171500 0.89536400
vt 0.30646400 0.91213900
vt 0.31324600 0.89161800
vt 0.31324600 0.90346400
vt 0.30901200 0.90346400
vt 0.31324600 0.90938600
vt 0.30901200 0.90938600
vt 0.30477800 0.90927800
vt 0.30477800 0.89486500
vt 0.30477800 0.88045200
vt 0.30646100 0.87755000
vt 0.30700600 0.87437100
vt 0.30643300 0.87121600
vt 0.31324600 0.86484100
vt 0.31324600 0.87823000
vt 0.30901200 0.89161800
vt 0.30901200 0.87823000
vt 0.31324600 0.88492400
vt 0.30901200 0.88492400
vt 0.30901200 0.86484100
vt 0.31324600 0.87153500
vt 0.30901200 0.87153500
vt 0.31324600 0.83960700
vt 0.30477800 0.86839000
vt 0.30477800 0.85397600
vt 0.30477800 0.83956300
vt 0.30646100 0.83666200
vt 0.30700600 0.83348200
vt 0.30643300 0.83032700
vt 0.31324600 0.82699000
vt 0.30901200 0.83960700
vt 0.30901200 0.82699000
vt 0.31324600 0.83329900
vt 0.30901200 0.83329900
vt 0.30477800 0.82750100
vt 0.30477800 0.81308800
vt 0.30477800 0.79867500
vt 0.30646100 0.79577300
vt 0.30700600 0.79259400
vt 0.30643300 0.78943900
vt 0.31324600 0.78913900
vt 0.31324600 0.80175600
vt 0.30901200 0.80175600
vt 0.30901200 0.78913900
vt 0.31324600 0.79544800
vt 0.30901200 0.79544800
vt 0.31324600 0.76390500
vt 0.31324600 0.77652200
vt 0.30901200 0.77652200
vt 0.31324600 0.78283100
vt 0.30901200 0.78283100
vt 0.30477800 0.78661300
vt 0.30477800 0.77220000
vt 0.30477800 0.75778600
vt 0.30646100 0.75488500
vt 0.30700600 0.75170500
vt 0.30643300 0.74855000
vt 0.31324600 0.73867100
vt 0.31324600 0.75128800
vt 0.30901200 0.76390500
vt 0.30901200 0.75128800
vt 0.31324600 0.75759700
vt 0.30901200 0.75759700
vt 0.30901200 0.73867100
vt 0.31324600 0.74498000
vt 0.30901200 0.74498000
vt 0.31324600 0.71343700
vt 0.31324600 0.72605400
vt 0.30477800 0.74572400
vt 0.30477800 0.73131100
vt 0.30477800 0.71689800
vt 0.30646100 0.71399600
vt 0.30700600 0.71081700
vt 0.30643300 0.70766200
vt 0.30901200 0.72605400
vt 0.30901200 0.71343700
vt 0.31324600 0.71974600
vt 0.30901200 0.71974600
vt 0.31324600 0.68820300
vt 0.31324600 0.70082000
vt 0.30901200 0.70082000
vt 0.31324600 0.70712900
vt 0.30901200 0.70712900
vt 0.30477800 0.70483600
vt 0.30477800 0.69042300
vt 0.30477800 0.67601000
vt 0.30646100 0.67310800
vt 0.30700600 0.66992800
vt 0.30643300 0.66677300
vt 0.31324600 0.66296900
vt 0.31324600 0.67558600
vt 0.30901200 0.68820300
vt 0.30901200 0.67558600
vt 0.31324600 0.68189500
vt 0.30901200 0.68189500
vt 0.30901200 0.66296900
vt 0.31324600 0.66927800
vt 0.30901200 0.66927800
vt 0.31324600 0.63773500
vt 0.30477800 0.66394700
vt 0.30477800 0.64953400
vt 0.30477800 0.63512100
vt 0.30646100 0.63221900
vt 0.30700600 0.62904000
vt 0.30643300 0.62588500
vt 0.31324600 0.61192100
vt 0.31324600 0.62482800
vt 0.30901200 0.63773500
vt 0.30901200 0.62482800
vt 0.31324600 0.63128200
vt 0.30901200 0.63128200
vt 0.30901200 0.61192100
vt 0.31324600 0.61837400
vt 0.30901200 0.61837400
vt 0.31324600 0.58597800
vt 0.31324600 0.59894900
vt 0.30477800 0.62305900
vt 0.30477800 0.60864600
vt 0.30477800 0.59423300
vt 0.30646100 0.59133100
vt 0.30700600 0.58815200
vt 0.30643300 0.58499600
vt 0.30901200 0.59894900
vt 0.30901200 0.58597800
vt 0.31324600 0.59246300
vt 0.30901200 0.59246300
vt 0.31324600 0.56003500
vt 0.31324600 0.57300600
vt 0.30901200 0.57300600
vt 0.31324600 0.57949200
vt 0.30901200 0.57949200
vt 0.30477800 0.58217100
vt 0.30477800 0.56775700
vt 0.30477800 0.55334400
vt 0.30646100 0.55044300
vt 0.30700600 0.54726300
vt 0.30643300 0.54410800
vt 0.31324600 0.53409200
vt 0.31324600 0.54706300
vt 0.30901200 0.56003500
vt 0.30901200 0.54706300
vt 0.31324600 0.55354900
vt 0.30901200 0.55354900
vt 0.30901200 0.53409200
vt 0.31324600 0.54057800
vt 0.30901200 0.54057800
vt 0.31324600 0.50642500
vt 0.31324600 0.52025800
vt 0.30477800 0.54128200
vt 0.30477800 0.52686900
vt 0.30477800 0.51245600
vt 0.30646100 0.50955400
vt 0.30700600 0.50637500
vt 0.30643300 0.50322000
vt 0.30901200 0.52025800
vt 0.30901200 0.50642500
vt 0.31324600 0.51334100
vt 0.30901200 0.51334100
vt 0.31324600 0.48273400
vt 0.31324600 0.49457900
vt 0.30901200 0.49457900
vt 0.31324600 0.50050200
vt 0.30901200 0.50050200
vt 0.30477800 0.47156700
vt 0.30646100 0.46866800
vt 0.30700600 0.46548900
vt 0.30643500 0.46233400
vt 0.31324600 0.46934500
vt 0.30901200 0.48273400
vt 0.30901200 0.46934500
vt 0.31324600 0.47603900
vt 0.30901200 0.47603900
vt 0.30901200 0.45595700
vt 0.31324600 0.46265100
vt 0.30901200 0.46265100
vt 0.04635100 0.01710100
vt 0.04635100 0.03420200
vt 0.04960700 0.01710100
vt 0.04960700 0.03420200
vt 0.05287000 0.01710100
vt 0.05287000 0.03420200
vt 0.04323800 0.04996500
vt 0.04323800 0.03852700
vt 0.04323800 0.02708900
vt 0.04323800 0.01565100
vt 0.04323800 0.00421400
vt 0.04650900 0.00105300
vt 0.04806800 0.00026300
vt 0.04960500 0.00000000
vt 0.05114300 0.00026200
vt 0.05270300 0.00105200
vt 0.04960700 0.00855100
vt 0.04797900 0.01710100
vt 0.04635100 0.00855100
vt 0.04797900 0.00855100
vt 0.04797900 0.00427500
vt 0.04716500 0.00855100
vt 0.04635100 0.00427500
vt 0.04716500 0.00427500
vt 0.04479400 0.01710100
vt 0.04479400 0.00855100
vt 0.04960700 0.00427500
vt 0.04879300 0.00855100
vt 0.04879300 0.00427500
vt 0.05287000 0.00855100
vt 0.05123800 0.01710100
vt 0.05123800 0.00855100
vt 0.05123800 0.00427500
vt 0.05042300 0.00855100
vt 0.05042300 0.00427500
vt 0.05287000 0.00427500
vt 0.05205400 0.00855100
vt 0.05205400 0.00427500
vt 0.05442300 0.01710100
vt 0.05442300 0.00855100
vt 0.05597600 0.04996500
vt 0.05273200 0.05097600
vt 0.04955800 0.05130400
vt 0.04640300 0.05095900
vt 0.05287000 0.04275300
vt 0.05442300 0.03420200
vt 0.05442300 0.04275300
vt 0.04960700 0.04275300
vt 0.05123800 0.03420200
vt 0.05123800 0.04275300
vt 0.04635100 0.04275300
vt 0.04797900 0.03420200
vt 0.04797900 0.04275300
vt 0.04479400 0.03420200
vt 0.04479400 0.04275300
vt 0.05597600 0.00421400
vt 0.05597600 0.01565100
vt 0.05597600 0.02708900
vt 0.05597600 0.03852700
vt 0.20177700 0.35946500
vt 0.21545700 0.35946500
vt 0.22913700 0.40521600
vt 0.21545700 0.40521600
vt 0.22913700 0.35946500
vt 0.22913700 0.37090300
vt 0.22913700 0.38234100
vt 0.22913700 0.39377800
vt 0.20177700 0.40521600
vt 0.20177700 0.39377800
vt 0.20177700 0.38234100
vt 0.20177700 0.37090300
vt 0.19047700 0.19684900
vt 0.19047700 0.21396600
vt 0.19373300 0.19684900
vt 0.19373300 0.21396600
vt 0.19699600 0.19684900
vt 0.19699600 0.21396600
vt 0.18736400 0.18394600
vt 0.19063500 0.18078600
vt 0.19219400 0.17999600
vt 0.19373200 0.17973300
vt 0.19526900 0.17999500
vt 0.19682900 0.18078400
vt 0.19373300 0.18829100
vt 0.19210500 0.19684900
vt 0.19047700 0.18829100
vt 0.19210500 0.18829100
vt 0.19210500 0.18401200
vt 0.19129100 0.18829100
vt 0.19047700 0.18401200
vt 0.19129100 0.18401200
vt 0.18892000 0.19684900
vt 0.18892000 0.18829100
vt 0.19373300 0.18401200
vt 0.19291900 0.18829100
vt 0.19291900 0.18401200
vt 0.19699600 0.18829100
vt 0.19536500 0.19684900
vt 0.19536500 0.18829100
vt 0.19536500 0.18401200
vt 0.19454900 0.18829100
vt 0.19454900 0.18401200
vt 0.19699600 0.18401200
vt 0.19618000 0.18829100
vt 0.19618000 0.18401200
vt 0.19854900 0.19684900
vt 0.19854900 0.18829100
vt 0.20010200 0.22969700
vt 0.19686300 0.23073400
vt 0.19368400 0.23108300
vt 0.19052400 0.23071600
vt 0.18736400 0.22969700
vt 0.19699600 0.22252500
vt 0.19854900 0.21396600
vt 0.19854900 0.22252500
vt 0.19373300 0.22252500
vt 0.19536500 0.21396600
vt 0.19536500 0.22252500
vt 0.19047700 0.22252500
vt 0.19210500 0.21396600
vt 0.19210500 0.22252500
vt 0.18892000 0.21396600
vt 0.18892000 0.22252500
vt 0.18736400 0.21826000
vt 0.18736400 0.20682200
vt 0.18736400 0.19538400
vt 0.20010200 0.18394600
vt 0.20010200 0.19538400
vt 0.20010200 0.20682200
vt 0.20010200 0.21826000
vt 0.11383600 0.67973300
vt 0.08647600 0.67973300
vt 0.10015600 0.67973300
vt 0.11383600 0.72548400
vt 0.10015600 0.72548400
vt 0.11383600 0.69117000
vt 0.11383600 0.70260800
vt 0.11383600 0.71404600
vt 0.08647600 0.72548400
vt 0.08647600 0.71404600
vt 0.08647600 0.70260800
vt 0.08647600 0.69117000
vt 0.13282600 0.19684900
vt 0.13282600 0.21396600
vt 0.13608300 0.19684900
vt 0.13608300 0.21396600
vt 0.13934600 0.19684900
vt 0.13934600 0.21396600
vt 0.12971300 0.18394600
vt 0.13298400 0.18078600
vt 0.13454400 0.17999600
vt 0.13608100 0.17973300
vt 0.13761800 0.17999500
vt 0.13917900 0.18078400
vt 0.13608300 0.18829100
vt 0.13445400 0.19684900
vt 0.13282600 0.18829100
vt 0.13445400 0.18829100
vt 0.13445400 0.18401200
vt 0.13364000 0.18829100
vt 0.13282600 0.18401200
vt 0.13364000 0.18401200
vt 0.13127000 0.19684900
vt 0.13127000 0.18829100
vt 0.13608300 0.18401200
vt 0.13526900 0.18829100
vt 0.13526900 0.18401200
vt 0.13934600 0.18829100
vt 0.13771400 0.19684900
vt 0.13771400 0.18829100
vt 0.13771400 0.18401200
vt 0.13689800 0.18829100
vt 0.13689800 0.18401200
vt 0.13934600 0.18401200
vt 0.13853000 0.18829100
vt 0.13853000 0.18401200
vt 0.14089900 0.19684900
vt 0.14089900 0.18829100
vt 0.14245200 0.22969700
vt 0.13921300 0.23073400
vt 0.13603300 0.23108300
vt 0.13287400 0.23071600
vt 0.12971300 0.22969700
vt 0.13934600 0.22252500
vt 0.14089900 0.21396600
vt 0.14089900 0.22252500
vt 0.13608300 0.22252500
vt 0.13771400 0.21396600
vt 0.13771400 0.22252500
vt 0.13282600 0.22252500
vt 0.13445400 0.21396600
vt 0.13445400 0.22252500
vt 0.13127000 0.21396600
vt 0.13127000 0.22252500
vt 0.12971300 0.21826000
vt 0.12971300 0.20682200
vt 0.12971300 0.19538400
vt 0.14245200 0.18394600
vt 0.14245200 0.19538400
vt 0.14245200 0.20682200
vt 0.14245200 0.21826000
vt 0.17148600 0.51959900
vt 0.14412600 0.51959900
vt 0.15780600 0.51959900
vt 0.17148600 0.56535000
vt 0.15780600 0.56535000
vt 0.17148600 0.53103700
vt 0.17148600 0.54247400
vt 0.17148600 0.55391200
vt 0.14412600 0.56535000
vt 0.14412600 0.55391200
vt 0.14412600 0.54247400
vt 0.14412600 0.53103700
vt 0.26385900 0.66469000
vt 0.24723000 0.66469000
vt 0.26385900 0.66794700
vt 0.24723000 0.66794700
vt 0.26385900 0.67121000
vt 0.24723000 0.67121000
vt 0.27639400 0.66157800
vt 0.27946400 0.66484800
vt 0.28023200 0.66640800
vt 0.28048800 0.66794500
vt 0.28023300 0.66948300
vt 0.27946600 0.67104300
vt 0.27639400 0.67431600
vt 0.27217300 0.66794700
vt 0.26385900 0.66631900
vt 0.27217300 0.66469000
vt 0.27217300 0.66631900
vt 0.27633000 0.66631900
vt 0.27217300 0.66550500
vt 0.27633000 0.66469000
vt 0.27633000 0.66550500
vt 0.26385900 0.66313400
vt 0.27217300 0.66313400
vt 0.27633000 0.66794700
vt 0.27217300 0.66713300
vt 0.27633000 0.66713300
vt 0.27217300 0.67121000
vt 0.26385900 0.66957800
vt 0.27217300 0.66957800
vt 0.27633000 0.66957800
vt 0.27217300 0.66876300
vt 0.27633000 0.66876300
vt 0.27633000 0.67121000
vt 0.27217300 0.67039400
vt 0.27633000 0.67039400
vt 0.26385900 0.67276300
vt 0.27217300 0.67276300
vt 0.23194800 0.67431600
vt 0.23094100 0.67107700
vt 0.23060200 0.66789700
vt 0.23095800 0.66473800
vt 0.23194800 0.66157800
vt 0.23891600 0.67121000
vt 0.24723000 0.67276300
vt 0.23891600 0.67276300
vt 0.23891600 0.66794700
vt 0.24723000 0.66957800
vt 0.23891600 0.66957800
vt 0.23891600 0.66469000
vt 0.24723000 0.66631900
vt 0.23891600 0.66631900
vt 0.24723000 0.66313400
vt 0.23891600 0.66313400
vt 0.24306000 0.66157800
vt 0.25417100 0.66157800
vt 0.26528300 0.66157800
vt 0.26528300 0.67431600
vt 0.25417100 0.67431600
vt 0.24306000 0.67431600
vt 0.08501100 0.51959900
vt 0.05765000 0.51959900
vt 0.07133100 0.51959900
vt 0.08501100 0.56535000
vt 0.07133100 0.56535000
vt 0.08501100 0.53103700
vt 0.08501100 0.54247400
vt 0.08501100 0.55391200
vt 0.05765000 0.56535000
vt 0.05765000 0.55391200
vt 0.05765000 0.54247400
vt 0.05765000 0.53103700
vt 0.07517600 0.19684900
vt 0.07517600 0.21396600
vt 0.07843200 0.19684900
vt 0.07843200 0.21396600
vt 0.08169500 0.19684900
vt 0.08169500 0.21396600
vt 0.07206300 0.18394600
vt 0.07533400 0.18078600
vt 0.07689400 0.17999600
vt 0.07843100 0.17973200
vt 0.07996800 0.17999500
vt 0.08152800 0.18078400
vt 0.08480100 0.18394600
vt 0.07843200 0.18829100
vt 0.07680400 0.19684900
vt 0.07517600 0.18829100
vt 0.07680400 0.18829100
vt 0.07680400 0.18401200
vt 0.07599000 0.18829100
vt 0.07517600 0.18401200
vt 0.07599000 0.18401200
vt 0.07361900 0.19684900
vt 0.07361900 0.18829100
vt 0.07843200 0.18401200
vt 0.07761800 0.18829100
vt 0.07761800 0.18401200
vt 0.08169500 0.18829100
vt 0.08006400 0.19684900
vt 0.08006400 0.18829100
vt 0.08006400 0.18401200
vt 0.07924800 0.18829100
vt 0.07924800 0.18401200
vt 0.08169500 0.18401200
vt 0.08087900 0.18829100
vt 0.08087900 0.18401200
vt 0.08324800 0.19684900
vt 0.08324800 0.18829100
vt 0.08480100 0.22969700
vt 0.08156200 0.23073400
vt 0.07838300 0.23108300
vt 0.07522300 0.23071600
vt 0.07206300 0.22969700
vt 0.08169500 0.22252500
vt 0.08324800 0.21396600
vt 0.08324800 0.22252500
vt 0.07843200 0.22252500
vt 0.08006400 0.21396600
vt 0.08006400 0.22252500
vt 0.07517600 0.22252500
vt 0.07680400 0.21396600
vt 0.07680400 0.22252500
vt 0.07361900 0.21396600
vt 0.07361900 0.22252500
vt 0.07206300 0.21826000
vt 0.07206300 0.20682200
vt 0.07206300 0.19538400
vt 0.08480100 0.19538400
vt 0.08480100 0.20682200
vt 0.08480100 0.21826000
vt 0.05618600 0.83986600
vt 0.02882500 0.83986600
vt 0.04250500 0.83986600
vt 0.05618600 0.88561700
vt 0.04250500 0.88561700
vt 0.05618600 0.85130400
vt 0.05618600 0.86274200
vt 0.05618600 0.87418000
vt 0.02882500 0.88561700
vt 0.02882500 0.87418000
vt 0.02882500 0.86274200
vt 0.02882500 0.85130400
vt 0.13282600 0.01711700
vt 0.13282600 0.03423400
vt 0.13608300 0.01711700
vt 0.13608300 0.03423400
vt 0.13934600 0.01711700
vt 0.13934600 0.03423400
vt 0.12971300 0.00421400
vt 0.13298400 0.00105300
vt 0.13454400 0.00026300
vt 0.13608100 0.00000000
vt 0.13761800 0.00026200
vt 0.13917900 0.00105200
vt 0.14245200 0.00421400
vt 0.13608300 0.00855800
vt 0.13445400 0.01711700
vt 0.13282600 0.00855800
vt 0.13445400 0.00855800
vt 0.13445400 0.00427900
vt 0.13364000 0.00855800
vt 0.13282600 0.00427900
vt 0.13364000 0.00427900
vt 0.13127000 0.01711700
vt 0.13127000 0.00855800
vt 0.13608300 0.00427900
vt 0.13526900 0.00855800
vt 0.13526900 0.00427900
vt 0.13934600 0.00855800
vt 0.13771400 0.01711700
vt 0.13771400 0.00855800
vt 0.13771400 0.00427900
vt 0.13689800 0.00855800
vt 0.13689800 0.00427900
vt 0.13934600 0.00427900
vt 0.13853000 0.00855800
vt 0.13853000 0.00427900
vt 0.14089900 0.01711700
vt 0.14089900 0.00855800
vt 0.14245200 0.04996500
vt 0.13921300 0.05100100
vt 0.13603300 0.05135100
vt 0.13287400 0.05098400
vt 0.12971300 0.04996500
vt 0.13934600 0.04279200
vt 0.14089900 0.03423400
vt 0.14089900 0.04279200
vt 0.13608300 0.04279200
vt 0.13771400 0.03423400
vt 0.13771400 0.04279200
vt 0.13282600 0.04279200
vt 0.13445400 0.03423400
vt 0.13445400 0.04279200
vt 0.13127000 0.03423400
vt 0.13127000 0.04279200
vt 0.12971300 0.03852700
vt 0.12971300 0.02708900
vt 0.12971300 0.01565100
vt 0.14245200 0.01565100
vt 0.14245200 0.02708900
vt 0.14245200 0.03852700
vt 0.20031200 0.83986600
vt 0.17295100 0.83986600
vt 0.18663100 0.83986600
vt 0.20031200 0.88561700
vt 0.18663100 0.88561700
vt 0.20031200 0.85130400
vt 0.20031200 0.86274200
vt 0.20031200 0.87418000
vt 0.17295100 0.88561700
vt 0.17295100 0.87418000
vt 0.17295100 0.86274200
vt 0.17295100 0.85130400
vt 0.11841400 0.19684900
vt 0.11841400 0.21396600
vt 0.12167000 0.19684900
vt 0.12167000 0.21396600
vt 0.12493300 0.19684900
vt 0.12493300 0.21396600
vt 0.11530100 0.18394600
vt 0.11857200 0.18078600
vt 0.12013100 0.17999600
vt 0.12166900 0.17973300
vt 0.12320600 0.17999500
vt 0.12476600 0.18078400
vt 0.12803900 0.18394600
vt 0.12167000 0.18829100
vt 0.12004200 0.19684900
vt 0.11841400 0.18829100
vt 0.12004200 0.18829100
vt 0.12004200 0.18401200
vt 0.11922800 0.18829100
vt 0.11841400 0.18401200
vt 0.11922800 0.18401200
vt 0.11685700 0.19684900
vt 0.11685700 0.18829100
vt 0.12167000 0.18401200
vt 0.12085600 0.18829100
vt 0.12085600 0.18401200
vt 0.12493300 0.18829100
vt 0.12330100 0.19684900
vt 0.12330100 0.18829100
vt 0.12330100 0.18401200
vt 0.12248600 0.18829100
vt 0.12248600 0.18401200
vt 0.12493300 0.18401200
vt 0.12411700 0.18829100
vt 0.12411700 0.18401200
vt 0.12648600 0.19684900
vt 0.12648600 0.18829100
vt 0.12803900 0.22969700
vt 0.12480000 0.23073400
vt 0.12162100 0.23108300
vt 0.11846100 0.23071600
vt 0.11530100 0.22969700
vt 0.12493300 0.22252500
vt 0.12648600 0.21396600
vt 0.12648600 0.22252500
vt 0.12167000 0.22252500
vt 0.12330100 0.21396600
vt 0.12330100 0.22252500
vt 0.11841400 0.22252500
vt 0.12004200 0.21396600
vt 0.12004200 0.22252500
vt 0.11685700 0.21396600
vt 0.11685700 0.22252500
vt 0.11530100 0.21826000
vt 0.11530100 0.20682200
vt 0.11530100 0.19538400
vt 0.12803900 0.19538400
vt 0.12803900 0.20682200
vt 0.12803900 0.21826000
vt 0.08647600 0.40521600
vt 0.11383600 0.35946500
vt 0.08647600 0.35946500
vt 0.10015600 0.35946500
vt 0.11383600 0.40521600
vt 0.10015600 0.40521600
vt 0.11383600 0.37090300
vt 0.11383600 0.38234100
vt 0.11383600 0.39377800
vt 0.08647600 0.39377800
vt 0.08647600 0.38234100
vt 0.08647600 0.37090300
vt 0.26385900 0.32626800
vt 0.24723000 0.32626800
vt 0.26385900 0.32952400
vt 0.24723000 0.32952400
vt 0.26385900 0.33278700
vt 0.24723000 0.33278700
vt 0.27639400 0.32315500
vt 0.27946400 0.32642600
vt 0.28023200 0.32798600
vt 0.28048800 0.32952300
vt 0.28023300 0.33106000
vt 0.27946600 0.33262000
vt 0.27639400 0.33589400
vt 0.27217300 0.32952400
vt 0.26385900 0.32789600
vt 0.27217300 0.32626800
vt 0.27217300 0.32789600
vt 0.27633000 0.32789600
vt 0.27217300 0.32708200
vt 0.27633000 0.32626800
vt 0.27633000 0.32708200
vt 0.26385900 0.32471200
vt 0.27217300 0.32471200
vt 0.27633000 0.32952400
vt 0.27217300 0.32871000
vt 0.27633000 0.32871000
vt 0.27217300 0.33278700
vt 0.26385900 0.33115600
vt 0.27217300 0.33115600
vt 0.27633000 0.33115600
vt 0.27217300 0.33034000
vt 0.27633000 0.33034000
vt 0.27633000 0.33278700
vt 0.27217300 0.33197200
vt 0.27633000 0.33197200
vt 0.26385900 0.33434000
vt 0.27217300 0.33434000
vt 0.23194800 0.33589400
vt 0.23094100 0.33265400
vt 0.23060200 0.32947500
vt 0.23095800 0.32631600
vt 0.23194800 0.32315500
vt 0.23891600 0.33278700
vt 0.24723000 0.33434000
vt 0.23891600 0.33434000
vt 0.23891600 0.32952400
vt 0.24723000 0.33115600
vt 0.23891600 0.33115600
vt 0.23891600 0.32626800
vt 0.24723000 0.32789600
vt 0.23891600 0.32789600
vt 0.24723000 0.32471200
vt 0.23891600 0.32471200
vt 0.24306000 0.32315500
vt 0.25417100 0.32315500
vt 0.26528300 0.32315500
vt 0.26528300 0.33589400
vt 0.25417100 0.33589400
vt 0.24306000 0.33589400
vt 0.00000000 0.67973300
vt 0.01368000 0.67973300
vt 0.02736000 0.72548400
vt 0.01368000 0.72548400
vt 0.02736000 0.67973300
vt 0.02736000 0.69117000
vt 0.02736000 0.70260800
vt 0.02736000 0.71404600
vt 0.00000000 0.72548400
vt 0.00000000 0.71404600
vt 0.00000000 0.70260800
vt 0.00000000 0.69117000
vt 0.21930200 0.19684900
vt 0.21930200 0.21396600
vt 0.22255800 0.19684900
vt 0.22255800 0.21396600
vt 0.22582100 0.19684900
vt 0.22582100 0.21396600
vt 0.21618900 0.18394600
vt 0.21946000 0.18078600
vt 0.22102000 0.17999600
vt 0.22255700 0.17973300
vt 0.22409400 0.17999500
vt 0.22565400 0.18078400
vt 0.22892700 0.18394600
vt 0.22255800 0.18829100
vt 0.22093000 0.19684900
vt 0.21930200 0.18829100
vt 0.22093000 0.18829100
vt 0.22093000 0.18401200
vt 0.22011600 0.18829100
vt 0.21930200 0.18401200
vt 0.22011600 0.18401200
vt 0.21774600 0.19684900
vt 0.21774600 0.18829100
vt 0.22255800 0.18401200
vt 0.22174400 0.18829100
vt 0.22174400 0.18401200
vt 0.22582100 0.18829100
vt 0.22419000 0.19684900
vt 0.22419000 0.18829100
vt 0.22419000 0.18401200
vt 0.22337400 0.18829100
vt 0.22337400 0.18401200
vt 0.22582100 0.18401200
vt 0.22500500 0.18829100
vt 0.22500500 0.18401200
vt 0.22737400 0.19684900
vt 0.22737400 0.18829100
vt 0.22892700 0.22969700
vt 0.22568800 0.23073400
vt 0.22250900 0.23108300
vt 0.21935000 0.23071600
vt 0.21618900 0.22969700
vt 0.22582100 0.22252500
vt 0.22737400 0.21396600
vt 0.22737400 0.22252500
vt 0.22255800 0.22252500
vt 0.22419000 0.21396600
vt 0.22419000 0.22252500
vt 0.21930200 0.22252500
vt 0.22093000 0.21396600
vt 0.22093000 0.22252500
vt 0.21774600 0.21396600
vt 0.21774600 0.22252500
vt 0.21618900 0.21826000
vt 0.21618900 0.20682200
vt 0.21618900 0.19538400
vt 0.22892700 0.19538400
vt 0.22892700 0.20682200
vt 0.22892700 0.21826000
vt 0.11530100 0.51959900
vt 0.12898100 0.51959900
vt 0.14266100 0.56535000
vt 0.12898100 0.56535000
vt 0.14266100 0.51959900
vt 0.14266100 0.53103700
vt 0.14266100 0.54247400
vt 0.14266100 0.55391200
vt 0.11530100 0.56535000
vt 0.11530100 0.55391200
vt 0.11530100 0.54247400
vt 0.11530100 0.53103700
vt 0.17606400 0.19684900
vt 0.17606400 0.21396600
vt 0.17932000 0.19684900
vt 0.17932000 0.21396600
vt 0.18258300 0.19684900
vt 0.18258300 0.21396600
vt 0.17295100 0.18394600
vt 0.17622200 0.18078600
vt 0.17778200 0.17999600
vt 0.17931900 0.17973300
vt 0.18085600 0.17999500
vt 0.18241600 0.18078400
vt 0.18569000 0.18394600
vt 0.17932000 0.18829100
vt 0.17769200 0.19684900
vt 0.17606400 0.18829100
vt 0.17769200 0.18829100
vt 0.17769200 0.18401200
vt 0.17687800 0.18829100
vt 0.17606400 0.18401200
vt 0.17687800 0.18401200
vt 0.17450800 0.19684900
vt 0.17450800 0.18829100
vt 0.17932000 0.18401200
vt 0.17850600 0.18829100
vt 0.17850600 0.18401200
vt 0.18258300 0.18829100
vt 0.18095200 0.19684900
vt 0.18095200 0.18829100
vt 0.18095200 0.18401200
vt 0.18013600 0.18829100
vt 0.18013600 0.18401200
vt 0.18258300 0.18401200
vt 0.18176800 0.18829100
vt 0.18176800 0.18401200
vt 0.18413600 0.19684900
vt 0.18413600 0.18829100
vt 0.18569000 0.22969700
vt 0.18245000 0.23073400
vt 0.17927100 0.23108300
vt 0.17611200 0.23071600
vt 0.17295100 0.22969700
vt 0.18258300 0.22252500
vt 0.18413600 0.21396600
vt 0.18413600 0.22252500
vt 0.17932000 0.22252500
vt 0.18095200 0.21396600
vt 0.18095200 0.22252500
vt 0.17606400 0.22252500
vt 0.17769200 0.21396600
vt 0.17769200 0.22252500
vt 0.17450800 0.21396600
vt 0.17450800 0.22252500
vt 0.17295100 0.21826000
vt 0.17295100 0.20682200
vt 0.17295100 0.19538400
vt 0.18569000 0.19538400
vt 0.18569000 0.20682200
vt 0.18569000 0.21826000
vt 0.14266100 0.40521600
vt 0.11530100 0.35946500
vt 0.12898100 0.35946500
vt 0.12898100 0.40521600
vt 0.14266100 0.35946500
vt 0.14266100 0.37090300
vt 0.14266100 0.38234100
vt 0.14266100 0.39377800
vt 0.11530100 0.40521600
vt 0.11530100 0.39377800
vt 0.11530100 0.38234100
vt 0.11530100 0.37090300
vt 0.01752500 0.01706500
vt 0.01752500 0.03413000
vt 0.02078200 0.00000000
vt 0.02078200 0.01706500
vt 0.02078200 0.03413000
vt 0.02078200 0.05119500
vt 0.02404500 0.01706500
vt 0.02404500 0.03413000
vt 0.01441300 0.00408300
vt 0.01540500 0.00292200
vt 0.01637300 0.00195500
vt 0.01732300 0.00119200
vt 0.01824200 0.00063500
vt 0.01912300 0.00026700
vt 0.01996700 0.00006400
vt 0.01752500 0.00853300
vt 0.01596900 0.01706500
vt 0.01596900 0.00853300
vt 0.01596900 0.00426600
vt 0.01519100 0.00853300
vt 0.01519100 0.00426600
vt 0.01752500 0.00426600
vt 0.01674700 0.00853300
vt 0.01674700 0.00426600
vt 0.02078200 0.00853300
vt 0.01915400 0.01706500
vt 0.01915400 0.00853300
vt 0.01915400 0.00426600
vt 0.01833900 0.00853300
vt 0.01833900 0.00426600
vt 0.01833900 0.00213300
vt 0.01793200 0.00426600
vt 0.01752500 0.00213300
vt 0.01793200 0.00213300
vt 0.01915400 0.00213300
vt 0.01874700 0.00426600
vt 0.01874700 0.00213300
vt 0.02078200 0.00426600
vt 0.01996800 0.00853300
vt 0.01996800 0.00426600
vt 0.02404500 0.00853300
vt 0.02241300 0.01706500
vt 0.02241300 0.00853300
vt 0.01996800 0.00213300
vt 0.01956100 0.00426600
vt 0.01956100 0.00213300
vt 0.02078200 0.00213300
vt 0.02037500 0.00426600
vt 0.02037500 0.00213300
vt 0.02241300 0.00426600
vt 0.02159700 0.00853300
vt 0.02159700 0.00426600
vt 0.02159700 0.00213300
vt 0.02119000 0.00426600
vt 0.02119000 0.00213300
vt 0.02159700 0.00006400
vt 0.02244300 0.00026800
vt 0.02332400 0.00063600
vt 0.02424200 0.00119300
vt 0.02519100 0.00195600
vt 0.02615800 0.00292200
vt 0.02404500 0.00426600
vt 0.02322900 0.00853300
vt 0.02322900 0.00426600
vt 0.02559800 0.01706500
vt 0.02559800 0.00853300
vt 0.02322900 0.00213300
vt 0.02282100 0.00426600
vt 0.02241300 0.00213300
vt 0.02282100 0.00213300
vt 0.02404500 0.00213300
vt 0.02363700 0.00426600
vt 0.02363700 0.00213300
vt 0.02559800 0.00426600
vt 0.02482100 0.00853300
vt 0.02482100 0.00426600
vt 0.02637400 0.00853300
vt 0.02637400 0.00426600
vt 0.02715100 0.04983400
vt 0.02394200 0.05085500
vt 0.02404500 0.04266300
vt 0.02559800 0.03413000
vt 0.02559800 0.04266300
vt 0.02078200 0.04266300
vt 0.02241300 0.03413000
vt 0.02241300 0.04266300
vt 0.01761800 0.05085500
vt 0.01441300 0.04983400
vt 0.01752500 0.04266300
vt 0.01915400 0.03413000
vt 0.01915400 0.04266300
vt 0.01596900 0.03413000
vt 0.01596900 0.04266300
vt 0.01441300 0.03839600
vt 0.01441300 0.02695900
vt 0.01441300 0.01552100
vt 0.02715100 0.00408300
vt 0.02715100 0.01552100
vt 0.02715100 0.02695900
vt 0.02715100 0.03839600
vt 0.20177700 0.56535000
vt 0.20177700 0.51959900
vt 0.21545700 0.51959900
vt 0.22913700 0.56535000
vt 0.21545700 0.56535000
vt 0.22913700 0.51959900
vt 0.22913700 0.53103700
vt 0.22913700 0.54247400
vt 0.22913700 0.55391200
vt 0.20177700 0.55391200
vt 0.20177700 0.54247400
vt 0.20177700 0.53103700
vt 0.16165100 0.01711700
vt 0.16165100 0.03423400
vt 0.16490800 0.01711700
vt 0.16490800 0.03423400
vt 0.16817100 0.01711700
vt 0.16817100 0.03423400
vt 0.15853900 0.00421400
vt 0.16180900 0.00105300
vt 0.16336900 0.00026300
vt 0.16490600 0.00000000
vt 0.16644400 0.00026200
vt 0.16800400 0.00105200
vt 0.16490800 0.00855800
vt 0.16328000 0.01711700
vt 0.16165100 0.00855800
vt 0.16328000 0.00855800
vt 0.16328000 0.00427900
vt 0.16246600 0.00855800
vt 0.16165100 0.00427900
vt 0.16246600 0.00427900
vt 0.16009500 0.01711700
vt 0.16009500 0.00855800
vt 0.16490800 0.00427900
vt 0.16409400 0.00855800
vt 0.16409400 0.00427900
vt 0.16817100 0.00855800
vt 0.16653900 0.01711700
vt 0.16653900 0.00855800
vt 0.16653900 0.00427900
vt 0.16572400 0.00855800
vt 0.16572400 0.00427900
vt 0.16817100 0.00427900
vt 0.16735500 0.00855800
vt 0.16735500 0.00427900
vt 0.16972400 0.01711700
vt 0.16972400 0.00855800
vt 0.17127700 0.04996500
vt 0.16803800 0.05100100
vt 0.16485900 0.05135100
vt 0.16169900 0.05098400
vt 0.15853900 0.04996500
vt 0.16817100 0.04279200
vt 0.16972400 0.03423400
vt 0.16972400 0.04279200
vt 0.16490800 0.04279200
vt 0.16653900 0.03423400
vt 0.16653900 0.04279200
vt 0.16165100 0.04279200
vt 0.16328000 0.03423400
vt 0.16328000 0.04279200
vt 0.16009500 0.03423400
vt 0.16009500 0.04279200
vt 0.15853900 0.03852700
vt 0.15853900 0.02708900
vt 0.15853900 0.01565100
vt 0.17127700 0.00421400
vt 0.17127700 0.01565100
vt 0.17127700 0.02708900
vt 0.17127700 0.03852700
vt 0.20031200 0.51959900
vt 0.17295100 0.51959900
vt 0.18663100 0.51959900
vt 0.20031200 0.56535000
vt 0.18663100 0.56535000
vt 0.20031200 0.53103700
vt 0.20031200 0.54247400
vt 0.20031200 0.55391200
vt 0.17295100 0.56535000
vt 0.17295100 0.55391200
vt 0.17295100 0.54247400
vt 0.17295100 0.53103700
vt 0.26385900 0.77749800
vt 0.24723000 0.77749800
vt 0.26385900 0.78075400
vt 0.24723000 0.78075400
vt 0.26385900 0.78401700
vt 0.24723000 0.78401700
vt 0.27639400 0.77438500
vt 0.27946400 0.77765600
vt 0.28023200 0.77921600
vt 0.28048800 0.78075300
vt 0.28023300 0.78229000
vt 0.27946600 0.78385000
vt 0.27639400 0.78712300
vt 0.27217300 0.78075400
vt 0.26385900 0.77912600
vt 0.27217300 0.77749800
vt 0.27217300 0.77912600
vt 0.27633000 0.77912600
vt 0.27217300 0.77831200
vt 0.27633000 0.77749800
vt 0.27633000 0.77831200
vt 0.26385900 0.77594100
vt 0.27217300 0.77594100
vt 0.27633000 0.78075400
vt 0.27217300 0.77994000
vt 0.27633000 0.77994000
vt 0.27217300 0.78401700
vt 0.26385900 0.78238600
vt 0.27217300 0.78238600
vt 0.27633000 0.78238600
vt 0.27217300 0.78157000
vt 0.27633000 0.78157000
vt 0.27633000 0.78401700
vt 0.27217300 0.78320100
vt 0.27633000 0.78320100
vt 0.26385900 0.78557000
vt 0.27217300 0.78557000
vt 0.23194800 0.78712300
vt 0.23094100 0.78388400
vt 0.23060200 0.78070500
vt 0.23095800 0.77754500
vt 0.23194800 0.77438500
vt 0.23891600 0.78401700
vt 0.24723000 0.78557000
vt 0.23891600 0.78557000
vt 0.23891600 0.78075400
vt 0.24723000 0.78238600
vt 0.23891600 0.78238600
vt 0.23891600 0.77749800
vt 0.24723000 0.77912600
vt 0.23891600 0.77912600
vt 0.24723000 0.77594100
vt 0.23891600 0.77594100
vt 0.24306000 0.77438500
vt 0.25417100 0.77438500
vt 0.26528300 0.77438500
vt 0.26528300 0.78712300
vt 0.25417100 0.78712300
vt 0.24306000 0.78712300
vt 0.35054000 0.12826800
vt 0.32318000 0.12826800
vt 0.33686000 0.12826800
vt 0.35054000 0.17401900
vt 0.33686000 0.17401900
vt 0.35054000 0.13970600
vt 0.35054000 0.15114300
vt 0.35054000 0.16258100
vt 0.32318000 0.17401900
vt 0.32318000 0.16258100
vt 0.32318000 0.15114300
vt 0.32318000 0.13970600
vt 0.20488900 0.19684900
vt 0.20488900 0.21396600
vt 0.20814600 0.19684900
vt 0.20814600 0.21396600
vt 0.21140900 0.19684900
vt 0.21140900 0.21396600
vt 0.20177700 0.18394600
vt 0.20504700 0.18078600
vt 0.20660700 0.17999600
vt 0.20814400 0.17973300
vt 0.20968100 0.17999500
vt 0.21124200 0.18078400
vt 0.20814600 0.18829100
vt 0.20651700 0.19684900
vt 0.20488900 0.18829100
vt 0.20651700 0.18829100
vt 0.20651700 0.18401200
vt 0.20570300 0.18829100
vt 0.20488900 0.18401200
vt 0.20570300 0.18401200
vt 0.20333300 0.19684900
vt 0.20333300 0.18829100
vt 0.20814600 0.18401200
vt 0.20733200 0.18829100
vt 0.20733200 0.18401200
vt 0.21140900 0.18829100
vt 0.20977700 0.19684900
vt 0.20977700 0.18829100
vt 0.20977700 0.18401200
vt 0.20896100 0.18829100
vt 0.20896100 0.18401200
vt 0.21140900 0.18401200
vt 0.21059300 0.18829100
vt 0.21059300 0.18401200
vt 0.21296200 0.19684900
vt 0.21296200 0.18829100
vt 0.21451500 0.22969700
vt 0.21127600 0.23073400
vt 0.20809600 0.23108300
vt 0.20493700 0.23071600
vt 0.20177700 0.22969700
vt 0.21140900 0.22252500
vt 0.21296200 0.21396600
vt 0.21296200 0.22252500
vt 0.20814600 0.22252500
vt 0.20977700 0.21396600
vt 0.20977700 0.22252500
vt 0.20488900 0.22252500
vt 0.20651700 0.21396600
vt 0.20651700 0.22252500
vt 0.20333300 0.21396600
vt 0.20333300 0.22252500
vt 0.20177700 0.21826000
vt 0.20177700 0.20682200
vt 0.20177700 0.19538400
vt 0.21451500 0.18394600
vt 0.21451500 0.19538400
vt 0.21451500 0.20682200
vt 0.21451500 0.21826000
vt 0.17148600 0.40521600
vt 0.14412600 0.35946500
vt 0.15780600 0.35946500
vt 0.15780600 0.40521600
vt 0.17148600 0.35946500
vt 0.17148600 0.37090300
vt 0.17148600 0.38234100
vt 0.17148600 0.39377800
vt 0.14412600 0.40521600
vt 0.14412600 0.39377800
vt 0.14412600 0.38234100
vt 0.14412600 0.37090300
vt 0.10400100 0.19684900
vt 0.10400100 0.21396600
vt 0.10725700 0.19684900
vt 0.10725700 0.21396600
vt 0.11052000 0.19684900
vt 0.11052000 0.21396600
vt 0.10088800 0.18394600
vt 0.10415900 0.18078600
vt 0.10571900 0.17999600
vt 0.10725600 0.17973200
vt 0.10879300 0.17999500
vt 0.11035300 0.18078400
vt 0.11362700 0.18394600
vt 0.10725700 0.18829100
vt 0.10562900 0.19684900
vt 0.10400100 0.18829100
vt 0.10562900 0.18829100
vt 0.10562900 0.18401200
vt 0.10481500 0.18829100
vt 0.10400100 0.18401200
vt 0.10481500 0.18401200
vt 0.10244500 0.19684900
vt 0.10244500 0.18829100
vt 0.10725700 0.18401200
vt 0.10644300 0.18829100
vt 0.10644300 0.18401200
vt 0.11052000 0.18829100
vt 0.10888900 0.19684900
vt 0.10888900 0.18829100
vt 0.10888900 0.18401200
vt 0.10807300 0.18829100
vt 0.10807300 0.18401200
vt 0.11052000 0.18401200
vt 0.10970500 0.18829100
vt 0.10970500 0.18401200
vt 0.11207300 0.19684900
vt 0.11207300 0.18829100
vt 0.11362700 0.22969700
vt 0.11038700 0.23073400
vt 0.10720800 0.23108300
vt 0.10404900 0.23071600
vt 0.10088800 0.22969700
vt 0.11052000 0.22252500
vt 0.11207300 0.21396600
vt 0.11207300 0.22252500
vt 0.10725700 0.22252500
vt 0.10888900 0.21396600
vt 0.10888900 0.22252500
vt 0.10400100 0.22252500
vt 0.10562900 0.21396600
vt 0.10562900 0.22252500
vt 0.10244500 0.21396600
vt 0.10244500 0.22252500
vt 0.10088800 0.21826000
vt 0.10088800 0.20682200
vt 0.10088800 0.19538400
vt 0.11362700 0.19538400
vt 0.11362700 0.20682200
vt 0.11362700 0.21826000
vt 0.11530100 0.88561700
vt 0.11530100 0.83986600
vt 0.12898100 0.83986600
vt 0.14266100 0.88561700
vt 0.12898100 0.88561700
vt 0.14266100 0.83986600
vt 0.14266100 0.85130400
vt 0.14266100 0.86274200
vt 0.14266100 0.87418000
vt 0.11530100 0.87418000
vt 0.11530100 0.86274200
vt 0.11530100 0.85130400
vt 0.20488900 0.01711700
vt 0.20488900 0.03423400
vt 0.20814600 0.01711700
vt 0.20814600 0.03423400
vt 0.21140900 0.01711700
vt 0.21140900 0.03423400
vt 0.20177700 0.00421400
vt 0.20504700 0.00105300
vt 0.20660700 0.00026300
vt 0.20814400 0.00000000
vt 0.20968100 0.00026200
vt 0.21124200 0.00105200
vt 0.21451500 0.00421400
vt 0.20814600 0.00855800
vt 0.20651700 0.01711700
vt 0.20488900 0.00855800
vt 0.20651700 0.00855800
vt 0.20651700 0.00427900
vt 0.20570300 0.00855800
vt 0.20488900 0.00427900
vt 0.20570300 0.00427900
vt 0.20333300 0.01711700
vt 0.20333300 0.00855800
vt 0.20814600 0.00427900
vt 0.20733200 0.00855800
vt 0.20733200 0.00427900
vt 0.21140900 0.00855800
vt 0.20977700 0.01711700
vt 0.20977700 0.00855800
vt 0.20977700 0.00427900
vt 0.20896100 0.00855800
vt 0.20896100 0.00427900
vt 0.21140900 0.00427900
vt 0.21059300 0.00855800
vt 0.21059300 0.00427900
vt 0.21296200 0.01711700
vt 0.21296200 0.00855800
vt 0.21451500 0.04996500
vt 0.21127600 0.05100100
vt 0.20809600 0.05135100
vt 0.20493700 0.05098400
vt 0.20177700 0.04996500
vt 0.21140900 0.04279200
vt 0.21296200 0.03423400
vt 0.21296200 0.04279200
vt 0.20814600 0.04279200
vt 0.20977700 0.03423400
vt 0.20977700 0.04279200
vt 0.20488900 0.04279200
vt 0.20651700 0.03423400
vt 0.20651700 0.04279200
vt 0.20333300 0.03423400
vt 0.20333300 0.04279200
vt 0.20177700 0.03852700
vt 0.20177700 0.02708900
vt 0.20177700 0.01565100
vt 0.21451500 0.01565100
vt 0.21451500 0.02708900
vt 0.21451500 0.03852700
vt 0.20031200 0.72548400
vt 0.17295100 0.67973300
vt 0.18663100 0.67973300
vt 0.18663100 0.72548400
vt 0.20031200 0.67973300
vt 0.20031200 0.69117000
vt 0.20031200 0.70260800
vt 0.20031200 0.71404600
vt 0.17295100 0.72548400
vt 0.17295100 0.71404600
vt 0.17295100 0.70260800
vt 0.17295100 0.69117000
vt 0.17606400 0.01711700
vt 0.17606400 0.03423400
vt 0.17932000 0.01711700
vt 0.17932000 0.03423400
vt 0.18258300 0.01711700
vt 0.18258300 0.03423400
vt 0.17295100 0.00421400
vt 0.17622200 0.00105300
vt 0.17778200 0.00026300
vt 0.17931900 0.00000000
vt 0.18085600 0.00026200
vt 0.18241600 0.00105200
vt 0.18569000 0.00421400
vt 0.17932000 0.00855800
vt 0.17769200 0.01711700
vt 0.17606400 0.00855800
vt 0.17769200 0.00855800
vt 0.17769200 0.00427900
vt 0.17687800 0.00855800
vt 0.17606400 0.00427900
vt 0.17687800 0.00427900
vt 0.17450800 0.01711700
vt 0.17450800 0.00855800
vt 0.17932000 0.00427900
vt 0.17850600 0.00855800
vt 0.17850600 0.00427900
vt 0.18258300 0.00855800
vt 0.18095200 0.01711700
vt 0.18095200 0.00855800
vt 0.18095200 0.00427900
vt 0.18013600 0.00855800
vt 0.18013600 0.00427900
vt 0.18258300 0.00427900
vt 0.18176800 0.00855800
vt 0.18176800 0.00427900
vt 0.18413600 0.01711700
vt 0.18413600 0.00855800
vt 0.18569000 0.04996500
vt 0.18245000 0.05100100
vt 0.17927100 0.05135100
vt 0.17611200 0.05098400
vt 0.17295100 0.04996500
vt 0.18258300 0.04279200
vt 0.18413600 0.03423400
vt 0.18413600 0.04279200
vt 0.17932000 0.04279200
vt 0.18095200 0.03423400
vt 0.18095200 0.04279200
vt 0.17606400 0.04279200
vt 0.17769200 0.03423400
vt 0.17769200 0.04279200
vt 0.17450800 0.03423400
vt 0.17450800 0.04279200
vt 0.17295100 0.03852700
vt 0.17295100 0.02708900
vt 0.17295100 0.01565100
vt 0.18569000 0.01565100
vt 0.18569000 0.02708900
vt 0.18569000 0.03852700
vt 0.08501100 0.35946500
vt 0.05765000 0.35946500
vt 0.07133100 0.35946500
vt 0.08501100 0.40521600
vt 0.07133100 0.40521600
vt 0.08501100 0.37090300
vt 0.08501100 0.38234100
vt 0.08501100 0.39377800
vt 0.05765000 0.40521600
vt 0.05765000 0.39377800
vt 0.05765000 0.38234100
vt 0.05765000 0.37090300
vt 0.16165100 0.19684900
vt 0.16165100 0.21396600
vt 0.16490800 0.19684900
vt 0.16490800 0.21396600
vt 0.16817100 0.19684900
vt 0.16817100 0.21396600
vt 0.15853900 0.18394600
vt 0.16180900 0.18078600
vt 0.16336900 0.17999600
vt 0.16490600 0.17973300
vt 0.16644400 0.17999500
vt 0.16800400 0.18078400
vt 0.17127700 0.18394600
vt 0.16490800 0.18829100
vt 0.16328000 0.19684900
vt 0.16165100 0.18829100
vt 0.16328000 0.18829100
vt 0.16328000 0.18401200
vt 0.16246600 0.18829100
vt 0.16165100 0.18401200
vt 0.16246600 0.18401200
vt 0.16009500 0.19684900
vt 0.16009500 0.18829100
vt 0.16490800 0.18401200
vt 0.16409400 0.18829100
vt 0.16409400 0.18401200
vt 0.16817100 0.18829100
vt 0.16653900 0.19684900
vt 0.16653900 0.18829100
vt 0.16653900 0.18401200
vt 0.16572400 0.18829100
vt 0.16572400 0.18401200
vt 0.16817100 0.18401200
vt 0.16735500 0.18829100
vt 0.16735500 0.18401200
vt 0.16972400 0.19684900
vt 0.16972400 0.18829100
vt 0.17127700 0.22969700
vt 0.16803800 0.23073400
vt 0.16485900 0.23108300
vt 0.16169900 0.23071600
vt 0.15853900 0.22969700
vt 0.16817100 0.22252500
vt 0.16972400 0.21396600
vt 0.16972400 0.22252500
vt 0.16490800 0.22252500
vt 0.16653900 0.21396600
vt 0.16653900 0.22252500
vt 0.16165100 0.22252500
vt 0.16328000 0.21396600
vt 0.16328000 0.22252500
vt 0.16009500 0.21396600
vt 0.16009500 0.22252500
vt 0.15853900 0.21826000
vt 0.15853900 0.20682200
vt 0.15853900 0.19538400
vt 0.17127700 0.19538400
vt 0.17127700 0.20682200
vt 0.17127700 0.21826000
vt 0.05618600 0.51959900
vt 0.02882500 0.51959900
vt 0.04250500 0.51959900
vt 0.05618600 0.56535000
vt 0.04250500 0.56535000
vt 0.05618600 0.53103700
vt 0.05618600 0.54247400
vt 0.05618600 0.55391200
vt 0.02882500 0.56535000
vt 0.02882500 0.55391200
vt 0.02882500 0.54247400
vt 0.02882500 0.53103700
vt 0.26385900 0.55188300
vt 0.24723000 0.55188300
vt 0.26385900 0.55513900
vt 0.24723000 0.55513900
vt 0.26385900 0.55840200
vt 0.24723000 0.55840200
vt 0.27639400 0.54877000
vt 0.27946400 0.55204100
vt 0.28023200 0.55360100
vt 0.28048800 0.55513800
vt 0.28023300 0.55667500
vt 0.27946600 0.55823500
vt 0.27639400 0.56150900
vt 0.27217300 0.55513900
vt 0.26385900 0.55351100
vt 0.27217300 0.55188300
vt 0.27217300 0.55351100
vt 0.27633000 0.55351100
vt 0.27217300 0.55269700
vt 0.27633000 0.55188300
vt 0.27633000 0.55269700
vt 0.26385900 0.55032700
vt 0.27217300 0.55032700
vt 0.27633000 0.55513900
vt 0.27217300 0.55432500
vt 0.27633000 0.55432500
vt 0.27217300 0.55840200
vt 0.26385900 0.55677100
vt 0.27217300 0.55677100
vt 0.27633000 0.55677100
vt 0.27217300 0.55595500
vt 0.27633000 0.55595500
vt 0.27633000 0.55840200
vt 0.27217300 0.55758700
vt 0.27633000 0.55758700
vt 0.26385900 0.55995500
vt 0.27217300 0.55995500
vt 0.23194800 0.56150900
vt 0.23094100 0.55826900
vt 0.23060200 0.55509000
vt 0.23095800 0.55193100
vt 0.23194800 0.54877000
vt 0.23891600 0.55840200
vt 0.24723000 0.55995500
vt 0.23891600 0.55995500
vt 0.23891600 0.55513900
vt 0.24723000 0.55677100
vt 0.23891600 0.55677100
vt 0.23891600 0.55188300
vt 0.24723000 0.55351100
vt 0.23891600 0.55351100
vt 0.24723000 0.55032700
vt 0.23891600 0.55032700
vt 0.24306000 0.54877000
vt 0.25417100 0.54877000
vt 0.26528300 0.54877000
vt 0.26528300 0.56150900
vt 0.25417100 0.56150900
vt 0.24306000 0.56150900
vt 0.00000000 0.56535000
vt 0.00000000 0.51959900
vt 0.01368000 0.51959900
vt 0.02736000 0.56535000
vt 0.01368000 0.56535000
vt 0.02736000 0.51959900
vt 0.02736000 0.53103700
vt 0.02736000 0.54247400
vt 0.02736000 0.55391200
vt 0.00000000 0.55391200
vt 0.00000000 0.54247400
vt 0.00000000 0.53103700
vt 0.21930200 0.01711700
vt 0.21930200 0.03423400
vt 0.22255800 0.01711700
vt 0.22255800 0.03423400
vt 0.22582100 0.01711700
vt 0.22582100 0.03423400
vt 0.21618900 0.00421400
vt 0.21946000 0.00105300
vt 0.22102000 0.00026300
vt 0.22255700 0.00000000
vt 0.22409400 0.00026200
vt 0.22565400 0.00105200
vt 0.22892700 0.00421400
vt 0.22255800 0.00855800
vt 0.22093000 0.01711700
vt 0.21930200 0.00855800
vt 0.22093000 0.00855800
vt 0.22093000 0.00427900
vt 0.22011600 0.00855800
vt 0.21930200 0.00427900
vt 0.22011600 0.00427900
vt 0.21774600 0.01711700
vt 0.21774600 0.00855800
vt 0.22255800 0.00427900
vt 0.22174400 0.00855800
vt 0.22174400 0.00427900
vt 0.22582100 0.00855800
vt 0.22419000 0.01711700
vt 0.22419000 0.00855800
vt 0.22419000 0.00427900
vt 0.22337400 0.00855800
vt 0.22337400 0.00427900
vt 0.22582100 0.00427900
vt 0.22500500 0.00855800
vt 0.22500500 0.00427900
vt 0.22737400 0.01711700
vt 0.22737400 0.00855800
vt 0.22892700 0.04996500
vt 0.22568800 0.05100100
vt 0.22250900 0.05135100
vt 0.21935000 0.05098400
vt 0.21618900 0.04996500
vt 0.22582100 0.04279200
vt 0.22737400 0.03423400
vt 0.22737400 0.04279200
vt 0.22255800 0.04279200
vt 0.22419000 0.03423400
vt 0.22419000 0.04279200
vt 0.21930200 0.04279200
vt 0.22093000 0.03423400
vt 0.22093000 0.04279200
vt 0.21774600 0.03423400
vt 0.21774600 0.04279200
vt 0.21618900 0.03852700
vt 0.21618900 0.02708900
vt 0.21618900 0.01565100
vt 0.22892700 0.01565100
vt 0.22892700 0.02708900
vt 0.22892700 0.03852700
vt 0.20031200 0.40521600
vt 0.17295100 0.35946500
vt 0.18663100 0.35946500
vt 0.18663100 0.40521600
vt 0.20031200 0.35946500
vt 0.20031200 0.37090300
vt 0.20031200 0.38234100
vt 0.20031200 0.39377800
vt 0.17295100 0.40521600
vt 0.17295100 0.39377800
vt 0.17295100 0.38234100
vt 0.17295100 0.37090300
vt 0.03193800 0.01710100
vt 0.03193800 0.03420200
vt 0.03519400 0.01710100
vt 0.03519400 0.03420200
vt 0.03845700 0.01710100
vt 0.03845700 0.03420200
vt 0.02882500 0.00421400
vt 0.03209600 0.00105300
vt 0.03365600 0.00026300
vt 0.03519300 0.00000000
vt 0.03673000 0.00026200
vt 0.03829000 0.00105200
vt 0.03519400 0.00855100
vt 0.03356600 0.01710100
vt 0.03193800 0.00855100
vt 0.03356600 0.00855100
vt 0.03356600 0.00427500
vt 0.03275200 0.00855100
vt 0.03193800 0.00427500
vt 0.03275200 0.00427500
vt 0.03038200 0.01710100
vt 0.03038200 0.00855100
vt 0.03519400 0.00427500
vt 0.03438000 0.00855100
vt 0.03438000 0.00427500
vt 0.03845700 0.00855100
vt 0.03682600 0.01710100
vt 0.03682600 0.00855100
vt 0.03682600 0.00427500
vt 0.03601000 0.00855100
vt 0.03601000 0.00427500
vt 0.03845700 0.00427500
vt 0.03764200 0.00855100
vt 0.03764200 0.00427500
vt 0.04001000 0.01710100
vt 0.04001000 0.00855100
vt 0.04156400 0.04996500
vt 0.03831900 0.05097600
vt 0.03514500 0.05130400
vt 0.03199100 0.05095900
vt 0.02882500 0.04996500
vt 0.03845700 0.04275300
vt 0.04001000 0.03420200
vt 0.04001000 0.04275300
vt 0.03519400 0.04275300
vt 0.03682600 0.03420200
vt 0.03682600 0.04275300
vt 0.03193800 0.04275300
vt 0.03356600 0.03420200
vt 0.03356600 0.04275300
vt 0.03038200 0.03420200
vt 0.03038200 0.04275300
vt 0.02882500 0.03852700
vt 0.02882500 0.02708900
vt 0.02882500 0.01565100
vt 0.04156400 0.00421400
vt 0.04156400 0.01565100
vt 0.04156400 0.02708900
vt 0.04156400 0.03852700
vt 0.02736000 0.40521600
vt 0.00000000 0.35946500
vt 0.01368000 0.35946500
vt 0.01368000 0.40521600
vt 0.02736000 0.35946500
vt 0.02736000 0.37090300
vt 0.02736000 0.38234100
vt 0.02736000 0.39377800
vt 0.00000000 0.40521600
vt 0.00000000 0.39377800
vt 0.00000000 0.38234100
vt 0.00000000 0.37090300
vt 0.14723900 0.19684900
vt 0.14723900 0.21396600
vt 0.15049500 0.19684900
vt 0.15049500 0.21396600
vt 0.15375800 0.19684900
vt 0.15375800 0.21396600
vt 0.14412600 0.18394600
vt 0.14739700 0.18078600
vt 0.14895700 0.17999600
vt 0.15049400 0.17973300
vt 0.15203100 0.17999500
vt 0.15359100 0.18078400
vt 0.15049500 0.18829100
vt 0.14886700 0.19684900
vt 0.14723900 0.18829100
vt 0.14886700 0.18829100
vt 0.14886700 0.18401200
vt 0.14805300 0.18829100
vt 0.14723900 0.18401200
vt 0.14805300 0.18401200
vt 0.14568200 0.19684900
vt 0.14568200 0.18829100
vt 0.15049500 0.18401200
vt 0.14968100 0.18829100
vt 0.14968100 0.18401200
vt 0.15375800 0.18829100
vt 0.15212700 0.19684900
vt 0.15212700 0.18829100
vt 0.15212700 0.18401200
vt 0.15131100 0.18829100
vt 0.15131100 0.18401200
vt 0.15375800 0.18401200
vt 0.15294200 0.18829100
vt 0.15294200 0.18401200
vt 0.15531100 0.19684900
vt 0.15531100 0.18829100
vt 0.15686400 0.22969700
vt 0.15362500 0.23073400
vt 0.15044600 0.23108300
vt 0.14728600 0.23071600
vt 0.14412600 0.22969700
vt 0.15375800 0.22252500
vt 0.15531100 0.21396600
vt 0.15531100 0.22252500
vt 0.15049500 0.22252500
vt 0.15212700 0.21396600
vt 0.15212700 0.22252500
vt 0.14723900 0.22252500
vt 0.14886700 0.21396600
vt 0.14886700 0.22252500
vt 0.14568200 0.21396600
vt 0.14568200 0.22252500
vt 0.14412600 0.21826000
vt 0.14412600 0.20682200
vt 0.14412600 0.19538400
vt 0.15686400 0.18394600
vt 0.15686400 0.19538400
vt 0.15686400 0.20682200
vt 0.15686400 0.21826000
vt 0.17148600 0.67973300
vt 0.14412600 0.67973300
vt 0.15780600 0.67973300
vt 0.17148600 0.72548400
vt 0.15780600 0.72548400
vt 0.17148600 0.69117000
vt 0.17148600 0.70260800
vt 0.17148600 0.71404600
vt 0.14412600 0.72548400
vt 0.14412600 0.71404600
vt 0.14412600 0.70260800
vt 0.14412600 0.69117000
vt 0.19047700 0.01711700
vt 0.19047700 0.03423400
vt 0.19373300 0.01711700
vt 0.19373300 0.03423400
vt 0.19699600 0.01711700
vt 0.19699600 0.03423400
vt 0.18736400 0.00421400
vt 0.19063500 0.00105300
vt 0.19219400 0.00026300
vt 0.19373200 0.00000000
vt 0.19526900 0.00026200
vt 0.19682900 0.00105200
vt 0.20010200 0.00421400
vt 0.19373300 0.00855800
vt 0.19210500 0.01711700
vt 0.19047700 0.00855800
vt 0.19210500 0.00855800
vt 0.19210500 0.00427900
vt 0.19129100 0.00855800
vt 0.19047700 0.00427900
vt 0.19129100 0.00427900
vt 0.18892000 0.01711700
vt 0.18892000 0.00855800
vt 0.19373300 0.00427900
vt 0.19291900 0.00855800
vt 0.19291900 0.00427900
vt 0.19699600 0.00855800
vt 0.19536500 0.01711700
vt 0.19536500 0.00855800
vt 0.19536500 0.00427900
vt 0.19454900 0.00855800
vt 0.19454900 0.00427900
vt 0.19699600 0.00427900
vt 0.19618000 0.00855800
vt 0.19618000 0.00427900
vt 0.19854900 0.01711700
vt 0.19854900 0.00855800
vt 0.20010200 0.04996500
vt 0.19686300 0.05100100
vt 0.19368400 0.05135100
vt 0.19052400 0.05098400
vt 0.18736400 0.04996500
vt 0.19699600 0.04279200
vt 0.19854900 0.03423400
vt 0.19854900 0.04279200
vt 0.19373300 0.04279200
vt 0.19536500 0.03423400
vt 0.19536500 0.04279200
vt 0.19047700 0.04279200
vt 0.19210500 0.03423400
vt 0.19210500 0.04279200
vt 0.18892000 0.03423400
vt 0.18892000 0.04279200
vt 0.18736400 0.03852700
vt 0.18736400 0.02708900
vt 0.18736400 0.01565100
vt 0.20010200 0.01565100
vt 0.20010200 0.02708900
vt 0.20010200 0.03852700
vt 0.32318000 0.09754000
vt 0.32318000 0.12636600
vt 0.36893100 0.09754000
vt 0.36893100 0.11195300
vt 0.32318000 0.11195300
vt 0.36893100 0.12636600
vt 0.35749300 0.12636600
vt 0.34605500 0.12636600
vt 0.33461800 0.12636600
vt 0.33461800 0.09754000
vt 0.34605500 0.09754000
vt 0.35749300 0.09754000
vt 0.26385900 0.89030500
vt 0.24723000 0.89030500
vt 0.26385900 0.89356200
vt 0.24723000 0.89356200
vt 0.26385900 0.89682500
vt 0.24723000 0.89682500
vt 0.27639400 0.88719300
vt 0.27946400 0.89046300
vt 0.28023200 0.89202300
vt 0.28048800 0.89356000
vt 0.28023300 0.89509700
vt 0.27946600 0.89665800
vt 0.27639400 0.89993100
vt 0.27217300 0.89356200
vt 0.26385900 0.89193400
vt 0.27217300 0.89030500
vt 0.27217300 0.89193400
vt 0.27633000 0.89193400
vt 0.27217300 0.89111900
vt 0.27633000 0.89030500
vt 0.27633000 0.89111900
vt 0.26385900 0.88874900
vt 0.27217300 0.88874900
vt 0.27633000 0.89356200
vt 0.27217300 0.89274800
vt 0.27633000 0.89274800
vt 0.27217300 0.89682500
vt 0.26385900 0.89519300
vt 0.27217300 0.89519300
vt 0.27633000 0.89519300
vt 0.27217300 0.89437700
vt 0.27633000 0.89437700
vt 0.27633000 0.89682500
vt 0.27217300 0.89600900
vt 0.27633000 0.89600900
vt 0.26385900 0.89837800
vt 0.27217300 0.89837800
vt 0.23194800 0.89993100
vt 0.23094100 0.89669200
vt 0.23060200 0.89351200
vt 0.23095800 0.89035300
vt 0.23194800 0.88719300
vt 0.23891600 0.89682500
vt 0.24723000 0.89837800
vt 0.23891600 0.89837800
vt 0.23891600 0.89356200
vt 0.24723000 0.89519300
vt 0.23891600 0.89519300
vt 0.23891600 0.89030500
vt 0.24723000 0.89193400
vt 0.23891600 0.89193400
vt 0.24723000 0.88874900
vt 0.23891600 0.88874900
vt 0.24306000 0.88719300
vt 0.25417100 0.88719300
vt 0.26528300 0.88719300
vt 0.26528300 0.89993100
vt 0.25417100 0.89993100
vt 0.24306000 0.89993100
vt 0.08647600 0.56535000
vt 0.11383600 0.51959900
vt 0.08647600 0.51959900
vt 0.10015600 0.51959900
vt 0.11383600 0.56535000
vt 0.10015600 0.56535000
vt 0.11383600 0.53103700
vt 0.11383600 0.54247400
vt 0.11383600 0.55391200
vt 0.08647600 0.55391200
vt 0.08647600 0.54247400
vt 0.08647600 0.53103700
vt 0.14723900 0.01711700
vt 0.14723900 0.03423400
vt 0.15049500 0.01711700
vt 0.15049500 0.03423400
vt 0.15375800 0.01711700
vt 0.15375800 0.03423400
vt 0.14412600 0.00421400
vt 0.14739700 0.00105300
vt 0.14895700 0.00026300
vt 0.15049400 0.00000000
vt 0.15203100 0.00026200
vt 0.15359100 0.00105200
vt 0.15686400 0.00421400
vt 0.15049500 0.00855800
vt 0.14886700 0.01711700
vt 0.14723900 0.00855800
vt 0.14886700 0.00855800
vt 0.14886700 0.00427900
vt 0.14805300 0.00855800
vt 0.14723900 0.00427900
vt 0.14805300 0.00427900
vt 0.14568200 0.01711700
vt 0.14568200 0.00855800
vt 0.15049500 0.00427900
vt 0.14968100 0.00855800
vt 0.14968100 0.00427900
vt 0.15375800 0.00855800
vt 0.15212700 0.01711700
vt 0.15212700 0.00855800
vt 0.15212700 0.00427900
vt 0.15131100 0.00855800
vt 0.15131100 0.00427900
vt 0.15375800 0.00427900
vt 0.15294200 0.00855800
vt 0.15294200 0.00427900
vt 0.15531100 0.01711700
vt 0.15531100 0.00855800
vt 0.15686400 0.04996500
vt 0.15362500 0.05100100
vt 0.15044600 0.05135100
vt 0.14728600 0.05098400
vt 0.14412600 0.04996500
vt 0.15375800 0.04279200
vt 0.15531100 0.03423400
vt 0.15531100 0.04279200
vt 0.15049500 0.04279200
vt 0.15212700 0.03423400
vt 0.15212700 0.04279200
vt 0.14723900 0.04279200
vt 0.14886700 0.03423400
vt 0.14886700 0.04279200
vt 0.14568200 0.03423400
vt 0.14568200 0.04279200
vt 0.14412600 0.03852700
vt 0.14412600 0.02708900
vt 0.14412600 0.01565100
vt 0.15686400 0.01565100
vt 0.15686400 0.02708900
vt 0.15686400 0.03852700
vt 0.36162500 0.00000000
vt 0.33280000 0.00000000
vt 0.34721300 0.00000000
vt 0.36162500 0.04575100
vt 0.34721300 0.04575100
vt 0.36162500 0.01143800
vt 0.36162500 0.02287600
vt 0.36162500 0.03431300
vt 0.33280000 0.04575100
vt 0.33280000 0.03431300
vt 0.33280000 0.02287600
vt 0.33280000 0.01143800
vt 0.06076300 0.19684900
vt 0.06076300 0.21396600
vt 0.06402000 0.19684900
vt 0.06402000 0.21396600
vt 0.06728200 0.19684900
vt 0.06728200 0.21396600
vt 0.05765000 0.18394600
vt 0.06092100 0.18078600
vt 0.06248100 0.17999600
vt 0.06401800 0.17973200
vt 0.06555500 0.17999500
vt 0.06711600 0.18078400
vt 0.07038900 0.18394600
vt 0.06402000 0.18829100
vt 0.06239100 0.19684900
vt 0.06076300 0.18829100
vt 0.06239100 0.18829100
vt 0.06239100 0.18401200
vt 0.06157700 0.18829100
vt 0.06076300 0.18401200
vt 0.06157700 0.18401200
vt 0.05920700 0.19684900
vt 0.05920700 0.18829100
vt 0.06402000 0.18401200
vt 0.06320500 0.18829100
vt 0.06320500 0.18401200
vt 0.06728200 0.18829100
vt 0.06565100 0.19684900
vt 0.06565100 0.18829100
vt 0.06565100 0.18401200
vt 0.06483500 0.18829100
vt 0.06483500 0.18401200
vt 0.06728200 0.18401200
vt 0.06646700 0.18829100
vt 0.06646700 0.18401200
vt 0.06883600 0.19684900
vt 0.06883600 0.18829100
vt 0.07038900 0.22969700
vt 0.06715000 0.23073400
vt 0.06397000 0.23108300
vt 0.06081100 0.23071600
vt 0.05765000 0.22969700
vt 0.06728200 0.22252500
vt 0.06883600 0.21396600
vt 0.06883600 0.22252500
vt 0.06402000 0.22252500
vt 0.06565100 0.21396600
vt 0.06565100 0.22252500
vt 0.06076300 0.22252500
vt 0.06239100 0.21396600
vt 0.06239100 0.22252500
vt 0.05920700 0.21396600
vt 0.05920700 0.22252500
vt 0.05765000 0.21826000
vt 0.05765000 0.20682200
vt 0.05765000 0.19538400
vt 0.07038900 0.19538400
vt 0.07038900 0.20682200
vt 0.07038900 0.21826000
vt 0.14412600 0.88561700
vt 0.17148600 0.83986600
vt 0.14412600 0.83986600
vt 0.15780600 0.83986600
vt 0.17148600 0.88561700
vt 0.15780600 0.88561700
vt 0.17148600 0.85130400
vt 0.17148600 0.86274200
vt 0.17148600 0.87418000
vt 0.14412600 0.87418000
vt 0.14412600 0.86274200
vt 0.14412600 0.85130400
vt 0.11841400 0.01711700
vt 0.11841400 0.03423400
vt 0.12167000 0.01711700
vt 0.12167000 0.03423400
vt 0.12493300 0.01711700
vt 0.12493300 0.03423400
vt 0.11530100 0.00421400
vt 0.11857200 0.00105300
vt 0.12013100 0.00026300
vt 0.12166900 0.00000000
vt 0.12320600 0.00026200
vt 0.12476600 0.00105200
vt 0.12803900 0.00421400
vt 0.12167000 0.00855800
vt 0.12004200 0.01711700
vt 0.11841400 0.00855800
vt 0.12004200 0.00855800
vt 0.12004200 0.00427900
vt 0.11922800 0.00855800
vt 0.11841400 0.00427900
vt 0.11922800 0.00427900
vt 0.11685700 0.01711700
vt 0.11685700 0.00855800
vt 0.12167000 0.00427900
vt 0.12085600 0.00855800
vt 0.12085600 0.00427900
vt 0.12493300 0.00855800
vt 0.12330100 0.01711700
vt 0.12330100 0.00855800
vt 0.12330100 0.00427900
vt 0.12248600 0.00855800
vt 0.12248600 0.00427900
vt 0.12493300 0.00427900
vt 0.12411700 0.00855800
vt 0.12411700 0.00427900
vt 0.12648600 0.01711700
vt 0.12648600 0.00855800
vt 0.12803900 0.04996500
vt 0.12480000 0.05100100
vt 0.12162100 0.05135100
vt 0.11846100 0.05098400
vt 0.11530100 0.04996500
vt 0.12493300 0.04279200
vt 0.12648600 0.03423400
vt 0.12648600 0.04279200
vt 0.12167000 0.04279200
vt 0.12330100 0.03423400
vt 0.12330100 0.04279200
vt 0.11841400 0.04279200
vt 0.12004200 0.03423400
vt 0.12004200 0.04279200
vt 0.11685700 0.03423400
vt 0.11685700 0.04279200
vt 0.11530100 0.03852700
vt 0.11530100 0.02708900
vt 0.11530100 0.01565100
vt 0.12803900 0.01565100
vt 0.12803900 0.02708900
vt 0.12803900 0.03852700
vt 0.05618600 0.67973300
vt 0.02882500 0.67973300
vt 0.04250500 0.67973300
vt 0.05618600 0.72548400
vt 0.04250500 0.72548400
vt 0.05618600 0.69117000
vt 0.05618600 0.70260800
vt 0.05618600 0.71404600
vt 0.02882500 0.72548400
vt 0.02882500 0.71404600
vt 0.02882500 0.70260800
vt 0.02882500 0.69117000
vt 0.26385900 0.10065300
vt 0.24723000 0.10065300
vt 0.26385900 0.10391000
vt 0.24723000 0.10391000
vt 0.26385900 0.10717200
vt 0.24723000 0.10717200
vt 0.27639400 0.09754000
vt 0.27946400 0.10081100
vt 0.28023200 0.10237100
vt 0.28048800 0.10390800
vt 0.28023300 0.10544500
vt 0.27946600 0.10700600
vt 0.27639400 0.11027900
vt 0.27217300 0.10391000
vt 0.26385900 0.10228100
vt 0.27217300 0.10065300
vt 0.27217300 0.10228100
vt 0.27633000 0.10228100
vt 0.27217300 0.10146700
vt 0.27633000 0.10065300
vt 0.27633000 0.10146700
vt 0.26385900 0.09909700
vt 0.27217300 0.09909700
vt 0.27633000 0.10391000
vt 0.27217300 0.10309500
vt 0.27633000 0.10309500
vt 0.27217300 0.10717200
vt 0.26385900 0.10554100
vt 0.27217300 0.10554100
vt 0.27633000 0.10554100
vt 0.27217300 0.10472500
vt 0.27633000 0.10472500
vt 0.27633000 0.10717200
vt 0.27217300 0.10635700
vt 0.27633000 0.10635700
vt 0.26385900 0.10872600
vt 0.27217300 0.10872600
vt 0.23194800 0.11027900
vt 0.23094100 0.10704000
vt 0.23060200 0.10386000
vt 0.23095800 0.10070100
vt 0.23194800 0.09754000
vt 0.23891600 0.10717200
vt 0.24723000 0.10872600
vt 0.23891600 0.10872600
vt 0.23891600 0.10391000
vt 0.24723000 0.10554100
vt 0.23891600 0.10554100
vt 0.23891600 0.10065300
vt 0.24723000 0.10228100
vt 0.23891600 0.10228100
vt 0.24723000 0.09909700
vt 0.23891600 0.09909700
vt 0.24306000 0.09754000
vt 0.25417100 0.09754000
vt 0.26528300 0.09754000
vt 0.26528300 0.11027900
vt 0.25417100 0.11027900
vt 0.24306000 0.11027900
vt 0.02736000 0.88561700
vt 0.00000000 0.83986600
vt 0.01368000 0.83986600
vt 0.01368000 0.88561700
vt 0.02736000 0.83986600
vt 0.02736000 0.85130400
vt 0.02736000 0.86274200
vt 0.02736000 0.87418000
vt 0.00000000 0.88561700
vt 0.00000000 0.87418000
vt 0.00000000 0.86274200
vt 0.00000000 0.85130400
vt 0.26385900 0.21346100
vt 0.24723000 0.21346100
vt 0.26385900 0.21671700
vt 0.24723000 0.21671700
vt 0.26385900 0.21998000
vt 0.24723000 0.21998000
vt 0.27639400 0.21034800
vt 0.27946400 0.21361900
vt 0.28023200 0.21517800
vt 0.28048800 0.21671500
vt 0.28023300 0.21825300
vt 0.27946600 0.21981300
vt 0.27639400 0.22308600
vt 0.27217300 0.21671700
vt 0.26385900 0.21508900
vt 0.27217300 0.21346100
vt 0.27217300 0.21508900
vt 0.27633000 0.21508900
vt 0.27217300 0.21427500
vt 0.27633000 0.21346100
vt 0.27633000 0.21427500
vt 0.26385900 0.21190400
vt 0.27217300 0.21190400
vt 0.27633000 0.21671700
vt 0.27217300 0.21590300
vt 0.27633000 0.21590300
vt 0.27217300 0.21998000
vt 0.26385900 0.21834800
vt 0.27217300 0.21834800
vt 0.27633000 0.21834800
vt 0.27217300 0.21753300
vt 0.27633000 0.21753300
vt 0.27633000 0.21998000
vt 0.27217300 0.21916400
vt 0.27633000 0.21916400
vt 0.26385900 0.22153300
vt 0.27217300 0.22153300
vt 0.23194800 0.22308600
vt 0.23094100 0.21984700
vt 0.23060200 0.21666800
vt 0.23095800 0.21350800
vt 0.23194800 0.21034800
vt 0.23891600 0.21998000
vt 0.24723000 0.22153300
vt 0.23891600 0.22153300
vt 0.23891600 0.21671700
vt 0.24723000 0.21834800
vt 0.23891600 0.21834800
vt 0.23891600 0.21346100
vt 0.24723000 0.21508900
vt 0.23891600 0.21508900
vt 0.24723000 0.21190400
vt 0.23891600 0.21190400
vt 0.24306000 0.21034800
vt 0.25417100 0.21034800
vt 0.26528300 0.21034800
vt 0.26528300 0.22308600
vt 0.25417100 0.22308600
vt 0.24306000 0.22308600
vt 0.02882500 0.40521600
vt 0.02882500 0.35946500
vt 0.04250500 0.35946500
vt 0.02882500 0.39377800
vt 0.02882500 0.38234100
vt 0.02882500 0.37090300
vt 0.05618600 0.40521600
vt 0.04250500 0.40521600
vt 0.05618600 0.35946500
vt 0.05618600 0.37090300
vt 0.05618600 0.38234100
vt 0.05618600 0.39377800
vt 0.86227400 0.24407400
vt 0.86155500 0.26277100
vt 0.85940200 0.28135900
vt 0.85582900 0.29972800
vt 0.85085600 0.31777000
vt 0.84451300 0.33538000
vt 0.83683600 0.35245400
vt 0.82787000 0.36889200
vt 0.81766900 0.38459700
vt 0.80629200 0.39947800
vt 0.79380500 0.41344700
vt 0.78028300 0.42642200
vt 0.76580400 0.43832700
vt 0.75045400 0.44909100
vt 0.73432200 0.45865300
vt 0.71750400 0.46695600
vt 0.70009700 0.47395000
vt 0.68220400 0.47959600
vt 0.66393100 0.48385900
vt 0.64538300 0.48671500
vt 0.62667100 0.48814800
vt 0.60790400 0.48814800
vt 0.58919200 0.48671500
vt 0.57064400 0.48385900
vt 0.55237100 0.47959600
vt 0.53447800 0.47395000
vt 0.51707100 0.46695600
vt 0.50025300 0.45865300
vt 0.48412100 0.44909100
vt 0.46877100 0.43832700
vt 0.45429200 0.42642200
vt 0.44077000 0.41344700
vt 0.42828400 0.39947800
vt 0.41690600 0.38459700
vt 0.40670500 0.36889200
vt 0.39774000 0.35245400
vt 0.39006200 0.33538000
vt 0.38371900 0.31777000
vt 0.37874600 0.29972800
vt 0.37517300 0.28135900
vt 0.37302000 0.26277100
vt 0.37230200 0.24407400
vt 0.37302000 0.22537600
vt 0.37517300 0.20678900
vt 0.37874600 0.18842000
vt 0.38371900 0.17037800
vt 0.39006200 0.15276800
vt 0.39774000 0.13569400
vt 0.40670500 0.11925600
vt 0.41690600 0.10355000
vt 0.42828400 0.08867000
vt 0.44077000 0.07470100
vt 0.45429200 0.06172600
vt 0.46877100 0.04982100
vt 0.48412100 0.03905600
vt 0.50025300 0.02949500
vt 0.51707100 0.02119200
vt 0.53447800 0.01419700
vt 0.55237100 0.00855200
vt 0.57064400 0.00428900
vt 0.58919200 0.00143200
vt 0.60790400 0.00000000
vt 0.62667100 0.00000000
vt 0.64538300 0.00143200
vt 0.66393100 0.00428900
vt 0.68220400 0.00855200
vt 0.70009700 0.01419700
vt 0.71750400 0.02119200
vt 0.73432200 0.02949500
vt 0.75045400 0.03905600
vt 0.76580400 0.04982100
vt 0.78028300 0.06172600
vt 0.79380500 0.07470100
vt 0.80629200 0.08867000
vt 0.81766900 0.10355000
vt 0.82787000 0.11925600
vt 0.83683600 0.13569400
vt 0.84451300 0.15276800
vt 0.85085600 0.17037800
vt 0.85582900 0.18842000
vt 0.85940200 0.20678900
vt 0.86155500 0.22537600
vt 0.84798300 0.24407400
vt 0.84514200 0.20809300
vt 0.83669200 0.17299800
vt 0.82283800 0.13965400
vt 0.80392400 0.10888000
vt 0.78041400 0.08143600
vt 0.75288700 0.05799600
vt 0.72202100 0.03913800
vt 0.68857600 0.02532600
vt 0.65337600 0.01690100
vt 0.61728800 0.01406900
vt 0.58119900 0.01690100
vt 0.54599900 0.02532600
vt 0.51255400 0.03913800
vt 0.48168800 0.05799600
vt 0.45416100 0.08143600
vt 0.43065100 0.10888000
vt 0.41173700 0.13965400
vt 0.39788300 0.17299800
vt 0.38943300 0.20809300
vt 0.38659200 0.24407400
vt 0.38943300 0.28005500
vt 0.39788300 0.31514900
vt 0.41173700 0.34849400
vt 0.43065100 0.37926700
vt 0.45416100 0.40671200
vt 0.48168800 0.43015200
vt 0.51255400 0.44901000
vt 0.54599900 0.46282200
vt 0.58119900 0.47124700
vt 0.61728800 0.47407900
vt 0.65337600 0.47124700
vt 0.68857600 0.46282200
vt 0.72202100 0.44901000
vt 0.75288700 0.43015200
vt 0.78041400 0.40671200
vt 0.80392400 0.37926700
vt 0.82283800 0.34849400
vt 0.83669200 0.31514900
vt 0.84514200 0.28005500
vt 0.88122400 0.74407400
vt 0.88051300 0.76309000
vt 0.87838200 0.78199900
vt 0.87484400 0.80069700
vt 0.86991900 0.81907800
vt 0.86363400 0.83703900
vt 0.85602500 0.85448000
vt 0.84713300 0.87130500
vt 0.83700900 0.88741700
vt 0.82570900 0.90272800
vt 0.81329600 0.91715100
vt 0.79984100 0.93060700
vt 0.78541700 0.94302000
vt 0.77010600 0.95432000
vt 0.75399400 0.96444400
vt 0.73717000 0.97333600
vt 0.71972800 0.98094500
vt 0.70176700 0.98723000
vt 0.68338600 0.99215500
vt 0.66468800 0.99569300
vt 0.64577900 0.99782400
vt 0.62676300 0.99853500
vt 0.60774700 0.99782400
vt 0.58883700 0.99569300
vt 0.57014000 0.99215500
vt 0.55175900 0.98723000
vt 0.53379800 0.98094500
vt 0.51635600 0.97333600
vt 0.49953200 0.96444400
vt 0.48342000 0.95432000
vt 0.46810900 0.94302000
vt 0.45368500 0.93060700
vt 0.44023000 0.91715100
vt 0.42781700 0.90272800
vt 0.41651700 0.88741700
vt 0.40639300 0.87130500
vt 0.39750100 0.85448000
vt 0.38989200 0.83703900
vt 0.38360700 0.81907800
vt 0.37868100 0.80069700
vt 0.37514400 0.78199900
vt 0.37301300 0.76309000
vt 0.37230200 0.74407400
vt 0.37301300 0.72505800
vt 0.37514400 0.70614800
vt 0.37868100 0.68745100
vt 0.38360700 0.66907000
vt 0.38989200 0.65110900
vt 0.39750100 0.63366700
vt 0.40639300 0.61684300
vt 0.41651700 0.60073100
vt 0.42781700 0.58542000
vt 0.44023000 0.57099600
vt 0.45368500 0.55754000
vt 0.46810900 0.54512800
vt 0.48342000 0.53382800
vt 0.49953200 0.52370400
vt 0.51635600 0.51481200
vt 0.53379800 0.50720200
vt 0.55175900 0.50091700
vt 0.57014000 0.49599200
vt 0.58883700 0.49245500
vt 0.60774700 0.49032400
vt 0.62676300 0.48961200
vt 0.64577900 0.49032400
vt 0.66468800 0.49245500
vt 0.68338600 0.49599200
vt 0.70176700 0.50091700
vt 0.71972800 0.50720200
vt 0.73717000 0.51481200
vt 0.75399400 0.52370400
vt 0.77010600 0.53382800
vt 0.78541700 0.54512800
vt 0.79984100 0.55754000
vt 0.81329600 0.57099600
vt 0.82570900 0.58542000
vt 0.83700900 0.60073100
vt 0.84713300 0.61684300
vt 0.85602500 0.63366700
vt 0.86363400 0.65110900
vt 0.86991900 0.66907000
vt 0.87484400 0.68745100
vt 0.87838200 0.70614800
vt 0.88051300 0.72505800
vt 0.62676300 0.49198900
vt 0.62252800 0.49202500
vt 0.61829400 0.49213200
vt 0.61406300 0.49231000
vt 0.60983600 0.49255800
vt 0.60561300 0.49287800
vt 0.60139600 0.49326900
vt 0.59718600 0.49373100
vt 0.59298500 0.49426300
vt 0.58879300 0.49486500
vt 0.58461200 0.49553800
vt 0.58044300 0.49628200
vt 0.57628600 0.49709500
vt 0.57214400 0.49797800
vt 0.56801800 0.49893000
vt 0.56390800 0.49995100
vt 0.55981600 0.50104200
vt 0.55574300 0.50220100
vt 0.55168900 0.50342800
vt 0.54765700 0.50472300
vt 0.54364700 0.50608600
vt 0.53966100 0.50751500
vt 0.53570000 0.50901200
vt 0.53176300 0.51057500
vt 0.52785400 0.51220400
vt 0.52397300 0.51389800
vt 0.52012100 0.51565700
vt 0.51629900 0.51748100
vt 0.51250800 0.51936900
vt 0.50874900 0.52132000
vt 0.50502400 0.52333400
vt 0.50133200 0.52541000
vt 0.49767700 0.52754800
vt 0.49405800 0.52974700
vt 0.49047600 0.53200700
vt 0.48693200 0.53432600
vt 0.48342900 0.53670500
vt 0.47996500 0.53914200
vt 0.47654300 0.54163700
vt 0.47316400 0.54418900
vt 0.46982700 0.54679800
vt 0.46653600 0.54946200
vt 0.46328900 0.55218100
vt 0.46008800 0.55495500
vt 0.45693500 0.55778100
vt 0.45382900 0.56066000
vt 0.45077200 0.56359100
vt 0.44776500 0.56657300
vt 0.44480900 0.56960600
vt 0.44190300 0.57268700
vt 0.43905000 0.57581700
vt 0.43625000 0.57899400
vt 0.43350400 0.58221700
vt 0.43081200 0.58548700
vt 0.42817600 0.58880100
vt 0.42559500 0.59215900
vt 0.42307200 0.59556000
vt 0.42060500 0.59900300
vt 0.41819700 0.60248600
vt 0.41584800 0.60601000
vt 0.41355900 0.60957300
vt 0.41132900 0.61317300
vt 0.40916100 0.61681100
vt 0.40705300 0.62048500
vt 0.40500800 0.62419300
vt 0.40302600 0.62793500
vt 0.40110600 0.63171000
vt 0.39925000 0.63551700
vt 0.39745900 0.63935400
vt 0.39573200 0.64322100
vt 0.39407000 0.64711600
vt 0.39247400 0.65103900
vt 0.39094500 0.65498800
vt 0.38948100 0.65896200
vt 0.38808500 0.66296000
vt 0.38675600 0.66698100
vt 0.38549500 0.67102400
vt 0.38430200 0.67508800
vt 0.38317700 0.67917100
vt 0.38212100 0.68327200
vt 0.38113400 0.68739000
vt 0.38021700 0.69152400
vt 0.37936900 0.69567400
vt 0.37859000 0.69983600
vt 0.37788200 0.70401200
vt 0.37724400 0.70819800
vt 0.37667700 0.71239500
vt 0.37618000 0.71660100
vt 0.37575400 0.72081400
vt 0.37539900 0.72503400
vt 0.37511400 0.72926000
vt 0.37490100 0.73348900
vt 0.37475900 0.73772200
vt 0.37468700 0.74195600
vt 0.37468700 0.74619100
vt 0.37475900 0.75042600
vt 0.37490100 0.75465800
vt 0.37511400 0.75888800
vt 0.37539900 0.76311300
vt 0.37575400 0.76733300
vt 0.37618000 0.77154700
vt 0.37667700 0.77575200
vt 0.37724400 0.77994900
vt 0.37788200 0.78413600
vt 0.37859000 0.78831100
vt 0.37936900 0.79247400
vt 0.38021700 0.79662300
vt 0.38113400 0.80075800
vt 0.38212100 0.80487600
vt 0.38317700 0.80897700
vt 0.38430200 0.81306000
vt 0.38549500 0.81712300
vt 0.38675600 0.82116600
vt 0.38808500 0.82518700
vt 0.38948100 0.82918500
vt 0.39094500 0.83316000
vt 0.39247400 0.83710800
vt 0.39407000 0.84103100
vt 0.39573200 0.84492700
vt 0.39745900 0.84879300
vt 0.39925000 0.85263100
vt 0.40110600 0.85643800
vt 0.40302600 0.86021300
vt 0.40500800 0.86395500
vt 0.40705300 0.86766300
vt 0.40916100 0.87133700
vt 0.41132900 0.87497400
vt 0.41355900 0.87857500
vt 0.41584800 0.88213700
vt 0.41819700 0.88566100
vt 0.42060500 0.88914500
vt 0.42307200 0.89258800
vt 0.42559500 0.89598900
vt 0.42817600 0.89934700
vt 0.43081200 0.90266100
vt 0.43350400 0.90593000
vt 0.43625000 0.90915400
vt 0.43905000 0.91233100
vt 0.44190300 0.91546100
vt 0.44480900 0.91854200
vt 0.44776500 0.92157400
vt 0.45077200 0.92455600
vt 0.45382900 0.92748700
vt 0.45693500 0.93036600
vt 0.46008800 0.93319300
vt 0.46328900 0.93596600
vt 0.46653600 0.93868600
vt 0.46982700 0.94135000
vt 0.47316400 0.94395800
vt 0.47654300 0.94651000
vt 0.47996500 0.94900500
vt 0.48342900 0.95144300
vt 0.48693200 0.95382100
vt 0.49047600 0.95614100
vt 0.49405800 0.95840000
vt 0.49767700 0.96059900
vt 0.50133200 0.96273700
vt 0.50502400 0.96481400
vt 0.50874900 0.96682800
vt 0.51250800 0.96877900
vt 0.51629900 0.97066600
vt 0.52012100 0.97249000
vt 0.52397300 0.97424900
vt 0.52785400 0.97594400
vt 0.53176300 0.97757300
vt 0.53570000 0.97913600
vt 0.53966100 0.98063200
vt 0.54364700 0.98206200
vt 0.54765700 0.98342500
vt 0.55168900 0.98472000
vt 0.55574300 0.98594700
vt 0.55981600 0.98710600
vt 0.56390800 0.98819600
vt 0.56801800 0.98921800
vt 0.57214400 0.99017000
vt 0.57628600 0.99105300
vt 0.58044300 0.99186600
vt 0.58461200 0.99260900
vt 0.58879300 0.99328200
vt 0.59298500 0.99388500
vt 0.59718600 0.99441700
vt 0.60139600 0.99487900
vt 0.60561300 0.99526900
vt 0.60983600 0.99558900
vt 0.61406300 0.99583800
vt 0.61829400 0.99601600
vt 0.62252800 0.99612300
vt 0.62676300 0.99615800
vt 0.63099800 0.99612300
vt 0.63523100 0.99601600
vt 0.63946300 0.99583800
vt 0.64369000 0.99558900
vt 0.64791300 0.99526900
vt 0.65213000 0.99487900
vt 0.65634000 0.99441700
vt 0.66054100 0.99388500
vt 0.66473300 0.99328200
vt 0.66891400 0.99260900
vt 0.67308300 0.99186600
vt 0.67723900 0.99105300
vt 0.68138100 0.99017000
vt 0.68550800 0.98921800
vt 0.68961800 0.98819600
vt 0.69371000 0.98710600
vt 0.69778300 0.98594700
vt 0.70183700 0.98472000
vt 0.70586900 0.98342500
vt 0.70987800 0.98206200
vt 0.71386500 0.98063200
vt 0.71782600 0.97913600
vt 0.72176200 0.97757300
vt 0.72567100 0.97594400
vt 0.72955300 0.97424900
vt 0.73340500 0.97249000
vt 0.73722700 0.97066600
vt 0.74101800 0.96877900
vt 0.74477700 0.96682800
vt 0.74850200 0.96481400
vt 0.75219300 0.96273700
vt 0.75584900 0.96059900
vt 0.75946800 0.95840000
vt 0.76305000 0.95614100
vt 0.76659300 0.95382100
vt 0.77009700 0.95144300
vt 0.77356100 0.94900500
vt 0.77698300 0.94651000
vt 0.78036200 0.94395800
vt 0.78369800 0.94135000
vt 0.78699000 0.93868600
vt 0.79023700 0.93596600
vt 0.79343800 0.93319300
vt 0.79659100 0.93036600
vt 0.79969700 0.92748700
vt 0.80275300 0.92455600
vt 0.80576100 0.92157400
vt 0.80871700 0.91854200
vt 0.81162200 0.91546100
vt 0.81447500 0.91233100
vt 0.81727600 0.90915400
vt 0.82002200 0.90593000
vt 0.82271400 0.90266100
vt 0.82535000 0.89934700
vt 0.82793100 0.89598900
vt 0.83045400 0.89258800
vt 0.83292000 0.88914500
vt 0.83532800 0.88566100
vt 0.83767700 0.88213700
vt 0.83996700 0.87857500
vt 0.84219700 0.87497400
vt 0.84436500 0.87133700
vt 0.84647200 0.86766300
vt 0.84851800 0.86395500
vt 0.85050000 0.86021300
vt 0.85242000 0.85643800
vt 0.85427500 0.85263100
vt 0.85606700 0.84879300
vt 0.85779400 0.84492700
vt 0.85945500 0.84103100
vt 0.86105100 0.83710800
vt 0.86258100 0.83316000
vt 0.86404400 0.82918500
vt 0.86544100 0.82518700
vt 0.86677000 0.82116600
vt 0.86803100 0.81712300
vt 0.86922400 0.81306000
vt 0.87034900 0.80897700
vt 0.87140500 0.80487600
vt 0.87239200 0.80075800
vt 0.87330900 0.79662300
vt 0.87415700 0.79247400
vt 0.87493500 0.78831100
vt 0.87564400 0.78413600
vt 0.87628100 0.77994900
vt 0.87684900 0.77575200
vt 0.87734600 0.77154700
vt 0.87777200 0.76733300
vt 0.87812700 0.76311300
vt 0.87841200 0.75888800
vt 0.87862500 0.75465800
vt 0.87876700 0.75042600
vt 0.87883800 0.74619100
vt 0.87883800 0.74195600
vt 0.87876700 0.73772200
vt 0.87862500 0.73348900
vt 0.87841200 0.72926000
vt 0.87812700 0.72503400
vt 0.87777200 0.72081400
vt 0.87734600 0.71660100
vt 0.87684900 0.71239500
vt 0.87628100 0.70819800
vt 0.87564400 0.70401200
vt 0.87493500 0.69983600
vt 0.87415700 0.69567400
vt 0.87330900 0.69152400
vt 0.87239200 0.68739000
vt 0.87140500 0.68327200
vt 0.87034900 0.67917100
vt 0.86922400 0.67508800
vt 0.86803100 0.67102400
vt 0.86677000 0.66698100
vt 0.86544100 0.66296000
vt 0.86404400 0.65896200
vt 0.86258100 0.65498800
vt 0.86105100 0.65103900
vt 0.85945500 0.64711600
vt 0.85779400 0.64322100
vt 0.85606700 0.63935400
vt 0.85427500 0.63551700
vt 0.85242000 0.63171000
vt 0.85050000 0.62793500
vt 0.84851800 0.62419300
vt 0.84647200 0.62048500
vt 0.84436500 0.61681100
vt 0.84219700 0.61317300
vt 0.83996700 0.60957300
vt 0.83767700 0.60601000
vt 0.83532800 0.60248600
vt 0.83292000 0.59900300
vt 0.83045400 0.59556000
vt 0.82793100 0.59215900
vt 0.82535000 0.58880100
vt 0.82271400 0.58548700
vt 0.82002200 0.58221700
vt 0.81727600 0.57899400
vt 0.81447500 0.57581700
vt 0.81162200 0.57268700
vt 0.80871700 0.56960600
vt 0.80576100 0.56657300
vt 0.80275300 0.56359100
vt 0.79969700 0.56066000
vt 0.79659100 0.55778100
vt 0.79343800 0.55495500
vt 0.79023700 0.55218100
vt 0.78699000 0.54946200
vt 0.78369800 0.54679800
vt 0.78036200 0.54418900
vt 0.77698300 0.54163700
vt 0.77356100 0.53914200
vt 0.77009700 0.53670500
vt 0.76659300 0.53432600
vt 0.76305000 0.53200700
vt 0.75946800 0.52974700
vt 0.75584900 0.52754800
vt 0.75219300 0.52541000
vt 0.74850200 0.52333400
vt 0.74477700 0.52132000
vt 0.74101800 0.51936900
vt 0.73722700 0.51748100
vt 0.73340500 0.51565700
vt 0.72955300 0.51389800
vt 0.72567100 0.51220400
vt 0.72176200 0.51057500
vt 0.71782600 0.50901200
vt 0.71386500 0.50751500
vt 0.70987800 0.50608600
vt 0.70586900 0.50472300
vt 0.70183700 0.50342800
vt 0.69778300 0.50220100
vt 0.69371000 0.50104200
vt 0.68961800 0.49995100
vt 0.68550800 0.49893000
vt 0.68138100 0.49797800
vt 0.67723900 0.49709500
vt 0.67308300 0.49628200
vt 0.66891400 0.49553800
vt 0.66473300 0.49486500
vt 0.66054100 0.49426300
vt 0.65634000 0.49373100
vt 0.65213000 0.49326900
vt 0.64791300 0.49287800
vt 0.64369000 0.49255800
vt 0.63946300 0.49231000
vt 0.63523100 0.49213200
vt 0.63099800 0.49202500
vt 0.35295200 0.12826800
vt 0.35200500 0.12826800
vt 0.35295200 0.92251300
vt 0.35200500 0.92251300
vt 0.35200500 0.91826500
vt 0.35200500 0.91401800
vt 0.35200500 0.90977100
vt 0.35200500 0.90552300
vt 0.35200500 0.90127600
vt 0.35200500 0.89702900
vt 0.35200500 0.89278200
vt 0.35200500 0.88853400
vt 0.35200500 0.88428700
vt 0.35200500 0.88004000
vt 0.35200500 0.87579200
vt 0.35200500 0.87154500
vt 0.35200500 0.86729800
vt 0.35200500 0.86305100
vt 0.35200500 0.85880300
vt 0.35200500 0.85455600
vt 0.35200500 0.85030900
vt 0.35200500 0.84606100
vt 0.35200500 0.84181400
vt 0.35200500 0.83756700
vt 0.35200500 0.83331900
vt 0.35200500 0.82907200
vt 0.35200500 0.82482500
vt 0.35200500 0.82057800
vt 0.35200500 0.81633000
vt 0.35200500 0.81208300
vt 0.35200500 0.80783600
vt 0.35200500 0.80358800
vt 0.35200500 0.79934100
vt 0.35200500 0.79509400
vt 0.35200500 0.79084600
vt 0.35200500 0.78659900
vt 0.35200500 0.78235200
vt 0.35200500 0.77810400
vt 0.35200500 0.77385700
vt 0.35200500 0.76961000
vt 0.35200500 0.76536300
vt 0.35200500 0.76111500
vt 0.35200500 0.75686800
vt 0.35200500 0.75262100
vt 0.35200500 0.74837300
vt 0.35200500 0.74412600
vt 0.35200500 0.73987900
vt 0.35200500 0.73563200
vt 0.35200500 0.73138400
vt 0.35200500 0.72713700
vt 0.35200500 0.72289000
vt 0.35200500 0.71864200
vt 0.35200500 0.71439500
vt 0.35200500 0.71014800
vt 0.35200500 0.70590000
vt 0.35200500 0.70165300
vt 0.35200500 0.69740600
vt 0.35200500 0.69315900
vt 0.35200500 0.68891100
vt 0.35200500 0.68466400
vt 0.35200500 0.68041700
vt 0.35200500 0.67616900
vt 0.35200500 0.67192200
vt 0.35200500 0.66767500
vt 0.35200500 0.66342700
vt 0.35200500 0.65918000
vt 0.35200500 0.65493300
vt 0.35200500 0.65068600
vt 0.35200500 0.64643800
vt 0.35200500 0.64219100
vt 0.35200500 0.63794400
vt 0.35200500 0.63369600
vt 0.35200500 0.62944900
vt 0.35200500 0.62520200
vt 0.35200500 0.62095400
vt 0.35200500 0.61670700
vt 0.35200500 0.61246000
vt 0.35200500 0.60821300
vt 0.35200500 0.60396500
vt 0.35200500 0.59971800
vt 0.35200500 0.59547100
vt 0.35200500 0.59122300
vt 0.35200500 0.58697600
vt 0.35200500 0.58272900
vt 0.35200500 0.57848100
vt 0.35200500 0.57423400
vt 0.35200500 0.56998700
vt 0.35200500 0.56574000
vt 0.35200500 0.56149200
vt 0.35200500 0.55724500
vt 0.35200500 0.55299800
vt 0.35200500 0.54875000
vt 0.35200500 0.54450300
vt 0.35200500 0.54025600
vt 0.35200500 0.53600800
vt 0.35200500 0.53176100
vt 0.35200500 0.52751400
vt 0.35200500 0.52326700
vt 0.35200500 0.51901900
vt 0.35200500 0.51477200
vt 0.35200500 0.51052500
vt 0.35200500 0.50627700
vt 0.35200500 0.50203000
vt 0.35200500 0.49778300
vt 0.35200500 0.49353500
vt 0.35200500 0.48928800
vt 0.35200500 0.48504100
vt 0.35200500 0.48079400
vt 0.35200500 0.47654600
vt 0.35200500 0.47229900
vt 0.35200500 0.46805200
vt 0.35200500 0.46380400
vt 0.35200500 0.45955700
vt 0.35200500 0.45531000
vt 0.35200500 0.45106200
vt 0.35200500 0.44681500
vt 0.35200500 0.44256800
vt 0.35200500 0.43832100
vt 0.35200500 0.43407300
vt 0.35200500 0.42982600
vt 0.35200500 0.42557900
vt 0.35200500 0.42133100
vt 0.35200500 0.41708400
vt 0.35200500 0.41283700
vt 0.35200500 0.40859000
vt 0.35200500 0.40434200
vt 0.35200500 0.40009500
vt 0.35200500 0.39584800
vt 0.35200500 0.39160000
vt 0.35200500 0.38735300
vt 0.35200500 0.38310600
vt 0.35200500 0.37885800
vt 0.35200500 0.37461100
vt 0.35200500 0.37036400
vt 0.35200500 0.36611600
vt 0.35200500 0.36186900
vt 0.35200500 0.35762200
vt 0.35200500 0.35337500
vt 0.35200500 0.34912700
vt 0.35200500 0.34488000
vt 0.35200500 0.34063300
vt 0.35200500 0.33638500
vt 0.35200500 0.33213800
vt 0.35200500 0.32789100
vt 0.35200500 0.32364400
vt 0.35200500 0.31939600
vt 0.35200500 0.31514900
vt 0.35200500 0.31090200
vt 0.35200500 0.30665400
vt 0.35200500 0.30240700
vt 0.35200500 0.29816000
vt 0.35200500 0.29391200
vt 0.35200500 0.28966500
vt 0.35200500 0.28541800
vt 0.35200500 0.28117100
vt 0.35200500 0.27692300
vt 0.35200500 0.27267600
vt 0.35200500 0.26842900
vt 0.35200500 0.26418100
vt 0.35200500 0.25993400
vt 0.35200500 0.25568700
vt 0.35200500 0.25143900
vt 0.35200500 0.24719200
vt 0.35200500 0.24294500
vt 0.35200500 0.23869800
vt 0.35200500 0.23445000
vt 0.35200500 0.23020300
vt 0.35200500 0.22595600
vt 0.35200500 0.22170800
vt 0.35200500 0.21746100
vt 0.35200500 0.21321400
vt 0.35200500 0.20896600
vt 0.35200500 0.20471900
vt 0.35200500 0.20047200
vt 0.35200500 0.19622500
vt 0.35200500 0.19197700
vt 0.35200500 0.18773000
vt 0.35200500 0.18348300
vt 0.35200500 0.17923500
vt 0.35200500 0.17498800
vt 0.35200500 0.17074100
vt 0.35200500 0.16649300
vt 0.35200500 0.16224600
vt 0.35200500 0.15799900
vt 0.35200500 0.15375200
vt 0.35200500 0.14950400
vt 0.35200500 0.14525700
vt 0.35200500 0.14101000
vt 0.35200500 0.13676200
vt 0.35200500 0.13251500
vt 0.35295200 0.13251500
vt 0.35295200 0.13676200
vt 0.35295200 0.14101000
vt 0.35295200 0.14525700
vt 0.35295200 0.14950400
vt 0.35295200 0.15375200
vt 0.35295200 0.15799900
vt 0.35295200 0.16224600
vt 0.35295200 0.16649300
vt 0.35295200 0.17074100
vt 0.35295200 0.17498800
vt 0.35295200 0.17923500
vt 0.35295200 0.18348300
vt 0.35295200 0.18773000
vt 0.35295200 0.19197700
vt 0.35295200 0.19622500
vt 0.35295200 0.20047200
vt 0.35295200 0.20471900
vt 0.35295200 0.20896600
vt 0.35295200 0.21321400
vt 0.35295200 0.21746100
vt 0.35295200 0.22170800
vt 0.35295200 0.22595600
vt 0.35295200 0.23020300
vt 0.35295200 0.23445000
vt 0.35295200 0.23869800
vt 0.35295200 0.24294500
vt 0.35295200 0.24719200
vt 0.35295200 0.25143900
vt 0.35295200 0.25568700
vt 0.35295200 0.25993400
vt 0.35295200 0.26418100
vt 0.35295200 0.26842900
vt 0.35295200 0.27267600
vt 0.35295200 0.27692300
vt 0.35295200 0.28117100
vt 0.35295200 0.28541800
vt 0.35295200 0.28966500
vt 0.35295200 0.29391200
vt 0.35295200 0.29816000
vt 0.35295200 0.30240700
vt 0.35295200 0.30665400
vt 0.35295200 0.31090200
vt 0.35295200 0.31514900
vt 0.35295200 0.31939600
vt 0.35295200 0.32364400
vt 0.35295200 0.32789100
vt 0.35295200 0.33213800
vt 0.35295200 0.33638500
vt 0.35295200 0.34063300
vt 0.35295200 0.34488000
vt 0.35295200 0.34912700
vt 0.35295200 0.35337500
vt 0.35295200 0.35762200
vt 0.35295200 0.36186900
vt 0.35295200 0.36611600
vt 0.35295200 0.37036400
vt 0.35295200 0.37461100
vt 0.35295200 0.37885800
vt 0.35295200 0.38310600
vt 0.35295200 0.38735300
vt 0.35295200 0.39160000
vt 0.35295200 0.39584800
vt 0.35295200 0.40009500
vt 0.35295200 0.40434200
vt 0.35295200 0.40859000
vt 0.35295200 0.41283700
vt 0.35295200 0.41708400
vt 0.35295200 0.42133100
vt 0.35295200 0.42557900
vt 0.35295200 0.42982600
vt 0.35295200 0.43407300
vt 0.35295200 0.43832100
vt 0.35295200 0.44256800
vt 0.35295200 0.44681500
vt 0.35295200 0.45106200
vt 0.35295200 0.45531000
vt 0.35295200 0.45955700
vt 0.35295200 0.46380400
vt 0.35295200 0.46805200
vt 0.35295200 0.47229900
vt 0.35295200 0.47654600
vt 0.35295200 0.48079400
vt 0.35295200 0.48504100
vt 0.35295200 0.48928800
vt 0.35295200 0.49353500
vt 0.35295200 0.49778300
vt 0.35295200 0.50203000
vt 0.35295200 0.50627700
vt 0.35295200 0.51052500
vt 0.35295200 0.51477200
vt 0.35295200 0.51901900
vt 0.35295200 0.52326700
vt 0.35295200 0.52751400
vt 0.35295200 0.53176100
vt 0.35295200 0.53600800
vt 0.35295200 0.54025600
vt 0.35295200 0.54450300
vt 0.35295200 0.54875000
vt 0.35295200 0.55299800
vt 0.35295200 0.55724500
vt 0.35295200 0.56149200
vt 0.35295200 0.56574000
vt 0.35295200 0.56998700
vt 0.35295200 0.57423400
vt 0.35295200 0.57848100
vt 0.35295200 0.58272900
vt 0.35295200 0.58697600
vt 0.35295200 0.59122300
vt 0.35295200 0.59547100
vt 0.35295200 0.59971800
vt 0.35295200 0.60396500
vt 0.35295200 0.60821300
vt 0.35295200 0.61246000
vt 0.35295200 0.61670700
vt 0.35295200 0.62095400
vt 0.35295200 0.62520200
vt 0.35295200 0.62944900
vt 0.35295200 0.63369600
vt 0.35295200 0.63794400
vt 0.35295200 0.64219100
vt 0.35295200 0.64643800
vt 0.35295200 0.65068600
vt 0.35295200 0.65493300
vt 0.35295200 0.65918000
vt 0.35295200 0.66342700
vt 0.35295200 0.66767500
vt 0.35295200 0.67192200
vt 0.35295200 0.67616900
vt 0.35295200 0.68041700
vt 0.35295200 0.68466400
vt 0.35295200 0.68891100
vt 0.35295200 0.69315900
vt 0.35295200 0.69740600
vt 0.35295200 0.70165300
vt 0.35295200 0.70590000
vt 0.35295200 0.71014800
vt 0.35295200 0.71439500
vt 0.35295200 0.71864200
vt 0.35295200 0.72289000
vt 0.35295200 0.72713700
vt 0.35295200 0.73138400
vt 0.35295200 0.73563200
vt 0.35295200 0.73987900
vt 0.35295200 0.74412600
vt 0.35295200 0.74837300
vt 0.35295200 0.75262100
vt 0.35295200 0.75686800
vt 0.35295200 0.76111500
vt 0.35295200 0.76536300
vt 0.35295200 0.76961000
vt 0.35295200 0.77385700
vt 0.35295200 0.77810400
vt 0.35295200 0.78235200
vt 0.35295200 0.78659900
vt 0.35295200 0.79084600
vt 0.35295200 0.79509400
vt 0.35295200 0.79934100
vt 0.35295200 0.80358800
vt 0.35295200 0.80783600
vt 0.35295200 0.81208300
vt 0.35295200 0.81633000
vt 0.35295200 0.82057800
vt 0.35295200 0.82482500
vt 0.35295200 0.82907200
vt 0.35295200 0.83331900
vt 0.35295200 0.83756700
vt 0.35295200 0.84181400
vt 0.35295200 0.84606100
vt 0.35295200 0.85030900
vt 0.35295200 0.85455600
vt 0.35295200 0.85880300
vt 0.35295200 0.86305100
vt 0.35295200 0.86729800
vt 0.35295200 0.87154500
vt 0.35295200 0.87579200
vt 0.35295200 0.88004000
vt 0.35295200 0.88428700
vt 0.35295200 0.88853400
vt 0.35295200 0.89278200
vt 0.35295200 0.89702900
vt 0.35295200 0.90127600
vt 0.35295200 0.90552300
vt 0.35295200 0.90977100
vt 0.35295200 0.91401800
vt 0.35295200 0.91826500
vt 0.35389900 0.12826800
vt 0.35389900 0.92251300
vt 0.35295200 0.92251300
vt 0.35295200 0.12826800
vt 0.35295200 0.91826500
vt 0.35295200 0.91401800
vt 0.35295200 0.90977100
vt 0.35295200 0.90552300
vt 0.35295200 0.90127600
vt 0.35295200 0.89702900
vt 0.35295200 0.89278200
vt 0.35295200 0.88853400
vt 0.35295200 0.88428700
vt 0.35295200 0.88004000
vt 0.35295200 0.87579200
vt 0.35295200 0.87154500
vt 0.35295200 0.86729800
vt 0.35295200 0.86305100
vt 0.35295200 0.85880300
vt 0.35295200 0.85455600
vt 0.35295200 0.85030900
vt 0.35295200 0.84606100
vt 0.35295200 0.84181400
vt 0.35295200 0.83756700
vt 0.35295200 0.83331900
vt 0.35295200 0.82907200
vt 0.35295200 0.82482500
vt 0.35295200 0.82057800
vt 0.35295200 0.81633000
vt 0.35295200 0.81208300
vt 0.35295200 0.80783600
vt 0.35295200 0.80358800
vt 0.35295200 0.79934100
vt 0.35295200 0.79509400
vt 0.35295200 0.79084600
vt 0.35295200 0.78659900
vt 0.35295200 0.78235200
vt 0.35295200 0.77810400
vt 0.35295200 0.77385700
vt 0.35295200 0.76961000
vt 0.35295200 0.76536300
vt 0.35295200 0.76111500
vt 0.35295200 0.75686800
vt 0.35295200 0.75262100
vt 0.35295200 0.74837300
vt 0.35295200 0.74412600
vt 0.35295200 0.73987900
vt 0.35295200 0.73563200
vt 0.35295200 0.73138400
vt 0.35295200 0.72713700
vt 0.35295200 0.72289000
vt 0.35295200 0.71864200
vt 0.35295200 0.71439500
vt 0.35295200 0.71014800
vt 0.35295200 0.70590000
vt 0.35295200 0.70165300
vt 0.35295200 0.69740600
vt 0.35295200 0.69315900
vt 0.35295200 0.68891100
vt 0.35295200 0.68466400
vt 0.35295200 0.68041700
vt 0.35295200 0.67616900
vt 0.35295200 0.67192200
vt 0.35295200 0.66767500
vt 0.35295200 0.66342700
vt 0.35295200 0.65918000
vt 0.35295200 0.65493300
vt 0.35295200 0.65068600
vt 0.35295200 0.64643800
vt 0.35295200 0.64219100
vt 0.35295200 0.63794400
vt 0.35295200 0.63369600
vt 0.35295200 0.62944900
vt 0.35295200 0.62520200
vt 0.35295200 0.62095400
vt 0.35295200 0.61670700
vt 0.35295200 0.61246000
vt 0.35295200 0.60821300
vt 0.35295200 0.60396500
vt 0.35295200 0.59971800
vt 0.35295200 0.59547100
vt 0.35295200 0.59122300
vt 0.35295200 0.58697600
vt 0.35295200 0.58272900
vt 0.35295200 0.57848100
vt 0.35295200 0.57423400
vt 0.35295200 0.56998700
vt 0.35295200 0.56574000
vt 0.35295200 0.56149200
vt 0.35295200 0.55724500
vt 0.35295200 0.55299800
vt 0.35295200 0.54875000
vt 0.35295200 0.54450300
vt 0.35295200 0.54025600
vt 0.35295200 0.53600800
vt 0.35295200 0.53176100
vt 0.35295200 0.52751400
vt 0.35295200 0.52326700
vt 0.35295200 0.51901900
vt 0.35295200 0.51477200
vt 0.35295200 0.51052500
vt 0.35295200 0.50627700
vt 0.35295200 0.50203000
vt 0.35295200 0.49778300
vt 0.35295200 0.49353500
vt 0.35295200 0.48928800
vt 0.35295200 0.48504100
vt 0.35295200 0.48079400
vt 0.35295200 0.47654600
vt 0.35295200 0.47229900
vt 0.35295200 0.46805200
vt 0.35295200 0.46380400
vt 0.35295200 0.45955700
vt 0.35295200 0.45531000
vt 0.35295200 0.45106200
vt 0.35295200 0.44681500
vt 0.35295200 0.44256800
vt 0.35295200 0.43832100
vt 0.35295200 0.43407300
vt 0.35295200 0.42982600
vt 0.35295200 0.42557900
vt 0.35295200 0.42133100
vt 0.35295200 0.41708400
vt 0.35295200 0.41283700
vt 0.35295200 0.40859000
vt 0.35295200 0.40434200
vt 0.35295200 0.40009500
vt 0.35295200 0.39584800
vt 0.35295200 0.39160000
vt 0.35295200 0.38735300
vt 0.35295200 0.38310600
vt 0.35295200 0.37885800
vt 0.35295200 0.37461100
vt 0.35295200 0.37036400
vt 0.35295200 0.36611600
vt 0.35295200 0.36186900
vt 0.35295200 0.35762200
vt 0.35295200 0.35337500
vt 0.35295200 0.34912700
vt 0.35295200 0.34488000
vt 0.35295200 0.34063300
vt 0.35295200 0.33638500
vt 0.35295200 0.33213800
vt 0.35295200 0.32789100
vt 0.35295200 0.32364400
vt 0.35295200 0.31939600
vt 0.35295200 0.31514900
vt 0.35295200 0.31090200
vt 0.35295200 0.30665400
vt 0.35295200 0.30240700
vt 0.35295200 0.29816000
vt 0.35295200 0.29391200
vt 0.35295200 0.28966500
vt 0.35295200 0.28541800
vt 0.35295200 0.28117100
vt 0.35295200 0.27692300
vt 0.35295200 0.27267600
vt 0.35295200 0.26842900
vt 0.35295200 0.26418100
vt 0.35295200 0.25993400
vt 0.35295200 0.25568700
vt 0.35295200 0.25143900
vt 0.35295200 0.24719200
vt 0.35295200 0.24294500
vt 0.35295200 0.23869800
vt 0.35295200 0.23445000
vt 0.35295200 0.23020300
vt 0.35295200 0.22595600
vt 0.35295200 0.22170800
vt 0.35295200 0.21746100
vt 0.35295200 0.21321400
vt 0.35295200 0.20896600
vt 0.35295200 0.20471900
vt 0.35295200 0.20047200
vt 0.35295200 0.19622500
vt 0.35295200 0.19197700
vt 0.35295200 0.18773000
vt 0.35295200 0.18348300
vt 0.35295200 0.17923500
vt 0.35295200 0.17498800
vt 0.35295200 0.17074100
vt 0.35295200 0.16649300
vt 0.35295200 0.16224600
vt 0.35295200 0.15799900
vt 0.35295200 0.15375200
vt 0.35295200 0.14950400
vt 0.35295200 0.14525700
vt 0.35295200 0.14101000
vt 0.35295200 0.13676200
vt 0.35295200 0.13251500
vt 0.35389900 0.13251500
vt 0.35389900 0.13676200
vt 0.35389900 0.14101000
vt 0.35389900 0.14525700
vt 0.35389900 0.14950400
vt 0.35389900 0.15375200
vt 0.35389900 0.15799900
vt 0.35389900 0.16224600
vt 0.35389900 0.16649300
vt 0.35389900 0.17074100
vt 0.35389900 0.17498800
vt 0.35389900 0.17923500
vt 0.35389900 0.18348300
vt 0.35389900 0.18773000
vt 0.35389900 0.19197700
vt 0.35389900 0.19622500
vt 0.35389900 0.20047200
vt 0.35389900 0.20471900
vt 0.35389900 0.20896600
vt 0.35389900 0.21321400
vt 0.35389900 0.21746100
vt 0.35389900 0.22170800
vt 0.35389900 0.22595600
vt 0.35389900 0.23020300
vt 0.35389900 0.23445000
vt 0.35389900 0.23869800
vt 0.35389900 0.24294500
vt 0.35389900 0.24719200
vt 0.35389900 0.25143900
vt 0.35389900 0.25568700
vt 0.35389900 0.25993400
vt 0.35389900 0.26418100
vt 0.35389900 0.26842900
vt 0.35389900 0.27267600
vt 0.35389900 0.27692300
vt 0.35389900 0.28117100
vt 0.35389900 0.28541800
vt 0.35389900 0.28966500
vt 0.35389900 0.29391200
vt 0.35389900 0.29816000
vt 0.35389900 0.30240700
vt 0.35389900 0.30665400
vt 0.35389900 0.31090200
vt 0.35389900 0.31514900
vt 0.35389900 0.31939600
vt 0.35389900 0.32364400
vt 0.35389900 0.32789100
vt 0.35389900 0.33213800
vt 0.35389900 0.33638500
vt 0.35389900 0.34063300
vt 0.35389900 0.34488000
vt 0.35389900 0.34912700
vt 0.35389900 0.35337500
vt 0.35389900 0.35762200
vt 0.35389900 0.36186900
vt 0.35389900 0.36611600
vt 0.35389900 0.37036400
vt 0.35389900 0.37461100
vt 0.35389900 0.37885800
vt 0.35389900 0.38310600
vt 0.35389900 0.38735300
vt 0.35389900 0.39160000
vt 0.35389900 0.39584800
vt 0.35389900 0.40009500
vt 0.35389900 0.40434200
vt 0.35389900 0.40859000
vt 0.35389900 0.41283700
vt 0.35389900 0.41708400
vt 0.35389900 0.42133100
vt 0.35389900 0.42557900
vt 0.35389900 0.42982600
vt 0.35389900 0.43407300
vt 0.35389900 0.43832100
vt 0.35389900 0.44256800
vt 0.35389900 0.44681500
vt 0.35389900 0.45106200
vt 0.35389900 0.45531000
vt 0.35389900 0.45955700
vt 0.35389900 0.46380400
vt 0.35389900 0.46805200
vt 0.35389900 0.47229900
vt 0.35389900 0.47654600
vt 0.35389900 0.48079400
vt 0.35389900 0.48504100
vt 0.35389900 0.48928800
vt 0.35389900 0.49353500
vt 0.35389900 0.49778300
vt 0.35389900 0.50203000
vt 0.35389900 0.50627700
vt 0.35389900 0.51052500
vt 0.35389900 0.51477200
vt 0.35389900 0.51901900
vt 0.35389900 0.52326700
vt 0.35389900 0.52751400
vt 0.35389900 0.53176100
vt 0.35389900 0.53600800
vt 0.35389900 0.54025600
vt 0.35389900 0.54450300
vt 0.35389900 0.54875000
vt 0.35389900 0.55299800
vt 0.35389900 0.55724500
vt 0.35389900 0.56149200
vt 0.35389900 0.56574000
vt 0.35389900 0.56998700
vt 0.35389900 0.57423400
vt 0.35389900 0.57848100
vt 0.35389900 0.58272900
vt 0.35389900 0.58697600
vt 0.35389900 0.59122300
vt 0.35389900 0.59547100
vt 0.35389900 0.59971800
vt 0.35389900 0.60396500
vt 0.35389900 0.60821300
vt 0.35389900 0.61246000
vt 0.35389900 0.61670700
vt 0.35389900 0.62095400
vt 0.35389900 0.62520200
vt 0.35389900 0.62944900
vt 0.35389900 0.63369600
vt 0.35389900 0.63794400
vt 0.35389900 0.64219100
vt 0.35389900 0.64643800
vt 0.35389900 0.65068600
vt 0.35389900 0.65493300
vt 0.35389900 0.65918000
vt 0.35389900 0.66342700
vt 0.35389900 0.66767500
vt 0.35389900 0.67192200
vt 0.35389900 0.67616900
vt 0.35389900 0.68041700
vt 0.35389900 0.68466400
vt 0.35389900 0.68891100
vt 0.35389900 0.69315900
vt 0.35389900 0.69740600
vt 0.35389900 0.70165300
vt 0.35389900 0.70590000
vt 0.35389900 0.71014800
vt 0.35389900 0.71439500
vt 0.35389900 0.71864200
vt 0.35389900 0.72289000
vt 0.35389900 0.72713700
vt 0.35389900 0.73138400
vt 0.35389900 0.73563200
vt 0.35389900 0.73987900
vt 0.35389900 0.74412600
vt 0.35389900 0.74837300
vt 0.35389900 0.75262100
vt 0.35389900 0.75686800
vt 0.35389900 0.76111500
vt 0.35389900 0.76536300
vt 0.35389900 0.76961000
vt 0.35389900 0.77385700
vt 0.35389900 0.77810400
vt 0.35389900 0.78235200
vt 0.35389900 0.78659900
vt 0.35389900 0.79084600
vt 0.35389900 0.79509400
vt 0.35389900 0.79934100
vt 0.35389900 0.80358800
vt 0.35389900 0.80783600
vt 0.35389900 0.81208300
vt 0.35389900 0.81633000
vt 0.35389900 0.82057800
vt 0.35389900 0.82482500
vt 0.35389900 0.82907200
vt 0.35389900 0.83331900
vt 0.35389900 0.83756700
vt 0.35389900 0.84181400
vt 0.35389900 0.84606100
vt 0.35389900 0.85030900
vt 0.35389900 0.85455600
vt 0.35389900 0.85880300
vt 0.35389900 0.86305100
vt 0.35389900 0.86729800
vt 0.35389900 0.87154500
vt 0.35389900 0.87579200
vt 0.35389900 0.88004000
vt 0.35389900 0.88428700
vt 0.35389900 0.88853400
vt 0.35389900 0.89278200
vt 0.35389900 0.89702900
vt 0.35389900 0.90127600
vt 0.35389900 0.90552300
vt 0.35389900 0.90977100
vt 0.35389900 0.91401800
vt 0.35389900 0.91826500
f 12/12/12 3/3/3 11/11/11
f 6/6/6 9/9/9 11/11/11
f 1/1/1 10/10/10 9/9/9
f 11/11/11 9/9/9 10/10/10
f 3/3/3 12/12/12 2/2/2
f 5/5/5 3/3/3 4/4/4
f 6/6/6 3/3/3 5/5/5
f 6/6/6 7/7/7 9/9/9
f 7/7/7 8/8/8 9/9/9
f 6/6/6 11/11/11 3/3/3
f 85/85/85 13/13/13 44/44/44
f 79/79/79 85/85/85 80/80/80
f 13/13/13 85/85/85 79/79/79
f 80/80/80 81/81/81 83/83/83
f 83/83/83 82/82/82 80/80/80
f 44/44/44 84/84/84 86/86/86
f 86/86/86 85/85/85 44/44/44
f 85/85/85 86/86/86 81/81/81
f 81/81/81 80/80/80 85/85/85
f 101/101/101 14/14/14 107/107/107
f 107/107/107 108/108/108 101/101/101
f 50/50/50 15/15/15 37/37/37
f 43/43/43 50/50/50 45/45/45
f 15/15/15 50/50/50 43/43/43
f 87/87/87 43/43/43 45/45/45
f 13/13/13 87/87/87 44/44/44
f 43/43/43 87/87/87 13/13/13
f 94/94/94 45/45/45 51/51/51
f 87/87/87 94/94/94 88/88/88
f 45/45/45 94/94/94 87/87/87
f 90/90/90 87/87/87 88/88/88
f 44/44/44 90/90/90 84/84/84
f 87/87/87 90/90/90 44/44/44
f 88/88/88 89/89/89 92/92/92
f 92/92/92 90/90/90 88/88/88
f 90/90/90 92/92/92 91/91/91
f 91/91/91 84/84/84 90/90/90
f 51/51/51 93/93/93 95/95/95
f 95/95/95 94/94/94 51/51/51
f 94/94/94 95/95/95 89/89/89
f 89/89/89 88/88/88 94/94/94
f 53/53/53 37/37/37 41/41/41
f 50/50/50 53/53/53 52/52/52
f 37/37/37 53/53/53 50/50/50
f 96/96/96 50/50/50 52/52/52
f 45/45/45 96/96/96 51/51/51
f 50/50/50 96/96/96 45/45/45
f 52/52/52 54/54/54 97/97/97
f 97/97/97 96/96/96 52/52/52
f 96/96/96 97/97/97 93/93/93
f 93/93/93 51/51/51 96/96/96
f 41/41/41 48/48/48 55/55/55
f 55/55/55 53/53/53 41/41/41
f 53/53/53 55/55/55 54/54/54
f 54/54/54 52/52/52 53/53/53
f 102/102/102 43/43/43 13/13/13
f 13/13/13 14/14/14 102/102/102
f 43/43/43 102/102/102 16/16/16
f 16/16/16 15/15/15 43/43/43
f 103/103/103 102/102/102 14/14/14
f 14/14/14 101/101/101 103/103/103
f 100/100/100 16/16/16 102/102/102
f 102/102/102 103/103/103 100/100/100
f 57/57/57 17/17/17 35/35/35
f 36/36/36 57/57/57 38/38/38
f 17/17/17 57/57/57 36/36/36
f 40/40/40 36/36/36 38/38/38
f 15/15/15 40/40/40 37/37/37
f 36/36/36 40/40/40 15/15/15
f 38/38/38 39/39/39 42/42/42
f 42/42/42 40/40/40 38/38/38
f 47/47/47 40/40/40 42/42/42
f 37/37/37 47/47/47 41/41/41
f 40/40/40 47/47/47 37/37/37
f 42/42/42 46/46/46 49/49/49
f 49/49/49 47/47/47 42/42/42
f 47/47/47 49/49/49 48/48/48
f 48/48/48 41/41/41 47/47/47
f 66/66/66 35/35/35 56/56/56
f 57/57/57 66/66/66 58/58/58
f 35/35/35 66/66/66 57/57/57
f 62/62/62 57/57/57 58/58/58
f 38/38/38 62/62/62 39/39/39
f 57/57/57 62/62/62 38/38/38
f 58/58/58 61/61/61 64/64/64
f 64/64/64 62/62/62 58/58/58
f 62/62/62 64/64/64 63/63/63
f 63/63/63 39/39/39 62/62/62
f 56/56/56 65/65/65 67/67/67
f 67/67/67 66/66/66 56/56/56
f 66/66/66 67/67/67 61/61/61
f 61/61/61 58/58/58 66/66/66
f 105/105/105 36/36/36 15/15/15
f 15/15/15 16/16/16 105/105/105
f 36/36/36 105/105/105 18/18/18
f 18/18/18 17/17/17 36/36/36
f 106/106/106 105/105/105 16/16/16
f 16/16/16 100/100/100 106/106/106
f 104/104/104 18/18/18 105/105/105
f 105/105/105 106/106/106 104/104/104
f 69/69/69 59/59/59 60/60/60
f 17/17/17 69/69/69 35/35/35
f 59/59/59 69/69/69 17/17/17
f 60/60/60 68/68/68 70/70/70
f 70/70/70 69/69/69 60/60/60
f 69/69/69 70/70/70 56/56/56
f 56/56/56 35/35/35 69/69/69
f 71/71/71 72/72/72 68/68/68
f 68/68/68 60/60/60 71/71/71
f 112/112/112 111/111/111 18/18/18
f 18/18/18 104/104/104 112/112/112
f 75/75/75 74/74/74 86/86/86
f 76/76/76 75/75/75 92/92/92
f 91/91/91 92/92/92 75/75/75
f 81/81/81 74/74/74 73/73/73
f 83/83/83 73/73/73 23/23/23
f 76/76/76 92/92/92 89/89/89
f 84/84/84 91/91/91 75/75/75
f 89/89/89 95/95/95 76/76/76
f 77/77/77 95/95/95 93/93/93
f 76/76/76 95/95/95 77/77/77
f 78/78/78 77/77/77 97/97/97
f 28/28/28 78/78/78 55/55/55
f 77/77/77 93/93/93 97/97/97
f 78/78/78 54/54/54 55/55/55
f 28/28/28 55/55/55 48/48/48
f 54/54/54 78/78/78 97/97/97
f 48/48/48 49/49/49 28/28/28
f 23/23/23 22/22/22 82/82/82
f 81/81/81 73/73/73 83/83/83
f 79/79/79 80/80/80 82/82/82
f 79/79/79 22/22/22 21/21/21
f 108/108/108 20/20/20 19/19/19
f 20/20/20 107/107/107 21/21/21
f 21/21/21 107/107/107 79/79/79
f 79/79/79 82/82/82 22/22/22
f 83/83/83 23/23/23 82/82/82
f 107/107/107 14/14/14 13/13/13
f 13/13/13 79/79/79 107/107/107
f 84/84/84 75/75/75 86/86/86
f 99/99/99 103/103/103 101/101/101
f 98/98/98 103/103/103 99/99/99
f 108/108/108 99/99/99 101/101/101
f 19/19/19 99/99/99 108/108/108
f 20/20/20 108/108/108 107/107/107
f 86/86/86 74/74/74 81/81/81
f 46/46/46 29/29/29 49/49/49
f 28/28/28 49/49/49 29/29/29
f 30/30/30 29/29/29 63/63/63
f 46/46/46 63/63/63 29/29/29
f 63/63/63 46/46/46 42/42/42
f 42/42/42 39/39/39 63/63/63
f 64/64/64 61/61/61 31/31/31
f 64/64/64 30/30/30 63/63/63
f 31/31/31 30/30/30 64/64/64
f 32/32/32 31/31/31 67/67/67
f 65/65/65 32/32/32 67/67/67
f 33/33/33 32/32/32 70/70/70
f 56/56/56 32/32/32 65/65/65
f 33/33/33 68/68/68 34/34/34
f 70/70/70 32/32/32 56/56/56
f 24/24/24 34/34/34 72/72/72
f 68/68/68 33/33/33 70/70/70
f 31/31/31 61/61/61 67/67/67
f 18/18/18 111/111/111 59/59/59
f 59/59/59 17/17/17 18/18/18
f 103/103/103 98/98/98 100/100/100
f 106/106/106 100/100/100 98/98/98
f 110/110/110 104/104/104 106/106/106
f 104/104/104 110/110/110 112/112/112
f 98/98/98 110/110/110 106/106/106
f 59/59/59 71/71/71 60/60/60
f 59/59/59 25/25/25 71/71/71
f 24/24/24 72/72/72 71/71/71
f 71/71/71 25/25/25 24/24/24
f 26/26/26 25/25/25 59/59/59
f 27/27/27 111/111/111 112/112/112
f 111/111/111 27/27/27 26/26/26
f 112/112/112 109/109/109 27/27/27
f 26/26/26 59/59/59 111/111/111
f 110/110/110 109/109/109 112/112/112
f 72/72/72 34/34/34 68/68/68
f 124/124/124 118/118/118 119/119/119
f 123/123/123 124/124/124 119/119/119
f 123/123/123 120/120/120 122/122/122
f 122/122/122 120/120/120 121/121/121
f 119/119/119 116/116/116 123/123/123
f 115/115/115 116/116/116 119/119/119
f 123/123/123 116/116/116 120/120/120
f 113/113/113 120/120/120 117/117/117
f 116/116/116 117/117/117 120/120/120
f 114/114/114 115/115/115 119/119/119
f 125/125/125 148/148/148 155/155/155
f 155/155/155 154/154/154 125/125/125
f 179/179/179 126/126/126 182/182/182
f 182/182/182 183/183/183 179/179/179
f 157/157/157 127/127/127 146/146/146
f 147/147/147 157/157/157 149/149/149
f 127/127/127 157/157/157 147/147/147
f 151/151/151 147/147/147 149/149/149
f 125/125/125 151/151/151 148/148/148
f 147/147/147 151/151/151 125/125/125
f 149/149/149 150/150/150 153/153/153
f 153/153/153 151/151/151 149/149/149
f 151/151/151 153/153/153 152/152/152
f 152/152/152 148/148/148 151/151/151
f 146/146/146 156/156/156 158/158/158
f 158/158/158 157/157/157 146/146/146
f 157/157/157 158/158/158 150/150/150
f 150/150/150 149/149/149 157/157/157
f 180/180/180 147/147/147 125/125/125
f 125/125/125 126/126/126 180/180/180
f 147/147/147 180/180/180 128/128/128
f 128/128/128 127/127/127 147/147/147
f 181/181/181 180/180/180 126/126/126
f 126/126/126 179/179/179 181/181/181
f 176/176/176 128/128/128 180/180/180
f 180/180/180 181/181/181 176/176/176
f 166/166/166 129/129/129 159/159/159
f 160/160/160 166/166/166 161/161/161
f 129/129/129 166/166/166 160/160/160
f 163/163/163 160/160/160 161/161/161
f 127/127/127 163/163/163 146/146/146
f 160/160/160 163/163/163 127/127/127
f 161/161/161 162/162/162 164/164/164
f 164/164/164 163/163/163 161/161/161
f 163/163/163 164/164/164 156/156/156
f 156/156/156 146/146/146 163/163/163
f 159/159/159 165/165/165 167/167/167
f 167/167/167 166/166/166 159/159/159
f 166/166/166 167/167/167 162/162/162
f 162/162/162 161/161/161 166/166/166
f 177/177/177 160/160/160 127/127/127
f 127/127/127 128/128/128 177/177/177
f 160/160/160 177/177/177 130/130/130
f 130/130/130 129/129/129 160/160/160
f 178/178/178 177/177/177 128/128/128
f 128/128/128 176/176/176 178/178/178
f 173/173/173 130/130/130 177/177/177
f 177/177/177 178/178/178 173/173/173
f 168/168/168 169/169/169 159/159/159
f 159/159/159 129/129/129 168/168/168
f 175/175/175 174/174/174 130/130/130
f 130/130/130 173/173/173 175/175/175
f 152/152/152 141/141/141 155/155/155
f 135/135/135 155/155/155 141/141/141
f 155/155/155 134/134/134 154/154/154
f 135/135/135 134/134/134 155/155/155
f 152/152/152 155/155/155 148/148/148
f 142/142/142 141/141/141 153/153/153
f 143/143/143 142/142/142 158/158/158
f 142/142/142 153/153/153 150/150/150
f 142/142/142 150/150/150 158/158/158
f 152/152/152 153/153/153 141/141/141
f 154/154/154 134/134/134 133/133/133
f 133/133/133 182/182/182 154/154/154
f 182/182/182 126/126/126 125/125/125
f 125/125/125 154/154/154 182/182/182
f 132/132/132 182/182/182 133/133/133
f 131/131/131 183/183/183 132/132/132
f 182/182/182 132/132/132 183/183/183
f 172/172/172 183/183/183 131/131/131
f 171/171/171 181/181/181 172/172/172
f 179/179/179 172/172/172 181/181/181
f 171/171/171 176/176/176 181/181/181
f 183/183/183 172/172/172 179/179/179
f 156/156/156 143/143/143 158/158/158
f 156/156/156 164/164/164 143/143/143
f 144/144/144 143/143/143 164/164/164
f 144/144/144 164/164/164 162/162/162
f 144/144/144 162/162/162 167/167/167
f 167/167/167 145/145/145 144/144/144
f 169/169/169 145/145/145 165/165/165
f 136/136/136 145/145/145 169/169/169
f 165/165/165 159/159/159 169/169/169
f 136/136/136 169/169/169 168/168/168
f 168/168/168 137/137/137 136/136/136
f 145/145/145 167/167/167 165/165/165
f 130/130/130 174/174/174 168/168/168
f 168/168/168 129/129/129 130/130/130
f 170/170/170 173/173/173 178/178/178
f 175/175/175 173/173/173 170/170/170
f 178/178/178 171/171/171 170/170/170
f 176/176/176 171/171/171 178/178/178
f 174/174/174 138/138/138 137/137/137
f 137/137/137 168/168/168 174/174/174
f 139/139/139 138/138/138 174/174/174
f 140/140/140 139/139/139 175/175/175
f 174/174/174 175/175/175 139/139/139
f 170/170/170 140/140/140 175/175/175
f 195/195/195 189/189/189 194/194/194
f 189/189/189 191/191/191 194/194/194
f 192/192/192 193/193/193 191/191/191
f 194/194/194 191/191/191 193/193/193
f 189/189/189 195/195/195 184/184/184
f 186/186/186 189/189/189 185/185/185
f 187/187/187 189/189/189 186/186/186
f 187/187/187 188/188/188 191/191/191
f 188/188/188 190/190/190 191/191/191
f 187/187/187 191/191/191 189/189/189
f 196/196/196 219/219/219 226/226/226
f 226/226/226 225/225/225 196/196/196
f 250/250/250 197/197/197 253/253/253
f 253/253/253 254/254/254 250/250/250
f 228/228/228 198/198/198 217/217/217
f 218/218/218 228/228/228 220/220/220
f 198/198/198 228/228/228 218/218/218
f 222/222/222 218/218/218 220/220/220
f 196/196/196 222/222/222 219/219/219
f 218/218/218 222/222/222 196/196/196
f 220/220/220 221/221/221 224/224/224
f 224/224/224 222/222/222 220/220/220
f 222/222/222 224/224/224 223/223/223
f 223/223/223 219/219/219 222/222/222
f 217/217/217 227/227/227 229/229/229
f 229/229/229 228/228/228 217/217/217
f 228/228/228 229/229/229 221/221/221
f 221/221/221 220/220/220 228/228/228
f 251/251/251 218/218/218 196/196/196
f 196/196/196 197/197/197 251/251/251
f 218/218/218 251/251/251 199/199/199
f 199/199/199 198/198/198 218/218/218
f 252/252/252 251/251/251 197/197/197
f 197/197/197 250/250/250 252/252/252
f 247/247/247 199/199/199 251/251/251
f 251/251/251 252/252/252 247/247/247
f 237/237/237 200/200/200 230/230/230
f 231/231/231 237/237/237 232/232/232
f 200/200/200 237/237/237 231/231/231
f 234/234/234 231/231/231 232/232/232
f 198/198/198 234/234/234 217/217/217
f 231/231/231 234/234/234 198/198/198
f 232/232/232 233/233/233 235/235/235
f 235/235/235 234/234/234 232/232/232
f 234/234/234 235/235/235 227/227/227
f 227/227/227 217/217/217 234/234/234
f 230/230/230 236/236/236 238/238/238
f 238/238/238 237/237/237 230/230/230
f 237/237/237 238/238/238 233/233/233
f 233/233/233 232/232/232 237/237/237
f 248/248/248 231/231/231 198/198/198
f 198/198/198 199/199/199 248/248/248
f 231/231/231 248/248/248 201/201/201
f 201/201/201 200/200/200 231/231/231
f 249/249/249 248/248/248 199/199/199
f 199/199/199 247/247/247 249/249/249
f 244/244/244 201/201/201 248/248/248
f 248/248/248 249/249/249 244/244/244
f 239/239/239 240/240/240 230/230/230
f 230/230/230 200/200/200 239/239/239
f 246/246/246 245/245/245 201/201/201
f 201/201/201 244/244/244 246/246/246
f 223/223/223 212/212/212 226/226/226
f 211/211/211 226/226/226 212/212/212
f 226/226/226 205/205/205 225/225/225
f 211/211/211 205/205/205 226/226/226
f 223/223/223 226/226/226 219/219/219
f 213/213/213 212/212/212 224/224/224
f 214/214/214 213/213/213 229/229/229
f 213/213/213 224/224/224 221/221/221
f 213/213/213 221/221/221 229/229/229
f 223/223/223 224/224/224 212/212/212
f 225/225/225 205/205/205 204/204/204
f 204/204/204 253/253/253 225/225/225
f 253/253/253 197/197/197 196/196/196
f 196/196/196 225/225/225 253/253/253
f 203/203/203 253/253/253 204/204/204
f 202/202/202 254/254/254 203/203/203
f 253/253/253 203/203/203 254/254/254
f 243/243/243 254/254/254 202/202/202
f 242/242/242 252/252/252 243/243/243
f 250/250/250 243/243/243 252/252/252
f 242/242/242 247/247/247 252/252/252
f 254/254/254 243/243/243 250/250/250
f 227/227/227 214/214/214 229/229/229
f 227/227/227 235/235/235 214/214/214
f 215/215/215 214/214/214 235/235/235
f 215/215/215 235/235/235 233/233/233
f 215/215/215 233/233/233 238/238/238
f 238/238/238 216/216/216 215/215/215
f 240/240/240 216/216/216 236/236/236
f 206/206/206 216/216/216 240/240/240
f 236/236/236 230/230/230 240/240/240
f 206/206/206 240/240/240 239/239/239
f 239/239/239 207/207/207 206/206/206
f 216/216/216 238/238/238 236/236/236
f 201/201/201 245/245/245 239/239/239
f 239/239/239 200/200/200 201/201/201
f 241/241/241 244/244/244 249/249/249
f 246/246/246 244/244/244 241/241/241
f 249/249/249 242/242/242 241/241/241
f 247/247/247 242/242/242 249/249/249
f 245/245/245 208/208/208 207/207/207
f 207/207/207 239/239/239 245/245/245
f 209/209/209 208/208/208 245/245/245
f 210/210/210 209/209/209 246/246/246
f 245/245/245 246/246/246 209/209/209
f 241/241/241 210/210/210 246/246/246
f 266/266/266 262/262/262 265/265/265
f 262/262/262 263/263/263 265/265/265
f 255/255/255 264/264/264 263/263/263
f 265/265/265 263/263/263 264/264/264
f 262/262/262 266/266/266 261/261/261
f 258/258/258 262/262/262 257/257/257
f 259/259/259 262/262/262 258/258/258
f 259/259/259 260/260/260 263/263/263
f 260/260/260 256/256/256 263/263/263
f 259/259/259 263/263/263 262/262/262
f 267/267/267 289/289/289 296/296/296
f 296/296/296 295/295/295 267/267/267
f 321/321/321 268/268/268 324/324/324
f 324/324/324 325/325/325 321/321/321
f 298/298/298 269/269/269 287/287/287
f 288/288/288 298/298/298 290/290/290
f 269/269/269 298/298/298 288/288/288
f 292/292/292 288/288/288 290/290/290
f 267/267/267 292/292/292 289/289/289
f 288/288/288 292/292/292 267/267/267
f 290/290/290 291/291/291 294/294/294
f 294/294/294 292/292/292 290/290/290
f 292/292/292 294/294/294 293/293/293
f 293/293/293 289/289/289 292/292/292
f 287/287/287 297/297/297 299/299/299
f 299/299/299 298/298/298 287/287/287
f 298/298/298 299/299/299 291/291/291
f 291/291/291 290/290/290 298/298/298
f 322/322/322 288/288/288 267/267/267
f 267/267/267 268/268/268 322/322/322
f 288/288/288 322/322/322 270/270/270
f 270/270/270 269/269/269 288/288/288
f 323/323/323 322/322/322 268/268/268
f 268/268/268 321/321/321 323/323/323
f 318/318/318 270/270/270 322/322/322
f 322/322/322 323/323/323 318/318/318
f 307/307/307 271/271/271 300/300/300
f 301/301/301 307/307/307 302/302/302
f 271/271/271 307/307/307 301/301/301
f 304/304/304 301/301/301 302/302/302
f 269/269/269 304/304/304 287/287/287
f 301/301/301 304/304/304 269/269/269
f 302/302/302 303/303/303 305/305/305
f 305/305/305 304/304/304 302/302/302
f 304/304/304 305/305/305 297/297/297
f 297/297/297 287/287/287 304/304/304
f 300/300/300 306/306/306 308/308/308
f 308/308/308 307/307/307 300/300/300
f 307/307/307 308/308/308 303/303/303
f 303/303/303 302/302/302 307/307/307
f 319/319/319 301/301/301 269/269/269
f 269/269/269 270/270/270 319/319/319
f 301/301/301 319/319/319 272/272/272
f 272/272/272 271/271/271 301/301/301
f 320/320/320 319/319/319 270/270/270
f 270/270/270 318/318/318 320/320/320
f 315/315/315 272/272/272 319/319/319
f 319/319/319 320/320/320 315/315/315
f 309/309/309 310/310/310 300/300/300
f 300/300/300 271/271/271 309/309/309
f 317/317/317 316/316/316 272/272/272
f 272/272/272 315/315/315 317/317/317
f 293/293/293 282/282/282 296/296/296
f 277/277/277 296/296/296 282/282/282
f 296/296/296 276/276/276 295/295/295
f 277/277/277 276/276/276 296/296/296
f 293/293/293 296/296/296 289/289/289
f 283/283/283 282/282/282 294/294/294
f 284/284/284 283/283/283 299/299/299
f 283/283/283 294/294/294 291/291/291
f 283/283/283 291/291/291 299/299/299
f 293/293/293 294/294/294 282/282/282
f 295/295/295 276/276/276 275/275/275
f 275/275/275 324/324/324 295/295/295
f 324/324/324 268/268/268 267/267/267
f 267/267/267 295/295/295 324/324/324
f 274/274/274 324/324/324 275/275/275
f 273/273/273 325/325/325 274/274/274
f 324/324/324 274/274/274 325/325/325
f 314/314/314 325/325/325 273/273/273
f 313/313/313 323/323/323 314/314/314
f 321/321/321 314/314/314 323/323/323
f 313/313/313 318/318/318 323/323/323
f 325/325/325 314/314/314 321/321/321
f 297/297/297 284/284/284 299/299/299
f 297/297/297 305/305/305 284/284/284
f 285/285/285 284/284/284 305/305/305
f 285/285/285 305/305/305 303/303/303
f 285/285/285 303/303/303 308/308/308
f 308/308/308 286/286/286 285/285/285
f 310/310/310 286/286/286 306/306/306
f 278/278/278 286/286/286 310/310/310
f 306/306/306 300/300/300 310/310/310
f 278/278/278 310/310/310 309/309/309
f 309/309/309 279/279/279 278/278/278
f 286/286/286 308/308/308 306/306/306
f 272/272/272 316/316/316 309/309/309
f 309/309/309 271/271/271 272/272/272
f 312/312/312 315/315/315 320/320/320
f 317/317/317 315/315/315 312/312/312
f 320/320/320 313/313/313 312/312/312
f 318/318/318 313/313/313 320/320/320
f 316/316/316 280/280/280 279/279/279
f 279/279/279 309/309/309 316/316/316
f 281/281/281 280/280/280 316/316/316
f 311/311/311 281/281/281 317/317/317
f 316/316/316 317/317/317 281/281/281
f 312/312/312 311/311/311 317/317/317
f 337/337/337 330/330/330 331/331/331
f 336/336/336 337/337/337 331/331/331
f 336/336/336 333/333/333 335/335/335
f 335/335/335 333/333/333 334/334/334
f 331/331/331 333/333/333 336/336/336
f 327/327/327 328/328/328 331/331/331
f 331/331/331 328/328/328 333/333/333
f 332/332/332 333/333/333 329/329/329
f 328/328/328 329/329/329 333/333/333
f 326/326/326 327/327/327 331/331/331
f 338/338/338 361/361/361 368/368/368
f 368/368/368 367/367/367 338/338/338
f 392/392/392 339/339/339 395/395/395
f 395/395/395 396/396/396 392/392/392
f 370/370/370 340/340/340 359/359/359
f 360/360/360 370/370/370 362/362/362
f 340/340/340 370/370/370 360/360/360
f 364/364/364 360/360/360 362/362/362
f 338/338/338 364/364/364 361/361/361
f 360/360/360 364/364/364 338/338/338
f 362/362/362 363/363/363 366/366/366
f 366/366/366 364/364/364 362/362/362
f 364/364/364 366/366/366 365/365/365
f 365/365/365 361/361/361 364/364/364
f 359/359/359 369/369/369 371/371/371
f 371/371/371 370/370/370 359/359/359
f 370/370/370 371/371/371 363/363/363
f 363/363/363 362/362/362 370/370/370
f 393/393/393 360/360/360 338/338/338
f 338/338/338 339/339/339 393/393/393
f 360/360/360 393/393/393 341/341/341
f 341/341/341 340/340/340 360/360/360
f 394/394/394 393/393/393 339/339/339
f 339/339/339 392/392/392 394/394/394
f 389/389/389 341/341/341 393/393/393
f 393/393/393 394/394/394 389/389/389
f 379/379/379 342/342/342 372/372/372
f 373/373/373 379/379/379 374/374/374
f 342/342/342 379/379/379 373/373/373
f 376/376/376 373/373/373 374/374/374
f 340/340/340 376/376/376 359/359/359
f 373/373/373 376/376/376 340/340/340
f 374/374/374 375/375/375 377/377/377
f 377/377/377 376/376/376 374/374/374
f 376/376/376 377/377/377 369/369/369
f 369/369/369 359/359/359 376/376/376
f 372/372/372 378/378/378 380/380/380
f 380/380/380 379/379/379 372/372/372
f 379/379/379 380/380/380 375/375/375
f 375/375/375 374/374/374 379/379/379
f 390/390/390 373/373/373 340/340/340
f 340/340/340 341/341/341 390/390/390
f 373/373/373 390/390/390 343/343/343
f 343/343/343 342/342/342 373/373/373
f 391/391/391 390/390/390 341/341/341
f 341/341/341 389/389/389 391/391/391
f 386/386/386 343/343/343 390/390/390
f 390/390/390 391/391/391 386/386/386
f 381/381/381 382/382/382 372/372/372
f 372/372/372 342/342/342 381/381/381
f 388/388/388 387/387/387 343/343/343
f 343/343/343 386/386/386 388/388/388
f 365/365/365 354/354/354 368/368/368
f 348/348/348 368/368/368 354/354/354
f 368/368/368 347/347/347 367/367/367
f 348/348/348 347/347/347 368/368/368
f 365/365/365 368/368/368 361/361/361
f 355/355/355 354/354/354 366/366/366
f 356/356/356 355/355/355 371/371/371
f 355/355/355 366/366/366 363/363/363
f 355/355/355 363/363/363 371/371/371
f 365/365/365 366/366/366 354/354/354
f 367/367/367 347/347/347 346/346/346
f 346/346/346 395/395/395 367/367/367
f 395/395/395 339/339/339 338/338/338
f 338/338/338 367/367/367 395/395/395
f 345/345/345 395/395/395 346/346/346
f 344/344/344 396/396/396 345/345/345
f 395/395/395 345/345/345 396/396/396
f 385/385/385 396/396/396 344/344/344
f 384/384/384 394/394/394 385/385/385
f 392/392/392 385/385/385 394/394/394
f 384/384/384 389/389/389 394/394/394
f 396/396/396 385/385/385 392/392/392
f 369/369/369 356/356/356 371/371/371
f 369/369/369 377/377/377 356/356/356
f 357/357/357 356/356/356 377/377/377
f 357/357/357 377/377/377 375/375/375
f 357/357/357 375/375/375 380/380/380
f 380/380/380 358/358/358 357/357/357
f 382/382/382 358/358/358 378/378/378
f 349/349/349 358/358/358 382/382/382
f 378/378/378 372/372/372 382/382/382
f 349/349/349 382/382/382 381/381/381
f 381/381/381 350/350/350 349/349/349
f 358/358/358 380/380/380 378/378/378
f 343/343/343 387/387/387 381/381/381
f 381/381/381 342/342/342 343/343/343
f 383/383/383 386/386/386 391/391/391
f 388/388/388 386/386/386 383/383/383
f 391/391/391 384/384/384 383/383/383
f 389/389/389 384/384/384 391/391/391
f 387/387/387 351/351/351 350/350/350
f 350/350/350 381/381/381 387/387/387
f 352/352/352 351/351/351 387/387/387
f 353/353/353 352/352/352 388/388/388
f 387/387/387 388/388/388 352/352/352
f 383/383/383 353/353/353 388/388/388
f 408/408/408 403/403/403 407/407/407
f 401/401/401 404/404/404 407/407/407
f 405/405/405 406/406/406 404/404/404
f 407/407/407 404/404/404 406/406/406
f 403/403/403 408/408/408 397/397/397
f 400/400/400 403/403/403 399/399/399
f 401/401/401 403/403/403 400/400/400
f 401/401/401 402/402/402 404/404/404
f 402/402/402 398/398/398 404/404/404
f 401/401/401 407/407/407 403/403/403
f 409/409/409 431/431/431 438/438/438
f 438/438/438 437/437/437 409/409/409
f 463/463/463 410/410/410 466/466/466
f 466/466/466 467/467/467 463/463/463
f 440/440/440 411/411/411 429/429/429
f 430/430/430 440/440/440 432/432/432
f 411/411/411 440/440/440 430/430/430
f 434/434/434 430/430/430 432/432/432
f 409/409/409 434/434/434 431/431/431
f 430/430/430 434/434/434 409/409/409
f 432/432/432 433/433/433 436/436/436
f 436/436/436 434/434/434 432/432/432
f 434/434/434 436/436/436 435/435/435
f 435/435/435 431/431/431 434/434/434
f 429/429/429 439/439/439 441/441/441
f 441/441/441 440/440/440 429/429/429
f 440/440/440 441/441/441 433/433/433
f 433/433/433 432/432/432 440/440/440
f 464/464/464 430/430/430 409/409/409
f 409/409/409 410/410/410 464/464/464
f 430/430/430 464/464/464 412/412/412
f 412/412/412 411/411/411 430/430/430
f 465/465/465 464/464/464 410/410/410
f 410/410/410 463/463/463 465/465/465
f 460/460/460 412/412/412 464/464/464
f 464/464/464 465/465/465 460/460/460
f 449/449/449 413/413/413 442/442/442
f 443/443/443 449/449/449 444/444/444
f 413/413/413 449/449/449 443/443/443
f 446/446/446 443/443/443 444/444/444
f 411/411/411 446/446/446 429/429/429
f 443/443/443 446/446/446 411/411/411
f 444/444/444 445/445/445 447/447/447
f 447/447/447 446/446/446 444/444/444
f 446/446/446 447/447/447 439/439/439
f 439/439/439 429/429/429 446/446/446
f 442/442/442 448/448/448 450/450/450
f 450/450/450 449/449/449 442/442/442
f 449/449/449 450/450/450 445/445/445
f 445/445/445 444/444/444 449/449/449
f 461/461/461 443/443/443 411/411/411
f 411/411/411 412/412/412 461/461/461
f 443/443/443 461/461/461 414/414/414
f 414/414/414 413/413/413 443/443/443
f 462/462/462 461/461/461 412/412/412
f 412/412/412 460/460/460 462/462/462
f 457/457/457 414/414/414 461/461/461
f 461/461/461 462/462/462 457/457/457
f 451/451/451 452/452/452 442/442/442
f 442/442/442 413/413/413 451/451/451
f 459/459/459 458/458/458 414/414/414
f 414/414/414 457/457/457 459/459/459
f 435/435/435 424/424/424 438/438/438
f 419/419/419 438/438/438 424/424/424
f 438/438/438 418/418/418 437/437/437
f 419/419/419 418/418/418 438/438/438
f 435/435/435 438/438/438 431/431/431
f 425/425/425 424/424/424 436/436/436
f 426/426/426 425/425/425 441/441/441
f 425/425/425 436/436/436 433/433/433
f 425/425/425 433/433/433 441/441/441
f 435/435/435 436/436/436 424/424/424
f 437/437/437 418/418/418 417/417/417
f 417/417/417 466/466/466 437/437/437
f 466/466/466 410/410/410 409/409/409
f 409/409/409 437/437/437 466/466/466
f 416/416/416 466/466/466 417/417/417
f 415/415/415 467/467/467 416/416/416
f 466/466/466 416/416/416 467/467/467
f 456/456/456 467/467/467 415/415/415
f 455/455/455 465/465/465 456/456/456
f 463/463/463 456/456/456 465/465/465
f 455/455/455 460/460/460 465/465/465
f 467/467/467 456/456/456 463/463/463
f 439/439/439 426/426/426 441/441/441
f 439/439/439 447/447/447 426/426/426
f 427/427/427 426/426/426 447/447/447
f 427/427/427 447/447/447 445/445/445
f 427/427/427 445/445/445 450/450/450
f 450/450/450 428/428/428 427/427/427
f 452/452/452 428/428/428 448/448/448
f 420/420/420 428/428/428 452/452/452
f 448/448/448 442/442/442 452/452/452
f 420/420/420 452/452/452 451/451/451
f 451/451/451 421/421/421 420/420/420
f 428/428/428 450/450/450 448/448/448
f 414/414/414 458/458/458 451/451/451
f 451/451/451 413/413/413 414/414/414
f 454/454/454 457/457/457 462/462/462
f 459/459/459 457/457/457 454/454/454
f 462/462/462 455/455/455 454/454/454
f 460/460/460 455/455/455 462/462/462
f 458/458/458 422/422/422 421/421/421
f 421/421/421 451/451/451 458/458/458
f 423/423/423 422/422/422 458/458/458
f 453/453/453 423/423/423 459/459/459
f 458/458/458 459/459/459 423/423/423
f 454/454/454 453/453/453 459/459/459
f 479/479/479 473/473/473 474/474/474
f 478/478/478 479/479/479 474/474/474
f 478/478/478 475/475/475 477/477/477
f 477/477/477 475/475/475 476/476/476
f 474/474/474 471/471/471 478/478/478
f 470/470/470 471/471/471 474/474/474
f 478/478/478 471/471/471 475/475/475
f 468/468/468 475/475/475 472/472/472
f 471/471/471 472/472/472 475/475/475
f 469/469/469 470/470/470 474/474/474
f 480/480/480 503/503/503 510/510/510
f 510/510/510 509/509/509 480/480/480
f 534/534/534 481/481/481 537/537/537
f 537/537/537 538/538/538 534/534/534
f 512/512/512 482/482/482 501/501/501
f 502/502/502 512/512/512 504/504/504
f 482/482/482 512/512/512 502/502/502
f 506/506/506 502/502/502 504/504/504
f 480/480/480 506/506/506 503/503/503
f 502/502/502 506/506/506 480/480/480
f 504/504/504 505/505/505 508/508/508
f 508/508/508 506/506/506 504/504/504
f 506/506/506 508/508/508 507/507/507
f 507/507/507 503/503/503 506/506/506
f 501/501/501 511/511/511 513/513/513
f 513/513/513 512/512/512 501/501/501
f 512/512/512 513/513/513 505/505/505
f 505/505/505 504/504/504 512/512/512
f 535/535/535 502/502/502 480/480/480
f 480/480/480 481/481/481 535/535/535
f 502/502/502 535/535/535 483/483/483
f 483/483/483 482/482/482 502/502/502
f 536/536/536 535/535/535 481/481/481
f 481/481/481 534/534/534 536/536/536
f 531/531/531 483/483/483 535/535/535
f 535/535/535 536/536/536 531/531/531
f 521/521/521 484/484/484 514/514/514
f 515/515/515 521/521/521 516/516/516
f 484/484/484 521/521/521 515/515/515
f 518/518/518 515/515/515 516/516/516
f 482/482/482 518/518/518 501/501/501
f 515/515/515 518/518/518 482/482/482
f 516/516/516 517/517/517 519/519/519
f 519/519/519 518/518/518 516/516/516
f 518/518/518 519/519/519 511/511/511
f 511/511/511 501/501/501 518/518/518
f 514/514/514 520/520/520 522/522/522
f 522/522/522 521/521/521 514/514/514
f 521/521/521 522/522/522 517/517/517
f 517/517/517 516/516/516 521/521/521
f 532/532/532 515/515/515 482/482/482
f 482/482/482 483/483/483 532/532/532
f 515/515/515 532/532/532 485/485/485
f 485/485/485 484/484/484 515/515/515
f 533/533/533 532/532/532 483/483/483
f 483/483/483 531/531/531 533/533/533
f 528/528/528 485/485/485 532/532/532
f 532/532/532 533/533/533 528/528/528
f 523/523/523 524/524/524 514/514/514
f 514/514/514 484/484/484 523/523/523
f 530/530/530 529/529/529 485/485/485
f 485/485/485 528/528/528 530/530/530
f 507/507/507 496/496/496 510/510/510
f 495/495/495 510/510/510 496/496/496
f 510/510/510 489/489/489 509/509/509
f 495/495/495 489/489/489 510/510/510
f 507/507/507 510/510/510 503/503/503
f 497/497/497 496/496/496 508/508/508
f 498/498/498 497/497/497 513/513/513
f 497/497/497 508/508/508 505/505/505
f 497/497/497 505/505/505 513/513/513
f 507/507/507 508/508/508 496/496/496
f 509/509/509 489/489/489 488/488/488
f 488/488/488 537/537/537 509/509/509
f 537/537/537 481/481/481 480/480/480
f 480/480/480 509/509/509 537/537/537
f 487/487/487 537/537/537 488/488/488
f 486/486/486 538/538/538 487/487/487
f 537/537/537 487/487/487 538/538/538
f 527/527/527 538/538/538 486/486/486
f 526/526/526 536/536/536 527/527/527
f 534/534/534 527/527/527 536/536/536
f 526/526/526 531/531/531 536/536/536
f 538/538/538 527/527/527 534/534/534
f 511/511/511 498/498/498 513/513/513
f 511/511/511 519/519/519 498/498/498
f 499/499/499 498/498/498 519/519/519
f 499/499/499 519/519/519 517/517/517
f 499/499/499 517/517/517 522/522/522
f 522/522/522 500/500/500 499/499/499
f 524/524/524 500/500/500 520/520/520
f 490/490/490 500/500/500 524/524/524
f 520/520/520 514/514/514 524/524/524
f 490/490/490 524/524/524 523/523/523
f 523/523/523 491/491/491 490/490/490
f 500/500/500 522/522/522 520/520/520
f 485/485/485 529/529/529 523/523/523
f 523/523/523 484/484/484 485/485/485
f 525/525/525 528/528/528 533/533/533
f 530/530/530 528/528/528 525/525/525
f 533/533/533 526/526/526 525/525/525
f 531/531/531 526/526/526 533/533/533
f 529/529/529 492/492/492 491/491/491
f 491/491/491 523/523/523 529/529/529
f 493/493/493 492/492/492 529/529/529
f 494/494/494 493/493/493 530/530/530
f 529/529/529 530/530/530 493/493/493
f 525/525/525 494/494/494 530/530/530
f 550/550/550 544/544/544 549/549/549
f 544/544/544 546/546/546 549/549/549
f 547/547/547 548/548/548 546/546/546
f 549/549/549 546/546/546 548/548/548
f 544/544/544 550/550/550 543/543/543
f 540/540/540 544/544/544 539/539/539
f 541/541/541 544/544/544 540/540/540
f 541/541/541 542/542/542 546/546/546
f 542/542/542 545/545/545 546/546/546
f 541/541/541 546/546/546 544/544/544
f 551/551/551 574/574/574 581/581/581
f 581/581/581 580/580/580 551/551/551
f 605/605/605 552/552/552 608/608/608
f 608/608/608 609/609/609 605/605/605
f 583/583/583 553/553/553 572/572/572
f 573/573/573 583/583/583 575/575/575
f 553/553/553 583/583/583 573/573/573
f 577/577/577 573/573/573 575/575/575
f 551/551/551 577/577/577 574/574/574
f 573/573/573 577/577/577 551/551/551
f 575/575/575 576/576/576 579/579/579
f 579/579/579 577/577/577 575/575/575
f 577/577/577 579/579/579 578/578/578
f 578/578/578 574/574/574 577/577/577
f 572/572/572 582/582/582 584/584/584
f 584/584/584 583/583/583 572/572/572
f 583/583/583 584/584/584 576/576/576
f 576/576/576 575/575/575 583/583/583
f 606/606/606 573/573/573 551/551/551
f 551/551/551 552/552/552 606/606/606
f 573/573/573 606/606/606 554/554/554
f 554/554/554 553/553/553 573/573/573
f 607/607/607 606/606/606 552/552/552
f 552/552/552 605/605/605 607/607/607
f 602/602/602 554/554/554 606/606/606
f 606/606/606 607/607/607 602/602/602
f 592/592/592 555/555/555 585/585/585
f 586/586/586 592/592/592 587/587/587
f 555/555/555 592/592/592 586/586/586
f 589/589/589 586/586/586 587/587/587
f 553/553/553 589/589/589 572/572/572
f 586/586/586 589/589/589 553/553/553
f 587/587/587 588/588/588 590/590/590
f 590/590/590 589/589/589 587/587/587
f 589/589/589 590/590/590 582/582/582
f 582/582/582 572/572/572 589/589/589
f 585/585/585 591/591/591 593/593/593
f 593/593/593 592/592/592 585/585/585
f 592/592/592 593/593/593 588/588/588
f 588/588/588 587/587/587 592/592/592
f 603/603/603 586/586/586 553/553/553
f 553/553/553 554/554/554 603/603/603
f 586/586/586 603/603/603 556/556/556
f 556/556/556 555/555/555 586/586/586
f 604/604/604 603/603/603 554/554/554
f 554/554/554 602/602/602 604/604/604
f 599/599/599 556/556/556 603/603/603
f 603/603/603 604/604/604 599/599/599
f 594/594/594 595/595/595 585/585/585
f 585/585/585 555/555/555 594/594/594
f 601/601/601 600/600/600 556/556/556
f 556/556/556 599/599/599 601/601/601
f 578/578/578 567/567/567 581/581/581
f 561/561/561 581/581/581 567/567/567
f 581/581/581 560/560/560 580/580/580
f 561/561/561 560/560/560 581/581/581
f 578/578/578 581/581/581 574/574/574
f 568/568/568 567/567/567 579/579/579
f 569/569/569 568/568/568 584/584/584
f 568/568/568 579/579/579 576/576/576
f 568/568/568 576/576/576 584/584/584
f 578/578/578 579/579/579 567/567/567
f 580/580/580 560/560/560 559/559/559
f 559/559/559 608/608/608 580/580/580
f 608/608/608 552/552/552 551/551/551
f 551/551/551 580/580/580 608/608/608
f 558/558/558 608/608/608 559/559/559
f 557/557/557 609/609/609 558/558/558
f 608/608/608 558/558/558 609/609/609
f 598/598/598 609/609/609 557/557/557
f 597/597/597 607/607/607 598/598/598
f 605/605/605 598/598/598 607/607/607
f 597/597/597 602/602/602 607/607/607
f 609/609/609 598/598/598 605/605/605
f 582/582/582 569/569/569 584/584/584
f 582/582/582 590/590/590 569/569/569
f 570/570/570 569/569/569 590/590/590
f 570/570/570 590/590/590 588/588/588
f 570/570/570 588/588/588 593/593/593
f 593/593/593 571/571/571 570/570/570
f 595/595/595 571/571/571 591/591/591
f 562/562/562 571/571/571 595/595/595
f 591/591/591 585/585/585 595/595/595
f 562/562/562 595/595/595 594/594/594
f 594/594/594 563/563/563 562/562/562
f 571/571/571 593/593/593 591/591/591
f 556/556/556 600/600/600 594/594/594
f 594/594/594 555/555/555 556/556/556
f 596/596/596 599/599/599 604/604/604
f 601/601/601 599/599/599 596/596/596
f 604/604/604 597/597/597 596/596/596
f 602/602/602 597/597/597 604/604/604
f 600/600/600 564/564/564 563/563/563
f 563/563/563 594/594/594 600/600/600
f 565/565/565 564/564/564 600/600/600
f 566/566/566 565/565/565 601/601/601
f 600/600/600 601/601/601 565/565/565
f 596/596/596 566/566/566 601/601/601
f 621/621/621 615/615/615 616/616/616
f 620/620/620 621/621/621 616/616/616
f 620/620/620 617/617/617 619/619/619
f 619/619/619 617/617/617 618/618/618
f 616/616/616 617/617/617 620/620/620
f 612/612/612 613/613/613 616/616/616
f 616/616/616 613/613/613 617/617/617
f 610/610/610 617/617/617 614/614/614
f 613/613/613 614/614/614 617/617/617
f 611/611/611 612/612/612 616/616/616
f 622/622/622 645/645/645 652/652/652
f 652/652/652 651/651/651 622/622/622
f 676/676/676 623/623/623 679/679/679
f 679/679/679 680/680/680 676/676/676
f 654/654/654 624/624/624 643/643/643
f 644/644/644 654/654/654 646/646/646
f 624/624/624 654/654/654 644/644/644
f 648/648/648 644/644/644 646/646/646
f 622/622/622 648/648/648 645/645/645
f 644/644/644 648/648/648 622/622/622
f 646/646/646 647/647/647 650/650/650
f 650/650/650 648/648/648 646/646/646
f 648/648/648 650/650/650 649/649/649
f 649/649/649 645/645/645 648/648/648
f 643/643/643 653/653/653 655/655/655
f 655/655/655 654/654/654 643/643/643
f 654/654/654 655/655/655 647/647/647
f 647/647/647 646/646/646 654/654/654
f 677/677/677 644/644/644 622/622/622
f 622/622/622 623/623/623 677/677/677
f 644/644/644 677/677/677 625/625/625
f 625/625/625 624/624/624 644/644/644
f 678/678/678 677/677/677 623/623/623
f 623/623/623 676/676/676 678/678/678
f 673/673/673 625/625/625 677/677/677
f 677/677/677 678/678/678 673/673/673
f 663/663/663 626/626/626 656/656/656
f 657/657/657 663/663/663 658/658/658
f 626/626/626 663/663/663 657/657/657
f 660/660/660 657/657/657 658/658/658
f 624/624/624 660/660/660 643/643/643
f 657/657/657 660/660/660 624/624/624
f 658/658/658 659/659/659 661/661/661
f 661/661/661 660/660/660 658/658/658
f 660/660/660 661/661/661 653/653/653
f 653/653/653 643/643/643 660/660/660
f 656/656/656 662/662/662 664/664/664
f 664/664/664 663/663/663 656/656/656
f 663/663/663 664/664/664 659/659/659
f 659/659/659 658/658/658 663/663/663
f 674/674/674 657/657/657 624/624/624
f 624/624/624 625/625/625 674/674/674
f 657/657/657 674/674/674 627/627/627
f 627/627/627 626/626/626 657/657/657
f 675/675/675 674/674/674 625/625/625
f 625/625/625 673/673/673 675/675/675
f 670/670/670 627/627/627 674/674/674
f 674/674/674 675/675/675 670/670/670
f 665/665/665 666/666/666 656/656/656
f 656/656/656 626/626/626 665/665/665
f 672/672/672 671/671/671 627/627/627
f 627/627/627 670/670/670 672/672/672
f 649/649/649 638/638/638 652/652/652
f 637/637/637 652/652/652 638/638/638
f 652/652/652 631/631/631 651/651/651
f 637/637/637 631/631/631 652/652/652
f 649/649/649 652/652/652 645/645/645
f 639/639/639 638/638/638 650/650/650
f 640/640/640 639/639/639 655/655/655
f 639/639/639 650/650/650 647/647/647
f 639/639/639 647/647/647 655/655/655
f 649/649/649 650/650/650 638/638/638
f 651/651/651 631/631/631 630/630/630
f 630/630/630 679/679/679 651/651/651
f 679/679/679 623/623/623 622/622/622
f 622/622/622 651/651/651 679/679/679
f 629/629/629 679/679/679 630/630/630
f 628/628/628 680/680/680 629/629/629
f 679/679/679 629/629/629 680/680/680
f 669/669/669 680/680/680 628/628/628
f 668/668/668 678/678/678 669/669/669
f 676/676/676 669/669/669 678/678/678
f 668/668/668 673/673/673 678/678/678
f 680/680/680 669/669/669 676/676/676
f 653/653/653 640/640/640 655/655/655
f 653/653/653 661/661/661 640/640/640
f 641/641/641 640/640/640 661/661/661
f 641/641/641 661/661/661 659/659/659
f 641/641/641 659/659/659 664/664/664
f 664/664/664 642/642/642 641/641/641
f 666/666/666 642/642/642 662/662/662
f 632/632/632 642/642/642 666/666/666
f 662/662/662 656/656/656 666/666/666
f 632/632/632 666/666/666 665/665/665
f 665/665/665 633/633/633 632/632/632
f 642/642/642 664/664/664 662/662/662
f 627/627/627 671/671/671 665/665/665
f 665/665/665 626/626/626 627/627/627
f 667/667/667 670/670/670 675/675/675
f 672/672/672 670/670/670 667/667/667
f 675/675/675 668/668/668 667/667/667
f 673/673/673 668/668/668 675/675/675
f 671/671/671 634/634/634 633/633/633
f 633/633/633 665/665/665 671/671/671
f 635/635/635 634/634/634 671/671/671
f 636/636/636 635/635/635 672/672/672
f 671/671/671 672/672/672 635/635/635
f 667/667/667 636/636/636 672/672/672
f 692/692/692 687/687/687 691/691/691
f 687/687/687 689/689/689 691/691/691
f 681/681/681 690/690/690 689/689/689
f 691/691/691 689/689/689 690/690/690
f 687/687/687 692/692/692 686/686/686
f 683/683/683 687/687/687 682/682/682
f 684/684/684 687/687/687 683/683/683
f 684/684/684 685/685/685 689/689/689
f 685/685/685 688/688/688 689/689/689
f 684/684/684 689/689/689 687/687/687
f 693/693/693 715/715/715 722/722/722
f 722/722/722 721/721/721 693/693/693
f 747/747/747 694/694/694 750/750/750
f 750/750/750 751/751/751 747/747/747
f 724/724/724 695/695/695 713/713/713
f 714/714/714 724/724/724 716/716/716
f 695/695/695 724/724/724 714/714/714
f 718/718/718 714/714/714 716/716/716
f 693/693/693 718/718/718 715/715/715
f 714/714/714 718/718/718 693/693/693
f 716/716/716 717/717/717 720/720/720
f 720/720/720 718/718/718 716/716/716
f 718/718/718 720/720/720 719/719/719
f 719/719/719 715/715/715 718/718/718
f 713/713/713 723/723/723 725/725/725
f 725/725/725 724/724/724 713/713/713
f 724/724/724 725/725/725 717/717/717
f 717/717/717 716/716/716 724/724/724
f 748/748/748 714/714/714 693/693/693
f 693/693/693 694/694/694 748/748/748
f 714/714/714 748/748/748 696/696/696
f 696/696/696 695/695/695 714/714/714
f 749/749/749 748/748/748 694/694/694
f 694/694/694 747/747/747 749/749/749
f 744/744/744 696/696/696 748/748/748
f 748/748/748 749/749/749 744/744/744
f 733/733/733 697/697/697 726/726/726
f 727/727/727 733/733/733 728/728/728
f 697/697/697 733/733/733 727/727/727
f 730/730/730 727/727/727 728/728/728
f 695/695/695 730/730/730 713/713/713
f 727/727/727 730/730/730 695/695/695
f 728/728/728 729/729/729 731/731/731
f 731/731/731 730/730/730 728/728/728
f 730/730/730 731/731/731 723/723/723
f 723/723/723 713/713/713 730/730/730
f 726/726/726 732/732/732 734/734/734
f 734/734/734 733/733/733 726/726/726
f 733/733/733 734/734/734 729/729/729
f 729/729/729 728/728/728 733/733/733
f 745/745/745 727/727/727 695/695/695
f 695/695/695 696/696/696 745/745/745
f 727/727/727 745/745/745 698/698/698
f 698/698/698 697/697/697 727/727/727
f 746/746/746 745/745/745 696/696/696
f 696/696/696 744/744/744 746/746/746
f 741/741/741 698/698/698 745/745/745
f 745/745/745 746/746/746 741/741/741
f 735/735/735 736/736/736 726/726/726
f 726/726/726 697/697/697 735/735/735
f 743/743/743 742/742/742 698/698/698
f 698/698/698 741/741/741 743/743/743
f 719/719/719 708/708/708 722/722/722
f 703/703/703 722/722/722 708/708/708
f 722/722/722 702/702/702 721/721/721
f 703/703/703 702/702/702 722/722/722
f 719/719/719 722/722/722 715/715/715
f 709/709/709 708/708/708 720/720/720
f 710/710/710 709/709/709 725/725/725
f 709/709/709 720/720/720 717/717/717
f 709/709/709 717/717/717 725/725/725
f 719/719/719 720/720/720 708/708/708
f 721/721/721 702/702/702 701/701/701
f 701/701/701 750/750/750 721/721/721
f 750/750/750 694/694/694 693/693/693
f 693/693/693 721/721/721 750/750/750
f 700/700/700 750/750/750 701/701/701
f 699/699/699 751/751/751 700/700/700
f 750/750/750 700/700/700 751/751/751
f 740/740/740 751/751/751 699/699/699
f 739/739/739 749/749/749 740/740/740
f 747/747/747 740/740/740 749/749/749
f 739/739/739 744/744/744 749/749/749
f 751/751/751 740/740/740 747/747/747
f 723/723/723 710/710/710 725/725/725
f 723/723/723 731/731/731 710/710/710
f 711/711/711 710/710/710 731/731/731
f 711/711/711 731/731/731 729/729/729
f 711/711/711 729/729/729 734/734/734
f 734/734/734 712/712/712 711/711/711
f 736/736/736 712/712/712 732/732/732
f 704/704/704 712/712/712 736/736/736
f 732/732/732 726/726/726 736/736/736
f 704/704/704 736/736/736 735/735/735
f 735/735/735 705/705/705 704/704/704
f 712/712/712 734/734/734 732/732/732
f 698/698/698 742/742/742 735/735/735
f 735/735/735 697/697/697 698/698/698
f 738/738/738 741/741/741 746/746/746
f 743/743/743 741/741/741 738/738/738
f 746/746/746 739/739/739 738/738/738
f 744/744/744 739/739/739 746/746/746
f 742/742/742 706/706/706 705/705/705
f 705/705/705 735/735/735 742/742/742
f 707/707/707 706/706/706 742/742/742
f 737/737/737 707/707/707 743/743/743
f 742/742/742 743/743/743 707/707/707
f 738/738/738 737/737/737 743/743/743
f 761/761/761 763/763/763 760/760/760
f 755/755/755 758/758/758 760/760/760
f 752/752/752 759/759/759 758/758/758
f 760/760/760 758/758/758 759/759/759
f 763/763/763 761/761/761 762/762/762
f 754/754/754 763/763/763 753/753/753
f 755/755/755 763/763/763 754/754/754
f 755/755/755 756/756/756 758/758/758
f 756/756/756 757/757/757 758/758/758
f 755/755/755 760/760/760 763/763/763
f 1037/1037/1037 1039/1039/1039 1038/1038/1038
f 1038/1038/1038 1033/1033/1033 1037/1037/1037
f 1037/1037/1037 1033/1033/1033 1030/1030/1030
f 1032/1032/1032 1034/1034/1034 1037/1037/1037
f 1030/1030/1030 1032/1032/1032 1037/1037/1037
f 1032/1032/1032 1030/1030/1030 1010/1010/1010
f 1029/1029/1029 1031/1031/1031 1032/1032/1032
f 1010/1010/1010 1029/1029/1029 1032/1032/1032
f 1040/1040/1040 1036/1036/1036 1035/1035/1035
f 1010/1010/1010 1030/1030/1030 1040/1040/1040
f 1035/1035/1035 1010/1010/1010 1040/1040/1040
f 1030/1030/1030 1033/1033/1033 1042/1042/1042
f 1042/1042/1042 1040/1040/1040 1030/1030/1030
f 1040/1040/1040 1042/1042/1042 1041/1041/1041
f 1041/1041/1041 1036/1036/1036 1040/1040/1040
f 1004/1004/1004 1006/1006/1006 1005/1005/1005
f 1005/1005/1005 1002/1002/1002 1004/1004/1004
f 1004/1004/1004 1002/1002/1002 982/982/982
f 1001/1001/1001 1003/1003/1003 1004/1004/1004
f 982/982/982 1001/1001/1001 1004/1004/1004
f 1014/1014/1014 1009/1009/1009 1007/1007/1007
f 999/999/999 1008/1008/1008 1014/1014/1014
f 1007/1007/1007 999/999/999 1014/1014/1014
f 1016/1016/1016 1014/1014/1014 1008/1008/1008
f 1008/1008/1008 1015/1015/1015 1016/1016/1016
f 1015/1015/1015 1008/1008/1008 1018/1018/1018
f 1012/1012/1012 1000/1000/1000 1015/1015/1015
f 1018/1018/1018 1012/1012/1012 1015/1015/1015
f 1008/1008/1008 999/999/999 1017/1017/1017
f 1017/1017/1017 1018/1018/1018 1008/1008/1008
f 982/982/982 1002/1002/1002 1013/1013/1013
f 1013/1013/1013 1011/1011/1011 982/982/982
f 1005/1005/1005 1000/1000/1000 1012/1012/1012
f 1013/1013/1013 1002/1002/1002 1005/1005/1005
f 1012/1012/1012 1013/1013/1013 1005/1005/1005
f 987/987/987 985/985/985 983/983/983
f 983/983/983 986/986/986 987/987/987
f 969/969/969 981/981/981 990/990/990
f 990/990/990 988/988/988 969/969/969
f 984/984/984 968/968/968 989/989/989
f 990/990/990 981/981/981 984/984/984
f 989/989/989 990/990/990 984/984/984
f 967/967/967 965/965/965 961/961/961
f 961/961/961 966/966/966 967/967/967
f 936/936/936 963/963/963 972/972/972
f 972/972/972 970/970/970 936/936/936
f 964/964/964 962/962/962 971/971/971
f 972/972/972 963/963/963 964/964/964
f 971/971/971 972/972/972 964/964/964
f 952/952/952 950/950/950 937/937/937
f 937/937/937 951/951/951 952/952/952
f 947/947/947 934/934/934 952/952/952
f 951/951/951 931/931/931 947/947/947
f 952/952/952 951/951/951 947/947/947
f 938/938/938 932/932/932 945/945/945
f 946/946/946 933/933/933 938/938/938
f 945/945/945 946/946/946 938/938/938
f 944/944/944 946/946/946 945/945/945
f 945/945/945 916/916/916 944/944/944
f 949/949/949 947/947/947 931/931/931
f 931/931/931 948/948/948 949/949/949
f 938/938/938 940/940/940 939/939/939
f 939/939/939 932/932/932 938/938/938
f 939/939/939 935/935/935 943/943/943
f 941/941/941 932/932/932 939/939/939
f 943/943/943 941/941/941 939/939/939
f 948/948/948 931/931/931 942/942/942
f 943/943/943 935/935/935 948/948/948
f 942/942/942 943/943/943 948/948/948
f 919/919/919 918/918/918 922/922/922
f 920/920/920 895/895/895 919/919/919
f 922/922/922 920/920/920 919/919/919
f 918/918/918 917/917/917 921/921/921
f 921/921/921 922/922/922 918/918/918
f 913/913/913 915/915/915 914/914/914
f 914/914/914 896/896/896 913/913/913
f 889/889/889 891/891/891 890/890/890
f 890/890/890 887/887/887 889/889/889
f 889/889/889 887/887/887 867/867/867
f 886/886/886 888/888/888 889/889/889
f 867/867/867 886/886/886 889/889/889
f 900/900/900 894/894/894 892/892/892
f 884/884/884 893/893/893 900/900/900
f 892/892/892 884/884/884 900/900/900
f 902/902/902 900/900/900 893/893/893
f 893/893/893 901/901/901 902/902/902
f 901/901/901 893/893/893 904/904/904
f 898/898/898 885/885/885 901/901/901
f 904/904/904 898/898/898 901/901/901
f 893/893/893 884/884/884 903/903/903
f 903/903/903 904/904/904 893/893/893
f 867/867/867 887/887/887 899/899/899
f 899/899/899 897/897/897 867/867/867
f 890/890/890 885/885/885 898/898/898
f 899/899/899 887/887/887 890/890/890
f 898/898/898 899/899/899 890/890/890
f 872/872/872 870/870/870 868/868/868
f 868/868/868 871/871/871 872/872/872
f 857/857/857 866/866/866 875/875/875
f 875/875/875 873/873/873 857/857/857
f 869/869/869 856/856/856 874/874/874
f 875/875/875 866/866/866 869/869/869
f 874/874/874 875/875/875 869/869/869
f 852/852/852 850/850/850 837/837/837
f 837/837/837 851/851/851 852/852/852
f 841/841/841 843/843/843 842/842/842
f 842/842/842 819/819/819 841/841/841
f 855/855/855 853/853/853 836/836/836
f 836/836/836 854/854/854 855/855/855
f 850/850/850 839/839/839 855/855/855
f 854/854/854 837/837/837 850/850/850
f 855/855/855 854/854/854 850/850/850
f 842/842/842 840/840/840 846/846/846
f 844/844/844 819/819/819 842/842/842
f 846/846/846 844/844/844 842/842/842
f 851/851/851 837/837/837 845/845/845
f 846/846/846 840/840/840 851/851/851
f 845/845/845 846/846/846 851/851/851
f 841/841/841 819/819/819 848/848/848
f 849/849/849 838/838/838 841/841/841
f 848/848/848 849/849/849 841/841/841
f 847/847/847 849/849/849 848/848/848
f 848/848/848 820/820/820 847/847/847
f 825/825/825 827/827/827 826/826/826
f 826/826/826 797/797/797 825/825/825
f 821/821/821 818/818/818 824/824/824
f 822/822/822 817/817/817 821/821/821
f 824/824/824 822/822/822 821/821/821
f 818/818/818 816/816/816 823/823/823
f 823/823/823 824/824/824 818/818/818
f 804/804/804 802/802/802 798/798/798
f 798/798/798 803/803/803 804/804/804
f 799/799/799 801/801/801 800/800/800
f 800/800/800 795/795/795 799/799/799
f 799/799/799 795/795/795 793/793/793
f 794/794/794 796/796/796 799/799/799
f 793/793/793 794/794/794 799/799/799
f 793/793/793 795/795/795 807/807/807
f 807/807/807 805/805/805 793/793/793
f 800/800/800 792/792/792 806/806/806
f 807/807/807 795/795/795 800/800/800
f 806/806/806 807/807/807 800/800/800
f 1242/1242/1242 1244/1244/1244 1243/1243/1243
f 1243/1243/1243 1240/1240/1240 1242/1242/1242
f 1242/1242/1242 1240/1240/1240 1223/1223/1223
f 1239/1239/1239 1241/1241/1241 1242/1242/1242
f 1223/1223/1223 1239/1239/1239 1242/1242/1242
f 1251/1251/1251 1247/1247/1247 1245/1245/1245
f 791/791/791 1246/1246/1246 1251/1251/1251
f 1245/1245/1245 791/791/791 1251/1251/1251
f 1253/1253/1253 1251/1251/1251 1246/1246/1246
f 1246/1246/1246 1252/1252/1252 1253/1253/1253
f 1252/1252/1252 1246/1246/1246 1255/1255/1255
f 1249/1249/1249 1238/1238/1238 1252/1252/1252
f 1255/1255/1255 1249/1249/1249 1252/1252/1252
f 1246/1246/1246 791/791/791 1254/1254/1254
f 1254/1254/1254 1255/1255/1255 1246/1246/1246
f 1223/1223/1223 1240/1240/1240 1250/1250/1250
f 1250/1250/1250 1248/1248/1248 1223/1223/1223
f 1243/1243/1243 1238/1238/1238 1249/1249/1249
f 1250/1250/1250 1240/1240/1240 1243/1243/1243
f 1249/1249/1249 1250/1250/1250 1243/1243/1243
f 1228/1228/1228 1226/1226/1226 1224/1224/1224
f 1224/1224/1224 1227/1227/1227 1228/1228/1228
f 1212/1212/1212 1222/1222/1222 1231/1231/1231
f 1231/1231/1231 1229/1229/1229 1212/1212/1212
f 1225/1225/1225 1211/1211/1211 1230/1230/1230
f 1231/1231/1231 1222/1222/1222 1225/1225/1225
f 1230/1230/1230 1231/1231/1231 1225/1225/1225
f 1210/1210/1210 1208/1208/1208 1204/1204/1204
f 1204/1204/1204 1209/1209/1209 1210/1210/1210
f 1181/1181/1181 1206/1206/1206 1215/1215/1215
f 1215/1215/1215 1213/1213/1213 1181/1181/1181
f 1207/1207/1207 1205/1205/1205 1214/1214/1214
f 1215/1215/1215 1206/1206/1206 1207/1207/1207
f 1214/1214/1214 1215/1215/1215 1207/1207/1207
f 1197/1197/1197 1195/1195/1195 1182/1182/1182
f 1182/1182/1182 1196/1196/1196 1197/1197/1197
f 1192/1192/1192 1179/1179/1179 1197/1197/1197
f 1196/1196/1196 1176/1176/1176 1192/1192/1192
f 1197/1197/1197 1196/1196/1196 1192/1192/1192
f 1183/1183/1183 1177/1177/1177 1190/1190/1190
f 1191/1191/1191 1178/1178/1178 1183/1183/1183
f 1190/1190/1190 1191/1191/1191 1183/1183/1183
f 1189/1189/1189 1191/1191/1191 1190/1190/1190
f 1190/1190/1190 1163/1163/1163 1189/1189/1189
f 1194/1194/1194 1192/1192/1192 1176/1176/1176
f 1176/1176/1176 1193/1193/1193 1194/1194/1194
f 1183/1183/1183 1185/1185/1185 1184/1184/1184
f 1184/1184/1184 1177/1177/1177 1183/1183/1183
f 1184/1184/1184 1180/1180/1180 1188/1188/1188
f 1186/1186/1186 1177/1177/1177 1184/1184/1184
f 1188/1188/1188 1186/1186/1186 1184/1184/1184
f 1193/1193/1193 1176/1176/1176 1187/1187/1187
f 1188/1188/1188 1180/1180/1180 1193/1193/1193
f 1187/1187/1187 1188/1188/1188 1193/1193/1193
f 1166/1166/1166 1165/1165/1165 1169/1169/1169
f 1167/1167/1167 1144/1144/1144 1166/1166/1166
f 1169/1169/1169 1167/1167/1167 1166/1166/1166
f 1165/1165/1165 1164/1164/1164 1168/1168/1168
f 1168/1168/1168 1169/1169/1169 1165/1165/1165
f 1160/1160/1160 1162/1162/1162 1161/1161/1161
f 1161/1161/1161 1145/1145/1145 1160/1160/1160
f 1138/1138/1138 1140/1140/1140 1139/1139/1139
f 1139/1139/1139 1136/1136/1136 1138/1138/1138
f 1138/1138/1138 1136/1136/1136 1118/1118/1118
f 1135/1135/1135 1137/1137/1137 1138/1138/1138
f 1118/1118/1118 1135/1135/1135 1138/1138/1138
f 1149/1149/1149 1143/1143/1143 1141/1141/1141
f 1133/1133/1133 1142/1142/1142 1149/1149/1149
f 1141/1141/1141 1133/1133/1133 1149/1149/1149
f 1151/1151/1151 1149/1149/1149 1142/1142/1142
f 1142/1142/1142 1150/1150/1150 1151/1151/1151
f 1150/1150/1150 1142/1142/1142 1153/1153/1153
f 1147/1147/1147 1134/1134/1134 1150/1150/1150
f 1153/1153/1153 1147/1147/1147 1150/1150/1150
f 1142/1142/1142 1133/1133/1133 1152/1152/1152
f 1152/1152/1152 1153/1153/1153 1142/1142/1142
f 1118/1118/1118 1136/1136/1136 1148/1148/1148
f 1148/1148/1148 1146/1146/1146 1118/1118/1118
f 1139/1139/1139 1134/1134/1134 1147/1147/1147
f 1148/1148/1148 1136/1136/1136 1139/1139/1139
f 1147/1147/1147 1148/1148/1148 1139/1139/1139
f 1123/1123/1123 1121/1121/1121 1119/1119/1119
f 1119/1119/1119 1122/1122/1122 1123/1123/1123
f 1110/1110/1110 1117/1117/1117 1126/1126/1126
f 1126/1126/1126 1124/1124/1124 1110/1110/1110
f 1120/1120/1120 1109/1109/1109 1125/1125/1125
f 1126/1126/1126 1117/1117/1117 1120/1120/1120
f 1125/1125/1125 1126/1126/1126 1120/1120/1120
f 1105/1105/1105 1103/1103/1103 1090/1090/1090
f 1090/1090/1090 1104/1104/1104 1105/1105/1105
f 1094/1094/1094 1096/1096/1096 1095/1095/1095
f 1095/1095/1095 1075/1075/1075 1094/1094/1094
f 1108/1108/1108 1106/1106/1106 1089/1089/1089
f 1089/1089/1089 1107/1107/1107 1108/1108/1108
f 1103/1103/1103 1092/1092/1092 1108/1108/1108
f 1107/1107/1107 1090/1090/1090 1103/1103/1103
f 1108/1108/1108 1107/1107/1107 1103/1103/1103
f 1095/1095/1095 1093/1093/1093 1099/1099/1099
f 1097/1097/1097 1075/1075/1075 1095/1095/1095
f 1099/1099/1099 1097/1097/1097 1095/1095/1095
f 1104/1104/1104 1090/1090/1090 1098/1098/1098
f 1099/1099/1099 1093/1093/1093 1104/1104/1104
f 1098/1098/1098 1099/1099/1099 1104/1104/1104
f 1094/1094/1094 1075/1075/1075 1101/1101/1101
f 1102/1102/1102 1091/1091/1091 1094/1094/1094
f 1101/1101/1101 1102/1102/1102 1094/1094/1094
f 1100/1100/1100 1102/1102/1102 1101/1101/1101
f 1101/1101/1101 1076/1076/1076 1100/1100/1100
f 1063/1063/1063 1082/1082/1082 1081/1081/1081
f 1081/1081/1081 1050/1050/1050 1063/1063/1063
f 1077/1077/1077 1074/1074/1074 1080/1080/1080
f 1078/1078/1078 1067/1067/1067 1077/1077/1077
f 1080/1080/1080 1078/1078/1078 1077/1077/1077
f 1074/1074/1074 1066/1066/1066 1079/1079/1079
f 1079/1079/1079 1080/1080/1080 1074/1074/1074
f 1062/1062/1062 1060/1060/1060 1052/1052/1052
f 1052/1052/1052 1061/1061/1061 1062/1062/1062
f 1062/1062/1062 1061/1061/1061 1054/1054/1054
f 1055/1055/1055 1054/1054/1054 1061/1061/1061
f 1061/1061/1061 1052/1052/1052 1051/1051/1051
f 1051/1051/1051 1053/1053/1053 1055/1055/1055
f 1055/1055/1055 1061/1061/1061 1051/1051/1051
f 1057/1057/1057 1055/1055/1055 1053/1053/1053
f 1053/1053/1053 1056/1056/1056 1057/1057/1057
f 1065/1065/1065 1063/1063/1063 1050/1050/1050
f 1050/1050/1050 1064/1064/1064 1065/1065/1065
f 1052/1052/1052 1065/1065/1065 1064/1064/1064
f 1064/1064/1064 1051/1051/1051 1052/1052/1052
f 1053/1053/1053 1051/1051/1051 1058/1058/1058
f 1058/1058/1058 1059/1059/1059 1053/1053/1053
f 1038/1038/1038 1256/1256/1256 1041/1041/1041
f 1036/1036/1036 1041/1041/1041 1256/1256/1256
f 1036/1036/1036 1257/1257/1257 1035/1035/1035
f 1257/1257/1257 1036/1036/1036 1256/1256/1256
f 1017/1017/1017 1035/1035/1035 1257/1257/1257
f 1258/1258/1258 1259/1259/1259 1011/1011/1011
f 1011/1011/1011 1013/1013/1013 1258/1258/1258
f 1257/1257/1257 1258/1258/1258 1018/1018/1018
f 1018/1018/1018 1017/1017/1017 1257/1257/1257
f 1011/1011/1011 1259/1259/1259 983/983/983
f 1042/1042/1042 1033/1033/1033 1038/1038/1038
f 1017/1017/1017 999/999/999 1010/1010/1010
f 1010/1010/1010 1035/1035/1035 1017/1017/1017
f 1041/1041/1041 1042/1042/1042 1038/1038/1038
f 1258/1258/1258 1012/1012/1012 1018/1018/1018
f 1013/1013/1013 1012/1012/1012 1258/1258/1258
f 1259/1259/1259 1260/1260/1260 986/986/986
f 986/986/986 983/983/983 1259/1259/1259
f 1038/1038/1038 1028/1028/1028 1256/1256/1256
f 988/988/988 990/990/990 1261/1261/1261
f 986/986/986 1260/1260/1260 989/989/989
f 990/990/990 989/989/989 1260/1260/1260
f 1261/1261/1261 1262/1262/1262 966/966/966
f 966/966/966 961/961/961 1261/1261/1261
f 1261/1261/1261 990/990/990 1260/1260/1260
f 1262/1262/1262 1263/1263/1263 970/970/970
f 970/970/970 972/972/972 1262/1262/1262
f 1264/1264/1264 1265/1265/1265 941/941/941
f 941/941/941 943/943/943 1264/1264/1264
f 1263/1263/1263 1264/1264/1264 951/951/951
f 951/951/951 937/937/937 1263/1263/1263
f 1266/1266/1266 921/921/921 1265/1265/1265
f 988/988/988 1261/1261/1261 961/961/961
f 972/972/972 971/971/971 1262/1262/1262
f 966/966/966 1262/1262/1262 971/971/971
f 951/951/951 1264/1264/1264 942/942/942
f 1264/1264/1264 943/943/943 942/942/942
f 941/941/941 1265/1265/1265 945/945/945
f 1263/1263/1263 937/937/937 970/970/970
f 1265/1265/1265 921/921/921 916/916/916
f 1000/1000/1000 997/997/997 1015/1015/1015
f 995/995/995 996/996/996 1005/1005/1005
f 983/983/983 985/985/985 1001/1001/1001
f 1001/1001/1001 982/982/982 983/983/983
f 983/983/983 982/982/982 1011/1011/1011
f 996/996/996 1000/1000/1000 1005/1005/1005
f 1034/1034/1034 1039/1039/1039 1037/1037/1037
f 999/999/999 1007/1007/1007 1029/1029/1029
f 1029/1029/1029 1010/1010/1010 999/999/999
f 968/968/968 980/980/980 986/986/986
f 996/996/996 997/997/997 1000/1000/1000
f 968/968/968 984/984/984 978/978/978
f 981/981/981 969/969/969 976/976/976
f 988/988/988 961/961/961 969/969/969
f 984/984/984 981/981/981 977/977/977
f 969/969/969 961/961/961 965/965/965
f 968/968/968 986/986/986 989/989/989
f 962/962/962 967/967/967 966/966/966
f 971/971/971 962/962/962 966/966/966
f 958/958/958 964/964/964 963/963/963
f 964/964/964 959/959/959 962/962/962
f 936/936/936 956/956/956 963/963/963
f 970/970/970 937/937/937 936/936/936
f 942/942/942 931/931/931 951/951/951
f 957/957/957 958/958/958 963/963/963
f 935/935/935 929/929/929 948/948/948
f 958/958/958 959/959/959 964/964/964
f 936/936/936 937/937/937 950/950/950
f 928/928/928 935/935/935 939/939/939
f 927/927/927 928/928/928 939/939/939
f 1265/1265/1265 916/916/916 945/945/945
f 921/921/921 917/917/917 916/916/916
f 945/945/945 932/932/932 941/941/941
f 916/916/916 917/917/917 944/944/944
f 928/928/928 929/929/929 935/935/935
f 922/922/922 921/921/921 1266/1266/1266
f 1039/1039/1039 1028/1028/1028 1038/1038/1038
f 922/922/922 1266/1266/1266 920/920/920
f 1267/1267/1267 920/920/920 1266/1266/1266
f 1267/1267/1267 896/896/896 914/914/914
f 920/920/920 1267/1267/1267 914/914/914
f 903/903/903 1267/1267/1267 1268/1268/1268
f 898/898/898 904/904/904 1268/1268/1268
f 1270/1270/1270 897/897/897 1269/1269/1269
f 898/898/898 1268/1268/1268 1269/1269/1269
f 903/903/903 1268/1268/1268 904/904/904
f 903/903/903 896/896/896 1267/1267/1267
f 911/911/911 918/918/918 919/919/919
f 908/908/908 895/895/895 914/914/914
f 914/914/914 895/895/895 920/920/920
f 910/910/910 919/919/919 895/895/895
f 1269/1269/1269 899/899/899 898/898/898
f 897/897/897 1270/1270/1270 868/868/868
f 897/897/897 899/899/899 1269/1269/1269
f 871/871/871 1270/1270/1270 874/874/874
f 874/874/874 1270/1270/1270 1271/1271/1271
f 873/873/873 875/875/875 1271/1271/1271
f 1272/1272/1272 1273/1273/1273 846/846/846
f 846/846/846 845/845/845 1272/1272/1272
f 873/873/873 1271/1271/1271 1272/1272/1272
f 874/874/874 1271/1271/1271 875/875/875
f 1274/1274/1274 844/844/844 1273/1273/1273
f 1276/1276/1276 822/822/822 1275/1275/1275
f 1274/1274/1274 1275/1275/1275 824/824/824
f 824/824/824 823/823/823 1274/1274/1274
f 1276/1276/1276 1277/1277/1277 798/798/798
f 873/873/873 1272/1272/1272 836/836/836
f 1273/1273/1273 844/844/844 846/846/846
f 1272/1272/1272 845/845/845 854/854/854
f 1274/1274/1274 823/823/823 820/820/820
f 822/822/822 1276/1276/1276 826/826/826
f 822/822/822 824/824/824 1275/1275/1275
f 1274/1274/1274 848/848/848 844/844/844
f 798/798/798 1277/1277/1277 806/806/806
f 884/884/884 892/892/892 913/913/913
f 913/913/913 896/896/896 884/884/884
f 903/903/903 884/884/884 896/896/896
f 885/885/885 882/882/882 901/901/901
f 1270/1270/1270 871/871/871 868/868/868
f 868/868/868 867/867/867 897/897/897
f 868/868/868 870/870/870 886/886/886
f 886/886/886 867/867/867 868/868/868
f 890/890/890 881/881/881 885/885/885
f 869/869/869 864/864/864 856/856/856
f 866/866/866 862/862/862 863/863/863
f 869/869/869 866/866/866 863/863/863
f 865/865/865 871/871/871 856/856/856
f 857/857/857 861/861/861 866/866/866
f 873/873/873 836/836/836 857/857/857
f 845/845/845 837/837/837 854/854/854
f 854/854/854 836/836/836 1272/1272/1272
f 836/836/836 853/853/853 857/857/857
f 856/856/856 871/871/871 874/874/874
f 840/840/840 834/834/834 851/851/851
f 842/842/842 833/833/833 840/840/840
f 1274/1274/1274 820/820/820 848/848/848
f 818/818/818 815/815/815 816/816/816
f 816/816/816 820/820/820 823/823/823
f 816/816/816 847/847/847 820/820/820
f 848/848/848 819/819/819 844/844/844
f 812/812/812 813/813/813 821/821/821
f 817/817/817 826/826/826 811/811/811
f 812/812/812 821/821/821 817/817/817
f 826/826/826 817/817/817 822/822/822
f 818/818/818 821/821/821 813/813/813
f 798/798/798 802/802/802 825/825/825
f 825/825/825 797/797/797 798/798/798
f 1276/1276/1276 798/798/798 797/797/797
f 792/792/792 789/789/789 803/803/803
f 806/806/806 792/792/792 803/803/803
f 792/792/792 787/787/787 788/788/788
f 803/803/803 798/798/798 806/806/806
f 797/797/797 826/826/826 1276/1276/1276
f 818/818/818 813/813/813 814/814/814
f 863/863/863 864/864/864 869/869/869
f 807/807/807 806/806/806 1277/1277/1277
f 912/912/912 917/917/917 918/918/918
f 789/789/789 792/792/792 788/788/788
f 1027/1027/1027 1028/1028/1028 1039/1039/1039
f 1024/1024/1024 1034/1034/1034 1032/1032/1032
f 1034/1034/1034 1026/1026/1026 1039/1039/1039
f 1027/1027/1027 1039/1039/1039 1026/1026/1026
f 998/998/998 1016/1016/1016 997/997/997
f 998/998/998 1014/1014/1014 1016/1016/1016
f 1015/1015/1015 997/997/997 1016/1016/1016
f 1031/1031/1031 1024/1024/1024 1032/1032/1032
f 1025/1025/1025 1026/1026/1026 1034/1034/1034
f 1014/1014/1014 998/998/998 1009/1009/1009
f 1034/1034/1034 1024/1024/1024 1025/1025/1025
f 994/994/994 1006/1006/1006 1004/1004/1004
f 1005/1005/1005 1006/1006/1006 995/995/995
f 994/994/994 1004/1004/1004 1003/1003/1003
f 995/995/995 1006/1006/1006 994/994/994
f 987/987/987 986/986/986 980/980/980
f 977/977/977 978/978/978 984/984/984
f 959/959/959 960/960/960 962/962/962
f 969/969/969 965/965/965 974/974/974
f 968/968/968 979/979/979 980/980/980
f 929/929/929 949/949/949 948/948/948
f 956/956/956 957/957/957 963/963/963
f 977/977/977 981/981/981 976/976/976
f 967/967/967 962/962/962 960/960/960
f 950/950/950 955/955/955 936/936/936
f 934/934/934 947/947/947 949/949/949
f 926/926/926 940/940/940 938/938/938
f 939/939/939 940/940/940 927/927/927
f 949/949/949 930/930/930 934/934/934
f 926/926/926 938/938/938 933/933/933
f 929/929/929 930/930/930 949/949/949
f 927/927/927 940/940/940 926/926/926
f 979/979/979 968/968/968 978/978/978
f 1021/1021/1021 1031/1031/1031 1029/1029/1029
f 1019/1019/1019 1007/1007/1007 1009/1009/1009
f 1020/1020/1020 1029/1029/1029 1007/1007/1007
f 993/993/993 1003/1003/1003 1001/1001/1001
f 991/991/991 985/985/985 987/987/987
f 992/992/992 1001/1001/1001 985/985/985
f 994/994/994 1003/1003/1003 993/993/993
f 1009/1009/1009 998/998/998 1019/1019/1019
f 1022/1022/1022 1023/1023/1023 1031/1031/1031
f 1031/1031/1031 1021/1021/1021 1022/1022/1022
f 1020/1020/1020 1021/1021/1021 1029/1029/1029
f 1019/1019/1019 1020/1020/1020 1007/1007/1007
f 992/992/992 993/993/993 1001/1001/1001
f 992/992/992 985/985/985 991/991/991
f 987/987/987 980/980/980 991/991/991
f 1024/1024/1024 1031/1031/1031 1023/1023/1023
f 974/974/974 965/965/965 967/967/967
f 954/954/954 950/950/950 952/952/952
f 956/956/956 936/936/936 955/955/955
f 934/934/934 930/930/930 953/953/953
f 925/925/925 926/926/926 933/933/933
f 924/924/924 946/946/946 944/944/944
f 925/925/925 933/933/933 946/946/946
f 953/953/953 952/952/952 934/934/934
f 975/975/975 976/976/976 969/969/969
f 960/960/960 973/973/973 967/967/967
f 973/973/973 974/974/974 967/967/967
f 952/952/952 953/953/953 954/954/954
f 946/946/946 924/924/924 925/925/925
f 917/917/917 924/924/924 944/944/944
f 954/954/954 955/955/955 950/950/950
f 917/917/917 923/923/923 924/924/924
f 974/974/974 975/975/975 969/969/969
f 912/912/912 918/918/918 911/911/911
f 895/895/895 909/909/909 910/910/910
f 895/895/895 908/908/908 909/909/909
f 880/880/880 881/881/881 890/890/890
f 865/865/865 856/856/856 864/864/864
f 902/902/902 901/901/901 882/882/882
f 882/882/882 885/885/885 881/881/881
f 883/883/883 902/902/902 882/882/882
f 883/883/883 894/894/894 900/900/900
f 883/883/883 900/900/900 902/902/902
f 879/879/879 891/891/891 889/889/889
f 890/890/890 891/891/891 880/880/880
f 871/871/871 865/865/865 872/872/872
f 879/879/879 889/889/889 888/888/888
f 880/880/880 891/891/891 879/879/879
f 912/912/912 923/923/923 917/917/917
f 861/861/861 862/862/862 866/866/866
f 852/852/852 851/851/851 834/834/834
f 815/815/815 818/818/818 814/814/814
f 833/833/833 842/842/842 832/832/832
f 803/803/803 789/789/789 790/790/790
f 852/852/852 834/834/834 835/835/835
f 831/831/831 832/832/832 843/843/843
f 850/850/850 835/835/835 839/839/839
f 860/860/860 857/857/857 853/853/853
f 852/852/852 835/835/835 850/850/850
f 838/838/838 831/831/831 841/841/841
f 828/828/828 816/816/816 815/815/815
f 790/790/790 804/804/804 803/803/803
f 811/811/811 812/812/812 817/817/817
f 843/843/843 841/841/841 831/831/831
f 832/832/832 842/842/842 843/843/843
f 911/911/911 919/919/919 910/910/910
f 907/907/907 915/915/915 913/913/913
f 915/915/915 908/908/908 914/914/914
f 905/905/905 892/892/892 894/894/894
f 906/906/906 913/913/913 892/892/892
f 878/878/878 888/888/888 886/886/886
f 876/876/876 870/870/870 872/872/872
f 886/886/886 870/870/870 877/877/877
f 877/877/877 878/878/878 886/886/886
f 879/879/879 888/888/888 878/878/878
f 894/894/894 883/883/883 905/905/905
f 913/913/913 906/906/906 907/907/907
f 905/905/905 906/906/906 892/892/892
f 870/870/870 876/876/876 877/877/877
f 860/860/860 853/853/853 859/859/859
f 876/876/876 872/872/872 865/865/865
f 908/908/908 915/915/915 907/907/907
f 858/858/858 859/859/859 853/853/853
f 853/853/853 855/855/855 858/858/858
f 839/839/839 835/835/835 858/858/858
f 830/830/830 831/831/831 838/838/838
f 858/858/858 855/855/855 839/839/839
f 829/829/829 849/849/849 847/847/847
f 809/809/809 827/827/827 825/825/825
f 827/827/827 811/811/811 826/826/826
f 811/811/811 827/827/827 810/810/810
f 828/828/828 829/829/829 816/816/816
f 830/830/830 838/838/838 849/849/849
f 829/829/829 847/847/847 816/816/816
f 830/830/830 849/849/849 829/829/829
f 808/808/808 802/802/802 804/804/804
f 809/809/809 810/810/810 827/827/827
f 808/808/808 809/809/809 825/825/825
f 825/825/825 802/802/802 808/808/808
f 808/808/808 804/804/804 790/790/790
f 861/861/861 857/857/857 860/860/860
f 834/834/834 840/840/840 833/833/833
f 805/805/805 807/807/807 1278/1278/1278
f 1277/1277/1277 1278/1278/1278 807/807/807
f 1254/1254/1254 791/791/791 793/793/793
f 793/793/793 805/805/805 1254/1254/1254
f 1278/1278/1278 1254/1254/1254 805/805/805
f 1278/1278/1278 1279/1279/1279 1255/1255/1255
f 1255/1255/1255 1254/1254/1254 1278/1278/1278
f 1249/1249/1249 1255/1255/1255 1279/1279/1279
f 1280/1280/1280 1281/1281/1281 1227/1227/1227
f 1227/1227/1227 1224/1224/1224 1280/1280/1280
f 1279/1279/1279 1280/1280/1280 1248/1248/1248
f 1248/1248/1248 1250/1250/1250 1279/1279/1279
f 791/791/791 1245/1245/1245 794/794/794
f 794/794/794 793/793/793 791/791/791
f 1227/1227/1227 1281/1281/1281 1230/1230/1230
f 1281/1281/1281 1231/1231/1231 1230/1230/1230
f 1280/1280/1280 1224/1224/1224 1248/1248/1248
f 1250/1250/1250 1249/1249/1249 1279/1279/1279
f 1281/1281/1281 1282/1282/1282 1229/1229/1229
f 1229/1229/1229 1231/1231/1231 1281/1281/1281
f 792/792/792 800/800/800 787/787/787
f 1282/1282/1282 1283/1283/1283 1209/1209/1209
f 1209/1209/1209 1204/1204/1204 1282/1282/1282
f 1229/1229/1229 1282/1282/1282 1204/1204/1204
f 1215/1215/1215 1214/1214/1214 1283/1283/1283
f 1283/1283/1283 1284/1284/1284 1213/1213/1213
f 1213/1213/1213 1215/1215/1215 1283/1283/1283
f 1285/1285/1285 1286/1286/1286 1186/1186/1186
f 1186/1186/1186 1188/1188/1188 1285/1285/1285
f 1284/1284/1284 1285/1285/1285 1196/1196/1196
f 1196/1196/1196 1182/1182/1182 1284/1284/1284
f 1287/1287/1287 1168/1168/1168 1286/1286/1286
f 1196/1196/1196 1285/1285/1285 1187/1187/1187
f 1285/1285/1285 1188/1188/1188 1187/1187/1187
f 1284/1284/1284 1182/1182/1182 1213/1213/1213
f 1186/1186/1186 1286/1286/1286 1190/1190/1190
f 1287/1287/1287 1167/1167/1167 1169/1169/1169
f 1169/1169/1169 1168/1168/1168 1287/1287/1287
f 1286/1286/1286 1168/1168/1168 1163/1163/1163
f 1167/1167/1167 1287/1287/1287 1288/1288/1288
f 1209/1209/1209 1283/1283/1283 1214/1214/1214
f 1238/1238/1238 1236/1236/1236 1252/1252/1252
f 1234/1234/1234 1235/1235/1235 1243/1243/1243
f 1235/1235/1235 1238/1238/1238 1243/1243/1243
f 1219/1219/1219 1211/1211/1211 1225/1225/1225
f 1211/1211/1211 1227/1227/1227 1230/1230/1230
f 1211/1211/1211 1221/1221/1221 1227/1227/1227
f 1224/1224/1224 1223/1223/1223 1248/1248/1248
f 1222/1222/1222 1218/1218/1218 1225/1225/1225
f 1219/1219/1219 1220/1220/1220 1211/1211/1211
f 1224/1224/1224 1226/1226/1226 1239/1239/1239
f 1239/1239/1239 1223/1223/1223 1224/1224/1224
f 1212/1212/1212 1217/1217/1217 1222/1222/1222
f 1225/1225/1225 1218/1218/1218 1219/1219/1219
f 1212/1212/1212 1204/1204/1204 1208/1208/1208
f 1209/1209/1209 1205/1205/1205 1210/1210/1210
f 1205/1205/1205 1209/1209/1209 1214/1214/1214
f 1204/1204/1204 1212/1212/1212 1229/1229/1229
f 1205/1205/1205 1207/1207/1207 1202/1202/1202
f 1200/1200/1200 1201/1201/1201 1206/1206/1206
f 1182/1182/1182 1181/1181/1181 1213/1213/1213
f 1181/1181/1181 1199/1199/1199 1206/1206/1206
f 1173/1173/1173 1180/1180/1180 1184/1184/1184
f 1180/1180/1180 1174/1174/1174 1193/1193/1193
f 1176/1176/1176 1196/1196/1196 1187/1187/1187
f 1186/1186/1186 1190/1190/1190 1177/1177/1177
f 1173/1173/1173 1174/1174/1174 1180/1180/1180
f 1181/1181/1181 1182/1182/1182 1195/1195/1195
f 1184/1184/1184 1172/1172/1172 1173/1173/1173
f 1164/1164/1164 1189/1189/1189 1163/1163/1163
f 1168/1168/1168 1164/1164/1164 1163/1163/1163
f 1166/1166/1166 1158/1158/1158 1165/1165/1165
f 1166/1166/1166 1144/1144/1144 1157/1157/1157
f 1159/1159/1159 1164/1164/1164 1165/1165/1165
f 1163/1163/1163 1190/1190/1190 1286/1286/1286
f 1207/1207/1207 1201/1201/1201 1202/1202/1202
f 1207/1207/1207 1206/1206/1206 1201/1201/1201
f 1157/1157/1157 1158/1158/1158 1166/1166/1166
f 1235/1235/1235 1236/1236/1236 1238/1238/1238
f 1152/1152/1152 1288/1288/1288 1289/1289/1289
f 1289/1289/1289 1153/1153/1153 1152/1152/1152
f 1153/1153/1153 1289/1289/1289 1147/1147/1147
f 1145/1145/1145 1288/1288/1288 1152/1152/1152
f 1146/1146/1146 1148/1148/1148 1290/1290/1290
f 1290/1290/1290 1148/1148/1148 1147/1147/1147
f 1146/1146/1146 1290/1290/1290 1291/1291/1291
f 1289/1289/1289 1290/1290/1290 1147/1147/1147
f 1155/1155/1155 1144/1144/1144 1161/1161/1161
f 1144/1144/1144 1167/1167/1167 1161/1161/1161
f 1133/1133/1133 1141/1141/1141 1160/1160/1160
f 1160/1160/1160 1145/1145/1145 1133/1133/1133
f 1133/1133/1133 1145/1145/1145 1152/1152/1152
f 1161/1161/1161 1288/1288/1288 1145/1145/1145
f 1146/1146/1146 1291/1291/1291 1119/1119/1119
f 1125/1125/1125 1122/1122/1122 1291/1291/1291
f 1292/1292/1292 1126/1126/1126 1125/1125/1125
f 1292/1292/1292 1125/1125/1125 1291/1291/1291
f 1288/1288/1288 1161/1161/1161 1167/1167/1167
f 1124/1124/1124 1292/1292/1292 1293/1293/1293
f 1293/1293/1293 1294/1294/1294 1099/1099/1099
f 1099/1099/1099 1098/1098/1098 1293/1293/1293
f 1089/1089/1089 1124/1124/1124 1293/1293/1293
f 1126/1126/1126 1292/1292/1292 1124/1124/1124
f 1295/1295/1295 1097/1097/1097 1294/1294/1294
f 1297/1297/1297 1078/1078/1078 1296/1296/1296
f 1295/1295/1295 1296/1296/1296 1080/1080/1080
f 1080/1080/1080 1079/1079/1079 1295/1295/1295
f 1297/1297/1297 764/764/764 1059/1059/1059
f 1059/1059/1059 1058/1058/1058 1297/1297/1297
f 1293/1293/1293 1098/1098/1098 1107/1107/1107
f 1097/1097/1097 1295/1295/1295 1101/1101/1101
f 1097/1097/1097 1099/1099/1099 1294/1294/1294
f 1296/1296/1296 1078/1078/1078 1080/1080/1080
f 1297/1297/1297 1058/1058/1058 1064/1064/1064
f 1297/1297/1297 1081/1081/1081 1078/1078/1078
f 1295/1295/1295 1079/1079/1079 1076/1076/1076
f 1059/1059/1059 764/764/764 1056/1056/1056
f 1130/1130/1130 1134/1134/1134 1139/1139/1139
f 1146/1146/1146 1119/1119/1119 1118/1118/1118
f 1129/1129/1129 1130/1130/1130 1139/1139/1139
f 1109/1109/1109 1116/1116/1116 1122/1122/1122
f 1125/1125/1125 1109/1109/1109 1122/1122/1122
f 1114/1114/1114 1120/1120/1120 1117/1117/1117
f 1120/1120/1120 1115/1115/1115 1109/1109/1109
f 1122/1122/1122 1119/1119/1119 1291/1291/1291
f 1110/1110/1110 1112/1112/1112 1117/1117/1117
f 1124/1124/1124 1089/1089/1089 1110/1110/1110
f 1120/1120/1120 1114/1114/1114 1115/1115/1115
f 1119/1119/1119 1121/1121/1121 1135/1135/1135
f 1135/1135/1135 1118/1118/1118 1119/1119/1119
f 1110/1110/1110 1089/1089/1089 1106/1106/1106
f 1117/1117/1117 1113/1113/1113 1114/1114/1114
f 1098/1098/1098 1090/1090/1090 1107/1107/1107
f 1107/1107/1107 1089/1089/1089 1293/1293/1293
f 1104/1104/1104 1093/1093/1093 1087/1087/1087
f 1131/1131/1131 1150/1150/1150 1134/1134/1134
f 1085/1085/1085 1086/1086/1086 1095/1095/1095
f 1295/1295/1295 1076/1076/1076 1101/1101/1101
f 1101/1101/1101 1075/1075/1075 1097/1097/1097
f 1074/1074/1074 1073/1073/1073 1066/1066/1066
f 1070/1070/1070 1071/1071/1071 1077/1077/1077
f 1071/1071/1071 1074/1074/1074 1077/1077/1077
f 1066/1066/1066 1076/1076/1076 1079/1079/1079
f 1066/1066/1066 1100/1100/1100 1076/1076/1076
f 1081/1081/1081 1069/1069/1069 1067/1067/1067
f 1297/1297/1297 1050/1050/1050 1081/1081/1081
f 1071/1071/1071 1072/1072/1072 1074/1074/1074
f 1077/1077/1077 1067/1067/1067 1070/1070/1070
f 1058/1058/1058 1051/1051/1051 1064/1064/1064
f 1059/1059/1059 1056/1056/1056 1053/1053/1053
f 764/764/764 1043/1043/1043 1056/1056/1056
f 1064/1064/1064 1050/1050/1050 1297/1297/1297
f 1093/1093/1093 1086/1086/1086 1087/1087/1087
f 1081/1081/1081 1067/1067/1067 1078/1078/1078
f 1093/1093/1093 1095/1095/1095 1086/1086/1086
f 1130/1130/1130 1131/1131/1131 1134/1134/1134
f 1157/1157/1157 1144/1144/1144 1156/1156/1156
f 1043/1043/1043 1044/1044/1044 1056/1056/1056
f 786/786/786 787/787/787 801/801/801
f 801/801/801 787/787/787 800/800/800
f 786/786/786 801/801/801 799/799/799
f 1203/1203/1203 1205/1205/1205 1202/1202/1202
f 1253/1253/1253 1252/1252/1252 1236/1236/1236
f 1253/1253/1253 1236/1236/1236 1237/1237/1237
f 1233/1233/1233 1234/1234/1234 1244/1244/1244
f 1247/1247/1247 1251/1251/1251 1237/1237/1237
f 799/799/799 796/796/796 786/786/786
f 1253/1253/1253 1237/1237/1237 1251/1251/1251
f 1241/1241/1241 1233/1233/1233 1242/1242/1242
f 1228/1228/1228 1227/1227/1227 1221/1221/1221
f 1244/1244/1244 1242/1242/1242 1233/1233/1233
f 1244/1244/1244 1234/1234/1234 1243/1243/1243
f 1217/1217/1217 1218/1218/1218 1222/1222/1222
f 1194/1194/1194 1179/1179/1179 1192/1192/1192
f 1206/1206/1206 1199/1199/1199 1200/1200/1200
f 1159/1159/1159 1165/1165/1165 1158/1158/1158
f 1175/1175/1175 1194/1194/1194 1174/1174/1174
f 1174/1174/1174 1194/1194/1194 1193/1193/1193
f 1195/1195/1195 1198/1198/1198 1181/1181/1181
f 1203/1203/1203 1210/1210/1210 1205/1205/1205
f 1194/1194/1194 1175/1175/1175 1179/1179/1179
f 1172/1172/1172 1185/1185/1185 1171/1171/1171
f 1178/1178/1178 1171/1171/1171 1183/1183/1183
f 1164/1164/1164 1159/1159/1159 775/775/775
f 1185/1185/1185 1183/1183/1183 1171/1171/1171
f 1185/1185/1185 1172/1172/1172 1184/1184/1184
f 1156/1156/1156 1144/1144/1144 1155/1155/1155
f 1208/1208/1208 780/780/780 1212/1212/1212
f 1221/1221/1221 1211/1211/1211 1220/1220/1220
f 785/785/785 796/796/796 794/794/794
f 783/783/783 1245/1245/1245 1247/1247/1247
f 784/784/784 794/794/794 1245/1245/1245
f 1232/1232/1232 1241/1241/1241 1239/1239/1239
f 781/781/781 1226/1226/1226 1228/1228/1228
f 782/782/782 1239/1239/1239 1226/1226/1226
f 1233/1233/1233 1241/1241/1241 1232/1232/1232
f 1247/1247/1247 1237/1237/1237 783/783/783
f 794/794/794 784/784/784 785/785/785
f 783/783/783 784/784/784 1245/1245/1245
f 1226/1226/1226 781/781/781 782/782/782
f 1212/1212/1212 1216/1216/1216 1217/1217/1217
f 781/781/781 1228/1228/1228 1221/1221/1221
f 782/782/782 1232/1232/1232 1239/1239/1239
f 786/786/786 796/796/796 785/785/785
f 779/779/779 780/780/780 1208/1208/1208
f 1208/1208/1208 1210/1210/1210 779/779/779
f 778/778/778 1195/1195/1195 1197/1197/1197
f 1199/1199/1199 1181/1181/1181 1198/1198/1198
f 1179/1179/1179 1175/1175/1175 777/777/777
f 1170/1170/1170 1171/1171/1171 1178/1178/1178
f 776/776/776 1191/1191/1191 1189/1189/1189
f 1170/1170/1170 1178/1178/1178 1191/1191/1191
f 777/777/777 1197/1197/1197 1179/1179/1179
f 779/779/779 1210/1210/1210 1203/1203/1203
f 777/777/777 778/778/778 1197/1197/1197
f 1198/1198/1198 1195/1195/1195 778/778/778
f 1170/1170/1170 1191/1191/1191 776/776/776
f 776/776/776 1189/1189/1189 1164/1164/1164
f 1154/1154/1154 1162/1162/1162 1160/1160/1160
f 1164/1164/1164 775/775/775 776/776/776
f 1155/1155/1155 1162/1162/1162 1154/1154/1154
f 780/780/780 1216/1216/1216 1212/1212/1212
f 1161/1161/1161 1162/1162/1162 1155/1155/1155
f 1131/1131/1131 1132/1132/1132 1151/1151/1151
f 1132/1132/1132 1149/1149/1149 1151/1151/1151
f 1128/1128/1128 1140/1140/1140 1138/1138/1138
f 1140/1140/1140 1129/1129/1129 1139/1139/1139
f 1115/1115/1115 1116/1116/1116 1109/1109/1109
f 1129/1129/1129 1140/1140/1140 1128/1128/1128
f 1143/1143/1143 1149/1149/1149 1132/1132/1132
f 773/773/773 1141/1141/1141 1143/1143/1143
f 773/773/773 1143/1143/1143 1132/1132/1132
f 774/774/774 1160/1160/1160 1141/1141/1141
f 1128/1128/1128 1138/1138/1138 1137/1137/1137
f 1123/1123/1123 1122/1122/1122 1116/1116/1116
f 1110/1110/1110 1106/1106/1106 1111/1111/1111
f 1117/1117/1117 1112/1112/1112 1113/1113/1113
f 1085/1085/1085 1096/1096/1096 1084/1084/1084
f 1105/1105/1105 1087/1087/1087 1088/1088/1088
f 1085/1085/1085 1095/1095/1095 1096/1096/1096
f 1074/1074/1074 1072/1072/1072 1073/1073/1073
f 1087/1087/1087 1105/1105/1105 1104/1104/1104
f 1084/1084/1084 1096/1096/1096 1094/1094/1094
f 1091/1091/1091 1084/1084/1084 1094/1094/1094
f 767/767/767 1066/1066/1066 1073/1073/1073
f 1047/1047/1047 1055/1055/1055 1057/1057/1057
f 1057/1057/1057 1046/1046/1046 1047/1047/1047
f 1057/1057/1057 1045/1045/1045 1046/1046/1046
f 1057/1057/1057 1056/1056/1056 1045/1045/1045
f 1067/1067/1067 1069/1069/1069 1070/1070/1070
f 1088/1088/1088 1092/1092/1092 1103/1103/1103
f 1103/1103/1103 1105/1105/1105 1088/1088/1088
f 1131/1131/1131 1151/1151/1151 1150/1150/1150
f 1047/1047/1047 1054/1054/1054 1055/1055/1055
f 774/774/774 1141/1141/1141 773/773/773
f 1135/1135/1135 1121/1121/1121 772/772/772
f 772/772/772 1127/1127/1127 1135/1135/1135
f 1127/1127/1127 1137/1137/1137 1135/1135/1135
f 1127/1127/1127 1128/1128/1128 1137/1137/1137
f 1123/1123/1123 771/771/771 1121/1121/1121
f 1111/1111/1111 1112/1112/1112 1110/1110/1110
f 1108/1108/1108 770/770/770 1106/1106/1106
f 1092/1092/1092 769/769/769 1108/1108/1108
f 1121/1121/1121 771/771/771 772/772/772
f 1106/1106/1106 770/770/770 1111/1111/1111
f 769/769/769 770/770/770 1108/1108/1108
f 771/771/771 1123/1123/1123 1116/1116/1116
f 769/769/769 1092/1092/1092 1088/1088/1088
f 768/768/768 1083/1083/1083 1102/1102/1102
f 1102/1102/1102 1100/1100/1100 768/768/768
f 767/767/767 768/768/768 1066/1066/1066
f 1068/1068/1068 1069/1069/1069 1082/1082/1082
f 766/766/766 1063/1063/1063 1065/1065/1065
f 1060/1060/1060 1065/1065/1065 1052/1052/1052
f 1069/1069/1069 1081/1081/1081 1082/1082/1082
f 766/766/766 1082/1082/1082 1063/1063/1063
f 768/768/768 1100/1100/1100 1066/1066/1066
f 766/766/766 1068/1068/1068 1082/1082/1082
f 1060/1060/1060 766/766/766 1065/1065/1065
f 765/765/765 1062/1062/1062 1049/1049/1049
f 1049/1049/1049 1062/1062/1062 1054/1054/1054
f 1060/1060/1060 1062/1062/1062 765/765/765
f 766/766/766 1060/1060/1060 765/765/765
f 1054/1054/1054 1048/1048/1048 1049/1049/1049
f 1048/1048/1048 1054/1054/1054 1047/1047/1047
f 1091/1091/1091 1102/1102/1102 1083/1083/1083
f 1084/1084/1084 1091/1091/1091 1083/1083/1083
f 1154/1154/1154 1160/1160/1160 774/774/774
f 1056/1056/1056 1044/1044/1044 1045/1045/1045
f 1794/1794/1794 1787/1787/1787 1765/1765/1765
f 1299/1299/1299 1771/1771/1771 1794/1794/1794
f 1765/1765/1765 1299/1299/1299 1794/1794/1794
f 1771/1771/1771 1785/1785/1785 1796/1796/1796
f 1796/1796/1796 1794/1794/1794 1771/1771/1771
f 1794/1794/1794 1796/1796/1796 1795/1795/1795
f 1795/1795/1795 1787/1787/1787 1794/1794/1794
f 1783/1783/1783 1781/1781/1781 1772/1772/1772
f 1780/1780/1780 1782/1782/1782 1783/1783/1783
f 1772/1772/1772 1780/1780/1780 1783/1783/1783
f 1788/1788/1788 1786/1786/1786 1784/1784/1784
f 1772/1772/1772 1781/1781/1781 1788/1788/1788
f 1784/1784/1784 1772/1772/1772 1788/1788/1788
f 1788/1788/1788 1790/1790/1790 1789/1789/1789
f 1789/1789/1789 1786/1786/1786 1788/1788/1788
f 1786/1786/1786 1789/1789/1789 1793/1793/1793
f 1793/1793/1793 1791/1791/1791 1786/1786/1786
f 1791/1791/1791 1793/1793/1793 1792/1792/1792
f 1792/1792/1792 1785/1785/1785 1791/1791/1791
f 1791/1791/1791 1785/1785/1785 1771/1771/1771
f 1784/1784/1784 1786/1786/1786 1791/1791/1791
f 1771/1771/1771 1784/1784/1784 1791/1791/1791
f 1768/1768/1768 1759/1759/1759 1772/1772/1772
f 1772/1772/1772 1784/1784/1784 1768/1768/1768
f 1784/1784/1784 1771/1771/1771 1299/1299/1299
f 1299/1299/1299 1768/1768/1768 1784/1784/1784
f 1763/1763/1763 1760/1760/1760 1766/1766/1766
f 1749/1749/1749 1300/1300/1300 1763/1763/1763
f 1766/1766/1766 1749/1749/1749 1763/1763/1763
f 1769/1769/1769 1299/1299/1299 1765/1765/1765
f 1766/1766/1766 1760/1760/1760 1769/1769/1769
f 1765/1765/1765 1766/1766/1766 1769/1769/1769
f 1767/1767/1767 1759/1759/1759 1768/1768/1768
f 1768/1768/1768 1770/1770/1770 1767/1767/1767
f 1770/1770/1770 1768/1768/1768 1299/1299/1299
f 1299/1299/1299 1769/1769/1769 1770/1770/1770
f 1740/1740/1740 1762/1762/1762 1764/1764/1764
f 1764/1764/1764 1761/1761/1761 1740/1740/1740
f 1761/1761/1761 1764/1764/1764 1763/1763/1763
f 1763/1763/1763 1300/1300/1300 1761/1761/1761
f 1747/1747/1747 1741/1741/1741 1750/1750/1750
f 1743/1743/1743 1301/1301/1301 1747/1747/1747
f 1750/1750/1750 1743/1743/1743 1747/1747/1747
f 1741/1741/1741 1300/1300/1300 1749/1749/1749
f 1749/1749/1749 1750/1750/1750 1741/1741/1741
f 1746/1746/1746 1742/1742/1742 1740/1740/1740
f 1740/1740/1740 1761/1761/1761 1746/1746/1746
f 1761/1761/1761 1300/1300/1300 1741/1741/1741
f 1741/1741/1741 1746/1746/1746 1761/1761/1761
f 1745/1745/1745 1742/1742/1742 1746/1746/1746
f 1746/1746/1746 1748/1748/1748 1745/1745/1745
f 1748/1748/1748 1746/1746/1746 1741/1741/1741
f 1741/1741/1741 1747/1747/1747 1748/1748/1748
f 1302/1302/1302 1735/1735/1735 1744/1744/1744
f 1744/1744/1744 1725/1725/1725 1302/1302/1302
f 1738/1738/1738 1301/1301/1301 1743/1743/1743
f 1744/1744/1744 1735/1735/1735 1738/1738/1738
f 1743/1743/1743 1744/1744/1744 1738/1738/1738
f 1737/1737/1737 1739/1739/1739 1738/1738/1738
f 1738/1738/1738 1735/1735/1735 1737/1737/1737
f 1737/1737/1737 1735/1735/1735 1302/1302/1302
f 1720/1720/1720 1736/1736/1736 1737/1737/1737
f 1302/1302/1302 1720/1720/1720 1737/1737/1737
f 1723/1723/1723 1721/1721/1721 1726/1726/1726
f 1724/1724/1724 1303/1303/1303 1723/1723/1723
f 1726/1726/1726 1724/1724/1724 1723/1723/1723
f 1721/1721/1721 1302/1302/1302 1725/1725/1725
f 1725/1725/1725 1726/1726/1726 1721/1721/1721
f 1722/1722/1722 1303/1303/1303 1708/1708/1708
f 1709/1709/1709 1707/1707/1707 1722/1722/1722
f 1708/1708/1708 1709/1709/1709 1722/1722/1722
f 1705/1705/1705 1701/1701/1701 1709/1709/1709
f 1708/1708/1708 1304/1304/1304 1705/1705/1705
f 1709/1709/1709 1708/1708/1708 1705/1705/1705
f 1305/1305/1305 1702/1702/1702 1711/1711/1711
f 1711/1711/1711 1691/1691/1691 1305/1305/1305
f 1706/1706/1706 1304/1304/1304 1710/1710/1710
f 1711/1711/1711 1702/1702/1702 1706/1706/1706
f 1710/1710/1710 1711/1711/1711 1706/1706/1706
f 1704/1704/1704 1702/1702/1702 1305/1305/1305
f 1683/1683/1683 1703/1703/1703 1704/1704/1704
f 1305/1305/1305 1683/1683/1683 1704/1704/1704
f 1689/1689/1689 1684/1684/1684 1692/1692/1692
f 1686/1686/1686 1306/1306/1306 1689/1689/1689
f 1692/1692/1692 1686/1686/1686 1689/1689/1689
f 1684/1684/1684 1305/1305/1305 1691/1691/1691
f 1691/1691/1691 1692/1692/1692 1684/1684/1684
f 1688/1688/1688 1685/1685/1685 1683/1683/1683
f 1305/1305/1305 1684/1684/1684 1688/1688/1688
f 1683/1683/1683 1305/1305/1305 1688/1688/1688
f 1690/1690/1690 1688/1688/1688 1684/1684/1684
f 1684/1684/1684 1689/1689/1689 1690/1690/1690
f 1307/1307/1307 1669/1669/1669 1687/1687/1687
f 1687/1687/1687 1663/1663/1663 1307/1307/1307
f 1681/1681/1681 1306/1306/1306 1686/1686/1686
f 1687/1687/1687 1669/1669/1669 1681/1681/1681
f 1686/1686/1686 1687/1687/1687 1681/1681/1681
f 1670/1670/1670 1680/1680/1680 1682/1682/1682
f 1682/1682/1682 1679/1679/1679 1670/1670/1670
f 1679/1679/1679 1682/1682/1682 1681/1681/1681
f 1681/1681/1681 1669/1669/1669 1679/1679/1679
f 1666/1666/1666 1656/1656/1656 1670/1670/1670
f 1670/1670/1670 1679/1679/1679 1666/1666/1666
f 1679/1679/1679 1669/1669/1669 1307/1307/1307
f 1307/1307/1307 1666/1666/1666 1679/1679/1679
f 1660/1660/1660 1657/1657/1657 1664/1664/1664
f 1662/1662/1662 1308/1308/1308 1660/1660/1660
f 1664/1664/1664 1662/1662/1662 1660/1660/1660
f 1667/1667/1667 1307/1307/1307 1663/1663/1663
f 1664/1664/1664 1657/1657/1657 1667/1667/1667
f 1663/1663/1663 1664/1664/1664 1667/1667/1667
f 1665/1665/1665 1656/1656/1656 1666/1666/1666
f 1666/1666/1666 1668/1668/1668 1665/1665/1665
f 1668/1668/1668 1666/1666/1666 1307/1307/1307
f 1307/1307/1307 1667/1667/1667 1668/1668/1668
f 1643/1643/1643 1659/1659/1659 1661/1661/1661
f 1661/1661/1661 1658/1658/1658 1643/1643/1643
f 1658/1658/1658 1661/1661/1661 1660/1660/1660
f 1660/1660/1660 1308/1308/1308 1658/1658/1658
f 1658/1658/1658 1308/1308/1308 1644/1644/1644
f 1645/1645/1645 1643/1643/1643 1658/1658/1658
f 1644/1644/1644 1645/1645/1645 1658/1658/1658
f 1310/1310/1310 1639/1639/1639 1647/1647/1647
f 1647/1647/1647 1629/1629/1629 1310/1310/1310
f 1642/1642/1642 1309/1309/1309 1646/1646/1646
f 1647/1647/1647 1639/1639/1639 1642/1642/1642
f 1646/1646/1646 1647/1647/1647 1642/1642/1642
f 1642/1642/1642 1639/1639/1639 1641/1641/1641
f 1641/1641/1641 1639/1639/1639 1310/1310/1310
f 1623/1623/1623 1640/1640/1640 1641/1641/1641
f 1310/1310/1310 1623/1623/1623 1641/1641/1641
f 1628/1628/1628 1624/1624/1624 1630/1630/1630
f 1609/1609/1609 1311/1311/1311 1628/1628/1628
f 1630/1630/1630 1609/1609/1609 1628/1628/1628
f 1624/1624/1624 1310/1310/1310 1629/1629/1629
f 1629/1629/1629 1630/1630/1630 1624/1624/1624
f 1627/1627/1627 1625/1625/1625 1623/1623/1623
f 1310/1310/1310 1624/1624/1624 1627/1627/1627
f 1623/1623/1623 1310/1310/1310 1627/1627/1627
f 1606/1606/1606 1312/1312/1312 1597/1597/1597
f 1610/1610/1610 1599/1599/1599 1606/1606/1606
f 1597/1597/1597 1610/1610/1610 1606/1606/1606
f 1597/1597/1597 1311/1311/1311 1609/1609/1609
f 1609/1609/1609 1610/1610/1610 1597/1597/1597
f 1626/1626/1626 1311/1311/1311 1597/1597/1597
f 1598/1598/1598 1596/1596/1596 1626/1626/1626
f 1597/1597/1597 1598/1598/1598 1626/1626/1626
f 1593/1593/1593 1590/1590/1590 1598/1598/1598
f 1597/1597/1597 1312/1312/1312 1593/1593/1593
f 1598/1598/1598 1597/1597/1597 1593/1593/1593
f 1613/1613/1613 1591/1591/1591 1605/1605/1605
f 1605/1605/1605 1600/1600/1600 1576/1576/1576
f 1576/1576/1576 1313/1313/1313 1613/1613/1613
f 1613/1613/1613 1605/1605/1605 1576/1576/1576
f 1603/1603/1603 1594/1594/1594 1608/1608/1608
f 1605/1605/1605 1591/1591/1591 1603/1603/1603
f 1608/1608/1608 1605/1605/1605 1603/1603/1603
f 1594/1594/1594 1312/1312/1312 1606/1606/1606
f 1606/1606/1606 1608/1608/1608 1594/1594/1594
f 1608/1608/1608 1606/1606/1606 1599/1599/1599
f 1599/1599/1599 1607/1607/1607 1608/1608/1608
f 1605/1605/1605 1608/1608/1608 1607/1607/1607
f 1607/1607/1607 1600/1600/1600 1605/1605/1605
f 1602/1602/1602 1595/1595/1595 1593/1593/1593
f 1312/1312/1312 1594/1594/1594 1602/1602/1602
f 1593/1593/1593 1312/1312/1312 1602/1602/1602
f 1604/1604/1604 1602/1602/1602 1594/1594/1594
f 1594/1594/1594 1603/1603/1603 1604/1604/1604
f 1601/1601/1601 1604/1604/1604 1603/1603/1603
f 1603/1603/1603 1591/1591/1591 1601/1601/1601
f 1562/1562/1562 1612/1612/1612 1614/1614/1614
f 1614/1614/1614 1611/1611/1611 1562/1562/1562
f 1601/1601/1601 1591/1591/1591 1613/1613/1613
f 1614/1614/1614 1592/1592/1592 1601/1601/1601
f 1613/1613/1613 1614/1614/1614 1601/1601/1601
f 1611/1611/1611 1614/1614/1614 1613/1613/1613
f 1613/1613/1613 1313/1313/1313 1611/1611/1611
f 1579/1579/1579 1314/1314/1314 1574/1574/1574
f 1574/1574/1574 1563/1563/1563 1577/1577/1577
f 1577/1577/1577 1565/1565/1565 1579/1579/1579
f 1579/1579/1579 1574/1574/1574 1577/1577/1577
f 1563/1563/1563 1313/1313/1313 1576/1576/1576
f 1576/1576/1576 1577/1577/1577 1563/1563/1563
f 1573/1573/1573 1564/1564/1564 1562/1562/1562
f 1562/1562/1562 1611/1611/1611 1573/1573/1573
f 1611/1611/1611 1313/1313/1313 1563/1563/1563
f 1563/1563/1563 1573/1573/1573 1611/1611/1611
f 1572/1572/1572 1564/1564/1564 1573/1573/1573
f 1573/1573/1573 1575/1575/1575 1572/1572/1572
f 1575/1575/1575 1573/1573/1573 1563/1563/1563
f 1563/1563/1563 1574/1574/1574 1575/1575/1575
f 1578/1578/1578 1566/1566/1566 1542/1542/1542
f 1315/1315/1315 1548/1548/1548 1578/1578/1578
f 1542/1542/1542 1315/1315/1315 1578/1578/1578
f 1548/1548/1548 1560/1560/1560 1581/1581/1581
f 1581/1581/1581 1578/1578/1578 1548/1548/1548
f 1570/1570/1570 1314/1314/1314 1579/1579/1579
f 1581/1581/1581 1560/1560/1560 1570/1570/1570
f 1579/1579/1579 1581/1581/1581 1570/1570/1570
f 1581/1581/1581 1579/1579/1579 1565/1565/1565
f 1565/1565/1565 1580/1580/1580 1581/1581/1581
f 1578/1578/1578 1581/1581/1581 1580/1580/1580
f 1580/1580/1580 1566/1566/1566 1578/1578/1578
f 1549/1549/1549 1559/1559/1559 1561/1561/1561
f 1561/1561/1561 1558/1558/1558 1549/1549/1549
f 1561/1561/1561 1568/1568/1568 1571/1571/1571
f 1571/1571/1571 1567/1567/1567 1561/1561/1561
f 1571/1571/1571 1569/1569/1569 1314/1314/1314
f 1314/1314/1314 1570/1570/1570 1571/1571/1571
f 1567/1567/1567 1571/1571/1571 1570/1570/1570
f 1570/1570/1570 1560/1560/1560 1567/1567/1567
f 1567/1567/1567 1560/1560/1560 1548/1548/1548
f 1558/1558/1558 1561/1561/1561 1567/1567/1567
f 1548/1548/1548 1558/1558/1558 1567/1567/1567
f 1545/1545/1545 1536/1536/1536 1549/1549/1549
f 1549/1549/1549 1558/1558/1558 1545/1545/1545
f 1558/1558/1558 1548/1548/1548 1315/1315/1315
f 1315/1315/1315 1545/1545/1545 1558/1558/1558
f 1540/1540/1540 1537/1537/1537 1543/1543/1543
f 1526/1526/1526 1316/1316/1316 1540/1540/1540
f 1543/1543/1543 1526/1526/1526 1540/1540/1540
f 1546/1546/1546 1315/1315/1315 1542/1542/1542
f 1543/1543/1543 1537/1537/1537 1546/1546/1546
f 1542/1542/1542 1543/1543/1543 1546/1546/1546
f 1544/1544/1544 1536/1536/1536 1545/1545/1545
f 1545/1545/1545 1547/1547/1547 1544/1544/1544
f 1547/1547/1547 1545/1545/1545 1315/1315/1315
f 1315/1315/1315 1546/1546/1546 1547/1547/1547
f 1517/1517/1517 1539/1539/1539 1541/1541/1541
f 1541/1541/1541 1538/1538/1538 1517/1517/1517
f 1538/1538/1538 1541/1541/1541 1540/1540/1540
f 1540/1540/1540 1316/1316/1316 1538/1538/1538
f 1524/1524/1524 1518/1518/1518 1527/1527/1527
f 1520/1520/1520 1317/1317/1317 1524/1524/1524
f 1527/1527/1527 1520/1520/1520 1524/1524/1524
f 1518/1518/1518 1316/1316/1316 1526/1526/1526
f 1526/1526/1526 1527/1527/1527 1518/1518/1518
f 1523/1523/1523 1519/1519/1519 1517/1517/1517
f 1517/1517/1517 1538/1538/1538 1523/1523/1523
f 1538/1538/1538 1316/1316/1316 1518/1518/1518
f 1518/1518/1518 1523/1523/1523 1538/1538/1538
f 1522/1522/1522 1519/1519/1519 1523/1523/1523
f 1523/1523/1523 1525/1525/1525 1522/1522/1522
f 1525/1525/1525 1523/1523/1523 1518/1518/1518
f 1518/1518/1518 1524/1524/1524 1525/1525/1525
f 1318/1318/1318 1512/1512/1512 1521/1521/1521
f 1521/1521/1521 1502/1502/1502 1318/1318/1318
f 1515/1515/1515 1317/1317/1317 1520/1520/1520
f 1521/1521/1521 1512/1512/1512 1515/1515/1515
f 1520/1520/1520 1521/1521/1521 1515/1515/1515
f 1514/1514/1514 1516/1516/1516 1515/1515/1515
f 1515/1515/1515 1512/1512/1512 1514/1514/1514
f 1514/1514/1514 1512/1512/1512 1318/1318/1318
f 1497/1497/1497 1513/1513/1513 1514/1514/1514
f 1318/1318/1318 1497/1497/1497 1514/1514/1514
f 1500/1500/1500 1498/1498/1498 1503/1503/1503
f 1501/1501/1501 1319/1319/1319 1500/1500/1500
f 1503/1503/1503 1501/1501/1501 1500/1500/1500
f 1498/1498/1498 1318/1318/1318 1502/1502/1502
f 1502/1502/1502 1503/1503/1503 1498/1498/1498
f 1499/1499/1499 1319/1319/1319 1485/1485/1485
f 1486/1486/1486 1484/1484/1484 1499/1499/1499
f 1485/1485/1485 1486/1486/1486 1499/1499/1499
f 1482/1482/1482 1478/1478/1478 1486/1486/1486
f 1485/1485/1485 1320/1320/1320 1482/1482/1482
f 1486/1486/1486 1485/1485/1485 1482/1482/1482
f 1321/1321/1321 1479/1479/1479 1488/1488/1488
f 1488/1488/1488 1468/1468/1468 1321/1321/1321
f 1483/1483/1483 1320/1320/1320 1487/1487/1487
f 1488/1488/1488 1479/1479/1479 1483/1483/1483
f 1487/1487/1487 1488/1488/1488 1483/1483/1483
f 1481/1481/1481 1479/1479/1479 1321/1321/1321
f 1460/1460/1460 1480/1480/1480 1481/1481/1481
f 1321/1321/1321 1460/1460/1460 1481/1481/1481
f 1466/1466/1466 1461/1461/1461 1469/1469/1469
f 1463/1463/1463 1322/1322/1322 1466/1466/1466
f 1469/1469/1469 1463/1463/1463 1466/1466/1466
f 1461/1461/1461 1321/1321/1321 1468/1468/1468
f 1468/1468/1468 1469/1469/1469 1461/1461/1461
f 1465/1465/1465 1462/1462/1462 1460/1460/1460
f 1321/1321/1321 1461/1461/1461 1465/1465/1465
f 1460/1460/1460 1321/1321/1321 1465/1465/1465
f 1467/1467/1467 1465/1465/1465 1461/1461/1461
f 1461/1461/1461 1466/1466/1466 1467/1467/1467
f 1323/1323/1323 1446/1446/1446 1464/1464/1464
f 1464/1464/1464 1440/1440/1440 1323/1323/1323
f 1458/1458/1458 1322/1322/1322 1463/1463/1463
f 1464/1464/1464 1446/1446/1446 1458/1458/1458
f 1463/1463/1463 1464/1464/1464 1458/1458/1458
f 1447/1447/1447 1457/1457/1457 1459/1459/1459
f 1459/1459/1459 1456/1456/1456 1447/1447/1447
f 1456/1456/1456 1459/1459/1459 1458/1458/1458
f 1458/1458/1458 1446/1446/1446 1456/1456/1456
f 1443/1443/1443 1433/1433/1433 1447/1447/1447
f 1447/1447/1447 1456/1456/1456 1443/1443/1443
f 1456/1456/1456 1446/1446/1446 1323/1323/1323
f 1323/1323/1323 1443/1443/1443 1456/1456/1456
f 1437/1437/1437 1434/1434/1434 1441/1441/1441
f 1439/1439/1439 1324/1324/1324 1437/1437/1437
f 1441/1441/1441 1439/1439/1439 1437/1437/1437
f 1444/1444/1444 1323/1323/1323 1440/1440/1440
f 1441/1441/1441 1434/1434/1434 1444/1444/1444
f 1440/1440/1440 1441/1441/1441 1444/1444/1444
f 1442/1442/1442 1433/1433/1433 1443/1443/1443
f 1443/1443/1443 1445/1445/1445 1442/1442/1442
f 1445/1445/1445 1443/1443/1443 1323/1323/1323
f 1323/1323/1323 1444/1444/1444 1445/1445/1445
f 1420/1420/1420 1436/1436/1436 1438/1438/1438
f 1438/1438/1438 1435/1435/1435 1420/1420/1420
f 1435/1435/1435 1438/1438/1438 1437/1437/1437
f 1437/1437/1437 1324/1324/1324 1435/1435/1435
f 1435/1435/1435 1324/1324/1324 1421/1421/1421
f 1422/1422/1422 1420/1420/1420 1435/1435/1435
f 1421/1421/1421 1422/1422/1422 1435/1435/1435
f 1326/1326/1326 1416/1416/1416 1424/1424/1424
f 1424/1424/1424 1406/1406/1406 1326/1326/1326
f 1419/1419/1419 1325/1325/1325 1423/1423/1423
f 1424/1424/1424 1416/1416/1416 1419/1419/1419
f 1423/1423/1423 1424/1424/1424 1419/1419/1419
f 1419/1419/1419 1416/1416/1416 1418/1418/1418
f 1418/1418/1418 1416/1416/1416 1326/1326/1326
f 1400/1400/1400 1417/1417/1417 1418/1418/1418
f 1326/1326/1326 1400/1400/1400 1418/1418/1418
f 1405/1405/1405 1401/1401/1401 1407/1407/1407
f 1386/1386/1386 1327/1327/1327 1405/1405/1405
f 1407/1407/1407 1386/1386/1386 1405/1405/1405
f 1401/1401/1401 1326/1326/1326 1406/1406/1406
f 1406/1406/1406 1407/1407/1407 1401/1401/1401
f 1404/1404/1404 1402/1402/1402 1400/1400/1400
f 1326/1326/1326 1401/1401/1401 1404/1404/1404
f 1400/1400/1400 1326/1326/1326 1404/1404/1404
f 1383/1383/1383 1328/1328/1328 1374/1374/1374
f 1387/1387/1387 1376/1376/1376 1383/1383/1383
f 1374/1374/1374 1387/1387/1387 1383/1383/1383
f 1374/1374/1374 1327/1327/1327 1386/1386/1386
f 1386/1386/1386 1387/1387/1387 1374/1374/1374
f 1403/1403/1403 1327/1327/1327 1374/1374/1374
f 1375/1375/1375 1373/1373/1373 1403/1403/1403
f 1374/1374/1374 1375/1375/1375 1403/1403/1403
f 1370/1370/1370 1367/1367/1367 1375/1375/1375
f 1374/1374/1374 1328/1328/1328 1370/1370/1370
f 1375/1375/1375 1374/1374/1374 1370/1370/1370
f 1390/1390/1390 1368/1368/1368 1382/1382/1382
f 1382/1382/1382 1377/1377/1377 1348/1348/1348
f 1348/1348/1348 1329/1329/1329 1390/1390/1390
f 1390/1390/1390 1382/1382/1382 1348/1348/1348
f 1380/1380/1380 1371/1371/1371 1385/1385/1385
f 1382/1382/1382 1368/1368/1368 1380/1380/1380
f 1385/1385/1385 1382/1382/1382 1380/1380/1380
f 1371/1371/1371 1328/1328/1328 1383/1383/1383
f 1383/1383/1383 1385/1385/1385 1371/1371/1371
f 1385/1385/1385 1383/1383/1383 1376/1376/1376
f 1376/1376/1376 1384/1384/1384 1385/1385/1385
f 1382/1382/1382 1385/1385/1385 1384/1384/1384
f 1384/1384/1384 1377/1377/1377 1382/1382/1382
f 1379/1379/1379 1372/1372/1372 1370/1370/1370
f 1328/1328/1328 1371/1371/1371 1379/1379/1379
f 1370/1370/1370 1328/1328/1328 1379/1379/1379
f 1381/1381/1381 1379/1379/1379 1371/1371/1371
f 1371/1371/1371 1380/1380/1380 1381/1381/1381
f 1378/1378/1378 1381/1381/1381 1380/1380/1380
f 1380/1380/1380 1368/1368/1368 1378/1378/1378
f 1341/1341/1341 1389/1389/1389 1391/1391/1391
f 1391/1391/1391 1388/1388/1388 1341/1341/1341
f 1378/1378/1378 1368/1368/1368 1390/1390/1390
f 1391/1391/1391 1369/1369/1369 1378/1378/1378
f 1390/1390/1390 1391/1391/1391 1378/1378/1378
f 1388/1388/1388 1391/1391/1391 1390/1390/1390
f 1390/1390/1390 1329/1329/1329 1388/1388/1388
f 1346/1346/1346 1342/1342/1342 1354/1354/1354
f 1354/1354/1354 1356/1356/1356 1346/1346/1346
f 1356/1356/1356 1354/1354/1354 1349/1349/1349
f 1349/1349/1349 1355/1355/1355 1356/1356/1356
f 1354/1354/1354 1342/1342/1342 1329/1329/1329
f 1348/1348/1348 1349/1349/1349 1354/1354/1354
f 1329/1329/1329 1348/1348/1348 1354/1354/1354
f 1358/1358/1358 1343/1343/1343 1344/1344/1344
f 1345/1345/1345 1343/1343/1343 1341/1341/1341
f 1341/1341/1341 1388/1388/1388 1345/1345/1345
f 1388/1388/1388 1329/1329/1329 1342/1342/1342
f 1342/1342/1342 1345/1345/1345 1388/1388/1388
f 1357/1357/1357 1344/1344/1344 1343/1343/1343
f 1345/1345/1345 1347/1347/1347 1357/1357/1357
f 1343/1343/1343 1345/1345/1345 1357/1357/1357
f 1351/1351/1351 1347/1347/1347 1345/1345/1345
f 1342/1342/1342 1346/1346/1346 1351/1351/1351
f 1345/1345/1345 1342/1342/1342 1351/1351/1351
f 1350/1350/1350 1347/1347/1347 1351/1351/1351
f 1351/1351/1351 1353/1353/1353 1350/1350/1350
f 1353/1353/1353 1351/1351/1351 1346/1346/1346
f 1346/1346/1346 1352/1352/1352 1353/1353/1353
f 1787/1787/1787 1795/1795/1795 1797/1797/1797
f 1298/1298/1298 1797/1797/1797 1795/1795/1795
f 1792/1792/1792 1298/1298/1298 1795/1795/1795
f 1765/1765/1765 1787/1787/1787 1797/1797/1797
f 1798/1798/1798 1799/1799/1799 1749/1749/1749
f 1749/1749/1749 1766/1766/1766 1798/1798/1798
f 1797/1797/1797 1798/1798/1798 1766/1766/1766
f 1766/1766/1766 1765/1765/1765 1797/1797/1797
f 1799/1799/1799 1800/1800/1800 1743/1743/1743
f 1743/1743/1743 1750/1750/1750 1799/1799/1799
f 1785/1785/1785 1792/1792/1792 1796/1796/1796
f 1795/1795/1795 1796/1796/1796 1792/1792/1792
f 1799/1799/1799 1750/1750/1750 1749/1749/1749
f 1334/1334/1334 1298/1298/1298 1792/1792/1792
f 1744/1744/1744 1743/1743/1743 1800/1800/1800
f 1800/1800/1800 1801/1801/1801 1744/1744/1744
f 1801/1801/1801 1802/1802/1802 1726/1726/1726
f 1726/1726/1726 1725/1725/1725 1801/1801/1801
f 1802/1802/1802 1803/1803/1803 1724/1724/1724
f 1724/1724/1724 1726/1726/1726 1802/1802/1802
f 1804/1804/1804 1805/1805/1805 1711/1711/1711
f 1711/1711/1711 1710/1710/1710 1804/1804/1804
f 1803/1803/1803 1804/1804/1804 1710/1710/1710
f 1710/1710/1710 1724/1724/1724 1803/1803/1803
f 1805/1805/1805 1806/1806/1806 1692/1692/1692
f 1692/1692/1692 1691/1691/1691 1805/1805/1805
f 1801/1801/1801 1725/1725/1725 1744/1744/1744
f 1710/1710/1710 1708/1708/1708 1724/1724/1724
f 1691/1691/1691 1711/1711/1711 1805/1805/1805
f 1769/1769/1769 1760/1760/1760 1757/1757/1757
f 1755/1755/1755 1756/1756/1756 1763/1763/1763
f 1747/1747/1747 1301/1301/1301 1748/1748/1748
f 1764/1764/1764 1755/1755/1755 1763/1763/1763
f 1760/1760/1760 1763/1763/1763 1756/1756/1756
f 1760/1760/1760 1756/1756/1756 1757/1757/1757
f 1334/1334/1334 1793/1793/1793 1779/1779/1779
f 1789/1789/1789 1779/1779/1779 1793/1793/1793
f 1770/1770/1770 1769/1769/1769 1757/1757/1757
f 1733/1733/1733 1748/1748/1748 1301/1301/1301
f 1738/1738/1738 1731/1731/1731 1732/1732/1732
f 1732/1732/1732 1733/1733/1733 1301/1301/1301
f 1738/1738/1738 1732/1732/1732 1301/1301/1301
f 1792/1792/1792 1793/1793/1793 1334/1334/1334
f 1721/1721/1721 1719/1719/1719 1302/1302/1302
f 1722/1722/1722 1716/1716/1716 1723/1723/1723
f 1710/1710/1710 1304/1304/1304 1708/1708/1708
f 1708/1708/1708 1303/1303/1303 1724/1724/1724
f 1303/1303/1303 1722/1722/1722 1723/1723/1723
f 1717/1717/1717 1721/1721/1721 1723/1723/1723
f 1721/1721/1721 1717/1717/1717 1718/1718/1718
f 1705/1705/1705 1304/1304/1304 1699/1699/1699
f 1716/1716/1716 1717/1717/1717 1723/1723/1723
f 1721/1721/1721 1718/1718/1718 1719/1719/1719
f 1698/1698/1698 1706/1706/1706 1702/1702/1702
f 1697/1697/1697 1698/1698/1698 1702/1702/1702
f 1699/1699/1699 1706/1706/1706 1698/1698/1698
f 1304/1304/1304 1706/1706/1706 1699/1699/1699
f 1731/1731/1731 1738/1738/1738 1739/1739/1739
f 1686/1686/1686 1692/1692/1692 1806/1806/1806
f 1687/1687/1687 1686/1686/1686 1807/1807/1807
f 1806/1806/1806 1807/1807/1807 1686/1686/1686
f 1807/1807/1807 1808/1808/1808 1663/1663/1663
f 1663/1663/1663 1687/1687/1687 1807/1807/1807
f 1810/1810/1810 1662/1662/1662 1809/1809/1809
f 1808/1808/1808 1809/1809/1809 1664/1664/1664
f 1664/1664/1664 1663/1663/1663 1808/1808/1808
f 1811/1811/1811 1646/1646/1646 1810/1810/1810
f 1810/1810/1810 1646/1646/1646 1662/1662/1662
f 1629/1629/1629 1647/1647/1647 1811/1811/1811
f 1811/1811/1811 1812/1812/1812 1629/1629/1629
f 1647/1647/1647 1646/1646/1646 1811/1811/1811
f 1646/1646/1646 1644/1644/1644 1662/1662/1662
f 1662/1662/1662 1664/1664/1664 1809/1809/1809
f 1306/1306/1306 1676/1676/1676 1689/1689/1689
f 1812/1812/1812 1813/1813/1813 1609/1609/1609
f 1609/1609/1609 1630/1630/1630 1812/1812/1812
f 1629/1629/1629 1812/1812/1812 1630/1630/1630
f 1813/1813/1813 1814/1814/1814 1610/1610/1610
f 1610/1610/1610 1609/1609/1609 1813/1813/1813
f 1815/1815/1815 1816/1816/1816 1576/1576/1576
f 1576/1576/1576 1600/1600/1600 1815/1815/1815
f 1814/1814/1814 1815/1815/1815 1607/1607/1607
f 1607/1607/1607 1599/1599/1599 1814/1814/1814
f 1816/1816/1816 1817/1817/1817 1565/1565/1565
f 1565/1565/1565 1577/1577/1577 1816/1816/1816
f 1599/1599/1599 1610/1610/1610 1814/1814/1814
f 1577/1577/1577 1576/1576/1576 1816/1816/1816
f 1600/1600/1600 1607/1607/1607 1815/1815/1815
f 1565/1565/1565 1817/1817/1817 1580/1580/1580
f 1654/1654/1654 1667/1667/1667 1657/1657/1657
f 1661/1661/1661 1652/1652/1652 1660/1660/1660
f 1309/1309/1309 1638/1638/1638 1644/1644/1644
f 1646/1646/1646 1309/1309/1309 1644/1644/1644
f 1644/1644/1644 1308/1308/1308 1662/1662/1662
f 1653/1653/1653 1657/1657/1657 1660/1660/1660
f 1676/1676/1676 1677/1677/1677 1689/1689/1689
f 1306/1306/1306 1681/1681/1681 1682/1682/1682
f 1668/1668/1668 1667/1667/1667 1654/1654/1654
f 1653/1653/1653 1654/1654/1654 1657/1657/1657
f 1638/1638/1638 1309/1309/1309 1637/1637/1637
f 1660/1660/1660 1652/1652/1652 1653/1653/1653
f 1309/1309/1309 1636/1636/1636 1637/1637/1637
f 1677/1677/1677 1690/1690/1690 1689/1689/1689
f 1636/1636/1636 1309/1309/1309 1642/1642/1642
f 1676/1676/1676 1306/1306/1306 1675/1675/1675
f 1642/1642/1642 1641/1641/1641 1635/1635/1635
f 1628/1628/1628 1621/1621/1621 1624/1624/1624
f 1587/1587/1587 1602/1602/1602 1604/1604/1604
f 1620/1620/1620 1628/1628/1628 1311/1311/1311
f 1602/1602/1602 1588/1588/1588 1595/1595/1595
f 1621/1621/1621 1627/1627/1627 1624/1624/1624
f 1619/1619/1619 1620/1620/1620 1311/1311/1311
f 1620/1620/1620 1621/1621/1621 1628/1628/1628
f 1587/1587/1587 1604/1604/1604 1586/1586/1586
f 1587/1587/1587 1588/1588/1588 1602/1602/1602
f 1574/1574/1574 1556/1556/1556 1575/1575/1575
f 1586/1586/1586 1601/1601/1601 1592/1592/1592
f 1604/1604/1604 1601/1601/1601 1586/1586/1586
f 1569/1569/1569 1556/1556/1556 1574/1574/1574
f 1636/1636/1636 1642/1642/1642 1635/1635/1635
f 1777/1777/1777 1778/1778/1778 1789/1789/1789
f 1779/1779/1779 1789/1789/1789 1778/1778/1778
f 1790/1790/1790 1777/1777/1777 1789/1789/1789
f 1755/1755/1755 1764/1764/1764 1754/1754/1754
f 1776/1776/1776 1790/1790/1790 1788/1788/1788
f 1770/1770/1770 1757/1757/1757 1758/1758/1758
f 1776/1776/1776 1777/1777/1777 1790/1790/1790
f 1776/1776/1776 1788/1788/1788 1781/1781/1781
f 1775/1775/1775 1776/1776/1776 1781/1781/1781
f 1330/1330/1330 1759/1759/1759 1767/1767/1767
f 1753/1753/1753 1754/1754/1754 1762/1762/1762
f 1758/1758/1758 1767/1767/1767 1770/1770/1770
f 1780/1780/1780 1772/1772/1772 1759/1759/1759
f 1754/1754/1754 1764/1764/1764 1762/1762/1762
f 1748/1748/1748 1733/1733/1733 1734/1734/1734
f 1731/1731/1731 1739/1739/1739 1730/1730/1730
f 1730/1730/1730 1739/1739/1739 1737/1737/1737
f 1715/1715/1715 1716/1716/1716 1722/1722/1722
f 1704/1704/1704 1696/1696/1696 1697/1697/1697
f 1699/1699/1699 1700/1700/1700 1705/1705/1705
f 1697/1697/1697 1702/1702/1702 1704/1704/1704
f 1302/1302/1302 1719/1719/1719 1720/1720/1720
f 1736/1736/1736 1730/1730/1730 1737/1737/1737
f 1745/1745/1745 1748/1748/1748 1734/1734/1734
f 1715/1715/1715 1722/1722/1722 1707/1707/1707
f 1700/1700/1700 1701/1701/1701 1705/1705/1705
f 1696/1696/1696 1704/1704/1704 1703/1703/1703
f 1703/1703/1703 1695/1695/1695 1696/1696/1696
f 1783/1783/1783 1774/1774/1774 1775/1775/1775
f 1783/1783/1783 1775/1775/1775 1781/1781/1781
f 1782/1782/1782 1774/1774/1774 1783/1783/1783
f 1759/1759/1759 1330/1330/1330 1331/1331/1331
f 1745/1745/1745 1751/1751/1751 1742/1742/1742
f 1752/1752/1752 1740/1740/1740 1742/1742/1742
f 1753/1753/1753 1762/1762/1762 1740/1740/1740
f 1773/1773/1773 1782/1782/1782 1780/1780/1780
f 1774/1774/1774 1782/1782/1782 1773/1773/1773
f 1773/1773/1773 1780/1780/1780 1331/1331/1331
f 1331/1331/1331 1780/1780/1780 1759/1759/1759
f 1752/1752/1752 1753/1753/1753 1740/1740/1740
f 1330/1330/1330 1767/1767/1767 1758/1758/1758
f 1752/1752/1752 1742/1742/1742 1751/1751/1751
f 1745/1745/1745 1734/1734/1734 1751/1751/1751
f 1736/1736/1736 1720/1720/1720 1728/1728/1728
f 1728/1728/1728 1729/1729/1729 1736/1736/1736
f 1714/1714/1714 1715/1715/1715 1707/1707/1707
f 1720/1720/1720 1719/1719/1719 1727/1727/1727
f 1709/1709/1709 1701/1701/1701 1712/1712/1712
f 1712/1712/1712 1713/1713/1713 1709/1709/1709
f 1703/1703/1703 1683/1683/1683 1694/1694/1694
f 1694/1694/1694 1695/1695/1695 1703/1703/1703
f 1707/1707/1707 1709/1709/1709 1713/1713/1713
f 1713/1713/1713 1714/1714/1714 1707/1707/1707
f 1727/1727/1727 1728/1728/1728 1720/1720/1720
f 1701/1701/1701 1700/1700/1700 1712/1712/1712
f 1683/1683/1683 1685/1685/1685 1693/1693/1693
f 1693/1693/1693 1694/1694/1694 1683/1683/1683
f 1729/1729/1729 1730/1730/1730 1736/1736/1736
f 1678/1678/1678 1690/1690/1690 1677/1677/1677
f 1682/1682/1682 1675/1675/1675 1306/1306/1306
f 1675/1675/1675 1682/1682/1682 1674/1674/1674
f 1668/1668/1668 1654/1654/1654 1655/1655/1655
f 1661/1661/1661 1659/1659/1659 1651/1651/1651
f 1644/1644/1644 1638/1638/1638 1645/1645/1645
f 1651/1651/1651 1652/1652/1652 1661/1661/1661
f 1685/1685/1685 1678/1678/1678 1693/1693/1693
f 1678/1678/1678 1685/1685/1685 1688/1688/1688
f 1674/1674/1674 1682/1682/1682 1680/1680/1680
f 1672/1672/1672 1670/1670/1670 1656/1656/1656
f 1659/1659/1659 1650/1650/1650 1651/1651/1651
f 1673/1673/1673 1680/1680/1680 1670/1670/1670
f 1665/1665/1665 1668/1668/1668 1655/1655/1655
f 1674/1674/1674 1680/1680/1680 1673/1673/1673
f 1690/1690/1690 1678/1678/1678 1688/1688/1688
f 1634/1634/1634 1635/1635/1635 1641/1641/1641
f 1622/1622/1622 1627/1627/1627 1621/1621/1621
f 1596/1596/1596 1618/1618/1618 1626/1626/1626
f 1311/1311/1311 1626/1626/1626 1619/1619/1619
f 1589/1589/1589 1593/1593/1593 1595/1595/1595
f 1592/1592/1592 1585/1585/1585 1586/1586/1586
f 1626/1626/1626 1618/1618/1618 1619/1619/1619
f 1622/1622/1622 1625/1625/1625 1627/1627/1627
f 1589/1589/1589 1590/1590/1590 1593/1593/1593
f 1641/1641/1641 1640/1640/1640 1634/1634/1634
f 1585/1585/1585 1614/1614/1614 1612/1612/1612
f 1557/1557/1557 1575/1575/1575 1556/1556/1556
f 1588/1588/1588 1589/1589/1589 1595/1595/1595
f 1585/1585/1585 1592/1592/1592 1614/1614/1614
f 1617/1617/1617 1618/1618/1618 1596/1596/1596
f 1572/1572/1572 1575/1575/1575 1557/1557/1557
f 1656/1656/1656 1665/1665/1665 1671/1671/1671
f 1643/1643/1643 1650/1650/1650 1659/1659/1659
f 1648/1648/1648 1645/1645/1645 1638/1638/1638
f 1634/1634/1634 1640/1640/1640 1633/1633/1633
f 1643/1643/1643 1645/1645/1645 1649/1649/1649
f 1649/1649/1649 1650/1650/1650 1643/1643/1643
f 1640/1640/1640 1623/1623/1623 1632/1632/1632
f 1632/1632/1632 1633/1633/1633 1640/1640/1640
f 1672/1672/1672 1673/1673/1673 1670/1670/1670
f 1671/1671/1671 1665/1665/1665 1655/1655/1655
f 1672/1672/1672 1656/1656/1656 1671/1671/1671
f 1645/1645/1645 1648/1648/1648 1649/1649/1649
f 1631/1631/1631 1632/1632/1632 1623/1623/1623
f 1623/1623/1623 1625/1625/1625 1631/1631/1631
f 1596/1596/1596 1598/1598/1598 1616/1616/1616
f 1616/1616/1616 1617/1617/1617 1596/1596/1596
f 1612/1612/1612 1584/1584/1584 1585/1585/1585
f 1562/1562/1562 1564/1564/1564 1582/1582/1582
f 1582/1582/1582 1583/1583/1583 1562/1562/1562
f 1583/1583/1583 1612/1612/1612 1562/1562/1562
f 1598/1598/1598 1590/1590/1590 1615/1615/1615
f 1615/1615/1615 1616/1616/1616 1598/1598/1598
f 1625/1625/1625 1622/1622/1622 1631/1631/1631
f 1584/1584/1584 1612/1612/1612 1583/1583/1583
f 1589/1589/1589 1615/1615/1615 1590/1590/1590
f 1582/1582/1582 1572/1572/1572 1557/1557/1557
f 1572/1572/1572 1582/1582/1582 1564/1564/1564
f 1566/1566/1566 1580/1580/1580 1818/1818/1818
f 1817/1817/1817 1818/1818/1818 1580/1580/1580
f 1542/1542/1542 1566/1566/1566 1818/1818/1818
f 1543/1543/1543 1542/1542/1542 1819/1819/1819
f 1820/1820/1820 1821/1821/1821 1520/1520/1520
f 1520/1520/1520 1527/1527/1527 1820/1820/1820
f 1819/1819/1819 1820/1820/1820 1526/1526/1526
f 1526/1526/1526 1543/1543/1543 1819/1819/1819
f 1818/1818/1818 1819/1819/1819 1542/1542/1542
f 1820/1820/1820 1527/1527/1527 1526/1526/1526
f 1533/1533/1533 1537/1537/1537 1540/1540/1540
f 1534/1534/1534 1546/1546/1546 1537/1537/1537
f 1521/1521/1521 1520/1520/1520 1821/1821/1821
f 1821/1821/1821 1822/1822/1822 1521/1521/1521
f 1822/1822/1822 1823/1823/1823 1503/1503/1503
f 1503/1503/1503 1502/1502/1502 1822/1822/1822
f 1823/1823/1823 1824/1824/1824 1501/1501/1501
f 1501/1501/1501 1503/1503/1503 1823/1823/1823
f 1825/1825/1825 1826/1826/1826 1488/1488/1488
f 1488/1488/1488 1487/1487/1487 1825/1825/1825
f 1824/1824/1824 1825/1825/1825 1487/1487/1487
f 1487/1487/1487 1501/1501/1501 1824/1824/1824
f 1826/1826/1826 1827/1827/1827 1469/1469/1469
f 1469/1469/1469 1468/1468/1468 1826/1826/1826
f 1822/1822/1822 1502/1502/1502 1521/1521/1521
f 1487/1487/1487 1485/1485/1485 1501/1501/1501
f 1468/1468/1468 1488/1488/1488 1826/1826/1826
f 1534/1534/1534 1537/1537/1537 1533/1533/1533
f 1555/1555/1555 1569/1569/1569 1571/1571/1571
f 1524/1524/1524 1317/1317/1317 1525/1525/1525
f 1515/1515/1515 1516/1516/1516 1508/1508/1508
f 1515/1515/1515 1509/1509/1509 1317/1317/1317
f 1318/1318/1318 1498/1498/1498 1496/1496/1496
f 1554/1554/1554 1555/1555/1555 1571/1571/1571
f 1546/1546/1546 1534/1534/1534 1547/1547/1547
f 1540/1540/1540 1532/1532/1532 1533/1533/1533
f 1496/1496/1496 1498/1498/1498 1495/1495/1495
f 1515/1515/1515 1508/1508/1508 1509/1509/1509
f 1510/1510/1510 1525/1525/1525 1317/1317/1317
f 1317/1317/1317 1509/1509/1509 1510/1510/1510
f 1495/1495/1495 1498/1498/1498 1494/1494/1494
f 1556/1556/1556 1569/1569/1569 1555/1555/1555
f 1499/1499/1499 1493/1493/1493 1500/1500/1500
f 1501/1501/1501 1485/1485/1485 1319/1319/1319
f 1319/1319/1319 1499/1499/1499 1500/1500/1500
f 1476/1476/1476 1320/1320/1320 1483/1483/1483
f 1475/1475/1475 1483/1483/1483 1479/1479/1479
f 1320/1320/1320 1485/1485/1485 1487/1487/1487
f 1475/1475/1475 1476/1476/1476 1483/1483/1483
f 1482/1482/1482 1320/1320/1320 1476/1476/1476
f 1500/1500/1500 1493/1493/1493 1494/1494/1494
f 1479/1479/1479 1474/1474/1474 1475/1475/1475
f 1454/1454/1454 1467/1467/1467 1466/1466/1466
f 1322/1322/1322 1452/1452/1452 1453/1453/1453
f 1481/1481/1481 1474/1474/1474 1479/1479/1479
f 1454/1454/1454 1466/1466/1466 1453/1453/1453
f 1466/1466/1466 1322/1322/1322 1453/1453/1453
f 1498/1498/1498 1500/1500/1500 1494/1494/1494
f 1827/1827/1827 1463/1463/1463 1469/1469/1469
f 1574/1574/1574 1314/1314/1314 1569/1569/1569
f 1828/1828/1828 1464/1464/1464 1463/1463/1463
f 1827/1827/1827 1828/1828/1828 1463/1463/1463
f 1828/1828/1828 1829/1829/1829 1440/1440/1440
f 1440/1440/1440 1464/1464/1464 1828/1828/1828
f 1829/1829/1829 1830/1830/1830 1441/1441/1441
f 1441/1441/1441 1440/1440/1440 1829/1829/1829
f 1832/1832/1832 1423/1423/1423 1831/1831/1831
f 1831/1831/1831 1439/1439/1439 1830/1830/1830
f 1832/1832/1832 1833/1833/1833 1406/1406/1406
f 1406/1406/1406 1424/1424/1424 1832/1832/1832
f 1423/1423/1423 1421/1421/1421 1439/1439/1439
f 1831/1831/1831 1423/1423/1423 1439/1439/1439
f 1424/1424/1424 1423/1423/1423 1832/1832/1832
f 1439/1439/1439 1441/1441/1441 1830/1830/1830
f 1406/1406/1406 1833/1833/1833 1407/1407/1407
f 1386/1386/1386 1407/1407/1407 1834/1834/1834
f 1833/1833/1833 1834/1834/1834 1407/1407/1407
f 1387/1387/1387 1386/1386/1386 1834/1834/1834
f 1834/1834/1834 1835/1835/1835 1387/1387/1387
f 1836/1836/1836 1837/1837/1837 1348/1348/1348
f 1348/1348/1348 1377/1377/1377 1836/1836/1836
f 1835/1835/1835 1836/1836/1836 1384/1384/1384
f 1384/1384/1384 1376/1376/1376 1835/1835/1835
f 1837/1837/1837 1332/1332/1332 1355/1355/1355
f 1355/1355/1355 1349/1349/1349 1837/1837/1837
f 1835/1835/1835 1376/1376/1376 1387/1387/1387
f 1836/1836/1836 1377/1377/1377 1384/1384/1384
f 1837/1837/1837 1349/1349/1349 1348/1348/1348
f 1355/1355/1355 1352/1352/1352 1356/1356/1356
f 1352/1352/1352 1355/1355/1355 1332/1332/1332
f 1458/1458/1458 1459/1459/1459 1322/1322/1322
f 1430/1430/1430 1434/1434/1434 1437/1437/1437
f 1439/1439/1439 1421/1421/1421 1324/1324/1324
f 1429/1429/1429 1430/1430/1430 1437/1437/1437
f 1431/1431/1431 1444/1444/1444 1434/1434/1434
f 1421/1421/1421 1325/1325/1325 1415/1415/1415
f 1415/1415/1415 1325/1325/1325 1414/1414/1414
f 1414/1414/1414 1325/1325/1325 1413/1413/1413
f 1434/1434/1434 1430/1430/1430 1431/1431/1431
f 1412/1412/1412 1413/1413/1413 1419/1419/1419
f 1398/1398/1398 1401/1401/1401 1405/1405/1405
f 1325/1325/1325 1419/1419/1419 1413/1413/1413
f 1404/1404/1404 1401/1401/1401 1398/1398/1398
f 1325/1325/1325 1421/1421/1421 1423/1423/1423
f 1452/1452/1452 1322/1322/1322 1459/1459/1459
f 1327/1327/1327 1397/1397/1397 1405/1405/1405
f 1356/1356/1356 1352/1352/1352 1346/1346/1346
f 1363/1363/1363 1381/1381/1381 1378/1378/1378
f 1364/1364/1364 1379/1379/1379 1381/1381/1381
f 1396/1396/1396 1327/1327/1327 1403/1403/1403
f 1365/1365/1365 1379/1379/1379 1364/1364/1364
f 1372/1372/1372 1379/1379/1379 1365/1365/1365
f 1327/1327/1327 1396/1396/1396 1397/1397/1397
f 1335/1335/1335 1353/1353/1353 1333/1333/1333
f 1352/1352/1352 1333/1333/1333 1353/1353/1353
f 1335/1335/1335 1350/1350/1350 1353/1353/1353
f 1381/1381/1381 1363/1363/1363 1364/1364/1364
f 1363/1363/1363 1378/1378/1378 1369/1369/1369
f 1333/1333/1333 1352/1352/1352 1332/1332/1332
f 1398/1398/1398 1405/1405/1405 1397/1397/1397
f 1431/1431/1431 1445/1445/1445 1444/1444/1444
f 1554/1554/1554 1571/1571/1571 1568/1568/1568
f 1553/1553/1553 1568/1568/1568 1561/1561/1561
f 1553/1553/1553 1554/1554/1554 1568/1568/1568
f 1535/1535/1535 1547/1547/1547 1534/1534/1534
f 1539/1539/1539 1531/1531/1531 1541/1541/1541
f 1540/1540/1540 1541/1541/1541 1532/1532/1532
f 1541/1541/1541 1531/1531/1531 1532/1532/1532
f 1553/1553/1553 1561/1561/1561 1559/1559/1559
f 1552/1552/1552 1559/1559/1559 1549/1549/1549
f 1531/1531/1531 1539/1539/1539 1530/1530/1530
f 1544/1544/1544 1547/1547/1547 1535/1535/1535
f 1525/1525/1525 1511/1511/1511 1522/1522/1522
f 1551/1551/1551 1549/1549/1549 1536/1536/1536
f 1525/1525/1525 1510/1510/1510 1511/1511/1511
f 1552/1552/1552 1553/1553/1553 1559/1559/1559
f 1507/1507/1507 1516/1516/1516 1514/1514/1514
f 1508/1508/1508 1516/1516/1516 1507/1507/1507
f 1318/1318/1318 1496/1496/1496 1497/1497/1497
f 1482/1482/1482 1476/1476/1476 1477/1477/1477
f 1473/1473/1473 1474/1474/1474 1481/1481/1481
f 1455/1455/1455 1465/1465/1465 1467/1467/1467
f 1480/1480/1480 1473/1473/1473 1481/1481/1481
f 1499/1499/1499 1492/1492/1492 1493/1493/1493
f 1484/1484/1484 1492/1492/1492 1499/1499/1499
f 1482/1482/1482 1477/1477/1477 1478/1478/1478
f 1514/1514/1514 1513/1513/1513 1507/1507/1507
f 1467/1467/1467 1454/1454/1454 1455/1455/1455
f 1473/1473/1473 1480/1480/1480 1472/1472/1472
f 1462/1462/1462 1465/1465/1465 1455/1455/1455
f 1450/1450/1450 1451/1451/1451 1457/1457/1457
f 1451/1451/1451 1452/1452/1452 1459/1459/1459
f 1551/1551/1551 1552/1552/1552 1549/1549/1549
f 1550/1550/1550 1536/1536/1536 1544/1544/1544
f 1517/1517/1517 1530/1530/1530 1539/1539/1539
f 1522/1522/1522 1528/1528/1528 1519/1519/1519
f 1513/1513/1513 1506/1506/1506 1507/1507/1507
f 1519/1519/1519 1529/1529/1529 1517/1517/1517
f 1550/1550/1550 1551/1551/1551 1536/1536/1536
f 1550/1550/1550 1544/1544/1544 1535/1535/1535
f 1519/1519/1519 1528/1528/1528 1529/1529/1529
f 1505/1505/1505 1506/1506/1506 1513/1513/1513
f 1513/1513/1513 1497/1497/1497 1505/1505/1505
f 1528/1528/1528 1522/1522/1522 1511/1511/1511
f 1529/1529/1529 1530/1530/1530 1517/1517/1517
f 1497/1497/1497 1496/1496/1496 1504/1504/1504
f 1491/1491/1491 1492/1492/1492 1484/1484/1484
f 1484/1484/1484 1486/1486/1486 1490/1490/1490
f 1490/1490/1490 1491/1491/1491 1484/1484/1484
f 1460/1460/1460 1462/1462/1462 1470/1470/1470
f 1470/1470/1470 1471/1471/1471 1460/1460/1460
f 1480/1480/1480 1460/1460/1460 1471/1471/1471
f 1471/1471/1471 1472/1472/1472 1480/1480/1480
f 1486/1486/1486 1478/1478/1478 1489/1489/1489
f 1489/1489/1489 1490/1490/1490 1486/1486/1486
f 1455/1455/1455 1470/1470/1470 1462/1462/1462
f 1478/1478/1478 1477/1477/1477 1489/1489/1489
f 1505/1505/1505 1497/1497/1497 1504/1504/1504
f 1457/1457/1457 1451/1451/1451 1459/1459/1459
f 1445/1445/1445 1431/1431/1431 1432/1432/1432
f 1442/1442/1442 1445/1445/1445 1432/1432/1432
f 1437/1437/1437 1438/1438/1438 1429/1429/1429
f 1418/1418/1418 1411/1411/1411 1412/1412/1412
f 1419/1419/1419 1418/1418/1418 1412/1412/1412
f 1428/1428/1428 1429/1429/1429 1438/1438/1438
f 1411/1411/1411 1418/1418/1418 1417/1417/1417
f 1449/1449/1449 1450/1450/1450 1457/1457/1457
f 1457/1457/1457 1447/1447/1447 1449/1449/1449
f 1449/1449/1449 1447/1447/1447 1433/1433/1433
f 1436/1436/1436 1427/1427/1427 1428/1428/1428
f 1428/1428/1428 1438/1438/1438 1436/1436/1436
f 1415/1415/1415 1422/1422/1422 1421/1421/1421
f 1448/1448/1448 1433/1433/1433 1442/1442/1442
f 1373/1373/1373 1395/1395/1395 1403/1403/1403
f 1396/1396/1396 1403/1403/1403 1395/1395/1395
f 1366/1366/1366 1370/1370/1370 1372/1372/1372
f 1362/1362/1362 1369/1369/1369 1391/1391/1391
f 1362/1362/1362 1363/1363/1363 1369/1369/1369
f 1337/1337/1337 1347/1347/1347 1350/1350/1350
f 1366/1366/1366 1367/1367/1367 1370/1370/1370
f 1372/1372/1372 1365/1365/1365 1366/1366/1366
f 1373/1373/1373 1394/1394/1394 1395/1395/1395
f 1347/1347/1347 1337/1337/1337 1357/1357/1357
f 1337/1337/1337 1338/1338/1338 1357/1357/1357
f 1362/1362/1362 1391/1391/1391 1389/1389/1389
f 1350/1350/1350 1336/1336/1336 1337/1337/1337
f 1404/1404/1404 1399/1399/1399 1402/1402/1402
f 1336/1336/1336 1350/1350/1350 1335/1335/1335
f 1398/1398/1398 1399/1399/1399 1404/1404/1404
f 1338/1338/1338 1344/1344/1344 1357/1357/1357
f 1448/1448/1448 1449/1449/1449 1433/1433/1433
f 1436/1436/1436 1420/1420/1420 1427/1427/1427
f 1420/1420/1420 1422/1422/1422 1426/1426/1426
f 1426/1426/1426 1427/1427/1427 1420/1420/1420
f 1410/1410/1410 1411/1411/1411 1417/1417/1417
f 1417/1417/1417 1400/1400/1400 1409/1409/1409
f 1409/1409/1409 1410/1410/1410 1417/1417/1417
f 1425/1425/1425 1422/1422/1422 1415/1415/1415
f 1400/1400/1400 1402/1402/1402 1408/1408/1408
f 1408/1408/1408 1409/1409/1409 1400/1400/1400
f 1448/1448/1448 1442/1442/1442 1432/1432/1432
f 1422/1422/1422 1425/1425/1425 1426/1426/1426
f 1399/1399/1399 1408/1408/1408 1402/1402/1402
f 1393/1393/1393 1394/1394/1394 1373/1373/1373
f 1373/1373/1373 1375/1375/1375 1393/1393/1393
f 1375/1375/1375 1367/1367/1367 1392/1392/1392
f 1392/1392/1392 1393/1393/1393 1375/1375/1375
f 1360/1360/1360 1389/1389/1389 1341/1341/1341
f 1358/1358/1358 1341/1341/1341 1343/1343/1343
f 1361/1361/1361 1362/1362/1362 1389/1389/1389
f 1360/1360/1360 1361/1361/1361 1389/1389/1389
f 1367/1367/1367 1366/1366/1366 1392/1392/1392
f 1340/1340/1340 1358/1358/1358 1339/1339/1339
f 1360/1360/1360 1341/1341/1341 1358/1358/1358
f 1358/1358/1358 1340/1340/1340 1359/1359/1359
f 1360/1360/1360 1358/1358/1358 1359/1359/1359
f 1344/1344/1344 1339/1339/1339 1358/1358/1358
f 1339/1339/1339 1344/1344/1344 1338/1338/1338
f 1838/1838/1838 1857/1857/1857 1864/1864/1864
f 1864/1864/1864 1863/1863/1863 1838/1838/1838
f 1892/1892/1892 1839/1839/1839 1895/1895/1895
f 1895/1895/1895 1896/1896/1896 1892/1892/1892
f 1866/1866/1866 1840/1840/1840 1855/1855/1855
f 1856/1856/1856 1866/1866/1866 1858/1858/1858
f 1840/1840/1840 1866/1866/1866 1856/1856/1856
f 1860/1860/1860 1856/1856/1856 1858/1858/1858
f 1838/1838/1838 1860/1860/1860 1857/1857/1857
f 1856/1856/1856 1860/1860/1860 1838/1838/1838
f 1858/1858/1858 1859/1859/1859 1862/1862/1862
f 1862/1862/1862 1860/1860/1860 1858/1858/1858
f 1860/1860/1860 1862/1862/1862 1861/1861/1861
f 1861/1861/1861 1857/1857/1857 1860/1860/1860
f 1855/1855/1855 1865/1865/1865 1867/1867/1867
f 1867/1867/1867 1866/1866/1866 1855/1855/1855
f 1866/1866/1866 1867/1867/1867 1859/1859/1859
f 1859/1859/1859 1858/1858/1858 1866/1866/1866
f 1893/1893/1893 1856/1856/1856 1838/1838/1838
f 1838/1838/1838 1839/1839/1839 1893/1893/1893
f 1856/1856/1856 1893/1893/1893 1841/1841/1841
f 1841/1841/1841 1840/1840/1840 1856/1856/1856
f 1894/1894/1894 1893/1893/1893 1839/1839/1839
f 1839/1839/1839 1892/1892/1892 1894/1894/1894
f 1889/1889/1889 1841/1841/1841 1893/1893/1893
f 1893/1893/1893 1894/1894/1894 1889/1889/1889
f 1875/1875/1875 1842/1842/1842 1868/1868/1868
f 1869/1869/1869 1875/1875/1875 1870/1870/1870
f 1842/1842/1842 1875/1875/1875 1869/1869/1869
f 1872/1872/1872 1869/1869/1869 1870/1870/1870
f 1840/1840/1840 1872/1872/1872 1855/1855/1855
f 1869/1869/1869 1872/1872/1872 1840/1840/1840
f 1870/1870/1870 1871/1871/1871 1873/1873/1873
f 1873/1873/1873 1872/1872/1872 1870/1870/1870
f 1872/1872/1872 1873/1873/1873 1865/1865/1865
f 1865/1865/1865 1855/1855/1855 1872/1872/1872
f 1868/1868/1868 1874/1874/1874 1876/1876/1876
f 1876/1876/1876 1875/1875/1875 1868/1868/1868
f 1875/1875/1875 1876/1876/1876 1871/1871/1871
f 1871/1871/1871 1870/1870/1870 1875/1875/1875
f 1890/1890/1890 1869/1869/1869 1840/1840/1840
f 1840/1840/1840 1841/1841/1841 1890/1890/1890
f 1869/1869/1869 1890/1890/1890 1843/1843/1843
f 1843/1843/1843 1842/1842/1842 1869/1869/1869
f 1891/1891/1891 1890/1890/1890 1841/1841/1841
f 1841/1841/1841 1889/1889/1889 1891/1891/1891
f 1886/1886/1886 1843/1843/1843 1890/1890/1890
f 1890/1890/1890 1891/1891/1891 1886/1886/1886
f 1877/1877/1877 1878/1878/1878 1868/1868/1868
f 1868/1868/1868 1842/1842/1842 1877/1877/1877
f 1888/1888/1888 1887/1887/1887 1843/1843/1843
f 1843/1843/1843 1886/1886/1886 1888/1888/1888
f 1861/1861/1861 1850/1850/1850 1864/1864/1864
f 1849/1849/1849 1864/1864/1864 1850/1850/1850
f 1864/1864/1864 1882/1882/1882 1863/1863/1863
f 1849/1849/1849 1882/1882/1882 1864/1864/1864
f 1861/1861/1861 1864/1864/1864 1857/1857/1857
f 1851/1851/1851 1850/1850/1850 1862/1862/1862
f 1852/1852/1852 1851/1851/1851 1867/1867/1867
f 1851/1851/1851 1862/1862/1862 1859/1859/1859
f 1851/1851/1851 1859/1859/1859 1867/1867/1867
f 1861/1861/1861 1862/1862/1862 1850/1850/1850
f 1863/1863/1863 1882/1882/1882 1881/1881/1881
f 1881/1881/1881 1895/1895/1895 1863/1863/1863
f 1895/1895/1895 1839/1839/1839 1838/1838/1838
f 1838/1838/1838 1863/1863/1863 1895/1895/1895
f 1880/1880/1880 1895/1895/1895 1881/1881/1881
f 1879/1879/1879 1896/1896/1896 1880/1880/1880
f 1895/1895/1895 1880/1880/1880 1896/1896/1896
f 1885/1885/1885 1896/1896/1896 1879/1879/1879
f 1884/1884/1884 1894/1894/1894 1885/1885/1885
f 1892/1892/1892 1885/1885/1885 1894/1894/1894
f 1884/1884/1884 1889/1889/1889 1894/1894/1894
f 1896/1896/1896 1885/1885/1885 1892/1892/1892
f 1865/1865/1865 1852/1852/1852 1867/1867/1867
f 1865/1865/1865 1873/1873/1873 1852/1852/1852
f 1853/1853/1853 1852/1852/1852 1873/1873/1873
f 1853/1853/1853 1873/1873/1873 1871/1871/1871
f 1853/1853/1853 1871/1871/1871 1876/1876/1876
f 1876/1876/1876 1854/1854/1854 1853/1853/1853
f 1878/1878/1878 1854/1854/1854 1874/1874/1874
f 1844/1844/1844 1854/1854/1854 1878/1878/1878
f 1874/1874/1874 1868/1868/1868 1878/1878/1878
f 1844/1844/1844 1878/1878/1878 1877/1877/1877
f 1877/1877/1877 1845/1845/1845 1844/1844/1844
f 1854/1854/1854 1876/1876/1876 1874/1874/1874
f 1843/1843/1843 1887/1887/1887 1877/1877/1877
f 1877/1877/1877 1842/1842/1842 1843/1843/1843
f 1883/1883/1883 1886/1886/1886 1891/1891/1891
f 1888/1888/1888 1886/1886/1886 1883/1883/1883
f 1891/1891/1891 1884/1884/1884 1883/1883/1883
f 1889/1889/1889 1884/1884/1884 1891/1891/1891
f 1887/1887/1887 1846/1846/1846 1845/1845/1845
f 1845/1845/1845 1877/1877/1877 1887/1887/1887
f 1847/1847/1847 1846/1846/1846 1887/1887/1887
f 1848/1848/1848 1847/1847/1847 1888/1888/1888
f 1887/1887/1887 1888/1888/1888 1847/1847/1847
f 1883/1883/1883 1848/1848/1848 1888/1888/1888
f 2202/2202/2202 2204/2204/2204 2203/2203/2203
f 2203/2203/2203 2196/2196/2196 2202/2202/2202
f 2192/2192/2192 2190/2190/2190 2188/2188/2188
f 2188/2188/2188 2191/2191/2191 2192/2192/2192
f 2189/2189/2189 2192/2192/2192 2191/2191/2191
f 2191/2191/2191 2176/2176/2176 2189/2189/2189
f 2195/2195/2195 2193/2193/2193 2187/2187/2187
f 2187/2187/2187 2194/2194/2194 2195/2195/2195
f 2190/2190/2190 2195/2195/2195 2194/2194/2194
f 2194/2194/2194 2188/2188/2188 2190/2190/2190
f 2180/2180/2180 2178/2178/2178 2177/2177/2177
f 2177/2177/2177 2179/2179/2179 2180/2180/2180
f 2173/2173/2173 2180/2180/2180 2179/2179/2179
f 2179/2179/2179 2164/2164/2164 2173/2173/2173
f 2175/2175/2175 2173/2173/2173 2164/2164/2164
f 2164/2164/2164 2174/2174/2174 2175/2175/2175
f 2172/2172/2172 2175/2175/2175 2174/2174/2174
f 2174/2174/2174 2165/2165/2165 2172/2172/2172
f 2160/2160/2160 2158/2158/2158 2156/2156/2156
f 2156/2156/2156 2159/2159/2159 2160/2160/2160
f 2157/2157/2157 2160/2160/2160 2159/2159/2159
f 2159/2159/2159 2148/2148/2148 2157/2157/2157
f 2163/2163/2163 2161/2161/2161 2155/2155/2155
f 2155/2155/2155 2162/2162/2162 2163/2163/2163
f 2158/2158/2158 2163/2163/2163 2162/2162/2162
f 2162/2162/2162 2156/2156/2156 2158/2158/2158
f 2144/2144/2144 2142/2142/2142 2140/2140/2140
f 2140/2140/2140 2143/2143/2143 2144/2144/2144
f 2141/2141/2141 2144/2144/2144 2143/2143/2143
f 2143/2143/2143 2128/2128/2128 2141/2141/2141
f 2147/2147/2147 2145/2145/2145 2139/2139/2139
f 2139/2139/2139 2146/2146/2146 2147/2147/2147
f 2142/2142/2142 2147/2147/2147 2146/2146/2146
f 2146/2146/2146 2140/2140/2140 2142/2142/2142
f 2132/2132/2132 2130/2130/2130 2129/2129/2129
f 2129/2129/2129 2131/2131/2131 2132/2132/2132
f 2125/2125/2125 2132/2132/2132 2131/2131/2131
f 2131/2131/2131 2116/2116/2116 2125/2125/2125
f 2127/2127/2127 2125/2125/2125 2116/2116/2116
f 2116/2116/2116 2126/2126/2126 2127/2127/2127
f 2124/2124/2124 2127/2127/2127 2126/2126/2126
f 2126/2126/2126 2117/2117/2117 2124/2124/2124
f 2112/2112/2112 2110/2110/2110 2108/2108/2108
f 2108/2108/2108 2111/2111/2111 2112/2112/2112
f 2109/2109/2109 2112/2112/2112 2111/2111/2111
f 2111/2111/2111 2096/2096/2096 2109/2109/2109
f 2115/2115/2115 2113/2113/2113 2107/2107/2107
f 2107/2107/2107 2114/2114/2114 2115/2115/2115
f 2110/2110/2110 2115/2115/2115 2114/2114/2114
f 2114/2114/2114 2108/2108/2108 2110/2110/2110
f 2100/2100/2100 2098/2098/2098 2097/2097/2097
f 2097/2097/2097 2099/2099/2099 2100/2100/2100
f 2093/2093/2093 2100/2100/2100 2099/2099/2099
f 2099/2099/2099 2090/2090/2090 2093/2093/2093
f 2095/2095/2095 2093/2093/2093 2090/2090/2090
f 2090/2090/2090 2094/2094/2094 2095/2095/2095
f 2092/2092/2092 2095/2095/2095 2094/2094/2094
f 2094/2094/2094 2091/2091/2091 2092/2092/2092
f 2083/2083/2083 2081/2081/2081 2079/2079/2079
f 2079/2079/2079 2082/2082/2082 2083/2083/2083
f 2080/2080/2080 2083/2083/2083 2082/2082/2082
f 2082/2082/2082 2072/2072/2072 2080/2080/2080
f 2068/2068/2068 2066/2066/2066 2064/2064/2064
f 2064/2064/2064 2067/2067/2067 2068/2068/2068
f 2065/2065/2065 2068/2068/2068 2067/2067/2067
f 2067/2067/2067 2052/2052/2052 2065/2065/2065
f 2071/2071/2071 2069/2069/2069 2063/2063/2063
f 2063/2063/2063 2070/2070/2070 2071/2071/2071
f 2066/2066/2066 2071/2071/2071 2070/2070/2070
f 2070/2070/2070 2064/2064/2064 2066/2066/2066
f 2056/2056/2056 2054/2054/2054 2053/2053/2053
f 2053/2053/2053 2055/2055/2055 2056/2056/2056
f 2049/2049/2049 2056/2056/2056 2055/2055/2055
f 2055/2055/2055 2040/2040/2040 2049/2049/2049
f 2051/2051/2051 2049/2049/2049 2040/2040/2040
f 2040/2040/2040 2050/2050/2050 2051/2051/2051
f 2048/2048/2048 2051/2051/2051 2050/2050/2050
f 2050/2050/2050 2041/2041/2041 2048/2048/2048
f 2036/2036/2036 2034/2034/2034 2032/2032/2032
f 2032/2032/2032 2035/2035/2035 2036/2036/2036
f 2033/2033/2033 2036/2036/2036 2035/2035/2035
f 2035/2035/2035 2020/2020/2020 2033/2033/2033
f 2039/2039/2039 2037/2037/2037 2031/2031/2031
f 2031/2031/2031 2038/2038/2038 2039/2039/2039
f 2034/2034/2034 2039/2039/2039 2038/2038/2038
f 2038/2038/2038 2032/2032/2032 2034/2034/2034
f 2024/2024/2024 2022/2022/2022 2021/2021/2021
f 2021/2021/2021 2023/2023/2023 2024/2024/2024
f 2017/2017/2017 2024/2024/2024 2023/2023/2023
f 2023/2023/2023 2008/2008/2008 2017/2017/2017
f 2019/2019/2019 2017/2017/2017 2008/2008/2008
f 2008/2008/2008 2018/2018/2018 2019/2019/2019
f 2016/2016/2016 2019/2019/2019 2018/2018/2018
f 2018/2018/2018 2009/2009/2009 2016/2016/2016
f 2004/2004/2004 2002/2002/2002 2000/2000/2000
f 2000/2000/2000 2003/2003/2003 2004/2004/2004
f 2001/2001/2001 2004/2004/2004 2003/2003/2003
f 2003/2003/2003 1992/1992/1992 2001/2001/2001
f 2007/2007/2007 2005/2005/2005 1999/1999/1999
f 1999/1999/1999 2006/2006/2006 2007/2007/2007
f 2002/2002/2002 2007/2007/2007 2006/2006/2006
f 2006/2006/2006 2000/2000/2000 2002/2002/2002
f 1988/1988/1988 1986/1986/1986 1984/1984/1984
f 1984/1984/1984 1987/1987/1987 1988/1988/1988
f 1985/1985/1985 1988/1988/1988 1987/1987/1987
f 1987/1987/1987 1972/1972/1972 1985/1985/1985
f 1991/1991/1991 1989/1989/1989 1983/1983/1983
f 1983/1983/1983 1990/1990/1990 1991/1991/1991
f 1986/1986/1986 1991/1991/1991 1990/1990/1990
f 1990/1990/1990 1984/1984/1984 1986/1986/1986
f 1976/1976/1976 1974/1974/1974 1973/1973/1973
f 1973/1973/1973 1975/1975/1975 1976/1976/1976
f 1969/1969/1969 1976/1976/1976 1975/1975/1975
f 1975/1975/1975 1960/1960/1960 1969/1969/1969
f 1971/1971/1971 1969/1969/1969 1960/1960/1960
f 1960/1960/1960 1970/1970/1970 1971/1971/1971
f 1968/1968/1968 1971/1971/1971 1970/1970/1970
f 1970/1970/1970 1961/1961/1961 1968/1968/1968
f 1956/1956/1956 1954/1954/1954 1952/1952/1952
f 1952/1952/1952 1955/1955/1955 1956/1956/1956
f 1953/1953/1953 1956/1956/1956 1955/1955/1955
f 1955/1955/1955 1940/1940/1940 1953/1953/1953
f 1959/1959/1959 1957/1957/1957 1951/1951/1951
f 1951/1951/1951 1958/1958/1958 1959/1959/1959
f 1954/1954/1954 1959/1959/1959 1958/1958/1958
f 1958/1958/1958 1952/1952/1952 1954/1954/1954
f 1944/1944/1944 1942/1942/1942 1941/1941/1941
f 1941/1941/1941 1943/1943/1943 1944/1944/1944
f 1937/1937/1937 1944/1944/1944 1943/1943/1943
f 1943/1943/1943 1934/1934/1934 1937/1937/1937
f 1939/1939/1939 1937/1937/1937 1934/1934/1934
f 1934/1934/1934 1938/1938/1938 1939/1939/1939
f 1936/1936/1936 1939/1939/1939 1938/1938/1938
f 1938/1938/1938 1935/1935/1935 1936/1936/1936
f 1927/1927/1927 1925/1925/1925 1923/1923/1923
f 1923/1923/1923 1926/1926/1926 1927/1927/1927
f 1924/1924/1924 1927/1927/1927 1926/1926/1926
f 1926/1926/1926 1916/1916/1916 1924/1924/1924
f 1911/1911/1911 1909/1909/1909 1907/1907/1907
f 1907/1907/1907 1910/1910/1910 1911/1911/1911
f 1908/1908/1908 1911/1911/1911 1910/1910/1910
f 1910/1910/1910 1905/1905/1905 1908/1908/1908
f 1915/1915/1915 1913/1913/1913 1906/1906/1906
f 1906/1906/1906 1914/1914/1914 1915/1915/1915
f 1909/1909/1909 1915/1915/1915 1914/1914/1914
f 1914/1914/1914 1907/1907/1907 1909/1909/1909
f 2249/2249/2249 2247/2247/2247 1912/1912/1912
f 1912/1912/1912 2248/2248/2248 2249/2249/2249
f 2203/2203/2203 2201/2201/2201 1897/1897/1897
f 1897/1897/1897 2205/2205/2205 2196/2196/2196
f 2196/2196/2196 2203/2203/2203 1897/1897/1897
f 2205/2205/2205 2206/2206/2206 2194/2194/2194
f 2194/2194/2194 2187/2187/2187 2205/2205/2205
f 2206/2206/2206 2207/2207/2207 2176/2176/2176
f 2176/2176/2176 2191/2191/2191 2206/2206/2206
f 2187/2187/2187 2193/2193/2193 2202/2202/2202
f 2202/2202/2202 2196/2196/2196 2187/2187/2187
f 2205/2205/2205 2187/2187/2187 2196/2196/2196
f 2206/2206/2206 2191/2191/2191 2188/2188/2188
f 2188/2188/2188 2194/2194/2194 2206/2206/2206
f 2176/2176/2176 2207/2207/2207 2177/2177/2177
f 2208/2208/2208 2179/2179/2179 2177/2177/2177
f 2207/2207/2207 2208/2208/2208 2177/2177/2177
f 2208/2208/2208 2209/2209/2209 2165/2165/2165
f 2165/2165/2165 2174/2174/2174 2208/2208/2208
f 2209/2209/2209 2210/2210/2210 2162/2162/2162
f 2162/2162/2162 2155/2155/2155 2209/2209/2209
f 2210/2210/2210 2156/2156/2156 2162/2162/2162
f 2208/2208/2208 2164/2164/2164 2179/2179/2179
f 2208/2208/2208 2174/2174/2174 2164/2164/2164
f 2155/2155/2155 2161/2161/2161 2172/2172/2172
f 2172/2172/2172 2165/2165/2165 2155/2155/2155
f 2209/2209/2209 2155/2155/2155 2165/2165/2165
f 2210/2210/2210 2211/2211/2211 2148/2148/2148
f 2148/2148/2148 2159/2159/2159 2210/2210/2210
f 2177/2177/2177 2178/2178/2178 2189/2189/2189
f 2189/2189/2189 2176/2176/2176 2177/2177/2177
f 2199/2199/2199 2204/2204/2204 2202/2202/2202
f 2197/2197/2197 2193/2193/2193 2195/2195/2195
f 2186/2186/2186 2195/2195/2195 2190/2190/2190
f 2198/2198/2198 2202/2202/2202 2193/2193/2193
f 2183/2183/2183 2192/2192/2192 2189/2189/2189
f 2182/2182/2182 2189/2189/2189 2178/2178/2178
f 2171/2171/2171 2180/2180/2180 2173/2173/2173
f 2170/2170/2170 2173/2173/2173 2175/2175/2175
f 2181/2181/2181 2178/2178/2178 2180/2180/2180
f 2184/2184/2184 2190/2190/2190 2192/2192/2192
f 2139/2139/2139 2148/2148/2148 2211/2211/2211
f 2211/2211/2211 2212/2212/2212 2139/2139/2139
f 2159/2159/2159 2156/2156/2156 2210/2210/2210
f 2148/2148/2148 2139/2139/2139 2150/2150/2150
f 2167/2167/2167 2161/2161/2161 2163/2163/2163
f 2166/2166/2166 2163/2163/2163 2158/2158/2158
f 2152/2152/2152 2160/2160/2160 2157/2157/2157
f 2157/2157/2157 2148/2148/2148 2150/2150/2150
f 2139/2139/2139 2145/2145/2145 2150/2150/2150
f 2153/2153/2153 2158/2158/2158 2160/2160/2160
f 2172/2172/2172 2161/2161/2161 2167/2167/2167
f 2167/2167/2167 2168/2168/2168 2172/2172/2172
f 2168/2168/2168 2175/2175/2175 2172/2172/2172
f 2204/2204/2204 2201/2201/2201 2203/2203/2203
f 2140/2140/2140 2146/2146/2146 2212/2212/2212
f 2213/2213/2213 2143/2143/2143 2140/2140/2140
f 2212/2212/2212 2213/2213/2213 2140/2140/2140
f 2213/2213/2213 2214/2214/2214 2129/2129/2129
f 2129/2129/2129 2128/2128/2128 2213/2213/2213
f 2213/2213/2213 2128/2128/2128 2143/2143/2143
f 2214/2214/2214 2116/2116/2116 2131/2131/2131
f 2116/2116/2116 2215/2215/2215 2126/2126/2126
f 2131/2131/2131 2129/2129/2129 2214/2214/2214
f 2129/2129/2129 2130/2130/2130 2141/2141/2141
f 2141/2141/2141 2128/2128/2128 2129/2129/2129
f 2215/2215/2215 2116/2116/2116 2214/2214/2214
f 2107/2107/2107 2117/2117/2117 2215/2215/2215
f 2216/2216/2216 2217/2217/2217 2111/2111/2111
f 2111/2111/2111 2108/2108/2108 2216/2216/2216
f 2217/2217/2217 2218/2218/2218 2097/2097/2097
f 2097/2097/2097 2096/2096/2096 2217/2217/2217
f 2216/2216/2216 2107/2107/2107 2215/2215/2215
f 2219/2219/2219 2220/2220/2220 2079/2079/2079
f 2079/2079/2079 2091/2091/2091 2219/2219/2219
f 2218/2218/2218 2219/2219/2219 2091/2091/2091
f 2091/2091/2091 2094/2094/2094 2218/2218/2218
f 2220/2220/2220 2221/2221/2221 2072/2072/2072
f 2072/2072/2072 2082/2082/2082 2220/2220/2220
f 2221/2221/2221 2222/2222/2222 2063/2063/2063
f 2063/2063/2063 2072/2072/2072 2221/2221/2221
f 2222/2222/2222 2223/2223/2223 2064/2064/2064
f 2064/2064/2064 2070/2070/2070 2222/2222/2222
f 2223/2223/2223 2224/2224/2224 2053/2053/2053
f 2053/2053/2053 2052/2052/2052 2223/2223/2223
f 2126/2126/2126 2215/2215/2215 2117/2117/2117
f 2107/2107/2107 2113/2113/2113 2124/2124/2124
f 2124/2124/2124 2117/2117/2117 2107/2107/2107
f 2216/2216/2216 2114/2114/2114 2107/2107/2107
f 2217/2217/2217 2096/2096/2096 2111/2111/2111
f 2108/2108/2108 2114/2114/2114 2216/2216/2216
f 2097/2097/2097 2098/2098/2098 2109/2109/2109
f 2109/2109/2109 2096/2096/2096 2097/2097/2097
f 2136/2136/2136 2147/2147/2147 2142/2142/2142
f 2218/2218/2218 2090/2090/2090 2099/2099/2099
f 2218/2218/2218 2094/2094/2094 2090/2090/2090
f 2099/2099/2099 2097/2097/2097 2218/2218/2218
f 2082/2082/2082 2079/2079/2079 2220/2220/2220
f 2079/2079/2079 2085/2085/2085 2091/2091/2091
f 2223/2223/2223 2067/2067/2067 2064/2064/2064
f 2224/2224/2224 2055/2055/2055 2053/2053/2053
f 2053/2053/2053 2054/2054/2054 2065/2065/2065
f 2065/2065/2065 2052/2052/2052 2053/2053/2053
f 2052/2052/2052 2067/2067/2067 2223/2223/2223
f 2070/2070/2070 2063/2063/2063 2222/2222/2222
f 2063/2063/2063 2074/2074/2074 2072/2072/2072
f 2212/2212/2212 2146/2146/2146 2139/2139/2139
f 2138/2138/2138 2145/2145/2145 2147/2147/2147
f 2201/2201/2201 2204/2204/2204 2200/2200/2200
f 2173/2173/2173 2170/2170/2170 2171/2171/2171
f 2153/2153/2153 2154/2154/2154 2158/2158/2158
f 2147/2147/2147 2137/2137/2137 2138/2138/2138
f 2153/2153/2153 2160/2160/2160 2152/2152/2152
f 2170/2170/2170 2175/2175/2175 2169/2169/2169
f 2185/2185/2185 2186/2186/2186 2190/2190/2190
f 2185/2185/2185 2190/2190/2190 2184/2184/2184
f 2186/2186/2186 2197/2197/2197 2195/2195/2195
f 2171/2171/2171 2181/2181/2181 2180/2180/2180
f 2149/2149/2149 2145/2145/2145 2138/2138/2138
f 2158/2158/2158 2154/2154/2154 2166/2166/2166
f 2157/2157/2157 2150/2150/2150 2151/2151/2151
f 2137/2137/2137 2147/2147/2147 2136/2136/2136
f 2134/2134/2134 2144/2144/2144 2141/2141/2141
f 2132/2132/2132 2123/2123/2123 2130/2130/2130
f 2122/2122/2122 2132/2132/2132 2125/2125/2125
f 2141/2141/2141 2130/2130/2130 2133/2133/2133
f 2133/2133/2133 2134/2134/2134 2141/2141/2141
f 2122/2122/2122 2125/2125/2125 2121/2121/2121
f 2127/2127/2127 2121/2121/2121 2125/2125/2125
f 2127/2127/2127 2120/2120/2120 2121/2121/2121
f 2132/2132/2132 2122/2122/2122 2123/2123/2123
f 2124/2124/2124 2120/2120/2120 2127/2127/2127
f 2113/2113/2113 2119/2119/2119 2124/2124/2124
f 2115/2115/2115 2118/2118/2118 2113/2113/2113
f 2142/2142/2142 2135/2135/2135 2136/2136/2136
f 2144/2144/2144 2135/2135/2135 2142/2142/2142
f 2199/2199/2199 2200/2200/2200 2204/2204/2204
f 2193/2193/2193 2197/2197/2197 2198/2198/2198
f 2189/2189/2189 2182/2182/2182 2183/2183/2183
f 2184/2184/2184 2192/2192/2192 2183/2183/2183
f 2202/2202/2202 2198/2198/2198 2199/2199/2199
f 2181/2181/2181 2182/2182/2182 2178/2178/2178
f 2163/2163/2163 2166/2166/2166 2167/2167/2167
f 2169/2169/2169 2175/2175/2175 2168/2168/2168
f 2157/2157/2157 2151/2151/2151 2152/2152/2152
f 2145/2145/2145 2149/2149/2149 2150/2150/2150
f 2134/2134/2134 2135/2135/2135 2144/2144/2144
f 2119/2119/2119 2120/2120/2120 2124/2124/2124
f 2119/2119/2119 2113/2113/2113 2118/2118/2118
f 2123/2123/2123 2133/2133/2133 2130/2130/2130
f 2118/2118/2118 2115/2115/2115 2106/2106/2106
f 2104/2104/2104 2105/2105/2105 2110/2110/2110
f 2109/2109/2109 2103/2103/2103 2112/2112/2112
f 2109/2109/2109 2098/2098/2098 2102/2102/2102
f 2102/2102/2102 2103/2103/2103 2109/2109/2109
f 2112/2112/2112 2104/2104/2104 2110/2110/2110
f 2100/2100/2100 2093/2093/2093 2089/2089/2089
f 2101/2101/2101 2098/2098/2098 2100/2100/2100
f 2088/2088/2088 2093/2093/2093 2095/2095/2095
f 2095/2095/2095 2092/2092/2092 2087/2087/2087
f 2081/2081/2081 2085/2085/2085 2079/2079/2079
f 2091/2091/2091 2085/2085/2085 2092/2092/2092
f 2081/2081/2081 2083/2083/2083 2078/2078/2078
f 2106/2106/2106 2110/2110/2110 2105/2105/2105
f 2080/2080/2080 2076/2076/2076 2083/2083/2083
f 2069/2069/2069 2074/2074/2074 2063/2063/2063
f 2061/2061/2061 2071/2071/2071 2066/2066/2066
f 2060/2060/2060 2061/2061/2061 2066/2066/2066
f 2071/2071/2071 2062/2062/2062 2069/2069/2069
f 2074/2074/2074 2080/2080/2080 2072/2072/2072
f 2066/2066/2066 2068/2068/2068 2059/2059/2059
f 2068/2068/2068 2065/2065/2065 2058/2058/2058
f 2077/2077/2077 2078/2078/2078 2083/2083/2083
f 2056/2056/2056 2057/2057/2057 2054/2054/2054
f 2047/2047/2047 2056/2056/2056 2049/2049/2049
f 2065/2065/2065 2054/2054/2054 2057/2057/2057
f 2057/2057/2057 2058/2058/2058 2065/2065/2065
f 2046/2046/2046 2047/2047/2047 2049/2049/2049
f 2077/2077/2077 2083/2083/2083 2076/2076/2076
f 2062/2062/2062 2071/2071/2071 2061/2061/2061
f 2101/2101/2101 2100/2100/2100 2089/2089/2089
f 2086/2086/2086 2092/2092/2092 2085/2085/2085
f 2093/2093/2093 2088/2088/2088 2089/2089/2089
f 2112/2112/2112 2103/2103/2103 2104/2104/2104
f 2101/2101/2101 2102/2102/2102 2098/2098/2098
f 2092/2092/2092 2086/2086/2086 2087/2087/2087
f 2081/2081/2081 2084/2084/2084 2085/2085/2085
f 2095/2095/2095 2087/2087/2087 2088/2088/2088
f 2081/2081/2081 2078/2078/2078 2084/2084/2084
f 2059/2059/2059 2068/2068/2068 2058/2058/2058
f 2073/2073/2073 2069/2069/2069 2062/2062/2062
f 2075/2075/2075 2080/2080/2080 2074/2074/2074
f 2080/2080/2080 2075/2075/2075 2076/2076/2076
f 2073/2073/2073 2074/2074/2074 2069/2069/2069
f 2066/2066/2066 2059/2059/2059 2060/2060/2060
f 2047/2047/2047 2057/2057/2057 2056/2056/2056
f 2115/2115/2115 2110/2110/2110 2106/2106/2106
f 2040/2040/2040 2055/2055/2055 2224/2224/2224
f 2225/2225/2225 2050/2050/2050 2040/2040/2040
f 2041/2041/2041 2050/2050/2050 2225/2225/2225
f 2225/2225/2225 2226/2226/2226 2031/2031/2031
f 2031/2031/2031 2041/2041/2041 2225/2225/2225
f 2225/2225/2225 2040/2040/2040 2224/2224/2224
f 2226/2226/2226 2227/2227/2227 2032/2032/2032
f 2032/2032/2032 2038/2038/2038 2226/2226/2226
f 2031/2031/2031 2037/2037/2037 2048/2048/2048
f 2048/2048/2048 2041/2041/2041 2031/2031/2031
f 2226/2226/2226 2038/2038/2038 2031/2031/2031
f 2227/2227/2227 2035/2035/2035 2032/2032/2032
f 2227/2227/2227 2020/2020/2020 2035/2035/2035
f 2227/2227/2227 2228/2228/2228 2021/2021/2021
f 2021/2021/2021 2020/2020/2020 2227/2227/2227
f 2228/2228/2228 2229/2229/2229 2018/2018/2018
f 2018/2018/2018 2008/2008/2008 2228/2228/2228
f 2006/2006/2006 1999/1999/1999 2230/2230/2230
f 2230/2230/2230 2231/2231/2231 2003/2003/2003
f 2003/2003/2003 2000/2000/2000 2230/2230/2230
f 2229/2229/2229 2230/2230/2230 1999/1999/1999
f 1999/1999/1999 2009/2009/2009 2229/2229/2229
f 2228/2228/2228 2023/2023/2023 2021/2021/2021
f 2228/2228/2228 2008/2008/2008 2023/2023/2023
f 2229/2229/2229 2009/2009/2009 2018/2018/2018
f 1999/1999/1999 2005/2005/2005 2016/2016/2016
f 2016/2016/2016 2009/2009/2009 1999/1999/1999
f 2231/2231/2231 2232/2232/2232 1983/1983/1983
f 1983/1983/1983 1992/1992/1992 2231/2231/2231
f 2021/2021/2021 2022/2022/2022 2033/2033/2033
f 2033/2033/2033 2020/2020/2020 2021/2021/2021
f 2045/2045/2045 2049/2049/2049 2051/2051/2051
f 2043/2043/2043 2048/2048/2048 2037/2037/2037
f 2042/2042/2042 2037/2037/2037 2039/2039/2039
f 2044/2044/2044 2051/2051/2051 2048/2048/2048
f 2028/2028/2028 2034/2034/2034 2036/2036/2036
f 2027/2027/2027 2036/2036/2036 2033/2033/2033
f 2025/2025/2025 2022/2022/2022 2024/2024/2024
f 2015/2015/2015 2024/2024/2024 2017/2017/2017
f 2026/2026/2026 2033/2033/2033 2022/2022/2022
f 2030/2030/2030 2039/2039/2039 2034/2034/2034
f 2231/2231/2231 1992/1992/1992 2003/2003/2003
f 2000/2000/2000 2006/2006/2006 2230/2230/2230
f 2016/2016/2016 2005/2005/2005 2011/2011/2011
f 2011/2011/2011 2012/2012/2012 2016/2016/2016
f 2011/2011/2011 2005/2005/2005 2007/2007/2007
f 1997/1997/1997 2002/2002/2002 2004/2004/2004
f 1996/1996/1996 2004/2004/2004 2001/2001/2001
f 2010/2010/2010 2007/2007/2007 2002/2002/2002
f 1992/1992/1992 1994/1994/1994 2001/2001/2001
f 2012/2012/2012 2019/2019/2019 2016/2016/2016
f 2014/2014/2014 2017/2017/2017 2019/2019/2019
f 2233/2233/2233 1990/1990/1990 1983/1983/1983
f 1984/1984/1984 1990/1990/1990 2233/2233/2233
f 2233/2233/2233 2234/2234/2234 1972/1972/1972
f 1972/1972/1972 1987/1987/1987 2233/2233/2233
f 2233/2233/2233 1983/1983/1983 2232/2232/2232
f 2234/2234/2234 2235/2235/2235 1975/1975/1975
f 1975/1975/1975 1973/1973/1973 2234/2234/2234
f 2233/2233/2233 1987/1987/1987 1984/1984/1984
f 1973/1973/1973 1974/1974/1974 1985/1985/1985
f 1985/1985/1985 1972/1972/1972 1973/1973/1973
f 2235/2235/2235 1960/1960/1960 1975/1975/1975
f 1973/1973/1973 1972/1972/1972 2234/2234/2234
f 1960/1960/1960 2235/2235/2235 1970/1970/1970
f 2235/2235/2235 2236/2236/2236 1961/1961/1961
f 1961/1961/1961 1970/1970/1970 2235/2235/2235
f 2237/2237/2237 2238/2238/2238 1941/1941/1941
f 1941/1941/1941 1940/1940/1940 2237/2237/2237
f 2238/2238/2238 2239/2239/2239 1934/1934/1934
f 1934/1934/1934 1943/1943/1943 2238/2238/2238
f 2236/2236/2236 2237/2237/2237 1952/1952/1952
f 1952/1952/1952 1958/1958/1958 2236/2236/2236
f 2240/2240/2240 2241/2241/2241 1923/1923/1923
f 1935/1935/1935 2239/2239/2239 2240/2240/2240
f 2241/2241/2241 2242/2242/2242 1906/1906/1906
f 1906/1906/1906 1916/1916/1916 2241/2241/2241
f 2242/2242/2242 2243/2243/2243 1914/1914/1914
f 1914/1914/1914 1906/1906/1906 2242/2242/2242
f 2243/2243/2243 2244/2244/2244 1905/1905/1905
f 1905/1905/1905 1910/1910/1910 2243/2243/2243
f 2244/2244/2244 1898/1898/1898 2248/2248/2248
f 2248/2248/2248 1912/1912/1912 2244/2244/2244
f 2236/2236/2236 1951/1951/1951 1961/1961/1961
f 2237/2237/2237 1955/1955/1955 1952/1952/1952
f 1958/1958/1958 1951/1951/1951 2236/2236/2236
f 1951/1951/1951 1957/1957/1957 1968/1968/1968
f 1968/1968/1968 1961/1961/1961 1951/1951/1951
f 1941/1941/1941 1942/1942/1942 1953/1953/1953
f 1953/1953/1953 1940/1940/1940 1941/1941/1941
f 2239/2239/2239 1938/1938/1938 1934/1934/1934
f 1943/1943/1943 1941/1941/1941 2238/2238/2238
f 1940/1940/1940 1955/1955/1955 2237/2237/2237
f 2240/2240/2240 1923/1923/1923 1935/1935/1935
f 2241/2241/2241 1916/1916/1916 1926/1926/1926
f 1926/1926/1926 1923/1923/1923 2241/2241/2241
f 1923/1923/1923 1929/1929/1929 1935/1935/1935
f 2243/2243/2243 1907/1907/1907 1914/1914/1914
f 2243/2243/2243 1910/1910/1910 1907/1907/1907
f 2244/2244/2244 1912/1912/1912 1905/1905/1905
f 1912/1912/1912 2247/2247/2247 1908/1908/1908
f 1908/1908/1908 1905/1905/1905 1912/1912/1912
f 1906/1906/1906 1918/1918/1918 1916/1916/1916
f 1935/1935/1935 1938/1938/1938 2239/2239/2239
f 2248/2248/2248 1898/1898/1898 2245/2245/2245
f 1983/1983/1983 1994/1994/1994 1992/1992/1992
f 1989/1989/1989 1994/1994/1994 1983/1983/1983
f 2002/2002/2002 1997/1997/1997 1998/1998/1998
f 2015/2015/2015 2017/2017/2017 2014/2014/2014
f 1980/1980/1980 1981/1981/1981 1991/1991/1991
f 1986/1986/1986 1980/1980/1980 1991/1991/1991
f 1997/1997/1997 2004/2004/2004 1996/1996/1996
f 2030/2030/2030 2034/2034/2034 2029/2029/2029
f 1994/1994/1994 1995/1995/1995 2001/2001/2001
f 2030/2030/2030 2042/2042/2042 2039/2039/2039
f 2028/2028/2028 2029/2029/2029 2034/2034/2034
f 2024/2024/2024 2015/2015/2015 2025/2025/2025
f 2013/2013/2013 2014/2014/2014 2019/2019/2019
f 2002/2002/2002 1998/1998/1998 2010/2010/2010
f 1981/1981/1981 1982/1982/1982 1991/1991/1991
f 1979/1979/1979 1980/1980/1980 1986/1986/1986
f 1989/1989/1989 1991/1991/1991 1982/1982/1982
f 1978/1978/1978 1988/1988/1988 1985/1985/1985
f 1976/1976/1976 1967/1967/1967 1974/1974/1974
f 1966/1966/1966 1976/1976/1976 1969/1969/1969
f 1985/1985/1985 1974/1974/1974 1977/1977/1977
f 1977/1977/1977 1978/1978/1978 1985/1985/1985
f 1966/1966/1966 1969/1969/1969 1965/1965/1965
f 1971/1971/1971 1965/1965/1965 1969/1969/1969
f 1971/1971/1971 1964/1964/1964 1965/1965/1965
f 1976/1976/1976 1966/1966/1966 1967/1967/1967
f 1968/1968/1968 1964/1964/1964 1971/1971/1971
f 1957/1957/1957 1963/1963/1963 1968/1968/1968
f 1957/1957/1957 1962/1962/1962 1963/1963/1963
f 1979/1979/1979 1986/1986/1986 1988/1988/1988
f 2044/2044/2044 2045/2045/2045 2051/2051/2051
f 2037/2037/2037 2042/2042/2042 2043/2043/2043
f 2033/2033/2033 2026/2026/2026 2027/2027/2027
f 2028/2028/2028 2036/2036/2036 2027/2027/2027
f 2048/2048/2048 2043/2043/2043 2044/2044/2044
f 2025/2025/2025 2026/2026/2026 2022/2022/2022
f 2007/2007/2007 2010/2010/2010 2011/2011/2011
f 2013/2013/2013 2019/2019/2019 2012/2012/2012
f 1993/1993/1993 1994/1994/1994 1989/1989/1989
f 1995/1995/1995 1996/1996/1996 2001/2001/2001
f 1977/1977/1977 1974/1974/1974 1967/1967/1967
f 1979/1979/1979 1988/1988/1988 1978/1978/1978
f 1964/1964/1964 1968/1968/1968 1963/1963/1963
f 1993/1993/1993 1989/1989/1989 1982/1982/1982
f 1962/1962/1962 1957/1957/1957 1959/1959/1959
f 1948/1948/1948 1949/1949/1949 1954/1954/1954
f 1953/1953/1953 1947/1947/1947 1956/1956/1956
f 1953/1953/1953 1942/1942/1942 1946/1946/1946
f 1946/1946/1946 1947/1947/1947 1953/1953/1953
f 1956/1956/1956 1948/1948/1948 1954/1954/1954
f 1944/1944/1944 1937/1937/1937 1933/1933/1933
f 1945/1945/1945 1942/1942/1942 1944/1944/1944
f 1932/1932/1932 1937/1937/1937 1939/1939/1939
f 1939/1939/1939 1936/1936/1936 1931/1931/1931
f 1925/1925/1925 1929/1929/1929 1923/1923/1923
f 1935/1935/1935 1929/1929/1929 1936/1936/1936
f 1925/1925/1925 1927/1927/1927 1922/1922/1922
f 1950/1950/1950 1954/1954/1954 1949/1949/1949
f 1924/1924/1924 1920/1920/1920 1927/1927/1927
f 1913/1913/1913 1918/1918/1918 1906/1906/1906
f 1903/1903/1903 1915/1915/1915 1909/1909/1909
f 1902/1902/1902 1903/1903/1903 1909/1909/1909
f 1915/1915/1915 1904/1904/1904 1913/1913/1913
f 1918/1918/1918 1924/1924/1924 1916/1916/1916
f 1909/1909/1909 1911/1911/1911 1901/1901/1901
f 1911/1911/1911 1908/1908/1908 1900/1900/1900
f 1921/1921/1921 1922/1922/1922 1927/1927/1927
f 2249/2249/2249 1899/1899/1899 2247/2247/2247
f 2248/2248/2248 2245/2245/2245 2249/2249/2249
f 1908/1908/1908 2247/2247/2247 1899/1899/1899
f 1899/1899/1899 1900/1900/1900 1908/1908/1908
f 2246/2246/2246 2249/2249/2249 2245/2245/2245
f 1921/1921/1921 1927/1927/1927 1920/1920/1920
f 1904/1904/1904 1915/1915/1915 1903/1903/1903
f 1945/1945/1945 1944/1944/1944 1933/1933/1933
f 1930/1930/1930 1936/1936/1936 1929/1929/1929
f 1937/1937/1937 1932/1932/1932 1933/1933/1933
f 1956/1956/1956 1947/1947/1947 1948/1948/1948
f 1936/1936/1936 1930/1930/1930 1931/1931/1931
f 1946/1946/1946 1942/1942/1942 1945/1945/1945
f 1931/1931/1931 1932/1932/1932 1939/1939/1939
f 1950/1950/1950 1962/1962/1962 1959/1959/1959
f 1925/1925/1925 1928/1928/1928 1929/1929/1929
f 1925/1925/1925 1922/1922/1922 1928/1928/1928
f 1904/1904/1904 1917/1917/1917 1913/1913/1913
f 1924/1924/1924 1918/1918/1918 1919/1919/1919
f 1901/1901/1901 1911/1911/1911 1900/1900/1900
f 1924/1924/1924 1919/1919/1919 1920/1920/1920
f 1917/1917/1917 1918/1918/1918 1913/1913/1913
f 1909/1909/1909 1901/1901/1901 1902/1902/1902
f 2246/2246/2246 1899/1899/1899 2249/2249/2249
f 1954/1954/1954 1950/1950/1950 1959/1959/1959
f 2046/2046/2046 2049/2049/2049 2045/2045/2045
f 2386/2386/2386 2388/2388/2388 2387/2387/2387
f 2387/2387/2387 2384/2384/2384 2386/2386/2386
f 2380/2380/2380 2378/2378/2378 2376/2376/2376
f 2376/2376/2376 2379/2379/2379 2380/2380/2380
f 2377/2377/2377 2380/2380/2380 2379/2379/2379
f 2379/2379/2379 2366/2366/2366 2377/2377/2377
f 2383/2383/2383 2381/2381/2381 2375/2375/2375
f 2375/2375/2375 2382/2382/2382 2383/2383/2383
f 2378/2378/2378 2383/2383/2383 2382/2382/2382
f 2382/2382/2382 2376/2376/2376 2378/2378/2378
f 2370/2370/2370 2368/2368/2368 2367/2367/2367
f 2367/2367/2367 2369/2369/2369 2370/2370/2370
f 2363/2363/2363 2370/2370/2370 2369/2369/2369
f 2369/2369/2369 2356/2356/2356 2363/2363/2363
f 2365/2365/2365 2363/2363/2363 2356/2356/2356
f 2356/2356/2356 2364/2364/2364 2365/2365/2365
f 2362/2362/2362 2365/2365/2365 2364/2364/2364
f 2364/2364/2364 2357/2357/2357 2362/2362/2362
f 2352/2352/2352 2350/2350/2350 2348/2348/2348
f 2348/2348/2348 2351/2351/2351 2352/2352/2352
f 2349/2349/2349 2352/2352/2352 2351/2351/2351
f 2351/2351/2351 2342/2342/2342 2349/2349/2349
f 2355/2355/2355 2353/2353/2353 2347/2347/2347
f 2347/2347/2347 2354/2354/2354 2355/2355/2355
f 2350/2350/2350 2355/2355/2355 2354/2354/2354
f 2354/2354/2354 2348/2348/2348 2350/2350/2350
f 2338/2338/2338 2336/2336/2336 2334/2334/2334
f 2334/2334/2334 2337/2337/2337 2338/2338/2338
f 2335/2335/2335 2338/2338/2338 2337/2337/2337
f 2337/2337/2337 2324/2324/2324 2335/2335/2335
f 2341/2341/2341 2339/2339/2339 2333/2333/2333
f 2333/2333/2333 2340/2340/2340 2341/2341/2341
f 2336/2336/2336 2341/2341/2341 2340/2340/2340
f 2340/2340/2340 2334/2334/2334 2336/2336/2336
f 2328/2328/2328 2326/2326/2326 2325/2325/2325
f 2325/2325/2325 2327/2327/2327 2328/2328/2328
f 2321/2321/2321 2328/2328/2328 2327/2327/2327
f 2327/2327/2327 2314/2314/2314 2321/2321/2321
f 2323/2323/2323 2321/2321/2321 2314/2314/2314
f 2314/2314/2314 2322/2322/2322 2323/2323/2323
f 2320/2320/2320 2323/2323/2323 2322/2322/2322
f 2322/2322/2322 2315/2315/2315 2320/2320/2320
f 2310/2310/2310 2308/2308/2308 2306/2306/2306
f 2306/2306/2306 2309/2309/2309 2310/2310/2310
f 2307/2307/2307 2310/2310/2310 2309/2309/2309
f 2309/2309/2309 2296/2296/2296 2307/2307/2307
f 2313/2313/2313 2311/2311/2311 2305/2305/2305
f 2305/2305/2305 2312/2312/2312 2313/2313/2313
f 2308/2308/2308 2313/2313/2313 2312/2312/2312
f 2312/2312/2312 2306/2306/2306 2308/2308/2308
f 2300/2300/2300 2298/2298/2298 2297/2297/2297
f 2297/2297/2297 2299/2299/2299 2300/2300/2300
f 2293/2293/2293 2300/2300/2300 2299/2299/2299
f 2299/2299/2299 2290/2290/2290 2293/2293/2293
f 2295/2295/2295 2293/2293/2293 2290/2290/2290
f 2290/2290/2290 2294/2294/2294 2295/2295/2295
f 2292/2292/2292 2295/2295/2295 2294/2294/2294
f 2294/2294/2294 2291/2291/2291 2292/2292/2292
f 2284/2284/2284 2282/2282/2282 2280/2280/2280
f 2280/2280/2280 2283/2283/2283 2284/2284/2284
f 2281/2281/2281 2284/2284/2284 2283/2283/2283
f 2283/2283/2283 2279/2279/2279 2281/2281/2281
f 2599/2599/2599 2597/2597/2597 2595/2595/2595
f 2595/2595/2595 2598/2598/2598 2599/2599/2599
f 2596/2596/2596 2599/2599/2599 2598/2598/2598
f 2598/2598/2598 2586/2586/2586 2596/2596/2596
f 2602/2602/2602 2600/2600/2600 2285/2285/2285
f 2285/2285/2285 2601/2601/2601 2602/2602/2602
f 2597/2597/2597 2602/2602/2602 2601/2601/2601
f 2601/2601/2601 2595/2595/2595 2597/2597/2597
f 2590/2590/2590 2588/2588/2588 2587/2587/2587
f 2587/2587/2587 2589/2589/2589 2590/2590/2590
f 2583/2583/2583 2590/2590/2590 2589/2589/2589
f 2589/2589/2589 2574/2574/2574 2583/2583/2583
f 2585/2585/2585 2583/2583/2583 2574/2574/2574
f 2574/2574/2574 2584/2584/2584 2585/2585/2585
f 2582/2582/2582 2585/2585/2585 2584/2584/2584
f 2584/2584/2584 2575/2575/2575 2582/2582/2582
f 2570/2570/2570 2568/2568/2568 2566/2566/2566
f 2566/2566/2566 2569/2569/2569 2570/2570/2570
f 2567/2567/2567 2570/2570/2570 2569/2569/2569
f 2569/2569/2569 2554/2554/2554 2567/2567/2567
f 2573/2573/2573 2571/2571/2571 2565/2565/2565
f 2565/2565/2565 2572/2572/2572 2573/2573/2573
f 2568/2568/2568 2573/2573/2573 2572/2572/2572
f 2572/2572/2572 2566/2566/2566 2568/2568/2568
f 2558/2558/2558 2556/2556/2556 2555/2555/2555
f 2555/2555/2555 2557/2557/2557 2558/2558/2558
f 2551/2551/2551 2558/2558/2558 2557/2557/2557
f 2557/2557/2557 2542/2542/2542 2551/2551/2551
f 2553/2553/2553 2551/2551/2551 2542/2542/2542
f 2542/2542/2542 2552/2552/2552 2553/2553/2553
f 2550/2550/2550 2553/2553/2553 2552/2552/2552
f 2552/2552/2552 2543/2543/2543 2550/2550/2550
f 2538/2538/2538 2536/2536/2536 2534/2534/2534
f 2534/2534/2534 2537/2537/2537 2538/2538/2538
f 2535/2535/2535 2538/2538/2538 2537/2537/2537
f 2537/2537/2537 2526/2526/2526 2535/2535/2535
f 2541/2541/2541 2539/2539/2539 2533/2533/2533
f 2533/2533/2533 2540/2540/2540 2541/2541/2541
f 2536/2536/2536 2541/2541/2541 2540/2540/2540
f 2540/2540/2540 2534/2534/2534 2536/2536/2536
f 2522/2522/2522 2520/2520/2520 2518/2518/2518
f 2518/2518/2518 2521/2521/2521 2522/2522/2522
f 2519/2519/2519 2522/2522/2522 2521/2521/2521
f 2521/2521/2521 2506/2506/2506 2519/2519/2519
f 2525/2525/2525 2523/2523/2523 2517/2517/2517
f 2517/2517/2517 2524/2524/2524 2525/2525/2525
f 2520/2520/2520 2525/2525/2525 2524/2524/2524
f 2524/2524/2524 2518/2518/2518 2520/2520/2520
f 2510/2510/2510 2508/2508/2508 2507/2507/2507
f 2507/2507/2507 2509/2509/2509 2510/2510/2510
f 2503/2503/2503 2510/2510/2510 2509/2509/2509
f 2509/2509/2509 2494/2494/2494 2503/2503/2503
f 2505/2505/2505 2503/2503/2503 2494/2494/2494
f 2494/2494/2494 2504/2504/2504 2505/2505/2505
f 2502/2502/2502 2505/2505/2505 2504/2504/2504
f 2504/2504/2504 2495/2495/2495 2502/2502/2502
f 2490/2490/2490 2488/2488/2488 2486/2486/2486
f 2486/2486/2486 2489/2489/2489 2490/2490/2490
f 2487/2487/2487 2490/2490/2490 2489/2489/2489
f 2489/2489/2489 2474/2474/2474 2487/2487/2487
f 2493/2493/2493 2491/2491/2491 2485/2485/2485
f 2485/2485/2485 2492/2492/2492 2493/2493/2493
f 2488/2488/2488 2493/2493/2493 2492/2492/2492
f 2492/2492/2492 2486/2486/2486 2488/2488/2488
f 2478/2478/2478 2476/2476/2476 2475/2475/2475
f 2475/2475/2475 2477/2477/2477 2478/2478/2478
f 2471/2471/2471 2478/2478/2478 2477/2477/2477
f 2477/2477/2477 2468/2468/2468 2471/2471/2471
f 2473/2473/2473 2471/2471/2471 2468/2468/2468
f 2468/2468/2468 2472/2472/2472 2473/2473/2473
f 2470/2470/2470 2473/2473/2473 2472/2472/2472
f 2472/2472/2472 2469/2469/2469 2470/2470/2470
f 2461/2461/2461 2459/2459/2459 2457/2457/2457
f 2457/2457/2457 2460/2460/2460 2461/2461/2461
f 2458/2458/2458 2461/2461/2461 2460/2460/2460
f 2460/2460/2460 2450/2450/2450 2458/2458/2458
f 2446/2446/2446 2444/2444/2444 2442/2442/2442
f 2442/2442/2442 2445/2445/2445 2446/2446/2446
f 2443/2443/2443 2446/2446/2446 2445/2445/2445
f 2445/2445/2445 2430/2430/2430 2443/2443/2443
f 2449/2449/2449 2447/2447/2447 2441/2441/2441
f 2441/2441/2441 2448/2448/2448 2449/2449/2449
f 2444/2444/2444 2449/2449/2449 2448/2448/2448
f 2448/2448/2448 2442/2442/2442 2444/2444/2444
f 2434/2434/2434 2432/2432/2432 2431/2431/2431
f 2431/2431/2431 2433/2433/2433 2434/2434/2434
f 2387/2387/2387 2274/2274/2274 2250/2250/2250
f 2250/2250/2250 2389/2389/2389 2384/2384/2384
f 2384/2384/2384 2387/2387/2387 2250/2250/2250
f 2389/2389/2389 2390/2390/2390 2382/2382/2382
f 2382/2382/2382 2375/2375/2375 2389/2389/2389
f 2390/2390/2390 2391/2391/2391 2366/2366/2366
f 2366/2366/2366 2379/2379/2379 2390/2390/2390
f 2375/2375/2375 2381/2381/2381 2386/2386/2386
f 2386/2386/2386 2384/2384/2384 2375/2375/2375
f 2389/2389/2389 2375/2375/2375 2384/2384/2384
f 2390/2390/2390 2379/2379/2379 2376/2376/2376
f 2376/2376/2376 2382/2382/2382 2390/2390/2390
f 2366/2366/2366 2391/2391/2391 2367/2367/2367
f 2392/2392/2392 2369/2369/2369 2367/2367/2367
f 2391/2391/2391 2392/2392/2392 2367/2367/2367
f 2392/2392/2392 2393/2393/2393 2357/2357/2357
f 2357/2357/2357 2364/2364/2364 2392/2392/2392
f 2393/2393/2393 2394/2394/2394 2354/2354/2354
f 2354/2354/2354 2347/2347/2347 2393/2393/2393
f 2394/2394/2394 2348/2348/2348 2354/2354/2354
f 2392/2392/2392 2356/2356/2356 2369/2369/2369
f 2392/2392/2392 2364/2364/2364 2356/2356/2356
f 2347/2347/2347 2353/2353/2353 2362/2362/2362
f 2362/2362/2362 2357/2357/2357 2347/2347/2347
f 2393/2393/2393 2347/2347/2347 2357/2357/2357
f 2394/2394/2394 2395/2395/2395 2342/2342/2342
f 2342/2342/2342 2351/2351/2351 2394/2394/2394
f 2367/2367/2367 2368/2368/2368 2377/2377/2377
f 2377/2377/2377 2366/2366/2366 2367/2367/2367
f 2254/2254/2254 2388/2388/2388 2386/2386/2386
f 2252/2252/2252 2381/2381/2381 2383/2383/2383
f 2374/2374/2374 2383/2383/2383 2378/2378/2378
f 2253/2253/2253 2386/2386/2386 2381/2381/2381
f 2371/2371/2371 2380/2380/2380 2377/2377/2377
f 2256/2256/2256 2377/2377/2377 2368/2368/2368
f 2361/2361/2361 2370/2370/2370 2363/2363/2363
f 2360/2360/2360 2363/2363/2363 2365/2365/2365
f 2255/2255/2255 2368/2368/2368 2370/2370/2370
f 2372/2372/2372 2378/2378/2378 2380/2380/2380
f 2333/2333/2333 2342/2342/2342 2395/2395/2395
f 2395/2395/2395 2396/2396/2396 2333/2333/2333
f 2351/2351/2351 2348/2348/2348 2394/2394/2394
f 2342/2342/2342 2333/2333/2333 2260/2260/2260
f 2258/2258/2258 2353/2353/2353 2355/2355/2355
f 2257/2257/2257 2355/2355/2355 2350/2350/2350
f 2344/2344/2344 2352/2352/2352 2349/2349/2349
f 2349/2349/2349 2342/2342/2342 2260/2260/2260
f 2333/2333/2333 2339/2339/2339 2260/2260/2260
f 2345/2345/2345 2350/2350/2350 2352/2352/2352
f 2362/2362/2362 2353/2353/2353 2258/2258/2258
f 2258/2258/2258 2358/2358/2358 2362/2362/2362
f 2358/2358/2358 2365/2365/2365 2362/2362/2362
f 2388/2388/2388 2274/2274/2274 2387/2387/2387
f 2334/2334/2334 2340/2340/2340 2396/2396/2396
f 2397/2397/2397 2337/2337/2337 2334/2334/2334
f 2396/2396/2396 2397/2397/2397 2334/2334/2334
f 2397/2397/2397 2398/2398/2398 2325/2325/2325
f 2325/2325/2325 2324/2324/2324 2397/2397/2397
f 2397/2397/2397 2324/2324/2324 2337/2337/2337
f 2398/2398/2398 2314/2314/2314 2327/2327/2327
f 2314/2314/2314 2399/2399/2399 2322/2322/2322
f 2327/2327/2327 2325/2325/2325 2398/2398/2398
f 2325/2325/2325 2326/2326/2326 2335/2335/2335
f 2335/2335/2335 2324/2324/2324 2325/2325/2325
f 2399/2399/2399 2314/2314/2314 2398/2398/2398
f 2305/2305/2305 2315/2315/2315 2399/2399/2399
f 2400/2400/2400 2401/2401/2401 2309/2309/2309
f 2309/2309/2309 2306/2306/2306 2400/2400/2400
f 2401/2401/2401 2402/2402/2402 2297/2297/2297
f 2297/2297/2297 2296/2296/2296 2401/2401/2401
f 2400/2400/2400 2305/2305/2305 2399/2399/2399
f 2403/2403/2403 2404/2404/2404 2280/2280/2280
f 2280/2280/2280 2291/2291/2291 2403/2403/2403
f 2402/2402/2402 2403/2403/2403 2291/2291/2291
f 2291/2291/2291 2294/2294/2294 2402/2402/2402
f 2404/2404/2404 2405/2405/2405 2279/2279/2279
f 2279/2279/2279 2283/2283/2283 2404/2404/2404
f 2405/2405/2405 2406/2406/2406 2285/2285/2285
f 2285/2285/2285 2279/2279/2279 2405/2405/2405
f 2406/2406/2406 2407/2407/2407 2595/2595/2595
f 2595/2595/2595 2601/2601/2601 2406/2406/2406
f 2407/2407/2407 2408/2408/2408 2587/2587/2587
f 2587/2587/2587 2586/2586/2586 2407/2407/2407
f 2322/2322/2322 2399/2399/2399 2315/2315/2315
f 2305/2305/2305 2311/2311/2311 2320/2320/2320
f 2320/2320/2320 2315/2315/2315 2305/2305/2305
f 2400/2400/2400 2312/2312/2312 2305/2305/2305
f 2401/2401/2401 2296/2296/2296 2309/2309/2309
f 2306/2306/2306 2312/2312/2312 2400/2400/2400
f 2297/2297/2297 2298/2298/2298 2307/2307/2307
f 2307/2307/2307 2296/2296/2296 2297/2297/2297
f 2330/2330/2330 2341/2341/2341 2336/2336/2336
f 2402/2402/2402 2290/2290/2290 2299/2299/2299
f 2402/2402/2402 2294/2294/2294 2290/2290/2290
f 2299/2299/2299 2297/2297/2297 2402/2402/2402
f 2283/2283/2283 2280/2280/2280 2404/2404/2404
f 2280/2280/2280 2268/2268/2268 2291/2291/2291
f 2407/2407/2407 2598/2598/2598 2595/2595/2595
f 2408/2408/2408 2589/2589/2589 2587/2587/2587
f 2587/2587/2587 2588/2588/2588 2596/2596/2596
f 2596/2596/2596 2586/2586/2586 2587/2587/2587
f 2586/2586/2586 2598/2598/2598 2407/2407/2407
f 2601/2601/2601 2285/2285/2285 2406/2406/2406
f 2285/2285/2285 2270/2270/2270 2279/2279/2279
f 2396/2396/2396 2340/2340/2340 2333/2333/2333
f 2332/2332/2332 2339/2339/2339 2341/2341/2341
f 2274/2274/2274 2388/2388/2388 2385/2385/2385
f 2363/2363/2363 2360/2360/2360 2361/2361/2361
f 2359/2359/2359 2360/2360/2360 2365/2365/2365
f 2346/2346/2346 2350/2350/2350 2345/2345/2345
f 2332/2332/2332 2341/2341/2341 2331/2331/2331
f 2344/2344/2344 2345/2345/2345 2352/2352/2352
f 2373/2373/2373 2374/2374/2374 2378/2378/2378
f 2373/2373/2373 2378/2378/2378 2372/2372/2372
f 2374/2374/2374 2252/2252/2252 2383/2383/2383
f 2361/2361/2361 2255/2255/2255 2370/2370/2370
f 2350/2350/2350 2346/2346/2346 2257/2257/2257
f 2332/2332/2332 2259/2259/2259 2339/2339/2339
f 2331/2331/2331 2341/2341/2341 2330/2330/2330
f 2262/2262/2262 2338/2338/2338 2335/2335/2335
f 2328/2328/2328 2319/2319/2319 2326/2326/2326
f 2318/2318/2318 2328/2328/2328 2321/2321/2321
f 2335/2335/2335 2326/2326/2326 2261/2261/2261
f 2261/2261/2261 2262/2262/2262 2335/2335/2335
f 2318/2318/2318 2321/2321/2321 2317/2317/2317
f 2323/2323/2323 2317/2317/2317 2321/2321/2321
f 2323/2323/2323 2316/2316/2316 2317/2317/2317
f 2328/2328/2328 2318/2318/2318 2319/2319/2319
f 2320/2320/2320 2316/2316/2316 2323/2323/2323
f 2311/2311/2311 2264/2264/2264 2320/2320/2320
f 2313/2313/2313 2263/2263/2263 2311/2311/2311
f 2336/2336/2336 2329/2329/2329 2330/2330/2330
f 2338/2338/2338 2329/2329/2329 2336/2336/2336
f 2254/2254/2254 2385/2385/2385 2388/2388/2388
f 2381/2381/2381 2252/2252/2252 2253/2253/2253
f 2377/2377/2377 2256/2256/2256 2371/2371/2371
f 2372/2372/2372 2380/2380/2380 2371/2371/2371
f 2386/2386/2386 2253/2253/2253 2254/2254/2254
f 2255/2255/2255 2256/2256/2256 2368/2368/2368
f 2358/2358/2358 2359/2359/2359 2365/2365/2365
f 2257/2257/2257 2258/2258/2258 2355/2355/2355
f 2343/2343/2343 2344/2344/2344 2349/2349/2349
f 2339/2339/2339 2259/2259/2259 2260/2260/2260
f 2343/2343/2343 2349/2349/2349 2260/2260/2260
f 2329/2329/2329 2338/2338/2338 2262/2262/2262
f 2264/2264/2264 2316/2316/2316 2320/2320/2320
f 2264/2264/2264 2311/2311/2311 2263/2263/2263
f 2319/2319/2319 2261/2261/2261 2326/2326/2326
f 2263/2263/2263 2313/2313/2313 2304/2304/2304
f 2302/2302/2302 2303/2303/2303 2308/2308/2308
f 2307/2307/2307 2301/2301/2301 2310/2310/2310
f 2300/2300/2300 2265/2265/2265 2298/2298/2298
f 2310/2310/2310 2302/2302/2302 2308/2308/2308
f 2307/2307/2307 2298/2298/2298 2266/2266/2266
f 2266/2266/2266 2301/2301/2301 2307/2307/2307
f 2300/2300/2300 2293/2293/2293 2289/2289/2289
f 2295/2295/2295 2288/2288/2288 2293/2293/2293
f 2289/2289/2289 2293/2293/2293 2288/2288/2288
f 2287/2287/2287 2288/2288/2288 2295/2295/2295
f 2282/2282/2282 2268/2268/2268 2280/2280/2280
f 2295/2295/2295 2292/2292/2292 2287/2287/2287
f 2291/2291/2291 2268/2268/2268 2292/2292/2292
f 2304/2304/2304 2308/2308/2308 2303/2303/2303
f 2276/2276/2276 2277/2277/2277 2284/2284/2284
f 2602/2602/2602 2594/2594/2594 2600/2600/2600
f 2593/2593/2593 2602/2602/2602 2597/2597/2597
f 2270/2270/2270 2285/2285/2285 2600/2600/2600
f 2281/2281/2281 2276/2276/2276 2284/2284/2284
f 2270/2270/2270 2281/2281/2281 2279/2279/2279
f 2597/2597/2597 2592/2592/2592 2593/2593/2593
f 2597/2597/2597 2599/2599/2599 2591/2591/2591
f 2602/2602/2602 2593/2593/2593 2594/2594/2594
f 2596/2596/2596 2272/2272/2272 2599/2599/2599
f 2596/2596/2596 2588/2588/2588 2271/2271/2271
f 2271/2271/2271 2272/2272/2272 2596/2596/2596
f 2590/2590/2590 2271/2271/2271 2588/2588/2588
f 2278/2278/2278 2282/2282/2282 2284/2284/2284
f 2278/2278/2278 2284/2284/2284 2277/2277/2277
f 2265/2265/2265 2300/2300/2300 2289/2289/2289
f 2282/2282/2282 2278/2278/2278 2267/2267/2267
f 2286/2286/2286 2292/2292/2292 2268/2268/2268
f 2310/2310/2310 2301/2301/2301 2302/2302/2302
f 2265/2265/2265 2266/2266/2266 2298/2298/2298
f 2292/2292/2292 2286/2286/2286 2287/2287/2287
f 2267/2267/2267 2268/2268/2268 2282/2282/2282
f 2281/2281/2281 2270/2270/2270 2275/2275/2275
f 2600/2600/2600 2594/2594/2594 2269/2269/2269
f 2581/2581/2581 2271/2271/2271 2590/2590/2590
f 2591/2591/2591 2599/2599/2599 2272/2272/2272
f 2281/2281/2281 2275/2275/2275 2276/2276/2276
f 2269/2269/2269 2270/2270/2270 2600/2600/2600
f 2597/2597/2597 2591/2591/2591 2592/2592/2592
f 2581/2581/2581 2583/2583/2583 2580/2580/2580
f 2590/2590/2590 2583/2583/2583 2581/2581/2581
f 2313/2313/2313 2308/2308/2308 2304/2304/2304
f 2574/2574/2574 2589/2589/2589 2408/2408/2408
f 2409/2409/2409 2584/2584/2584 2574/2574/2574
f 2575/2575/2575 2584/2584/2584 2409/2409/2409
f 2409/2409/2409 2410/2410/2410 2565/2565/2565
f 2565/2565/2565 2575/2575/2575 2409/2409/2409
f 2409/2409/2409 2574/2574/2574 2408/2408/2408
f 2410/2410/2410 2411/2411/2411 2566/2566/2566
f 2566/2566/2566 2572/2572/2572 2410/2410/2410
f 2565/2565/2565 2571/2571/2571 2582/2582/2582
f 2582/2582/2582 2575/2575/2575 2565/2565/2565
f 2410/2410/2410 2572/2572/2572 2565/2565/2565
f 2411/2411/2411 2569/2569/2569 2566/2566/2566
f 2411/2411/2411 2554/2554/2554 2569/2569/2569
f 2411/2411/2411 2412/2412/2412 2555/2555/2555
f 2555/2555/2555 2554/2554/2554 2411/2411/2411
f 2412/2412/2412 2413/2413/2413 2552/2552/2552
f 2552/2552/2552 2542/2542/2542 2412/2412/2412
f 2540/2540/2540 2533/2533/2533 2414/2414/2414
f 2414/2414/2414 2415/2415/2415 2537/2537/2537
f 2537/2537/2537 2534/2534/2534 2414/2414/2414
f 2413/2413/2413 2414/2414/2414 2533/2533/2533
f 2533/2533/2533 2543/2543/2543 2413/2413/2413
f 2412/2412/2412 2557/2557/2557 2555/2555/2555
f 2412/2412/2412 2542/2542/2542 2557/2557/2557
f 2413/2413/2413 2543/2543/2543 2552/2552/2552
f 2533/2533/2533 2539/2539/2539 2550/2550/2550
f 2550/2550/2550 2543/2543/2543 2533/2533/2533
f 2415/2415/2415 2416/2416/2416 2517/2517/2517
f 2517/2517/2517 2526/2526/2526 2415/2415/2415
f 2555/2555/2555 2556/2556/2556 2567/2567/2567
f 2567/2567/2567 2554/2554/2554 2555/2555/2555
f 2579/2579/2579 2583/2583/2583 2585/2585/2585
f 2577/2577/2577 2582/2582/2582 2571/2571/2571
f 2576/2576/2576 2571/2571/2571 2573/2573/2573
f 2578/2578/2578 2585/2585/2585 2582/2582/2582
f 2562/2562/2562 2568/2568/2568 2570/2570/2570
f 2561/2561/2561 2570/2570/2570 2567/2567/2567
f 2559/2559/2559 2556/2556/2556 2558/2558/2558
f 2549/2549/2549 2558/2558/2558 2551/2551/2551
f 2560/2560/2560 2567/2567/2567 2556/2556/2556
f 2564/2564/2564 2573/2573/2573 2568/2568/2568
f 2415/2415/2415 2526/2526/2526 2537/2537/2537
f 2534/2534/2534 2540/2540/2540 2414/2414/2414
f 2550/2550/2550 2539/2539/2539 2545/2545/2545
f 2545/2545/2545 2546/2546/2546 2550/2550/2550
f 2545/2545/2545 2539/2539/2539 2541/2541/2541
f 2531/2531/2531 2536/2536/2536 2538/2538/2538
f 2530/2530/2530 2538/2538/2538 2535/2535/2535
f 2544/2544/2544 2541/2541/2541 2536/2536/2536
f 2526/2526/2526 2528/2528/2528 2535/2535/2535
f 2546/2546/2546 2553/2553/2553 2550/2550/2550
f 2548/2548/2548 2551/2551/2551 2553/2553/2553
f 2417/2417/2417 2524/2524/2524 2517/2517/2517
f 2518/2518/2518 2524/2524/2524 2417/2417/2417
f 2417/2417/2417 2418/2418/2418 2506/2506/2506
f 2506/2506/2506 2521/2521/2521 2417/2417/2417
f 2417/2417/2417 2517/2517/2517 2416/2416/2416
f 2418/2418/2418 2419/2419/2419 2509/2509/2509
f 2509/2509/2509 2507/2507/2507 2418/2418/2418
f 2417/2417/2417 2521/2521/2521 2518/2518/2518
f 2507/2507/2507 2508/2508/2508 2519/2519/2519
f 2519/2519/2519 2506/2506/2506 2507/2507/2507
f 2419/2419/2419 2494/2494/2494 2509/2509/2509
f 2507/2507/2507 2506/2506/2506 2418/2418/2418
f 2494/2494/2494 2419/2419/2419 2504/2504/2504
f 2419/2419/2419 2420/2420/2420 2495/2495/2495
f 2495/2495/2495 2504/2504/2504 2419/2419/2419
f 2421/2421/2421 2422/2422/2422 2475/2475/2475
f 2475/2475/2475 2474/2474/2474 2421/2421/2421
f 2422/2422/2422 2423/2423/2423 2468/2468/2468
f 2468/2468/2468 2477/2477/2477 2422/2422/2422
f 2420/2420/2420 2421/2421/2421 2486/2486/2486
f 2486/2486/2486 2492/2492/2492 2420/2420/2420
f 2424/2424/2424 2425/2425/2425 2457/2457/2457
f 2469/2469/2469 2423/2423/2423 2424/2424/2424
f 2425/2425/2425 2426/2426/2426 2441/2441/2441
f 2441/2441/2441 2450/2450/2450 2425/2425/2425
f 2426/2426/2426 2427/2427/2427 2448/2448/2448
f 2448/2448/2448 2441/2441/2441 2426/2426/2426
f 2427/2427/2427 2428/2428/2428 2430/2430/2430
f 2430/2430/2430 2445/2445/2445 2427/2427/2427
f 2428/2428/2428 2251/2251/2251 2433/2433/2433
f 2433/2433/2433 2431/2431/2431 2428/2428/2428
f 2420/2420/2420 2485/2485/2485 2495/2495/2495
f 2421/2421/2421 2489/2489/2489 2486/2486/2486
f 2492/2492/2492 2485/2485/2485 2420/2420/2420
f 2485/2485/2485 2491/2491/2491 2502/2502/2502
f 2502/2502/2502 2495/2495/2495 2485/2485/2485
f 2475/2475/2475 2476/2476/2476 2487/2487/2487
f 2487/2487/2487 2474/2474/2474 2475/2475/2475
f 2423/2423/2423 2472/2472/2472 2468/2468/2468
f 2477/2477/2477 2475/2475/2475 2422/2422/2422
f 2474/2474/2474 2489/2489/2489 2421/2421/2421
f 2424/2424/2424 2457/2457/2457 2469/2469/2469
f 2425/2425/2425 2450/2450/2450 2460/2460/2460
f 2460/2460/2460 2457/2457/2457 2425/2425/2425
f 2457/2457/2457 2463/2463/2463 2469/2469/2469
f 2427/2427/2427 2442/2442/2442 2448/2448/2448
f 2427/2427/2427 2445/2445/2445 2442/2442/2442
f 2428/2428/2428 2431/2431/2431 2430/2430/2430
f 2431/2431/2431 2432/2432/2432 2443/2443/2443
f 2443/2443/2443 2430/2430/2430 2431/2431/2431
f 2441/2441/2441 2452/2452/2452 2450/2450/2450
f 2469/2469/2469 2472/2472/2472 2423/2423/2423
f 2433/2433/2433 2251/2251/2251 2273/2273/2273
f 2517/2517/2517 2528/2528/2528 2526/2526/2526
f 2523/2523/2523 2528/2528/2528 2517/2517/2517
f 2547/2547/2547 2548/2548/2548 2553/2553/2553
f 2536/2536/2536 2531/2531/2531 2532/2532/2532
f 2514/2514/2514 2515/2515/2515 2525/2525/2525
f 2520/2520/2520 2514/2514/2514 2525/2525/2525
f 2531/2531/2531 2538/2538/2538 2530/2530/2530
f 2551/2551/2551 2548/2548/2548 2549/2549/2549
f 2528/2528/2528 2529/2529/2529 2535/2535/2535
f 2573/2573/2573 2564/2564/2564 2576/2576/2576
f 2564/2564/2564 2568/2568/2568 2563/2563/2563
f 2563/2563/2563 2568/2568/2568 2562/2562/2562
f 2558/2558/2558 2549/2549/2549 2559/2559/2559
f 2536/2536/2536 2532/2532/2532 2544/2544/2544
f 2515/2515/2515 2516/2516/2516 2525/2525/2525
f 2513/2513/2513 2514/2514/2514 2520/2520/2520
f 2523/2523/2523 2525/2525/2525 2516/2516/2516
f 2512/2512/2512 2522/2522/2522 2519/2519/2519
f 2510/2510/2510 2501/2501/2501 2508/2508/2508
f 2500/2500/2500 2510/2510/2510 2503/2503/2503
f 2519/2519/2519 2508/2508/2508 2511/2511/2511
f 2511/2511/2511 2512/2512/2512 2519/2519/2519
f 2500/2500/2500 2503/2503/2503 2499/2499/2499
f 2505/2505/2505 2499/2499/2499 2503/2503/2503
f 2505/2505/2505 2498/2498/2498 2499/2499/2499
f 2510/2510/2510 2500/2500/2500 2501/2501/2501
f 2502/2502/2502 2498/2498/2498 2505/2505/2505
f 2491/2491/2491 2497/2497/2497 2502/2502/2502
f 2491/2491/2491 2496/2496/2496 2497/2497/2497
f 2513/2513/2513 2520/2520/2520 2522/2522/2522
f 2578/2578/2578 2579/2579/2579 2585/2585/2585
f 2571/2571/2571 2576/2576/2576 2577/2577/2577
f 2567/2567/2567 2560/2560/2560 2561/2561/2561
f 2562/2562/2562 2570/2570/2570 2561/2561/2561
f 2582/2582/2582 2577/2577/2577 2578/2578/2578
f 2559/2559/2559 2560/2560/2560 2556/2556/2556
f 2541/2541/2541 2544/2544/2544 2545/2545/2545
f 2547/2547/2547 2553/2553/2553 2546/2546/2546
f 2527/2527/2527 2528/2528/2528 2523/2523/2523
f 2529/2529/2529 2530/2530/2530 2535/2535/2535
f 2523/2523/2523 2516/2516/2516 2527/2527/2527
f 2513/2513/2513 2522/2522/2522 2512/2512/2512
f 2501/2501/2501 2511/2511/2511 2508/2508/2508
f 2498/2498/2498 2502/2502/2502 2497/2497/2497
f 2496/2496/2496 2491/2491/2491 2493/2493/2493
f 2490/2490/2490 2482/2482/2482 2488/2488/2488
f 2487/2487/2487 2476/2476/2476 2480/2480/2480
f 2480/2480/2480 2481/2481/2481 2487/2487/2487
f 2478/2478/2478 2479/2479/2479 2476/2476/2476
f 2487/2487/2487 2481/2481/2481 2490/2490/2490
f 2466/2466/2466 2471/2471/2471 2473/2473/2473
f 2473/2473/2473 2465/2465/2465 2466/2466/2466
f 2467/2467/2467 2478/2478/2478 2471/2471/2471
f 2473/2473/2473 2470/2470/2470 2465/2465/2465
f 2459/2459/2459 2463/2463/2463 2457/2457/2457
f 2469/2469/2469 2463/2463/2463 2470/2470/2470
f 2459/2459/2459 2461/2461/2461 2456/2456/2456
f 2471/2471/2471 2466/2466/2466 2467/2467/2467
f 2458/2458/2458 2454/2454/2454 2461/2461/2461
f 2447/2447/2447 2452/2452/2452 2441/2441/2441
f 2439/2439/2439 2449/2449/2449 2444/2444/2444
f 2438/2438/2438 2439/2439/2439 2444/2444/2444
f 2449/2449/2449 2440/2440/2440 2447/2447/2447
f 2452/2452/2452 2458/2458/2458 2450/2450/2450
f 2444/2444/2444 2446/2446/2446 2437/2437/2437
f 2446/2446/2446 2443/2443/2443 2436/2436/2436
f 2456/2456/2456 2461/2461/2461 2455/2455/2455
f 2434/2434/2434 2435/2435/2435 2432/2432/2432
f 2433/2433/2433 2273/2273/2273 2434/2434/2434
f 2443/2443/2443 2432/2432/2432 2435/2435/2435
f 2435/2435/2435 2436/2436/2436 2443/2443/2443
f 2429/2429/2429 2434/2434/2434 2273/2273/2273
f 2455/2455/2455 2461/2461/2461 2454/2454/2454
f 2440/2440/2440 2449/2449/2449 2439/2439/2439
f 2488/2488/2488 2483/2483/2483 2484/2484/2484
f 2483/2483/2483 2488/2488/2488 2482/2482/2482
f 2467/2467/2467 2479/2479/2479 2478/2478/2478
f 2490/2490/2490 2481/2481/2481 2482/2482/2482
f 2470/2470/2470 2464/2464/2464 2465/2465/2465
f 2480/2480/2480 2476/2476/2476 2479/2479/2479
f 2470/2470/2470 2463/2463/2463 2464/2464/2464
f 2484/2484/2484 2496/2496/2496 2493/2493/2493
f 2459/2459/2459 2462/2462/2462 2463/2463/2463
f 2459/2459/2459 2456/2456/2456 2462/2462/2462
f 2451/2451/2451 2447/2447/2447 2440/2440/2440
f 2458/2458/2458 2452/2452/2452 2453/2453/2453
f 2437/2437/2437 2446/2446/2446 2436/2436/2436
f 2458/2458/2458 2453/2453/2453 2454/2454/2454
f 2451/2451/2451 2452/2452/2452 2447/2447/2447
f 2444/2444/2444 2437/2437/2437 2438/2438/2438
f 2429/2429/2429 2435/2435/2435 2434/2434/2434
f 2488/2488/2488 2484/2484/2484 2493/2493/2493
f 2580/2580/2580 2583/2583/2583 2579/2579/2579
f 2603/2603/2603 2621/2621/2621 2628/2628/2628
f 2628/2628/2628 2627/2627/2627 2603/2603/2603
f 2653/2653/2653 2604/2604/2604 2656/2656/2656
f 2656/2656/2656 2657/2657/2657 2653/2653/2653
f 2630/2630/2630 2605/2605/2605 2619/2619/2619
f 2620/2620/2620 2630/2630/2630 2622/2622/2622
f 2605/2605/2605 2630/2630/2630 2620/2620/2620
f 2624/2624/2624 2620/2620/2620 2622/2622/2622
f 2603/2603/2603 2624/2624/2624 2621/2621/2621
f 2620/2620/2620 2624/2624/2624 2603/2603/2603
f 2622/2622/2622 2623/2623/2623 2626/2626/2626
f 2626/2626/2626 2624/2624/2624 2622/2622/2622
f 2624/2624/2624 2626/2626/2626 2625/2625/2625
f 2625/2625/2625 2621/2621/2621 2624/2624/2624
f 2619/2619/2619 2629/2629/2629 2631/2631/2631
f 2631/2631/2631 2630/2630/2630 2619/2619/2619
f 2630/2630/2630 2631/2631/2631 2623/2623/2623
f 2623/2623/2623 2622/2622/2622 2630/2630/2630
f 2654/2654/2654 2620/2620/2620 2603/2603/2603
f 2603/2603/2603 2604/2604/2604 2654/2654/2654
f 2620/2620/2620 2654/2654/2654 2606/2606/2606
f 2606/2606/2606 2605/2605/2605 2620/2620/2620
f 2655/2655/2655 2654/2654/2654 2604/2604/2604
f 2604/2604/2604 2653/2653/2653 2655/2655/2655
f 2650/2650/2650 2606/2606/2606 2654/2654/2654
f 2654/2654/2654 2655/2655/2655 2650/2650/2650
f 2639/2639/2639 2607/2607/2607 2632/2632/2632
f 2633/2633/2633 2639/2639/2639 2634/2634/2634
f 2607/2607/2607 2639/2639/2639 2633/2633/2633
f 2636/2636/2636 2633/2633/2633 2634/2634/2634
f 2605/2605/2605 2636/2636/2636 2619/2619/2619
f 2633/2633/2633 2636/2636/2636 2605/2605/2605
f 2634/2634/2634 2635/2635/2635 2637/2637/2637
f 2637/2637/2637 2636/2636/2636 2634/2634/2634
f 2636/2636/2636 2637/2637/2637 2629/2629/2629
f 2629/2629/2629 2619/2619/2619 2636/2636/2636
f 2632/2632/2632 2638/2638/2638 2640/2640/2640
f 2640/2640/2640 2639/2639/2639 2632/2632/2632
f 2639/2639/2639 2640/2640/2640 2635/2635/2635
f 2635/2635/2635 2634/2634/2634 2639/2639/2639
f 2651/2651/2651 2633/2633/2633 2605/2605/2605
f 2605/2605/2605 2606/2606/2606 2651/2651/2651
f 2633/2633/2633 2651/2651/2651 2608/2608/2608
f 2608/2608/2608 2607/2607/2607 2633/2633/2633
f 2652/2652/2652 2651/2651/2651 2606/2606/2606
f 2606/2606/2606 2650/2650/2650 2652/2652/2652
f 2647/2647/2647 2608/2608/2608 2651/2651/2651
f 2651/2651/2651 2652/2652/2652 2647/2647/2647
f 2641/2641/2641 2642/2642/2642 2632/2632/2632
f 2632/2632/2632 2607/2607/2607 2641/2641/2641
f 2649/2649/2649 2648/2648/2648 2608/2608/2608
f 2608/2608/2608 2647/2647/2647 2649/2649/2649
f 2625/2625/2625 2614/2614/2614 2628/2628/2628
f 2613/2613/2613 2628/2628/2628 2614/2614/2614
f 2628/2628/2628 2612/2612/2612 2627/2627/2627
f 2613/2613/2613 2612/2612/2612 2628/2628/2628
f 2625/2625/2625 2628/2628/2628 2621/2621/2621
f 2615/2615/2615 2614/2614/2614 2626/2626/2626
f 2616/2616/2616 2615/2615/2615 2631/2631/2631
f 2615/2615/2615 2626/2626/2626 2623/2623/2623
f 2615/2615/2615 2623/2623/2623 2631/2631/2631
f 2625/2625/2625 2626/2626/2626 2614/2614/2614
f 2627/2627/2627 2612/2612/2612 2611/2611/2611
f 2611/2611/2611 2656/2656/2656 2627/2627/2627
f 2656/2656/2656 2604/2604/2604 2603/2603/2603
f 2603/2603/2603 2627/2627/2627 2656/2656/2656
f 2610/2610/2610 2656/2656/2656 2611/2611/2611
f 2609/2609/2609 2657/2657/2657 2610/2610/2610
f 2656/2656/2656 2610/2610/2610 2657/2657/2657
f 2646/2646/2646 2657/2657/2657 2609/2609/2609
f 2645/2645/2645 2655/2655/2655 2646/2646/2646
f 2653/2653/2653 2646/2646/2646 2655/2655/2655
f 2645/2645/2645 2650/2650/2650 2655/2655/2655
f 2657/2657/2657 2646/2646/2646 2653/2653/2653
f 2629/2629/2629 2616/2616/2616 2631/2631/2631
f 2629/2629/2629 2637/2637/2637 2616/2616/2616
f 2617/2617/2617 2616/2616/2616 2637/2637/2637
f 2617/2617/2617 2637/2637/2637 2635/2635/2635
f 2617/2617/2617 2635/2635/2635 2640/2640/2640
f 2640/2640/2640 2618/2618/2618 2617/2617/2617
f 2642/2642/2642 2618/2618/2618 2638/2638/2638
f 2658/2658/2658 2618/2618/2618 2642/2642/2642
f 2638/2638/2638 2632/2632/2632 2642/2642/2642
f 2658/2658/2658 2642/2642/2642 2641/2641/2641
f 2641/2641/2641 2659/2659/2659 2658/2658/2658
f 2618/2618/2618 2640/2640/2640 2638/2638/2638
f 2608/2608/2608 2648/2648/2648 2641/2641/2641
f 2641/2641/2641 2607/2607/2607 2608/2608/2608
f 2644/2644/2644 2647/2647/2647 2652/2652/2652
f 2649/2649/2649 2647/2647/2647 2644/2644/2644
f 2652/2652/2652 2645/2645/2645 2644/2644/2644
f 2650/2650/2650 2645/2645/2645 2652/2652/2652
f 2648/2648/2648 2660/2660/2660 2659/2659/2659
f 2659/2659/2659 2641/2641/2641 2648/2648/2648
f 2661/2661/2661 2660/2660/2660 2648/2648/2648
f 2643/2643/2643 2661/2661/2661 2649/2649/2649
f 2648/2648/2648 2649/2649/2649 2661/2661/2661
f 2644/2644/2644 2643/2643/2643 2649/2649/2649
f 2673/2673/2673 2662/2662/2662 2663/2663/2663
f 2672/2672/2672 2673/2673/2673 2663/2663/2663
f 2672/2672/2672 2665/2665/2665 2671/2671/2671
f 2671/2671/2671 2665/2665/2665 2670/2670/2670
f 2663/2663/2663 2665/2665/2665 2672/2672/2672
f 2667/2667/2667 2668/2668/2668 2663/2663/2663
f 2663/2663/2663 2668/2668/2668 2665/2665/2665
f 2664/2664/2664 2665/2665/2665 2669/2669/2669
f 2668/2668/2668 2669/2669/2669 2665/2665/2665
f 2666/2666/2666 2667/2667/2667 2663/2663/2663
f 2674/2674/2674 2688/2688/2688 2695/2695/2695
f 2695/2695/2695 2694/2694/2694 2674/2674/2674
f 2721/2721/2721 2675/2675/2675 2724/2724/2724
f 2724/2724/2724 2725/2725/2725 2721/2721/2721
f 2697/2697/2697 2676/2676/2676 2686/2686/2686
f 2687/2687/2687 2697/2697/2697 2689/2689/2689
f 2676/2676/2676 2697/2697/2697 2687/2687/2687
f 2691/2691/2691 2687/2687/2687 2689/2689/2689
f 2674/2674/2674 2691/2691/2691 2688/2688/2688
f 2687/2687/2687 2691/2691/2691 2674/2674/2674
f 2689/2689/2689 2690/2690/2690 2693/2693/2693
f 2693/2693/2693 2691/2691/2691 2689/2689/2689
f 2691/2691/2691 2693/2693/2693 2692/2692/2692
f 2692/2692/2692 2688/2688/2688 2691/2691/2691
f 2686/2686/2686 2696/2696/2696 2698/2698/2698
f 2698/2698/2698 2697/2697/2697 2686/2686/2686
f 2697/2697/2697 2698/2698/2698 2690/2690/2690
f 2690/2690/2690 2689/2689/2689 2697/2697/2697
f 2722/2722/2722 2687/2687/2687 2674/2674/2674
f 2674/2674/2674 2675/2675/2675 2722/2722/2722
f 2687/2687/2687 2722/2722/2722 2677/2677/2677
f 2677/2677/2677 2676/2676/2676 2687/2687/2687
f 2723/2723/2723 2722/2722/2722 2675/2675/2675
f 2675/2675/2675 2721/2721/2721 2723/2723/2723
f 2718/2718/2718 2677/2677/2677 2722/2722/2722
f 2722/2722/2722 2723/2723/2723 2718/2718/2718
f 2706/2706/2706 2678/2678/2678 2699/2699/2699
f 2700/2700/2700 2706/2706/2706 2701/2701/2701
f 2678/2678/2678 2706/2706/2706 2700/2700/2700
f 2703/2703/2703 2700/2700/2700 2701/2701/2701
f 2676/2676/2676 2703/2703/2703 2686/2686/2686
f 2700/2700/2700 2703/2703/2703 2676/2676/2676
f 2701/2701/2701 2702/2702/2702 2704/2704/2704
f 2704/2704/2704 2703/2703/2703 2701/2701/2701
f 2703/2703/2703 2704/2704/2704 2696/2696/2696
f 2696/2696/2696 2686/2686/2686 2703/2703/2703
f 2699/2699/2699 2705/2705/2705 2707/2707/2707
f 2707/2707/2707 2706/2706/2706 2699/2699/2699
f 2706/2706/2706 2707/2707/2707 2702/2702/2702
f 2702/2702/2702 2701/2701/2701 2706/2706/2706
f 2719/2719/2719 2700/2700/2700 2676/2676/2676
f 2676/2676/2676 2677/2677/2677 2719/2719/2719
f 2700/2700/2700 2719/2719/2719 2679/2679/2679
f 2679/2679/2679 2678/2678/2678 2700/2700/2700
f 2720/2720/2720 2719/2719/2719 2677/2677/2677
f 2677/2677/2677 2718/2718/2718 2720/2720/2720
f 2715/2715/2715 2679/2679/2679 2719/2719/2719
f 2719/2719/2719 2720/2720/2720 2715/2715/2715
f 2708/2708/2708 2709/2709/2709 2699/2699/2699
f 2699/2699/2699 2678/2678/2678 2708/2708/2708
f 2717/2717/2717 2716/2716/2716 2679/2679/2679
f 2679/2679/2679 2715/2715/2715 2717/2717/2717
f 2692/2692/2692 2681/2681/2681 2695/2695/2695
f 2680/2680/2680 2695/2695/2695 2681/2681/2681
f 2695/2695/2695 2728/2728/2728 2694/2694/2694
f 2680/2680/2680 2728/2728/2728 2695/2695/2695
f 2692/2692/2692 2695/2695/2695 2688/2688/2688
f 2682/2682/2682 2681/2681/2681 2693/2693/2693
f 2683/2683/2683 2682/2682/2682 2698/2698/2698
f 2682/2682/2682 2693/2693/2693 2690/2690/2690
f 2682/2682/2682 2690/2690/2690 2698/2698/2698
f 2692/2692/2692 2693/2693/2693 2681/2681/2681
f 2694/2694/2694 2728/2728/2728 2727/2727/2727
f 2727/2727/2727 2724/2724/2724 2694/2694/2694
f 2724/2724/2724 2675/2675/2675 2674/2674/2674
f 2674/2674/2674 2694/2694/2694 2724/2724/2724
f 2726/2726/2726 2724/2724/2724 2727/2727/2727
f 2714/2714/2714 2725/2725/2725 2726/2726/2726
f 2724/2724/2724 2726/2726/2726 2725/2725/2725
f 2713/2713/2713 2725/2725/2725 2714/2714/2714
f 2712/2712/2712 2723/2723/2723 2713/2713/2713
f 2721/2721/2721 2713/2713/2713 2723/2723/2723
f 2712/2712/2712 2718/2718/2718 2723/2723/2723
f 2725/2725/2725 2713/2713/2713 2721/2721/2721
f 2696/2696/2696 2683/2683/2683 2698/2698/2698
f 2696/2696/2696 2704/2704/2704 2683/2683/2683
f 2684/2684/2684 2683/2683/2683 2704/2704/2704
f 2684/2684/2684 2704/2704/2704 2702/2702/2702
f 2684/2684/2684 2702/2702/2702 2707/2707/2707
f 2707/2707/2707 2685/2685/2685 2684/2684/2684
f 2709/2709/2709 2685/2685/2685 2705/2705/2705
f 2729/2729/2729 2685/2685/2685 2709/2709/2709
f 2705/2705/2705 2699/2699/2699 2709/2709/2709
f 2729/2729/2729 2709/2709/2709 2708/2708/2708
f 2708/2708/2708 2730/2730/2730 2729/2729/2729
f 2685/2685/2685 2707/2707/2707 2705/2705/2705
f 2679/2679/2679 2716/2716/2716 2708/2708/2708
f 2708/2708/2708 2678/2678/2678 2679/2679/2679
f 2711/2711/2711 2715/2715/2715 2720/2720/2720
f 2717/2717/2717 2715/2715/2715 2711/2711/2711
f 2720/2720/2720 2712/2712/2712 2711/2711/2711
f 2718/2718/2718 2712/2712/2712 2720/2720/2720
f 2716/2716/2716 2731/2731/2731 2730/2730/2730
f 2730/2730/2730 2708/2708/2708 2716/2716/2716
f 2732/2732/2732 2731/2731/2731 2716/2716/2716
f 2710/2710/2710 2732/2732/2732 2717/2717/2717
f 2716/2716/2716 2717/2717/2717 2732/2732/2732
f 2711/2711/2711 2710/2710/2710 2717/2717/2717
f 2744/2744/2744 2735/2735/2735 2743/2743/2743
f 2735/2735/2735 2737/2737/2737 2743/2743/2743
f 2741/2741/2741 2742/2742/2742 2737/2737/2737
f 2743/2743/2743 2737/2737/2737 2742/2742/2742
f 2735/2735/2735 2744/2744/2744 2734/2734/2734
f 2738/2738/2738 2735/2735/2735 2733/2733/2733
f 2739/2739/2739 2735/2735/2735 2738/2738/2738
f 2739/2739/2739 2740/2740/2740 2737/2737/2737
f 2740/2740/2740 2736/2736/2736 2737/2737/2737
f 2739/2739/2739 2737/2737/2737 2735/2735/2735
f 2745/2745/2745 2759/2759/2759 2766/2766/2766
f 2766/2766/2766 2765/2765/2765 2745/2745/2745
f 2792/2792/2792 2746/2746/2746 2795/2795/2795
f 2795/2795/2795 2796/2796/2796 2792/2792/2792
f 2768/2768/2768 2747/2747/2747 2757/2757/2757
f 2758/2758/2758 2768/2768/2768 2760/2760/2760
f 2747/2747/2747 2768/2768/2768 2758/2758/2758
f 2762/2762/2762 2758/2758/2758 2760/2760/2760
f 2745/2745/2745 2762/2762/2762 2759/2759/2759
f 2758/2758/2758 2762/2762/2762 2745/2745/2745
f 2760/2760/2760 2761/2761/2761 2764/2764/2764
f 2764/2764/2764 2762/2762/2762 2760/2760/2760
f 2762/2762/2762 2764/2764/2764 2763/2763/2763
f 2763/2763/2763 2759/2759/2759 2762/2762/2762
f 2757/2757/2757 2767/2767/2767 2769/2769/2769
f 2769/2769/2769 2768/2768/2768 2757/2757/2757
f 2768/2768/2768 2769/2769/2769 2761/2761/2761
f 2761/2761/2761 2760/2760/2760 2768/2768/2768
f 2793/2793/2793 2758/2758/2758 2745/2745/2745
f 2745/2745/2745 2746/2746/2746 2793/2793/2793
f 2758/2758/2758 2793/2793/2793 2748/2748/2748
f 2748/2748/2748 2747/2747/2747 2758/2758/2758
f 2794/2794/2794 2793/2793/2793 2746/2746/2746
f 2746/2746/2746 2792/2792/2792 2794/2794/2794
f 2789/2789/2789 2748/2748/2748 2793/2793/2793
f 2793/2793/2793 2794/2794/2794 2789/2789/2789
f 2777/2777/2777 2749/2749/2749 2770/2770/2770
f 2771/2771/2771 2777/2777/2777 2772/2772/2772
f 2749/2749/2749 2777/2777/2777 2771/2771/2771
f 2774/2774/2774 2771/2771/2771 2772/2772/2772
f 2747/2747/2747 2774/2774/2774 2757/2757/2757
f 2771/2771/2771 2774/2774/2774 2747/2747/2747
f 2772/2772/2772 2773/2773/2773 2775/2775/2775
f 2775/2775/2775 2774/2774/2774 2772/2772/2772
f 2774/2774/2774 2775/2775/2775 2767/2767/2767
f 2767/2767/2767 2757/2757/2757 2774/2774/2774
f 2770/2770/2770 2776/2776/2776 2778/2778/2778
f 2778/2778/2778 2777/2777/2777 2770/2770/2770
f 2777/2777/2777 2778/2778/2778 2773/2773/2773
f 2773/2773/2773 2772/2772/2772 2777/2777/2777
f 2790/2790/2790 2771/2771/2771 2747/2747/2747
f 2747/2747/2747 2748/2748/2748 2790/2790/2790
f 2771/2771/2771 2790/2790/2790 2750/2750/2750
f 2750/2750/2750 2749/2749/2749 2771/2771/2771
f 2791/2791/2791 2790/2790/2790 2748/2748/2748
f 2748/2748/2748 2789/2789/2789 2791/2791/2791
f 2786/2786/2786 2750/2750/2750 2790/2790/2790
f 2790/2790/2790 2791/2791/2791 2786/2786/2786
f 2779/2779/2779 2780/2780/2780 2770/2770/2770
f 2770/2770/2770 2749/2749/2749 2779/2779/2779
f 2788/2788/2788 2787/2787/2787 2750/2750/2750
f 2750/2750/2750 2786/2786/2786 2788/2788/2788
f 2763/2763/2763 2752/2752/2752 2766/2766/2766
f 2751/2751/2751 2766/2766/2766 2752/2752/2752
f 2766/2766/2766 2799/2799/2799 2765/2765/2765
f 2751/2751/2751 2799/2799/2799 2766/2766/2766
f 2763/2763/2763 2766/2766/2766 2759/2759/2759
f 2753/2753/2753 2752/2752/2752 2764/2764/2764
f 2754/2754/2754 2753/2753/2753 2769/2769/2769
f 2753/2753/2753 2764/2764/2764 2761/2761/2761
f 2753/2753/2753 2761/2761/2761 2769/2769/2769
f 2763/2763/2763 2764/2764/2764 2752/2752/2752
f 2765/2765/2765 2799/2799/2799 2798/2798/2798
f 2798/2798/2798 2795/2795/2795 2765/2765/2765
f 2795/2795/2795 2746/2746/2746 2745/2745/2745
f 2745/2745/2745 2765/2765/2765 2795/2795/2795
f 2797/2797/2797 2795/2795/2795 2798/2798/2798
f 2785/2785/2785 2796/2796/2796 2797/2797/2797
f 2795/2795/2795 2797/2797/2797 2796/2796/2796
f 2784/2784/2784 2796/2796/2796 2785/2785/2785
f 2783/2783/2783 2794/2794/2794 2784/2784/2784
f 2792/2792/2792 2784/2784/2784 2794/2794/2794
f 2783/2783/2783 2789/2789/2789 2794/2794/2794
f 2796/2796/2796 2784/2784/2784 2792/2792/2792
f 2767/2767/2767 2754/2754/2754 2769/2769/2769
f 2767/2767/2767 2775/2775/2775 2754/2754/2754
f 2755/2755/2755 2754/2754/2754 2775/2775/2775
f 2755/2755/2755 2775/2775/2775 2773/2773/2773
f 2755/2755/2755 2773/2773/2773 2778/2778/2778
f 2778/2778/2778 2756/2756/2756 2755/2755/2755
f 2780/2780/2780 2756/2756/2756 2776/2776/2776
f 2800/2800/2800 2756/2756/2756 2780/2780/2780
f 2776/2776/2776 2770/2770/2770 2780/2780/2780
f 2800/2800/2800 2780/2780/2780 2779/2779/2779
f 2779/2779/2779 2801/2801/2801 2800/2800/2800
f 2756/2756/2756 2778/2778/2778 2776/2776/2776
f 2750/2750/2750 2787/2787/2787 2779/2779/2779
f 2779/2779/2779 2749/2749/2749 2750/2750/2750
f 2782/2782/2782 2786/2786/2786 2791/2791/2791
f 2788/2788/2788 2786/2786/2786 2782/2782/2782
f 2791/2791/2791 2783/2783/2783 2782/2782/2782
f 2789/2789/2789 2783/2783/2783 2791/2791/2791
f 2787/2787/2787 2802/2802/2802 2801/2801/2801
f 2801/2801/2801 2779/2779/2779 2787/2787/2787
f 2803/2803/2803 2802/2802/2802 2787/2787/2787
f 2781/2781/2781 2803/2803/2803 2788/2788/2788
f 2787/2787/2787 2788/2788/2788 2803/2803/2803
f 2782/2782/2782 2781/2781/2781 2788/2788/2788
f 2815/2815/2815 2806/2806/2806 2814/2814/2814
f 2806/2806/2806 2808/2808/2808 2814/2814/2814
f 2812/2812/2812 2813/2813/2813 2808/2808/2808
f 2814/2814/2814 2808/2808/2808 2813/2813/2813
f 2806/2806/2806 2815/2815/2815 2805/2805/2805
f 2809/2809/2809 2806/2806/2806 2804/2804/2804
f 2810/2810/2810 2806/2806/2806 2809/2809/2809
f 2810/2810/2810 2811/2811/2811 2808/2808/2808
f 2811/2811/2811 2807/2807/2807 2808/2808/2808
f 2810/2810/2810 2808/2808/2808 2806/2806/2806
f 2816/2816/2816 2831/2831/2831 2838/2838/2838
f 2838/2838/2838 2837/2837/2837 2816/2816/2816
f 2864/2864/2864 2817/2817/2817 2867/2867/2867
f 2867/2867/2867 2868/2868/2868 2864/2864/2864
f 2840/2840/2840 2818/2818/2818 2829/2829/2829
f 2830/2830/2830 2840/2840/2840 2832/2832/2832
f 2818/2818/2818 2840/2840/2840 2830/2830/2830
f 2834/2834/2834 2830/2830/2830 2832/2832/2832
f 2816/2816/2816 2834/2834/2834 2831/2831/2831
f 2830/2830/2830 2834/2834/2834 2816/2816/2816
f 2832/2832/2832 2833/2833/2833 2836/2836/2836
f 2836/2836/2836 2834/2834/2834 2832/2832/2832
f 2834/2834/2834 2836/2836/2836 2835/2835/2835
f 2835/2835/2835 2831/2831/2831 2834/2834/2834
f 2829/2829/2829 2839/2839/2839 2841/2841/2841
f 2841/2841/2841 2840/2840/2840 2829/2829/2829
f 2840/2840/2840 2841/2841/2841 2833/2833/2833
f 2833/2833/2833 2832/2832/2832 2840/2840/2840
f 2865/2865/2865 2830/2830/2830 2816/2816/2816
f 2816/2816/2816 2817/2817/2817 2865/2865/2865
f 2830/2830/2830 2865/2865/2865 2819/2819/2819
f 2819/2819/2819 2818/2818/2818 2830/2830/2830
f 2866/2866/2866 2865/2865/2865 2817/2817/2817
f 2817/2817/2817 2864/2864/2864 2866/2866/2866
f 2861/2861/2861 2819/2819/2819 2865/2865/2865
f 2865/2865/2865 2866/2866/2866 2861/2861/2861
f 2849/2849/2849 2820/2820/2820 2842/2842/2842
f 2843/2843/2843 2849/2849/2849 2844/2844/2844
f 2820/2820/2820 2849/2849/2849 2843/2843/2843
f 2846/2846/2846 2843/2843/2843 2844/2844/2844
f 2818/2818/2818 2846/2846/2846 2829/2829/2829
f 2843/2843/2843 2846/2846/2846 2818/2818/2818
f 2844/2844/2844 2845/2845/2845 2847/2847/2847
f 2847/2847/2847 2846/2846/2846 2844/2844/2844
f 2846/2846/2846 2847/2847/2847 2839/2839/2839
f 2839/2839/2839 2829/2829/2829 2846/2846/2846
f 2842/2842/2842 2848/2848/2848 2850/2850/2850
f 2850/2850/2850 2849/2849/2849 2842/2842/2842
f 2849/2849/2849 2850/2850/2850 2845/2845/2845
f 2845/2845/2845 2844/2844/2844 2849/2849/2849
f 2862/2862/2862 2843/2843/2843 2818/2818/2818
f 2818/2818/2818 2819/2819/2819 2862/2862/2862
f 2843/2843/2843 2862/2862/2862 2821/2821/2821
f 2821/2821/2821 2820/2820/2820 2843/2843/2843
f 2863/2863/2863 2862/2862/2862 2819/2819/2819
f 2819/2819/2819 2861/2861/2861 2863/2863/2863
f 2858/2858/2858 2821/2821/2821 2862/2862/2862
f 2862/2862/2862 2863/2863/2863 2858/2858/2858
f 2851/2851/2851 2852/2852/2852 2842/2842/2842
f 2842/2842/2842 2820/2820/2820 2851/2851/2851
f 2860/2860/2860 2859/2859/2859 2821/2821/2821
f 2821/2821/2821 2858/2858/2858 2860/2860/2860
f 2835/2835/2835 2823/2823/2823 2838/2838/2838
f 2822/2822/2822 2838/2838/2838 2823/2823/2823
f 2838/2838/2838 2871/2871/2871 2837/2837/2837
f 2822/2822/2822 2871/2871/2871 2838/2838/2838
f 2835/2835/2835 2838/2838/2838 2831/2831/2831
f 2824/2824/2824 2823/2823/2823 2836/2836/2836
f 2825/2825/2825 2824/2824/2824 2841/2841/2841
f 2824/2824/2824 2836/2836/2836 2833/2833/2833
f 2824/2824/2824 2833/2833/2833 2841/2841/2841
f 2835/2835/2835 2836/2836/2836 2823/2823/2823
f 2837/2837/2837 2871/2871/2871 2870/2870/2870
f 2870/2870/2870 2867/2867/2867 2837/2837/2837
f 2867/2867/2867 2817/2817/2817 2816/2816/2816
f 2816/2816/2816 2837/2837/2837 2867/2867/2867
f 2869/2869/2869 2867/2867/2867 2870/2870/2870
f 2857/2857/2857 2868/2868/2868 2869/2869/2869
f 2867/2867/2867 2869/2869/2869 2868/2868/2868
f 2856/2856/2856 2868/2868/2868 2857/2857/2857
f 2855/2855/2855 2866/2866/2866 2856/2856/2856
f 2864/2864/2864 2856/2856/2856 2866/2866/2866
f 2855/2855/2855 2861/2861/2861 2866/2866/2866
f 2868/2868/2868 2856/2856/2856 2864/2864/2864
f 2839/2839/2839 2825/2825/2825 2841/2841/2841
f 2839/2839/2839 2847/2847/2847 2825/2825/2825
f 2826/2826/2826 2825/2825/2825 2847/2847/2847
f 2826/2826/2826 2847/2847/2847 2845/2845/2845
f 2826/2826/2826 2845/2845/2845 2850/2850/2850
f 2850/2850/2850 2827/2827/2827 2826/2826/2826
f 2852/2852/2852 2827/2827/2827 2848/2848/2848
f 2828/2828/2828 2827/2827/2827 2852/2852/2852
f 2848/2848/2848 2842/2842/2842 2852/2852/2852
f 2828/2828/2828 2852/2852/2852 2851/2851/2851
f 2851/2851/2851 2872/2872/2872 2828/2828/2828
f 2827/2827/2827 2850/2850/2850 2848/2848/2848
f 2821/2821/2821 2859/2859/2859 2851/2851/2851
f 2851/2851/2851 2820/2820/2820 2821/2821/2821
f 2854/2854/2854 2858/2858/2858 2863/2863/2863
f 2860/2860/2860 2858/2858/2858 2854/2854/2854
f 2863/2863/2863 2855/2855/2855 2854/2854/2854
f 2861/2861/2861 2855/2855/2855 2863/2863/2863
f 2859/2859/2859 2873/2873/2873 2872/2872/2872
f 2872/2872/2872 2851/2851/2851 2859/2859/2859
f 2874/2874/2874 2873/2873/2873 2859/2859/2859
f 2853/2853/2853 2874/2874/2874 2860/2860/2860
f 2859/2859/2859 2860/2860/2860 2874/2874/2874
f 2854/2854/2854 2853/2853/2853 2860/2860/2860
f 2886/2886/2886 2877/2877/2877 2885/2885/2885
f 2881/2881/2881 2879/2879/2879 2885/2885/2885
f 2883/2883/2883 2884/2884/2884 2879/2879/2879
f 2885/2885/2885 2879/2879/2879 2884/2884/2884
f 2877/2877/2877 2886/2886/2886 2876/2876/2876
f 2880/2880/2880 2877/2877/2877 2875/2875/2875
f 2881/2881/2881 2877/2877/2877 2880/2880/2880
f 2881/2881/2881 2882/2882/2882 2879/2879/2879
f 2882/2882/2882 2878/2878/2878 2879/2879/2879
f 2881/2881/2881 2885/2885/2885 2877/2877/2877
f 2887/2887/2887 2902/2902/2902 2909/2909/2909
f 2909/2909/2909 2908/2908/2908 2887/2887/2887
f 2935/2935/2935 2888/2888/2888 2938/2938/2938
f 2938/2938/2938 2939/2939/2939 2935/2935/2935
f 2911/2911/2911 2889/2889/2889 2900/2900/2900
f 2901/2901/2901 2911/2911/2911 2903/2903/2903
f 2889/2889/2889 2911/2911/2911 2901/2901/2901
f 2905/2905/2905 2901/2901/2901 2903/2903/2903
f 2887/2887/2887 2905/2905/2905 2902/2902/2902
f 2901/2901/2901 2905/2905/2905 2887/2887/2887
f 2903/2903/2903 2904/2904/2904 2907/2907/2907
f 2907/2907/2907 2905/2905/2905 2903/2903/2903
f 2905/2905/2905 2907/2907/2907 2906/2906/2906
f 2906/2906/2906 2902/2902/2902 2905/2905/2905
f 2900/2900/2900 2910/2910/2910 2912/2912/2912
f 2912/2912/2912 2911/2911/2911 2900/2900/2900
f 2911/2911/2911 2912/2912/2912 2904/2904/2904
f 2904/2904/2904 2903/2903/2903 2911/2911/2911
f 2936/2936/2936 2901/2901/2901 2887/2887/2887
f 2887/2887/2887 2888/2888/2888 2936/2936/2936
f 2901/2901/2901 2936/2936/2936 2890/2890/2890
f 2890/2890/2890 2889/2889/2889 2901/2901/2901
f 2937/2937/2937 2936/2936/2936 2888/2888/2888
f 2888/2888/2888 2935/2935/2935 2937/2937/2937
f 2932/2932/2932 2890/2890/2890 2936/2936/2936
f 2936/2936/2936 2937/2937/2937 2932/2932/2932
f 2920/2920/2920 2891/2891/2891 2913/2913/2913
f 2914/2914/2914 2920/2920/2920 2915/2915/2915
f 2891/2891/2891 2920/2920/2920 2914/2914/2914
f 2917/2917/2917 2914/2914/2914 2915/2915/2915
f 2889/2889/2889 2917/2917/2917 2900/2900/2900
f 2914/2914/2914 2917/2917/2917 2889/2889/2889
f 2915/2915/2915 2916/2916/2916 2918/2918/2918
f 2918/2918/2918 2917/2917/2917 2915/2915/2915
f 2917/2917/2917 2918/2918/2918 2910/2910/2910
f 2910/2910/2910 2900/2900/2900 2917/2917/2917
f 2913/2913/2913 2919/2919/2919 2921/2921/2921
f 2921/2921/2921 2920/2920/2920 2913/2913/2913
f 2920/2920/2920 2921/2921/2921 2916/2916/2916
f 2916/2916/2916 2915/2915/2915 2920/2920/2920
f 2933/2933/2933 2914/2914/2914 2889/2889/2889
f 2889/2889/2889 2890/2890/2890 2933/2933/2933
f 2914/2914/2914 2933/2933/2933 2892/2892/2892
f 2892/2892/2892 2891/2891/2891 2914/2914/2914
f 2934/2934/2934 2933/2933/2933 2890/2890/2890
f 2890/2890/2890 2932/2932/2932 2934/2934/2934
f 2929/2929/2929 2892/2892/2892 2933/2933/2933
f 2933/2933/2933 2934/2934/2934 2929/2929/2929
f 2922/2922/2922 2923/2923/2923 2913/2913/2913
f 2913/2913/2913 2891/2891/2891 2922/2922/2922
f 2931/2931/2931 2930/2930/2930 2892/2892/2892
f 2892/2892/2892 2929/2929/2929 2931/2931/2931
f 2906/2906/2906 2894/2894/2894 2909/2909/2909
f 2893/2893/2893 2909/2909/2909 2894/2894/2894
f 2909/2909/2909 2942/2942/2942 2908/2908/2908
f 2893/2893/2893 2942/2942/2942 2909/2909/2909
f 2906/2906/2906 2909/2909/2909 2902/2902/2902
f 2895/2895/2895 2894/2894/2894 2907/2907/2907
f 2896/2896/2896 2895/2895/2895 2912/2912/2912
f 2895/2895/2895 2907/2907/2907 2904/2904/2904
f 2895/2895/2895 2904/2904/2904 2912/2912/2912
f 2906/2906/2906 2907/2907/2907 2894/2894/2894
f 2908/2908/2908 2942/2942/2942 2941/2941/2941
f 2941/2941/2941 2938/2938/2938 2908/2908/2908
f 2938/2938/2938 2888/2888/2888 2887/2887/2887
f 2887/2887/2887 2908/2908/2908 2938/2938/2938
f 2940/2940/2940 2938/2938/2938 2941/2941/2941
f 2928/2928/2928 2939/2939/2939 2940/2940/2940
f 2938/2938/2938 2940/2940/2940 2939/2939/2939
f 2927/2927/2927 2939/2939/2939 2928/2928/2928
f 2926/2926/2926 2937/2937/2937 2927/2927/2927
f 2935/2935/2935 2927/2927/2927 2937/2937/2937
f 2926/2926/2926 2932/2932/2932 2937/2937/2937
f 2939/2939/2939 2927/2927/2927 2935/2935/2935
f 2910/2910/2910 2896/2896/2896 2912/2912/2912
f 2910/2910/2910 2918/2918/2918 2896/2896/2896
f 2897/2897/2897 2896/2896/2896 2918/2918/2918
f 2897/2897/2897 2918/2918/2918 2916/2916/2916
f 2897/2897/2897 2916/2916/2916 2921/2921/2921
f 2921/2921/2921 2898/2898/2898 2897/2897/2897
f 2923/2923/2923 2898/2898/2898 2919/2919/2919
f 2899/2899/2899 2898/2898/2898 2923/2923/2923
f 2919/2919/2919 2913/2913/2913 2923/2923/2923
f 2899/2899/2899 2923/2923/2923 2922/2922/2922
f 2922/2922/2922 2943/2943/2943 2899/2899/2899
f 2898/2898/2898 2921/2921/2921 2919/2919/2919
f 2892/2892/2892 2930/2930/2930 2922/2922/2922
f 2922/2922/2922 2891/2891/2891 2892/2892/2892
f 2925/2925/2925 2929/2929/2929 2934/2934/2934
f 2931/2931/2931 2929/2929/2929 2925/2925/2925
f 2934/2934/2934 2926/2926/2926 2925/2925/2925
f 2932/2932/2932 2926/2926/2926 2934/2934/2934
f 2930/2930/2930 2944/2944/2944 2943/2943/2943
f 2943/2943/2943 2922/2922/2922 2930/2930/2930
f 2945/2945/2945 2944/2944/2944 2930/2930/2930
f 2924/2924/2924 2945/2945/2945 2931/2931/2931
f 2930/2930/2930 2931/2931/2931 2945/2945/2945
f 2925/2925/2925 2924/2924/2924 2931/2931/2931
f 2957/2957/2957 2948/2948/2948 2956/2956/2956
f 2948/2948/2948 2950/2950/2950 2956/2956/2956
f 2954/2954/2954 2955/2955/2955 2950/2950/2950
f 2956/2956/2956 2950/2950/2950 2955/2955/2955
f 2948/2948/2948 2957/2957/2957 2947/2947/2947
f 2951/2951/2951 2948/2948/2948 2946/2946/2946
f 2952/2952/2952 2948/2948/2948 2951/2951/2951
f 2952/2952/2952 2953/2953/2953 2950/2950/2950
f 2953/2953/2953 2949/2949/2949 2950/2950/2950
f 2952/2952/2952 2950/2950/2950 2948/2948/2948
f 2958/2958/2958 2973/2973/2973 2980/2980/2980
f 2980/2980/2980 2979/2979/2979 2958/2958/2958
f 3006/3006/3006 2959/2959/2959 3009/3009/3009
f 3009/3009/3009 3010/3010/3010 3006/3006/3006
f 2982/2982/2982 2960/2960/2960 2971/2971/2971
f 2972/2972/2972 2982/2982/2982 2974/2974/2974
f 2960/2960/2960 2982/2982/2982 2972/2972/2972
f 2976/2976/2976 2972/2972/2972 2974/2974/2974
f 2958/2958/2958 2976/2976/2976 2973/2973/2973
f 2972/2972/2972 2976/2976/2976 2958/2958/2958
f 2974/2974/2974 2975/2975/2975 2978/2978/2978
f 2978/2978/2978 2976/2976/2976 2974/2974/2974
f 2976/2976/2976 2978/2978/2978 2977/2977/2977
f 2977/2977/2977 2973/2973/2973 2976/2976/2976
f 2971/2971/2971 2981/2981/2981 2983/2983/2983
f 2983/2983/2983 2982/2982/2982 2971/2971/2971
f 2982/2982/2982 2983/2983/2983 2975/2975/2975
f 2975/2975/2975 2974/2974/2974 2982/2982/2982
f 3007/3007/3007 2972/2972/2972 2958/2958/2958
f 2958/2958/2958 2959/2959/2959 3007/3007/3007
f 2972/2972/2972 3007/3007/3007 2961/2961/2961
f 2961/2961/2961 2960/2960/2960 2972/2972/2972
f 3008/3008/3008 3007/3007/3007 2959/2959/2959
f 2959/2959/2959 3006/3006/3006 3008/3008/3008
f 3003/3003/3003 2961/2961/2961 3007/3007/3007
f 3007/3007/3007 3008/3008/3008 3003/3003/3003
f 2991/2991/2991 2962/2962/2962 2984/2984/2984
f 2985/2985/2985 2991/2991/2991 2986/2986/2986
f 2962/2962/2962 2991/2991/2991 2985/2985/2985
f 2988/2988/2988 2985/2985/2985 2986/2986/2986
f 2960/2960/2960 2988/2988/2988 2971/2971/2971
f 2985/2985/2985 2988/2988/2988 2960/2960/2960
f 2986/2986/2986 2987/2987/2987 2989/2989/2989
f 2989/2989/2989 2988/2988/2988 2986/2986/2986
f 2988/2988/2988 2989/2989/2989 2981/2981/2981
f 2981/2981/2981 2971/2971/2971 2988/2988/2988
f 2984/2984/2984 2990/2990/2990 2992/2992/2992
f 2992/2992/2992 2991/2991/2991 2984/2984/2984
f 2991/2991/2991 2992/2992/2992 2987/2987/2987
f 2987/2987/2987 2986/2986/2986 2991/2991/2991
f 3004/3004/3004 2985/2985/2985 2960/2960/2960
f 2960/2960/2960 2961/2961/2961 3004/3004/3004
f 2985/2985/2985 3004/3004/3004 2963/2963/2963
f 2963/2963/2963 2962/2962/2962 2985/2985/2985
f 3005/3005/3005 3004/3004/3004 2961/2961/2961
f 2961/2961/2961 3003/3003/3003 3005/3005/3005
f 3000/3000/3000 2963/2963/2963 3004/3004/3004
f 3004/3004/3004 3005/3005/3005 3000/3000/3000
f 2993/2993/2993 2994/2994/2994 2984/2984/2984
f 2984/2984/2984 2962/2962/2962 2993/2993/2993
f 3002/3002/3002 3001/3001/3001 2963/2963/2963
f 2963/2963/2963 3000/3000/3000 3002/3002/3002
f 2977/2977/2977 2965/2965/2965 2980/2980/2980
f 2964/2964/2964 2980/2980/2980 2965/2965/2965
f 2980/2980/2980 3013/3013/3013 2979/2979/2979
f 2964/2964/2964 3013/3013/3013 2980/2980/2980
f 2977/2977/2977 2980/2980/2980 2973/2973/2973
f 2966/2966/2966 2965/2965/2965 2978/2978/2978
f 2967/2967/2967 2966/2966/2966 2983/2983/2983
f 2966/2966/2966 2978/2978/2978 2975/2975/2975
f 2966/2966/2966 2975/2975/2975 2983/2983/2983
f 2977/2977/2977 2978/2978/2978 2965/2965/2965
f 2979/2979/2979 3013/3013/3013 3012/3012/3012
f 3012/3012/3012 3009/3009/3009 2979/2979/2979
f 3009/3009/3009 2959/2959/2959 2958/2958/2958
f 2958/2958/2958 2979/2979/2979 3009/3009/3009
f 3011/3011/3011 3009/3009/3009 3012/3012/3012
f 2999/2999/2999 3010/3010/3010 3011/3011/3011
f 3009/3009/3009 3011/3011/3011 3010/3010/3010
f 2998/2998/2998 3010/3010/3010 2999/2999/2999
f 2997/2997/2997 3008/3008/3008 2998/2998/2998
f 3006/3006/3006 2998/2998/2998 3008/3008/3008
f 2997/2997/2997 3003/3003/3003 3008/3008/3008
f 3010/3010/3010 2998/2998/2998 3006/3006/3006
f 2981/2981/2981 2967/2967/2967 2983/2983/2983
f 2981/2981/2981 2989/2989/2989 2967/2967/2967
f 2968/2968/2968 2967/2967/2967 2989/2989/2989
f 2968/2968/2968 2989/2989/2989 2987/2987/2987
f 2968/2968/2968 2987/2987/2987 2992/2992/2992
f 2992/2992/2992 2969/2969/2969 2968/2968/2968
f 2994/2994/2994 2969/2969/2969 2990/2990/2990
f 2970/2970/2970 2969/2969/2969 2994/2994/2994
f 2990/2990/2990 2984/2984/2984 2994/2994/2994
f 2970/2970/2970 2994/2994/2994 2993/2993/2993
f 2993/2993/2993 3014/3014/3014 2970/2970/2970
f 2969/2969/2969 2992/2992/2992 2990/2990/2990
f 2963/2963/2963 3001/3001/3001 2993/2993/2993
f 2993/2993/2993 2962/2962/2962 2963/2963/2963
f 2996/2996/2996 3000/3000/3000 3005/3005/3005
f 3002/3002/3002 3000/3000/3000 2996/2996/2996
f 3005/3005/3005 2997/2997/2997 2996/2996/2996
f 3003/3003/3003 2997/2997/2997 3005/3005/3005
f 3001/3001/3001 3015/3015/3015 3014/3014/3014
f 3014/3014/3014 2993/2993/2993 3001/3001/3001
f 3016/3016/3016 3015/3015/3015 3001/3001/3001
f 2995/2995/2995 3016/3016/3016 3002/3002/3002
f 3001/3001/3001 3002/3002/3002 3016/3016/3016
f 2996/2996/2996 2995/2995/2995 3002/3002/3002
f 3028/3028/3028 3019/3019/3019 3027/3027/3027
f 3019/3019/3019 3021/3021/3021 3027/3027/3027
f 3025/3025/3025 3026/3026/3026 3021/3021/3021
f 3027/3027/3027 3021/3021/3021 3026/3026/3026
f 3019/3019/3019 3028/3028/3028 3018/3018/3018
f 3022/3022/3022 3019/3019/3019 3017/3017/3017
f 3023/3023/3023 3019/3019/3019 3022/3022/3022
f 3023/3023/3023 3024/3024/3024 3021/3021/3021
f 3024/3024/3024 3020/3020/3020 3021/3021/3021
f 3023/3023/3023 3021/3021/3021 3019/3019/3019
f 3029/3029/3029 3044/3044/3044 3051/3051/3051
f 3051/3051/3051 3050/3050/3050 3029/3029/3029
f 3077/3077/3077 3030/3030/3030 3080/3080/3080
f 3080/3080/3080 3081/3081/3081 3077/3077/3077
f 3053/3053/3053 3031/3031/3031 3042/3042/3042
f 3043/3043/3043 3053/3053/3053 3045/3045/3045
f 3031/3031/3031 3053/3053/3053 3043/3043/3043
f 3047/3047/3047 3043/3043/3043 3045/3045/3045
f 3029/3029/3029 3047/3047/3047 3044/3044/3044
f 3043/3043/3043 3047/3047/3047 3029/3029/3029
f 3045/3045/3045 3046/3046/3046 3049/3049/3049
f 3049/3049/3049 3047/3047/3047 3045/3045/3045
f 3047/3047/3047 3049/3049/3049 3048/3048/3048
f 3048/3048/3048 3044/3044/3044 3047/3047/3047
f 3042/3042/3042 3052/3052/3052 3054/3054/3054
f 3054/3054/3054 3053/3053/3053 3042/3042/3042
f 3053/3053/3053 3054/3054/3054 3046/3046/3046
f 3046/3046/3046 3045/3045/3045 3053/3053/3053
f 3078/3078/3078 3043/3043/3043 3029/3029/3029
f 3029/3029/3029 3030/3030/3030 3078/3078/3078
f 3043/3043/3043 3078/3078/3078 3032/3032/3032
f 3032/3032/3032 3031/3031/3031 3043/3043/3043
f 3079/3079/3079 3078/3078/3078 3030/3030/3030
f 3030/3030/3030 3077/3077/3077 3079/3079/3079
f 3074/3074/3074 3032/3032/3032 3078/3078/3078
f 3078/3078/3078 3079/3079/3079 3074/3074/3074
f 3062/3062/3062 3033/3033/3033 3055/3055/3055
f 3056/3056/3056 3062/3062/3062 3057/3057/3057
f 3033/3033/3033 3062/3062/3062 3056/3056/3056
f 3059/3059/3059 3056/3056/3056 3057/3057/3057
f 3031/3031/3031 3059/3059/3059 3042/3042/3042
f 3056/3056/3056 3059/3059/3059 3031/3031/3031
f 3057/3057/3057 3058/3058/3058 3060/3060/3060
f 3060/3060/3060 3059/3059/3059 3057/3057/3057
f 3059/3059/3059 3060/3060/3060 3052/3052/3052
f 3052/3052/3052 3042/3042/3042 3059/3059/3059
f 3055/3055/3055 3061/3061/3061 3063/3063/3063
f 3063/3063/3063 3062/3062/3062 3055/3055/3055
f 3062/3062/3062 3063/3063/3063 3058/3058/3058
f 3058/3058/3058 3057/3057/3057 3062/3062/3062
f 3075/3075/3075 3056/3056/3056 3031/3031/3031
f 3031/3031/3031 3032/3032/3032 3075/3075/3075
f 3056/3056/3056 3075/3075/3075 3034/3034/3034
f 3034/3034/3034 3033/3033/3033 3056/3056/3056
f 3076/3076/3076 3075/3075/3075 3032/3032/3032
f 3032/3032/3032 3074/3074/3074 3076/3076/3076
f 3071/3071/3071 3034/3034/3034 3075/3075/3075
f 3075/3075/3075 3076/3076/3076 3071/3071/3071
f 3064/3064/3064 3065/3065/3065 3055/3055/3055
f 3055/3055/3055 3033/3033/3033 3064/3064/3064
f 3073/3073/3073 3072/3072/3072 3034/3034/3034
f 3034/3034/3034 3071/3071/3071 3073/3073/3073
f 3048/3048/3048 3036/3036/3036 3051/3051/3051
f 3035/3035/3035 3051/3051/3051 3036/3036/3036
f 3051/3051/3051 3084/3084/3084 3050/3050/3050
f 3035/3035/3035 3084/3084/3084 3051/3051/3051
f 3048/3048/3048 3051/3051/3051 3044/3044/3044
f 3037/3037/3037 3036/3036/3036 3049/3049/3049
f 3038/3038/3038 3037/3037/3037 3054/3054/3054
f 3037/3037/3037 3049/3049/3049 3046/3046/3046
f 3037/3037/3037 3046/3046/3046 3054/3054/3054
f 3048/3048/3048 3049/3049/3049 3036/3036/3036
f 3050/3050/3050 3084/3084/3084 3083/3083/3083
f 3083/3083/3083 3080/3080/3080 3050/3050/3050
f 3080/3080/3080 3030/3030/3030 3029/3029/3029
f 3029/3029/3029 3050/3050/3050 3080/3080/3080
f 3082/3082/3082 3080/3080/3080 3083/3083/3083
f 3070/3070/3070 3081/3081/3081 3082/3082/3082
f 3080/3080/3080 3082/3082/3082 3081/3081/3081
f 3069/3069/3069 3081/3081/3081 3070/3070/3070
f 3068/3068/3068 3079/3079/3079 3069/3069/3069
f 3077/3077/3077 3069/3069/3069 3079/3079/3079
f 3068/3068/3068 3074/3074/3074 3079/3079/3079
f 3081/3081/3081 3069/3069/3069 3077/3077/3077
f 3052/3052/3052 3038/3038/3038 3054/3054/3054
f 3052/3052/3052 3060/3060/3060 3038/3038/3038
f 3039/3039/3039 3038/3038/3038 3060/3060/3060
f 3039/3039/3039 3060/3060/3060 3058/3058/3058
f 3039/3039/3039 3058/3058/3058 3063/3063/3063
f 3063/3063/3063 3040/3040/3040 3039/3039/3039
f 3065/3065/3065 3040/3040/3040 3061/3061/3061
f 3041/3041/3041 3040/3040/3040 3065/3065/3065
f 3061/3061/3061 3055/3055/3055 3065/3065/3065
f 3041/3041/3041 3065/3065/3065 3064/3064/3064
f 3064/3064/3064 3085/3085/3085 3041/3041/3041
f 3040/3040/3040 3063/3063/3063 3061/3061/3061
f 3034/3034/3034 3072/3072/3072 3064/3064/3064
f 3064/3064/3064 3033/3033/3033 3034/3034/3034
f 3067/3067/3067 3071/3071/3071 3076/3076/3076
f 3073/3073/3073 3071/3071/3071 3067/3067/3067
f 3076/3076/3076 3068/3068/3068 3067/3067/3067
f 3074/3074/3074 3068/3068/3068 3076/3076/3076
f 3072/3072/3072 3086/3086/3086 3085/3085/3085
f 3085/3085/3085 3064/3064/3064 3072/3072/3072
f 3087/3087/3087 3086/3086/3086 3072/3072/3072
f 3066/3066/3066 3087/3087/3087 3073/3073/3073
f 3072/3072/3072 3073/3073/3073 3087/3087/3087
f 3067/3067/3067 3066/3066/3066 3073/3073/3073
f 3099/3099/3099 3090/3090/3090 3091/3091/3091
f 3098/3098/3098 3099/3099/3099 3091/3091/3091
f 3098/3098/3098 3093/3093/3093 3097/3097/3097
f 3097/3097/3097 3093/3093/3093 3088/3088/3088
f 3091/3091/3091 3093/3093/3093 3098/3098/3098
f 3094/3094/3094 3095/3095/3095 3091/3091/3091
f 3091/3091/3091 3095/3095/3095 3093/3093/3093
f 3092/3092/3092 3093/3093/3093 3096/3096/3096
f 3095/3095/3095 3096/3096/3096 3093/3093/3093
f 3089/3089/3089 3094/3094/3094 3091/3091/3091
f 3100/3100/3100 3115/3115/3115 3122/3122/3122
f 3122/3122/3122 3121/3121/3121 3100/3100/3100
f 3148/3148/3148 3101/3101/3101 3151/3151/3151
f 3151/3151/3151 3152/3152/3152 3148/3148/3148
f 3124/3124/3124 3102/3102/3102 3113/3113/3113
f 3114/3114/3114 3124/3124/3124 3116/3116/3116
f 3102/3102/3102 3124/3124/3124 3114/3114/3114
f 3118/3118/3118 3114/3114/3114 3116/3116/3116
f 3100/3100/3100 3118/3118/3118 3115/3115/3115
f 3114/3114/3114 3118/3118/3118 3100/3100/3100
f 3116/3116/3116 3117/3117/3117 3120/3120/3120
f 3120/3120/3120 3118/3118/3118 3116/3116/3116
f 3118/3118/3118 3120/3120/3120 3119/3119/3119
f 3119/3119/3119 3115/3115/3115 3118/3118/3118
f 3113/3113/3113 3123/3123/3123 3125/3125/3125
f 3125/3125/3125 3124/3124/3124 3113/3113/3113
f 3124/3124/3124 3125/3125/3125 3117/3117/3117
f 3117/3117/3117 3116/3116/3116 3124/3124/3124
f 3149/3149/3149 3114/3114/3114 3100/3100/3100
f 3100/3100/3100 3101/3101/3101 3149/3149/3149
f 3114/3114/3114 3149/3149/3149 3103/3103/3103
f 3103/3103/3103 3102/3102/3102 3114/3114/3114
f 3150/3150/3150 3149/3149/3149 3101/3101/3101
f 3101/3101/3101 3148/3148/3148 3150/3150/3150
f 3145/3145/3145 3103/3103/3103 3149/3149/3149
f 3149/3149/3149 3150/3150/3150 3145/3145/3145
f 3133/3133/3133 3104/3104/3104 3126/3126/3126
f 3127/3127/3127 3133/3133/3133 3128/3128/3128
f 3104/3104/3104 3133/3133/3133 3127/3127/3127
f 3130/3130/3130 3127/3127/3127 3128/3128/3128
f 3102/3102/3102 3130/3130/3130 3113/3113/3113
f 3127/3127/3127 3130/3130/3130 3102/3102/3102
f 3128/3128/3128 3129/3129/3129 3131/3131/3131
f 3131/3131/3131 3130/3130/3130 3128/3128/3128
f 3130/3130/3130 3131/3131/3131 3123/3123/3123
f 3123/3123/3123 3113/3113/3113 3130/3130/3130
f 3126/3126/3126 3132/3132/3132 3134/3134/3134
f 3134/3134/3134 3133/3133/3133 3126/3126/3126
f 3133/3133/3133 3134/3134/3134 3129/3129/3129
f 3129/3129/3129 3128/3128/3128 3133/3133/3133
f 3146/3146/3146 3127/3127/3127 3102/3102/3102
f 3102/3102/3102 3103/3103/3103 3146/3146/3146
f 3127/3127/3127 3146/3146/3146 3105/3105/3105
f 3105/3105/3105 3104/3104/3104 3127/3127/3127
f 3147/3147/3147 3146/3146/3146 3103/3103/3103
f 3103/3103/3103 3145/3145/3145 3147/3147/3147
f 3142/3142/3142 3105/3105/3105 3146/3146/3146
f 3146/3146/3146 3147/3147/3147 3142/3142/3142
f 3135/3135/3135 3136/3136/3136 3126/3126/3126
f 3126/3126/3126 3104/3104/3104 3135/3135/3135
f 3144/3144/3144 3143/3143/3143 3105/3105/3105
f 3105/3105/3105 3142/3142/3142 3144/3144/3144
f 3119/3119/3119 3107/3107/3107 3122/3122/3122
f 3106/3106/3106 3122/3122/3122 3107/3107/3107
f 3122/3122/3122 3155/3155/3155 3121/3121/3121
f 3106/3106/3106 3155/3155/3155 3122/3122/3122
f 3119/3119/3119 3122/3122/3122 3115/3115/3115
f 3108/3108/3108 3107/3107/3107 3120/3120/3120
f 3109/3109/3109 3108/3108/3108 3125/3125/3125
f 3108/3108/3108 3120/3120/3120 3117/3117/3117
f 3108/3108/3108 3117/3117/3117 3125/3125/3125
f 3119/3119/3119 3120/3120/3120 3107/3107/3107
f 3121/3121/3121 3155/3155/3155 3154/3154/3154
f 3154/3154/3154 3151/3151/3151 3121/3121/3121
f 3151/3151/3151 3101/3101/3101 3100/3100/3100
f 3100/3100/3100 3121/3121/3121 3151/3151/3151
f 3153/3153/3153 3151/3151/3151 3154/3154/3154
f 3141/3141/3141 3152/3152/3152 3153/3153/3153
f 3151/3151/3151 3153/3153/3153 3152/3152/3152
f 3140/3140/3140 3152/3152/3152 3141/3141/3141
f 3139/3139/3139 3150/3150/3150 3140/3140/3140
f 3148/3148/3148 3140/3140/3140 3150/3150/3150
f 3139/3139/3139 3145/3145/3145 3150/3150/3150
f 3152/3152/3152 3140/3140/3140 3148/3148/3148
f 3123/3123/3123 3109/3109/3109 3125/3125/3125
f 3123/3123/3123 3131/3131/3131 3109/3109/3109
f 3110/3110/3110 3109/3109/3109 3131/3131/3131
f 3110/3110/3110 3131/3131/3131 3129/3129/3129
f 3110/3110/3110 3129/3129/3129 3134/3134/3134
f 3134/3134/3134 3111/3111/3111 3110/3110/3110
f 3136/3136/3136 3111/3111/3111 3132/3132/3132
f 3112/3112/3112 3111/3111/3111 3136/3136/3136
f 3132/3132/3132 3126/3126/3126 3136/3136/3136
f 3112/3112/3112 3136/3136/3136 3135/3135/3135
f 3135/3135/3135 3156/3156/3156 3112/3112/3112
f 3111/3111/3111 3134/3134/3134 3132/3132/3132
f 3105/3105/3105 3143/3143/3143 3135/3135/3135
f 3135/3135/3135 3104/3104/3104 3105/3105/3105
f 3138/3138/3138 3142/3142/3142 3147/3147/3147
f 3144/3144/3144 3142/3142/3142 3138/3138/3138
f 3147/3147/3147 3139/3139/3139 3138/3138/3138
f 3145/3145/3145 3139/3139/3139 3147/3147/3147
f 3143/3143/3143 3157/3157/3157 3156/3156/3156
f 3156/3156/3156 3135/3135/3135 3143/3143/3143
f 3158/3158/3158 3157/3157/3157 3143/3143/3143
f 3137/3137/3137 3158/3158/3158 3144/3144/3144
f 3143/3143/3143 3144/3144/3144 3158/3158/3158
f 3138/3138/3138 3137/3137/3137 3144/3144/3144
f 3170/3170/3170 3160/3160/3160 3169/3169/3169
f 3160/3160/3160 3162/3162/3162 3169/3169/3169
f 3167/3167/3167 3168/3168/3168 3162/3162/3162
f 3169/3169/3169 3162/3162/3162 3168/3168/3168
f 3160/3160/3160 3170/3170/3170 3159/3159/3159
f 3164/3164/3164 3160/3160/3160 3163/3163/3163
f 3165/3165/3165 3160/3160/3160 3164/3164/3164
f 3165/3165/3165 3166/3166/3166 3162/3162/3162
f 3166/3166/3166 3161/3161/3161 3162/3162/3162
f 3165/3165/3165 3162/3162/3162 3160/3160/3160
f 3171/3171/3171 3186/3186/3186 3193/3193/3193
f 3193/3193/3193 3192/3192/3192 3171/3171/3171
f 3219/3219/3219 3172/3172/3172 3222/3222/3222
f 3222/3222/3222 3223/3223/3223 3219/3219/3219
f 3195/3195/3195 3173/3173/3173 3184/3184/3184
f 3185/3185/3185 3195/3195/3195 3187/3187/3187
f 3173/3173/3173 3195/3195/3195 3185/3185/3185
f 3189/3189/3189 3185/3185/3185 3187/3187/3187
f 3171/3171/3171 3189/3189/3189 3186/3186/3186
f 3185/3185/3185 3189/3189/3189 3171/3171/3171
f 3187/3187/3187 3188/3188/3188 3191/3191/3191
f 3191/3191/3191 3189/3189/3189 3187/3187/3187
f 3189/3189/3189 3191/3191/3191 3190/3190/3190
f 3190/3190/3190 3186/3186/3186 3189/3189/3189
f 3184/3184/3184 3194/3194/3194 3196/3196/3196
f 3196/3196/3196 3195/3195/3195 3184/3184/3184
f 3195/3195/3195 3196/3196/3196 3188/3188/3188
f 3188/3188/3188 3187/3187/3187 3195/3195/3195
f 3220/3220/3220 3185/3185/3185 3171/3171/3171
f 3171/3171/3171 3172/3172/3172 3220/3220/3220
f 3185/3185/3185 3220/3220/3220 3174/3174/3174
f 3174/3174/3174 3173/3173/3173 3185/3185/3185
f 3221/3221/3221 3220/3220/3220 3172/3172/3172
f 3172/3172/3172 3219/3219/3219 3221/3221/3221
f 3216/3216/3216 3174/3174/3174 3220/3220/3220
f 3220/3220/3220 3221/3221/3221 3216/3216/3216
f 3204/3204/3204 3175/3175/3175 3197/3197/3197
f 3198/3198/3198 3204/3204/3204 3199/3199/3199
f 3175/3175/3175 3204/3204/3204 3198/3198/3198
f 3201/3201/3201 3198/3198/3198 3199/3199/3199
f 3173/3173/3173 3201/3201/3201 3184/3184/3184
f 3198/3198/3198 3201/3201/3201 3173/3173/3173
f 3199/3199/3199 3200/3200/3200 3202/3202/3202
f 3202/3202/3202 3201/3201/3201 3199/3199/3199
f 3201/3201/3201 3202/3202/3202 3194/3194/3194
f 3194/3194/3194 3184/3184/3184 3201/3201/3201
f 3197/3197/3197 3203/3203/3203 3205/3205/3205
f 3205/3205/3205 3204/3204/3204 3197/3197/3197
f 3204/3204/3204 3205/3205/3205 3200/3200/3200
f 3200/3200/3200 3199/3199/3199 3204/3204/3204
f 3217/3217/3217 3198/3198/3198 3173/3173/3173
f 3173/3173/3173 3174/3174/3174 3217/3217/3217
f 3198/3198/3198 3217/3217/3217 3176/3176/3176
f 3176/3176/3176 3175/3175/3175 3198/3198/3198
f 3218/3218/3218 3217/3217/3217 3174/3174/3174
f 3174/3174/3174 3216/3216/3216 3218/3218/3218
f 3213/3213/3213 3176/3176/3176 3217/3217/3217
f 3217/3217/3217 3218/3218/3218 3213/3213/3213
f 3206/3206/3206 3207/3207/3207 3197/3197/3197
f 3197/3197/3197 3175/3175/3175 3206/3206/3206
f 3215/3215/3215 3214/3214/3214 3176/3176/3176
f 3176/3176/3176 3213/3213/3213 3215/3215/3215
f 3190/3190/3190 3178/3178/3178 3193/3193/3193
f 3177/3177/3177 3193/3193/3193 3178/3178/3178
f 3193/3193/3193 3226/3226/3226 3192/3192/3192
f 3177/3177/3177 3226/3226/3226 3193/3193/3193
f 3190/3190/3190 3193/3193/3193 3186/3186/3186
f 3179/3179/3179 3178/3178/3178 3191/3191/3191
f 3180/3180/3180 3179/3179/3179 3196/3196/3196
f 3179/3179/3179 3191/3191/3191 3188/3188/3188
f 3179/3179/3179 3188/3188/3188 3196/3196/3196
f 3190/3190/3190 3191/3191/3191 3178/3178/3178
f 3192/3192/3192 3226/3226/3226 3225/3225/3225
f 3225/3225/3225 3222/3222/3222 3192/3192/3192
f 3222/3222/3222 3172/3172/3172 3171/3171/3171
f 3171/3171/3171 3192/3192/3192 3222/3222/3222
f 3224/3224/3224 3222/3222/3222 3225/3225/3225
f 3212/3212/3212 3223/3223/3223 3224/3224/3224
f 3222/3222/3222 3224/3224/3224 3223/3223/3223
f 3211/3211/3211 3223/3223/3223 3212/3212/3212
f 3210/3210/3210 3221/3221/3221 3211/3211/3211
f 3219/3219/3219 3211/3211/3211 3221/3221/3221
f 3210/3210/3210 3216/3216/3216 3221/3221/3221
f 3223/3223/3223 3211/3211/3211 3219/3219/3219
f 3194/3194/3194 3180/3180/3180 3196/3196/3196
f 3194/3194/3194 3202/3202/3202 3180/3180/3180
f 3181/3181/3181 3180/3180/3180 3202/3202/3202
f 3181/3181/3181 3202/3202/3202 3200/3200/3200
f 3181/3181/3181 3200/3200/3200 3205/3205/3205
f 3205/3205/3205 3182/3182/3182 3181/3181/3181
f 3207/3207/3207 3182/3182/3182 3203/3203/3203
f 3183/3183/3183 3182/3182/3182 3207/3207/3207
f 3203/3203/3203 3197/3197/3197 3207/3207/3207
f 3183/3183/3183 3207/3207/3207 3206/3206/3206
f 3206/3206/3206 3227/3227/3227 3183/3183/3183
f 3182/3182/3182 3205/3205/3205 3203/3203/3203
f 3176/3176/3176 3214/3214/3214 3206/3206/3206
f 3206/3206/3206 3175/3175/3175 3176/3176/3176
f 3209/3209/3209 3213/3213/3213 3218/3218/3218
f 3215/3215/3215 3213/3213/3213 3209/3209/3209
f 3218/3218/3218 3210/3210/3210 3209/3209/3209
f 3216/3216/3216 3210/3210/3210 3218/3218/3218
f 3214/3214/3214 3228/3228/3228 3227/3227/3227
f 3227/3227/3227 3206/3206/3206 3214/3214/3214
f 3229/3229/3229 3228/3228/3228 3214/3214/3214
f 3208/3208/3208 3229/3229/3229 3215/3215/3215
f 3214/3214/3214 3215/3215/3215 3229/3229/3229
f 3209/3209/3209 3208/3208/3208 3215/3215/3215
f 3241/3241/3241 3230/3230/3230 3231/3231/3231
f 3240/3240/3240 3241/3241/3241 3231/3231/3231
f 3240/3240/3240 3233/3233/3233 3239/3239/3239
f 3239/3239/3239 3233/3233/3233 3238/3238/3238
f 3231/3231/3231 3236/3236/3236 3240/3240/3240
f 3235/3235/3235 3236/3236/3236 3231/3231/3231
f 3240/3240/3240 3236/3236/3236 3233/3233/3233
f 3232/3232/3232 3233/3233/3233 3237/3237/3237
f 3236/3236/3236 3237/3237/3237 3233/3233/3233
f 3234/3234/3234 3235/3235/3235 3231/3231/3231
f 3242/3242/3242 3257/3257/3257 3264/3264/3264
f 3264/3264/3264 3263/3263/3263 3242/3242/3242
f 3290/3290/3290 3243/3243/3243 3293/3293/3293
f 3293/3293/3293 3294/3294/3294 3290/3290/3290
f 3266/3266/3266 3244/3244/3244 3255/3255/3255
f 3256/3256/3256 3266/3266/3266 3258/3258/3258
f 3244/3244/3244 3266/3266/3266 3256/3256/3256
f 3260/3260/3260 3256/3256/3256 3258/3258/3258
f 3242/3242/3242 3260/3260/3260 3257/3257/3257
f 3256/3256/3256 3260/3260/3260 3242/3242/3242
f 3258/3258/3258 3259/3259/3259 3262/3262/3262
f 3262/3262/3262 3260/3260/3260 3258/3258/3258
f 3260/3260/3260 3262/3262/3262 3261/3261/3261
f 3261/3261/3261 3257/3257/3257 3260/3260/3260
f 3255/3255/3255 3265/3265/3265 3267/3267/3267
f 3267/3267/3267 3266/3266/3266 3255/3255/3255
f 3266/3266/3266 3267/3267/3267 3259/3259/3259
f 3259/3259/3259 3258/3258/3258 3266/3266/3266
f 3291/3291/3291 3256/3256/3256 3242/3242/3242
f 3242/3242/3242 3243/3243/3243 3291/3291/3291
f 3256/3256/3256 3291/3291/3291 3245/3245/3245
f 3245/3245/3245 3244/3244/3244 3256/3256/3256
f 3292/3292/3292 3291/3291/3291 3243/3243/3243
f 3243/3243/3243 3290/3290/3290 3292/3292/3292
f 3287/3287/3287 3245/3245/3245 3291/3291/3291
f 3291/3291/3291 3292/3292/3292 3287/3287/3287
f 3275/3275/3275 3246/3246/3246 3268/3268/3268
f 3269/3269/3269 3275/3275/3275 3270/3270/3270
f 3246/3246/3246 3275/3275/3275 3269/3269/3269
f 3272/3272/3272 3269/3269/3269 3270/3270/3270
f 3244/3244/3244 3272/3272/3272 3255/3255/3255
f 3269/3269/3269 3272/3272/3272 3244/3244/3244
f 3270/3270/3270 3271/3271/3271 3273/3273/3273
f 3273/3273/3273 3272/3272/3272 3270/3270/3270
f 3272/3272/3272 3273/3273/3273 3265/3265/3265
f 3265/3265/3265 3255/3255/3255 3272/3272/3272
f 3268/3268/3268 3274/3274/3274 3276/3276/3276
f 3276/3276/3276 3275/3275/3275 3268/3268/3268
f 3275/3275/3275 3276/3276/3276 3271/3271/3271
f 3271/3271/3271 3270/3270/3270 3275/3275/3275
f 3288/3288/3288 3269/3269/3269 3244/3244/3244
f 3244/3244/3244 3245/3245/3245 3288/3288/3288
f 3269/3269/3269 3288/3288/3288 3247/3247/3247
f 3247/3247/3247 3246/3246/3246 3269/3269/3269
f 3289/3289/3289 3288/3288/3288 3245/3245/3245
f 3245/3245/3245 3287/3287/3287 3289/3289/3289
f 3284/3284/3284 3247/3247/3247 3288/3288/3288
f 3288/3288/3288 3289/3289/3289 3284/3284/3284
f 3277/3277/3277 3278/3278/3278 3268/3268/3268
f 3268/3268/3268 3246/3246/3246 3277/3277/3277
f 3286/3286/3286 3285/3285/3285 3247/3247/3247
f 3247/3247/3247 3284/3284/3284 3286/3286/3286
f 3261/3261/3261 3249/3249/3249 3264/3264/3264
f 3248/3248/3248 3264/3264/3264 3249/3249/3249
f 3264/3264/3264 3297/3297/3297 3263/3263/3263
f 3248/3248/3248 3297/3297/3297 3264/3264/3264
f 3261/3261/3261 3264/3264/3264 3257/3257/3257
f 3250/3250/3250 3249/3249/3249 3262/3262/3262
f 3251/3251/3251 3250/3250/3250 3267/3267/3267
f 3250/3250/3250 3262/3262/3262 3259/3259/3259
f 3250/3250/3250 3259/3259/3259 3267/3267/3267
f 3261/3261/3261 3262/3262/3262 3249/3249/3249
f 3263/3263/3263 3297/3297/3297 3296/3296/3296
f 3296/3296/3296 3293/3293/3293 3263/3263/3263
f 3293/3293/3293 3243/3243/3243 3242/3242/3242
f 3242/3242/3242 3263/3263/3263 3293/3293/3293
f 3295/3295/3295 3293/3293/3293 3296/3296/3296
f 3283/3283/3283 3294/3294/3294 3295/3295/3295
f 3293/3293/3293 3295/3295/3295 3294/3294/3294
f 3282/3282/3282 3294/3294/3294 3283/3283/3283
f 3281/3281/3281 3292/3292/3292 3282/3282/3282
f 3290/3290/3290 3282/3282/3282 3292/3292/3292
f 3281/3281/3281 3287/3287/3287 3292/3292/3292
f 3294/3294/3294 3282/3282/3282 3290/3290/3290
f 3265/3265/3265 3251/3251/3251 3267/3267/3267
f 3265/3265/3265 3273/3273/3273 3251/3251/3251
f 3252/3252/3252 3251/3251/3251 3273/3273/3273
f 3252/3252/3252 3273/3273/3273 3271/3271/3271
f 3252/3252/3252 3271/3271/3271 3276/3276/3276
f 3276/3276/3276 3253/3253/3253 3252/3252/3252
f 3278/3278/3278 3253/3253/3253 3274/3274/3274
f 3254/3254/3254 3253/3253/3253 3278/3278/3278
f 3274/3274/3274 3268/3268/3268 3278/3278/3278
f 3254/3254/3254 3278/3278/3278 3277/3277/3277
f 3277/3277/3277 3298/3298/3298 3254/3254/3254
f 3253/3253/3253 3276/3276/3276 3274/3274/3274
f 3247/3247/3247 3285/3285/3285 3277/3277/3277
f 3277/3277/3277 3246/3246/3246 3247/3247/3247
f 3280/3280/3280 3284/3284/3284 3289/3289/3289
f 3286/3286/3286 3284/3284/3284 3280/3280/3280
f 3289/3289/3289 3281/3281/3281 3280/3280/3280
f 3287/3287/3287 3281/3281/3281 3289/3289/3289
f 3285/3285/3285 3299/3299/3299 3298/3298/3298
f 3298/3298/3298 3277/3277/3277 3285/3285/3285
f 3300/3300/3300 3299/3299/3299 3285/3285/3285
f 3279/3279/3279 3300/3300/3300 3286/3286/3286
f 3285/3285/3285 3286/3286/3286 3300/3300/3300
f 3280/3280/3280 3279/3279/3279 3286/3286/3286
f 3312/3312/3312 3302/3302/3302 3303/3303/3303
f 3311/3311/3311 3312/3312/3312 3303/3303/3303
f 3311/3311/3311 3304/3304/3304 3310/3310/3310
f 3310/3310/3310 3304/3304/3304 3309/3309/3309
f 3303/3303/3303 3307/3307/3307 3311/3311/3311
f 3306/3306/3306 3307/3307/3307 3303/3303/3303
f 3311/3311/3311 3307/3307/3307 3304/3304/3304
f 3301/3301/3301 3304/3304/3304 3308/3308/3308
f 3307/3307/3307 3308/3308/3308 3304/3304/3304
f 3305/3305/3305 3306/3306/3306 3303/3303/3303
f 3335/3335/3335 3313/3313/3313 3328/3328/3328
f 3329/3329/3329 3335/3335/3335 3330/3330/3330
f 3313/3313/3313 3335/3335/3335 3329/3329/3329
f 3330/3330/3330 3331/3331/3331 3333/3333/3333
f 3333/3333/3333 3332/3332/3332 3330/3330/3330
f 3328/3328/3328 3334/3334/3334 3336/3336/3336
f 3336/3336/3336 3335/3335/3335 3328/3328/3328
f 3335/3335/3335 3336/3336/3336 3331/3331/3331
f 3331/3331/3331 3330/3330/3330 3335/3335/3335
f 3401/3401/3401 3314/3314/3314 3404/3404/3404
f 3404/3404/3404 3405/3405/3405 3401/3401/3401
f 3351/3351/3351 3316/3316/3316 3337/3337/3337
f 3338/3338/3338 3351/3351/3351 3339/3339/3339
f 3316/3316/3316 3351/3351/3351 3338/3338/3338
f 3341/3341/3341 3338/3338/3338 3339/3339/3339
f 3313/3313/3313 3341/3341/3341 3328/3328/3328
f 3338/3338/3338 3341/3341/3341 3313/3313/3313
f 3348/3348/3348 3339/3339/3339 3340/3340/3340
f 3341/3341/3341 3348/3348/3348 3342/3342/3342
f 3339/3339/3339 3348/3348/3348 3341/3341/3341
f 3344/3344/3344 3341/3341/3341 3342/3342/3342
f 3328/3328/3328 3344/3344/3344 3334/3334/3334
f 3341/3341/3341 3344/3344/3344 3328/3328/3328
f 3342/3342/3342 3343/3343/3343 3346/3346/3346
f 3346/3346/3346 3344/3344/3344 3342/3342/3342
f 3344/3344/3344 3346/3346/3346 3345/3345/3345
f 3345/3345/3345 3334/3334/3334 3344/3344/3344
f 3340/3340/3340 3347/3347/3347 3349/3349/3349
f 3349/3349/3349 3348/3348/3348 3340/3340/3340
f 3348/3348/3348 3349/3349/3349 3343/3343/3343
f 3343/3343/3343 3342/3342/3342 3348/3348/3348
f 3360/3360/3360 3337/3337/3337 3350/3350/3350
f 3351/3351/3351 3360/3360/3360 3352/3352/3352
f 3337/3337/3337 3360/3360/3360 3351/3351/3351
f 3357/3357/3357 3351/3351/3351 3352/3352/3352
f 3339/3339/3339 3357/3357/3357 3340/3340/3340
f 3351/3351/3351 3357/3357/3357 3339/3339/3339
f 3352/3352/3352 3356/3356/3356 3358/3358/3358
f 3358/3358/3358 3357/3357/3357 3352/3352/3352
f 3357/3357/3357 3358/3358/3358 3347/3347/3347
f 3347/3347/3347 3340/3340/3340 3357/3357/3357
f 3350/3350/3350 3359/3359/3359 3361/3361/3361
f 3361/3361/3361 3360/3360/3360 3350/3350/3350
f 3360/3360/3360 3361/3361/3361 3356/3356/3356
f 3356/3356/3356 3352/3352/3352 3360/3360/3360
f 3402/3402/3402 3338/3338/3338 3313/3313/3313
f 3313/3313/3313 3314/3314/3314 3402/3402/3402
f 3338/3338/3338 3402/3402/3402 3317/3317/3317
f 3317/3317/3317 3316/3316/3316 3338/3338/3338
f 3403/3403/3403 3402/3402/3402 3314/3314/3314
f 3314/3314/3314 3401/3401/3401 3403/3403/3403
f 3396/3396/3396 3317/3317/3317 3402/3402/3402
f 3402/3402/3402 3403/3403/3403 3396/3396/3396
f 3375/3375/3375 3319/3319/3319 3353/3353/3353
f 3354/3354/3354 3375/3375/3375 3355/3355/3355
f 3319/3319/3319 3375/3375/3375 3354/3354/3354
f 3363/3363/3363 3354/3354/3354 3355/3355/3355
f 3316/3316/3316 3363/3363/3363 3337/3337/3337
f 3354/3354/3354 3363/3363/3363 3316/3316/3316
f 3355/3355/3355 3362/3362/3362 3364/3364/3364
f 3364/3364/3364 3363/3363/3363 3355/3355/3355
f 3366/3366/3366 3363/3363/3363 3364/3364/3364
f 3337/3337/3337 3366/3366/3366 3350/3350/3350
f 3363/3363/3363 3366/3366/3366 3337/3337/3337
f 3364/3364/3364 3365/3365/3365 3367/3367/3367
f 3367/3367/3367 3366/3366/3366 3364/3364/3364
f 3366/3366/3366 3367/3367/3367 3359/3359/3359
f 3359/3359/3359 3350/3350/3350 3366/3366/3366
f 3384/3384/3384 3353/3353/3353 3374/3374/3374
f 3375/3375/3375 3384/3384/3384 3376/3376/3376
f 3353/3353/3353 3384/3384/3384 3375/3375/3375
f 3380/3380/3380 3375/3375/3375 3376/3376/3376
f 3355/3355/3355 3380/3380/3380 3362/3362/3362
f 3375/3375/3375 3380/3380/3380 3355/3355/3355
f 3376/3376/3376 3379/3379/3379 3382/3382/3382
f 3382/3382/3382 3380/3380/3380 3376/3376/3376
f 3380/3380/3380 3382/3382/3382 3381/3381/3381
f 3381/3381/3381 3362/3362/3362 3380/3380/3380
f 3374/3374/3374 3383/3383/3383 3385/3385/3385
f 3385/3385/3385 3384/3384/3384 3374/3374/3374
f 3384/3384/3384 3385/3385/3385 3379/3379/3379
f 3379/3379/3379 3376/3376/3376 3384/3384/3384
f 3397/3397/3397 3354/3354/3354 3316/3316/3316
f 3316/3316/3316 3317/3317/3317 3397/3397/3397
f 3354/3354/3354 3397/3397/3397 3320/3320/3320
f 3320/3320/3320 3319/3319/3319 3354/3354/3354
f 3398/3398/3398 3397/3397/3397 3317/3317/3317
f 3317/3317/3317 3396/3396/3396 3398/3398/3398
f 3393/3393/3393 3320/3320/3320 3397/3397/3397
f 3397/3397/3397 3398/3398/3398 3393/3393/3393
f 3387/3387/3387 3377/3377/3377 3378/3378/3378
f 3319/3319/3319 3387/3387/3387 3353/3353/3353
f 3377/3377/3377 3387/3387/3387 3319/3319/3319
f 3378/3378/3378 3386/3386/3386 3388/3388/3388
f 3388/3388/3388 3387/3387/3387 3378/3378/3378
f 3387/3387/3387 3388/3388/3388 3374/3374/3374
f 3374/3374/3374 3353/3353/3353 3387/3387/3387
f 3389/3389/3389 3390/3390/3390 3386/3386/3386
f 3386/3386/3386 3378/3378/3378 3389/3389/3389
f 3395/3395/3395 3394/3394/3394 3320/3320/3320
f 3320/3320/3320 3393/3393/3393 3395/3395/3395
f 3324/3324/3324 3323/3323/3323 3336/3336/3336
f 3325/3325/3325 3324/3324/3324 3346/3346/3346
f 3345/3345/3345 3346/3346/3346 3324/3324/3324
f 3331/3331/3331 3323/3323/3323 3322/3322/3322
f 3333/3333/3333 3322/3322/3322 3321/3321/3321
f 3325/3325/3325 3346/3346/3346 3343/3343/3343
f 3334/3334/3334 3345/3345/3345 3324/3324/3324
f 3343/3343/3343 3349/3349/3349 3325/3325/3325
f 3326/3326/3326 3349/3349/3349 3347/3347/3347
f 3325/3325/3325 3349/3349/3349 3326/3326/3326
f 3327/3327/3327 3326/3326/3326 3358/3358/3358
f 3315/3315/3315 3327/3327/3327 3361/3361/3361
f 3326/3326/3326 3347/3347/3347 3358/3358/3358
f 3327/3327/3327 3356/3356/3356 3361/3361/3361
f 3315/3315/3315 3361/3361/3361 3359/3359/3359
f 3356/3356/3356 3327/3327/3327 3358/3358/3358
f 3359/3359/3359 3367/3367/3367 3315/3315/3315
f 3321/3321/3321 3408/3408/3408 3332/3332/3332
f 3331/3331/3331 3322/3322/3322 3333/3333/3333
f 3329/3329/3329 3330/3330/3330 3332/3332/3332
f 3329/3329/3329 3408/3408/3408 3407/3407/3407
f 3405/3405/3405 3406/3406/3406 3400/3400/3400
f 3406/3406/3406 3404/3404/3404 3407/3407/3407
f 3407/3407/3407 3404/3404/3404 3329/3329/3329
f 3329/3329/3329 3332/3332/3332 3408/3408/3408
f 3333/3333/3333 3321/3321/3321 3332/3332/3332
f 3404/3404/3404 3314/3314/3314 3313/3313/3313
f 3313/3313/3313 3329/3329/3329 3404/3404/3404
f 3334/3334/3334 3324/3324/3324 3336/3336/3336
f 3399/3399/3399 3403/3403/3403 3401/3401/3401
f 3318/3318/3318 3403/3403/3403 3399/3399/3399
f 3405/3405/3405 3399/3399/3399 3401/3401/3401
f 3400/3400/3400 3399/3399/3399 3405/3405/3405
f 3406/3406/3406 3405/3405/3405 3404/3404/3404
f 3336/3336/3336 3323/3323/3323 3331/3331/3331
f 3365/3365/3365 3368/3368/3368 3367/3367/3367
f 3315/3315/3315 3367/3367/3367 3368/3368/3368
f 3369/3369/3369 3368/3368/3368 3381/3381/3381
f 3365/3365/3365 3381/3381/3381 3368/3368/3368
f 3381/3381/3381 3365/3365/3365 3364/3364/3364
f 3364/3364/3364 3362/3362/3362 3381/3381/3381
f 3382/3382/3382 3379/3379/3379 3370/3370/3370
f 3382/3382/3382 3369/3369/3369 3381/3381/3381
f 3370/3370/3370 3369/3369/3369 3382/3382/3382
f 3371/3371/3371 3370/3370/3370 3385/3385/3385
f 3383/3383/3383 3371/3371/3371 3385/3385/3385
f 3372/3372/3372 3371/3371/3371 3388/3388/3388
f 3374/3374/3374 3371/3371/3371 3383/3383/3383
f 3372/3372/3372 3386/3386/3386 3373/3373/3373
f 3388/3388/3388 3371/3371/3371 3374/3374/3374
f 3409/3409/3409 3373/3373/3373 3390/3390/3390
f 3386/3386/3386 3372/3372/3372 3388/3388/3388
f 3370/3370/3370 3379/3379/3379 3385/3385/3385
f 3320/3320/3320 3394/3394/3394 3377/3377/3377
f 3377/3377/3377 3319/3319/3319 3320/3320/3320
f 3403/3403/3403 3318/3318/3318 3396/3396/3396
f 3398/3398/3398 3396/3396/3396 3318/3318/3318
f 3392/3392/3392 3393/3393/3393 3398/3398/3398
f 3393/3393/3393 3392/3392/3392 3395/3395/3395
f 3318/3318/3318 3392/3392/3392 3398/3398/3398
f 3377/3377/3377 3389/3389/3389 3378/3378/3378
f 3377/3377/3377 3410/3410/3410 3389/3389/3389
f 3409/3409/3409 3390/3390/3390 3389/3389/3389
f 3389/3389/3389 3410/3410/3410 3409/3409/3409
f 3411/3411/3411 3410/3410/3410 3377/3377/3377
f 3412/3412/3412 3394/3394/3394 3395/3395/3395
f 3394/3394/3394 3412/3412/3412 3411/3411/3411
f 3395/3395/3395 3391/3391/3391 3412/3412/3412
f 3411/3411/3411 3377/3377/3377 3394/3394/3394
f 3392/3392/3392 3391/3391/3391 3395/3395/3395
f 3390/3390/3390 3373/3373/3373 3386/3386/3386
f 3424/3424/3424 3414/3414/3414 3415/3415/3415
f 3423/3423/3423 3424/3424/3424 3415/3415/3415
f 3423/3423/3423 3417/3417/3417 3422/3422/3422
f 3422/3422/3422 3417/3417/3417 3413/3413/3413
f 3415/3415/3415 3417/3417/3417 3423/3423/3423
f 3419/3419/3419 3420/3420/3420 3415/3415/3415
f 3415/3415/3415 3420/3420/3420 3417/3417/3417
f 3416/3416/3416 3417/3417/3417 3421/3421/3421
f 3420/3420/3420 3421/3421/3421 3417/3417/3417
f 3418/3418/3418 3419/3419/3419 3415/3415/3415
f 3425/3425/3425 3439/3439/3439 3446/3446/3446
f 3446/3446/3446 3445/3445/3445 3425/3425/3425
f 3472/3472/3472 3426/3426/3426 3475/3475/3475
f 3475/3475/3475 3476/3476/3476 3472/3472/3472
f 3448/3448/3448 3427/3427/3427 3437/3437/3437
f 3438/3438/3438 3448/3448/3448 3440/3440/3440
f 3427/3427/3427 3448/3448/3448 3438/3438/3438
f 3442/3442/3442 3438/3438/3438 3440/3440/3440
f 3425/3425/3425 3442/3442/3442 3439/3439/3439
f 3438/3438/3438 3442/3442/3442 3425/3425/3425
f 3440/3440/3440 3441/3441/3441 3444/3444/3444
f 3444/3444/3444 3442/3442/3442 3440/3440/3440
f 3442/3442/3442 3444/3444/3444 3443/3443/3443
f 3443/3443/3443 3439/3439/3439 3442/3442/3442
f 3437/3437/3437 3447/3447/3447 3449/3449/3449
f 3449/3449/3449 3448/3448/3448 3437/3437/3437
f 3448/3448/3448 3449/3449/3449 3441/3441/3441
f 3441/3441/3441 3440/3440/3440 3448/3448/3448
f 3473/3473/3473 3438/3438/3438 3425/3425/3425
f 3425/3425/3425 3426/3426/3426 3473/3473/3473
f 3438/3438/3438 3473/3473/3473 3428/3428/3428
f 3428/3428/3428 3427/3427/3427 3438/3438/3438
f 3474/3474/3474 3473/3473/3473 3426/3426/3426
f 3426/3426/3426 3472/3472/3472 3474/3474/3474
f 3469/3469/3469 3428/3428/3428 3473/3473/3473
f 3473/3473/3473 3474/3474/3474 3469/3469/3469
f 3457/3457/3457 3429/3429/3429 3450/3450/3450
f 3451/3451/3451 3457/3457/3457 3452/3452/3452
f 3429/3429/3429 3457/3457/3457 3451/3451/3451
f 3454/3454/3454 3451/3451/3451 3452/3452/3452
f 3427/3427/3427 3454/3454/3454 3437/3437/3437
f 3451/3451/3451 3454/3454/3454 3427/3427/3427
f 3452/3452/3452 3453/3453/3453 3455/3455/3455
f 3455/3455/3455 3454/3454/3454 3452/3452/3452
f 3454/3454/3454 3455/3455/3455 3447/3447/3447
f 3447/3447/3447 3437/3437/3437 3454/3454/3454
f 3450/3450/3450 3456/3456/3456 3458/3458/3458
f 3458/3458/3458 3457/3457/3457 3450/3450/3450
f 3457/3457/3457 3458/3458/3458 3453/3453/3453
f 3453/3453/3453 3452/3452/3452 3457/3457/3457
f 3470/3470/3470 3451/3451/3451 3427/3427/3427
f 3427/3427/3427 3428/3428/3428 3470/3470/3470
f 3451/3451/3451 3470/3470/3470 3430/3430/3430
f 3430/3430/3430 3429/3429/3429 3451/3451/3451
f 3471/3471/3471 3470/3470/3470 3428/3428/3428
f 3428/3428/3428 3469/3469/3469 3471/3471/3471
f 3466/3466/3466 3430/3430/3430 3470/3470/3470
f 3470/3470/3470 3471/3471/3471 3466/3466/3466
f 3459/3459/3459 3460/3460/3460 3450/3450/3450
f 3450/3450/3450 3429/3429/3429 3459/3459/3459
f 3468/3468/3468 3467/3467/3467 3430/3430/3430
f 3430/3430/3430 3466/3466/3466 3468/3468/3468
f 3443/3443/3443 3432/3432/3432 3446/3446/3446
f 3431/3431/3431 3446/3446/3446 3432/3432/3432
f 3446/3446/3446 3479/3479/3479 3445/3445/3445
f 3431/3431/3431 3479/3479/3479 3446/3446/3446
f 3443/3443/3443 3446/3446/3446 3439/3439/3439
f 3433/3433/3433 3432/3432/3432 3444/3444/3444
f 3434/3434/3434 3433/3433/3433 3449/3449/3449
f 3433/3433/3433 3444/3444/3444 3441/3441/3441
f 3433/3433/3433 3441/3441/3441 3449/3449/3449
f 3443/3443/3443 3444/3444/3444 3432/3432/3432
f 3445/3445/3445 3479/3479/3479 3478/3478/3478
f 3478/3478/3478 3475/3475/3475 3445/3445/3445
f 3475/3475/3475 3426/3426/3426 3425/3425/3425
f 3425/3425/3425 3445/3445/3445 3475/3475/3475
f 3477/3477/3477 3475/3475/3475 3478/3478/3478
f 3465/3465/3465 3476/3476/3476 3477/3477/3477
f 3475/3475/3475 3477/3477/3477 3476/3476/3476
f 3464/3464/3464 3476/3476/3476 3465/3465/3465
f 3463/3463/3463 3474/3474/3474 3464/3464/3464
f 3472/3472/3472 3464/3464/3464 3474/3474/3474
f 3463/3463/3463 3469/3469/3469 3474/3474/3474
f 3476/3476/3476 3464/3464/3464 3472/3472/3472
f 3447/3447/3447 3434/3434/3434 3449/3449/3449
f 3447/3447/3447 3455/3455/3455 3434/3434/3434
f 3435/3435/3435 3434/3434/3434 3455/3455/3455
f 3435/3435/3435 3455/3455/3455 3453/3453/3453
f 3435/3435/3435 3453/3453/3453 3458/3458/3458
f 3458/3458/3458 3436/3436/3436 3435/3435/3435
f 3460/3460/3460 3436/3436/3436 3456/3456/3456
f 3480/3480/3480 3436/3436/3436 3460/3460/3460
f 3456/3456/3456 3450/3450/3450 3460/3460/3460
f 3480/3480/3480 3460/3460/3460 3459/3459/3459
f 3459/3459/3459 3481/3481/3481 3480/3480/3480
f 3436/3436/3436 3458/3458/3458 3456/3456/3456
f 3430/3430/3430 3467/3467/3467 3459/3459/3459
f 3459/3459/3459 3429/3429/3429 3430/3430/3430
f 3462/3462/3462 3466/3466/3466 3471/3471/3471
f 3468/3468/3468 3466/3466/3466 3462/3462/3462
f 3471/3471/3471 3463/3463/3463 3462/3462/3462
f 3469/3469/3469 3463/3463/3463 3471/3471/3471
f 3467/3467/3467 3482/3482/3482 3481/3481/3481
f 3481/3481/3481 3459/3459/3459 3467/3467/3467
f 3483/3483/3483 3482/3482/3482 3467/3467/3467
f 3461/3461/3461 3483/3483/3483 3468/3468/3468
f 3467/3467/3467 3468/3468/3468 3483/3483/3483
f 3462/3462/3462 3461/3461/3461 3468/3468/3468
f 3495/3495/3495 3486/3486/3486 3494/3494/3494
f 3490/3490/3490 3488/3488/3488 3494/3494/3494
f 3492/3492/3492 3493/3493/3493 3488/3488/3488
f 3494/3494/3494 3488/3488/3488 3493/3493/3493
f 3486/3486/3486 3495/3495/3495 3485/3485/3485
f 3489/3489/3489 3486/3486/3486 3484/3484/3484
f 3490/3490/3490 3486/3486/3486 3489/3489/3489
f 3490/3490/3490 3491/3491/3491 3488/3488/3488
f 3491/3491/3491 3487/3487/3487 3488/3488/3488
f 3490/3490/3490 3494/3494/3494 3486/3486/3486
f 3496/3496/3496 3511/3511/3511 3518/3518/3518
f 3518/3518/3518 3517/3517/3517 3496/3496/3496
f 3544/3544/3544 3497/3497/3497 3547/3547/3547
f 3547/3547/3547 3548/3548/3548 3544/3544/3544
f 3520/3520/3520 3498/3498/3498 3509/3509/3509
f 3510/3510/3510 3520/3520/3520 3512/3512/3512
f 3498/3498/3498 3520/3520/3520 3510/3510/3510
f 3514/3514/3514 3510/3510/3510 3512/3512/3512
f 3496/3496/3496 3514/3514/3514 3511/3511/3511
f 3510/3510/3510 3514/3514/3514 3496/3496/3496
f 3512/3512/3512 3513/3513/3513 3516/3516/3516
f 3516/3516/3516 3514/3514/3514 3512/3512/3512
f 3514/3514/3514 3516/3516/3516 3515/3515/3515
f 3515/3515/3515 3511/3511/3511 3514/3514/3514
f 3509/3509/3509 3519/3519/3519 3521/3521/3521
f 3521/3521/3521 3520/3520/3520 3509/3509/3509
f 3520/3520/3520 3521/3521/3521 3513/3513/3513
f 3513/3513/3513 3512/3512/3512 3520/3520/3520
f 3545/3545/3545 3510/3510/3510 3496/3496/3496
f 3496/3496/3496 3497/3497/3497 3545/3545/3545
f 3510/3510/3510 3545/3545/3545 3499/3499/3499
f 3499/3499/3499 3498/3498/3498 3510/3510/3510
f 3546/3546/3546 3545/3545/3545 3497/3497/3497
f 3497/3497/3497 3544/3544/3544 3546/3546/3546
f 3541/3541/3541 3499/3499/3499 3545/3545/3545
f 3545/3545/3545 3546/3546/3546 3541/3541/3541
f 3529/3529/3529 3500/3500/3500 3522/3522/3522
f 3523/3523/3523 3529/3529/3529 3524/3524/3524
f 3500/3500/3500 3529/3529/3529 3523/3523/3523
f 3526/3526/3526 3523/3523/3523 3524/3524/3524
f 3498/3498/3498 3526/3526/3526 3509/3509/3509
f 3523/3523/3523 3526/3526/3526 3498/3498/3498
f 3524/3524/3524 3525/3525/3525 3527/3527/3527
f 3527/3527/3527 3526/3526/3526 3524/3524/3524
f 3526/3526/3526 3527/3527/3527 3519/3519/3519
f 3519/3519/3519 3509/3509/3509 3526/3526/3526
f 3522/3522/3522 3528/3528/3528 3530/3530/3530
f 3530/3530/3530 3529/3529/3529 3522/3522/3522
f 3529/3529/3529 3530/3530/3530 3525/3525/3525
f 3525/3525/3525 3524/3524/3524 3529/3529/3529
f 3542/3542/3542 3523/3523/3523 3498/3498/3498
f 3498/3498/3498 3499/3499/3499 3542/3542/3542
f 3523/3523/3523 3542/3542/3542 3501/3501/3501
f 3501/3501/3501 3500/3500/3500 3523/3523/3523
f 3543/3543/3543 3542/3542/3542 3499/3499/3499
f 3499/3499/3499 3541/3541/3541 3543/3543/3543
f 3538/3538/3538 3501/3501/3501 3542/3542/3542
f 3542/3542/3542 3543/3543/3543 3538/3538/3538
f 3531/3531/3531 3532/3532/3532 3522/3522/3522
f 3522/3522/3522 3500/3500/3500 3531/3531/3531
f 3540/3540/3540 3539/3539/3539 3501/3501/3501
f 3501/3501/3501 3538/3538/3538 3540/3540/3540
f 3515/3515/3515 3503/3503/3503 3518/3518/3518
f 3502/3502/3502 3518/3518/3518 3503/3503/3503
f 3518/3518/3518 3551/3551/3551 3517/3517/3517
f 3502/3502/3502 3551/3551/3551 3518/3518/3518
f 3515/3515/3515 3518/3518/3518 3511/3511/3511
f 3504/3504/3504 3503/3503/3503 3516/3516/3516
f 3505/3505/3505 3504/3504/3504 3521/3521/3521
f 3504/3504/3504 3516/3516/3516 3513/3513/3513
f 3504/3504/3504 3513/3513/3513 3521/3521/3521
f 3515/3515/3515 3516/3516/3516 3503/3503/3503
f 3517/3517/3517 3551/3551/3551 3550/3550/3550
f 3550/3550/3550 3547/3547/3547 3517/3517/3517
f 3547/3547/3547 3497/3497/3497 3496/3496/3496
f 3496/3496/3496 3517/3517/3517 3547/3547/3547
f 3549/3549/3549 3547/3547/3547 3550/3550/3550
f 3537/3537/3537 3548/3548/3548 3549/3549/3549
f 3547/3547/3547 3549/3549/3549 3548/3548/3548
f 3536/3536/3536 3548/3548/3548 3537/3537/3537
f 3535/3535/3535 3546/3546/3546 3536/3536/3536
f 3544/3544/3544 3536/3536/3536 3546/3546/3546
f 3535/3535/3535 3541/3541/3541 3546/3546/3546
f 3548/3548/3548 3536/3536/3536 3544/3544/3544
f 3519/3519/3519 3505/3505/3505 3521/3521/3521
f 3519/3519/3519 3527/3527/3527 3505/3505/3505
f 3506/3506/3506 3505/3505/3505 3527/3527/3527
f 3506/3506/3506 3527/3527/3527 3525/3525/3525
f 3506/3506/3506 3525/3525/3525 3530/3530/3530
f 3530/3530/3530 3507/3507/3507 3506/3506/3506
f 3532/3532/3532 3507/3507/3507 3528/3528/3528
f 3508/3508/3508 3507/3507/3507 3532/3532/3532
f 3528/3528/3528 3522/3522/3522 3532/3532/3532
f 3508/3508/3508 3532/3532/3532 3531/3531/3531
f 3531/3531/3531 3552/3552/3552 3508/3508/3508
f 3507/3507/3507 3530/3530/3530 3528/3528/3528
f 3501/3501/3501 3539/3539/3539 3531/3531/3531
f 3531/3531/3531 3500/3500/3500 3501/3501/3501
f 3534/3534/3534 3538/3538/3538 3543/3543/3543
f 3540/3540/3540 3538/3538/3538 3534/3534/3534
f 3543/3543/3543 3535/3535/3535 3534/3534/3534
f 3541/3541/3541 3535/3535/3535 3543/3543/3543
f 3539/3539/3539 3553/3553/3553 3552/3552/3552
f 3552/3552/3552 3531/3531/3531 3539/3539/3539
f 3554/3554/3554 3553/3553/3553 3539/3539/3539
f 3533/3533/3533 3554/3554/3554 3540/3540/3540
f 3539/3539/3539 3540/3540/3540 3554/3554/3554
f 3534/3534/3534 3533/3533/3533 3540/3540/3540
f 3566/3566/3566 3557/3557/3557 3565/3565/3565
f 3557/3557/3557 3559/3559/3559 3565/3565/3565
f 3563/3563/3563 3564/3564/3564 3559/3559/3559
f 3565/3565/3565 3559/3559/3559 3564/3564/3564
f 3557/3557/3557 3566/3566/3566 3556/3556/3556
f 3560/3560/3560 3557/3557/3557 3555/3555/3555
f 3561/3561/3561 3557/3557/3557 3560/3560/3560
f 3561/3561/3561 3562/3562/3562 3559/3559/3559
f 3562/3562/3562 3558/3558/3558 3559/3559/3559
f 3561/3561/3561 3559/3559/3559 3557/3557/3557
f 3567/3567/3567 3581/3581/3581 3588/3588/3588
f 3588/3588/3588 3587/3587/3587 3567/3567/3567
f 3614/3614/3614 3568/3568/3568 3617/3617/3617
f 3617/3617/3617 3618/3618/3618 3614/3614/3614
f 3590/3590/3590 3569/3569/3569 3579/3579/3579
f 3580/3580/3580 3590/3590/3590 3582/3582/3582
f 3569/3569/3569 3590/3590/3590 3580/3580/3580
f 3584/3584/3584 3580/3580/3580 3582/3582/3582
f 3567/3567/3567 3584/3584/3584 3581/3581/3581
f 3580/3580/3580 3584/3584/3584 3567/3567/3567
f 3582/3582/3582 3583/3583/3583 3586/3586/3586
f 3586/3586/3586 3584/3584/3584 3582/3582/3582
f 3584/3584/3584 3586/3586/3586 3585/3585/3585
f 3585/3585/3585 3581/3581/3581 3584/3584/3584
f 3579/3579/3579 3589/3589/3589 3591/3591/3591
f 3591/3591/3591 3590/3590/3590 3579/3579/3579
f 3590/3590/3590 3591/3591/3591 3583/3583/3583
f 3583/3583/3583 3582/3582/3582 3590/3590/3590
f 3615/3615/3615 3580/3580/3580 3567/3567/3567
f 3567/3567/3567 3568/3568/3568 3615/3615/3615
f 3580/3580/3580 3615/3615/3615 3570/3570/3570
f 3570/3570/3570 3569/3569/3569 3580/3580/3580
f 3616/3616/3616 3615/3615/3615 3568/3568/3568
f 3568/3568/3568 3614/3614/3614 3616/3616/3616
f 3611/3611/3611 3570/3570/3570 3615/3615/3615
f 3615/3615/3615 3616/3616/3616 3611/3611/3611
f 3599/3599/3599 3571/3571/3571 3592/3592/3592
f 3593/3593/3593 3599/3599/3599 3594/3594/3594
f 3571/3571/3571 3599/3599/3599 3593/3593/3593
f 3596/3596/3596 3593/3593/3593 3594/3594/3594
f 3569/3569/3569 3596/3596/3596 3579/3579/3579
f 3593/3593/3593 3596/3596/3596 3569/3569/3569
f 3594/3594/3594 3595/3595/3595 3597/3597/3597
f 3597/3597/3597 3596/3596/3596 3594/3594/3594
f 3596/3596/3596 3597/3597/3597 3589/3589/3589
f 3589/3589/3589 3579/3579/3579 3596/3596/3596
f 3592/3592/3592 3598/3598/3598 3600/3600/3600
f 3600/3600/3600 3599/3599/3599 3592/3592/3592
f 3599/3599/3599 3600/3600/3600 3595/3595/3595
f 3595/3595/3595 3594/3594/3594 3599/3599/3599
f 3612/3612/3612 3593/3593/3593 3569/3569/3569
f 3569/3569/3569 3570/3570/3570 3612/3612/3612
f 3593/3593/3593 3612/3612/3612 3572/3572/3572
f 3572/3572/3572 3571/3571/3571 3593/3593/3593
f 3613/3613/3613 3612/3612/3612 3570/3570/3570
f 3570/3570/3570 3611/3611/3611 3613/3613/3613
f 3608/3608/3608 3572/3572/3572 3612/3612/3612
f 3612/3612/3612 3613/3613/3613 3608/3608/3608
f 3601/3601/3601 3602/3602/3602 3592/3592/3592
f 3592/3592/3592 3571/3571/3571 3601/3601/3601
f 3610/3610/3610 3609/3609/3609 3572/3572/3572
f 3572/3572/3572 3608/3608/3608 3610/3610/3610
f 3585/3585/3585 3574/3574/3574 3588/3588/3588
f 3573/3573/3573 3588/3588/3588 3574/3574/3574
f 3588/3588/3588 3621/3621/3621 3587/3587/3587
f 3573/3573/3573 3621/3621/3621 3588/3588/3588
f 3585/3585/3585 3588/3588/3588 3581/3581/3581
f 3575/3575/3575 3574/3574/3574 3586/3586/3586
f 3576/3576/3576 3575/3575/3575 3591/3591/3591
f 3575/3575/3575 3586/3586/3586 3583/3583/3583
f 3575/3575/3575 3583/3583/3583 3591/3591/3591
f 3585/3585/3585 3586/3586/3586 3574/3574/3574
f 3587/3587/3587 3621/3621/3621 3620/3620/3620
f 3620/3620/3620 3617/3617/3617 3587/3587/3587
f 3617/3617/3617 3568/3568/3568 3567/3567/3567
f 3567/3567/3567 3587/3587/3587 3617/3617/3617
f 3619/3619/3619 3617/3617/3617 3620/3620/3620
f 3607/3607/3607 3618/3618/3618 3619/3619/3619
f 3617/3617/3617 3619/3619/3619 3618/3618/3618
f 3606/3606/3606 3618/3618/3618 3607/3607/3607
f 3605/3605/3605 3616/3616/3616 3606/3606/3606
f 3614/3614/3614 3606/3606/3606 3616/3616/3616
f 3605/3605/3605 3611/3611/3611 3616/3616/3616
f 3618/3618/3618 3606/3606/3606 3614/3614/3614
f 3589/3589/3589 3576/3576/3576 3591/3591/3591
f 3589/3589/3589 3597/3597/3597 3576/3576/3576
f 3577/3577/3577 3576/3576/3576 3597/3597/3597
f 3577/3577/3577 3597/3597/3597 3595/3595/3595
f 3577/3577/3577 3595/3595/3595 3600/3600/3600
f 3600/3600/3600 3578/3578/3578 3577/3577/3577
f 3602/3602/3602 3578/3578/3578 3598/3598/3598
f 3622/3622/3622 3578/3578/3578 3602/3602/3602
f 3598/3598/3598 3592/3592/3592 3602/3602/3602
f 3622/3622/3622 3602/3602/3602 3601/3601/3601
f 3601/3601/3601 3623/3623/3623 3622/3622/3622
f 3578/3578/3578 3600/3600/3600 3598/3598/3598
f 3572/3572/3572 3609/3609/3609 3601/3601/3601
f 3601/3601/3601 3571/3571/3571 3572/3572/3572
f 3604/3604/3604 3608/3608/3608 3613/3613/3613
f 3610/3610/3610 3608/3608/3608 3604/3604/3604
f 3613/3613/3613 3605/3605/3605 3604/3604/3604
f 3611/3611/3611 3605/3605/3605 3613/3613/3613
f 3609/3609/3609 3624/3624/3624 3623/3623/3623
f 3623/3623/3623 3601/3601/3601 3609/3609/3609
f 3625/3625/3625 3624/3624/3624 3609/3609/3609
f 3603/3603/3603 3625/3625/3625 3610/3610/3610
f 3609/3609/3609 3610/3610/3610 3625/3625/3625
f 3604/3604/3604 3603/3603/3603 3610/3610/3610
f 3637/3637/3637 3627/3627/3627 3628/3628/3628
f 3636/3636/3636 3637/3637/3637 3628/3628/3628
f 3636/3636/3636 3629/3629/3629 3635/3635/3635
f 3635/3635/3635 3629/3629/3629 3634/3634/3634
f 3628/3628/3628 3629/3629/3629 3636/3636/3636
f 3631/3631/3631 3632/3632/3632 3628/3628/3628
f 3628/3628/3628 3632/3632/3632 3629/3629/3629
f 3626/3626/3626 3629/3629/3629 3633/3633/3633
f 3632/3632/3632 3633/3633/3633 3629/3629/3629
f 3630/3630/3630 3631/3631/3631 3628/3628/3628
f 3638/3638/3638 3653/3653/3653 3660/3660/3660
f 3660/3660/3660 3659/3659/3659 3638/3638/3638
f 3686/3686/3686 3639/3639/3639 3689/3689/3689
f 3689/3689/3689 3690/3690/3690 3686/3686/3686
f 3662/3662/3662 3640/3640/3640 3651/3651/3651
f 3652/3652/3652 3662/3662/3662 3654/3654/3654
f 3640/3640/3640 3662/3662/3662 3652/3652/3652
f 3656/3656/3656 3652/3652/3652 3654/3654/3654
f 3638/3638/3638 3656/3656/3656 3653/3653/3653
f 3652/3652/3652 3656/3656/3656 3638/3638/3638
f 3654/3654/3654 3655/3655/3655 3658/3658/3658
f 3658/3658/3658 3656/3656/3656 3654/3654/3654
f 3656/3656/3656 3658/3658/3658 3657/3657/3657
f 3657/3657/3657 3653/3653/3653 3656/3656/3656
f 3651/3651/3651 3661/3661/3661 3663/3663/3663
f 3663/3663/3663 3662/3662/3662 3651/3651/3651
f 3662/3662/3662 3663/3663/3663 3655/3655/3655
f 3655/3655/3655 3654/3654/3654 3662/3662/3662
f 3687/3687/3687 3652/3652/3652 3638/3638/3638
f 3638/3638/3638 3639/3639/3639 3687/3687/3687
f 3652/3652/3652 3687/3687/3687 3641/3641/3641
f 3641/3641/3641 3640/3640/3640 3652/3652/3652
f 3688/3688/3688 3687/3687/3687 3639/3639/3639
f 3639/3639/3639 3686/3686/3686 3688/3688/3688
f 3683/3683/3683 3641/3641/3641 3687/3687/3687
f 3687/3687/3687 3688/3688/3688 3683/3683/3683
f 3671/3671/3671 3642/3642/3642 3664/3664/3664
f 3665/3665/3665 3671/3671/3671 3666/3666/3666
f 3642/3642/3642 3671/3671/3671 3665/3665/3665
f 3668/3668/3668 3665/3665/3665 3666/3666/3666
f 3640/3640/3640 3668/3668/3668 3651/3651/3651
f 3665/3665/3665 3668/3668/3668 3640/3640/3640
f 3666/3666/3666 3667/3667/3667 3669/3669/3669
f 3669/3669/3669 3668/3668/3668 3666/3666/3666
f 3668/3668/3668 3669/3669/3669 3661/3661/3661
f 3661/3661/3661 3651/3651/3651 3668/3668/3668
f 3664/3664/3664 3670/3670/3670 3672/3672/3672
f 3672/3672/3672 3671/3671/3671 3664/3664/3664
f 3671/3671/3671 3672/3672/3672 3667/3667/3667
f 3667/3667/3667 3666/3666/3666 3671/3671/3671
f 3684/3684/3684 3665/3665/3665 3640/3640/3640
f 3640/3640/3640 3641/3641/3641 3684/3684/3684
f 3665/3665/3665 3684/3684/3684 3643/3643/3643
f 3643/3643/3643 3642/3642/3642 3665/3665/3665
f 3685/3685/3685 3684/3684/3684 3641/3641/3641
f 3641/3641/3641 3683/3683/3683 3685/3685/3685
f 3680/3680/3680 3643/3643/3643 3684/3684/3684
f 3684/3684/3684 3685/3685/3685 3680/3680/3680
f 3673/3673/3673 3674/3674/3674 3664/3664/3664
f 3664/3664/3664 3642/3642/3642 3673/3673/3673
f 3682/3682/3682 3681/3681/3681 3643/3643/3643
f 3643/3643/3643 3680/3680/3680 3682/3682/3682
f 3657/3657/3657 3645/3645/3645 3660/3660/3660
f 3644/3644/3644 3660/3660/3660 3645/3645/3645
f 3660/3660/3660 3693/3693/3693 3659/3659/3659
f 3644/3644/3644 3693/3693/3693 3660/3660/3660
f 3657/3657/3657 3660/3660/3660 3653/3653/3653
f 3646/3646/3646 3645/3645/3645 3658/3658/3658
f 3647/3647/3647 3646/3646/3646 3663/3663/3663
f 3646/3646/3646 3658/3658/3658 3655/3655/3655
f 3646/3646/3646 3655/3655/3655 3663/3663/3663
f 3657/3657/3657 3658/3658/3658 3645/3645/3645
f 3659/3659/3659 3693/3693/3693 3692/3692/3692
f 3692/3692/3692 3689/3689/3689 3659/3659/3659
f 3689/3689/3689 3639/3639/3639 3638/3638/3638
f 3638/3638/3638 3659/3659/3659 3689/3689/3689
f 3691/3691/3691 3689/3689/3689 3692/3692/3692
f 3679/3679/3679 3690/3690/3690 3691/3691/3691
f 3689/3689/3689 3691/3691/3691 3690/3690/3690
f 3678/3678/3678 3690/3690/3690 3679/3679/3679
f 3677/3677/3677 3688/3688/3688 3678/3678/3678
f 3686/3686/3686 3678/3678/3678 3688/3688/3688
f 3677/3677/3677 3683/3683/3683 3688/3688/3688
f 3690/3690/3690 3678/3678/3678 3686/3686/3686
f 3661/3661/3661 3647/3647/3647 3663/3663/3663
f 3661/3661/3661 3669/3669/3669 3647/3647/3647
f 3648/3648/3648 3647/3647/3647 3669/3669/3669
f 3648/3648/3648 3669/3669/3669 3667/3667/3667
f 3648/3648/3648 3667/3667/3667 3672/3672/3672
f 3672/3672/3672 3649/3649/3649 3648/3648/3648
f 3674/3674/3674 3649/3649/3649 3670/3670/3670
f 3650/3650/3650 3649/3649/3649 3674/3674/3674
f 3670/3670/3670 3664/3664/3664 3674/3674/3674
f 3650/3650/3650 3674/3674/3674 3673/3673/3673
f 3673/3673/3673 3694/3694/3694 3650/3650/3650
f 3649/3649/3649 3672/3672/3672 3670/3670/3670
f 3643/3643/3643 3681/3681/3681 3673/3673/3673
f 3673/3673/3673 3642/3642/3642 3643/3643/3643
f 3676/3676/3676 3680/3680/3680 3685/3685/3685
f 3682/3682/3682 3680/3680/3680 3676/3676/3676
f 3685/3685/3685 3677/3677/3677 3676/3676/3676
f 3683/3683/3683 3677/3677/3677 3685/3685/3685
f 3681/3681/3681 3695/3695/3695 3694/3694/3694
f 3694/3694/3694 3673/3673/3673 3681/3681/3681
f 3696/3696/3696 3695/3695/3695 3681/3681/3681
f 3675/3675/3675 3696/3696/3696 3682/3682/3682
f 3681/3681/3681 3682/3682/3682 3696/3696/3696
f 3676/3676/3676 3675/3675/3675 3682/3682/3682
f 3708/3708/3708 3699/3699/3699 3707/3707/3707
f 3699/3699/3699 3701/3701/3701 3707/3707/3707
f 3697/3697/3697 3706/3706/3706 3701/3701/3701
f 3707/3707/3707 3701/3701/3701 3706/3706/3706
f 3699/3699/3699 3708/3708/3708 3698/3698/3698
f 3703/3703/3703 3699/3699/3699 3702/3702/3702
f 3704/3704/3704 3699/3699/3699 3703/3703/3703
f 3704/3704/3704 3705/3705/3705 3701/3701/3701
f 3705/3705/3705 3700/3700/3700 3701/3701/3701
f 3704/3704/3704 3701/3701/3701 3699/3699/3699
f 3709/3709/3709 3724/3724/3724 3731/3731/3731
f 3731/3731/3731 3730/3730/3730 3709/3709/3709
f 3757/3757/3757 3710/3710/3710 3760/3760/3760
f 3760/3760/3760 3761/3761/3761 3757/3757/3757
f 3733/3733/3733 3711/3711/3711 3722/3722/3722
f 3723/3723/3723 3733/3733/3733 3725/3725/3725
f 3711/3711/3711 3733/3733/3733 3723/3723/3723
f 3727/3727/3727 3723/3723/3723 3725/3725/3725
f 3709/3709/3709 3727/3727/3727 3724/3724/3724
f 3723/3723/3723 3727/3727/3727 3709/3709/3709
f 3725/3725/3725 3726/3726/3726 3729/3729/3729
f 3729/3729/3729 3727/3727/3727 3725/3725/3725
f 3727/3727/3727 3729/3729/3729 3728/3728/3728
f 3728/3728/3728 3724/3724/3724 3727/3727/3727
f 3722/3722/3722 3732/3732/3732 3734/3734/3734
f 3734/3734/3734 3733/3733/3733 3722/3722/3722
f 3733/3733/3733 3734/3734/3734 3726/3726/3726
f 3726/3726/3726 3725/3725/3725 3733/3733/3733
f 3758/3758/3758 3723/3723/3723 3709/3709/3709
f 3709/3709/3709 3710/3710/3710 3758/3758/3758
f 3723/3723/3723 3758/3758/3758 3712/3712/3712
f 3712/3712/3712 3711/3711/3711 3723/3723/3723
f 3759/3759/3759 3758/3758/3758 3710/3710/3710
f 3710/3710/3710 3757/3757/3757 3759/3759/3759
f 3754/3754/3754 3712/3712/3712 3758/3758/3758
f 3758/3758/3758 3759/3759/3759 3754/3754/3754
f 3742/3742/3742 3713/3713/3713 3735/3735/3735
f 3736/3736/3736 3742/3742/3742 3737/3737/3737
f 3713/3713/3713 3742/3742/3742 3736/3736/3736
f 3739/3739/3739 3736/3736/3736 3737/3737/3737
f 3711/3711/3711 3739/3739/3739 3722/3722/3722
f 3736/3736/3736 3739/3739/3739 3711/3711/3711
f 3737/3737/3737 3738/3738/3738 3740/3740/3740
f 3740/3740/3740 3739/3739/3739 3737/3737/3737
f 3739/3739/3739 3740/3740/3740 3732/3732/3732
f 3732/3732/3732 3722/3722/3722 3739/3739/3739
f 3735/3735/3735 3741/3741/3741 3743/3743/3743
f 3743/3743/3743 3742/3742/3742 3735/3735/3735
f 3742/3742/3742 3743/3743/3743 3738/3738/3738
f 3738/3738/3738 3737/3737/3737 3742/3742/3742
f 3755/3755/3755 3736/3736/3736 3711/3711/3711
f 3711/3711/3711 3712/3712/3712 3755/3755/3755
f 3736/3736/3736 3755/3755/3755 3714/3714/3714
f 3714/3714/3714 3713/3713/3713 3736/3736/3736
f 3756/3756/3756 3755/3755/3755 3712/3712/3712
f 3712/3712/3712 3754/3754/3754 3756/3756/3756
f 3751/3751/3751 3714/3714/3714 3755/3755/3755
f 3755/3755/3755 3756/3756/3756 3751/3751/3751
f 3744/3744/3744 3745/3745/3745 3735/3735/3735
f 3735/3735/3735 3713/3713/3713 3744/3744/3744
f 3753/3753/3753 3752/3752/3752 3714/3714/3714
f 3714/3714/3714 3751/3751/3751 3753/3753/3753
f 3728/3728/3728 3716/3716/3716 3731/3731/3731
f 3715/3715/3715 3731/3731/3731 3716/3716/3716
f 3731/3731/3731 3764/3764/3764 3730/3730/3730
f 3715/3715/3715 3764/3764/3764 3731/3731/3731
f 3728/3728/3728 3731/3731/3731 3724/3724/3724
f 3717/3717/3717 3716/3716/3716 3729/3729/3729
f 3718/3718/3718 3717/3717/3717 3734/3734/3734
f 3717/3717/3717 3729/3729/3729 3726/3726/3726
f 3717/3717/3717 3726/3726/3726 3734/3734/3734
f 3728/3728/3728 3729/3729/3729 3716/3716/3716
f 3730/3730/3730 3764/3764/3764 3763/3763/3763
f 3763/3763/3763 3760/3760/3760 3730/3730/3730
f 3760/3760/3760 3710/3710/3710 3709/3709/3709
f 3709/3709/3709 3730/3730/3730 3760/3760/3760
f 3762/3762/3762 3760/3760/3760 3763/3763/3763
f 3750/3750/3750 3761/3761/3761 3762/3762/3762
f 3760/3760/3760 3762/3762/3762 3761/3761/3761
f 3749/3749/3749 3761/3761/3761 3750/3750/3750
f 3748/3748/3748 3759/3759/3759 3749/3749/3749
f 3757/3757/3757 3749/3749/3749 3759/3759/3759
f 3748/3748/3748 3754/3754/3754 3759/3759/3759
f 3761/3761/3761 3749/3749/3749 3757/3757/3757
f 3732/3732/3732 3718/3718/3718 3734/3734/3734
f 3732/3732/3732 3740/3740/3740 3718/3718/3718
f 3719/3719/3719 3718/3718/3718 3740/3740/3740
f 3719/3719/3719 3740/3740/3740 3738/3738/3738
f 3719/3719/3719 3738/3738/3738 3743/3743/3743
f 3743/3743/3743 3720/3720/3720 3719/3719/3719
f 3745/3745/3745 3720/3720/3720 3741/3741/3741
f 3721/3721/3721 3720/3720/3720 3745/3745/3745
f 3741/3741/3741 3735/3735/3735 3745/3745/3745
f 3721/3721/3721 3745/3745/3745 3744/3744/3744
f 3744/3744/3744 3765/3765/3765 3721/3721/3721
f 3720/3720/3720 3743/3743/3743 3741/3741/3741
f 3714/3714/3714 3752/3752/3752 3744/3744/3744
f 3744/3744/3744 3713/3713/3713 3714/3714/3714
f 3747/3747/3747 3751/3751/3751 3756/3756/3756
f 3753/3753/3753 3751/3751/3751 3747/3747/3747
f 3756/3756/3756 3748/3748/3748 3747/3747/3747
f 3754/3754/3754 3748/3748/3748 3756/3756/3756
f 3752/3752/3752 3766/3766/3766 3765/3765/3765
f 3765/3765/3765 3744/3744/3744 3752/3752/3752
f 3767/3767/3767 3766/3766/3766 3752/3752/3752
f 3746/3746/3746 3767/3767/3767 3753/3753/3753
f 3752/3752/3752 3753/3753/3753 3767/3767/3767
f 3747/3747/3747 3746/3746/3746 3753/3753/3753
f 3779/3779/3779 3770/3770/3770 3778/3778/3778
f 3770/3770/3770 3771/3771/3771 3778/3778/3778
f 3776/3776/3776 3777/3777/3777 3771/3771/3771
f 3778/3778/3778 3771/3771/3771 3777/3777/3777
f 3770/3770/3770 3779/3779/3779 3769/3769/3769
f 3773/3773/3773 3770/3770/3770 3772/3772/3772
f 3774/3774/3774 3770/3770/3770 3773/3773/3773
f 3774/3774/3774 3775/3775/3775 3771/3771/3771
f 3775/3775/3775 3768/3768/3768 3771/3771/3771
f 3774/3774/3774 3771/3771/3771 3770/3770/3770
f 3780/3780/3780 3795/3795/3795 3802/3802/3802
f 3802/3802/3802 3801/3801/3801 3780/3780/3780
f 3828/3828/3828 3781/3781/3781 3831/3831/3831
f 3831/3831/3831 3832/3832/3832 3828/3828/3828
f 3804/3804/3804 3782/3782/3782 3793/3793/3793
f 3794/3794/3794 3804/3804/3804 3796/3796/3796
f 3782/3782/3782 3804/3804/3804 3794/3794/3794
f 3798/3798/3798 3794/3794/3794 3796/3796/3796
f 3780/3780/3780 3798/3798/3798 3795/3795/3795
f 3794/3794/3794 3798/3798/3798 3780/3780/3780
f 3796/3796/3796 3797/3797/3797 3800/3800/3800
f 3800/3800/3800 3798/3798/3798 3796/3796/3796
f 3798/3798/3798 3800/3800/3800 3799/3799/3799
f 3799/3799/3799 3795/3795/3795 3798/3798/3798
f 3793/3793/3793 3803/3803/3803 3805/3805/3805
f 3805/3805/3805 3804/3804/3804 3793/3793/3793
f 3804/3804/3804 3805/3805/3805 3797/3797/3797
f 3797/3797/3797 3796/3796/3796 3804/3804/3804
f 3829/3829/3829 3794/3794/3794 3780/3780/3780
f 3780/3780/3780 3781/3781/3781 3829/3829/3829
f 3794/3794/3794 3829/3829/3829 3783/3783/3783
f 3783/3783/3783 3782/3782/3782 3794/3794/3794
f 3830/3830/3830 3829/3829/3829 3781/3781/3781
f 3781/3781/3781 3828/3828/3828 3830/3830/3830
f 3825/3825/3825 3783/3783/3783 3829/3829/3829
f 3829/3829/3829 3830/3830/3830 3825/3825/3825
f 3813/3813/3813 3784/3784/3784 3806/3806/3806
f 3807/3807/3807 3813/3813/3813 3808/3808/3808
f 3784/3784/3784 3813/3813/3813 3807/3807/3807
f 3810/3810/3810 3807/3807/3807 3808/3808/3808
f 3782/3782/3782 3810/3810/3810 3793/3793/3793
f 3807/3807/3807 3810/3810/3810 3782/3782/3782
f 3808/3808/3808 3809/3809/3809 3811/3811/3811
f 3811/3811/3811 3810/3810/3810 3808/3808/3808
f 3810/3810/3810 3811/3811/3811 3803/3803/3803
f 3803/3803/3803 3793/3793/3793 3810/3810/3810
f 3806/3806/3806 3812/3812/3812 3814/3814/3814
f 3814/3814/3814 3813/3813/3813 3806/3806/3806
f 3813/3813/3813 3814/3814/3814 3809/3809/3809
f 3809/3809/3809 3808/3808/3808 3813/3813/3813
f 3826/3826/3826 3807/3807/3807 3782/3782/3782
f 3782/3782/3782 3783/3783/3783 3826/3826/3826
f 3807/3807/3807 3826/3826/3826 3785/3785/3785
f 3785/3785/3785 3784/3784/3784 3807/3807/3807
f 3827/3827/3827 3826/3826/3826 3783/3783/3783
f 3783/3783/3783 3825/3825/3825 3827/3827/3827
f 3822/3822/3822 3785/3785/3785 3826/3826/3826
f 3826/3826/3826 3827/3827/3827 3822/3822/3822
f 3815/3815/3815 3816/3816/3816 3806/3806/3806
f 3806/3806/3806 3784/3784/3784 3815/3815/3815
f 3824/3824/3824 3823/3823/3823 3785/3785/3785
f 3785/3785/3785 3822/3822/3822 3824/3824/3824
f 3799/3799/3799 3787/3787/3787 3802/3802/3802
f 3786/3786/3786 3802/3802/3802 3787/3787/3787
f 3802/3802/3802 3835/3835/3835 3801/3801/3801
f 3786/3786/3786 3835/3835/3835 3802/3802/3802
f 3799/3799/3799 3802/3802/3802 3795/3795/3795
f 3788/3788/3788 3787/3787/3787 3800/3800/3800
f 3789/3789/3789 3788/3788/3788 3805/3805/3805
f 3788/3788/3788 3800/3800/3800 3797/3797/3797
f 3788/3788/3788 3797/3797/3797 3805/3805/3805
f 3799/3799/3799 3800/3800/3800 3787/3787/3787
f 3801/3801/3801 3835/3835/3835 3834/3834/3834
f 3834/3834/3834 3831/3831/3831 3801/3801/3801
f 3831/3831/3831 3781/3781/3781 3780/3780/3780
f 3780/3780/3780 3801/3801/3801 3831/3831/3831
f 3833/3833/3833 3831/3831/3831 3834/3834/3834
f 3821/3821/3821 3832/3832/3832 3833/3833/3833
f 3831/3831/3831 3833/3833/3833 3832/3832/3832
f 3820/3820/3820 3832/3832/3832 3821/3821/3821
f 3819/3819/3819 3830/3830/3830 3820/3820/3820
f 3828/3828/3828 3820/3820/3820 3830/3830/3830
f 3819/3819/3819 3825/3825/3825 3830/3830/3830
f 3832/3832/3832 3820/3820/3820 3828/3828/3828
f 3803/3803/3803 3789/3789/3789 3805/3805/3805
f 3803/3803/3803 3811/3811/3811 3789/3789/3789
f 3790/3790/3790 3789/3789/3789 3811/3811/3811
f 3790/3790/3790 3811/3811/3811 3809/3809/3809
f 3790/3790/3790 3809/3809/3809 3814/3814/3814
f 3814/3814/3814 3791/3791/3791 3790/3790/3790
f 3816/3816/3816 3791/3791/3791 3812/3812/3812
f 3792/3792/3792 3791/3791/3791 3816/3816/3816
f 3812/3812/3812 3806/3806/3806 3816/3816/3816
f 3792/3792/3792 3816/3816/3816 3815/3815/3815
f 3815/3815/3815 3836/3836/3836 3792/3792/3792
f 3791/3791/3791 3814/3814/3814 3812/3812/3812
f 3785/3785/3785 3823/3823/3823 3815/3815/3815
f 3815/3815/3815 3784/3784/3784 3785/3785/3785
f 3818/3818/3818 3822/3822/3822 3827/3827/3827
f 3824/3824/3824 3822/3822/3822 3818/3818/3818
f 3827/3827/3827 3819/3819/3819 3818/3818/3818
f 3825/3825/3825 3819/3819/3819 3827/3827/3827
f 3823/3823/3823 3837/3837/3837 3836/3836/3836
f 3836/3836/3836 3815/3815/3815 3823/3823/3823
f 3838/3838/3838 3837/3837/3837 3823/3823/3823
f 3817/3817/3817 3838/3838/3838 3824/3824/3824
f 3823/3823/3823 3824/3824/3824 3838/3838/3838
f 3818/3818/3818 3817/3817/3817 3824/3824/3824
f 3850/3850/3850 3840/3840/3840 3841/3841/3841
f 3849/3849/3849 3850/3850/3850 3841/3841/3841
f 3849/3849/3849 3843/3843/3843 3848/3848/3848
f 3848/3848/3848 3843/3843/3843 3847/3847/3847
f 3841/3841/3841 3843/3843/3843 3849/3849/3849
f 3844/3844/3844 3845/3845/3845 3841/3841/3841
f 3841/3841/3841 3845/3845/3845 3843/3843/3843
f 3842/3842/3842 3843/3843/3843 3846/3846/3846
f 3845/3845/3845 3846/3846/3846 3843/3843/3843
f 3839/3839/3839 3844/3844/3844 3841/3841/3841
f 3851/3851/3851 3866/3866/3866 3873/3873/3873
f 3873/3873/3873 3872/3872/3872 3851/3851/3851
f 3899/3899/3899 3852/3852/3852 3902/3902/3902
f 3902/3902/3902 3903/3903/3903 3899/3899/3899
f 3875/3875/3875 3853/3853/3853 3864/3864/3864
f 3865/3865/3865 3875/3875/3875 3867/3867/3867
f 3853/3853/3853 3875/3875/3875 3865/3865/3865
f 3869/3869/3869 3865/3865/3865 3867/3867/3867
f 3851/3851/3851 3869/3869/3869 3866/3866/3866
f 3865/3865/3865 3869/3869/3869 3851/3851/3851
f 3867/3867/3867 3868/3868/3868 3871/3871/3871
f 3871/3871/3871 3869/3869/3869 3867/3867/3867
f 3869/3869/3869 3871/3871/3871 3870/3870/3870
f 3870/3870/3870 3866/3866/3866 3869/3869/3869
f 3864/3864/3864 3874/3874/3874 3876/3876/3876
f 3876/3876/3876 3875/3875/3875 3864/3864/3864
f 3875/3875/3875 3876/3876/3876 3868/3868/3868
f 3868/3868/3868 3867/3867/3867 3875/3875/3875
f 3900/3900/3900 3865/3865/3865 3851/3851/3851
f 3851/3851/3851 3852/3852/3852 3900/3900/3900
f 3865/3865/3865 3900/3900/3900 3854/3854/3854
f 3854/3854/3854 3853/3853/3853 3865/3865/3865
f 3901/3901/3901 3900/3900/3900 3852/3852/3852
f 3852/3852/3852 3899/3899/3899 3901/3901/3901
f 3896/3896/3896 3854/3854/3854 3900/3900/3900
f 3900/3900/3900 3901/3901/3901 3896/3896/3896
f 3884/3884/3884 3855/3855/3855 3877/3877/3877
f 3878/3878/3878 3884/3884/3884 3879/3879/3879
f 3855/3855/3855 3884/3884/3884 3878/3878/3878
f 3881/3881/3881 3878/3878/3878 3879/3879/3879
f 3853/3853/3853 3881/3881/3881 3864/3864/3864
f 3878/3878/3878 3881/3881/3881 3853/3853/3853
f 3879/3879/3879 3880/3880/3880 3882/3882/3882
f 3882/3882/3882 3881/3881/3881 3879/3879/3879
f 3881/3881/3881 3882/3882/3882 3874/3874/3874
f 3874/3874/3874 3864/3864/3864 3881/3881/3881
f 3877/3877/3877 3883/3883/3883 3885/3885/3885
f 3885/3885/3885 3884/3884/3884 3877/3877/3877
f 3884/3884/3884 3885/3885/3885 3880/3880/3880
f 3880/3880/3880 3879/3879/3879 3884/3884/3884
f 3897/3897/3897 3878/3878/3878 3853/3853/3853
f 3853/3853/3853 3854/3854/3854 3897/3897/3897
f 3878/3878/3878 3897/3897/3897 3856/3856/3856
f 3856/3856/3856 3855/3855/3855 3878/3878/3878
f 3898/3898/3898 3897/3897/3897 3854/3854/3854
f 3854/3854/3854 3896/3896/3896 3898/3898/3898
f 3893/3893/3893 3856/3856/3856 3897/3897/3897
f 3897/3897/3897 3898/3898/3898 3893/3893/3893
f 3886/3886/3886 3887/3887/3887 3877/3877/3877
f 3877/3877/3877 3855/3855/3855 3886/3886/3886
f 3895/3895/3895 3894/3894/3894 3856/3856/3856
f 3856/3856/3856 3893/3893/3893 3895/3895/3895
f 3870/3870/3870 3858/3858/3858 3873/3873/3873
f 3857/3857/3857 3873/3873/3873 3858/3858/3858
f 3873/3873/3873 3906/3906/3906 3872/3872/3872
f 3857/3857/3857 3906/3906/3906 3873/3873/3873
f 3870/3870/3870 3873/3873/3873 3866/3866/3866
f 3859/3859/3859 3858/3858/3858 3871/3871/3871
f 3860/3860/3860 3859/3859/3859 3876/3876/3876
f 3859/3859/3859 3871/3871/3871 3868/3868/3868
f 3859/3859/3859 3868/3868/3868 3876/3876/3876
f 3870/3870/3870 3871/3871/3871 3858/3858/3858
f 3872/3872/3872 3906/3906/3906 3905/3905/3905
f 3905/3905/3905 3902/3902/3902 3872/3872/3872
f 3902/3902/3902 3852/3852/3852 3851/3851/3851
f 3851/3851/3851 3872/3872/3872 3902/3902/3902
f 3904/3904/3904 3902/3902/3902 3905/3905/3905
f 3892/3892/3892 3903/3903/3903 3904/3904/3904
f 3902/3902/3902 3904/3904/3904 3903/3903/3903
f 3891/3891/3891 3903/3903/3903 3892/3892/3892
f 3890/3890/3890 3901/3901/3901 3891/3891/3891
f 3899/3899/3899 3891/3891/3891 3901/3901/3901
f 3890/3890/3890 3896/3896/3896 3901/3901/3901
f 3903/3903/3903 3891/3891/3891 3899/3899/3899
f 3874/3874/3874 3860/3860/3860 3876/3876/3876
f 3874/3874/3874 3882/3882/3882 3860/3860/3860
f 3861/3861/3861 3860/3860/3860 3882/3882/3882
f 3861/3861/3861 3882/3882/3882 3880/3880/3880
f 3861/3861/3861 3880/3880/3880 3885/3885/3885
f 3885/3885/3885 3862/3862/3862 3861/3861/3861
f 3887/3887/3887 3862/3862/3862 3883/3883/3883
f 3863/3863/3863 3862/3862/3862 3887/3887/3887
f 3883/3883/3883 3877/3877/3877 3887/3887/3887
f 3863/3863/3863 3887/3887/3887 3886/3886/3886
f 3886/3886/3886 3907/3907/3907 3863/3863/3863
f 3862/3862/3862 3885/3885/3885 3883/3883/3883
f 3856/3856/3856 3894/3894/3894 3886/3886/3886
f 3886/3886/3886 3855/3855/3855 3856/3856/3856
f 3889/3889/3889 3893/3893/3893 3898/3898/3898
f 3895/3895/3895 3893/3893/3893 3889/3889/3889
f 3898/3898/3898 3890/3890/3890 3889/3889/3889
f 3896/3896/3896 3890/3890/3890 3898/3898/3898
f 3894/3894/3894 3908/3908/3908 3907/3907/3907
f 3907/3907/3907 3886/3886/3886 3894/3894/3894
f 3909/3909/3909 3908/3908/3908 3894/3894/3894
f 3888/3888/3888 3909/3909/3909 3895/3895/3895
f 3894/3894/3894 3895/3895/3895 3909/3909/3909
f 3889/3889/3889 3888/3888/3888 3895/3895/3895
f 3921/3921/3921 3911/3911/3911 3912/3912/3912
f 3920/3920/3920 3921/3921/3921 3912/3912/3912
f 3920/3920/3920 3914/3914/3914 3919/3919/3919
f 3919/3919/3919 3914/3914/3914 3918/3918/3918
f 3912/3912/3912 3914/3914/3914 3920/3920/3920
f 3915/3915/3915 3916/3916/3916 3912/3912/3912
f 3912/3912/3912 3916/3916/3916 3914/3914/3914
f 3913/3913/3913 3914/3914/3914 3917/3917/3917
f 3916/3916/3916 3917/3917/3917 3914/3914/3914
f 3910/3910/3910 3915/3915/3915 3912/3912/3912
f 3922/3922/3922 3937/3937/3937 3944/3944/3944
f 3944/3944/3944 3943/3943/3943 3922/3922/3922
f 3970/3970/3970 3923/3923/3923 3973/3973/3973
f 3973/3973/3973 3974/3974/3974 3970/3970/3970
f 3946/3946/3946 3924/3924/3924 3935/3935/3935
f 3936/3936/3936 3946/3946/3946 3938/3938/3938
f 3924/3924/3924 3946/3946/3946 3936/3936/3936
f 3940/3940/3940 3936/3936/3936 3938/3938/3938
f 3922/3922/3922 3940/3940/3940 3937/3937/3937
f 3936/3936/3936 3940/3940/3940 3922/3922/3922
f 3938/3938/3938 3939/3939/3939 3942/3942/3942
f 3942/3942/3942 3940/3940/3940 3938/3938/3938
f 3940/3940/3940 3942/3942/3942 3941/3941/3941
f 3941/3941/3941 3937/3937/3937 3940/3940/3940
f 3935/3935/3935 3945/3945/3945 3947/3947/3947
f 3947/3947/3947 3946/3946/3946 3935/3935/3935
f 3946/3946/3946 3947/3947/3947 3939/3939/3939
f 3939/3939/3939 3938/3938/3938 3946/3946/3946
f 3971/3971/3971 3936/3936/3936 3922/3922/3922
f 3922/3922/3922 3923/3923/3923 3971/3971/3971
f 3936/3936/3936 3971/3971/3971 3925/3925/3925
f 3925/3925/3925 3924/3924/3924 3936/3936/3936
f 3972/3972/3972 3971/3971/3971 3923/3923/3923
f 3923/3923/3923 3970/3970/3970 3972/3972/3972
f 3967/3967/3967 3925/3925/3925 3971/3971/3971
f 3971/3971/3971 3972/3972/3972 3967/3967/3967
f 3955/3955/3955 3926/3926/3926 3948/3948/3948
f 3949/3949/3949 3955/3955/3955 3950/3950/3950
f 3926/3926/3926 3955/3955/3955 3949/3949/3949
f 3952/3952/3952 3949/3949/3949 3950/3950/3950
f 3924/3924/3924 3952/3952/3952 3935/3935/3935
f 3949/3949/3949 3952/3952/3952 3924/3924/3924
f 3950/3950/3950 3951/3951/3951 3953/3953/3953
f 3953/3953/3953 3952/3952/3952 3950/3950/3950
f 3952/3952/3952 3953/3953/3953 3945/3945/3945
f 3945/3945/3945 3935/3935/3935 3952/3952/3952
f 3948/3948/3948 3954/3954/3954 3956/3956/3956
f 3956/3956/3956 3955/3955/3955 3948/3948/3948
f 3955/3955/3955 3956/3956/3956 3951/3951/3951
f 3951/3951/3951 3950/3950/3950 3955/3955/3955
f 3968/3968/3968 3949/3949/3949 3924/3924/3924
f 3924/3924/3924 3925/3925/3925 3968/3968/3968
f 3949/3949/3949 3968/3968/3968 3927/3927/3927
f 3927/3927/3927 3926/3926/3926 3949/3949/3949
f 3969/3969/3969 3968/3968/3968 3925/3925/3925
f 3925/3925/3925 3967/3967/3967 3969/3969/3969
f 3964/3964/3964 3927/3927/3927 3968/3968/3968
f 3968/3968/3968 3969/3969/3969 3964/3964/3964
f 3957/3957/3957 3958/3958/3958 3948/3948/3948
f 3948/3948/3948 3926/3926/3926 3957/3957/3957
f 3966/3966/3966 3965/3965/3965 3927/3927/3927
f 3927/3927/3927 3964/3964/3964 3966/3966/3966
f 3941/3941/3941 3929/3929/3929 3944/3944/3944
f 3928/3928/3928 3944/3944/3944 3929/3929/3929
f 3944/3944/3944 3977/3977/3977 3943/3943/3943
f 3928/3928/3928 3977/3977/3977 3944/3944/3944
f 3941/3941/3941 3944/3944/3944 3937/3937/3937
f 3930/3930/3930 3929/3929/3929 3942/3942/3942
f 3931/3931/3931 3930/3930/3930 3947/3947/3947
f 3930/3930/3930 3942/3942/3942 3939/3939/3939
f 3930/3930/3930 3939/3939/3939 3947/3947/3947
f 3941/3941/3941 3942/3942/3942 3929/3929/3929
f 3943/3943/3943 3977/3977/3977 3976/3976/3976
f 3976/3976/3976 3973/3973/3973 3943/3943/3943
f 3973/3973/3973 3923/3923/3923 3922/3922/3922
f 3922/3922/3922 3943/3943/3943 3973/3973/3973
f 3975/3975/3975 3973/3973/3973 3976/3976/3976
f 3963/3963/3963 3974/3974/3974 3975/3975/3975
f 3973/3973/3973 3975/3975/3975 3974/3974/3974
f 3962/3962/3962 3974/3974/3974 3963/3963/3963
f 3961/3961/3961 3972/3972/3972 3962/3962/3962
f 3970/3970/3970 3962/3962/3962 3972/3972/3972
f 3961/3961/3961 3967/3967/3967 3972/3972/3972
f 3974/3974/3974 3962/3962/3962 3970/3970/3970
f 3945/3945/3945 3931/3931/3931 3947/3947/3947
f 3945/3945/3945 3953/3953/3953 3931/3931/3931
f 3932/3932/3932 3931/3931/3931 3953/3953/3953
f 3932/3932/3932 3953/3953/3953 3951/3951/3951
f 3932/3932/3932 3951/3951/3951 3956/3956/3956
f 3956/3956/3956 3933/3933/3933 3932/3932/3932
f 3958/3958/3958 3933/3933/3933 3954/3954/3954
f 3934/3934/3934 3933/3933/3933 3958/3958/3958
f 3954/3954/3954 3948/3948/3948 3958/3958/3958
f 3934/3934/3934 3958/3958/3958 3957/3957/3957
f 3957/3957/3957 3978/3978/3978 3934/3934/3934
f 3933/3933/3933 3956/3956/3956 3954/3954/3954
f 3927/3927/3927 3965/3965/3965 3957/3957/3957
f 3957/3957/3957 3926/3926/3926 3927/3927/3927
f 3960/3960/3960 3964/3964/3964 3969/3969/3969
f 3966/3966/3966 3964/3964/3964 3960/3960/3960
f 3969/3969/3969 3961/3961/3961 3960/3960/3960
f 3967/3967/3967 3961/3961/3961 3969/3969/3969
f 3965/3965/3965 3979/3979/3979 3978/3978/3978
f 3978/3978/3978 3957/3957/3957 3965/3965/3965
f 3980/3980/3980 3979/3979/3979 3965/3965/3965
f 3959/3959/3959 3980/3980/3980 3966/3966/3966
f 3965/3965/3965 3966/3966/3966 3980/3980/3980
f 3960/3960/3960 3959/3959/3959 3966/3966/3966
f 3992/3992/3992 3982/3982/3982 3983/3983/3983
f 3991/3991/3991 3992/3992/3992 3983/3983/3983
f 3991/3991/3991 3985/3985/3985 3990/3990/3990
f 3990/3990/3990 3985/3985/3985 3981/3981/3981
f 3983/3983/3983 3988/3988/3988 3991/3991/3991
f 3987/3987/3987 3988/3988/3988 3983/3983/3983
f 3991/3991/3991 3988/3988/3988 3985/3985/3985
f 3984/3984/3984 3985/3985/3985 3989/3989/3989
f 3988/3988/3988 3989/3989/3989 3985/3985/3985
f 3986/3986/3986 3987/3987/3987 3983/3983/3983
f 3993/3993/3993 4008/4008/4008 4015/4015/4015
f 4015/4015/4015 4014/4014/4014 3993/3993/3993
f 4041/4041/4041 3994/3994/3994 4044/4044/4044
f 4044/4044/4044 4045/4045/4045 4041/4041/4041
f 4017/4017/4017 3995/3995/3995 4006/4006/4006
f 4007/4007/4007 4017/4017/4017 4009/4009/4009
f 3995/3995/3995 4017/4017/4017 4007/4007/4007
f 4011/4011/4011 4007/4007/4007 4009/4009/4009
f 3993/3993/3993 4011/4011/4011 4008/4008/4008
f 4007/4007/4007 4011/4011/4011 3993/3993/3993
f 4009/4009/4009 4010/4010/4010 4013/4013/4013
f 4013/4013/4013 4011/4011/4011 4009/4009/4009
f 4011/4011/4011 4013/4013/4013 4012/4012/4012
f 4012/4012/4012 4008/4008/4008 4011/4011/4011
f 4006/4006/4006 4016/4016/4016 4018/4018/4018
f 4018/4018/4018 4017/4017/4017 4006/4006/4006
f 4017/4017/4017 4018/4018/4018 4010/4010/4010
f 4010/4010/4010 4009/4009/4009 4017/4017/4017
f 4042/4042/4042 4007/4007/4007 3993/3993/3993
f 3993/3993/3993 3994/3994/3994 4042/4042/4042
f 4007/4007/4007 4042/4042/4042 3996/3996/3996
f 3996/3996/3996 3995/3995/3995 4007/4007/4007
f 4043/4043/4043 4042/4042/4042 3994/3994/3994
f 3994/3994/3994 4041/4041/4041 4043/4043/4043
f 4038/4038/4038 3996/3996/3996 4042/4042/4042
f 4042/4042/4042 4043/4043/4043 4038/4038/4038
f 4026/4026/4026 3997/3997/3997 4019/4019/4019
f 4020/4020/4020 4026/4026/4026 4021/4021/4021
f 3997/3997/3997 4026/4026/4026 4020/4020/4020
f 4023/4023/4023 4020/4020/4020 4021/4021/4021
f 3995/3995/3995 4023/4023/4023 4006/4006/4006
f 4020/4020/4020 4023/4023/4023 3995/3995/3995
f 4021/4021/4021 4022/4022/4022 4024/4024/4024
f 4024/4024/4024 4023/4023/4023 4021/4021/4021
f 4023/4023/4023 4024/4024/4024 4016/4016/4016
f 4016/4016/4016 4006/4006/4006 4023/4023/4023
f 4019/4019/4019 4025/4025/4025 4027/4027/4027
f 4027/4027/4027 4026/4026/4026 4019/4019/4019
f 4026/4026/4026 4027/4027/4027 4022/4022/4022
f 4022/4022/4022 4021/4021/4021 4026/4026/4026
f 4039/4039/4039 4020/4020/4020 3995/3995/3995
f 3995/3995/3995 3996/3996/3996 4039/4039/4039
f 4020/4020/4020 4039/4039/4039 3998/3998/3998
f 3998/3998/3998 3997/3997/3997 4020/4020/4020
f 4040/4040/4040 4039/4039/4039 3996/3996/3996
f 3996/3996/3996 4038/4038/4038 4040/4040/4040
f 4035/4035/4035 3998/3998/3998 4039/4039/4039
f 4039/4039/4039 4040/4040/4040 4035/4035/4035
f 4028/4028/4028 4029/4029/4029 4019/4019/4019
f 4019/4019/4019 3997/3997/3997 4028/4028/4028
f 4037/4037/4037 4036/4036/4036 3998/3998/3998
f 3998/3998/3998 4035/4035/4035 4037/4037/4037
f 4012/4012/4012 4000/4000/4000 4015/4015/4015
f 3999/3999/3999 4015/4015/4015 4000/4000/4000
f 4015/4015/4015 4048/4048/4048 4014/4014/4014
f 3999/3999/3999 4048/4048/4048 4015/4015/4015
f 4012/4012/4012 4015/4015/4015 4008/4008/4008
f 4001/4001/4001 4000/4000/4000 4013/4013/4013
f 4002/4002/4002 4001/4001/4001 4018/4018/4018
f 4001/4001/4001 4013/4013/4013 4010/4010/4010
f 4001/4001/4001 4010/4010/4010 4018/4018/4018
f 4012/4012/4012 4013/4013/4013 4000/4000/4000
f 4014/4014/4014 4048/4048/4048 4047/4047/4047
f 4047/4047/4047 4044/4044/4044 4014/4014/4014
f 4044/4044/4044 3994/3994/3994 3993/3993/3993
f 3993/3993/3993 4014/4014/4014 4044/4044/4044
f 4046/4046/4046 4044/4044/4044 4047/4047/4047
f 4034/4034/4034 4045/4045/4045 4046/4046/4046
f 4044/4044/4044 4046/4046/4046 4045/4045/4045
f 4033/4033/4033 4045/4045/4045 4034/4034/4034
f 4032/4032/4032 4043/4043/4043 4033/4033/4033
f 4041/4041/4041 4033/4033/4033 4043/4043/4043
f 4032/4032/4032 4038/4038/4038 4043/4043/4043
f 4045/4045/4045 4033/4033/4033 4041/4041/4041
f 4016/4016/4016 4002/4002/4002 4018/4018/4018
f 4016/4016/4016 4024/4024/4024 4002/4002/4002
f 4003/4003/4003 4002/4002/4002 4024/4024/4024
f 4003/4003/4003 4024/4024/4024 4022/4022/4022
f 4003/4003/4003 4022/4022/4022 4027/4027/4027
f 4027/4027/4027 4004/4004/4004 4003/4003/4003
f 4029/4029/4029 4004/4004/4004 4025/4025/4025
f 4005/4005/4005 4004/4004/4004 4029/4029/4029
f 4025/4025/4025 4019/4019/4019 4029/4029/4029
f 4005/4005/4005 4029/4029/4029 4028/4028/4028
f 4028/4028/4028 4049/4049/4049 4005/4005/4005
f 4004/4004/4004 4027/4027/4027 4025/4025/4025
f 3998/3998/3998 4036/4036/4036 4028/4028/4028
f 4028/4028/4028 3997/3997/3997 3998/3998/3998
f 4031/4031/4031 4035/4035/4035 4040/4040/4040
f 4037/4037/4037 4035/4035/4035 4031/4031/4031
f 4040/4040/4040 4032/4032/4032 4031/4031/4031
f 4038/4038/4038 4032/4032/4032 4040/4040/4040
f 4036/4036/4036 4050/4050/4050 4049/4049/4049
f 4049/4049/4049 4028/4028/4028 4036/4036/4036
f 4051/4051/4051 4050/4050/4050 4036/4036/4036
f 4030/4030/4030 4051/4051/4051 4037/4037/4037
f 4036/4036/4036 4037/4037/4037 4051/4051/4051
f 4031/4031/4031 4030/4030/4030 4037/4037/4037
f 4063/4063/4063 4053/4053/4053 4054/4054/4054
f 4062/4062/4062 4063/4063/4063 4054/4054/4054
f 4062/4062/4062 4055/4055/4055 4061/4061/4061
f 4061/4061/4061 4055/4055/4055 4060/4060/4060
f 4054/4054/4054 4055/4055/4055 4062/4062/4062
f 4057/4057/4057 4058/4058/4058 4054/4054/4054
f 4054/4054/4054 4058/4058/4058 4055/4055/4055
f 4052/4052/4052 4055/4055/4055 4059/4059/4059
f 4058/4058/4058 4059/4059/4059 4055/4055/4055
f 4056/4056/4056 4057/4057/4057 4054/4054/4054
f 4064/4064/4064 4078/4078/4078 4085/4085/4085
f 4085/4085/4085 4084/4084/4084 4064/4064/4064
f 4111/4111/4111 4065/4065/4065 4114/4114/4114
f 4114/4114/4114 4115/4115/4115 4111/4111/4111
f 4087/4087/4087 4066/4066/4066 4076/4076/4076
f 4077/4077/4077 4087/4087/4087 4079/4079/4079
f 4066/4066/4066 4087/4087/4087 4077/4077/4077
f 4081/4081/4081 4077/4077/4077 4079/4079/4079
f 4064/4064/4064 4081/4081/4081 4078/4078/4078
f 4077/4077/4077 4081/4081/4081 4064/4064/4064
f 4079/4079/4079 4080/4080/4080 4083/4083/4083
f 4083/4083/4083 4081/4081/4081 4079/4079/4079
f 4081/4081/4081 4083/4083/4083 4082/4082/4082
f 4082/4082/4082 4078/4078/4078 4081/4081/4081
f 4076/4076/4076 4086/4086/4086 4088/4088/4088
f 4088/4088/4088 4087/4087/4087 4076/4076/4076
f 4087/4087/4087 4088/4088/4088 4080/4080/4080
f 4080/4080/4080 4079/4079/4079 4087/4087/4087
f 4112/4112/4112 4077/4077/4077 4064/4064/4064
f 4064/4064/4064 4065/4065/4065 4112/4112/4112
f 4077/4077/4077 4112/4112/4112 4067/4067/4067
f 4067/4067/4067 4066/4066/4066 4077/4077/4077
f 4113/4113/4113 4112/4112/4112 4065/4065/4065
f 4065/4065/4065 4111/4111/4111 4113/4113/4113
f 4108/4108/4108 4067/4067/4067 4112/4112/4112
f 4112/4112/4112 4113/4113/4113 4108/4108/4108
f 4096/4096/4096 4068/4068/4068 4089/4089/4089
f 4090/4090/4090 4096/4096/4096 4091/4091/4091
f 4068/4068/4068 4096/4096/4096 4090/4090/4090
f 4093/4093/4093 4090/4090/4090 4091/4091/4091
f 4066/4066/4066 4093/4093/4093 4076/4076/4076
f 4090/4090/4090 4093/4093/4093 4066/4066/4066
f 4091/4091/4091 4092/4092/4092 4094/4094/4094
f 4094/4094/4094 4093/4093/4093 4091/4091/4091
f 4093/4093/4093 4094/4094/4094 4086/4086/4086
f 4086/4086/4086 4076/4076/4076 4093/4093/4093
f 4089/4089/4089 4095/4095/4095 4097/4097/4097
f 4097/4097/4097 4096/4096/4096 4089/4089/4089
f 4096/4096/4096 4097/4097/4097 4092/4092/4092
f 4092/4092/4092 4091/4091/4091 4096/4096/4096
f 4109/4109/4109 4090/4090/4090 4066/4066/4066
f 4066/4066/4066 4067/4067/4067 4109/4109/4109
f 4090/4090/4090 4109/4109/4109 4069/4069/4069
f 4069/4069/4069 4068/4068/4068 4090/4090/4090
f 4110/4110/4110 4109/4109/4109 4067/4067/4067
f 4067/4067/4067 4108/4108/4108 4110/4110/4110
f 4105/4105/4105 4069/4069/4069 4109/4109/4109
f 4109/4109/4109 4110/4110/4110 4105/4105/4105
f 4098/4098/4098 4099/4099/4099 4089/4089/4089
f 4089/4089/4089 4068/4068/4068 4098/4098/4098
f 4107/4107/4107 4106/4106/4106 4069/4069/4069
f 4069/4069/4069 4105/4105/4105 4107/4107/4107
f 4082/4082/4082 4071/4071/4071 4085/4085/4085
f 4070/4070/4070 4085/4085/4085 4071/4071/4071
f 4085/4085/4085 4118/4118/4118 4084/4084/4084
f 4070/4070/4070 4118/4118/4118 4085/4085/4085
f 4082/4082/4082 4085/4085/4085 4078/4078/4078
f 4072/4072/4072 4071/4071/4071 4083/4083/4083
f 4073/4073/4073 4072/4072/4072 4088/4088/4088
f 4072/4072/4072 4083/4083/4083 4080/4080/4080
f 4072/4072/4072 4080/4080/4080 4088/4088/4088
f 4082/4082/4082 4083/4083/4083 4071/4071/4071
f 4084/4084/4084 4118/4118/4118 4117/4117/4117
f 4117/4117/4117 4114/4114/4114 4084/4084/4084
f 4114/4114/4114 4065/4065/4065 4064/4064/4064
f 4064/4064/4064 4084/4084/4084 4114/4114/4114
f 4116/4116/4116 4114/4114/4114 4117/4117/4117
f 4104/4104/4104 4115/4115/4115 4116/4116/4116
f 4114/4114/4114 4116/4116/4116 4115/4115/4115
f 4103/4103/4103 4115/4115/4115 4104/4104/4104
f 4102/4102/4102 4113/4113/4113 4103/4103/4103
f 4111/4111/4111 4103/4103/4103 4113/4113/4113
f 4102/4102/4102 4108/4108/4108 4113/4113/4113
f 4115/4115/4115 4103/4103/4103 4111/4111/4111
f 4086/4086/4086 4073/4073/4073 4088/4088/4088
f 4086/4086/4086 4094/4094/4094 4073/4073/4073
f 4074/4074/4074 4073/4073/4073 4094/4094/4094
f 4074/4074/4074 4094/4094/4094 4092/4092/4092
f 4074/4074/4074 4092/4092/4092 4097/4097/4097
f 4097/4097/4097 4075/4075/4075 4074/4074/4074
f 4099/4099/4099 4075/4075/4075 4095/4095/4095
f 4119/4119/4119 4075/4075/4075 4099/4099/4099
f 4095/4095/4095 4089/4089/4089 4099/4099/4099
f 4119/4119/4119 4099/4099/4099 4098/4098/4098
f 4098/4098/4098 4120/4120/4120 4119/4119/4119
f 4075/4075/4075 4097/4097/4097 4095/4095/4095
f 4069/4069/4069 4106/4106/4106 4098/4098/4098
f 4098/4098/4098 4068/4068/4068 4069/4069/4069
f 4101/4101/4101 4105/4105/4105 4110/4110/4110
f 4107/4107/4107 4105/4105/4105 4101/4101/4101
f 4110/4110/4110 4102/4102/4102 4101/4101/4101
f 4108/4108/4108 4102/4102/4102 4110/4110/4110
f 4106/4106/4106 4121/4121/4121 4120/4120/4120
f 4120/4120/4120 4098/4098/4098 4106/4106/4106
f 4122/4122/4122 4121/4121/4121 4106/4106/4106
f 4100/4100/4100 4122/4122/4122 4107/4107/4107
f 4106/4106/4106 4107/4107/4107 4122/4122/4122
f 4101/4101/4101 4100/4100/4100 4107/4107/4107
f 4134/4134/4134 4124/4124/4124 4125/4125/4125
f 4133/4133/4133 4134/4134/4134 4125/4125/4125
f 4133/4133/4133 4126/4126/4126 4132/4132/4132
f 4132/4132/4132 4126/4126/4126 4131/4131/4131
f 4125/4125/4125 4129/4129/4129 4133/4133/4133
f 4128/4128/4128 4129/4129/4129 4125/4125/4125
f 4133/4133/4133 4129/4129/4129 4126/4126/4126
f 4123/4123/4123 4126/4126/4126 4130/4130/4130
f 4129/4129/4129 4130/4130/4130 4126/4126/4126
f 4127/4127/4127 4128/4128/4128 4125/4125/4125
f 4135/4135/4135 4149/4149/4149 4156/4156/4156
f 4156/4156/4156 4155/4155/4155 4135/4135/4135
f 4182/4182/4182 4136/4136/4136 4185/4185/4185
f 4185/4185/4185 4186/4186/4186 4182/4182/4182
f 4158/4158/4158 4137/4137/4137 4147/4147/4147
f 4148/4148/4148 4158/4158/4158 4150/4150/4150
f 4137/4137/4137 4158/4158/4158 4148/4148/4148
f 4152/4152/4152 4148/4148/4148 4150/4150/4150
f 4135/4135/4135 4152/4152/4152 4149/4149/4149
f 4148/4148/4148 4152/4152/4152 4135/4135/4135
f 4150/4150/4150 4151/4151/4151 4154/4154/4154
f 4154/4154/4154 4152/4152/4152 4150/4150/4150
f 4152/4152/4152 4154/4154/4154 4153/4153/4153
f 4153/4153/4153 4149/4149/4149 4152/4152/4152
f 4147/4147/4147 4157/4157/4157 4159/4159/4159
f 4159/4159/4159 4158/4158/4158 4147/4147/4147
f 4158/4158/4158 4159/4159/4159 4151/4151/4151
f 4151/4151/4151 4150/4150/4150 4158/4158/4158
f 4183/4183/4183 4148/4148/4148 4135/4135/4135
f 4135/4135/4135 4136/4136/4136 4183/4183/4183
f 4148/4148/4148 4183/4183/4183 4138/4138/4138
f 4138/4138/4138 4137/4137/4137 4148/4148/4148
f 4184/4184/4184 4183/4183/4183 4136/4136/4136
f 4136/4136/4136 4182/4182/4182 4184/4184/4184
f 4179/4179/4179 4138/4138/4138 4183/4183/4183
f 4183/4183/4183 4184/4184/4184 4179/4179/4179
f 4167/4167/4167 4139/4139/4139 4160/4160/4160
f 4161/4161/4161 4167/4167/4167 4162/4162/4162
f 4139/4139/4139 4167/4167/4167 4161/4161/4161
f 4164/4164/4164 4161/4161/4161 4162/4162/4162
f 4137/4137/4137 4164/4164/4164 4147/4147/4147
f 4161/4161/4161 4164/4164/4164 4137/4137/4137
f 4162/4162/4162 4163/4163/4163 4165/4165/4165
f 4165/4165/4165 4164/4164/4164 4162/4162/4162
f 4164/4164/4164 4165/4165/4165 4157/4157/4157
f 4157/4157/4157 4147/4147/4147 4164/4164/4164
f 4160/4160/4160 4166/4166/4166 4168/4168/4168
f 4168/4168/4168 4167/4167/4167 4160/4160/4160
f 4167/4167/4167 4168/4168/4168 4163/4163/4163
f 4163/4163/4163 4162/4162/4162 4167/4167/4167
f 4180/4180/4180 4161/4161/4161 4137/4137/4137
f 4137/4137/4137 4138/4138/4138 4180/4180/4180
f 4161/4161/4161 4180/4180/4180 4140/4140/4140
f 4140/4140/4140 4139/4139/4139 4161/4161/4161
f 4181/4181/4181 4180/4180/4180 4138/4138/4138
f 4138/4138/4138 4179/4179/4179 4181/4181/4181
f 4176/4176/4176 4140/4140/4140 4180/4180/4180
f 4180/4180/4180 4181/4181/4181 4176/4176/4176
f 4169/4169/4169 4170/4170/4170 4160/4160/4160
f 4160/4160/4160 4139/4139/4139 4169/4169/4169
f 4178/4178/4178 4177/4177/4177 4140/4140/4140
f 4140/4140/4140 4176/4176/4176 4178/4178/4178
f 4153/4153/4153 4142/4142/4142 4156/4156/4156
f 4141/4141/4141 4156/4156/4156 4142/4142/4142
f 4156/4156/4156 4189/4189/4189 4155/4155/4155
f 4141/4141/4141 4189/4189/4189 4156/4156/4156
f 4153/4153/4153 4156/4156/4156 4149/4149/4149
f 4143/4143/4143 4142/4142/4142 4154/4154/4154
f 4144/4144/4144 4143/4143/4143 4159/4159/4159
f 4143/4143/4143 4154/4154/4154 4151/4151/4151
f 4143/4143/4143 4151/4151/4151 4159/4159/4159
f 4153/4153/4153 4154/4154/4154 4142/4142/4142
f 4155/4155/4155 4189/4189/4189 4188/4188/4188
f 4188/4188/4188 4185/4185/4185 4155/4155/4155
f 4185/4185/4185 4136/4136/4136 4135/4135/4135
f 4135/4135/4135 4155/4155/4155 4185/4185/4185
f 4187/4187/4187 4185/4185/4185 4188/4188/4188
f 4175/4175/4175 4186/4186/4186 4187/4187/4187
f 4185/4185/4185 4187/4187/4187 4186/4186/4186
f 4174/4174/4174 4186/4186/4186 4175/4175/4175
f 4173/4173/4173 4184/4184/4184 4174/4174/4174
f 4182/4182/4182 4174/4174/4174 4184/4184/4184
f 4173/4173/4173 4179/4179/4179 4184/4184/4184
f 4186/4186/4186 4174/4174/4174 4182/4182/4182
f 4157/4157/4157 4144/4144/4144 4159/4159/4159
f 4157/4157/4157 4165/4165/4165 4144/4144/4144
f 4145/4145/4145 4144/4144/4144 4165/4165/4165
f 4145/4145/4145 4165/4165/4165 4163/4163/4163
f 4145/4145/4145 4163/4163/4163 4168/4168/4168
f 4168/4168/4168 4146/4146/4146 4145/4145/4145
f 4170/4170/4170 4146/4146/4146 4166/4166/4166
f 4190/4190/4190 4146/4146/4146 4170/4170/4170
f 4166/4166/4166 4160/4160/4160 4170/4170/4170
f 4190/4190/4190 4170/4170/4170 4169/4169/4169
f 4169/4169/4169 4191/4191/4191 4190/4190/4190
f 4146/4146/4146 4168/4168/4168 4166/4166/4166
f 4140/4140/4140 4177/4177/4177 4169/4169/4169
f 4169/4169/4169 4139/4139/4139 4140/4140/4140
f 4172/4172/4172 4176/4176/4176 4181/4181/4181
f 4178/4178/4178 4176/4176/4176 4172/4172/4172
f 4181/4181/4181 4173/4173/4173 4172/4172/4172
f 4179/4179/4179 4173/4173/4173 4181/4181/4181
f 4177/4177/4177 4192/4192/4192 4191/4191/4191
f 4191/4191/4191 4169/4169/4169 4177/4177/4177
f 4193/4193/4193 4192/4192/4192 4177/4177/4177
f 4171/4171/4171 4193/4193/4193 4178/4178/4178
f 4177/4177/4177 4178/4178/4178 4193/4193/4193
f 4172/4172/4172 4171/4171/4171 4178/4178/4178
f 4205/4205/4205 4196/4196/4196 4204/4204/4204
f 4200/4200/4200 4198/4198/4198 4204/4204/4204
f 4202/4202/4202 4203/4203/4203 4198/4198/4198
f 4204/4204/4204 4198/4198/4198 4203/4203/4203
f 4196/4196/4196 4205/4205/4205 4195/4195/4195
f 4199/4199/4199 4196/4196/4196 4194/4194/4194
f 4200/4200/4200 4196/4196/4196 4199/4199/4199
f 4200/4200/4200 4201/4201/4201 4198/4198/4198
f 4201/4201/4201 4197/4197/4197 4198/4198/4198
f 4200/4200/4200 4204/4204/4204 4196/4196/4196
f 4206/4206/4206 4221/4221/4221 4228/4228/4228
f 4228/4228/4228 4227/4227/4227 4206/4206/4206
f 4254/4254/4254 4207/4207/4207 4257/4257/4257
f 4257/4257/4257 4258/4258/4258 4254/4254/4254
f 4230/4230/4230 4208/4208/4208 4219/4219/4219
f 4220/4220/4220 4230/4230/4230 4222/4222/4222
f 4208/4208/4208 4230/4230/4230 4220/4220/4220
f 4224/4224/4224 4220/4220/4220 4222/4222/4222
f 4206/4206/4206 4224/4224/4224 4221/4221/4221
f 4220/4220/4220 4224/4224/4224 4206/4206/4206
f 4222/4222/4222 4223/4223/4223 4226/4226/4226
f 4226/4226/4226 4224/4224/4224 4222/4222/4222
f 4224/4224/4224 4226/4226/4226 4225/4225/4225
f 4225/4225/4225 4221/4221/4221 4224/4224/4224
f 4219/4219/4219 4229/4229/4229 4231/4231/4231
f 4231/4231/4231 4230/4230/4230 4219/4219/4219
f 4230/4230/4230 4231/4231/4231 4223/4223/4223
f 4223/4223/4223 4222/4222/4222 4230/4230/4230
f 4255/4255/4255 4220/4220/4220 4206/4206/4206
f 4206/4206/4206 4207/4207/4207 4255/4255/4255
f 4220/4220/4220 4255/4255/4255 4209/4209/4209
f 4209/4209/4209 4208/4208/4208 4220/4220/4220
f 4256/4256/4256 4255/4255/4255 4207/4207/4207
f 4207/4207/4207 4254/4254/4254 4256/4256/4256
f 4251/4251/4251 4209/4209/4209 4255/4255/4255
f 4255/4255/4255 4256/4256/4256 4251/4251/4251
f 4239/4239/4239 4210/4210/4210 4232/4232/4232
f 4233/4233/4233 4239/4239/4239 4234/4234/4234
f 4210/4210/4210 4239/4239/4239 4233/4233/4233
f 4236/4236/4236 4233/4233/4233 4234/4234/4234
f 4208/4208/4208 4236/4236/4236 4219/4219/4219
f 4233/4233/4233 4236/4236/4236 4208/4208/4208
f 4234/4234/4234 4235/4235/4235 4237/4237/4237
f 4237/4237/4237 4236/4236/4236 4234/4234/4234
f 4236/4236/4236 4237/4237/4237 4229/4229/4229
f 4229/4229/4229 4219/4219/4219 4236/4236/4236
f 4232/4232/4232 4238/4238/4238 4240/4240/4240
f 4240/4240/4240 4239/4239/4239 4232/4232/4232
f 4239/4239/4239 4240/4240/4240 4235/4235/4235
f 4235/4235/4235 4234/4234/4234 4239/4239/4239
f 4252/4252/4252 4233/4233/4233 4208/4208/4208
f 4208/4208/4208 4209/4209/4209 4252/4252/4252
f 4233/4233/4233 4252/4252/4252 4211/4211/4211
f 4211/4211/4211 4210/4210/4210 4233/4233/4233
f 4253/4253/4253 4252/4252/4252 4209/4209/4209
f 4209/4209/4209 4251/4251/4251 4253/4253/4253
f 4248/4248/4248 4211/4211/4211 4252/4252/4252
f 4252/4252/4252 4253/4253/4253 4248/4248/4248
f 4241/4241/4241 4242/4242/4242 4232/4232/4232
f 4232/4232/4232 4210/4210/4210 4241/4241/4241
f 4250/4250/4250 4249/4249/4249 4211/4211/4211
f 4211/4211/4211 4248/4248/4248 4250/4250/4250
f 4225/4225/4225 4213/4213/4213 4228/4228/4228
f 4212/4212/4212 4228/4228/4228 4213/4213/4213
f 4228/4228/4228 4261/4261/4261 4227/4227/4227
f 4212/4212/4212 4261/4261/4261 4228/4228/4228
f 4225/4225/4225 4228/4228/4228 4221/4221/4221
f 4214/4214/4214 4213/4213/4213 4226/4226/4226
f 4215/4215/4215 4214/4214/4214 4231/4231/4231
f 4214/4214/4214 4226/4226/4226 4223/4223/4223
f 4214/4214/4214 4223/4223/4223 4231/4231/4231
f 4225/4225/4225 4226/4226/4226 4213/4213/4213
f 4227/4227/4227 4261/4261/4261 4260/4260/4260
f 4260/4260/4260 4257/4257/4257 4227/4227/4227
f 4257/4257/4257 4207/4207/4207 4206/4206/4206
f 4206/4206/4206 4227/4227/4227 4257/4257/4257
f 4259/4259/4259 4257/4257/4257 4260/4260/4260
f 4247/4247/4247 4258/4258/4258 4259/4259/4259
f 4257/4257/4257 4259/4259/4259 4258/4258/4258
f 4246/4246/4246 4258/4258/4258 4247/4247/4247
f 4245/4245/4245 4256/4256/4256 4246/4246/4246
f 4254/4254/4254 4246/4246/4246 4256/4256/4256
f 4245/4245/4245 4251/4251/4251 4256/4256/4256
f 4258/4258/4258 4246/4246/4246 4254/4254/4254
f 4229/4229/4229 4215/4215/4215 4231/4231/4231
f 4229/4229/4229 4237/4237/4237 4215/4215/4215
f 4216/4216/4216 4215/4215/4215 4237/4237/4237
f 4216/4216/4216 4237/4237/4237 4235/4235/4235
f 4216/4216/4216 4235/4235/4235 4240/4240/4240
f 4240/4240/4240 4217/4217/4217 4216/4216/4216
f 4242/4242/4242 4217/4217/4217 4238/4238/4238
f 4218/4218/4218 4217/4217/4217 4242/4242/4242
f 4238/4238/4238 4232/4232/4232 4242/4242/4242
f 4218/4218/4218 4242/4242/4242 4241/4241/4241
f 4241/4241/4241 4262/4262/4262 4218/4218/4218
f 4217/4217/4217 4240/4240/4240 4238/4238/4238
f 4211/4211/4211 4249/4249/4249 4241/4241/4241
f 4241/4241/4241 4210/4210/4210 4211/4211/4211
f 4244/4244/4244 4248/4248/4248 4253/4253/4253
f 4250/4250/4250 4248/4248/4248 4244/4244/4244
f 4253/4253/4253 4245/4245/4245 4244/4244/4244
f 4251/4251/4251 4245/4245/4245 4253/4253/4253
f 4249/4249/4249 4263/4263/4263 4262/4262/4262
f 4262/4262/4262 4241/4241/4241 4249/4249/4249
f 4264/4264/4264 4263/4263/4263 4249/4249/4249
f 4243/4243/4243 4264/4264/4264 4250/4250/4250
f 4249/4249/4249 4250/4250/4250 4264/4264/4264
f 4244/4244/4244 4243/4243/4243 4250/4250/4250
f 4276/4276/4276 4267/4267/4267 4268/4268/4268
f 4275/4275/4275 4276/4276/4276 4268/4268/4268
f 4275/4275/4275 4269/4269/4269 4274/4274/4274
f 4274/4274/4274 4269/4269/4269 4265/4265/4265
f 4268/4268/4268 4272/4272/4272 4275/4275/4275
f 4271/4271/4271 4272/4272/4272 4268/4268/4268
f 4275/4275/4275 4272/4272/4272 4269/4269/4269
f 4266/4266/4266 4269/4269/4269 4273/4273/4273
f 4272/4272/4272 4273/4273/4273 4269/4269/4269
f 4270/4270/4270 4271/4271/4271 4268/4268/4268
f 4277/4277/4277 4292/4292/4292 4299/4299/4299
f 4299/4299/4299 4298/4298/4298 4277/4277/4277
f 4325/4325/4325 4278/4278/4278 4328/4328/4328
f 4328/4328/4328 4329/4329/4329 4325/4325/4325
f 4301/4301/4301 4279/4279/4279 4290/4290/4290
f 4291/4291/4291 4301/4301/4301 4293/4293/4293
f 4279/4279/4279 4301/4301/4301 4291/4291/4291
f 4295/4295/4295 4291/4291/4291 4293/4293/4293
f 4277/4277/4277 4295/4295/4295 4292/4292/4292
f 4291/4291/4291 4295/4295/4295 4277/4277/4277
f 4293/4293/4293 4294/4294/4294 4297/4297/4297
f 4297/4297/4297 4295/4295/4295 4293/4293/4293
f 4295/4295/4295 4297/4297/4297 4296/4296/4296
f 4296/4296/4296 4292/4292/4292 4295/4295/4295
f 4290/4290/4290 4300/4300/4300 4302/4302/4302
f 4302/4302/4302 4301/4301/4301 4290/4290/4290
f 4301/4301/4301 4302/4302/4302 4294/4294/4294
f 4294/4294/4294 4293/4293/4293 4301/4301/4301
f 4326/4326/4326 4291/4291/4291 4277/4277/4277
f 4277/4277/4277 4278/4278/4278 4326/4326/4326
f 4291/4291/4291 4326/4326/4326 4280/4280/4280
f 4280/4280/4280 4279/4279/4279 4291/4291/4291
f 4327/4327/4327 4326/4326/4326 4278/4278/4278
f 4278/4278/4278 4325/4325/4325 4327/4327/4327
f 4322/4322/4322 4280/4280/4280 4326/4326/4326
f 4326/4326/4326 4327/4327/4327 4322/4322/4322
f 4310/4310/4310 4281/4281/4281 4303/4303/4303
f 4304/4304/4304 4310/4310/4310 4305/4305/4305
f 4281/4281/4281 4310/4310/4310 4304/4304/4304
f 4307/4307/4307 4304/4304/4304 4305/4305/4305
f 4279/4279/4279 4307/4307/4307 4290/4290/4290
f 4304/4304/4304 4307/4307/4307 4279/4279/4279
f 4305/4305/4305 4306/4306/4306 4308/4308/4308
f 4308/4308/4308 4307/4307/4307 4305/4305/4305
f 4307/4307/4307 4308/4308/4308 4300/4300/4300
f 4300/4300/4300 4290/4290/4290 4307/4307/4307
f 4303/4303/4303 4309/4309/4309 4311/4311/4311
f 4311/4311/4311 4310/4310/4310 4303/4303/4303
f 4310/4310/4310 4311/4311/4311 4306/4306/4306
f 4306/4306/4306 4305/4305/4305 4310/4310/4310
f 4323/4323/4323 4304/4304/4304 4279/4279/4279
f 4279/4279/4279 4280/4280/4280 4323/4323/4323
f 4304/4304/4304 4323/4323/4323 4282/4282/4282
f 4282/4282/4282 4281/4281/4281 4304/4304/4304
f 4324/4324/4324 4323/4323/4323 4280/4280/4280
f 4280/4280/4280 4322/4322/4322 4324/4324/4324
f 4319/4319/4319 4282/4282/4282 4323/4323/4323
f 4323/4323/4323 4324/4324/4324 4319/4319/4319
f 4312/4312/4312 4313/4313/4313 4303/4303/4303
f 4303/4303/4303 4281/4281/4281 4312/4312/4312
f 4321/4321/4321 4320/4320/4320 4282/4282/4282
f 4282/4282/4282 4319/4319/4319 4321/4321/4321
f 4296/4296/4296 4284/4284/4284 4299/4299/4299
f 4283/4283/4283 4299/4299/4299 4284/4284/4284
f 4299/4299/4299 4332/4332/4332 4298/4298/4298
f 4283/4283/4283 4332/4332/4332 4299/4299/4299
f 4296/4296/4296 4299/4299/4299 4292/4292/4292
f 4285/4285/4285 4284/4284/4284 4297/4297/4297
f 4286/4286/4286 4285/4285/4285 4302/4302/4302
f 4285/4285/4285 4297/4297/4297 4294/4294/4294
f 4285/4285/4285 4294/4294/4294 4302/4302/4302
f 4296/4296/4296 4297/4297/4297 4284/4284/4284
f 4298/4298/4298 4332/4332/4332 4331/4331/4331
f 4331/4331/4331 4328/4328/4328 4298/4298/4298
f 4328/4328/4328 4278/4278/4278 4277/4277/4277
f 4277/4277/4277 4298/4298/4298 4328/4328/4328
f 4330/4330/4330 4328/4328/4328 4331/4331/4331
f 4318/4318/4318 4329/4329/4329 4330/4330/4330
f 4328/4328/4328 4330/4330/4330 4329/4329/4329
f 4317/4317/4317 4329/4329/4329 4318/4318/4318
f 4316/4316/4316 4327/4327/4327 4317/4317/4317
f 4325/4325/4325 4317/4317/4317 4327/4327/4327
f 4316/4316/4316 4322/4322/4322 4327/4327/4327
f 4329/4329/4329 4317/4317/4317 4325/4325/4325
f 4300/4300/4300 4286/4286/4286 4302/4302/4302
f 4300/4300/4300 4308/4308/4308 4286/4286/4286
f 4287/4287/4287 4286/4286/4286 4308/4308/4308
f 4287/4287/4287 4308/4308/4308 4306/4306/4306
f 4287/4287/4287 4306/4306/4306 4311/4311/4311
f 4311/4311/4311 4288/4288/4288 4287/4287/4287
f 4313/4313/4313 4288/4288/4288 4309/4309/4309
f 4289/4289/4289 4288/4288/4288 4313/4313/4313
f 4309/4309/4309 4303/4303/4303 4313/4313/4313
f 4289/4289/4289 4313/4313/4313 4312/4312/4312
f 4312/4312/4312 4333/4333/4333 4289/4289/4289
f 4288/4288/4288 4311/4311/4311 4309/4309/4309
f 4282/4282/4282 4320/4320/4320 4312/4312/4312
f 4312/4312/4312 4281/4281/4281 4282/4282/4282
f 4315/4315/4315 4319/4319/4319 4324/4324/4324
f 4321/4321/4321 4319/4319/4319 4315/4315/4315
f 4324/4324/4324 4316/4316/4316 4315/4315/4315
f 4322/4322/4322 4316/4316/4316 4324/4324/4324
f 4320/4320/4320 4334/4334/4334 4333/4333/4333
f 4333/4333/4333 4312/4312/4312 4320/4320/4320
f 4335/4335/4335 4334/4334/4334 4320/4320/4320
f 4314/4314/4314 4335/4335/4335 4321/4321/4321
f 4320/4320/4320 4321/4321/4321 4335/4335/4335
f 4315/4315/4315 4314/4314/4314 4321/4321/4321
f 4347/4347/4347 4339/4339/4339 4346/4346/4346
f 4339/4339/4339 4341/4341/4341 4346/4346/4346
f 4336/4336/4336 4345/4345/4345 4341/4341/4341
f 4346/4346/4346 4341/4341/4341 4345/4345/4345
f 4339/4339/4339 4347/4347/4347 4338/4338/4338
f 4342/4342/4342 4339/4339/4339 4337/4337/4337
f 4343/4343/4343 4339/4339/4339 4342/4342/4342
f 4343/4343/4343 4344/4344/4344 4341/4341/4341
f 4344/4344/4344 4340/4340/4340 4341/4341/4341
f 4343/4343/4343 4341/4341/4341 4339/4339/4339
f 4348/4348/4348 4363/4363/4363 4370/4370/4370
f 4370/4370/4370 4369/4369/4369 4348/4348/4348
f 4396/4396/4396 4349/4349/4349 4399/4399/4399
f 4399/4399/4399 4400/4400/4400 4396/4396/4396
f 4372/4372/4372 4350/4350/4350 4361/4361/4361
f 4362/4362/4362 4372/4372/4372 4364/4364/4364
f 4350/4350/4350 4372/4372/4372 4362/4362/4362
f 4366/4366/4366 4362/4362/4362 4364/4364/4364
f 4348/4348/4348 4366/4366/4366 4363/4363/4363
f 4362/4362/4362 4366/4366/4366 4348/4348/4348
f 4364/4364/4364 4365/4365/4365 4368/4368/4368
f 4368/4368/4368 4366/4366/4366 4364/4364/4364
f 4366/4366/4366 4368/4368/4368 4367/4367/4367
f 4367/4367/4367 4363/4363/4363 4366/4366/4366
f 4361/4361/4361 4371/4371/4371 4373/4373/4373
f 4373/4373/4373 4372/4372/4372 4361/4361/4361
f 4372/4372/4372 4373/4373/4373 4365/4365/4365
f 4365/4365/4365 4364/4364/4364 4372/4372/4372
f 4397/4397/4397 4362/4362/4362 4348/4348/4348
f 4348/4348/4348 4349/4349/4349 4397/4397/4397
f 4362/4362/4362 4397/4397/4397 4351/4351/4351
f 4351/4351/4351 4350/4350/4350 4362/4362/4362
f 4398/4398/4398 4397/4397/4397 4349/4349/4349
f 4349/4349/4349 4396/4396/4396 4398/4398/4398
f 4393/4393/4393 4351/4351/4351 4397/4397/4397
f 4397/4397/4397 4398/4398/4398 4393/4393/4393
f 4381/4381/4381 4352/4352/4352 4374/4374/4374
f 4375/4375/4375 4381/4381/4381 4376/4376/4376
f 4352/4352/4352 4381/4381/4381 4375/4375/4375
f 4378/4378/4378 4375/4375/4375 4376/4376/4376
f 4350/4350/4350 4378/4378/4378 4361/4361/4361
f 4375/4375/4375 4378/4378/4378 4350/4350/4350
f 4376/4376/4376 4377/4377/4377 4379/4379/4379
f 4379/4379/4379 4378/4378/4378 4376/4376/4376
f 4378/4378/4378 4379/4379/4379 4371/4371/4371
f 4371/4371/4371 4361/4361/4361 4378/4378/4378
f 4374/4374/4374 4380/4380/4380 4382/4382/4382
f 4382/4382/4382 4381/4381/4381 4374/4374/4374
f 4381/4381/4381 4382/4382/4382 4377/4377/4377
f 4377/4377/4377 4376/4376/4376 4381/4381/4381
f 4394/4394/4394 4375/4375/4375 4350/4350/4350
f 4350/4350/4350 4351/4351/4351 4394/4394/4394
f 4375/4375/4375 4394/4394/4394 4353/4353/4353
f 4353/4353/4353 4352/4352/4352 4375/4375/4375
f 4395/4395/4395 4394/4394/4394 4351/4351/4351
f 4351/4351/4351 4393/4393/4393 4395/4395/4395
f 4390/4390/4390 4353/4353/4353 4394/4394/4394
f 4394/4394/4394 4395/4395/4395 4390/4390/4390
f 4383/4383/4383 4384/4384/4384 4374/4374/4374
f 4374/4374/4374 4352/4352/4352 4383/4383/4383
f 4392/4392/4392 4391/4391/4391 4353/4353/4353
f 4353/4353/4353 4390/4390/4390 4392/4392/4392
f 4367/4367/4367 4355/4355/4355 4370/4370/4370
f 4354/4354/4354 4370/4370/4370 4355/4355/4355
f 4370/4370/4370 4403/4403/4403 4369/4369/4369
f 4354/4354/4354 4403/4403/4403 4370/4370/4370
f 4367/4367/4367 4370/4370/4370 4363/4363/4363
f 4356/4356/4356 4355/4355/4355 4368/4368/4368
f 4357/4357/4357 4356/4356/4356 4373/4373/4373
f 4356/4356/4356 4368/4368/4368 4365/4365/4365
f 4356/4356/4356 4365/4365/4365 4373/4373/4373
f 4367/4367/4367 4368/4368/4368 4355/4355/4355
f 4369/4369/4369 4403/4403/4403 4402/4402/4402
f 4402/4402/4402 4399/4399/4399 4369/4369/4369
f 4399/4399/4399 4349/4349/4349 4348/4348/4348
f 4348/4348/4348 4369/4369/4369 4399/4399/4399
f 4401/4401/4401 4399/4399/4399 4402/4402/4402
f 4389/4389/4389 4400/4400/4400 4401/4401/4401
f 4399/4399/4399 4401/4401/4401 4400/4400/4400
f 4388/4388/4388 4400/4400/4400 4389/4389/4389
f 4387/4387/4387 4398/4398/4398 4388/4388/4388
f 4396/4396/4396 4388/4388/4388 4398/4398/4398
f 4387/4387/4387 4393/4393/4393 4398/4398/4398
f 4400/4400/4400 4388/4388/4388 4396/4396/4396
f 4371/4371/4371 4357/4357/4357 4373/4373/4373
f 4371/4371/4371 4379/4379/4379 4357/4357/4357
f 4358/4358/4358 4357/4357/4357 4379/4379/4379
f 4358/4358/4358 4379/4379/4379 4377/4377/4377
f 4358/4358/4358 4377/4377/4377 4382/4382/4382
f 4382/4382/4382 4359/4359/4359 4358/4358/4358
f 4384/4384/4384 4359/4359/4359 4380/4380/4380
f 4360/4360/4360 4359/4359/4359 4384/4384/4384
f 4380/4380/4380 4374/4374/4374 4384/4384/4384
f 4360/4360/4360 4384/4384/4384 4383/4383/4383
f 4383/4383/4383 4404/4404/4404 4360/4360/4360
f 4359/4359/4359 4382/4382/4382 4380/4380/4380
f 4353/4353/4353 4391/4391/4391 4383/4383/4383
f 4383/4383/4383 4352/4352/4352 4353/4353/4353
f 4386/4386/4386 4390/4390/4390 4395/4395/4395
f 4392/4392/4392 4390/4390/4390 4386/4386/4386
f 4395/4395/4395 4387/4387/4387 4386/4386/4386
f 4393/4393/4393 4387/4387/4387 4395/4395/4395
f 4391/4391/4391 4405/4405/4405 4404/4404/4404
f 4404/4404/4404 4383/4383/4383 4391/4391/4391
f 4406/4406/4406 4405/4405/4405 4391/4391/4391
f 4385/4385/4385 4406/4406/4406 4392/4392/4392
f 4391/4391/4391 4392/4392/4392 4406/4406/4406
f 4386/4386/4386 4385/4385/4385 4392/4392/4392
f 4418/4418/4418 4409/4409/4409 4417/4417/4417
f 4409/4409/4409 4411/4411/4411 4417/4417/4417
f 4415/4415/4415 4416/4416/4416 4411/4411/4411
f 4417/4417/4417 4411/4411/4411 4416/4416/4416
f 4409/4409/4409 4418/4418/4418 4408/4408/4408
f 4412/4412/4412 4409/4409/4409 4407/4407/4407
f 4413/4413/4413 4409/4409/4409 4412/4412/4412
f 4413/4413/4413 4414/4414/4414 4411/4411/4411
f 4414/4414/4414 4410/4410/4410 4411/4411/4411
f 4413/4413/4413 4411/4411/4411 4409/4409/4409
f 4419/4419/4419 4434/4434/4434 4441/4441/4441
f 4441/4441/4441 4440/4440/4440 4419/4419/4419
f 4467/4467/4467 4420/4420/4420 4470/4470/4470
f 4470/4470/4470 4471/4471/4471 4467/4467/4467
f 4443/4443/4443 4421/4421/4421 4432/4432/4432
f 4433/4433/4433 4443/4443/4443 4435/4435/4435
f 4421/4421/4421 4443/4443/4443 4433/4433/4433
f 4437/4437/4437 4433/4433/4433 4435/4435/4435
f 4419/4419/4419 4437/4437/4437 4434/4434/4434
f 4433/4433/4433 4437/4437/4437 4419/4419/4419
f 4435/4435/4435 4436/4436/4436 4439/4439/4439
f 4439/4439/4439 4437/4437/4437 4435/4435/4435
f 4437/4437/4437 4439/4439/4439 4438/4438/4438
f 4438/4438/4438 4434/4434/4434 4437/4437/4437
f 4432/4432/4432 4442/4442/4442 4444/4444/4444
f 4444/4444/4444 4443/4443/4443 4432/4432/4432
f 4443/4443/4443 4444/4444/4444 4436/4436/4436
f 4436/4436/4436 4435/4435/4435 4443/4443/4443
f 4468/4468/4468 4433/4433/4433 4419/4419/4419
f 4419/4419/4419 4420/4420/4420 4468/4468/4468
f 4433/4433/4433 4468/4468/4468 4422/4422/4422
f 4422/4422/4422 4421/4421/4421 4433/4433/4433
f 4469/4469/4469 4468/4468/4468 4420/4420/4420
f 4420/4420/4420 4467/4467/4467 4469/4469/4469
f 4464/4464/4464 4422/4422/4422 4468/4468/4468
f 4468/4468/4468 4469/4469/4469 4464/4464/4464
f 4452/4452/4452 4423/4423/4423 4445/4445/4445
f 4446/4446/4446 4452/4452/4452 4447/4447/4447
f 4423/4423/4423 4452/4452/4452 4446/4446/4446
f 4449/4449/4449 4446/4446/4446 4447/4447/4447
f 4421/4421/4421 4449/4449/4449 4432/4432/4432
f 4446/4446/4446 4449/4449/4449 4421/4421/4421
f 4447/4447/4447 4448/4448/4448 4450/4450/4450
f 4450/4450/4450 4449/4449/4449 4447/4447/4447
f 4449/4449/4449 4450/4450/4450 4442/4442/4442
f 4442/4442/4442 4432/4432/4432 4449/4449/4449
f 4445/4445/4445 4451/4451/4451 4453/4453/4453
f 4453/4453/4453 4452/4452/4452 4445/4445/4445
f 4452/4452/4452 4453/4453/4453 4448/4448/4448
f 4448/4448/4448 4447/4447/4447 4452/4452/4452
f 4465/4465/4465 4446/4446/4446 4421/4421/4421
f 4421/4421/4421 4422/4422/4422 4465/4465/4465
f 4446/4446/4446 4465/4465/4465 4424/4424/4424
f 4424/4424/4424 4423/4423/4423 4446/4446/4446
f 4466/4466/4466 4465/4465/4465 4422/4422/4422
f 4422/4422/4422 4464/4464/4464 4466/4466/4466
f 4461/4461/4461 4424/4424/4424 4465/4465/4465
f 4465/4465/4465 4466/4466/4466 4461/4461/4461
f 4454/4454/4454 4455/4455/4455 4445/4445/4445
f 4445/4445/4445 4423/4423/4423 4454/4454/4454
f 4463/4463/4463 4462/4462/4462 4424/4424/4424
f 4424/4424/4424 4461/4461/4461 4463/4463/4463
f 4438/4438/4438 4426/4426/4426 4441/4441/4441
f 4425/4425/4425 4441/4441/4441 4426/4426/4426
f 4441/4441/4441 4474/4474/4474 4440/4440/4440
f 4425/4425/4425 4474/4474/4474 4441/4441/4441
f 4438/4438/4438 4441/4441/4441 4434/4434/4434
f 4427/4427/4427 4426/4426/4426 4439/4439/4439
f 4428/4428/4428 4427/4427/4427 4444/4444/4444
f 4427/4427/4427 4439/4439/4439 4436/4436/4436
f 4427/4427/4427 4436/4436/4436 4444/4444/4444
f 4438/4438/4438 4439/4439/4439 4426/4426/4426
f 4440/4440/4440 4474/4474/4474 4473/4473/4473
f 4473/4473/4473 4470/4470/4470 4440/4440/4440
f 4470/4470/4470 4420/4420/4420 4419/4419/4419
f 4419/4419/4419 4440/4440/4440 4470/4470/4470
f 4472/4472/4472 4470/4470/4470 4473/4473/4473
f 4460/4460/4460 4471/4471/4471 4472/4472/4472
f 4470/4470/4470 4472/4472/4472 4471/4471/4471
f 4459/4459/4459 4471/4471/4471 4460/4460/4460
f 4458/4458/4458 4469/4469/4469 4459/4459/4459
f 4467/4467/4467 4459/4459/4459 4469/4469/4469
f 4458/4458/4458 4464/4464/4464 4469/4469/4469
f 4471/4471/4471 4459/4459/4459 4467/4467/4467
f 4442/4442/4442 4428/4428/4428 4444/4444/4444
f 4442/4442/4442 4450/4450/4450 4428/4428/4428
f 4429/4429/4429 4428/4428/4428 4450/4450/4450
f 4429/4429/4429 4450/4450/4450 4448/4448/4448
f 4429/4429/4429 4448/4448/4448 4453/4453/4453
f 4453/4453/4453 4430/4430/4430 4429/4429/4429
f 4455/4455/4455 4430/4430/4430 4451/4451/4451
f 4431/4431/4431 4430/4430/4430 4455/4455/4455
f 4451/4451/4451 4445/4445/4445 4455/4455/4455
f 4431/4431/4431 4455/4455/4455 4454/4454/4454
f 4454/4454/4454 4475/4475/4475 4431/4431/4431
f 4430/4430/4430 4453/4453/4453 4451/4451/4451
f 4424/4424/4424 4462/4462/4462 4454/4454/4454
f 4454/4454/4454 4423/4423/4423 4424/4424/4424
f 4457/4457/4457 4461/4461/4461 4466/4466/4466
f 4463/4463/4463 4461/4461/4461 4457/4457/4457
f 4466/4466/4466 4458/4458/4458 4457/4457/4457
f 4464/4464/4464 4458/4458/4458 4466/4466/4466
f 4462/4462/4462 4476/4476/4476 4475/4475/4475
f 4475/4475/4475 4454/4454/4454 4462/4462/4462
f 4477/4477/4477 4476/4476/4476 4462/4462/4462
f 4456/4456/4456 4477/4477/4477 4463/4463/4463
f 4462/4462/4462 4463/4463/4463 4477/4477/4477
f 4457/4457/4457 4456/4456/4456 4463/4463/4463
f 4489/4489/4489 4481/4481/4481 4488/4488/4488
f 4485/4485/4485 4483/4483/4483 4488/4488/4488
f 4478/4478/4478 4487/4487/4487 4483/4483/4483
f 4488/4488/4488 4483/4483/4483 4487/4487/4487
f 4481/4481/4481 4489/4489/4489 4480/4480/4480
f 4484/4484/4484 4481/4481/4481 4479/4479/4479
f 4485/4485/4485 4481/4481/4481 4484/4484/4484
f 4485/4485/4485 4486/4486/4486 4483/4483/4483
f 4486/4486/4486 4482/4482/4482 4483/4483/4483
f 4485/4485/4485 4488/4488/4488 4481/4481/4481
f 4490/4490/4490 4505/4505/4505 4512/4512/4512
f 4512/4512/4512 4511/4511/4511 4490/4490/4490
f 4538/4538/4538 4491/4491/4491 4541/4541/4541
f 4541/4541/4541 4542/4542/4542 4538/4538/4538
f 4514/4514/4514 4492/4492/4492 4503/4503/4503
f 4504/4504/4504 4514/4514/4514 4506/4506/4506
f 4492/4492/4492 4514/4514/4514 4504/4504/4504
f 4508/4508/4508 4504/4504/4504 4506/4506/4506
f 4490/4490/4490 4508/4508/4508 4505/4505/4505
f 4504/4504/4504 4508/4508/4508 4490/4490/4490
f 4506/4506/4506 4507/4507/4507 4510/4510/4510
f 4510/4510/4510 4508/4508/4508 4506/4506/4506
f 4508/4508/4508 4510/4510/4510 4509/4509/4509
f 4509/4509/4509 4505/4505/4505 4508/4508/4508
f 4503/4503/4503 4513/4513/4513 4515/4515/4515
f 4515/4515/4515 4514/4514/4514 4503/4503/4503
f 4514/4514/4514 4515/4515/4515 4507/4507/4507
f 4507/4507/4507 4506/4506/4506 4514/4514/4514
f 4539/4539/4539 4504/4504/4504 4490/4490/4490
f 4490/4490/4490 4491/4491/4491 4539/4539/4539
f 4504/4504/4504 4539/4539/4539 4493/4493/4493
f 4493/4493/4493 4492/4492/4492 4504/4504/4504
f 4540/4540/4540 4539/4539/4539 4491/4491/4491
f 4491/4491/4491 4538/4538/4538 4540/4540/4540
f 4535/4535/4535 4493/4493/4493 4539/4539/4539
f 4539/4539/4539 4540/4540/4540 4535/4535/4535
f 4523/4523/4523 4494/4494/4494 4516/4516/4516
f 4517/4517/4517 4523/4523/4523 4518/4518/4518
f 4494/4494/4494 4523/4523/4523 4517/4517/4517
f 4520/4520/4520 4517/4517/4517 4518/4518/4518
f 4492/4492/4492 4520/4520/4520 4503/4503/4503
f 4517/4517/4517 4520/4520/4520 4492/4492/4492
f 4518/4518/4518 4519/4519/4519 4521/4521/4521
f 4521/4521/4521 4520/4520/4520 4518/4518/4518
f 4520/4520/4520 4521/4521/4521 4513/4513/4513
f 4513/4513/4513 4503/4503/4503 4520/4520/4520
f 4516/4516/4516 4522/4522/4522 4524/4524/4524
f 4524/4524/4524 4523/4523/4523 4516/4516/4516
f 4523/4523/4523 4524/4524/4524 4519/4519/4519
f 4519/4519/4519 4518/4518/4518 4523/4523/4523
f 4536/4536/4536 4517/4517/4517 4492/4492/4492
f 4492/4492/4492 4493/4493/4493 4536/4536/4536
f 4517/4517/4517 4536/4536/4536 4495/4495/4495
f 4495/4495/4495 4494/4494/4494 4517/4517/4517
f 4537/4537/4537 4536/4536/4536 4493/4493/4493
f 4493/4493/4493 4535/4535/4535 4537/4537/4537
f 4532/4532/4532 4495/4495/4495 4536/4536/4536
f 4536/4536/4536 4537/4537/4537 4532/4532/4532
f 4525/4525/4525 4526/4526/4526 4516/4516/4516
f 4516/4516/4516 4494/4494/4494 4525/4525/4525
f 4534/4534/4534 4533/4533/4533 4495/4495/4495
f 4495/4495/4495 4532/4532/4532 4534/4534/4534
f 4509/4509/4509 4497/4497/4497 4512/4512/4512
f 4496/4496/4496 4512/4512/4512 4497/4497/4497
f 4512/4512/4512 4545/4545/4545 4511/4511/4511
f 4496/4496/4496 4545/4545/4545 4512/4512/4512
f 4509/4509/4509 4512/4512/4512 4505/4505/4505
f 4498/4498/4498 4497/4497/4497 4510/4510/4510
f 4499/4499/4499 4498/4498/4498 4515/4515/4515
f 4498/4498/4498 4510/4510/4510 4507/4507/4507
f 4498/4498/4498 4507/4507/4507 4515/4515/4515
f 4509/4509/4509 4510/4510/4510 4497/4497/4497
f 4511/4511/4511 4545/4545/4545 4544/4544/4544
f 4544/4544/4544 4541/4541/4541 4511/4511/4511
f 4541/4541/4541 4491/4491/4491 4490/4490/4490
f 4490/4490/4490 4511/4511/4511 4541/4541/4541
f 4543/4543/4543 4541/4541/4541 4544/4544/4544
f 4531/4531/4531 4542/4542/4542 4543/4543/4543
f 4541/4541/4541 4543/4543/4543 4542/4542/4542
f 4530/4530/4530 4542/4542/4542 4531/4531/4531
f 4529/4529/4529 4540/4540/4540 4530/4530/4530
f 4538/4538/4538 4530/4530/4530 4540/4540/4540
f 4529/4529/4529 4535/4535/4535 4540/4540/4540
f 4542/4542/4542 4530/4530/4530 4538/4538/4538
f 4513/4513/4513 4499/4499/4499 4515/4515/4515
f 4513/4513/4513 4521/4521/4521 4499/4499/4499
f 4500/4500/4500 4499/4499/4499 4521/4521/4521
f 4500/4500/4500 4521/4521/4521 4519/4519/4519
f 4500/4500/4500 4519/4519/4519 4524/4524/4524
f 4524/4524/4524 4501/4501/4501 4500/4500/4500
f 4526/4526/4526 4501/4501/4501 4522/4522/4522
f 4502/4502/4502 4501/4501/4501 4526/4526/4526
f 4522/4522/4522 4516/4516/4516 4526/4526/4526
f 4502/4502/4502 4526/4526/4526 4525/4525/4525
f 4525/4525/4525 4546/4546/4546 4502/4502/4502
f 4501/4501/4501 4524/4524/4524 4522/4522/4522
f 4495/4495/4495 4533/4533/4533 4525/4525/4525
f 4525/4525/4525 4494/4494/4494 4495/4495/4495
f 4528/4528/4528 4532/4532/4532 4537/4537/4537
f 4534/4534/4534 4532/4532/4532 4528/4528/4528
f 4537/4537/4537 4529/4529/4529 4528/4528/4528
f 4535/4535/4535 4529/4529/4529 4537/4537/4537
f 4533/4533/4533 4547/4547/4547 4546/4546/4546
f 4546/4546/4546 4525/4525/4525 4533/4533/4533
f 4548/4548/4548 4547/4547/4547 4533/4533/4533
f 4527/4527/4527 4548/4548/4548 4534/4534/4534
f 4533/4533/4533 4534/4534/4534 4548/4548/4548
f 4528/4528/4528 4527/4527/4527 4534/4534/4534
f 4560/4560/4560 4550/4550/4550 4551/4551/4551
f 4559/4559/4559 4560/4560/4560 4551/4551/4551
f 4559/4559/4559 4553/4553/4553 4558/4558/4558
f 4558/4558/4558 4553/4553/4553 4557/4557/4557
f 4551/4551/4551 4553/4553/4553 4559/4559/4559
f 4554/4554/4554 4555/4555/4555 4551/4551/4551
f 4551/4551/4551 4555/4555/4555 4553/4553/4553
f 4552/4552/4552 4553/4553/4553 4556/4556/4556
f 4555/4555/4555 4556/4556/4556 4553/4553/4553
f 4549/4549/4549 4554/4554/4554 4551/4551/4551
f 4561/4561/4561 4576/4576/4576 4583/4583/4583
f 4583/4583/4583 4582/4582/4582 4561/4561/4561
f 4609/4609/4609 4562/4562/4562 4612/4612/4612
f 4612/4612/4612 4613/4613/4613 4609/4609/4609
f 4585/4585/4585 4563/4563/4563 4574/4574/4574
f 4575/4575/4575 4585/4585/4585 4577/4577/4577
f 4563/4563/4563 4585/4585/4585 4575/4575/4575
f 4579/4579/4579 4575/4575/4575 4577/4577/4577
f 4561/4561/4561 4579/4579/4579 4576/4576/4576
f 4575/4575/4575 4579/4579/4579 4561/4561/4561
f 4577/4577/4577 4578/4578/4578 4581/4581/4581
f 4581/4581/4581 4579/4579/4579 4577/4577/4577
f 4579/4579/4579 4581/4581/4581 4580/4580/4580
f 4580/4580/4580 4576/4576/4576 4579/4579/4579
f 4574/4574/4574 4584/4584/4584 4586/4586/4586
f 4586/4586/4586 4585/4585/4585 4574/4574/4574
f 4585/4585/4585 4586/4586/4586 4578/4578/4578
f 4578/4578/4578 4577/4577/4577 4585/4585/4585
f 4610/4610/4610 4575/4575/4575 4561/4561/4561
f 4561/4561/4561 4562/4562/4562 4610/4610/4610
f 4575/4575/4575 4610/4610/4610 4564/4564/4564
f 4564/4564/4564 4563/4563/4563 4575/4575/4575
f 4611/4611/4611 4610/4610/4610 4562/4562/4562
f 4562/4562/4562 4609/4609/4609 4611/4611/4611
f 4606/4606/4606 4564/4564/4564 4610/4610/4610
f 4610/4610/4610 4611/4611/4611 4606/4606/4606
f 4594/4594/4594 4565/4565/4565 4587/4587/4587
f 4588/4588/4588 4594/4594/4594 4589/4589/4589
f 4565/4565/4565 4594/4594/4594 4588/4588/4588
f 4591/4591/4591 4588/4588/4588 4589/4589/4589
f 4563/4563/4563 4591/4591/4591 4574/4574/4574
f 4588/4588/4588 4591/4591/4591 4563/4563/4563
f 4589/4589/4589 4590/4590/4590 4592/4592/4592
f 4592/4592/4592 4591/4591/4591 4589/4589/4589
f 4591/4591/4591 4592/4592/4592 4584/4584/4584
f 4584/4584/4584 4574/4574/4574 4591/4591/4591
f 4587/4587/4587 4593/4593/4593 4595/4595/4595
f 4595/4595/4595 4594/4594/4594 4587/4587/4587
f 4594/4594/4594 4595/4595/4595 4590/4590/4590
f 4590/4590/4590 4589/4589/4589 4594/4594/4594
f 4607/4607/4607 4588/4588/4588 4563/4563/4563
f 4563/4563/4563 4564/4564/4564 4607/4607/4607
f 4588/4588/4588 4607/4607/4607 4566/4566/4566
f 4566/4566/4566 4565/4565/4565 4588/4588/4588
f 4608/4608/4608 4607/4607/4607 4564/4564/4564
f 4564/4564/4564 4606/4606/4606 4608/4608/4608
f 4603/4603/4603 4566/4566/4566 4607/4607/4607
f 4607/4607/4607 4608/4608/4608 4603/4603/4603
f 4596/4596/4596 4597/4597/4597 4587/4587/4587
f 4587/4587/4587 4565/4565/4565 4596/4596/4596
f 4605/4605/4605 4604/4604/4604 4566/4566/4566
f 4566/4566/4566 4603/4603/4603 4605/4605/4605
f 4580/4580/4580 4568/4568/4568 4583/4583/4583
f 4567/4567/4567 4583/4583/4583 4568/4568/4568
f 4583/4583/4583 4616/4616/4616 4582/4582/4582
f 4567/4567/4567 4616/4616/4616 4583/4583/4583
f 4580/4580/4580 4583/4583/4583 4576/4576/4576
f 4569/4569/4569 4568/4568/4568 4581/4581/4581
f 4570/4570/4570 4569/4569/4569 4586/4586/4586
f 4569/4569/4569 4581/4581/4581 4578/4578/4578
f 4569/4569/4569 4578/4578/4578 4586/4586/4586
f 4580/4580/4580 4581/4581/4581 4568/4568/4568
f 4582/4582/4582 4616/4616/4616 4615/4615/4615
f 4615/4615/4615 4612/4612/4612 4582/4582/4582
f 4612/4612/4612 4562/4562/4562 4561/4561/4561
f 4561/4561/4561 4582/4582/4582 4612/4612/4612
f 4614/4614/4614 4612/4612/4612 4615/4615/4615
f 4602/4602/4602 4613/4613/4613 4614/4614/4614
f 4612/4612/4612 4614/4614/4614 4613/4613/4613
f 4601/4601/4601 4613/4613/4613 4602/4602/4602
f 4600/4600/4600 4611/4611/4611 4601/4601/4601
f 4609/4609/4609 4601/4601/4601 4611/4611/4611
f 4600/4600/4600 4606/4606/4606 4611/4611/4611
f 4613/4613/4613 4601/4601/4601 4609/4609/4609
f 4584/4584/4584 4570/4570/4570 4586/4586/4586
f 4584/4584/4584 4592/4592/4592 4570/4570/4570
f 4571/4571/4571 4570/4570/4570 4592/4592/4592
f 4571/4571/4571 4592/4592/4592 4590/4590/4590
f 4571/4571/4571 4590/4590/4590 4595/4595/4595
f 4595/4595/4595 4572/4572/4572 4571/4571/4571
f 4597/4597/4597 4572/4572/4572 4593/4593/4593
f 4573/4573/4573 4572/4572/4572 4597/4597/4597
f 4593/4593/4593 4587/4587/4587 4597/4597/4597
f 4573/4573/4573 4597/4597/4597 4596/4596/4596
f 4596/4596/4596 4617/4617/4617 4573/4573/4573
f 4572/4572/4572 4595/4595/4595 4593/4593/4593
f 4566/4566/4566 4604/4604/4604 4596/4596/4596
f 4596/4596/4596 4565/4565/4565 4566/4566/4566
f 4599/4599/4599 4603/4603/4603 4608/4608/4608
f 4605/4605/4605 4603/4603/4603 4599/4599/4599
f 4608/4608/4608 4600/4600/4600 4599/4599/4599
f 4606/4606/4606 4600/4600/4600 4608/4608/4608
f 4604/4604/4604 4618/4618/4618 4617/4617/4617
f 4617/4617/4617 4596/4596/4596 4604/4604/4604
f 4619/4619/4619 4618/4618/4618 4604/4604/4604
f 4598/4598/4598 4619/4619/4619 4605/4605/4605
f 4604/4604/4604 4605/4605/4605 4619/4619/4619
f 4599/4599/4599 4598/4598/4598 4605/4605/4605
f 4631/4631/4631 4621/4621/4621 4622/4622/4622
f 4630/4630/4630 4631/4631/4631 4622/4622/4622
f 4630/4630/4630 4623/4623/4623 4629/4629/4629
f 4629/4629/4629 4623/4623/4623 4628/4628/4628
f 4622/4622/4622 4623/4623/4623 4630/4630/4630
f 4625/4625/4625 4626/4626/4626 4622/4622/4622
f 4622/4622/4622 4626/4626/4626 4623/4623/4623
f 4620/4620/4620 4623/4623/4623 4627/4627/4627
f 4626/4626/4626 4627/4627/4627 4623/4623/4623
f 4624/4624/4624 4625/4625/4625 4622/4622/4622
f 4632/4632/4632 4647/4647/4647 4654/4654/4654
f 4654/4654/4654 4653/4653/4653 4632/4632/4632
f 4680/4680/4680 4633/4633/4633 4683/4683/4683
f 4683/4683/4683 4684/4684/4684 4680/4680/4680
f 4656/4656/4656 4634/4634/4634 4645/4645/4645
f 4646/4646/4646 4656/4656/4656 4648/4648/4648
f 4634/4634/4634 4656/4656/4656 4646/4646/4646
f 4650/4650/4650 4646/4646/4646 4648/4648/4648
f 4632/4632/4632 4650/4650/4650 4647/4647/4647
f 4646/4646/4646 4650/4650/4650 4632/4632/4632
f 4648/4648/4648 4649/4649/4649 4652/4652/4652
f 4652/4652/4652 4650/4650/4650 4648/4648/4648
f 4650/4650/4650 4652/4652/4652 4651/4651/4651
f 4651/4651/4651 4647/4647/4647 4650/4650/4650
f 4645/4645/4645 4655/4655/4655 4657/4657/4657
f 4657/4657/4657 4656/4656/4656 4645/4645/4645
f 4656/4656/4656 4657/4657/4657 4649/4649/4649
f 4649/4649/4649 4648/4648/4648 4656/4656/4656
f 4681/4681/4681 4646/4646/4646 4632/4632/4632
f 4632/4632/4632 4633/4633/4633 4681/4681/4681
f 4646/4646/4646 4681/4681/4681 4635/4635/4635
f 4635/4635/4635 4634/4634/4634 4646/4646/4646
f 4682/4682/4682 4681/4681/4681 4633/4633/4633
f 4633/4633/4633 4680/4680/4680 4682/4682/4682
f 4677/4677/4677 4635/4635/4635 4681/4681/4681
f 4681/4681/4681 4682/4682/4682 4677/4677/4677
f 4665/4665/4665 4636/4636/4636 4658/4658/4658
f 4659/4659/4659 4665/4665/4665 4660/4660/4660
f 4636/4636/4636 4665/4665/4665 4659/4659/4659
f 4662/4662/4662 4659/4659/4659 4660/4660/4660
f 4634/4634/4634 4662/4662/4662 4645/4645/4645
f 4659/4659/4659 4662/4662/4662 4634/4634/4634
f 4660/4660/4660 4661/4661/4661 4663/4663/4663
f 4663/4663/4663 4662/4662/4662 4660/4660/4660
f 4662/4662/4662 4663/4663/4663 4655/4655/4655
f 4655/4655/4655 4645/4645/4645 4662/4662/4662
f 4658/4658/4658 4664/4664/4664 4666/4666/4666
f 4666/4666/4666 4665/4665/4665 4658/4658/4658
f 4665/4665/4665 4666/4666/4666 4661/4661/4661
f 4661/4661/4661 4660/4660/4660 4665/4665/4665
f 4678/4678/4678 4659/4659/4659 4634/4634/4634
f 4634/4634/4634 4635/4635/4635 4678/4678/4678
f 4659/4659/4659 4678/4678/4678 4637/4637/4637
f 4637/4637/4637 4636/4636/4636 4659/4659/4659
f 4679/4679/4679 4678/4678/4678 4635/4635/4635
f 4635/4635/4635 4677/4677/4677 4679/4679/4679
f 4674/4674/4674 4637/4637/4637 4678/4678/4678
f 4678/4678/4678 4679/4679/4679 4674/4674/4674
f 4667/4667/4667 4668/4668/4668 4658/4658/4658
f 4658/4658/4658 4636/4636/4636 4667/4667/4667
f 4676/4676/4676 4675/4675/4675 4637/4637/4637
f 4637/4637/4637 4674/4674/4674 4676/4676/4676
f 4651/4651/4651 4639/4639/4639 4654/4654/4654
f 4638/4638/4638 4654/4654/4654 4639/4639/4639
f 4654/4654/4654 4687/4687/4687 4653/4653/4653
f 4638/4638/4638 4687/4687/4687 4654/4654/4654
f 4651/4651/4651 4654/4654/4654 4647/4647/4647
f 4640/4640/4640 4639/4639/4639 4652/4652/4652
f 4641/4641/4641 4640/4640/4640 4657/4657/4657
f 4640/4640/4640 4652/4652/4652 4649/4649/4649
f 4640/4640/4640 4649/4649/4649 4657/4657/4657
f 4651/4651/4651 4652/4652/4652 4639/4639/4639
f 4653/4653/4653 4687/4687/4687 4686/4686/4686
f 4686/4686/4686 4683/4683/4683 4653/4653/4653
f 4683/4683/4683 4633/4633/4633 4632/4632/4632
f 4632/4632/4632 4653/4653/4653 4683/4683/4683
f 4685/4685/4685 4683/4683/4683 4686/4686/4686
f 4673/4673/4673 4684/4684/4684 4685/4685/4685
f 4683/4683/4683 4685/4685/4685 4684/4684/4684
f 4672/4672/4672 4684/4684/4684 4673/4673/4673
f 4671/4671/4671 4682/4682/4682 4672/4672/4672
f 4680/4680/4680 4672/4672/4672 4682/4682/4682
f 4671/4671/4671 4677/4677/4677 4682/4682/4682
f 4684/4684/4684 4672/4672/4672 4680/4680/4680
f 4655/4655/4655 4641/4641/4641 4657/4657/4657
f 4655/4655/4655 4663/4663/4663 4641/4641/4641
f 4642/4642/4642 4641/4641/4641 4663/4663/4663
f 4642/4642/4642 4663/4663/4663 4661/4661/4661
f 4642/4642/4642 4661/4661/4661 4666/4666/4666
f 4666/4666/4666 4643/4643/4643 4642/4642/4642
f 4668/4668/4668 4643/4643/4643 4664/4664/4664
f 4644/4644/4644 4643/4643/4643 4668/4668/4668
f 4664/4664/4664 4658/4658/4658 4668/4668/4668
f 4644/4644/4644 4668/4668/4668 4667/4667/4667
f 4667/4667/4667 4688/4688/4688 4644/4644/4644
f 4643/4643/4643 4666/4666/4666 4664/4664/4664
f 4637/4637/4637 4675/4675/4675 4667/4667/4667
f 4667/4667/4667 4636/4636/4636 4637/4637/4637
f 4670/4670/4670 4674/4674/4674 4679/4679/4679
f 4676/4676/4676 4674/4674/4674 4670/4670/4670
f 4679/4679/4679 4671/4671/4671 4670/4670/4670
f 4677/4677/4677 4671/4671/4671 4679/4679/4679
f 4675/4675/4675 4689/4689/4689 4688/4688/4688
f 4688/4688/4688 4667/4667/4667 4675/4675/4675
f 4690/4690/4690 4689/4689/4689 4675/4675/4675
f 4669/4669/4669 4690/4690/4690 4676/4676/4676
f 4675/4675/4675 4676/4676/4676 4690/4690/4690
f 4670/4670/4670 4669/4669/4669 4676/4676/4676
f 4696/4696/4696 4692/4692/4692 4693/4693/4693
f 4695/4695/4695 4696/4696/4696 4693/4693/4693
f 4695/4695/4695 4698/4698/4698 4694/4694/4694
f 4694/4694/4694 4698/4698/4698 4691/4691/4691
f 4693/4693/4693 4701/4701/4701 4695/4695/4695
f 4700/4700/4700 4701/4701/4701 4693/4693/4693
f 4695/4695/4695 4701/4701/4701 4698/4698/4698
f 4697/4697/4697 4698/4698/4698 4702/4702/4702
f 4701/4701/4701 4702/4702/4702 4698/4698/4698
f 4699/4699/4699 4700/4700/4700 4693/4693/4693
f 4792/4792/4792 4771/4771/4771 4772/4772/4772
f 4791/4791/4791 4792/4792/4792 4772/4772/4772
f 4770/4770/4770 4771/4771/4771 4792/4792/4792
f 4790/4790/4790 4791/4791/4791 4774/4774/4774
f 4772/4772/4772 4773/4773/4773 4791/4791/4791
f 4774/4774/4774 4791/4791/4791 4773/4773/4773
f 4790/4790/4790 4774/4774/4774 4775/4775/4775
f 4794/4794/4794 4766/4766/4766 4767/4767/4767
f 4765/4765/4765 4766/4766/4766 4795/4795/4795
f 4768/4768/4768 4794/4794/4794 4767/4767/4767
f 4793/4793/4793 4769/4769/4769 4770/4770/4770
f 4793/4793/4793 4794/4794/4794 4768/4768/4768
f 4793/4793/4793 4770/4770/4770 4792/4792/4792
f 4769/4769/4769 4793/4793/4793 4768/4768/4768
f 4766/4766/4766 4794/4794/4794 4795/4795/4795
f 4780/4780/4780 4781/4781/4781 4787/4787/4787
f 4781/4781/4781 4782/4782/4782 4787/4787/4787
f 4785/4785/4785 4786/4786/4786 4784/4784/4784
f 4782/4782/4782 4783/4783/4783 4786/4786/4786
f 4784/4784/4784 4786/4786/4786 4783/4783/4783
f 4782/4782/4782 4786/4786/4786 4787/4787/4787
f 4789/4789/4789 4776/4776/4776 4777/4777/4777
f 4776/4776/4776 4789/4789/4789 4790/4790/4790
f 4789/4789/4789 4777/4777/4777 4778/4778/4778
f 4775/4775/4775 4776/4776/4776 4790/4790/4790
f 4779/4779/4779 4780/4780/4780 4788/4788/4788
f 4787/4787/4787 4788/4788/4788 4780/4780/4780
f 4789/4789/4789 4778/4778/4778 4788/4788/4788
f 4779/4779/4779 4788/4788/4788 4778/4778/4778
f 4762/4762/4762 4763/4763/4763 4796/4796/4796
f 4764/4764/4764 4795/4795/4795 4763/4763/4763
f 4762/4762/4762 4796/4796/4796 4761/4761/4761
f 4760/4760/4760 4761/4761/4761 4797/4797/4797
f 4796/4796/4796 4797/4797/4797 4761/4761/4761
f 4795/4795/4795 4796/4796/4796 4763/4763/4763
f 4795/4795/4795 4764/4764/4764 4765/4765/4765
f 4759/4759/4759 4798/4798/4798 4758/4758/4758
f 4758/4758/4758 4798/4798/4798 4757/4757/4757
f 4759/4759/4759 4760/4760/4760 4797/4797/4797
f 4757/4757/4757 4799/4799/4799 4756/4756/4756
f 4799/4799/4799 4755/4755/4755 4756/4756/4756
f 4755/4755/4755 4799/4799/4799 4800/4800/4800
f 4798/4798/4798 4799/4799/4799 4757/4757/4757
f 4759/4759/4759 4797/4797/4797 4798/4798/4798
f 4753/4753/4753 4754/4754/4754 4800/4800/4800
f 4755/4755/4755 4800/4800/4800 4754/4754/4754
f 4753/4753/4753 4801/4801/4801 4752/4752/4752
f 4801/4801/4801 4753/4753/4753 4800/4800/4800
f 4751/4751/4751 4801/4801/4801 4802/4802/4802
f 4803/4803/4803 4749/4749/4749 4802/4802/4802
f 4751/4751/4751 4802/4802/4802 4750/4750/4750
f 4752/4752/4752 4801/4801/4801 4751/4751/4751
f 4803/4803/4803 4748/4748/4748 4749/4749/4749
f 4803/4803/4803 4747/4747/4747 4748/4748/4748
f 4749/4749/4749 4750/4750/4750 4802/4802/4802
f 4745/4745/4745 4746/4746/4746 4804/4804/4804
f 4747/4747/4747 4804/4804/4804 4746/4746/4746
f 4745/4745/4745 4805/4805/4805 4744/4744/4744
f 4804/4804/4804 4747/4747/4747 4803/4803/4803
f 4805/4805/4805 4745/4745/4745 4804/4804/4804
f 4703/4703/4703 4785/4785/4785 4784/4784/4784
f 4824/4824/4824 4785/4785/4785 4704/4704/4704
f 4703/4703/4703 4704/4704/4704 4785/4785/4785
f 4705/4705/4705 4824/4824/4824 4704/4704/4704
f 4824/4824/4824 4706/4706/4706 4823/4823/4823
f 4823/4823/4823 4706/4706/4706 4707/4707/4707
f 4705/4705/4705 4706/4706/4706 4824/4824/4824
f 4708/4708/4708 4823/4823/4823 4707/4707/4707
f 4823/4823/4823 4708/4708/4708 4822/4822/4822
f 4709/4709/4709 4822/4822/4822 4708/4708/4708
f 4821/4821/4821 4822/4822/4822 4710/4710/4710
f 4709/4709/4709 4710/4710/4710 4822/4822/4822
f 4821/4821/4821 4711/4711/4711 4712/4712/4712
f 4712/4712/4712 4820/4820/4820 4821/4821/4821
f 4820/4820/4820 4712/4712/4712 4713/4713/4713
f 4710/4710/4710 4711/4711/4711 4821/4821/4821
f 4820/4820/4820 4714/4714/4714 4819/4819/4819
f 4715/4715/4715 4819/4819/4819 4714/4714/4714
f 4713/4713/4713 4714/4714/4714 4820/4820/4820
f 4819/4819/4819 4716/4716/4716 4818/4818/4818
f 4718/4718/4718 4818/4818/4818 4717/4717/4717
f 4716/4716/4716 4717/4717/4717 4818/4818/4818
f 4715/4715/4715 4716/4716/4716 4819/4819/4819
f 4817/4817/4817 4718/4718/4718 4719/4719/4719
f 4817/4817/4817 4720/4720/4720 4816/4816/4816
f 4720/4720/4720 4817/4817/4817 4719/4719/4719
f 4818/4818/4818 4718/4718/4718 4817/4817/4817
f 4816/4816/4816 4721/4721/4721 4722/4722/4722
f 4816/4816/4816 4722/4722/4722 4815/4815/4815
f 4721/4721/4721 4816/4816/4816 4720/4720/4720
f 4722/4722/4722 4723/4723/4723 4815/4815/4815
f 4808/4808/4808 4739/4739/4739 4807/4807/4807
f 4809/4809/4809 4737/4737/4737 4808/4808/4808
f 4737/4737/4737 4738/4738/4738 4808/4808/4808
f 4735/4735/4735 4809/4809/4809 4810/4810/4810
f 4809/4809/4809 4735/4735/4735 4736/4736/4736
f 4735/4735/4735 4810/4810/4810 4734/4734/4734
f 4737/4737/4737 4809/4809/4809 4736/4736/4736
f 4743/4743/4743 4805/4805/4805 4806/4806/4806
f 4806/4806/4806 4742/4742/4742 4743/4743/4743
f 4742/4742/4742 4806/4806/4806 4741/4741/4741
f 4744/4744/4744 4805/4805/4805 4743/4743/4743
f 4740/4740/4740 4741/4741/4741 4807/4807/4807
f 4741/4741/4741 4806/4806/4806 4807/4807/4807
f 4807/4807/4807 4739/4739/4739 4740/4740/4740
f 4808/4808/4808 4738/4738/4738 4739/4739/4739
f 4814/4814/4814 4727/4727/4727 4813/4813/4813
f 4729/4729/4729 4813/4813/4813 4728/4728/4728
f 4813/4813/4813 4727/4727/4727 4728/4728/4728
f 4725/4725/4725 4814/4814/4814 4815/4815/4815
f 4725/4725/4725 4726/4726/4726 4814/4814/4814
f 4726/4726/4726 4727/4727/4727 4814/4814/4814
f 4724/4724/4724 4725/4725/4725 4815/4815/4815
f 4724/4724/4724 4815/4815/4815 4723/4723/4723
f 4733/4733/4733 4811/4811/4811 4732/4732/4732
f 4731/4731/4731 4732/4732/4732 4811/4811/4811
f 4733/4733/4733 4734/4734/4734 4810/4810/4810
f 4733/4733/4733 4810/4810/4810 4811/4811/4811
f 4730/4730/4730 4812/4812/4812 4729/4729/4729
f 4813/4813/4813 4729/4729/4729 4812/4812/4812
f 4812/4812/4812 4730/4730/4730 4731/4731/4731
f 4811/4811/4811 4812/4812/4812 4731/4731/4731
f 5252/5252/5252 4895/4895/4895 5253/5253/5253
f 5254/5254/5254 5253/5253/5253 4895/4895/4895
f 5251/5251/5251 4895/4895/4895 5252/5252/5252
f 5248/5248/5248 4896/4896/4896 5249/5249/5249
f 5250/5250/5250 5249/5249/5249 4896/4896/4896
f 5250/5250/5250 4895/4895/4895 5251/5251/5251
f 4896/4896/4896 4895/4895/4895 5250/5250/5250
f 5258/5258/5258 4894/4894/4894 5259/5259/5259
f 4893/4893/4893 5259/5259/5259 4894/4894/4894
f 5257/5257/5257 4894/4894/4894 5258/5258/5258
f 4894/4894/4894 5255/5255/5255 5254/5254/5254
f 4894/4894/4894 5257/5257/5257 5256/5256/5256
f 4894/4894/4894 5256/5256/5256 5255/5255/5255
f 5254/5254/5254 4895/4895/4895 4894/4894/4894
f 4897/4897/4897 5241/5241/5241 4898/4898/4898
f 4898/4898/4898 5241/5241/5241 5240/5240/5240
f 5238/5238/5238 5237/5237/5237 4898/4898/4898
f 5236/5236/5236 4898/4898/4898 5237/5237/5237
f 4898/4898/4898 5239/5239/5239 5238/5238/5238
f 5240/5240/5240 5239/5239/5239 4898/4898/4898
f 4897/4897/4897 5242/5242/5242 5241/5241/5241
f 5247/5247/5247 4896/4896/4896 5248/5248/5248
f 5246/5246/5246 4896/4896/4896 5247/5247/5247
f 5244/5244/5244 5243/5243/5243 4897/4897/4897
f 5242/5242/5242 4897/4897/4897 5243/5243/5243
f 4897/4897/4897 5245/5245/5245 5244/5244/5244
f 4896/4896/4896 5246/5246/5246 5245/5245/5245
f 4897/4897/4897 4896/4896/4896 5245/5245/5245
f 5276/5276/5276 4890/4890/4890 4889/4889/4889
f 5275/5275/5275 4890/4890/4890 5276/5276/5276
f 5277/5277/5277 5276/5276/5276 4889/4889/4889
f 4891/4891/4891 4890/4890/4890 5272/5272/5272
f 4890/4890/4890 5274/5274/5274 5273/5273/5273
f 5274/5274/5274 4890/4890/4890 5275/5275/5275
f 5272/5272/5272 4890/4890/4890 5273/5273/5273
f 5281/5281/5281 4888/4888/4888 5282/5282/5282
f 4889/4889/4889 4888/4888/4888 5281/5281/5281
f 5282/5282/5282 4888/4888/4888 4909/4909/4909
f 4889/4889/4889 5279/5279/5279 5278/5278/5278
f 4889/4889/4889 5281/5281/5281 5280/5280/5280
f 4889/4889/4889 5280/5280/5280 5279/5279/5279
f 5278/5278/5278 5277/5277/5277 4889/4889/4889
f 5264/5264/5264 5263/5263/5263 4892/4892/4892
f 4892/4892/4892 5263/5263/5263 4893/4893/4893
f 5261/5261/5261 5260/5260/5260 4893/4893/4893
f 5259/5259/5259 4893/4893/4893 5260/5260/5260
f 4893/4893/4893 5262/5262/5262 5261/5261/5261
f 5263/5263/5263 5262/5262/5262 4893/4893/4893
f 4892/4892/4892 5265/5265/5265 5264/5264/5264
f 5269/5269/5269 4891/4891/4891 5270/5270/5270
f 5271/5271/5271 4891/4891/4891 5272/5272/5272
f 5270/5270/5270 4891/4891/4891 5271/5271/5271
f 5267/5267/5267 5266/5266/5266 4892/4892/4892
f 5265/5265/5265 4892/4892/4892 5266/5266/5266
f 5267/5267/5267 4891/4891/4891 5268/5268/5268
f 4891/4891/4891 5269/5269/5269 5268/5268/5268
f 4891/4891/4891 5267/5267/5267 4892/4892/4892
f 5206/5206/5206 5205/5205/5205 4905/4905/4905
f 4906/4906/4906 4905/4905/4905 5205/5205/5205
f 5207/5207/5207 5206/5206/5206 4905/4905/4905
f 5203/5203/5203 5202/5202/5202 4906/4906/4906
f 5201/5201/5201 4906/4906/4906 5202/5202/5202
f 4906/4906/4906 5204/5204/5204 5203/5203/5203
f 5205/5205/5205 5204/5204/5204 4906/4906/4906
f 5211/5211/5211 4904/4904/4904 5212/5212/5212
f 5213/5213/5213 5212/5212/5212 4904/4904/4904
f 5210/5210/5210 4904/4904/4904 5211/5211/5211
f 5208/5208/5208 4905/4905/4905 5209/5209/5209
f 4905/4905/4905 4904/4904/4904 5210/5210/5210
f 5209/5209/5209 4905/4905/4905 5210/5210/5210
f 5208/5208/5208 5207/5207/5207 4905/4905/4905
f 4908/4908/4908 4907/4907/4907 5196/5196/5196
f 5193/5193/5193 4908/4908/4908 5194/5194/5194
f 5194/5194/5194 4908/4908/4908 5195/5195/5195
f 5191/5191/5191 5190/5190/5190 4825/4825/4825
f 4908/4908/4908 5193/5193/5193 5192/5192/5192
f 5192/5192/5192 5191/5191/5191 4825/4825/4825
f 4908/4908/4908 5192/5192/5192 4825/4825/4825
f 4907/4907/4907 5201/5201/5201 5200/5200/5200
f 4907/4907/4907 5200/5200/5200 5199/5199/5199
f 4908/4908/4908 5196/5196/5196 5195/5195/5195
f 4907/4907/4907 5198/5198/5198 5197/5197/5197
f 4907/4907/4907 5197/5197/5197 5196/5196/5196
f 5198/5198/5198 4907/4907/4907 5199/5199/5199
f 4906/4906/4906 5201/5201/5201 4907/4907/4907
f 5230/5230/5230 5229/5229/5229 4900/4900/4900
f 5228/5228/5228 4900/4900/4900 5229/5229/5229
f 5231/5231/5231 5230/5230/5230 4900/4900/4900
f 5225/5225/5225 4901/4901/4901 5226/5226/5226
f 5227/5227/5227 5226/5226/5226 4901/4901/4901
f 5227/5227/5227 4900/4900/4900 5228/5228/5228
f 4901/4901/4901 4900/4900/4900 5227/5227/5227
f 5235/5235/5235 4899/4899/4899 5236/5236/5236
f 4898/4898/4898 5236/5236/5236 4899/4899/4899
f 5234/5234/5234 4899/4899/4899 5235/5235/5235
f 4900/4900/4900 4899/4899/4899 5232/5232/5232
f 4899/4899/4899 5234/5234/5234 5233/5233/5233
f 4899/4899/4899 5233/5233/5233 5232/5232/5232
f 5232/5232/5232 5231/5231/5231 4900/4900/4900
f 5217/5217/5217 4903/4903/4903 5218/5218/5218
f 4902/4902/4902 5218/5218/5218 4903/4903/4903
f 5216/5216/5216 4903/4903/4903 5217/5217/5217
f 4904/4904/4904 4903/4903/4903 5214/5214/5214
f 4903/4903/4903 5216/5216/5216 5215/5215/5215
f 4903/4903/4903 5215/5215/5215 5214/5214/5214
f 5214/5214/5214 5213/5213/5213 4904/4904/4904
f 4902/4902/4902 5223/5223/5223 5222/5222/5222
f 5224/5224/5224 4901/4901/4901 5225/5225/5225
f 5223/5223/5223 4901/4901/4901 5224/5224/5224
f 5220/5220/5220 5219/5219/5219 4902/4902/4902
f 5218/5218/5218 4902/4902/4902 5219/5219/5219
f 4902/4902/4902 5221/5221/5221 5220/5220/5220
f 5222/5222/5222 5221/5221/5221 4902/4902/4902
f 4901/4901/4901 5223/5223/5223 4902/4902/4902
f 4888/4888/4888 4911/4911/4911 4910/4910/4910
f 4909/4909/4909 4888/4888/4888 4910/4910/4910
f 4887/4887/4887 4911/4911/4911 4888/4888/4888
f 4887/4887/4887 4912/4912/4912 4911/4911/4911
f 4887/4887/4887 4914/4914/4914 4913/4913/4913
f 4887/4887/4887 4913/4913/4913 4912/4912/4912
f 4915/4915/4915 4914/4914/4914 4887/4887/4887
f 4886/4886/4886 4916/4916/4916 4887/4887/4887
f 4915/4915/4915 4887/4887/4887 4916/4916/4916
f 4917/4917/4917 4916/4916/4916 4886/4886/4886
f 4918/4918/4918 4886/4886/4886 4919/4919/4919
f 4886/4886/4886 4885/4885/4885 4920/4920/4920
f 4919/4919/4919 4886/4886/4886 4920/4920/4920
f 4917/4917/4917 4886/4886/4886 4918/4918/4918
f 4922/4922/4922 4885/4885/4885 4923/4923/4923
f 4921/4921/4921 4885/4885/4885 4922/4922/4922
f 4924/4924/4924 4885/4885/4885 4925/4925/4925
f 4884/4884/4884 4926/4926/4926 4925/4925/4925
f 4885/4885/4885 4884/4884/4884 4925/4925/4925
f 4923/4923/4923 4885/4885/4885 4924/4924/4924
f 4928/4928/4928 4927/4927/4927 4884/4884/4884
f 4926/4926/4926 4884/4884/4884 4927/4927/4927
f 4929/4929/4929 4928/4928/4928 4884/4884/4884
f 4883/4883/4883 4930/4930/4930 4929/4929/4929
f 4932/4932/4932 4931/4931/4931 4883/4883/4883
f 4930/4930/4930 4883/4883/4883 4931/4931/4931
f 4884/4884/4884 4883/4883/4883 4929/4929/4929
f 4920/4920/4920 4885/4885/4885 4921/4921/4921
f 4882/4882/4882 4934/4934/4934 4933/4933/4933
f 4883/4883/4883 4882/4882/4882 4933/4933/4933
f 4936/4936/4936 4935/4935/4935 4882/4882/4882
f 4934/4934/4934 4882/4882/4882 4935/4935/4935
f 4882/4882/4882 4937/4937/4937 4936/4936/4936
f 4938/4938/4938 4937/4937/4937 4882/4882/4882
f 4932/4932/4932 4883/4883/4883 4933/4933/4933
f 4881/4881/4881 4939/4939/4939 4938/4938/4938
f 4940/4940/4940 4939/4939/4939 4881/4881/4881
f 4882/4882/4882 4881/4881/4881 4938/4938/4938
f 4881/4881/4881 4941/4941/4941 4940/4940/4940
f 4880/4880/4880 4942/4942/4942 4881/4881/4881
f 4881/4881/4881 4942/4942/4942 4941/4941/4941
f 4943/4943/4943 4942/4942/4942 4880/4880/4880
f 4945/4945/4945 4944/4944/4944 4880/4880/4880
f 4943/4943/4943 4880/4880/4880 4944/4944/4944
f 4946/4946/4946 4945/4945/4945 4880/4880/4880
f 4880/4880/4880 4947/4947/4947 4946/4946/4946
f 4948/4948/4948 4947/4947/4947 4879/4879/4879
f 4879/4879/4879 4947/4947/4947 4880/4880/4880
f 4949/4949/4949 4948/4948/4948 4879/4879/4879
f 4951/4951/4951 4950/4950/4950 4879/4879/4879
f 4949/4949/4949 4879/4879/4879 4950/4950/4950
f 4878/4878/4878 4951/4951/4951 4879/4879/4879
f 4952/4952/4952 4951/4951/4951 4878/4878/4878
f 4878/4878/4878 4954/4954/4954 4953/4953/4953
f 4956/4956/4956 4955/4955/4955 4878/4878/4878
f 4954/4954/4954 4878/4878/4878 4955/4955/4955
f 4952/4952/4952 4878/4878/4878 4953/4953/4953
f 4877/4877/4877 4957/4957/4957 4956/4956/4956
f 4958/4958/4958 4957/4957/4957 4877/4877/4877
f 4878/4878/4878 4877/4877/4877 4956/4956/4956
f 4877/4877/4877 4959/4959/4959 4958/4958/4958
f 4876/4876/4876 4960/4960/4960 4877/4877/4877
f 4877/4877/4877 4960/4960/4960 4959/4959/4959
f 4961/4961/4961 4960/4960/4960 4876/4876/4876
f 4963/4963/4963 4962/4962/4962 4876/4876/4876
f 4961/4961/4961 4876/4876/4876 4962/4962/4962
f 4964/4964/4964 4963/4963/4963 4876/4876/4876
f 4876/4876/4876 4875/4875/4875 4965/4965/4965
f 4965/4965/4965 4875/4875/4875 4966/4966/4966
f 4967/4967/4967 4966/4966/4966 4875/4875/4875
f 4964/4964/4964 4876/4876/4876 4965/4965/4965
f 4875/4875/4875 4874/4874/4874 4969/4969/4969
f 4968/4968/4968 4875/4875/4875 4969/4969/4969
f 4874/4874/4874 4971/4971/4971 4970/4970/4970
f 4973/4973/4973 4972/4972/4972 4874/4874/4874
f 4971/4971/4971 4874/4874/4874 4972/4972/4972
f 4969/4969/4969 4874/4874/4874 4970/4970/4970
f 4967/4967/4967 4875/4875/4875 4968/4968/4968
f 4874/4874/4874 4873/4873/4873 4974/4974/4974
f 4974/4974/4974 4873/4873/4873 4975/4975/4975
f 4976/4976/4976 4975/4975/4975 4873/4873/4873
f 4973/4973/4973 4874/4874/4874 4974/4974/4974
f 4873/4873/4873 4977/4977/4977 4976/4976/4976
f 4872/4872/4872 4978/4978/4978 4873/4873/4873
f 4873/4873/4873 4978/4978/4978 4977/4977/4977
f 4979/4979/4979 4978/4978/4978 4872/4872/4872
f 4872/4872/4872 4981/4981/4981 4980/4980/4980
f 4982/4982/4982 4981/4981/4981 4872/4872/4872
f 4979/4979/4979 4872/4872/4872 4980/4980/4980
f 4871/4871/4871 4982/4982/4982 4872/4872/4872
f 4984/4984/4984 4983/4983/4983 4871/4871/4871
f 4983/4983/4983 4982/4982/4982 4871/4871/4871
f 4985/4985/4985 4984/4984/4984 4871/4871/4871
f 4987/4987/4987 4986/4986/4986 4871/4871/4871
f 4985/4985/4985 4871/4871/4871 4986/4986/4986
f 4870/4870/4870 4987/4987/4987 4871/4871/4871
f 4870/4870/4870 4989/4989/4989 4988/4988/4988
f 4991/4991/4991 4990/4990/4990 4870/4870/4870
f 4989/4989/4989 4870/4870/4870 4990/4990/4990
f 4987/4987/4987 4870/4870/4870 4988/4988/4988
f 4869/4869/4869 4993/4993/4993 4992/4992/4992
f 4869/4869/4869 4992/4992/4992 4991/4991/4991
f 4869/4869/4869 4995/4995/4995 4994/4994/4994
f 4868/4868/4868 4997/4997/4997 4996/4996/4996
f 4869/4869/4869 4996/4996/4996 4995/4995/4995
f 4869/4869/4869 4994/4994/4994 4993/4993/4993
f 4869/4869/4869 4868/4868/4868 4996/4996/4996
f 4998/4998/4998 4997/4997/4997 4868/4868/4868
f 5000/5000/5000 4999/4999/4999 4868/4868/4868
f 4998/4998/4998 4868/4868/4868 4999/4999/4999
f 4867/4867/4867 5001/5001/5001 5000/5000/5000
f 5001/5001/5001 4867/4867/4867 5002/5002/5002
f 5002/5002/5002 4867/4867/4867 5003/5003/5003
f 4868/4868/4868 4867/4867/4867 5000/5000/5000
f 4870/4870/4870 4869/4869/4869 4991/4991/4991
f 5189/5189/5189 5188/5188/5188 4825/4825/4825
f 5187/5187/5187 4825/4825/4825 5188/5188/5188
f 5186/5186/5186 4826/4826/4826 5187/5187/5187
f 4825/4825/4825 5187/5187/5187 4826/4826/4826
f 4827/4827/4827 4826/4826/4826 5183/5183/5183
f 5186/5186/5186 5185/5185/5185 4826/4826/4826
f 4826/4826/4826 5185/5185/5185 5184/5184/5184
f 4826/4826/4826 5184/5184/5184 5183/5183/5183
f 4827/4827/4827 5182/5182/5182 5181/5181/5181
f 4827/4827/4827 5180/5180/5180 5179/5179/5179
f 5180/5180/5180 4827/4827/4827 5181/5181/5181
f 5182/5182/5182 4827/4827/4827 5183/5183/5183
f 5179/5179/5179 5178/5178/5178 4827/4827/4827
f 5177/5177/5177 4828/4828/4828 5178/5178/5178
f 4827/4827/4827 5178/5178/5178 4828/4828/4828
f 5176/5176/5176 4828/4828/4828 5177/5177/5177
f 5175/5175/5175 4828/4828/4828 5176/5176/5176
f 5173/5173/5173 4829/4829/4829 5174/5174/5174
f 4828/4828/4828 5175/5175/5175 5174/5174/5174
f 4828/4828/4828 5174/5174/5174 4829/4829/4829
f 5172/5172/5172 4829/4829/4829 5173/5173/5173
f 5171/5171/5171 4829/4829/4829 5172/5172/5172
f 5169/5169/5169 4829/4829/4829 5170/5170/5170
f 5167/5167/5167 4830/4830/4830 5168/5168/5168
f 5169/5169/5169 5168/5168/5168 4830/4830/4830
f 5170/5170/5170 4829/4829/4829 5171/5171/5171
f 5169/5169/5169 4830/4830/4830 4829/4829/4829
f 5166/5166/5166 4830/4830/4830 5167/5167/5167
f 5165/5165/5165 4830/4830/4830 5166/5166/5166
f 5163/5163/5163 4831/4831/4831 5164/5164/5164
f 5165/5165/5165 5164/5164/5164 4831/4831/4831
f 4831/4831/4831 5163/5163/5163 5162/5162/5162
f 5162/5162/5162 5161/5161/5161 4831/4831/4831
f 4830/4830/4830 5165/5165/5165 4831/4831/4831
f 4832/4832/4832 5161/5161/5161 5160/5160/5160
f 4832/4832/4832 5160/5160/5160 5159/5159/5159
f 5159/5159/5159 5158/5158/5158 4832/4832/4832
f 5157/5157/5157 4832/4832/4832 5158/5158/5158
f 4832/4832/4832 5157/5157/5157 5156/5156/5156
f 5156/5156/5156 4833/4833/4833 4832/4832/4832
f 4832/4832/4832 4831/4831/4831 5161/5161/5161
f 5154/5154/5154 4833/4833/4833 5155/5155/5155
f 5156/5156/5156 5155/5155/5155 4833/4833/4833
f 5153/5153/5153 4833/4833/4833 5154/5154/5154
f 5152/5152/5152 4833/4833/4833 5153/5153/5153
f 5150/5150/5150 4834/4834/4834 5151/5151/5151
f 5152/5152/5152 5151/5151/5151 4834/4834/4834
f 5152/5152/5152 4834/4834/4834 4833/4833/4833
f 5149/5149/5149 4834/4834/4834 5150/5150/5150
f 5147/5147/5147 4834/4834/4834 5148/5148/5148
f 5149/5149/5149 5148/5148/5148 4834/4834/4834
f 5145/5145/5145 4835/4835/4835 5146/5146/5146
f 5147/5147/5147 5146/5146/5146 4835/4835/4835
f 4835/4835/4835 5145/5145/5145 5144/5144/5144
f 5144/5144/5144 5143/5143/5143 4835/4835/4835
f 4835/4835/4835 4834/4834/4834 5147/5147/5147
f 4836/4836/4836 5143/5143/5143 5142/5142/5142
f 4836/4836/4836 5142/5142/5142 5141/5141/5141
f 5139/5139/5139 4836/4836/4836 5140/5140/5140
f 5141/5141/5141 5140/5140/5140 4836/4836/4836
f 4836/4836/4836 5139/5139/5139 5138/5138/5138
f 5138/5138/5138 4837/4837/4837 4836/4836/4836
f 4836/4836/4836 4835/4835/4835 5143/5143/5143
f 5136/5136/5136 4837/4837/4837 5137/5137/5137
f 5138/5138/5138 5137/5137/5137 4837/4837/4837
f 5135/5135/5135 4837/4837/4837 5136/5136/5136
f 4837/4837/4837 5135/5135/5135 5134/5134/5134
f 5133/5133/5133 5132/5132/5132 4838/4838/4838
f 4838/4838/4838 5134/5134/5134 5133/5133/5133
f 4837/4837/4837 5134/5134/5134 4838/4838/4838
f 5130/5130/5130 4838/4838/4838 5131/5131/5131
f 5132/5132/5132 5131/5131/5131 4838/4838/4838
f 5129/5129/5129 4838/4838/4838 5130/5130/5130
f 4839/4839/4839 5129/5129/5129 5128/5128/5128
f 5126/5126/5126 4839/4839/4839 5127/5127/5127
f 5128/5128/5128 5127/5127/5127 4839/4839/4839
f 4839/4839/4839 4838/4838/4838 5129/5129/5129
f 5125/5125/5125 4839/4839/4839 5126/5126/5126
f 4840/4840/4840 5125/5125/5125 5124/5124/5124
f 5122/5122/5122 4840/4840/4840 5123/5123/5123
f 5124/5124/5124 5123/5123/5123 4840/4840/4840
f 4840/4840/4840 5122/5122/5122 5121/5121/5121
f 5121/5121/5121 5120/5120/5120 4840/4840/4840
f 5125/5125/5125 4840/4840/4840 4839/4839/4839
f 4841/4841/4841 5120/5120/5120 5119/5119/5119
f 4841/4841/4841 5119/5119/5119 5118/5118/5118
f 5116/5116/5116 4841/4841/4841 5117/5117/5117
f 5118/5118/5118 5117/5117/5117 4841/4841/4841
f 5116/5116/5116 5115/5115/5115 4842/4842/4842
f 4842/4842/4842 4841/4841/4841 5116/5116/5116
f 4841/4841/4841 4840/4840/4840 5120/5120/5120
f 4842/4842/4842 5114/5114/5114 5113/5113/5113
f 4842/4842/4842 5113/5113/5113 5112/5112/5112
f 5111/5111/5111 4843/4843/4843 5112/5112/5112
f 4843/4843/4843 5111/5111/5111 5110/5110/5110
f 5110/5110/5110 5109/5109/5109 4843/4843/4843
f 5112/5112/5112 4843/4843/4843 4842/4842/4842
f 4842/4842/4842 5115/5115/5115 5114/5114/5114
f 5107/5107/5107 4843/4843/4843 5108/5108/5108
f 5109/5109/5109 5108/5108/5108 4843/4843/4843
f 4844/4844/4844 4843/4843/4843 5107/5107/5107
f 4844/4844/4844 5106/5106/5106 5105/5105/5105
f 5103/5103/5103 4844/4844/4844 5104/5104/5104
f 5105/5105/5105 5104/5104/5104 4844/4844/4844
f 4844/4844/4844 5107/5107/5107 5106/5106/5106
f 4845/4845/4845 5103/5103/5103 5102/5102/5102
f 4845/4845/4845 5101/5101/5101 5100/5100/5100
f 5101/5101/5101 4845/4845/4845 5102/5102/5102
f 5098/5098/5098 4845/4845/4845 5099/5099/5099
f 5100/5100/5100 5099/5099/5099 4845/4845/4845
f 5098/5098/5098 5097/5097/5097 4846/4846/4846
f 4846/4846/4846 4845/4845/4845 5098/5098/5098
f 4845/4845/4845 4844/4844/4844 5103/5103/5103
f 4860/4860/4860 5034/5034/5034 5033/5033/5033
f 5035/5035/5035 5034/5034/5034 4860/4860/4860
f 5032/5032/5032 4860/4860/4860 5033/5033/5033
f 5037/5037/5037 5036/5036/5036 4859/4859/4859
f 4860/4860/4860 5036/5036/5036 5035/5035/5035
f 4860/4860/4860 4859/4859/4859 5036/5036/5036
f 5038/5038/5038 5037/5037/5037 4859/4859/4859
f 4861/4861/4861 5029/5029/5029 5028/5028/5028
f 4861/4861/4861 5028/5028/5028 5027/5027/5027
f 5031/5031/5031 4860/4860/4860 5032/5032/5032
f 5031/5031/5031 5030/5030/5030 4861/4861/4861
f 5029/5029/5029 4861/4861/4861 5030/5030/5030
f 5031/5031/5031 4861/4861/4861 4860/4860/4860
f 4862/4862/4862 4861/4861/4861 5027/5027/5027
f 4857/4857/4857 5046/5046/5046 5045/5045/5045
f 5045/5045/5045 5044/5044/5044 4858/4858/4858
f 4857/4857/4857 5049/5049/5049 5048/5048/5048
f 5046/5046/5046 4857/4857/4857 5047/5047/5047
f 5048/5048/5048 5047/5047/5047 4857/4857/4857
f 4857/4857/4857 4856/4856/4856 5049/5049/5049
f 4857/4857/4857 5045/5045/5045 4858/4858/4858
f 5040/5040/5040 5039/5039/5039 4859/4859/4859
f 5038/5038/5038 4859/4859/4859 5039/5039/5039
f 4858/4858/4858 5040/5040/5040 4859/4859/4859
f 4858/4858/4858 5043/5043/5043 5042/5042/5042
f 5040/5040/5040 4858/4858/4858 5041/5041/5041
f 5042/5042/5042 5041/5041/5041 4858/4858/4858
f 4858/4858/4858 5044/5044/5044 5043/5043/5043
f 4865/4865/4865 5010/5010/5010 5009/5009/5009
f 4866/4866/4866 5009/5009/5009 5008/5008/5008
f 4865/4865/4865 5014/5014/5014 5013/5013/5013
f 4865/4865/4865 5012/5012/5012 5011/5011/5011
f 5012/5012/5012 4865/4865/4865 5013/5013/5013
f 4865/4865/4865 5011/5011/5011 5010/5010/5010
f 4867/4867/4867 4866/4866/4866 5005/5005/5005
f 5004/5004/5004 4867/4867/4867 5005/5005/5005
f 5007/5007/5007 4866/4866/4866 5008/5008/5008
f 4865/4865/4865 5009/5009/5009 4866/4866/4866
f 5005/5005/5005 4866/4866/4866 5006/5006/5006
f 5007/5007/5007 5006/5006/5006 4866/4866/4866
f 5003/5003/5003 4867/4867/4867 5004/5004/5004
f 4865/4865/4865 4864/4864/4864 5014/5014/5014
f 5023/5023/5023 5022/5022/5022 4863/4863/4863
f 5022/5022/5022 5021/5021/5021 4863/4863/4863
f 4862/4862/4862 5026/5026/5026 5025/5025/5025
f 5023/5023/5023 4862/4862/4862 5024/5024/5024
f 5025/5025/5025 5024/5024/5024 4862/4862/4862
f 4862/4862/4862 5027/5027/5027 5026/5026/5026
f 5023/5023/5023 4863/4863/4863 4862/4862/4862
f 4864/4864/4864 5017/5017/5017 5016/5016/5016
f 5014/5014/5014 4864/4864/4864 5015/5015/5015
f 5016/5016/5016 5015/5015/5015 4864/4864/4864
f 4864/4864/4864 5018/5018/5018 5017/5017/5017
f 4863/4863/4863 5020/5020/5020 5019/5019/5019
f 4864/4864/4864 4863/4863/4863 5018/5018/5018
f 5019/5019/5019 5018/5018/5018 4863/4863/4863
f 4863/4863/4863 5021/5021/5021 5020/5020/5020
f 4849/4849/4849 5080/5080/5080 4850/4850/4850
f 4850/4850/4850 5080/5080/5080 5079/5079/5079
f 5084/5084/5084 5083/5083/5083 4849/4849/4849
f 5082/5082/5082 5081/5081/5081 4849/4849/4849
f 4849/4849/4849 5083/5083/5083 5082/5082/5082
f 5081/5081/5081 5080/5080/5080 4849/4849/4849
f 4851/4851/4851 5075/5075/5075 5074/5074/5074
f 5076/5076/5076 5075/5075/5075 4851/4851/4851
f 5073/5073/5073 4851/4851/4851 5074/5074/5074
f 5077/5077/5077 4850/4850/4850 5078/5078/5078
f 5079/5079/5079 5078/5078/5078 4850/4850/4850
f 4850/4850/4850 5077/5077/5077 5076/5076/5076
f 5076/5076/5076 4851/4851/4851 4850/4850/4850
f 4849/4849/4849 5085/5085/5085 5084/5084/5084
f 4847/4847/4847 5094/5094/5094 5093/5093/5093
f 4847/4847/4847 5093/5093/5093 5092/5092/5092
f 5095/5095/5095 4846/4846/4846 5096/5096/5096
f 5097/5097/5097 5096/5096/5096 4846/4846/4846
f 5095/5095/5095 5094/5094/5094 4846/4846/4846
f 4847/4847/4847 4846/4846/4846 5094/5094/5094
f 5091/5091/5091 4847/4847/4847 5092/5092/5092
f 5087/5087/5087 5086/5086/5086 4848/4848/4848
f 4848/4848/4848 5085/5085/5085 4849/4849/4849
f 5086/5086/5086 5085/5085/5085 4848/4848/4848
f 4848/4848/4848 5088/5088/5088 5087/5087/5087
f 5090/5090/5090 4847/4847/4847 5091/5091/5091
f 5088/5088/5088 4848/4848/4848 5089/5089/5089
f 4847/4847/4847 5090/5090/5090 5089/5089/5089
f 4847/4847/4847 5089/5089/5089 4848/4848/4848
f 4855/4855/4855 5057/5057/5057 5056/5056/5056
f 5058/5058/5058 5057/5057/5057 4855/4855/4855
f 5055/5055/5055 4855/4855/4855 5056/5056/5056
f 5060/5060/5060 5059/5059/5059 4854/4854/4854
f 4854/4854/4854 5058/5058/5058 4855/4855/4855
f 4854/4854/4854 5059/5059/5059 5058/5058/5058
f 5061/5061/5061 5060/5060/5060 4854/4854/4854
f 4856/4856/4856 5052/5052/5052 5051/5051/5051
f 4856/4856/4856 5051/5051/5051 5050/5050/5050
f 5054/5054/5054 4855/4855/4855 5055/5055/5055
f 5054/5054/5054 5053/5053/5053 4856/4856/4856
f 5052/5052/5052 4856/4856/4856 5053/5053/5053
f 5054/5054/5054 4856/4856/4856 4855/4855/4855
f 5049/5049/5049 4856/4856/4856 5050/5050/5050
f 4852/4852/4852 5070/5070/5070 5069/5069/5069
f 4852/4852/4852 5069/5069/5069 5068/5068/5068
f 5072/5072/5072 4851/4851/4851 5073/5073/5073
f 5072/5072/5072 5071/5071/5071 4852/4852/4852
f 5070/5070/5070 4852/4852/4852 5071/5071/5071
f 5072/5072/5072 4852/4852/4852 4851/4851/4851
f 5067/5067/5067 4852/4852/4852 5068/5068/5068
f 4853/4853/4853 5063/5063/5063 4854/4854/4854
f 5063/5063/5063 5062/5062/5062 4854/4854/4854
f 5061/5061/5061 4854/4854/4854 5062/5062/5062
f 4853/4853/4853 5064/5064/5064 5063/5063/5063
f 4853/4853/4853 5067/5067/5067 5066/5066/5066
f 5064/5064/5064 4853/4853/4853 5065/5065/5065
f 5066/5066/5066 5065/5065/5065 4853/4853/4853
f 4853/4853/4853 4852/4852/4852 5067/5067/5067
f 4825/4825/4825 5190/5190/5190 5189/5189/5189
f 5473/5473/5473 5472/5472/5472 5284/5284/5284
f 5284/5284/5284 5283/5283/5283 5473/5473/5473
f 5474/5474/5474 5475/5475/5475 5470/5470/5470
f 5470/5470/5470 5471/5471/5471 5474/5474/5474
f 5475/5475/5475 5476/5476/5476 5469/5469/5469
f 5469/5469/5469 5470/5470/5470 5475/5475/5475
f 5473/5473/5473 5474/5474/5474 5471/5471/5471
f 5471/5471/5471 5472/5472/5472 5473/5473/5473
f 5477/5477/5477 5478/5478/5478 5467/5467/5467
f 5467/5467/5467 5468/5468/5468 5477/5477/5477
f 5478/5478/5478 5479/5479/5479 5466/5466/5466
f 5466/5466/5466 5467/5467/5467 5478/5478/5478
f 5480/5480/5480 5481/5481/5481 5464/5464/5464
f 5464/5464/5464 5465/5465/5465 5480/5480/5480
f 5481/5481/5481 5482/5482/5482 5463/5463/5463
f 5463/5463/5463 5464/5464/5464 5481/5481/5481
f 5479/5479/5479 5480/5480/5480 5465/5465/5465
f 5465/5465/5465 5466/5466/5466 5479/5479/5479
f 5476/5476/5476 5477/5477/5477 5468/5468/5468
f 5468/5468/5468 5469/5469/5469 5476/5476/5476
f 5483/5483/5483 5484/5484/5484 5461/5461/5461
f 5461/5461/5461 5462/5462/5462 5483/5483/5483
f 5484/5484/5484 5485/5485/5485 5460/5460/5460
f 5460/5460/5460 5461/5461/5461 5484/5484/5484
f 5486/5486/5486 5487/5487/5487 5458/5458/5458
f 5458/5458/5458 5459/5459/5459 5486/5486/5486
f 5487/5487/5487 5488/5488/5488 5457/5457/5457
f 5457/5457/5457 5458/5458/5458 5487/5487/5487
f 5485/5485/5485 5486/5486/5486 5459/5459/5459
f 5459/5459/5459 5460/5460/5460 5485/5485/5485
f 5489/5489/5489 5490/5490/5490 5455/5455/5455
f 5455/5455/5455 5456/5456/5456 5489/5489/5489
f 5490/5490/5490 5491/5491/5491 5454/5454/5454
f 5454/5454/5454 5455/5455/5455 5490/5490/5490
f 5492/5492/5492 5493/5493/5493 5452/5452/5452
f 5452/5452/5452 5453/5453/5453 5492/5492/5492
f 5493/5493/5493 5494/5494/5494 5451/5451/5451
f 5451/5451/5451 5452/5452/5452 5493/5493/5493
f 5491/5491/5491 5492/5492/5492 5453/5453/5453
f 5453/5453/5453 5454/5454/5454 5491/5491/5491
f 5488/5488/5488 5489/5489/5489 5456/5456/5456
f 5456/5456/5456 5457/5457/5457 5488/5488/5488
f 5482/5482/5482 5483/5483/5483 5462/5462/5462
f 5462/5462/5462 5463/5463/5463 5482/5482/5482
f 5495/5495/5495 5496/5496/5496 5449/5449/5449
f 5449/5449/5449 5450/5450/5450 5495/5495/5495
f 5496/5496/5496 5497/5497/5497 5448/5448/5448
f 5448/5448/5448 5449/5449/5449 5496/5496/5496
f 5498/5498/5498 5499/5499/5499 5446/5446/5446
f 5446/5446/5446 5447/5447/5447 5498/5498/5498
f 5499/5499/5499 5500/5500/5500 5445/5445/5445
f 5445/5445/5445 5446/5446/5446 5499/5499/5499
f 5497/5497/5497 5498/5498/5498 5447/5447/5447
f 5447/5447/5447 5448/5448/5448 5497/5497/5497
f 5501/5501/5501 5502/5502/5502 5443/5443/5443
f 5443/5443/5443 5444/5444/5444 5501/5501/5501
f 5502/5502/5502 5503/5503/5503 5442/5442/5442
f 5442/5442/5442 5443/5443/5443 5502/5502/5502
f 5504/5504/5504 5505/5505/5505 5440/5440/5440
f 5440/5440/5440 5441/5441/5441 5504/5504/5504
f 5505/5505/5505 5506/5506/5506 5439/5439/5439
f 5439/5439/5439 5440/5440/5440 5505/5505/5505
f 5503/5503/5503 5504/5504/5504 5441/5441/5441
f 5441/5441/5441 5442/5442/5442 5503/5503/5503
f 5500/5500/5500 5501/5501/5501 5444/5444/5444
f 5444/5444/5444 5445/5445/5445 5500/5500/5500
f 5507/5507/5507 5508/5508/5508 5437/5437/5437
f 5437/5437/5437 5438/5438/5438 5507/5507/5507
f 5508/5508/5508 5509/5509/5509 5436/5436/5436
f 5436/5436/5436 5437/5437/5437 5508/5508/5508
f 5510/5510/5510 5511/5511/5511 5434/5434/5434
f 5434/5434/5434 5435/5435/5435 5510/5510/5510
f 5511/5511/5511 5512/5512/5512 5433/5433/5433
f 5433/5433/5433 5434/5434/5434 5511/5511/5511
f 5509/5509/5509 5510/5510/5510 5435/5435/5435
f 5435/5435/5435 5436/5436/5436 5509/5509/5509
f 5513/5513/5513 5514/5514/5514 5431/5431/5431
f 5431/5431/5431 5432/5432/5432 5513/5513/5513
f 5514/5514/5514 5515/5515/5515 5430/5430/5430
f 5430/5430/5430 5431/5431/5431 5514/5514/5514
f 5516/5516/5516 5517/5517/5517 5428/5428/5428
f 5428/5428/5428 5429/5429/5429 5516/5516/5516
f 5517/5517/5517 5518/5518/5518 5427/5427/5427
f 5427/5427/5427 5428/5428/5428 5517/5517/5517
f 5515/5515/5515 5516/5516/5516 5429/5429/5429
f 5429/5429/5429 5430/5430/5430 5515/5515/5515
f 5512/5512/5512 5513/5513/5513 5432/5432/5432
f 5432/5432/5432 5433/5433/5433 5512/5512/5512
f 5506/5506/5506 5507/5507/5507 5438/5438/5438
f 5438/5438/5438 5439/5439/5439 5506/5506/5506
f 5494/5494/5494 5495/5495/5495 5450/5450/5450
f 5450/5450/5450 5451/5451/5451 5494/5494/5494
f 5519/5519/5519 5520/5520/5520 5425/5425/5425
f 5425/5425/5425 5426/5426/5426 5519/5519/5519
f 5521/5521/5521 5522/5522/5522 5423/5423/5423
f 5423/5423/5423 5424/5424/5424 5521/5521/5521
f 5522/5522/5522 5523/5523/5523 5422/5422/5422
f 5422/5422/5422 5423/5423/5423 5522/5522/5522
f 5520/5520/5520 5521/5521/5521 5424/5424/5424
f 5424/5424/5424 5425/5425/5425 5520/5520/5520
f 5524/5524/5524 5525/5525/5525 5420/5420/5420
f 5420/5420/5420 5421/5421/5421 5524/5524/5524
f 5525/5525/5525 5526/5526/5526 5419/5419/5419
f 5419/5419/5419 5420/5420/5420 5525/5525/5525
f 5527/5527/5527 5528/5528/5528 5417/5417/5417
f 5417/5417/5417 5418/5418/5418 5527/5527/5527
f 5528/5528/5528 5529/5529/5529 5416/5416/5416
f 5416/5416/5416 5417/5417/5417 5528/5528/5528
f 5526/5526/5526 5527/5527/5527 5418/5418/5418
f 5418/5418/5418 5419/5419/5419 5526/5526/5526
f 5523/5523/5523 5524/5524/5524 5421/5421/5421
f 5421/5421/5421 5422/5422/5422 5523/5523/5523
f 5530/5530/5530 5531/5531/5531 5414/5414/5414
f 5414/5414/5414 5415/5415/5415 5530/5530/5530
f 5531/5531/5531 5532/5532/5532 5413/5413/5413
f 5413/5413/5413 5414/5414/5414 5531/5531/5531
f 5533/5533/5533 5534/5534/5534 5411/5411/5411
f 5411/5411/5411 5412/5412/5412 5533/5533/5533
f 5534/5534/5534 5535/5535/5535 5410/5410/5410
f 5410/5410/5410 5411/5411/5411 5534/5534/5534
f 5532/5532/5532 5533/5533/5533 5412/5412/5412
f 5412/5412/5412 5413/5413/5413 5532/5532/5532
f 5536/5536/5536 5537/5537/5537 5408/5408/5408
f 5408/5408/5408 5409/5409/5409 5536/5536/5536
f 5537/5537/5537 5538/5538/5538 5407/5407/5407
f 5407/5407/5407 5408/5408/5408 5537/5537/5537
f 5539/5539/5539 5540/5540/5540 5405/5405/5405
f 5405/5405/5405 5406/5406/5406 5539/5539/5539
f 5540/5540/5540 5541/5541/5541 5404/5404/5404
f 5404/5404/5404 5405/5405/5405 5540/5540/5540
f 5538/5538/5538 5539/5539/5539 5406/5406/5406
f 5406/5406/5406 5407/5407/5407 5538/5538/5538
f 5535/5535/5535 5536/5536/5536 5409/5409/5409
f 5409/5409/5409 5410/5410/5410 5535/5535/5535
f 5529/5529/5529 5530/5530/5530 5415/5415/5415
f 5415/5415/5415 5416/5416/5416 5529/5529/5529
f 5542/5542/5542 5543/5543/5543 5402/5402/5402
f 5402/5402/5402 5403/5403/5403 5542/5542/5542
f 5543/5543/5543 5544/5544/5544 5401/5401/5401
f 5401/5401/5401 5402/5402/5402 5543/5543/5543
f 5545/5545/5545 5546/5546/5546 5399/5399/5399
f 5399/5399/5399 5400/5400/5400 5545/5545/5545
f 5546/5546/5546 5547/5547/5547 5398/5398/5398
f 5398/5398/5398 5399/5399/5399 5546/5546/5546
f 5544/5544/5544 5545/5545/5545 5400/5400/5400
f 5400/5400/5400 5401/5401/5401 5544/5544/5544
f 5548/5548/5548 5549/5549/5549 5396/5396/5396
f 5396/5396/5396 5397/5397/5397 5548/5548/5548
f 5549/5549/5549 5550/5550/5550 5395/5395/5395
f 5395/5395/5395 5396/5396/5396 5549/5549/5549
f 5551/5551/5551 5552/5552/5552 5393/5393/5393
f 5393/5393/5393 5394/5394/5394 5551/5551/5551
f 5552/5552/5552 5553/5553/5553 5392/5392/5392
f 5392/5392/5392 5393/5393/5393 5552/5552/5552
f 5550/5550/5550 5551/5551/5551 5394/5394/5394
f 5394/5394/5394 5395/5395/5395 5550/5550/5550
f 5547/5547/5547 5548/5548/5548 5397/5397/5397
f 5397/5397/5397 5398/5398/5398 5547/5547/5547
f 5554/5554/5554 5555/5555/5555 5390/5390/5390
f 5390/5390/5390 5391/5391/5391 5554/5554/5554
f 5555/5555/5555 5556/5556/5556 5389/5389/5389
f 5389/5389/5389 5390/5390/5390 5555/5555/5555
f 5557/5557/5557 5558/5558/5558 5387/5387/5387
f 5387/5387/5387 5388/5388/5388 5557/5557/5557
f 5558/5558/5558 5559/5559/5559 5386/5386/5386
f 5386/5386/5386 5387/5387/5387 5558/5558/5558
f 5556/5556/5556 5557/5557/5557 5388/5388/5388
f 5388/5388/5388 5389/5389/5389 5556/5556/5556
f 5560/5560/5560 5561/5561/5561 5384/5384/5384
f 5384/5384/5384 5385/5385/5385 5560/5560/5560
f 5561/5561/5561 5562/5562/5562 5383/5383/5383
f 5383/5383/5383 5384/5384/5384 5561/5561/5561
f 5563/5563/5563 5564/5564/5564 5381/5381/5381
f 5381/5381/5381 5382/5382/5382 5563/5563/5563
f 5564/5564/5564 5565/5565/5565 5380/5380/5380
f 5380/5380/5380 5381/5381/5381 5564/5564/5564
f 5562/5562/5562 5563/5563/5563 5382/5382/5382
f 5382/5382/5382 5383/5383/5383 5562/5562/5562
f 5559/5559/5559 5560/5560/5560 5385/5385/5385
f 5385/5385/5385 5386/5386/5386 5559/5559/5559
f 5553/5553/5553 5554/5554/5554 5391/5391/5391
f 5391/5391/5391 5392/5392/5392 5553/5553/5553
f 5541/5541/5541 5542/5542/5542 5403/5403/5403
f 5403/5403/5403 5404/5404/5404 5541/5541/5541
f 5518/5518/5518 5519/5519/5519 5426/5426/5426
f 5426/5426/5426 5427/5427/5427 5518/5518/5518
f 5379/5379/5379 5380/5380/5380 5565/5565/5565
f 5565/5565/5565 5566/5566/5566 5379/5379/5379
f 5566/5566/5566 5567/5567/5567 5378/5378/5378
f 5378/5378/5378 5379/5379/5379 5566/5566/5566
f 5568/5568/5568 5569/5569/5569 5376/5376/5376
f 5376/5376/5376 5377/5377/5377 5568/5568/5568
f 5569/5569/5569 5570/5570/5570 5375/5375/5375
f 5375/5375/5375 5376/5376/5376 5569/5569/5569
f 5567/5567/5567 5568/5568/5568 5377/5377/5377
f 5377/5377/5377 5378/5378/5378 5567/5567/5567
f 5571/5571/5571 5572/5572/5572 5373/5373/5373
f 5373/5373/5373 5374/5374/5374 5571/5571/5571
f 5572/5572/5572 5573/5573/5573 5372/5372/5372
f 5372/5372/5372 5373/5373/5373 5572/5572/5572
f 5574/5574/5574 5575/5575/5575 5370/5370/5370
f 5370/5370/5370 5371/5371/5371 5574/5574/5574
f 5575/5575/5575 5576/5576/5576 5369/5369/5369
f 5369/5369/5369 5370/5370/5370 5575/5575/5575
f 5573/5573/5573 5574/5574/5574 5371/5371/5371
f 5371/5371/5371 5372/5372/5372 5573/5573/5573
f 5570/5570/5570 5571/5571/5571 5374/5374/5374
f 5374/5374/5374 5375/5375/5375 5570/5570/5570
f 5577/5577/5577 5578/5578/5578 5367/5367/5367
f 5367/5367/5367 5368/5368/5368 5577/5577/5577
f 5578/5578/5578 5579/5579/5579 5366/5366/5366
f 5366/5366/5366 5367/5367/5367 5578/5578/5578
f 5580/5580/5580 5581/5581/5581 5364/5364/5364
f 5364/5364/5364 5365/5365/5365 5580/5580/5580
f 5581/5581/5581 5582/5582/5582 5363/5363/5363
f 5363/5363/5363 5364/5364/5364 5581/5581/5581
f 5579/5579/5579 5580/5580/5580 5365/5365/5365
f 5365/5365/5365 5366/5366/5366 5579/5579/5579
f 5583/5583/5583 5584/5584/5584 5361/5361/5361
f 5361/5361/5361 5362/5362/5362 5583/5583/5583
f 5584/5584/5584 5585/5585/5585 5360/5360/5360
f 5360/5360/5360 5361/5361/5361 5584/5584/5584
f 5586/5586/5586 5587/5587/5587 5358/5358/5358
f 5358/5358/5358 5359/5359/5359 5586/5586/5586
f 5587/5587/5587 5588/5588/5588 5357/5357/5357
f 5357/5357/5357 5358/5358/5358 5587/5587/5587
f 5585/5585/5585 5586/5586/5586 5359/5359/5359
f 5359/5359/5359 5360/5360/5360 5585/5585/5585
f 5582/5582/5582 5583/5583/5583 5362/5362/5362
f 5362/5362/5362 5363/5363/5363 5582/5582/5582
f 5576/5576/5576 5577/5577/5577 5368/5368/5368
f 5368/5368/5368 5369/5369/5369 5576/5576/5576
f 5589/5589/5589 5590/5590/5590 5355/5355/5355
f 5355/5355/5355 5356/5356/5356 5589/5589/5589
f 5590/5590/5590 5591/5591/5591 5354/5354/5354
f 5354/5354/5354 5355/5355/5355 5590/5590/5590
f 5592/5592/5592 5593/5593/5593 5352/5352/5352
f 5352/5352/5352 5353/5353/5353 5592/5592/5592
f 5593/5593/5593 5594/5594/5594 5351/5351/5351
f 5351/5351/5351 5352/5352/5352 5593/5593/5593
f 5591/5591/5591 5592/5592/5592 5353/5353/5353
f 5353/5353/5353 5354/5354/5354 5591/5591/5591
f 5595/5595/5595 5596/5596/5596 5349/5349/5349
f 5349/5349/5349 5350/5350/5350 5595/5595/5595
f 5596/5596/5596 5597/5597/5597 5348/5348/5348
f 5348/5348/5348 5349/5349/5349 5596/5596/5596
f 5598/5598/5598 5599/5599/5599 5346/5346/5346
f 5346/5346/5346 5347/5347/5347 5598/5598/5598
f 5599/5599/5599 5600/5600/5600 5345/5345/5345
f 5345/5345/5345 5346/5346/5346 5599/5599/5599
f 5597/5597/5597 5598/5598/5598 5347/5347/5347
f 5347/5347/5347 5348/5348/5348 5597/5597/5597
f 5594/5594/5594 5595/5595/5595 5350/5350/5350
f 5350/5350/5350 5351/5351/5351 5594/5594/5594
f 5601/5601/5601 5602/5602/5602 5343/5343/5343
f 5343/5343/5343 5344/5344/5344 5601/5601/5601
f 5602/5602/5602 5603/5603/5603 5342/5342/5342
f 5342/5342/5342 5343/5343/5343 5602/5602/5602
f 5604/5604/5604 5605/5605/5605 5340/5340/5340
f 5340/5340/5340 5341/5341/5341 5604/5604/5604
f 5605/5605/5605 5606/5606/5606 5339/5339/5339
f 5339/5339/5339 5340/5340/5340 5605/5605/5605
f 5603/5603/5603 5604/5604/5604 5341/5341/5341
f 5341/5341/5341 5342/5342/5342 5603/5603/5603
f 5607/5607/5607 5608/5608/5608 5337/5337/5337
f 5337/5337/5337 5338/5338/5338 5607/5607/5607
f 5608/5608/5608 5609/5609/5609 5336/5336/5336
f 5336/5336/5336 5337/5337/5337 5608/5608/5608
f 5610/5610/5610 5611/5611/5611 5334/5334/5334
f 5334/5334/5334 5335/5335/5335 5610/5610/5610
f 5611/5611/5611 5612/5612/5612 5333/5333/5333
f 5333/5333/5333 5334/5334/5334 5611/5611/5611
f 5609/5609/5609 5610/5610/5610 5335/5335/5335
f 5335/5335/5335 5336/5336/5336 5609/5609/5609
f 5606/5606/5606 5607/5607/5607 5338/5338/5338
f 5338/5338/5338 5339/5339/5339 5606/5606/5606
f 5600/5600/5600 5601/5601/5601 5344/5344/5344
f 5344/5344/5344 5345/5345/5345 5600/5600/5600
f 5588/5588/5588 5589/5589/5589 5356/5356/5356
f 5356/5356/5356 5357/5357/5357 5588/5588/5588
f 5613/5613/5613 5614/5614/5614 5331/5331/5331
f 5331/5331/5331 5332/5332/5332 5613/5613/5613
f 5615/5615/5615 5616/5616/5616 5329/5329/5329
f 5329/5329/5329 5330/5330/5330 5615/5615/5615
f 5616/5616/5616 5617/5617/5617 5328/5328/5328
f 5328/5328/5328 5329/5329/5329 5616/5616/5616
f 5614/5614/5614 5615/5615/5615 5330/5330/5330
f 5330/5330/5330 5331/5331/5331 5614/5614/5614
f 5618/5618/5618 5619/5619/5619 5326/5326/5326
f 5326/5326/5326 5327/5327/5327 5618/5618/5618
f 5619/5619/5619 5620/5620/5620 5325/5325/5325
f 5325/5325/5325 5326/5326/5326 5619/5619/5619
f 5621/5621/5621 5622/5622/5622 5323/5323/5323
f 5323/5323/5323 5324/5324/5324 5621/5621/5621
f 5622/5622/5622 5623/5623/5623 5322/5322/5322
f 5322/5322/5322 5323/5323/5323 5622/5622/5622
f 5620/5620/5620 5621/5621/5621 5324/5324/5324
f 5324/5324/5324 5325/5325/5325 5620/5620/5620
f 5617/5617/5617 5618/5618/5618 5327/5327/5327
f 5327/5327/5327 5328/5328/5328 5617/5617/5617
f 5624/5624/5624 5625/5625/5625 5320/5320/5320
f 5320/5320/5320 5321/5321/5321 5624/5624/5624
f 5625/5625/5625 5626/5626/5626 5319/5319/5319
f 5319/5319/5319 5320/5320/5320 5625/5625/5625
f 5627/5627/5627 5628/5628/5628 5317/5317/5317
f 5317/5317/5317 5318/5318/5318 5627/5627/5627
f 5628/5628/5628 5629/5629/5629 5316/5316/5316
f 5316/5316/5316 5317/5317/5317 5628/5628/5628
f 5626/5626/5626 5627/5627/5627 5318/5318/5318
f 5318/5318/5318 5319/5319/5319 5626/5626/5626
f 5630/5630/5630 5631/5631/5631 5314/5314/5314
f 5314/5314/5314 5315/5315/5315 5630/5630/5630
f 5631/5631/5631 5632/5632/5632 5313/5313/5313
f 5313/5313/5313 5314/5314/5314 5631/5631/5631
f 5633/5633/5633 5634/5634/5634 5311/5311/5311
f 5311/5311/5311 5312/5312/5312 5633/5633/5633
f 5634/5634/5634 5635/5635/5635 5310/5310/5310
f 5310/5310/5310 5311/5311/5311 5634/5634/5634
f 5632/5632/5632 5633/5633/5633 5312/5312/5312
f 5312/5312/5312 5313/5313/5313 5632/5632/5632
f 5629/5629/5629 5630/5630/5630 5315/5315/5315
f 5315/5315/5315 5316/5316/5316 5629/5629/5629
f 5623/5623/5623 5624/5624/5624 5321/5321/5321
f 5321/5321/5321 5322/5322/5322 5623/5623/5623
f 5636/5636/5636 5637/5637/5637 5308/5308/5308
f 5308/5308/5308 5309/5309/5309 5636/5636/5636
f 5637/5637/5637 5638/5638/5638 5307/5307/5307
f 5307/5307/5307 5308/5308/5308 5637/5637/5637
f 5639/5639/5639 5640/5640/5640 5305/5305/5305
f 5305/5305/5305 5306/5306/5306 5639/5639/5639
f 5640/5640/5640 5641/5641/5641 5304/5304/5304
f 5304/5304/5304 5305/5305/5305 5640/5640/5640
f 5638/5638/5638 5639/5639/5639 5306/5306/5306
f 5306/5306/5306 5307/5307/5307 5638/5638/5638
f 5642/5642/5642 5643/5643/5643 5302/5302/5302
f 5302/5302/5302 5303/5303/5303 5642/5642/5642
f 5643/5643/5643 5644/5644/5644 5301/5301/5301
f 5301/5301/5301 5302/5302/5302 5643/5643/5643
f 5645/5645/5645 5646/5646/5646 5299/5299/5299
f 5299/5299/5299 5300/5300/5300 5645/5645/5645
f 5646/5646/5646 5647/5647/5647 5298/5298/5298
f 5298/5298/5298 5299/5299/5299 5646/5646/5646
f 5644/5644/5644 5645/5645/5645 5300/5300/5300
f 5300/5300/5300 5301/5301/5301 5644/5644/5644
f 5641/5641/5641 5642/5642/5642 5303/5303/5303
f 5303/5303/5303 5304/5304/5304 5641/5641/5641
f 5648/5648/5648 5649/5649/5649 5296/5296/5296
f 5296/5296/5296 5297/5297/5297 5648/5648/5648
f 5649/5649/5649 5650/5650/5650 5295/5295/5295
f 5295/5295/5295 5296/5296/5296 5649/5649/5649
f 5651/5651/5651 5652/5652/5652 5293/5293/5293
f 5293/5293/5293 5294/5294/5294 5651/5651/5651
f 5652/5652/5652 5653/5653/5653 5292/5292/5292
f 5292/5292/5292 5293/5293/5293 5652/5652/5652
f 5650/5650/5650 5651/5651/5651 5294/5294/5294
f 5294/5294/5294 5295/5295/5295 5650/5650/5650
f 5654/5654/5654 5655/5655/5655 5290/5290/5290
f 5290/5290/5290 5291/5291/5291 5654/5654/5654
f 5655/5655/5655 5656/5656/5656 5289/5289/5289
f 5289/5289/5289 5290/5290/5290 5655/5655/5655
f 5657/5657/5657 5658/5658/5658 5287/5287/5287
f 5287/5287/5287 5288/5288/5288 5657/5657/5657
f 5658/5658/5658 5285/5285/5285 5286/5286/5286
f 5286/5286/5286 5287/5287/5287 5658/5658/5658
f 5656/5656/5656 5657/5657/5657 5288/5288/5288
f 5288/5288/5288 5289/5289/5289 5656/5656/5656
f 5653/5653/5653 5654/5654/5654 5291/5291/5291
f 5291/5291/5291 5292/5292/5292 5653/5653/5653
f 5647/5647/5647 5648/5648/5648 5297/5297/5297
f 5297/5297/5297 5298/5298/5298 5647/5647/5647
f 5635/5635/5635 5636/5636/5636 5309/5309/5309
f 5309/5309/5309 5310/5310/5310 5635/5635/5635
f 5612/5612/5612 5613/5613/5613 5332/5332/5332
f 5332/5332/5332 5333/5333/5333 5612/5612/5612
f 5659/5659/5659 5849/5849/5849 5848/5848/5848
f 5848/5848/5848 5662/5662/5662 5659/5659/5659
f 5850/5850/5850 5851/5851/5851 5846/5846/5846
f 5846/5846/5846 5847/5847/5847 5850/5850/5850
f 5851/5851/5851 5852/5852/5852 5845/5845/5845
f 5845/5845/5845 5846/5846/5846 5851/5851/5851
f 5849/5849/5849 5850/5850/5850 5847/5847/5847
f 5847/5847/5847 5848/5848/5848 5849/5849/5849
f 5853/5853/5853 5854/5854/5854 5843/5843/5843
f 5843/5843/5843 5844/5844/5844 5853/5853/5853
f 5854/5854/5854 5855/5855/5855 5842/5842/5842
f 5842/5842/5842 5843/5843/5843 5854/5854/5854
f 5856/5856/5856 5857/5857/5857 5840/5840/5840
f 5840/5840/5840 5841/5841/5841 5856/5856/5856
f 5857/5857/5857 5858/5858/5858 5839/5839/5839
f 5839/5839/5839 5840/5840/5840 5857/5857/5857
f 5855/5855/5855 5856/5856/5856 5841/5841/5841
f 5841/5841/5841 5842/5842/5842 5855/5855/5855
f 5852/5852/5852 5853/5853/5853 5844/5844/5844
f 5844/5844/5844 5845/5845/5845 5852/5852/5852
f 5859/5859/5859 5860/5860/5860 5837/5837/5837
f 5837/5837/5837 5838/5838/5838 5859/5859/5859
f 5860/5860/5860 5861/5861/5861 5836/5836/5836
f 5836/5836/5836 5837/5837/5837 5860/5860/5860
f 5862/5862/5862 5863/5863/5863 5834/5834/5834
f 5834/5834/5834 5835/5835/5835 5862/5862/5862
f 5863/5863/5863 5864/5864/5864 5833/5833/5833
f 5833/5833/5833 5834/5834/5834 5863/5863/5863
f 5861/5861/5861 5862/5862/5862 5835/5835/5835
f 5835/5835/5835 5836/5836/5836 5861/5861/5861
f 5865/5865/5865 5866/5866/5866 5831/5831/5831
f 5831/5831/5831 5832/5832/5832 5865/5865/5865
f 5866/5866/5866 5867/5867/5867 5830/5830/5830
f 5830/5830/5830 5831/5831/5831 5866/5866/5866
f 5868/5868/5868 5869/5869/5869 5828/5828/5828
f 5828/5828/5828 5829/5829/5829 5868/5868/5868
f 5869/5869/5869 5870/5870/5870 5827/5827/5827
f 5827/5827/5827 5828/5828/5828 5869/5869/5869
f 5867/5867/5867 5868/5868/5868 5829/5829/5829
f 5829/5829/5829 5830/5830/5830 5867/5867/5867
f 5864/5864/5864 5865/5865/5865 5832/5832/5832
f 5832/5832/5832 5833/5833/5833 5864/5864/5864
f 5858/5858/5858 5859/5859/5859 5838/5838/5838
f 5838/5838/5838 5839/5839/5839 5858/5858/5858
f 5871/5871/5871 5872/5872/5872 5825/5825/5825
f 5825/5825/5825 5826/5826/5826 5871/5871/5871
f 5872/5872/5872 5873/5873/5873 5824/5824/5824
f 5824/5824/5824 5825/5825/5825 5872/5872/5872
f 5874/5874/5874 5875/5875/5875 5822/5822/5822
f 5822/5822/5822 5823/5823/5823 5874/5874/5874
f 5875/5875/5875 5876/5876/5876 5821/5821/5821
f 5821/5821/5821 5822/5822/5822 5875/5875/5875
f 5873/5873/5873 5874/5874/5874 5823/5823/5823
f 5823/5823/5823 5824/5824/5824 5873/5873/5873
f 5877/5877/5877 5878/5878/5878 5819/5819/5819
f 5819/5819/5819 5820/5820/5820 5877/5877/5877
f 5878/5878/5878 5879/5879/5879 5818/5818/5818
f 5818/5818/5818 5819/5819/5819 5878/5878/5878
f 5880/5880/5880 5881/5881/5881 5816/5816/5816
f 5816/5816/5816 5817/5817/5817 5880/5880/5880
f 5881/5881/5881 5882/5882/5882 5815/5815/5815
f 5815/5815/5815 5816/5816/5816 5881/5881/5881
f 5879/5879/5879 5880/5880/5880 5817/5817/5817
f 5817/5817/5817 5818/5818/5818 5879/5879/5879
f 5876/5876/5876 5877/5877/5877 5820/5820/5820
f 5820/5820/5820 5821/5821/5821 5876/5876/5876
f 5883/5883/5883 5884/5884/5884 5813/5813/5813
f 5813/5813/5813 5814/5814/5814 5883/5883/5883
f 5884/5884/5884 5885/5885/5885 5812/5812/5812
f 5812/5812/5812 5813/5813/5813 5884/5884/5884
f 5886/5886/5886 5887/5887/5887 5810/5810/5810
f 5810/5810/5810 5811/5811/5811 5886/5886/5886
f 5887/5887/5887 5888/5888/5888 5809/5809/5809
f 5809/5809/5809 5810/5810/5810 5887/5887/5887
f 5885/5885/5885 5886/5886/5886 5811/5811/5811
f 5811/5811/5811 5812/5812/5812 5885/5885/5885
f 5889/5889/5889 5890/5890/5890 5807/5807/5807
f 5807/5807/5807 5808/5808/5808 5889/5889/5889
f 5890/5890/5890 5891/5891/5891 5806/5806/5806
f 5806/5806/5806 5807/5807/5807 5890/5890/5890
f 5892/5892/5892 5893/5893/5893 5804/5804/5804
f 5804/5804/5804 5805/5805/5805 5892/5892/5892
f 5893/5893/5893 5894/5894/5894 5803/5803/5803
f 5803/5803/5803 5804/5804/5804 5893/5893/5893
f 5891/5891/5891 5892/5892/5892 5805/5805/5805
f 5805/5805/5805 5806/5806/5806 5891/5891/5891
f 5888/5888/5888 5889/5889/5889 5808/5808/5808
f 5808/5808/5808 5809/5809/5809 5888/5888/5888
f 5882/5882/5882 5883/5883/5883 5814/5814/5814
f 5814/5814/5814 5815/5815/5815 5882/5882/5882
f 5870/5870/5870 5871/5871/5871 5826/5826/5826
f 5826/5826/5826 5827/5827/5827 5870/5870/5870
f 5895/5895/5895 5896/5896/5896 5801/5801/5801
f 5801/5801/5801 5802/5802/5802 5895/5895/5895
f 5897/5897/5897 5898/5898/5898 5799/5799/5799
f 5799/5799/5799 5800/5800/5800 5897/5897/5897
f 5898/5898/5898 5899/5899/5899 5798/5798/5798
f 5798/5798/5798 5799/5799/5799 5898/5898/5898
f 5896/5896/5896 5897/5897/5897 5800/5800/5800
f 5800/5800/5800 5801/5801/5801 5896/5896/5896
f 5900/5900/5900 5901/5901/5901 5796/5796/5796
f 5796/5796/5796 5797/5797/5797 5900/5900/5900
f 5901/5901/5901 5902/5902/5902 5795/5795/5795
f 5795/5795/5795 5796/5796/5796 5901/5901/5901
f 5903/5903/5903 5904/5904/5904 5793/5793/5793
f 5793/5793/5793 5794/5794/5794 5903/5903/5903
f 5904/5904/5904 5905/5905/5905 5792/5792/5792
f 5792/5792/5792 5793/5793/5793 5904/5904/5904
f 5902/5902/5902 5903/5903/5903 5794/5794/5794
f 5794/5794/5794 5795/5795/5795 5902/5902/5902
f 5899/5899/5899 5900/5900/5900 5797/5797/5797
f 5797/5797/5797 5798/5798/5798 5899/5899/5899
f 5906/5906/5906 5907/5907/5907 5790/5790/5790
f 5790/5790/5790 5791/5791/5791 5906/5906/5906
f 5907/5907/5907 5908/5908/5908 5789/5789/5789
f 5789/5789/5789 5790/5790/5790 5907/5907/5907
f 5909/5909/5909 5910/5910/5910 5787/5787/5787
f 5787/5787/5787 5788/5788/5788 5909/5909/5909
f 5910/5910/5910 5911/5911/5911 5786/5786/5786
f 5786/5786/5786 5787/5787/5787 5910/5910/5910
f 5908/5908/5908 5909/5909/5909 5788/5788/5788
f 5788/5788/5788 5789/5789/5789 5908/5908/5908
f 5912/5912/5912 5913/5913/5913 5784/5784/5784
f 5784/5784/5784 5785/5785/5785 5912/5912/5912
f 5913/5913/5913 5914/5914/5914 5783/5783/5783
f 5783/5783/5783 5784/5784/5784 5913/5913/5913
f 5915/5915/5915 5916/5916/5916 5781/5781/5781
f 5781/5781/5781 5782/5782/5782 5915/5915/5915
f 5916/5916/5916 5917/5917/5917 5780/5780/5780
f 5780/5780/5780 5781/5781/5781 5916/5916/5916
f 5914/5914/5914 5915/5915/5915 5782/5782/5782
f 5782/5782/5782 5783/5783/5783 5914/5914/5914
f 5911/5911/5911 5912/5912/5912 5785/5785/5785
f 5785/5785/5785 5786/5786/5786 5911/5911/5911
f 5905/5905/5905 5906/5906/5906 5791/5791/5791
f 5791/5791/5791 5792/5792/5792 5905/5905/5905
f 5918/5918/5918 5919/5919/5919 5778/5778/5778
f 5778/5778/5778 5779/5779/5779 5918/5918/5918
f 5919/5919/5919 5920/5920/5920 5777/5777/5777
f 5777/5777/5777 5778/5778/5778 5919/5919/5919
f 5921/5921/5921 5922/5922/5922 5775/5775/5775
f 5775/5775/5775 5776/5776/5776 5921/5921/5921
f 5922/5922/5922 5923/5923/5923 5774/5774/5774
f 5774/5774/5774 5775/5775/5775 5922/5922/5922
f 5920/5920/5920 5921/5921/5921 5776/5776/5776
f 5776/5776/5776 5777/5777/5777 5920/5920/5920
f 5924/5924/5924 5925/5925/5925 5772/5772/5772
f 5772/5772/5772 5773/5773/5773 5924/5924/5924
f 5925/5925/5925 5926/5926/5926 5771/5771/5771
f 5771/5771/5771 5772/5772/5772 5925/5925/5925
f 5927/5927/5927 5928/5928/5928 5769/5769/5769
f 5769/5769/5769 5770/5770/5770 5927/5927/5927
f 5928/5928/5928 5929/5929/5929 5768/5768/5768
f 5768/5768/5768 5769/5769/5769 5928/5928/5928
f 5926/5926/5926 5927/5927/5927 5770/5770/5770
f 5770/5770/5770 5771/5771/5771 5926/5926/5926
f 5923/5923/5923 5924/5924/5924 5773/5773/5773
f 5773/5773/5773 5774/5774/5774 5923/5923/5923
f 5930/5930/5930 5931/5931/5931 5766/5766/5766
f 5766/5766/5766 5767/5767/5767 5930/5930/5930
f 5931/5931/5931 5932/5932/5932 5765/5765/5765
f 5765/5765/5765 5766/5766/5766 5931/5931/5931
f 5933/5933/5933 5934/5934/5934 5763/5763/5763
f 5763/5763/5763 5764/5764/5764 5933/5933/5933
f 5934/5934/5934 5935/5935/5935 5762/5762/5762
f 5762/5762/5762 5763/5763/5763 5934/5934/5934
f 5932/5932/5932 5933/5933/5933 5764/5764/5764
f 5764/5764/5764 5765/5765/5765 5932/5932/5932
f 5936/5936/5936 5937/5937/5937 5760/5760/5760
f 5760/5760/5760 5761/5761/5761 5936/5936/5936
f 5937/5937/5937 5938/5938/5938 5759/5759/5759
f 5759/5759/5759 5760/5760/5760 5937/5937/5937
f 5939/5939/5939 5940/5940/5940 5757/5757/5757
f 5757/5757/5757 5758/5758/5758 5939/5939/5939
f 5940/5940/5940 5941/5941/5941 5756/5756/5756
f 5756/5756/5756 5757/5757/5757 5940/5940/5940
f 5938/5938/5938 5939/5939/5939 5758/5758/5758
f 5758/5758/5758 5759/5759/5759 5938/5938/5938
f 5935/5935/5935 5936/5936/5936 5761/5761/5761
f 5761/5761/5761 5762/5762/5762 5935/5935/5935
f 5929/5929/5929 5930/5930/5930 5767/5767/5767
f 5767/5767/5767 5768/5768/5768 5929/5929/5929
f 5917/5917/5917 5918/5918/5918 5779/5779/5779
f 5779/5779/5779 5780/5780/5780 5917/5917/5917
f 5894/5894/5894 5895/5895/5895 5802/5802/5802
f 5802/5802/5802 5803/5803/5803 5894/5894/5894
f 5941/5941/5941 5942/5942/5942 5755/5755/5755
f 5755/5755/5755 5756/5756/5756 5941/5941/5941
f 5942/5942/5942 5943/5943/5943 5754/5754/5754
f 5754/5754/5754 5755/5755/5755 5942/5942/5942
f 5944/5944/5944 5945/5945/5945 5752/5752/5752
f 5752/5752/5752 5753/5753/5753 5944/5944/5944
f 5945/5945/5945 5946/5946/5946 5751/5751/5751
f 5751/5751/5751 5752/5752/5752 5945/5945/5945
f 5943/5943/5943 5944/5944/5944 5753/5753/5753
f 5753/5753/5753 5754/5754/5754 5943/5943/5943
f 5947/5947/5947 5948/5948/5948 5749/5749/5749
f 5749/5749/5749 5750/5750/5750 5947/5947/5947
f 5948/5948/5948 5949/5949/5949 5748/5748/5748
f 5748/5748/5748 5749/5749/5749 5948/5948/5948
f 5950/5950/5950 5951/5951/5951 5746/5746/5746
f 5746/5746/5746 5747/5747/5747 5950/5950/5950
f 5951/5951/5951 5952/5952/5952 5745/5745/5745
f 5745/5745/5745 5746/5746/5746 5951/5951/5951
f 5949/5949/5949 5950/5950/5950 5747/5747/5747
f 5747/5747/5747 5748/5748/5748 5949/5949/5949
f 5946/5946/5946 5947/5947/5947 5750/5750/5750
f 5750/5750/5750 5751/5751/5751 5946/5946/5946
f 5953/5953/5953 5954/5954/5954 5743/5743/5743
f 5743/5743/5743 5744/5744/5744 5953/5953/5953
f 5954/5954/5954 5955/5955/5955 5742/5742/5742
f 5742/5742/5742 5743/5743/5743 5954/5954/5954
f 5956/5956/5956 5957/5957/5957 5740/5740/5740
f 5740/5740/5740 5741/5741/5741 5956/5956/5956
f 5957/5957/5957 5958/5958/5958 5739/5739/5739
f 5739/5739/5739 5740/5740/5740 5957/5957/5957
f 5955/5955/5955 5956/5956/5956 5741/5741/5741
f 5741/5741/5741 5742/5742/5742 5955/5955/5955
f 5959/5959/5959 5960/5960/5960 5737/5737/5737
f 5737/5737/5737 5738/5738/5738 5959/5959/5959
f 5960/5960/5960 5961/5961/5961 5736/5736/5736
f 5736/5736/5736 5737/5737/5737 5960/5960/5960
f 5962/5962/5962 5963/5963/5963 5734/5734/5734
f 5734/5734/5734 5735/5735/5735 5962/5962/5962
f 5963/5963/5963 5964/5964/5964 5733/5733/5733
f 5733/5733/5733 5734/5734/5734 5963/5963/5963
f 5961/5961/5961 5962/5962/5962 5735/5735/5735
f 5735/5735/5735 5736/5736/5736 5961/5961/5961
f 5958/5958/5958 5959/5959/5959 5738/5738/5738
f 5738/5738/5738 5739/5739/5739 5958/5958/5958
f 5952/5952/5952 5953/5953/5953 5744/5744/5744
f 5744/5744/5744 5745/5745/5745 5952/5952/5952
f 5965/5965/5965 5966/5966/5966 5731/5731/5731
f 5731/5731/5731 5732/5732/5732 5965/5965/5965
f 5966/5966/5966 5967/5967/5967 5730/5730/5730
f 5730/5730/5730 5731/5731/5731 5966/5966/5966
f 5968/5968/5968 5969/5969/5969 5728/5728/5728
f 5728/5728/5728 5729/5729/5729 5968/5968/5968
f 5969/5969/5969 5970/5970/5970 5727/5727/5727
f 5727/5727/5727 5728/5728/5728 5969/5969/5969
f 5967/5967/5967 5968/5968/5968 5729/5729/5729
f 5729/5729/5729 5730/5730/5730 5967/5967/5967
f 5971/5971/5971 5972/5972/5972 5725/5725/5725
f 5725/5725/5725 5726/5726/5726 5971/5971/5971
f 5972/5972/5972 5973/5973/5973 5724/5724/5724
f 5724/5724/5724 5725/5725/5725 5972/5972/5972
f 5974/5974/5974 5975/5975/5975 5722/5722/5722
f 5722/5722/5722 5723/5723/5723 5974/5974/5974
f 5975/5975/5975 5976/5976/5976 5721/5721/5721
f 5721/5721/5721 5722/5722/5722 5975/5975/5975
f 5973/5973/5973 5974/5974/5974 5723/5723/5723
f 5723/5723/5723 5724/5724/5724 5973/5973/5973
f 5970/5970/5970 5971/5971/5971 5726/5726/5726
f 5726/5726/5726 5727/5727/5727 5970/5970/5970
f 5977/5977/5977 5978/5978/5978 5719/5719/5719
f 5719/5719/5719 5720/5720/5720 5977/5977/5977
f 5978/5978/5978 5979/5979/5979 5718/5718/5718
f 5718/5718/5718 5719/5719/5719 5978/5978/5978
f 5980/5980/5980 5981/5981/5981 5716/5716/5716
f 5716/5716/5716 5717/5717/5717 5980/5980/5980
f 5981/5981/5981 5982/5982/5982 5715/5715/5715
f 5715/5715/5715 5716/5716/5716 5981/5981/5981
f 5979/5979/5979 5980/5980/5980 5717/5717/5717
f 5717/5717/5717 5718/5718/5718 5979/5979/5979
f 5983/5983/5983 5984/5984/5984 5713/5713/5713
f 5713/5713/5713 5714/5714/5714 5983/5983/5983
f 5984/5984/5984 5985/5985/5985 5712/5712/5712
f 5712/5712/5712 5713/5713/5713 5984/5984/5984
f 5986/5986/5986 5987/5987/5987 5710/5710/5710
f 5710/5710/5710 5711/5711/5711 5986/5986/5986
f 5987/5987/5987 5988/5988/5988 5709/5709/5709
f 5709/5709/5709 5710/5710/5710 5987/5987/5987
f 5985/5985/5985 5986/5986/5986 5711/5711/5711
f 5711/5711/5711 5712/5712/5712 5985/5985/5985
f 5982/5982/5982 5983/5983/5983 5714/5714/5714
f 5714/5714/5714 5715/5715/5715 5982/5982/5982
f 5976/5976/5976 5977/5977/5977 5720/5720/5720
f 5720/5720/5720 5721/5721/5721 5976/5976/5976
f 5964/5964/5964 5965/5965/5965 5732/5732/5732
f 5732/5732/5732 5733/5733/5733 5964/5964/5964
f 5989/5989/5989 5990/5990/5990 5707/5707/5707
f 5707/5707/5707 5708/5708/5708 5989/5989/5989
f 5991/5991/5991 5992/5992/5992 5705/5705/5705
f 5705/5705/5705 5706/5706/5706 5991/5991/5991
f 5992/5992/5992 5993/5993/5993 5704/5704/5704
f 5704/5704/5704 5705/5705/5705 5992/5992/5992
f 5990/5990/5990 5991/5991/5991 5706/5706/5706
f 5706/5706/5706 5707/5707/5707 5990/5990/5990
f 5994/5994/5994 5995/5995/5995 5702/5702/5702
f 5702/5702/5702 5703/5703/5703 5994/5994/5994
f 5995/5995/5995 5996/5996/5996 5701/5701/5701
f 5701/5701/5701 5702/5702/5702 5995/5995/5995
f 5997/5997/5997 5998/5998/5998 5699/5699/5699
f 5699/5699/5699 5700/5700/5700 5997/5997/5997
f 5998/5998/5998 5999/5999/5999 5698/5698/5698
f 5698/5698/5698 5699/5699/5699 5998/5998/5998
f 5996/5996/5996 5997/5997/5997 5700/5700/5700
f 5700/5700/5700 5701/5701/5701 5996/5996/5996
f 5993/5993/5993 5994/5994/5994 5703/5703/5703
f 5703/5703/5703 5704/5704/5704 5993/5993/5993
f 6000/6000/6000 6001/6001/6001 5696/5696/5696
f 5696/5696/5696 5697/5697/5697 6000/6000/6000
f 6001/6001/6001 6002/6002/6002 5695/5695/5695
f 5695/5695/5695 5696/5696/5696 6001/6001/6001
f 6003/6003/6003 6004/6004/6004 5693/5693/5693
f 5693/5693/5693 5694/5694/5694 6003/6003/6003
f 6004/6004/6004 6005/6005/6005 5692/5692/5692
f 5692/5692/5692 5693/5693/5693 6004/6004/6004
f 6002/6002/6002 6003/6003/6003 5694/5694/5694
f 5694/5694/5694 5695/5695/5695 6002/6002/6002
f 6006/6006/6006 6007/6007/6007 5690/5690/5690
f 5690/5690/5690 5691/5691/5691 6006/6006/6006
f 6007/6007/6007 6008/6008/6008 5689/5689/5689
f 5689/5689/5689 5690/5690/5690 6007/6007/6007
f 6009/6009/6009 6010/6010/6010 5687/5687/5687
f 5687/5687/5687 5688/5688/5688 6009/6009/6009
f 6010/6010/6010 6011/6011/6011 5686/5686/5686
f 5686/5686/5686 5687/5687/5687 6010/6010/6010
f 6008/6008/6008 6009/6009/6009 5688/5688/5688
f 5688/5688/5688 5689/5689/5689 6008/6008/6008
f 6005/6005/6005 6006/6006/6006 5691/5691/5691
f 5691/5691/5691 5692/5692/5692 6005/6005/6005
f 5999/5999/5999 6000/6000/6000 5697/5697/5697
f 5697/5697/5697 5698/5698/5698 5999/5999/5999
f 6012/6012/6012 6013/6013/6013 5684/5684/5684
f 5684/5684/5684 5685/5685/5685 6012/6012/6012
f 6013/6013/6013 6014/6014/6014 5683/5683/5683
f 5683/5683/5683 5684/5684/5684 6013/6013/6013
f 6015/6015/6015 6016/6016/6016 5681/5681/5681
f 5681/5681/5681 5682/5682/5682 6015/6015/6015
f 6016/6016/6016 6017/6017/6017 5680/5680/5680
f 5680/5680/5680 5681/5681/5681 6016/6016/6016
f 6014/6014/6014 6015/6015/6015 5682/5682/5682
f 5682/5682/5682 5683/5683/5683 6014/6014/6014
f 6018/6018/6018 6019/6019/6019 5678/5678/5678
f 5678/5678/5678 5679/5679/5679 6018/6018/6018
f 6019/6019/6019 6020/6020/6020 5677/5677/5677
f 5677/5677/5677 5678/5678/5678 6019/6019/6019
f 6021/6021/6021 6022/6022/6022 5675/5675/5675
f 5675/5675/5675 5676/5676/5676 6021/6021/6021
f 6022/6022/6022 6023/6023/6023 5674/5674/5674
f 5674/5674/5674 5675/5675/5675 6022/6022/6022
f 6020/6020/6020 6021/6021/6021 5676/5676/5676
f 5676/5676/5676 5677/5677/5677 6020/6020/6020
f 6017/6017/6017 6018/6018/6018 5679/5679/5679
f 5679/5679/5679 5680/5680/5680 6017/6017/6017
f 6024/6024/6024 6025/6025/6025 5672/5672/5672
f 5672/5672/5672 5673/5673/5673 6024/6024/6024
f 6025/6025/6025 6026/6026/6026 5671/5671/5671
f 5671/5671/5671 5672/5672/5672 6025/6025/6025
f 6027/6027/6027 6028/6028/6028 5669/5669/5669
f 5669/5669/5669 5670/5670/5670 6027/6027/6027
f 6028/6028/6028 6029/6029/6029 5668/5668/5668
f 5668/5668/5668 5669/5669/5669 6028/6028/6028
f 6026/6026/6026 6027/6027/6027 5670/5670/5670
f 5670/5670/5670 5671/5671/5671 6026/6026/6026
f 6030/6030/6030 6031/6031/6031 5666/5666/5666
f 5666/5666/5666 5667/5667/5667 6030/6030/6030
f 6031/6031/6031 6032/6032/6032 5665/5665/5665
f 5665/5665/5665 5666/5666/5666 6031/6031/6031
f 6033/6033/6033 6034/6034/6034 5663/5663/5663
f 5663/5663/5663 5664/5664/5664 6033/6033/6033
f 6034/6034/6034 5660/5660/5660 5661/5661/5661
f 5661/5661/5661 5663/5663/5663 6034/6034/6034
f 6032/6032/6032 6033/6033/6033 5664/5664/5664
f 5664/5664/5664 5665/5665/5665 6032/6032/6032
f 6029/6029/6029 6030/6030/6030 5667/5667/5667
f 5667/5667/5667 5668/5668/5668 6029/6029/6029
f 6023/6023/6023 6024/6024/6024 5673/5673/5673
f 5673/5673/5673 5674/5674/5674 6023/6023/6023
f 6011/6011/6011 6012/6012/6012 5685/5685/5685
f 5685/5685/5685 5686/5686/5686 6011/6011/6011
f 5988/5988/5988 5989/5989/5989 5708/5708/5708
f 5708/5708/5708 5709/5709/5709 5988/5988/5988

