mtllib material.mtl
usemtl diffuse_0_0_0_255.001
v 0.00249800 0.01815500 0.05823200
v 0.00301400 0.01824300 0.05872000
v 0.00250400 0.01868700 0.05829900
v 0.00261900 0.01874200 0.05846600
v 0.00279300 0.01879200 0.05856800
v 0.00237400 0.01916200 0.05817900
v 0.00248300 0.01924000 0.05834900
v 0.00265100 0.01932300 0.05845000
v 0.00215500 0.01960400 0.05806700
v 0.00225300 0.01970200 0.05824000
v 0.00240900 0.01981900 0.05833800
v 0.00185600 0.01999400 0.05796700
v 0.00193900 0.02010900 0.05814300
v 0.00207700 0.02025700 0.05824000
v 0.00148500 0.02032000 0.05788300
v 0.00155100 0.02045000 0.05806100
v 0.00166300 0.02062400 0.05815600
v 0.00105800 0.02056900 0.05781800
v 0.00110400 0.02071000 0.05799900
v 0.00118500 0.02090500 0.05809200
v 0.00059100 0.02073000 0.05777600
v 0.00061600 0.02087800 0.05795700
v 0.00066200 0.02108600 0.05805000
v 0.00009800 0.02079800 0.05775700
v 0.00010200 0.02094800 0.05793900
v 0.00010900 0.02116300 0.05803200
v 0.00011800 0.02137200 0.05802300
v -0.00039600 0.02076900 0.05776300
v -0.00041400 0.02091800 0.05794500
v -0.00044500 0.02113000 0.05803800
v -0.00087700 0.02064400 0.05779400
v -0.00091600 0.02078700 0.05797500
v -0.00098400 0.02098900 0.05806800
v -0.00132300 0.02042800 0.05784700
v -0.00138200 0.02056200 0.05802700
v -0.00148300 0.02074500 0.05812100
v -0.00171700 0.02013100 0.05792100
v -0.00179500 0.02025200 0.05809800
v -0.00192400 0.02041100 0.05819400
v -0.00204800 0.01976300 0.05801300
v -0.00214100 0.01986700 0.05818700
v -0.00229100 0.01999600 0.05828500
v -0.00245400 0.02011500 0.05829300
v -0.00227500 0.01928600 0.05791600
v -0.00229900 0.01934000 0.05811700
v -0.00240400 0.01942600 0.05828900
v -0.00257000 0.01952200 0.05838800
v -0.00246400 0.01887600 0.05823200
v -0.00257800 0.01893900 0.05840100
v -0.00275200 0.01900200 0.05850200
v -0.00293800 0.01905000 0.05852200
v -0.00249800 0.01834600 0.05815900
v -0.00301700 0.01847100 0.05864700
v 0.00281900 0.01824300 0.05868600
v 0.00265200 0.01822600 0.05858100
v 0.00253900 0.01819500 0.05842100
v -0.00299200 0.01876300 0.05858400
v -0.00285700 0.01933200 0.05846200
v -0.00274800 0.01960600 0.05840200
v -0.00261300 0.01986800 0.05834600
v -0.00226900 0.02034700 0.05824300
v -0.00206300 0.02056000 0.05819700
v -0.00183700 0.02075100 0.05815500
v -0.00159200 0.02092100 0.05811900
v -0.00133100 0.02106600 0.05808800
v -0.00105700 0.02118400 0.05806200
v -0.00077200 0.02127400 0.05804300
v -0.00047800 0.02133700 0.05803000
v -0.00018100 0.02136900 0.05802300
v 0.00041700 0.02134600 0.05803000
v 0.00071100 0.02129000 0.05804300
v 0.00099700 0.02120500 0.05806200
v 0.00127300 0.02109300 0.05808800
v 0.00153700 0.02095300 0.05811900
v 0.00178500 0.02079000 0.05815600
v 0.00201500 0.02060300 0.05819800
v 0.00222500 0.02039400 0.05824500
v 0.00241400 0.02016700 0.05829500
v 0.00257800 0.01992400 0.05834900
v 0.00271800 0.01966500 0.05840700
v 0.00283300 0.01939400 0.05846700
v 0.00292000 0.01911400 0.05852900
v 0.00297900 0.01882800 0.05859100
v 0.00301100 0.01853700 0.05865500
v -0.00253700 0.01838800 0.05835100
v -0.00265000 0.01842800 0.05851300
v -0.00281900 0.01845700 0.05861700
v 0.00250000 0.01825000 0.05820700
v 0.00249000 0.01847000 0.05814900
v 0.00246200 0.01868700 0.05809200
v 0.00241400 0.01890000 0.05803500
v 0.00234800 0.01910900 0.05798000
v 0.00225300 0.01933300 0.05792000
v 0.00213700 0.01954800 0.05786300
v 0.00200100 0.01974900 0.05780900
v 0.00184500 0.01993700 0.05775900
v 0.00167000 0.02011000 0.05771300
v 0.00148000 0.02026500 0.05767100
v 0.00127500 0.02040100 0.05763500
v 0.00105600 0.02051600 0.05760300
v 0.00082700 0.02060900 0.05757800
v 0.00059000 0.02067900 0.05755900
v 0.00034600 0.02072600 0.05754600
v 0.00009800 0.02074800 0.05753900
v -0.00014900 0.02074600 0.05753900
v -0.00039500 0.02071900 0.05754600
v -0.00063900 0.02066700 0.05755900
v -0.00087500 0.02059200 0.05757800
v -0.00110200 0.02049400 0.05760300
v -0.00131800 0.02037400 0.05763400
v -0.00152100 0.02023400 0.05767000
v -0.00170800 0.02007600 0.05771100
v -0.00187900 0.01989900 0.05775700
v -0.00203200 0.01970700 0.05780700
v -0.00216400 0.01950300 0.05786000
v -0.00236500 0.01905900 0.05797400
v -0.00243300 0.01882600 0.05803500
v -0.00247700 0.01858800 0.05809600
v 0.00247600 0.01866100 0.05820000
v 0.00253300 0.01844300 0.05836000
v 0.00250400 0.01842000 0.05826300
v 0.00296900 -0.01889100 0.05857800
v 0.00253900 -0.01821700 0.05841500
v 0.00265600 -0.01825000 0.05858000
v 0.00283000 -0.01826800 0.05868500
v 0.00247600 -0.01769400 0.05854500
v 0.00259100 -0.01770200 0.05870700
v 0.00275600 -0.01768500 0.05881300
v 0.00230500 -0.01719300 0.05866800
v 0.00241200 -0.01717600 0.05882700
v 0.00256300 -0.01712800 0.05893500
v 0.00201800 -0.01671800 0.05878300
v 0.00211300 -0.01667800 0.05894000
v 0.00224200 -0.01660000 0.05905000
v 0.00167600 -0.01635100 0.05887100
v 0.00175500 -0.01629300 0.05902700
v 0.00186100 -0.01619400 0.05913700
v 0.00122600 -0.01603500 0.05894500
v 0.00128300 -0.01596100 0.05910000
v 0.00136000 -0.01584300 0.05921100
v 0.00072700 -0.01582600 0.05899300
v 0.00076100 -0.01574200 0.05914700
v 0.00080600 -0.01561200 0.05925900
v 0.00019400 -0.01572700 0.05901400
v 0.00020200 -0.01563800 0.05916800
v 0.00021400 -0.01550200 0.05927900
v -0.00034900 -0.01574400 0.05900700
v -0.00036700 -0.01565600 0.05916000
v -0.00038900 -0.01552100 0.05927200
v -0.00087500 -0.01587500 0.05897200
v -0.00091700 -0.01579300 0.05912600
v -0.00097200 -0.01566600 0.05923700
v -0.00135900 -0.01611400 0.05891100
v -0.00142500 -0.01604400 0.05906700
v -0.00151100 -0.01593000 0.05917700
v -0.00178000 -0.01644800 0.05882800
v -0.00186500 -0.01639500 0.05898500
v -0.00198000 -0.01630000 0.05909500
v -0.00211900 -0.01686000 0.05872600
v -0.00222000 -0.01682700 0.05888500
v -0.00235900 -0.01675700 0.05899400
v -0.00236400 -0.01733200 0.05861000
v -0.00247600 -0.01732200 0.05877100
v -0.00263300 -0.01728100 0.05887800
v -0.00246100 -0.01780900 0.05829800
v -0.00297200 -0.01782300 0.05878700
v 0.00277100 -0.01884900 0.05855100
v 0.00260300 -0.01879700 0.05844800
v 0.00249400 -0.01874100 0.05828500
v -0.00290600 -0.01753600 0.05884900
v -0.00281400 -0.01725900 0.05890900
v -0.00269400 -0.01699100 0.05896700
v -0.00254700 -0.01673400 0.05902300
v -0.00237700 -0.01649400 0.05907600
v -0.00218400 -0.01627100 0.05912400
v -0.00196900 -0.01606600 0.05916900
v -0.00173400 -0.01588400 0.05921000
v -0.00148300 -0.01572600 0.05924500
v -0.00121600 -0.01559300 0.05927500
v -0.00093600 -0.01548600 0.05929900
v -0.00064800 -0.01540800 0.05931700
v -0.00035300 -0.01535800 0.05932900
v -0.00005300 -0.01533800 0.05933500
v 0.00024600 -0.01534800 0.05933500
v 0.00054100 -0.01538800 0.05932800
v 0.00083400 -0.01545600 0.05931500
v 0.00111700 -0.01555400 0.05929500
v 0.00138700 -0.01567700 0.05927000
v 0.00164500 -0.01582800 0.05923900
v 0.00188600 -0.01600300 0.05920200
v 0.00210800 -0.01619900 0.05916100
v 0.00230900 -0.01641600 0.05911500
v 0.00248800 -0.01665200 0.05906500
v 0.00264300 -0.01690300 0.05901100
v 0.00277100 -0.01716600 0.05895400
v 0.00287400 -0.01744200 0.05889400
v 0.00294900 -0.01772600 0.05883300
v 0.00299700 -0.01801500 0.05877000
v 0.00301600 -0.01830600 0.05870600
v 0.00300700 -0.01859800 0.05864200
v -0.00250500 -0.01784100 0.05848600
v -0.00261800 -0.01785500 0.05864400
v -0.00278200 -0.01784900 0.05875000
v 0.00250000 -0.01825000 0.05820700
v 0.00248600 -0.01798800 0.05827600
v 0.00244500 -0.01772700 0.05834400
v 0.00238200 -0.01749200 0.05840500
v 0.00229700 -0.01726400 0.05846400
v 0.00219100 -0.01704600 0.05852100
v 0.00206300 -0.01683800 0.05857400
v 0.00191500 -0.01664200 0.05862400
v 0.00174800 -0.01646300 0.05867000
v 0.00156500 -0.01630000 0.05871100
v 0.00136400 -0.01615500 0.05874700
v 0.00115100 -0.01603100 0.05877800
v 0.00092800 -0.01592800 0.05880300
v 0.00069300 -0.01584800 0.05882300
v 0.00045100 -0.01579100 0.05883600
v 0.00020600 -0.01575800 0.05884300
v -0.00004200 -0.01575000 0.05884300
v -0.00029000 -0.01576700 0.05883700
v -0.00053500 -0.01580800 0.05882500
v -0.00077400 -0.01587300 0.05880700
v -0.00100600 -0.01596100 0.05878300
v -0.00122700 -0.01607200 0.05875300
v -0.00143400 -0.01620200 0.05871800
v -0.00162900 -0.01635400 0.05867800
v -0.00180800 -0.01652300 0.05863300
v -0.00196800 -0.01670800 0.05858500
v -0.00210800 -0.01690700 0.05853300
v -0.00223000 -0.01711900 0.05847700
v -0.00232900 -0.01734200 0.05841900
v -0.00240600 -0.01757100 0.05836000
v 0.00246100 -0.01869200 0.05809000
v -0.02751900 0.00052800 0.05854000
v -0.02741200 0.00055400 0.05870500
v -0.02725200 0.00059000 0.05881400
v -0.02768300 0.00103400 0.05852400
v -0.02758400 0.00108500 0.05869000
v -0.02743300 0.00115600 0.05879800
v -0.02794700 0.00149200 0.05850000
v -0.02785900 0.00156500 0.05866700
v -0.02772500 0.00166800 0.05877500
v -0.02830000 0.00188600 0.05847200
v -0.02822800 0.00197700 0.05864100
v -0.02811500 0.00210900 0.05874800
v -0.02872600 0.00219700 0.05844500
v -0.02867200 0.00230300 0.05861500
v -0.02858700 0.00245800 0.05872200
v -0.02920400 0.00241300 0.05842400
v -0.02917100 0.00252900 0.05859500
v -0.02911700 0.00270000 0.05870100
v -0.02971900 0.00252500 0.05841200
v -0.02970700 0.00264700 0.05858300
v -0.02968800 0.00282700 0.05868900
v -0.03024100 0.00248800 0.05821200
v -0.03024300 0.00252600 0.05840300
v -0.03025400 0.00264700 0.05857800
v -0.03027100 0.00282800 0.05868600
v -0.03028900 0.00302000 0.05871100
v -0.02750000 -0.00000000 0.05835800
v -0.02751400 0.00026100 0.05835600
v -0.02755400 0.00051700 0.05835200
v -0.02762100 0.00076900 0.05834400
v -0.02771400 0.00101300 0.05833400
v -0.02783200 0.00124400 0.05832200
v -0.02797200 0.00146300 0.05830900
v -0.02813600 0.00166600 0.05829400
v -0.02831900 0.00185100 0.05827900
v -0.02852000 0.00201500 0.05826400
v -0.02873900 0.00215900 0.05825000
v -0.02897000 0.00227800 0.05823800
v -0.02921100 0.00237200 0.05822800
v -0.02946300 0.00244200 0.05821900
v -0.02972100 0.00248400 0.05821400
v -0.02998000 0.00250000 0.05821200
v -0.02701300 0.00000000 0.05885700
v -0.02719300 -0.00000000 0.05881900
v -0.02735800 -0.00000000 0.05870700
v -0.02746600 -0.00000000 0.05853900
v -0.02997700 0.00303500 0.05871000
v -0.02966700 0.00301600 0.05871300
v -0.02935900 0.00296400 0.05871800
v -0.02905800 0.00288000 0.05872600
v -0.02877000 0.00276500 0.05873700
v -0.02849400 0.00262000 0.05875000
v -0.02823300 0.00244600 0.05876400
v -0.02799200 0.00224700 0.05877800
v -0.02777300 0.00202200 0.05879400
v -0.02757800 0.00177500 0.05880800
v -0.02740900 0.00151100 0.05882200
v -0.02726900 0.00123000 0.05883400
v -0.02715800 0.00093300 0.05884400
v -0.02707700 0.00062800 0.05885100
v -0.02702900 0.00031700 0.05885600
v -0.02971900 -0.00252500 0.05841200
v -0.02970800 -0.00264700 0.05858300
v -0.02968900 -0.00282600 0.05868900
v -0.02920500 -0.00241300 0.05842400
v -0.02917200 -0.00252900 0.05859500
v -0.02911800 -0.00270000 0.05870100
v -0.02872700 -0.00219700 0.05844500
v -0.02867300 -0.00230400 0.05861500
v -0.02858800 -0.00245800 0.05872200
v -0.02830100 -0.00188600 0.05847200
v -0.02822800 -0.00197800 0.05864100
v -0.02811600 -0.00210900 0.05874800
v -0.02794700 -0.00149300 0.05850000
v -0.02786000 -0.00156500 0.05866700
v -0.02772500 -0.00166800 0.05877500
v -0.02768300 -0.00103500 0.05852400
v -0.02758400 -0.00108500 0.05869000
v -0.02743400 -0.00115600 0.05879800
v -0.02751900 -0.00052900 0.05854000
v -0.02741200 -0.00055400 0.05870500
v -0.02725200 -0.00059000 0.05881400
v -0.02750000 -0.00000000 0.05835800
v -0.02746600 -0.00000000 0.05853900
v -0.02735800 -0.00000000 0.05870700
v -0.02719300 -0.00000000 0.05881900
v -0.02701300 0.00000000 0.05885700
v -0.03028900 -0.00302000 0.05871100
v -0.03027100 -0.00282800 0.05868600
v -0.03025400 -0.00264600 0.05857800
v -0.03024300 -0.00252600 0.05840300
v -0.02702900 -0.00031700 0.05885600
v -0.02707700 -0.00062800 0.05885100
v -0.02715800 -0.00093400 0.05884400
v -0.02726900 -0.00123000 0.05883400
v -0.02741000 -0.00151100 0.05882200
v -0.02757800 -0.00177600 0.05880800
v -0.02777400 -0.00202300 0.05879300
v -0.02799300 -0.00224700 0.05877800
v -0.02823400 -0.00244700 0.05876400
v -0.02849500 -0.00262100 0.05874900
v -0.02877000 -0.00276500 0.05873700
v -0.02905900 -0.00288000 0.05872600
v -0.02936000 -0.00296400 0.05871800
v -0.02966800 -0.00301500 0.05871300
v -0.02997700 -0.00303400 0.05871000
v -0.03024100 -0.00248800 0.05821200
v -0.02998000 -0.00250000 0.05821200
v -0.02972100 -0.00248400 0.05821400
v -0.02946400 -0.00244200 0.05821900
v -0.02921200 -0.00237200 0.05822800
v -0.02897000 -0.00227800 0.05823800
v -0.02874000 -0.00215900 0.05825000
v -0.02852100 -0.00201600 0.05826400
v -0.02832000 -0.00185100 0.05827900
v -0.02813700 -0.00166700 0.05829400
v -0.02797300 -0.00146300 0.05830900
v -0.02783200 -0.00124500 0.05832200
v -0.02771500 -0.00101400 0.05833400
v -0.02762200 -0.00077000 0.05834400
v -0.02755400 -0.00051700 0.05835200
v -0.02751400 -0.00026100 0.05835600
v -0.03085500 0.00239200 0.05842000
v -0.03089200 0.00250800 0.05859100
v -0.03095100 0.00267700 0.05869700
v -0.03141500 0.00210900 0.05843900
v -0.03147700 0.00221100 0.05860900
v -0.03157300 0.00236000 0.05871600
v -0.03188300 0.00170400 0.05846200
v -0.03196600 0.00178600 0.05863100
v -0.03209200 0.00190500 0.05873800
v -0.03223600 0.00120100 0.05848400
v -0.03233500 0.00126000 0.05865200
v -0.03248400 0.00134300 0.05876000
v -0.03246600 0.00059900 0.05850000
v -0.03257600 0.00062800 0.05866800
v -0.03273900 0.00067000 0.05877600
v -0.03028900 0.00302000 0.05871100
v -0.03027100 0.00282800 0.05868600
v -0.03025400 0.00264700 0.05857800
v -0.03024300 0.00252600 0.05840300
v -0.03024100 0.00248800 0.05821200
v -0.03069500 0.00240100 0.05821900
v -0.03112600 0.00223200 0.05823200
v -0.03151700 0.00198700 0.05824900
v -0.03185800 0.00167300 0.05826900
v -0.03213400 0.00130300 0.05828700
v -0.03233800 0.00088700 0.05830200
v -0.03245900 0.00045300 0.05831200
v -0.03250000 0.00000000 0.05831500
v -0.03300000 0.00000000 0.05881500
v -0.03295100 0.00054900 0.05881200
v -0.03280500 0.00107600 0.05880200
v -0.03269400 0.00133500 0.05879500
v -0.03256000 0.00158200 0.05878700
v -0.03223000 0.00203000 0.05876800
v -0.03182100 0.00241200 0.05874900
v -0.03135200 0.00270900 0.05873100
v -0.03083400 0.00291500 0.05871800
v -0.03253500 0.00000000 0.05849900
v -0.03264600 0.00000000 0.05866900
v -0.03281600 0.00000000 0.05878000
v -0.03246200 -0.00061700 0.05850000
v -0.03257100 -0.00064700 0.05866700
v -0.03273400 -0.00069000 0.05877500
v -0.03223800 -0.00119800 0.05848400
v -0.03233700 -0.00125600 0.05865200
v -0.03248600 -0.00133900 0.05876000
v -0.03187600 -0.00171100 0.05846200
v -0.03195900 -0.00179400 0.05863100
v -0.03208500 -0.00191400 0.05873800
v -0.03141400 -0.00210900 0.05843900
v -0.03147700 -0.00221100 0.05860900
v -0.03157300 -0.00236000 0.05871600
v -0.03087100 -0.00238600 0.05842000
v -0.03090900 -0.00250100 0.05859200
v -0.03096900 -0.00267100 0.05869700
v -0.03024100 -0.00248800 0.05821200
v -0.03028900 -0.00302000 0.05871100
v -0.03024300 -0.00252600 0.05840300
v -0.03025400 -0.00264600 0.05857800
v -0.03027100 -0.00282800 0.05868600
v -0.03250000 0.00000000 0.05831500
v -0.03245800 -0.00045800 0.05831200
v -0.03233200 -0.00090100 0.05830200
v -0.03212800 -0.00131200 0.05828600
v -0.03185100 -0.00168000 0.05826800
v -0.03151400 -0.00199000 0.05824900
v -0.03112200 -0.00223400 0.05823200
v -0.03069500 -0.00240100 0.05821900
v -0.03300000 0.00000000 0.05881500
v -0.03281600 0.00000000 0.05878000
v -0.03264600 0.00000000 0.05866900
v -0.03253500 0.00000000 0.05849900
v -0.03083500 -0.00291500 0.05871800
v -0.03134700 -0.00271100 0.05873100
v -0.03181600 -0.00241500 0.05874900
v -0.03222200 -0.00203900 0.05876800
v -0.03239800 -0.00182300 0.05877700
v -0.03255400 -0.00159200 0.05878600
v -0.03279800 -0.00109300 0.05880100
v -0.03288600 -0.00082800 0.05880700
v -0.03294900 -0.00055600 0.05881200
v -0.03298700 -0.00027900 0.05881400
v 0.00250000 0.01825000 0.05400000
v 0.00250000 0.01825000 0.05820700
v -0.00250000 0.01825000 0.05400000
v -0.00249800 0.01834600 0.05815900
v -0.00247700 0.01858800 0.05809600
v -0.00243300 0.01882600 0.05803500
v -0.00236500 0.01905900 0.05797400
v -0.00227500 0.01928600 0.05791600
v -0.00216400 0.01950300 0.05786000
v -0.00203200 0.01970700 0.05780700
v -0.00187900 0.01989900 0.05775700
v -0.00170800 0.02007600 0.05771100
v -0.00152100 0.02023400 0.05767000
v -0.00131800 0.02037400 0.05763400
v -0.00110200 0.02049400 0.05760300
v -0.00087500 0.02059200 0.05757800
v -0.00063900 0.02066700 0.05755900
v -0.00039500 0.02071900 0.05754600
v -0.00014900 0.02074600 0.05753900
v 0.00009800 0.02074800 0.05753900
v 0.00034600 0.02072600 0.05754600
v 0.00059000 0.02067900 0.05755900
v 0.00082700 0.02060900 0.05757800
v 0.00105600 0.02051600 0.05760300
v 0.00127500 0.02040100 0.05763500
v 0.00148000 0.02026500 0.05767100
v 0.00167000 0.02011000 0.05771300
v 0.00184500 0.01993700 0.05775900
v 0.00200100 0.01974900 0.05780900
v 0.00213700 0.01954800 0.05786300
v 0.00225300 0.01933300 0.05792000
v 0.00234800 0.01910900 0.05798000
v 0.00241400 0.01890000 0.05803500
v 0.00246200 0.01868700 0.05809200
v 0.00249000 0.01847000 0.05814900
v -0.00231400 0.01919500 0.05610300
v -0.00245300 0.01873200 0.05610300
v -0.00245300 0.01873200 0.05715500
v -0.00248800 0.01849200 0.05610300
v -0.00248800 0.01849200 0.05715500
v -0.00248800 0.01849200 0.05768100
v -0.00249700 0.01837100 0.05715500
v -0.00249700 0.01837100 0.05768100
v -0.00245300 0.01873200 0.05768100
v -0.00247400 0.01861200 0.05715500
v -0.00247400 0.01861200 0.05768100
v -0.00231400 0.01919500 0.05715500
v -0.00239500 0.01896700 0.05610300
v -0.00239500 0.01896700 0.05715500
v -0.00178500 0.02000000 0.05610300
v -0.00208900 0.01962300 0.05610300
v -0.00239500 0.01896700 0.05768100
v -0.00242700 0.01885000 0.05715500
v -0.00242700 0.01885000 0.05768100
v -0.00231400 0.01919500 0.05768100
v -0.00235700 0.01908200 0.05715500
v -0.00235700 0.01908200 0.05768100
v -0.00208900 0.01962300 0.05715500
v -0.00221200 0.01941500 0.05610300
v -0.00221200 0.01941500 0.05715500
v -0.00221200 0.01941500 0.05768100
v -0.00226600 0.01930600 0.05715500
v -0.00226600 0.01930600 0.05768100
v -0.00208900 0.01962300 0.05768100
v -0.00215300 0.01952100 0.05715500
v -0.00215300 0.01952100 0.05768100
v -0.00178500 0.02000000 0.05715500
v -0.00194600 0.01981900 0.05610300
v -0.00194600 0.01981900 0.05715500
v -0.00098600 0.02054700 0.05610300
v -0.00141200 0.02031300 0.05610300
v -0.00194600 0.01981900 0.05768100
v -0.00202000 0.01972300 0.05715500
v -0.00186800 0.01991200 0.05715500
v -0.00141200 0.02031300 0.05715500
v -0.00160600 0.02016600 0.05610300
v -0.00160600 0.02016600 0.05715500
v -0.00169800 0.02008500 0.05715500
v -0.00151100 0.02024200 0.05715500
v -0.00098600 0.02054700 0.05715500
v -0.00120500 0.02044100 0.05610300
v -0.00120500 0.02044100 0.05715500
v 0.00000000 0.02075000 0.05610300
v -0.00050300 0.02069900 0.05610300
v -0.00131000 0.02037900 0.05715500
v -0.00109600 0.02049700 0.05715500
v -0.00050300 0.02069900 0.05715500
v -0.00074800 0.02063500 0.05610300
v -0.00074800 0.02063500 0.05715500
v -0.00086800 0.02059400 0.05715500
v -0.00062600 0.02067000 0.05715500
v 0.00000000 0.02075000 0.05715500
v -0.00025300 0.02073700 0.05610300
v -0.00025300 0.02073700 0.05715500
v 0.00094500 0.02056400 0.05610300
v 0.00048200 0.02070300 0.05610300
v -0.00037800 0.02072100 0.05715500
v -0.00012700 0.02074700 0.05715500
v 0.00048200 0.02070300 0.05715500
v 0.00024200 0.02073800 0.05610300
v 0.00024200 0.02073800 0.05715500
v 0.00012100 0.02074700 0.05715500
v 0.00036200 0.02072400 0.05715500
v 0.00094500 0.02056400 0.05715500
v 0.00071700 0.02064500 0.05610300
v 0.00071700 0.02064500 0.05715500
v 0.00175000 0.02003500 0.05610300
v 0.00137300 0.02033900 0.05610300
v 0.00060000 0.02067700 0.05715500
v 0.00083200 0.02060700 0.05715500
v 0.00137300 0.02033900 0.05715500
v 0.00116500 0.02046200 0.05610300
v 0.00116500 0.02046200 0.05715500
v 0.00105600 0.02051600 0.05715500
v 0.00127100 0.02040300 0.05715500
v 0.00175000 0.02003500 0.05715500
v 0.00156900 0.02019600 0.05610300
v 0.00156900 0.02019600 0.05715500
v 0.00229700 0.01923600 0.05610300
v 0.00206300 0.01966200 0.05610300
v 0.00147300 0.02027000 0.05715500
v 0.00166200 0.02011800 0.05715500
v 0.00206300 0.01966200 0.05715500
v 0.00191600 0.01985600 0.05610300
v 0.00191600 0.01985600 0.05715500
v 0.00191600 0.01985600 0.05768100
v 0.00183500 0.01994800 0.05715500
v 0.00206300 0.01966200 0.05768100
v 0.00199200 0.01976100 0.05715500
v 0.00229700 0.01923600 0.05715500
v 0.00219100 0.01945500 0.05610300
v 0.00219100 0.01945500 0.05715500
v 0.00244900 0.01875300 0.05610300
v 0.00219100 0.01945500 0.05768100
v 0.00212900 0.01956000 0.05715500
v 0.00212900 0.01956000 0.05768100
v 0.00229700 0.01923600 0.05768100
v 0.00224700 0.01934600 0.05715500
v 0.00224700 0.01934600 0.05768100
v 0.00244900 0.01875300 0.05715500
v 0.00238500 0.01899800 0.05610300
v 0.00238500 0.01899800 0.05715500
v 0.00238500 0.01899800 0.05768100
v 0.00234400 0.01911800 0.05715500
v 0.00234400 0.01911800 0.05768100
v 0.00244900 0.01875300 0.05768100
v 0.00242000 0.01887700 0.05715500
v 0.00242000 0.01887700 0.05768100
v 0.00248700 0.01850300 0.05610300
v 0.00248700 0.01850300 0.05715500
v 0.00248700 0.01850300 0.05768100
v 0.00247100 0.01862800 0.05715500
v 0.00247100 0.01862800 0.05768100
v 0.00249700 0.01837700 0.05715500
v 0.00249700 0.01837700 0.05768100
v 0.00250000 0.01825000 0.05610300
v -0.00250000 0.01825000 0.05818400
v -0.00249700 0.01837100 0.05794400
v -0.00249900 0.01831100 0.05768100
v -0.00249900 0.01831100 0.05794400
v -0.00250000 0.01825000 0.05609200
v 0.00225200 0.01933500 0.05400000
v 0.00155900 0.02020500 0.05400000
v 0.00055600 0.02068700 0.05400000
v -0.00055600 0.02068700 0.05400000
v -0.00155900 0.02020500 0.05400000
v -0.00225200 0.01933500 0.05400000
v 0.00250000 -0.01825000 0.05400000
v -0.00250000 -0.01825000 0.05400000
v 0.00250000 -0.01825000 0.05820700
v 0.00250000 -0.01825000 0.05610300
v -0.00246100 -0.01780900 0.05829800
v -0.00240600 -0.01757100 0.05836000
v -0.00232900 -0.01734200 0.05841900
v -0.00223000 -0.01711900 0.05847700
v -0.00210800 -0.01690700 0.05853300
v -0.00196800 -0.01670800 0.05858500
v -0.00180800 -0.01652300 0.05863300
v -0.00162900 -0.01635400 0.05867800
v -0.00143400 -0.01620200 0.05871800
v -0.00122700 -0.01607200 0.05875300
v -0.00100600 -0.01596100 0.05878300
v -0.00077400 -0.01587300 0.05880700
v -0.00053500 -0.01580800 0.05882500
v -0.00029000 -0.01576700 0.05883700
v -0.00004200 -0.01575000 0.05884300
v 0.00020600 -0.01575800 0.05884300
v 0.00045100 -0.01579100 0.05883600
v 0.00069300 -0.01584800 0.05882300
v 0.00092800 -0.01592800 0.05880300
v 0.00115100 -0.01603100 0.05877800
v 0.00136400 -0.01615500 0.05874700
v 0.00156500 -0.01630000 0.05871100
v 0.00174800 -0.01646300 0.05867000
v 0.00191500 -0.01664200 0.05862400
v 0.00206300 -0.01683800 0.05857400
v 0.00219100 -0.01704600 0.05852100
v 0.00229700 -0.01726400 0.05846400
v 0.00238200 -0.01749200 0.05840500
v 0.00244500 -0.01772700 0.05834400
v 0.00248600 -0.01798800 0.05827600
v -0.00231400 -0.01730500 0.05642200
v -0.00245300 -0.01776800 0.05642200
v -0.00245300 -0.01776800 0.05763300
v -0.00248800 -0.01800800 0.05642200
v -0.00248800 -0.01800800 0.05763300
v -0.00247400 -0.01788800 0.05763300
v -0.00231400 -0.01730500 0.05763300
v -0.00239500 -0.01753300 0.05642200
v -0.00239500 -0.01753300 0.05763300
v -0.00178500 -0.01650000 0.05642200
v -0.00208900 -0.01687700 0.05642200
v -0.00239500 -0.01753300 0.05823800
v -0.00242700 -0.01765000 0.05763300
v -0.00231400 -0.01730500 0.05823800
v -0.00235700 -0.01741800 0.05763300
v -0.00235700 -0.01741800 0.05823800
v -0.00208900 -0.01687700 0.05763300
v -0.00221200 -0.01708500 0.05642200
v -0.00221200 -0.01708500 0.05763300
v -0.00221200 -0.01708500 0.05823800
v -0.00226600 -0.01719400 0.05763300
v -0.00226600 -0.01719400 0.05823800
v -0.00208900 -0.01687700 0.05823800
v -0.00215300 -0.01697900 0.05763300
v -0.00215300 -0.01697900 0.05823800
v -0.00178500 -0.01650000 0.05763300
v -0.00194600 -0.01668100 0.05642200
v -0.00194600 -0.01668100 0.05763300
v -0.00098600 -0.01595300 0.05642200
v -0.00141200 -0.01618700 0.05642200
v -0.00194600 -0.01668100 0.05823800
v -0.00202000 -0.01677700 0.05763300
v -0.00202000 -0.01677700 0.05823800
v -0.00178500 -0.01650000 0.05823800
v -0.00186800 -0.01658800 0.05763300
v -0.00186800 -0.01658800 0.05823800
v -0.00141200 -0.01618700 0.05763300
v -0.00160600 -0.01633400 0.05642200
v -0.00160600 -0.01633400 0.05763300
v -0.00160600 -0.01633400 0.05823800
v -0.00169800 -0.01641500 0.05763300
v -0.00169800 -0.01641500 0.05823800
v -0.00141200 -0.01618700 0.05823800
v -0.00151100 -0.01625800 0.05763300
v -0.00151100 -0.01625800 0.05823800
v -0.00098600 -0.01595300 0.05763300
v -0.00120500 -0.01605900 0.05642200
v -0.00120500 -0.01605900 0.05763300
v 0.00000000 -0.01575000 0.05642200
v -0.00050300 -0.01580100 0.05642200
v -0.00120500 -0.01605900 0.05823800
v -0.00131000 -0.01612100 0.05763300
v -0.00131000 -0.01612100 0.05823800
v -0.00098600 -0.01595300 0.05823800
v -0.00109600 -0.01600300 0.05763300
v -0.00109600 -0.01600300 0.05823800
v -0.00050300 -0.01580100 0.05763300
v -0.00074800 -0.01586500 0.05642200
v -0.00074800 -0.01586500 0.05763300
v -0.00074800 -0.01586500 0.05823800
v -0.00086800 -0.01590600 0.05763300
v -0.00086800 -0.01590600 0.05823800
v -0.00050300 -0.01580100 0.05823800
v -0.00062600 -0.01583000 0.05763300
v -0.00062600 -0.01583000 0.05823800
v 0.00000000 -0.01575000 0.05763300
v -0.00025300 -0.01576300 0.05642200
v -0.00025300 -0.01576300 0.05763300
v 0.00094500 -0.01593600 0.05642200
v 0.00048200 -0.01579700 0.05642200
v -0.00025300 -0.01576300 0.05823800
v -0.00037800 -0.01577900 0.05763300
v -0.00037800 -0.01577900 0.05823800
v 0.00000000 -0.01575000 0.05823800
v -0.00012700 -0.01575300 0.05763300
v -0.00012700 -0.01575300 0.05823800
v 0.00048200 -0.01579700 0.05763300
v 0.00024200 -0.01576200 0.05642200
v 0.00024200 -0.01576200 0.05763300
v 0.00024200 -0.01576200 0.05823800
v 0.00012100 -0.01575300 0.05763300
v 0.00012100 -0.01575300 0.05823800
v 0.00048200 -0.01579700 0.05823800
v 0.00036200 -0.01577600 0.05763300
v 0.00036200 -0.01577600 0.05823800
v 0.00094500 -0.01593600 0.05763300
v 0.00071700 -0.01585500 0.05642200
v 0.00071700 -0.01585500 0.05763300
v 0.00175000 -0.01646500 0.05642200
v 0.00137300 -0.01616100 0.05642200
v 0.00071700 -0.01585500 0.05823800
v 0.00060000 -0.01582300 0.05763300
v 0.00060000 -0.01582300 0.05823800
v 0.00094500 -0.01593600 0.05823800
v 0.00083200 -0.01589300 0.05763300
v 0.00083200 -0.01589300 0.05823800
v 0.00137300 -0.01616100 0.05763300
v 0.00116500 -0.01603800 0.05642200
v 0.00116500 -0.01603800 0.05763300
v 0.00116500 -0.01603800 0.05823800
v 0.00105600 -0.01598400 0.05763300
v 0.00105600 -0.01598400 0.05823800
v 0.00137300 -0.01616100 0.05823800
v 0.00127100 -0.01609700 0.05763300
v 0.00127100 -0.01609700 0.05823800
v 0.00175000 -0.01646500 0.05763300
v 0.00156900 -0.01630400 0.05642200
v 0.00156900 -0.01630400 0.05763300
v 0.00229700 -0.01726400 0.05642200
v 0.00206300 -0.01683800 0.05642200
v 0.00156900 -0.01630400 0.05823800
v 0.00147300 -0.01623000 0.05763300
v 0.00147300 -0.01623000 0.05823800
v 0.00175000 -0.01646500 0.05823800
v 0.00166200 -0.01638200 0.05763300
v 0.00166200 -0.01638200 0.05823800
v 0.00206300 -0.01683800 0.05763300
v 0.00191600 -0.01664400 0.05642200
v 0.00191600 -0.01664400 0.05763300
v 0.00191600 -0.01664400 0.05823800
v 0.00183500 -0.01655200 0.05763300
v 0.00183500 -0.01655200 0.05823800
v 0.00206300 -0.01683800 0.05823800
v 0.00199200 -0.01673900 0.05763300
v 0.00199200 -0.01673900 0.05823800
v 0.00229700 -0.01726400 0.05763300
v 0.00219100 -0.01704500 0.05642200
v 0.00219100 -0.01704500 0.05763300
v 0.00244900 -0.01774700 0.05642200
v 0.00219100 -0.01704500 0.05823800
v 0.00229700 -0.01726400 0.05823800
v 0.00224700 -0.01715400 0.05763300
v 0.00224700 -0.01715400 0.05823800
v 0.00244900 -0.01774700 0.05763300
v 0.00238500 -0.01750200 0.05642200
v 0.00238500 -0.01750200 0.05763300
v 0.00238500 -0.01750200 0.05823800
v 0.00234400 -0.01738200 0.05763300
v 0.00234400 -0.01738200 0.05823800
v 0.00242000 -0.01762300 0.05763300
v 0.00242000 -0.01762300 0.05823800
v 0.00248700 -0.01799700 0.05642200
v 0.00248700 -0.01799700 0.05763300
v 0.00247100 -0.01787200 0.05763300
v -0.00250000 -0.01825000 0.05609200
v -0.00250000 -0.01825000 0.05818400
v 0.00225200 -0.01716500 0.05400000
v 0.00155900 -0.01629500 0.05400000
v 0.00055600 -0.01581300 0.05400000
v -0.00055600 -0.01581300 0.05400000
v -0.00155900 -0.01629500 0.05400000
v -0.00225200 -0.01716500 0.05400000
v -0.00249000 -0.01802900 0.05824100
v -0.02750000 -0.00000000 0.05835800
v -0.03024100 0.00248800 0.05821200
v -0.02998000 0.00250000 0.05821200
v -0.02972100 0.00248400 0.05821400
v -0.02946300 0.00244200 0.05821900
v -0.02921100 0.00237200 0.05822800
v -0.02897000 0.00227800 0.05823800
v -0.02873900 0.00215900 0.05825000
v -0.02852000 0.00201500 0.05826400
v -0.02831900 0.00185100 0.05827900
v -0.02813600 0.00166600 0.05829400
v -0.02797200 0.00146300 0.05830900
v -0.02783200 0.00124400 0.05832200
v -0.02771400 0.00101300 0.05833400
v -0.02762100 0.00076900 0.05834400
v -0.02755400 0.00051700 0.05835200
v -0.02751400 0.00026100 0.05835600
v -0.03080000 0.00236900 0.05617900
v -0.03000000 0.00250000 0.05617900
v -0.03040500 0.00246700 0.05617900
v -0.03040500 0.00246700 0.05726800
v -0.03000000 0.00250000 0.05726800
v -0.03020300 0.00249200 0.05617900
v -0.03020300 0.00249200 0.05726800
v -0.02923700 0.00238100 0.05617900
v -0.02961400 0.00247000 0.05617900
v -0.02961400 0.00247000 0.05726800
v -0.02980600 0.00249300 0.05617900
v -0.02980600 0.00249300 0.05726800
v -0.03000000 0.00250000 0.05781300
v -0.02980600 0.00249300 0.05781300
v -0.02990300 0.00249800 0.05726800
v -0.02990300 0.00249800 0.05781300
v -0.02961400 0.00247000 0.05781300
v -0.02971000 0.00248300 0.05726800
v -0.02971000 0.00248300 0.05781300
v -0.02923700 0.00238100 0.05726800
v -0.02942400 0.00243300 0.05617900
v -0.02942400 0.00243300 0.05726800
v -0.02854600 0.00203400 0.05617900
v -0.02887800 0.00223400 0.05617900
v -0.02887800 0.00223400 0.05726800
v -0.02905500 0.00231400 0.05617900
v -0.02905500 0.00231400 0.05726800
v -0.02923700 0.00238100 0.05781300
v -0.02905500 0.00231400 0.05781300
v -0.02914500 0.00234900 0.05726800
v -0.02914500 0.00234900 0.05781300
v -0.02887800 0.00223400 0.05781300
v -0.02896600 0.00227600 0.05726800
v -0.02896600 0.00227600 0.05781300
v -0.02854600 0.00203400 0.05726800
v -0.02870800 0.00214100 0.05617900
v -0.02870800 0.00214100 0.05726800
v -0.02799500 0.00149300 0.05617900
v -0.02825000 0.00178500 0.05617900
v -0.02870800 0.00214100 0.05781300
v -0.02879200 0.00218900 0.05726800
v -0.02879200 0.00218900 0.05781300
v -0.02825000 0.00178500 0.05726800
v -0.02839300 0.00191500 0.05617900
v -0.02839300 0.00191500 0.05726800
v -0.02854600 0.00203400 0.05781300
v -0.02839300 0.00191500 0.05781300
v -0.02846900 0.00197600 0.05726800
v -0.02846900 0.00197600 0.05781300
v -0.02825000 0.00178500 0.05781300
v -0.02832000 0.00185200 0.05726800
v -0.02832000 0.00185200 0.05781300
v -0.02799500 0.00149300 0.05726800
v -0.02811700 0.00164400 0.05617900
v -0.02811700 0.00164400 0.05726800
v -0.02763100 0.00080000 0.05617900
v -0.02778600 0.00116100 0.05617900
v -0.02811700 0.00164400 0.05781300
v -0.02818200 0.00171600 0.05726800
v -0.02818200 0.00171600 0.05781300
v -0.02778600 0.00116100 0.05726800
v -0.02788400 0.00133100 0.05617900
v -0.02788400 0.00133100 0.05726800
v -0.02799500 0.00149300 0.05781300
v -0.02788400 0.00133100 0.05781300
v -0.02793800 0.00141300 0.05726800
v -0.02793800 0.00141300 0.05781300
v -0.02778600 0.00116100 0.05781300
v -0.02783300 0.00124700 0.05726800
v -0.02783300 0.00124700 0.05781300
v -0.02763100 0.00080000 0.05726800
v -0.02770100 0.00098300 0.05617900
v -0.02770100 0.00098300 0.05726800
v -0.02753300 0.00040500 0.05617900
v -0.02770100 0.00098300 0.05781300
v -0.02774200 0.00107300 0.05726800
v -0.02774200 0.00107300 0.05781300
v -0.02753300 0.00040500 0.05726800
v -0.02757400 0.00060400 0.05617900
v -0.02757400 0.00060400 0.05726800
v -0.02763100 0.00080000 0.05781300
v -0.02757400 0.00060400 0.05781300
v -0.02760100 0.00070300 0.05726800
v -0.02760100 0.00070300 0.05781300
v -0.02753300 0.00040500 0.05781300
v -0.02755200 0.00050500 0.05726800
v -0.02755200 0.00050500 0.05781300
v -0.02750800 0.00020300 0.05617900
v -0.02750800 0.00020300 0.05726800
v -0.02750800 0.00020300 0.05781300
v -0.02751900 0.00030400 0.05726800
v -0.02751900 0.00030400 0.05781300
v -0.02750200 0.00010200 0.05726800
v -0.02750200 0.00010200 0.05781300
v -0.03250000 0.00000000 0.05831500
v -0.03245900 0.00045300 0.05831200
v -0.03233800 0.00088700 0.05830200
v -0.03213400 0.00130300 0.05828700
v -0.03185800 0.00167300 0.05826900
v -0.03151700 0.00198700 0.05824900
v -0.03112600 0.00223200 0.05823200
v -0.03069500 0.00240100 0.05821900
v -0.03238100 0.00076300 0.05617900
v -0.03247000 0.00038600 0.05617900
v -0.03247000 0.00038600 0.05726800
v -0.03249200 0.00019400 0.05617900
v -0.03249200 0.00019400 0.05726800
v -0.03238100 0.00076300 0.05726800
v -0.03243300 0.00057600 0.05617900
v -0.03243300 0.00057600 0.05726800
v -0.03203400 0.00145400 0.05617900
v -0.03223400 0.00112200 0.05617900
v -0.03223400 0.00112200 0.05726800
v -0.03231400 0.00094500 0.05617900
v -0.03231400 0.00094500 0.05726800
v -0.03203400 0.00145400 0.05726800
v -0.03214100 0.00129200 0.05617900
v -0.03214100 0.00129200 0.05726800
v -0.03149300 0.00200500 0.05617900
v -0.03178500 0.00175000 0.05617900
v -0.03178500 0.00175000 0.05726800
v -0.03191500 0.00160700 0.05617900
v -0.03191500 0.00160700 0.05726800
v -0.03149300 0.00200500 0.05726800
v -0.03164400 0.00188300 0.05617900
v -0.03164400 0.00188300 0.05726800
v -0.03116100 0.00221400 0.05617900
v -0.03116100 0.00221400 0.05726800
v -0.03080000 0.00236900 0.05726800
v -0.03098300 0.00229900 0.05617900
v -0.03098300 0.00229900 0.05726800
v -0.03060400 0.00242600 0.05617900
v -0.03060400 0.00242600 0.05726800
v -0.02750000 0.00000000 0.05617900
v -0.02750000 0.00000000 0.05400000
v -0.03250000 0.00000000 0.05400000
v -0.03250000 0.00000000 0.05615800
v -0.02774800 0.00108500 0.05400000
v -0.02844100 0.00195500 0.05400000
v -0.02944400 0.00243700 0.05400000
v -0.03055600 0.00243700 0.05400000
v -0.03155900 0.00195500 0.05400000
v -0.03225200 0.00108500 0.05400000
v -0.04196800 0.00787900 0.05810900
v -0.04196800 0.00392000 0.05864000
v -0.03300000 0.00000000 0.05881500
v -0.03295100 0.00054900 0.05881200
v -0.03280500 0.00107600 0.05880200
v -0.03269400 0.00133500 0.05879500
v -0.03256000 0.00158200 0.05878700
v -0.03223000 0.00203000 0.05876800
v -0.03182100 0.00241200 0.05874900
v -0.03135200 0.00270900 0.05873100
v -0.03083400 0.00291500 0.05871800
v -0.03028900 0.00302000 0.05871100
v -0.03612800 0.00391900 0.05864000
v -0.04196800 0.00192600 0.05877300
v -0.03612800 0.00192600 0.05877300
v -0.03320900 0.00192600 0.05877300
v -0.03612800 0.00092800 0.05880500
v -0.03320900 0.00092700 0.05880500
v -0.03320900 0.00142700 0.05879200
v -0.03320900 0.00391900 0.05864000
v -0.03612800 0.00292300 0.05871800
v -0.03320900 0.00292300 0.05871700
v -0.03612800 0.00787900 0.05810900
v -0.04196800 0.00590500 0.05841800
v -0.03612800 0.00590500 0.05841800
v -0.03320900 0.00117700 0.05879900
v -0.03466900 0.00092700 0.05880500
v -0.03466900 0.00192600 0.05877300
v -0.03612800 0.00142700 0.05879200
v -0.03466900 0.00142700 0.05879200
v -0.03904800 0.00192600 0.05877300
v -0.04196800 0.00092800 0.05880500
v -0.03904800 0.00092800 0.05880500
v -0.04780800 0.00392000 0.05864000
v -0.04780800 0.00192600 0.05877300
v -0.03320900 0.00167600 0.05878300
v -0.03174900 0.00292300 0.05871700
v -0.03320900 0.00242500 0.05874800
v -0.03174900 0.00391900 0.05864000
v -0.03320900 0.00342100 0.05868100
v -0.03174900 0.00342100 0.05868100
v -0.03320900 0.00590500 0.05841800
v -0.03612800 0.00491300 0.05854000
v -0.03320900 0.00491300 0.05854000
v -0.03028900 0.00356900 0.05867000
v -0.03028900 0.00411600 0.05862200
v -0.03028900 0.00466400 0.05856700
v -0.03028900 0.00521000 0.05850500
v -0.03028900 0.00575500 0.05843700
v -0.03029000 0.00630000 0.05836200
v -0.03029000 0.00684400 0.05828100
v -0.03029000 0.00738700 0.05819300
v -0.03029000 0.00792800 0.05809900
v -0.03029000 0.00846900 0.05799900
v -0.03029000 0.00900800 0.05789200
v -0.03029000 0.00954600 0.05777900
v -0.03029000 0.01008300 0.05766000
v -0.03029000 0.01061900 0.05753500
v -0.03029000 0.01115200 0.05740400
v -0.03029000 0.01168500 0.05726700
v -0.03174900 0.00491300 0.05854000
v -0.03320900 0.00441700 0.05859300
v -0.03174900 0.00441600 0.05859300
v -0.03174900 0.00590500 0.05841800
v -0.03320900 0.00540900 0.05848200
v -0.03174900 0.00540900 0.05848200
v -0.03320900 0.00787800 0.05810900
v -0.03612800 0.00689300 0.05827400
v -0.03320900 0.00689300 0.05827400
v -0.04196800 0.00983800 0.05771600
v -0.03612800 0.00983700 0.05771600
v -0.03174900 0.00689300 0.05827400
v -0.03320900 0.00639900 0.05834900
v -0.03174900 0.00639900 0.05834900
v -0.03174900 0.00787800 0.05810900
v -0.03320900 0.00738600 0.05819400
v -0.03174900 0.00738600 0.05819400
v -0.03320800 0.00983700 0.05771600
v -0.03612800 0.00886000 0.05792300
v -0.03320900 0.00886000 0.05792200
v -0.03174900 0.00886000 0.05792200
v -0.03320900 0.00837000 0.05801800
v -0.03174900 0.00837000 0.05801800
v -0.03174900 0.00983700 0.05771600
v -0.03320900 0.00934900 0.05782200
v -0.03174900 0.00934900 0.05782200
v -0.03612800 0.01081000 0.05748900
v -0.03320800 0.01081000 0.05748900
v -0.03174900 0.01081000 0.05748900
v -0.03320800 0.01032400 0.05760500
v -0.03174900 0.01032400 0.05760500
v -0.03320800 0.01129500 0.05736800
v -0.03174900 0.01129500 0.05736800
v -0.05350800 0.00000000 0.05881500
v -0.04838100 0.00000000 0.05881500
v -0.04325400 0.00000000 0.05881500
v -0.03812700 0.00000000 0.05881500
v -0.03605600 0.01168500 0.05726700
v -0.04182300 0.01168500 0.05726700
v -0.04411900 0.01145700 0.05732700
v -0.04418700 0.01144300 0.05733000
v -0.04425400 0.01142900 0.05733400
v -0.04439000 0.01140000 0.05734100
v -0.04466200 0.01133500 0.05735800
v -0.04521000 0.01118300 0.05739600
v -0.04631600 0.01078700 0.05749500
v -0.04634600 0.01077400 0.05749800
v -0.04637600 0.01076200 0.05750100
v -0.04643600 0.01073600 0.05750700
v -0.04655600 0.01068300 0.05752000
v -0.04680100 0.01057200 0.05754700
v -0.04730000 0.01032200 0.05760600
v -0.04832900 0.00970700 0.05774500
v -0.04834200 0.00969800 0.05774700
v -0.04835500 0.00968900 0.05774900
v -0.04838200 0.00967000 0.05775300
v -0.04843600 0.00963400 0.05776100
v -0.04854600 0.00955700 0.05777700
v -0.04877100 0.00939500 0.05781200
v -0.04924300 0.00902700 0.05788900
v -0.04924800 0.00902300 0.05789000
v -0.04925200 0.00901900 0.05789000
v -0.04926200 0.00901100 0.05789200
v -0.04928100 0.00899500 0.05789500
v -0.04932200 0.00896100 0.05790200
v -0.04940900 0.00888800 0.05791700
v -0.04960700 0.00871500 0.05795100
v -0.05008800 0.00826000 0.05803900
v -0.05022000 0.00812600 0.05806400
v -0.05034100 0.00799900 0.05808700
v -0.05055100 0.00776900 0.05812800
v -0.05085600 0.00741300 0.05819000
v -0.05086200 0.00740500 0.05819100
v -0.05086900 0.00739700 0.05819200
v -0.05088100 0.00738200 0.05819500
v -0.05090600 0.00735100 0.05820000
v -0.05095500 0.00729100 0.05821000
v -0.05105000 0.00717000 0.05823000
v -0.05122700 0.00693600 0.05826700
v -0.05153800 0.00649300 0.05833500
v -0.05154900 0.00647700 0.05833700
v -0.05156000 0.00646000 0.05834000
v -0.05158100 0.00642800 0.05834500
v -0.05162400 0.00636300 0.05835400
v -0.05170700 0.00623300 0.05837300
v -0.05186500 0.00597400 0.05840800
v -0.05215200 0.00546400 0.05847500
v -0.05261400 0.00448300 0.05858600
v -0.05262800 0.00444900 0.05858900
v -0.05264200 0.00441400 0.05859300
v -0.05267000 0.00434500 0.05860000
v -0.05272500 0.00420600 0.05861300
v -0.05282800 0.00392900 0.05863900
v -0.05301000 0.00337600 0.05868500
v -0.05328300 0.00228400 0.05875500
v -0.05329700 0.00221300 0.05875900
v -0.05331000 0.00214100 0.05876300
v -0.05333600 0.00199800 0.05876900
v -0.05338200 0.00171200 0.05878200
v -0.05345200 0.00113900 0.05880000
v -0.04780800 0.00787900 0.05810900
v -0.04780800 0.00983800 0.05771600
v -0.04488800 0.00983800 0.05771600
v -0.04196800 0.01081000 0.05748900
v -0.04488800 0.01081000 0.05748900
v -0.04342800 0.01081000 0.05748900
v -0.04196800 0.01129500 0.05736800
v -0.04342800 0.01129500 0.05736800
v -0.03904800 0.00983700 0.05771600
v -0.03904800 0.01081000 0.05748900
v -0.04415800 0.01129500 0.05736800
v -0.04379300 0.01129500 0.05736800
v -0.04342800 0.01141600 0.05733700
v -0.04415800 0.01141600 0.05733700
v -0.04379300 0.01141600 0.05733700
v -0.04415800 0.01081000 0.05748900
v -0.04342800 0.01105300 0.05742900
v -0.04488800 0.01105300 0.05742900
v -0.04415800 0.01105300 0.05742900
v -0.04342800 0.00983800 0.05771600
v -0.04196800 0.01032500 0.05760500
v -0.04488800 0.01032500 0.05760500
v -0.04342800 0.01032500 0.05760500
v -0.04488800 0.00787900 0.05810900
v -0.04196800 0.00886000 0.05792300
v -0.04780800 0.00886000 0.05792300
v -0.04488800 0.00886000 0.05792300
v -0.04780800 0.00590500 0.05841800
v -0.04269800 0.01129500 0.05736800
v -0.04196800 0.01153700 0.05730600
v -0.04269800 0.01153700 0.05730600
v -0.04050800 0.01081000 0.05748900
v -0.03904800 0.01129500 0.05736800
v -0.04050800 0.01129500 0.05736800
v -0.04634800 0.00983800 0.05771600
v -0.04634800 0.01032500 0.05760500
v -0.04561800 0.01032500 0.05760500
v -0.04488800 0.01056800 0.05754800
v -0.04561800 0.01081100 0.05748900
v -0.04634800 0.01056800 0.05754800
v -0.04561800 0.01056800 0.05754800
v -0.04598300 0.01056800 0.05754800
v -0.04561800 0.01068900 0.05751800
v -0.04598300 0.01081100 0.05748900
v -0.04634800 0.01068900 0.05751800
v -0.04598300 0.01068900 0.05751800
v -0.04707800 0.01032500 0.05760500
v -0.04616500 0.01068900 0.05751800
v -0.04598300 0.01075000 0.05750400
v -0.04616500 0.01081100 0.05748900
v -0.04634800 0.01075000 0.05750400
v -0.04616500 0.01075000 0.05750400
v -0.04625600 0.01075000 0.05750400
v -0.04616500 0.01078000 0.05749600
v -0.04625600 0.01078000 0.05749600
v -0.04926800 0.00886000 0.05792300
v -0.04780800 0.00935000 0.05782200
v -0.04853800 0.00935000 0.05782200
v -0.04780800 0.00959400 0.05776900
v -0.04634800 0.00886000 0.05792300
v -0.04488800 0.00934900 0.05782200
v -0.04634800 0.00935000 0.05782200
v -0.04817300 0.00959400 0.05776900
v -0.04780800 0.00971600 0.05774300
v -0.04817300 0.00971600 0.05774300
v -0.04707800 0.00935000 0.05782200
v -0.04634800 0.00959400 0.05776900
v -0.04707800 0.00983800 0.05771600
v -0.04707800 0.00959400 0.05776900
v -0.04835500 0.00959400 0.05776900
v -0.04817300 0.00965500 0.05775600
v -0.04835500 0.00965500 0.05775600
v -0.04817300 0.00935000 0.05782200
v -0.04780800 0.00947200 0.05779600
v -0.04853800 0.00947200 0.05779600
v -0.04817300 0.00947200 0.05779600
v -0.04853800 0.00886000 0.05792300
v -0.04780800 0.00910500 0.05787300
v -0.04853800 0.00910500 0.05787300
v -0.04926800 0.00787900 0.05810900
v -0.04780800 0.00837000 0.05801800
v -0.04926800 0.00837000 0.05801800
v -0.05072800 0.00590500 0.05841800
v -0.04780800 0.00689400 0.05827400
v -0.05072800 0.00689400 0.05827400
v -0.04826400 0.00965500 0.05775600
v -0.04817300 0.00968500 0.05774900
v -0.04826400 0.00971600 0.05774300
v -0.04826400 0.00968500 0.05774900
v -0.04799000 0.00959400 0.05776900
v -0.04780800 0.00965500 0.05775600
v -0.04799000 0.00971600 0.05774300
v -0.04799000 0.00965500 0.05775600
v -0.04744300 0.00959400 0.05776900
v -0.04707800 0.00971600 0.05774300
v -0.04744300 0.00983800 0.05771600
v -0.04744300 0.00971600 0.05774300
v -0.04634800 0.01008100 0.05766100
v -0.04707800 0.01008100 0.05766100
v -0.04817300 0.00977700 0.05772900
v -0.04831000 0.00968500 0.05774900
v -0.04826400 0.00970100 0.05774600
v -0.04831000 0.00971600 0.05774300
v -0.04831000 0.00970100 0.05774600
v -0.04817300 0.00974600 0.05773600
v -0.04780800 0.00977700 0.05772900
v -0.04799000 0.00983800 0.05771600
v -0.04799000 0.00977700 0.05772900
v -0.04890300 0.00886000 0.05792300
v -0.04853800 0.00898300 0.05789800
v -0.04890300 0.00910500 0.05787300
v -0.04926800 0.00898300 0.05789800
v -0.04890300 0.00898300 0.05789800
v -0.04853800 0.00837000 0.05801800
v -0.04780800 0.00861500 0.05797100
v -0.04926800 0.00861500 0.05797100
v -0.04853800 0.00861500 0.05797100
v -0.04634800 0.00787900 0.05810900
v -0.04488800 0.00837000 0.05801800
v -0.04634800 0.00837000 0.05801800
v -0.04488800 0.00590500 0.05841800
v -0.04196800 0.00689400 0.05827400
v -0.04488800 0.00689400 0.05827400
v -0.04908500 0.00898300 0.05789800
v -0.04890300 0.00904400 0.05788500
v -0.04908500 0.00910500 0.05787300
v -0.04908500 0.00904400 0.05788500
v -0.04853800 0.00922700 0.05784700
v -0.04890300 0.00922700 0.05784700
v -0.04917600 0.00898300 0.05789800
v -0.04908500 0.00901300 0.05789200
v -0.04917600 0.00904400 0.05788500
v -0.04917600 0.00901300 0.05789200
v -0.04908500 0.00886000 0.05792300
v -0.04890300 0.00892200 0.05791000
v -0.04926800 0.00892200 0.05791000
v -0.04908500 0.00892200 0.05791000
v -0.04890300 0.00861500 0.05797100
v -0.04853800 0.00873800 0.05794700
v -0.04926800 0.00873800 0.05794700
v -0.04890300 0.00873800 0.05794700
v -0.04922200 0.00901300 0.05789200
v -0.04917600 0.00902900 0.05788800
v -0.04922200 0.00902900 0.05788800
v -0.04908500 0.00907500 0.05787900
v -0.04917600 0.00907500 0.05787900
v -0.04890300 0.00916600 0.05786000
v -0.04924500 0.00901300 0.05789200
v -0.04922200 0.00902100 0.05789000
v -0.04924500 0.00902100 0.05789000
v -0.04922200 0.00898300 0.05789800
v -0.04917600 0.00899800 0.05789500
v -0.04922200 0.00899800 0.05789500
v -0.04917600 0.00892200 0.05791000
v -0.04908500 0.00895200 0.05790400
v -0.04926800 0.00895200 0.05790400
v -0.04917600 0.00895200 0.05790400
v -0.04999800 0.00787900 0.05810900
v -0.04926800 0.00812500 0.05806400
v -0.04999800 0.00812500 0.05806400
v -0.04926800 0.00689400 0.05827400
v -0.04780800 0.00738700 0.05819400
v -0.05072800 0.00738700 0.05819400
v -0.04926800 0.00738700 0.05819400
v -0.04999800 0.00800200 0.05808700
v -0.04999800 0.00738700 0.05819400
v -0.04926800 0.00763300 0.05815200
v -0.04999800 0.00763300 0.05815200
v -0.05072800 0.00751000 0.05817300
v -0.05072800 0.00714000 0.05823500
v -0.05072800 0.00640000 0.05834900
v -0.05072800 0.00392000 0.05864000
v -0.04780800 0.00491400 0.05854000
v -0.05072800 0.00491400 0.05854000
v -0.05072800 0.00744800 0.05818400
v -0.05072800 0.00726400 0.05821500
v -0.04999800 0.00689400 0.05827400
v -0.04926800 0.00714000 0.05823500
v -0.04999800 0.00714000 0.05823500
v -0.04926800 0.00590500 0.05841800
v -0.04780800 0.00640000 0.05834900
v -0.04926800 0.00640000 0.05834900
v -0.05036300 0.00738700 0.05819400
v -0.04999800 0.00751000 0.05817300
v -0.05036300 0.00763300 0.05815200
v -0.05036300 0.00751000 0.05817300
v -0.05081900 0.00738700 0.05819400
v -0.05072800 0.00741800 0.05818900
v -0.05081900 0.00744800 0.05818400
v -0.05081900 0.00741800 0.05818900
v -0.05072800 0.00732500 0.05820400
v -0.05036300 0.00714000 0.05823500
v -0.04999800 0.00726400 0.05821500
v -0.05036300 0.00726400 0.05821500
v -0.05054500 0.00738700 0.05819400
v -0.05036300 0.00744800 0.05818400
v -0.05054500 0.00751000 0.05817300
v -0.05054500 0.00744800 0.05818400
v -0.05086400 0.00738700 0.05819400
v -0.05081900 0.00740200 0.05819100
v -0.05081900 0.00732500 0.05820400
v -0.05072800 0.00735600 0.05819900
v -0.05081900 0.00735600 0.05819900
v -0.05054500 0.00726400 0.05821500
v -0.05036300 0.00732500 0.05820400
v -0.05054500 0.00732500 0.05820400
v -0.05084200 0.00740200 0.05819100
v -0.05081900 0.00741000 0.05819000
v -0.05084200 0.00741800 0.05818900
v -0.05084200 0.00741000 0.05819000
v -0.05077300 0.00738700 0.05819400
v -0.05072800 0.00740200 0.05819100
v -0.05077300 0.00741800 0.05818900
v -0.05077300 0.00740200 0.05819100
v -0.05063600 0.00738700 0.05819400
v -0.05054500 0.00741800 0.05818900
v -0.05063600 0.00744800 0.05818400
v -0.05063600 0.00741800 0.05818900
v -0.05081900 0.00743300 0.05818600
v -0.05072800 0.00747900 0.05817800
v -0.05086400 0.00735600 0.05819900
v -0.05081900 0.00737100 0.05819700
v -0.05086400 0.00737100 0.05819700
v -0.05145800 0.00640000 0.05834900
v -0.05072800 0.00664700 0.05831200
v -0.05145800 0.00652300 0.05833100
v -0.05145800 0.00590500 0.05841800
v -0.05072800 0.00615300 0.05838400
v -0.05145800 0.00615300 0.05838400
v -0.05218800 0.00491400 0.05854000
v -0.05072800 0.00541000 0.05848200
v -0.05145800 0.00646200 0.05834000
v -0.05145800 0.00627600 0.05836600
v -0.05109300 0.00640000 0.05834900
v -0.05072800 0.00652300 0.05833100
v -0.05109300 0.00664700 0.05831200
v -0.05109300 0.00652300 0.05833100
v -0.04999800 0.00640000 0.05834900
v -0.04926800 0.00664700 0.05831200
v -0.04999800 0.00664700 0.05831200
v -0.05145800 0.00649300 0.05833500
v -0.05127500 0.00640000 0.05834900
v -0.05109300 0.00646200 0.05834000
v -0.05127500 0.00652300 0.05833100
v -0.05127500 0.00646200 0.05834000
v -0.05109300 0.00615300 0.05838400
v -0.05072800 0.00627600 0.05836600
v -0.05109300 0.00627600 0.05836600
v -0.04999800 0.00590500 0.05841800
v -0.04926800 0.00615300 0.05838400
v -0.04999800 0.00615300 0.05838400
v -0.04926800 0.00491400 0.05854000
v -0.04780800 0.00541000 0.05848200
v -0.04926800 0.00541000 0.05848200
v -0.04488800 0.00392000 0.05864000
v -0.04196800 0.00491400 0.05854000
v -0.04488800 0.00491400 0.05854000
v -0.05145800 0.00658500 0.05832100
v -0.05150300 0.00649300 0.05833500
v -0.05145800 0.00650800 0.05833300
v -0.05150300 0.00652300 0.05833100
v -0.05150300 0.00650800 0.05833300
v -0.05136600 0.00646200 0.05834000
v -0.05127500 0.00649300 0.05833500
v -0.05136600 0.00652300 0.05833100
v -0.05136600 0.00649300 0.05833500
v -0.05109300 0.00658500 0.05832100
v -0.05127500 0.00664700 0.05831200
v -0.05127500 0.00658500 0.05832100
v -0.05072800 0.00677000 0.05829300
v -0.05109300 0.00677000 0.05829300
v -0.05145800 0.00655400 0.05832600
v -0.05154900 0.00640000 0.05834900
v -0.05145800 0.00643100 0.05834400
v -0.05154900 0.00643100 0.05834400
v -0.05145800 0.00633800 0.05835800
v -0.05218800 0.00392000 0.05864000
v -0.05072800 0.00441700 0.05859300
v -0.05218800 0.00441700 0.05859300
v -0.05072800 0.00192600 0.05877300
v -0.04780800 0.00292400 0.05871800
v -0.05072800 0.00292400 0.05871800
v -0.05218800 0.00466500 0.05856700
v -0.05255300 0.00441700 0.05859300
v -0.05218800 0.00454100 0.05858000
v -0.05255300 0.00454100 0.05858000
v -0.05218800 0.00416800 0.05861700
v -0.05218800 0.00292400 0.05871800
v -0.05072800 0.00342200 0.05868100
v -0.05218800 0.00342200 0.05868100
v -0.05145800 0.00441700 0.05859300
v -0.05072800 0.00466500 0.05856700
v -0.05145800 0.00491400 0.05854000
v -0.05145800 0.00466500 0.05856700
v -0.04926800 0.00392000 0.05864000
v -0.04780800 0.00441700 0.05859300
v -0.04926800 0.00441700 0.05859300
v -0.05255300 0.00447900 0.05858600
v -0.05255300 0.00416800 0.05861700
v -0.05218800 0.00429300 0.05860500
v -0.05255300 0.00429300 0.05860500
v -0.05145800 0.00392000 0.05864000
v -0.05072800 0.00416800 0.05861700
v -0.05145800 0.00416800 0.05861700
v -0.05255300 0.00451000 0.05858300
v -0.05237000 0.00441700 0.05859300
v -0.05218800 0.00447900 0.05858600
v -0.05237000 0.00454100 0.05858000
v -0.05237000 0.00447900 0.05858600
v -0.05182300 0.00441700 0.05859300
v -0.05145800 0.00454100 0.05858000
v -0.05182300 0.00466500 0.05856700
v -0.05182300 0.00454100 0.05858000
v -0.05218800 0.00479000 0.05855400
v -0.05255300 0.00444800 0.05859000
v -0.05255300 0.00435500 0.05859900
v -0.05255300 0.00438600 0.05859600
v -0.05264400 0.00438600 0.05859600
v -0.05237000 0.00429300 0.05860500
v -0.05218800 0.00435500 0.05859900
v -0.05237000 0.00435500 0.05859900
v -0.05182300 0.00416800 0.05861700
v -0.05145800 0.00429300 0.05860500
v -0.05182300 0.00429300 0.05860500
v -0.05218800 0.00192600 0.05877300
v -0.05072800 0.00242500 0.05874800
v -0.05218800 0.00242500 0.05874800
v -0.04780800 0.00092800 0.05880500
v -0.05072800 0.00092800 0.05880500
v -0.05291700 0.00192600 0.05877300
v -0.05218800 0.00217600 0.05876100
v -0.05291700 0.00242500 0.05874800
v -0.05291700 0.00217600 0.05876100
v -0.05218800 0.00092800 0.05880500
v -0.05072800 0.00142700 0.05879200
v -0.05218800 0.00142700 0.05879200
v -0.05291700 0.00230100 0.05875500
v -0.05218800 0.00267500 0.05873300
v -0.05291700 0.00292400 0.05871700
v -0.05291700 0.00267500 0.05873300
v -0.05291700 0.00205100 0.05876700
v -0.05328200 0.00205100 0.05876700
v -0.05291700 0.00142700 0.05879200
v -0.05218800 0.00167700 0.05878300
v -0.05291700 0.00167700 0.05878300
v -0.04196800 -0.00787900 0.05810900
v -0.04196800 -0.00391900 0.05864000
v -0.03300000 0.00000000 0.05881500
v -0.03298700 -0.00027900 0.05881400
v -0.03294900 -0.00055600 0.05881200
v -0.03288600 -0.00082800 0.05880700
v -0.03279800 -0.00109300 0.05880100
v -0.03255400 -0.00159200 0.05878600
v -0.03239800 -0.00182300 0.05877700
v -0.03222200 -0.00203900 0.05876800
v -0.03181600 -0.00241500 0.05874900
v -0.03134700 -0.00271100 0.05873100
v -0.03083500 -0.00291500 0.05871800
v -0.03028900 -0.00302000 0.05871100
v -0.03612800 -0.00391900 0.05864000
v -0.04196800 -0.00192600 0.05877300
v -0.03612800 -0.00192600 0.05877300
v -0.03320900 -0.00192600 0.05877300
v -0.03612800 -0.00092700 0.05880500
v -0.03320900 -0.00092700 0.05880500
v -0.03320900 -0.00042800 0.05881300
v -0.03466900 -0.00092700 0.05880500
v -0.03612800 -0.00042800 0.05881300
v -0.03466900 -0.00042800 0.05881300
v -0.03904800 -0.00192600 0.05877300
v -0.04196800 -0.00092800 0.05880500
v -0.03904800 -0.00092800 0.05880500
v -0.04780800 -0.00392000 0.05864000
v -0.04780800 -0.00192600 0.05877300
v -0.03320900 -0.00067800 0.05881000
v -0.03320900 -0.00142700 0.05879200
v -0.03320900 -0.00391900 0.05864000
v -0.03612800 -0.00292300 0.05871800
v -0.03320900 -0.00292300 0.05871700
v -0.03612800 -0.00787800 0.05810900
v -0.04196800 -0.00590500 0.05841800
v -0.03612800 -0.00590500 0.05841800
v -0.03320900 -0.00117700 0.05879900
v -0.03466900 -0.00192600 0.05877300
v -0.03612800 -0.00142700 0.05879200
v -0.03466900 -0.00142700 0.05879200
v -0.03247900 -0.00192600 0.05877300
v -0.03320900 -0.00167600 0.05878300
v -0.03174900 -0.00292300 0.05871700
v -0.03320900 -0.00242500 0.05874800
v -0.03247900 -0.00242500 0.05874800
v -0.03320900 -0.00217500 0.05876100
v -0.03247900 -0.00217500 0.05876100
v -0.03466900 -0.00292300 0.05871700
v -0.03612800 -0.00242500 0.05874800
v -0.03466900 -0.00242500 0.05874800
v -0.03904800 -0.00391900 0.05864000
v -0.04196800 -0.00292400 0.05871800
v -0.03904800 -0.00292300 0.05871800
v -0.03174900 -0.00391900 0.05864000
v -0.03320900 -0.00342100 0.05868100
v -0.03174900 -0.00342100 0.05868100
v -0.03320900 -0.00590500 0.05841800
v -0.03612800 -0.00491300 0.05854000
v -0.03320900 -0.00491300 0.05854000
v -0.05350800 0.00000000 0.05881500
v -0.04838100 0.00000000 0.05881500
v -0.04325400 0.00000000 0.05881500
v -0.03812700 0.00000000 0.05881500
v -0.03028900 -0.00356900 0.05867000
v -0.03028900 -0.00411600 0.05862200
v -0.03028900 -0.00466300 0.05856700
v -0.03028900 -0.00521000 0.05850500
v -0.03028900 -0.00575500 0.05843700
v -0.03029000 -0.00630000 0.05836200
v -0.03029000 -0.00684400 0.05828100
v -0.03029000 -0.00738600 0.05819300
v -0.03029000 -0.00792800 0.05809900
v -0.03029000 -0.00846900 0.05799900
v -0.03029000 -0.00900800 0.05789200
v -0.03029000 -0.00954600 0.05777900
v -0.03029000 -0.01008300 0.05766000
v -0.03029000 -0.01061800 0.05753500
v -0.03029000 -0.01115200 0.05740400
v -0.03029000 -0.01168500 0.05726700
v -0.03174900 -0.00491300 0.05854000
v -0.03320900 -0.00441600 0.05859300
v -0.03174900 -0.00441600 0.05859300
v -0.03174900 -0.00590500 0.05841800
v -0.03320900 -0.00540900 0.05848200
v -0.03174900 -0.00540900 0.05848200
v -0.03320900 -0.00787800 0.05810900
v -0.03612800 -0.00689300 0.05827400
v -0.03320900 -0.00689300 0.05827400
v -0.04196800 -0.00983800 0.05771600
v -0.03612800 -0.00983700 0.05771600
v -0.03174900 -0.00689300 0.05827400
v -0.03320900 -0.00639900 0.05834900
v -0.03174900 -0.00639900 0.05834900
v -0.03174900 -0.00787800 0.05810900
v -0.03320900 -0.00738600 0.05819400
v -0.03174900 -0.00738600 0.05819400
v -0.03320900 -0.00983700 0.05771600
v -0.03612800 -0.00886000 0.05792300
v -0.03320900 -0.00886000 0.05792200
v -0.03174900 -0.00886000 0.05792200
v -0.03320900 -0.00837000 0.05801800
v -0.03174900 -0.00837000 0.05801800
v -0.03174900 -0.00983700 0.05771600
v -0.03320900 -0.00934900 0.05782200
v -0.03174900 -0.00934900 0.05782200
v -0.03612800 -0.01081000 0.05748900
v -0.03320800 -0.01081000 0.05748900
v -0.03174900 -0.01081000 0.05748900
v -0.03320900 -0.01032400 0.05760500
v -0.03174900 -0.01032400 0.05760500
v -0.03320800 -0.01129500 0.05736800
v -0.03174900 -0.01129500 0.05736800
v -0.03605600 -0.01168500 0.05726700
v -0.04182300 -0.01168500 0.05726700
v -0.04297300 -0.01162800 0.05728200
v -0.04299100 -0.01162600 0.05728200
v -0.04300900 -0.01162500 0.05728300
v -0.04304500 -0.01162100 0.05728400
v -0.04311700 -0.01161300 0.05728600
v -0.04326100 -0.01159600 0.05729000
v -0.04354700 -0.01155700 0.05730100
v -0.04411000 -0.01145900 0.05732600
v -0.04439100 -0.01139900 0.05734100
v -0.04467100 -0.01133300 0.05735900
v -0.04522300 -0.01117900 0.05739700
v -0.04630400 -0.01079200 0.05749400
v -0.04831500 -0.00971800 0.05774200
v -0.05008200 -0.00826600 0.05803800
v -0.05085500 -0.00741500 0.05818900
v -0.05153400 -0.00650200 0.05833400
v -0.05261200 -0.00448700 0.05858600
v -0.05282200 -0.00394600 0.05863800
v -0.05300400 -0.00339800 0.05868300
v -0.05328400 -0.00228700 0.05875500
v -0.03904800 -0.00983700 0.05771600
v -0.04196800 -0.01081000 0.05748900
v -0.03904800 -0.01081000 0.05748900
v -0.04780800 -0.00787900 0.05810900
v -0.04488800 -0.00983800 0.05771600
v -0.04488800 -0.01081000 0.05748900
v -0.04342800 -0.01081000 0.05748900
v -0.04196800 -0.01129500 0.05736800
v -0.04342800 -0.01129500 0.05736800
v -0.04269800 -0.01129500 0.05736800
v -0.04196800 -0.01153700 0.05730600
v -0.04342800 -0.01153700 0.05730600
v -0.04269800 -0.01153700 0.05730600
v -0.04050800 -0.01081000 0.05748900
v -0.03904800 -0.01129500 0.05736800
v -0.04050800 -0.01129500 0.05736800
v -0.04306300 -0.01153700 0.05730600
v -0.04288000 -0.01153700 0.05730600
v -0.04269800 -0.01159700 0.05729000
v -0.04306300 -0.01159700 0.05729000
v -0.04288000 -0.01159700 0.05729000
v -0.04306300 -0.01129500 0.05736800
v -0.04269800 -0.01141600 0.05733700
v -0.04342800 -0.01141600 0.05733700
v -0.04306300 -0.01141600 0.05733700
v -0.04269800 -0.01081000 0.05748900
v -0.04196800 -0.01105300 0.05742900
v -0.04342800 -0.01105300 0.05742900
v -0.04269800 -0.01105300 0.05742900
v -0.04342800 -0.00983800 0.05771600
v -0.04196800 -0.01032500 0.05760500
v -0.04488800 -0.01032500 0.05760500
v -0.04342800 -0.01032500 0.05760500
v -0.04488800 -0.00787900 0.05810900
v -0.04196800 -0.00886000 0.05792300
v -0.04780800 -0.00886000 0.05792300
v -0.04488800 -0.00886000 0.05792300
v -0.04780800 -0.00590500 0.05841800
v -0.04233300 -0.01153700 0.05730600
v -0.04233300 -0.01165800 0.05727400
v -0.04123800 -0.01129500 0.05736800
v -0.04050800 -0.01153700 0.05730600
v -0.04123800 -0.01153700 0.05730600
v -0.04297200 -0.01159700 0.05729000
v -0.04288000 -0.01162800 0.05728200
v -0.04324500 -0.01153700 0.05730600
v -0.04301700 -0.01159700 0.05729000
v -0.04297200 -0.01161200 0.05728600
v -0.04306300 -0.01161200 0.05728600
v -0.04301700 -0.01161200 0.05728600
v -0.04297200 -0.01153700 0.05730600
v -0.04288000 -0.01156700 0.05729800
v -0.04306300 -0.01156700 0.05729800
v -0.04297200 -0.01156700 0.05729800
v -0.04288000 -0.01141600 0.05733700
v -0.04269800 -0.01147600 0.05732200
v -0.04306300 -0.01147600 0.05732200
v -0.04288000 -0.01147600 0.05732200
v -0.04233300 -0.01129500 0.05736800
v -0.04196800 -0.01141600 0.05733700
v -0.04233300 -0.01141600 0.05733700
v -0.05072800 -0.00590500 0.05841800
v -0.04780800 -0.00689400 0.05827400
v -0.05072800 -0.00689400 0.05827400
v -0.05072800 -0.00392000 0.05864000
v -0.04780800 -0.00491400 0.05854000
v -0.05072800 -0.00491400 0.05854000
v -0.05218800 -0.00392000 0.05864000
v -0.05072800 -0.00441700 0.05859300
v -0.05218800 -0.00491400 0.05854000
v -0.05218800 -0.00441700 0.05859300
v -0.05072800 -0.00192600 0.05877300
v -0.04780800 -0.00292400 0.05871800
v -0.05072800 -0.00292400 0.05871800
v -0.05218800 -0.00292400 0.05871800
v -0.05072800 -0.00342200 0.05868100
v -0.05218800 -0.00342200 0.05868100
v -0.02091300 0.01285200 0.05756000
v -0.02193500 0.01227400 0.05754700
v -0.02304800 0.01177500 0.05753500
v -0.02421500 0.01139300 0.05752300
v -0.02543000 0.01111800 0.05751200
v -0.02664200 0.01094300 0.05750300
v -0.02788100 0.01084600 0.05749600
v -0.02912000 0.01081100 0.05749100
v -0.02091200 0.01169400 0.05782900
v -0.02193400 0.01116800 0.05780800
v -0.02304700 0.01071400 0.05778700
v -0.02421400 0.01036600 0.05776900
v -0.02542900 0.01011600 0.05775200
v -0.02664100 0.00995600 0.05773800
v -0.02788100 0.00986800 0.05772700
v -0.02912000 0.00983700 0.05771900
v -0.02091000 0.01053300 0.05807600
v -0.02193300 0.01005900 0.05804700
v -0.02304600 0.00965000 0.05801800
v -0.02421300 0.00933600 0.05799200
v -0.02542900 0.00911100 0.05797000
v -0.02664100 0.00896700 0.05795100
v -0.02788100 0.00888800 0.05793600
v -0.02912000 0.00886000 0.05792600
v -0.02090900 0.00936400 0.05830100
v -0.02193100 0.00894300 0.05826300
v -0.02304500 0.00857800 0.05822700
v -0.02421300 0.00829900 0.05819400
v -0.02542800 0.00809900 0.05816600
v -0.02664100 0.00797100 0.05814300
v -0.02788000 0.00790100 0.05812500
v -0.02912000 0.00787700 0.05811300
v -0.02090800 0.00819300 0.05850100
v -0.02193000 0.00782400 0.05845500
v -0.02304400 0.00750500 0.05841200
v -0.02421200 0.00726100 0.05837300
v -0.02542700 0.00708500 0.05834000
v -0.02664000 0.00697300 0.05831300
v -0.02788000 0.00691200 0.05829200
v -0.02911900 0.00689100 0.05827900
v -0.02090700 0.00702000 0.05867600
v -0.02192900 0.00670300 0.05862200
v -0.02304300 0.00642900 0.05857200
v -0.02421100 0.00622000 0.05852800
v -0.02542700 0.00607000 0.05849000
v -0.02664000 0.00597400 0.05846000
v -0.02788000 0.00592200 0.05843700
v -0.02911900 0.00590400 0.05842300
v -0.02090600 0.00584000 0.05882500
v -0.02192800 0.00557600 0.05876500
v -0.02304200 0.00534800 0.05870900
v -0.02421000 0.00517400 0.05866000
v -0.02542600 0.00504900 0.05861900
v -0.02664000 0.00496900 0.05858600
v -0.02788000 0.00492600 0.05856100
v -0.02911900 0.00491100 0.05854500
v -0.02090600 0.00465800 0.05894700
v -0.02192800 0.00444800 0.05888100
v -0.02304100 0.00426600 0.05882000
v -0.02421000 0.00412700 0.05876800
v -0.02542600 0.00402700 0.05872300
v -0.02663900 0.00396300 0.05868800
v -0.02788000 0.00392900 0.05866200
v -0.02911900 0.00391700 0.05864500
v -0.02090500 0.00347500 0.05904200
v -0.02192700 0.00331700 0.05897100
v -0.02304100 0.00318200 0.05890700
v -0.02421000 0.00307800 0.05885100
v -0.02542600 0.00300300 0.05880400
v -0.02663900 0.00295600 0.05876700
v -0.02788000 0.00293100 0.05874000
v -0.02090500 0.00228900 0.05910900
v -0.02192700 0.00218600 0.05903600
v -0.02304100 0.00209600 0.05896800
v -0.02420900 0.00202800 0.05891100
v -0.02542500 0.00197900 0.05886200
v -0.02663900 0.00194700 0.05882400
v -0.02090500 0.00110300 0.05914900
v -0.02192700 0.00105300 0.05907400
v -0.02304000 0.00100900 0.05900500
v -0.02420900 0.00097700 0.05894600
v -0.02542500 0.00095300 0.05889600
v -0.02663900 0.00093800 0.05885700
v -0.02701300 0.00000000 0.05885700
v -0.02702900 0.00031700 0.05885600
v -0.02707700 0.00062800 0.05885100
v -0.02715800 0.00093300 0.05884400
v -0.02726900 0.00123000 0.05883400
v -0.02740900 0.00151100 0.05882200
v -0.02757800 0.00177500 0.05880800
v -0.02777300 0.00202200 0.05879400
v -0.02799200 0.00224700 0.05877800
v -0.02823300 0.00244600 0.05876400
v -0.02849400 0.00262000 0.05875000
v -0.02877000 0.00276500 0.05873700
v -0.02905800 0.00288000 0.05872600
v -0.02935900 0.00296400 0.05871800
v -0.02966700 0.00301600 0.05871300
v -0.02997700 0.00303500 0.05871000
v -0.03028900 0.00302000 0.05871100
v -0.02725800 0.00193700 0.05880800
v -0.02663900 0.00144300 0.05884400
v -0.02788000 0.00243100 0.05877100
v -0.02725800 0.00294100 0.05875200
v -0.02663900 0.00245200 0.05879900
v -0.02725800 0.00243900 0.05878300
v -0.02974000 0.00391700 0.05864100
v -0.02911900 0.00342000 0.05868700
v -0.02974000 0.00341900 0.05868300
v -0.03028900 0.00356900 0.05867000
v -0.03028900 0.00411600 0.05862200
v -0.03028900 0.00466400 0.05856700
v -0.03028900 0.00521000 0.05850500
v -0.03028900 0.00575500 0.05843700
v -0.03029000 0.00630000 0.05836200
v -0.03029000 0.00684400 0.05828100
v -0.03029000 0.00738700 0.05819300
v -0.03029000 0.00792800 0.05809900
v -0.03029000 0.00846900 0.05799900
v -0.03029000 0.00900800 0.05789200
v -0.03029000 0.00954600 0.05777900
v -0.03029000 0.01008300 0.05766000
v -0.03029000 0.01061900 0.05753500
v -0.03029000 0.01115200 0.05740400
v -0.03029000 0.01168500 0.05726700
v -0.02948300 0.01168600 0.05726700
v -0.02869500 0.01169700 0.05726800
v -0.02793300 0.01172700 0.05726900
v -0.02720500 0.01177800 0.05727100
v -0.02652300 0.01185100 0.05727300
v -0.02590400 0.01194000 0.05727500
v -0.02535500 0.01203700 0.05727800
v -0.02510900 0.01208700 0.05727900
v -0.02499300 0.01211200 0.05728000
v -0.02493600 0.01212500 0.05728100
v -0.02490800 0.01213100 0.05728100
v -0.02489500 0.01213400 0.05728100
v -0.02488800 0.01213500 0.05728100
v -0.02488100 0.01213700 0.05728100
v -0.02417000 0.01231400 0.05728800
v -0.02350300 0.01251200 0.05729800
v -0.02288000 0.01272700 0.05731000
v -0.02258200 0.01284100 0.05731700
v -0.02243700 0.01290000 0.05732100
v -0.02236500 0.01292900 0.05732300
v -0.02232900 0.01294400 0.05732400
v -0.02229300 0.01295900 0.05732500
v -0.02167700 0.01323600 0.05734300
v -0.02137000 0.01338800 0.05735300
v -0.02129400 0.01342800 0.05735600
v -0.02125600 0.01344700 0.05735700
v -0.02121300 0.01347000 0.05735900
v -0.02103300 0.01356700 0.05736500
v -0.02040100 0.01393900 0.05738100
v -0.01990800 0.01426300 0.05738600
v -0.02481600 0.01124300 0.05751700
v -0.02543000 0.01161700 0.05738500
v -0.02421500 0.01190400 0.05739200
v -0.02481600 0.01174800 0.05738800
v -0.02512100 0.01168000 0.05738700
v -0.02543000 0.01186700 0.05731900
v -0.02481600 0.01200000 0.05732200
v -0.02512100 0.01193000 0.05732100
v -0.02603200 0.01102000 0.05750800
v -0.02664200 0.01143400 0.05737900
v -0.02603200 0.01151500 0.05738200
v -0.02496800 0.01196400 0.05732100
v -0.02512100 0.01205500 0.05728700
v -0.02481600 0.01212600 0.05728800
v -0.02496800 0.01209000 0.05728800
v -0.02451400 0.01182300 0.05739000
v -0.02421500 0.01216000 0.05732500
v -0.02451400 0.01207700 0.05732400
v -0.02362100 0.01157100 0.05752900
v -0.02304800 0.01230400 0.05740100
v -0.02362200 0.01209100 0.05739600
v -0.02489200 0.01210800 0.05728800
v -0.02466400 0.01203800 0.05732300
v -0.02451400 0.01220300 0.05729000
v -0.02466400 0.01216400 0.05728900
v -0.02493000 0.01209900 0.05728800
v -0.02489200 0.01198200 0.05732200
v -0.02496800 0.01202700 0.05730500
v -0.02481600 0.01206300 0.05730500
v -0.02489200 0.01204500 0.05730500
v -0.02496800 0.01171300 0.05738800
v -0.02512100 0.01180500 0.05735400
v -0.02481600 0.01187400 0.05735500
v -0.02496800 0.01183900 0.05735500
v -0.02512100 0.01117700 0.05751500
v -0.02543000 0.01136800 0.05744900
v -0.02481600 0.01149600 0.05745400
v -0.02512100 0.01142900 0.05745100
v -0.02481500 0.01023000 0.05776000
v -0.02542900 0.01061700 0.05763500
v -0.02421500 0.01088000 0.05764800
v -0.02481500 0.01073700 0.05764100
v -0.02504500 0.01207200 0.05728800
v -0.02527500 0.01189800 0.05732000
v -0.02543000 0.01199100 0.05728600
v -0.02527500 0.01202300 0.05728700
v -0.02573000 0.01156300 0.05738300
v -0.02603200 0.01176200 0.05731700
v -0.02573000 0.01181200 0.05731800
v -0.02491100 0.01210300 0.05728800
v -0.02493000 0.01211400 0.05728400
v -0.02489200 0.01212300 0.05728400
v -0.02491100 0.01211900 0.05728400
v -0.02485400 0.01211700 0.05728800
v -0.02474000 0.01214500 0.05728900
v -0.02493000 0.01203600 0.05730500
v -0.02496800 0.01205900 0.05729600
v -0.02489200 0.01207600 0.05729700
v -0.02493000 0.01206700 0.05729600
v -0.02504500 0.01194700 0.05732100
v -0.02512100 0.01199300 0.05730400
v -0.02504500 0.01201000 0.05730400
v -0.02487300 0.01211200 0.05728800
v -0.02485400 0.01213300 0.05728400
v -0.02487300 0.01212800 0.05728400
v -0.02485400 0.01205400 0.05730500
v -0.02481600 0.01209500 0.05729700
v -0.02485400 0.01208500 0.05729700
v -0.02474000 0.01201900 0.05732200
v -0.02466400 0.01210100 0.05730600
v -0.02474000 0.01208200 0.05730600
v -0.02466400 0.01178500 0.05738900
v -0.02451400 0.01195000 0.05735700
v -0.02466400 0.01191100 0.05735600
v -0.02451300 0.01131500 0.05752000
v -0.02421500 0.01164900 0.05745800
v -0.02451400 0.01156900 0.05745600
v -0.02247900 0.01201300 0.05754100
v -0.02193600 0.01282600 0.05741000
v -0.02247900 0.01255300 0.05740500
v -0.02220500 0.01268600 0.05740700
v -0.02248000 0.01282200 0.05733500
v -0.02193600 0.01310100 0.05733900
v -0.02220500 0.01295900 0.05733700
v -0.02141500 0.01255600 0.05755400
v -0.02091400 0.01343000 0.05741900
v -0.02141600 0.01312000 0.05741400
v -0.02234100 0.01288900 0.05733600
v -0.02276100 0.01242500 0.05740300
v -0.02304900 0.01256800 0.05733200
v -0.02276100 0.01269200 0.05733400
v -0.02116300 0.01327400 0.05741700
v -0.02038500 0.01318100 0.05756700
v -0.02038500 0.01377400 0.05742500
v -0.02128900 0.01319600 0.05741600
v -0.02141600 0.01326100 0.05737900
v -0.02116300 0.01341600 0.05738100
v -0.02128900 0.01333800 0.05738000
v -0.02116200 0.01270300 0.05755700
v -0.02141500 0.01283800 0.05748500
v -0.02091400 0.01314100 0.05749000
v -0.02116200 0.01298800 0.05748800
v -0.02141300 0.01142500 0.05781800
v -0.02193500 0.01172200 0.05768000
v -0.02091300 0.01227400 0.05769700
v -0.02141400 0.01199100 0.05768900
v -0.02167300 0.01297100 0.05741200
v -0.01990100 0.00000000 0.05924500
v -0.02064700 0.00000000 0.05918200
v -0.02140900 0.00000000 0.05912200
v -0.02221800 0.00000000 0.05906600
v -0.02308400 0.00000000 0.05901300
v -0.02400900 -0.00000000 0.05896600
v -0.02449000 -0.00000000 0.05894400
v -0.02498100 -0.00000000 0.05892300
v -0.02548000 -0.00000000 0.05890400
v -0.02598500 0.00000000 0.05888700
v -0.02649700 0.00000000 0.05887100
v -0.01990700 0.01338700 0.05759500
v -0.01990600 0.01250900 0.05779600
v -0.01990500 0.01162800 0.05798600
v -0.01990400 0.01074500 0.05816600
v -0.01990400 0.00985900 0.05833300
v -0.01990300 0.00897200 0.05848700
v -0.01990300 0.00808100 0.05862900
v -0.01990200 0.00718900 0.05875600
v -0.01990200 0.00629500 0.05887000
v -0.01990100 0.00539900 0.05896800
v -0.01990100 0.00450200 0.05905200
v -0.01990100 0.00360300 0.05912100
v -0.01990100 0.00270300 0.05917500
v -0.01990100 0.00180300 0.05921400
v -0.01990100 0.00090100 0.05923800
v -0.02091300 -0.01285200 0.05756000
v -0.02193500 -0.01227400 0.05754700
v -0.02304800 -0.01177500 0.05753500
v -0.02421500 -0.01139300 0.05752300
v -0.02543000 -0.01111800 0.05751200
v -0.02664200 -0.01094300 0.05750300
v -0.02788100 -0.01084600 0.05749600
v -0.02912000 -0.01081100 0.05749100
v -0.02091200 -0.01169400 0.05782900
v -0.02193400 -0.01116800 0.05780800
v -0.02304700 -0.01071400 0.05778700
v -0.02421400 -0.01036600 0.05776900
v -0.02542900 -0.01011600 0.05775200
v -0.02664100 -0.00995600 0.05773800
v -0.02788100 -0.00986800 0.05772700
v -0.02912000 -0.00983700 0.05771900
v -0.02091000 -0.01053300 0.05807600
v -0.02193300 -0.01005900 0.05804700
v -0.02304600 -0.00965000 0.05801800
v -0.02421300 -0.00933600 0.05799200
v -0.02542800 -0.00911100 0.05797000
v -0.02664100 -0.00896700 0.05795100
v -0.02788100 -0.00888800 0.05793600
v -0.02912000 -0.00886000 0.05792600
v -0.02090900 -0.00936400 0.05830100
v -0.02193100 -0.00894300 0.05826300
v -0.02304500 -0.00857800 0.05822700
v -0.02421200 -0.00829900 0.05819400
v -0.02542800 -0.00809900 0.05816600
v -0.02664100 -0.00797100 0.05814300
v -0.02788000 -0.00790100 0.05812500
v -0.02911900 -0.00787700 0.05811300
v -0.02090800 -0.00819300 0.05850100
v -0.02193000 -0.00782400 0.05845500
v -0.02304300 -0.00750500 0.05841200
v -0.02421200 -0.00726000 0.05837300
v -0.02542700 -0.00708500 0.05834000
v -0.02664000 -0.00697300 0.05831300
v -0.02788000 -0.00691200 0.05829200
v -0.02911900 -0.00689100 0.05827900
v -0.02090700 -0.00702000 0.05867600
v -0.02192900 -0.00670300 0.05862200
v -0.02304300 -0.00642900 0.05857200
v -0.02421100 -0.00622000 0.05852800
v -0.02542700 -0.00607000 0.05849000
v -0.02664000 -0.00597400 0.05846000
v -0.02788000 -0.00592200 0.05843700
v -0.02911900 -0.00590400 0.05842300
v -0.02090600 -0.00584000 0.05882500
v -0.02192800 -0.00557600 0.05876500
v -0.02304200 -0.00534800 0.05870900
v -0.02421000 -0.00517400 0.05866000
v -0.02542600 -0.00504900 0.05861900
v -0.02664000 -0.00496900 0.05858600
v -0.02788000 -0.00492600 0.05856100
v -0.02911900 -0.00491100 0.05854500
v -0.02090600 -0.00465800 0.05894700
v -0.02192800 -0.00444800 0.05888100
v -0.02304100 -0.00426600 0.05882000
v -0.02421000 -0.00412700 0.05876800
v -0.02542600 -0.00402700 0.05872300
v -0.02663900 -0.00396300 0.05868800
v -0.02788000 -0.00392900 0.05866200
v -0.02911900 -0.00391700 0.05864500
v -0.02090500 -0.00347500 0.05904200
v -0.02192700 -0.00331700 0.05897100
v -0.02304100 -0.00318200 0.05890700
v -0.02420900 -0.00307800 0.05885100
v -0.02542600 -0.00300300 0.05880400
v -0.02663900 -0.00295600 0.05876700
v -0.02787900 -0.00293100 0.05874000
v -0.02090500 -0.00228900 0.05910900
v -0.02192700 -0.00218600 0.05903600
v -0.02304100 -0.00209600 0.05896800
v -0.02420900 -0.00202800 0.05891100
v -0.02542500 -0.00197900 0.05886200
v -0.02663900 -0.00194700 0.05882400
v -0.02090500 -0.00110300 0.05914900
v -0.02192700 -0.00105300 0.05907400
v -0.02304000 -0.00100900 0.05900500
v -0.02420900 -0.00097600 0.05894600
v -0.02542500 -0.00095300 0.05889600
v -0.02663900 -0.00093800 0.05885700
v -0.02701300 0.00000000 0.05885700
v -0.02702900 -0.00031700 0.05885600
v -0.02707700 -0.00062800 0.05885100
v -0.02715800 -0.00093400 0.05884400
v -0.02726900 -0.00123000 0.05883400
v -0.02741000 -0.00151100 0.05882200
v -0.02757800 -0.00177600 0.05880800
v -0.02777400 -0.00202300 0.05879300
v -0.02799300 -0.00224700 0.05877800
v -0.02823400 -0.00244700 0.05876400
v -0.02849500 -0.00262100 0.05874900
v -0.02877000 -0.00276500 0.05873700
v -0.02905900 -0.00288000 0.05872600
v -0.02936000 -0.00296400 0.05871800
v -0.02966800 -0.00301500 0.05871300
v -0.02997700 -0.00303400 0.05871000
v -0.03028900 -0.00302000 0.05871100
v -0.02725800 -0.00193700 0.05880800
v -0.02663900 -0.00144300 0.05884400
v -0.02787900 -0.00243100 0.05877100
v -0.02725800 -0.00294100 0.05875200
v -0.02663900 -0.00245200 0.05879900
v -0.02725800 -0.00243900 0.05878300
v -0.02974000 -0.00391700 0.05864100
v -0.02911900 -0.00342000 0.05868700
v -0.02974000 -0.00341900 0.05868300
v -0.03028900 -0.00356900 0.05867000
v -0.03028900 -0.00411600 0.05862200
v -0.03028900 -0.00466300 0.05856700
v -0.03028900 -0.00521000 0.05850500
v -0.03028900 -0.00575500 0.05843700
v -0.03029000 -0.00630000 0.05836200
v -0.03029000 -0.00684400 0.05828100
v -0.03029000 -0.00738600 0.05819300
v -0.03029000 -0.00792800 0.05809900
v -0.03029000 -0.00846900 0.05799900
v -0.03029000 -0.00900800 0.05789200
v -0.03029000 -0.00954600 0.05777900
v -0.03029000 -0.01008300 0.05766000
v -0.03029000 -0.01061800 0.05753500
v -0.03029000 -0.01115200 0.05740400
v -0.03029000 -0.01168500 0.05726700
v -0.02948600 -0.01168600 0.05726700
v -0.02870000 -0.01169700 0.05726800
v -0.02793800 -0.01172700 0.05726900
v -0.02721000 -0.01177800 0.05727100
v -0.02652800 -0.01185000 0.05727300
v -0.02590600 -0.01193900 0.05727500
v -0.02535600 -0.01203700 0.05727800
v -0.02487900 -0.01213700 0.05728100
v -0.02486600 -0.01214000 0.05728100
v -0.02485300 -0.01214300 0.05728100
v -0.02482800 -0.01214900 0.05728100
v -0.02477700 -0.01216100 0.05728200
v -0.02467600 -0.01218400 0.05728300
v -0.02447900 -0.01223300 0.05728500
v -0.02410200 -0.01233300 0.05728900
v -0.02341100 -0.01254200 0.05729800
v -0.02280600 -0.01275500 0.05731100
v -0.02228000 -0.01296500 0.05732500
v -0.02227300 -0.01296800 0.05732500
v -0.02226500 -0.01297100 0.05732600
v -0.02225100 -0.01297700 0.05732600
v -0.02222200 -0.01299000 0.05732700
v -0.02216400 -0.01301400 0.05732900
v -0.02205000 -0.01306400 0.05733300
v -0.02183000 -0.01316400 0.05733900
v -0.02142100 -0.01336200 0.05735200
v -0.02073900 -0.01373500 0.05737100
v -0.02023800 -0.01404300 0.05738300
v -0.01990900 -0.01426200 0.05738700
v -0.02481600 -0.01124300 0.05751700
v -0.02543000 -0.01161700 0.05738500
v -0.02421500 -0.01190400 0.05739200
v -0.02481600 -0.01174800 0.05738800
v -0.02512100 -0.01168000 0.05738700
v -0.02543000 -0.01186700 0.05731900
v -0.02481600 -0.01200000 0.05732200
v -0.02512100 -0.01193000 0.05732100
v -0.02603200 -0.01102000 0.05750800
v -0.02664200 -0.01143400 0.05737900
v -0.02603200 -0.01151500 0.05738200
v -0.02496800 -0.01196400 0.05732100
v -0.02512100 -0.01205500 0.05728700
v -0.02481600 -0.01212600 0.05728800
v -0.02496800 -0.01209000 0.05728800
v -0.02451400 -0.01182300 0.05739000
v -0.02421500 -0.01216000 0.05732500
v -0.02451400 -0.01207700 0.05732400
v -0.02362100 -0.01157100 0.05752900
v -0.02304800 -0.01230400 0.05740100
v -0.02362100 -0.01209100 0.05739600
v -0.02489200 -0.01210800 0.05728800
v -0.02466400 -0.01203800 0.05732300
v -0.02466400 -0.01216400 0.05728900
v -0.02485400 -0.01211700 0.05728800
v -0.02474000 -0.01214500 0.05728900
v -0.02489200 -0.01198200 0.05732200
v -0.02496800 -0.01202700 0.05730500
v -0.02481600 -0.01206300 0.05730500
v -0.02489200 -0.01204500 0.05730500
v -0.02496800 -0.01171300 0.05738800
v -0.02512100 -0.01180500 0.05735400
v -0.02481600 -0.01187400 0.05735500
v -0.02496800 -0.01183900 0.05735500
v -0.02512100 -0.01117700 0.05751500
v -0.02543000 -0.01136800 0.05744900
v -0.02481600 -0.01149600 0.05745400
v -0.02512100 -0.01142900 0.05745100
v -0.02481500 -0.01022900 0.05776000
v -0.02542900 -0.01061700 0.05763500
v -0.02421500 -0.01088000 0.05764800
v -0.02481500 -0.01073700 0.05764100
v -0.02247900 -0.01201300 0.05754100
v -0.02193600 -0.01282600 0.05741000
v -0.02247900 -0.01255300 0.05740500
v -0.02220500 -0.01268600 0.05740700
v -0.02248000 -0.01282200 0.05733500
v -0.02193600 -0.01310100 0.05733900
v -0.02220500 -0.01295800 0.05733700
v -0.02141500 -0.01255600 0.05755400
v -0.02141500 -0.01312000 0.05741400
v -0.02234100 -0.01288900 0.05733600
v -0.02276100 -0.01242500 0.05740300
v -0.02304900 -0.01256800 0.05733200
v -0.02276100 -0.01269200 0.05733400
v -0.02227300 -0.01292400 0.05733700
v -0.02167300 -0.01297100 0.05741200
v -0.02234100 -0.01261900 0.05740600
v -0.02248000 -0.01268700 0.05737000
v -0.02220500 -0.01282200 0.05737300
v -0.02234100 -0.01275400 0.05737100
v -0.02220400 -0.01214100 0.05754400
v -0.02247900 -0.01228300 0.05747400
v -0.02193600 -0.01255000 0.05747900
v -0.02220400 -0.01241400 0.05747600
v -0.02247800 -0.01093000 0.05779800
v -0.02304700 -0.01124500 0.05766400
v -0.02193500 -0.01172200 0.05768000
v -0.02247800 -0.01147200 0.05767200
v -0.02230700 -0.01290700 0.05733700
v -0.02234100 -0.01292300 0.05732800
v -0.02227300 -0.01295800 0.05732800
v -0.02230700 -0.01294000 0.05732800
v -0.02227300 -0.01278800 0.05737200
v -0.02234100 -0.01282200 0.05735400
v -0.02220500 -0.01289000 0.05735500
v -0.02227300 -0.01285600 0.05735400
v -0.02206900 -0.01275500 0.05740900
v -0.02193600 -0.01296300 0.05737500
v -0.02207000 -0.01289200 0.05737400
v -0.02241000 -0.01285500 0.05733600
v -0.02262000 -0.01275600 0.05733500
v -0.02223900 -0.01294100 0.05733700
v -0.02223900 -0.01297500 0.05732800
v -0.02225600 -0.01296600 0.05732800
v -0.01990100 0.00000000 0.05924500
v -0.02064700 0.00000000 0.05918200
v -0.02140900 0.00000000 0.05912200
v -0.02221800 0.00000000 0.05906600
v -0.02308400 0.00000000 0.05901300
v -0.02400900 -0.00000000 0.05896600
v -0.02449000 -0.00000000 0.05894400
v -0.02498100 -0.00000000 0.05892300
v -0.02548000 -0.00000000 0.05890400
v -0.02598500 0.00000000 0.05888700
v -0.02649700 0.00000000 0.05887100
v -0.01990800 -0.01337200 0.05759900
v -0.01990700 -0.01248100 0.05780200
v -0.01990600 -0.01158900 0.05799400
v -0.01990500 -0.01069800 0.05817500
v -0.01990400 -0.00980700 0.05834200
v -0.01990400 -0.00891600 0.05849700
v -0.01990300 -0.00802400 0.05863700
v -0.01990300 -0.00713300 0.05876400
v -0.01990200 -0.00624100 0.05887600
v -0.01990200 -0.00535000 0.05897300
v -0.01990100 -0.00445800 0.05905600
v -0.01990100 -0.00356600 0.05912400
v -0.01990100 -0.00267500 0.05917700
v -0.01990100 -0.00178300 0.05921500
v -0.01990100 -0.00089200 0.05923800
v -0.01891500 -0.00571200 0.05903300
v -0.01735400 -0.00223800 0.05943400
v -0.01873200 -0.01405500 0.05763400
v -0.01719300 -0.01063400 0.05854700
v -0.01564200 -0.00718600 0.05923000
v -0.01408100 -0.00371200 0.05969300
v -0.01546700 -0.01552200 0.05788600
v -0.01392700 -0.01210200 0.05875700
v -0.01237600 -0.00865500 0.05943900
v -0.01081400 -0.00518300 0.05992700
v -0.00924400 -0.00169100 0.06022700
v -0.01220100 -0.01699000 0.05810400
v -0.01066200 -0.01357100 0.05894000
v -0.00911100 -0.01012400 0.05960900
v -0.00754900 -0.00665200 0.06010400
v -0.00597800 -0.00316100 0.06042300
v -0.00892000 -0.01846600 0.05820900
v -0.00738200 -0.01504600 0.05903300
v -0.00583100 -0.01159900 0.05969300
v -0.00426900 -0.00812800 0.06018800
v -0.00269900 -0.00463700 0.06051400
v -0.00112300 -0.00113300 0.06067200
v -0.00573200 -0.01990000 0.05817300
v -0.00419400 -0.01648000 0.05899900
v -0.00264300 -0.01303400 0.05965900
v -0.00108200 -0.00956200 0.06015400
v 0.00048900 -0.00607100 0.06048200
v 0.00206500 -0.00256700 0.06064300
v -0.00236100 -0.02141700 0.05797300
v 0.00072800 -0.01455000 0.05947300
v 0.00229000 -0.01107900 0.05997100
v 0.00386100 -0.00758800 0.06030100
v 0.00543700 -0.00408400 0.06046300
v 0.00090000 -0.02288400 0.05761400
v 0.00398800 -0.01601700 0.05913500
v 0.00555000 -0.01254500 0.05963800
v 0.00712100 -0.00905400 0.05997000
v 0.00869700 -0.00555100 0.06013200
v 0.01027400 -0.00204500 0.06012000
v 0.00568900 -0.02092700 0.05795100
v 0.00723900 -0.01748000 0.05863500
v 0.00880100 -0.01400800 0.05914400
v 0.01037200 -0.01051700 0.05947900
v 0.01194800 -0.00701300 0.05964100
v 0.01352500 -0.00350800 0.05962500
v 0.01047400 -0.01893500 0.05796900
v 0.01203600 -0.01546300 0.05848500
v 0.01360600 -0.01197200 0.05882500
v 0.01518200 -0.00846800 0.05898600
v 0.01676000 -0.00496300 0.05896900
v 0.01833500 -0.00146200 0.05877100
v 0.01523100 -0.01690100 0.05766800
v 0.01680100 -0.01340900 0.05801200
v 0.01837800 -0.00990600 0.05817400
v 0.01995500 -0.00640000 0.05815500
v 0.02153000 -0.00289900 0.05795300
v -0.00297200 -0.01782300 0.05878700
v -0.00290600 -0.01753600 0.05884900
v -0.00281400 -0.01725900 0.05890900
v -0.00269400 -0.01699100 0.05896700
v -0.00254700 -0.01673400 0.05902300
v -0.00237700 -0.01649400 0.05907600
v -0.00218400 -0.01627100 0.05912400
v -0.00196900 -0.01606600 0.05916900
v -0.00173400 -0.01588400 0.05921000
v -0.00148300 -0.01572600 0.05924500
v -0.00121600 -0.01559300 0.05927500
v -0.00093600 -0.01548600 0.05929900
v -0.00064800 -0.01540800 0.05931700
v -0.00035300 -0.01535800 0.05932900
v -0.00005300 -0.01533800 0.05933500
v 0.00024600 -0.01534800 0.05933500
v 0.00054100 -0.01538800 0.05932800
v 0.00083400 -0.01545600 0.05931500
v 0.00111700 -0.01555400 0.05929500
v 0.00138700 -0.01567700 0.05927000
v 0.00164500 -0.01582800 0.05923900
v 0.00188600 -0.01600300 0.05920200
v 0.00210800 -0.01619900 0.05916100
v 0.00230900 -0.01641600 0.05911500
v 0.00248800 -0.01665200 0.05906500
v 0.00264300 -0.01690300 0.05901100
v 0.00277100 -0.01716600 0.05895400
v 0.00287400 -0.01744200 0.05889400
v 0.00294900 -0.01772600 0.05883300
v 0.00299700 -0.01801500 0.05877000
v 0.00301600 -0.01830600 0.05870600
v 0.00300700 -0.01859800 0.05864200
v 0.00296900 -0.01889100 0.05857800
v -0.00496300 -0.01819000 0.05860800
v -0.00404600 -0.02065900 0.05809400
v -0.00327700 -0.01894900 0.05853100
v -0.00335100 -0.01685900 0.05896700
v -0.00457800 -0.01733500 0.05880900
v -0.00412000 -0.01856900 0.05857500
v -0.00373600 -0.01771400 0.05877600
v -0.00095800 -0.01379200 0.05958600
v -0.00341900 -0.01475700 0.05935000
v -0.00173300 -0.01551500 0.05927700
v -0.00578800 -0.01576300 0.05903200
v -0.00815100 -0.01675600 0.05864200
v -0.00732600 -0.01918300 0.05820900
v -0.00655700 -0.01747300 0.05864200
v -0.00292900 -0.01704900 0.05894700
v -0.00354300 -0.01728700 0.05887300
v -0.00331400 -0.01790400 0.05875600
v -0.00312200 -0.01747600 0.05885300
v 0.00166900 -0.02117400 0.05806100
v -0.00073100 -0.02215100 0.05781400
v -0.00257600 -0.01513600 0.05931800
v -0.00380600 -0.01561800 0.05918000
v -0.00296300 -0.01599800 0.05914800
v -0.00423700 -0.01231700 0.05969200
v -0.00660700 -0.01332300 0.05938400
v -0.00501300 -0.01404000 0.05938300
v -0.00254200 -0.01618700 0.05912800
v -0.00315700 -0.01642800 0.05905900
v -0.00273600 -0.01661800 0.05903900
v 0.00321300 -0.01774100 0.05882000
v 0.00235800 -0.01528400 0.05932400
v -0.00192700 -0.01594600 0.05919300
v -0.00215400 -0.01532600 0.05929900
v -0.00277000 -0.01556700 0.05923400
v -0.00234800 -0.01575600 0.05921500
v -0.00134500 -0.01465400 0.05943700
v -0.00180000 -0.01341300 0.05962700
v -0.00303100 -0.01389500 0.05951000
v -0.00218800 -0.01427400 0.05947800
v 0.00150900 -0.01281500 0.05974300
v 0.00060400 -0.01032000 0.06008200
v -0.00186200 -0.01129800 0.05992700
v -0.00017700 -0.01205600 0.05985500
v -0.00011500 -0.01417100 0.05953500
v -0.00050200 -0.01503300 0.05938500
v -0.00092400 -0.01484300 0.05941200
v -0.00153900 -0.01508400 0.05935800
v -0.00111800 -0.01527400 0.05933300
v 0.00154300 -0.01491700 0.05940400
v 0.00476900 -0.01428100 0.05940800
v 0.00392000 -0.01181200 0.05982400
v 0.00313900 -0.01354800 0.05959600
v 0.00053400 -0.01498100 0.05939900
v 0.00030700 -0.01436100 0.05950500
v -0.00030900 -0.01460200 0.05946100
v 0.00011300 -0.01479200 0.05943200
v 0.00111900 -0.01368300 0.05961400
v 0.00066600 -0.01243500 0.05980400
v -0.00056700 -0.01292400 0.05972600
v 0.00027600 -0.01330300 0.05967500
v 0.00134900 -0.01534800 0.05933000
v 0.00113600 -0.01473400 0.05944000
v 0.00094200 -0.01516500 0.05936600
v 0.00274900 -0.01441600 0.05946500
v 0.00232400 -0.01318100 0.05967400
v 0.00193400 -0.01404900 0.05954400
v 0.00216400 -0.01571500 0.05925000
v 0.00195100 -0.01510100 0.05936500
v 0.00175700 -0.01553100 0.05929100
v 0.00360100 -0.01687900 0.05898300
v 0.00317300 -0.01565100 0.05923500
v 0.00278600 -0.01651200 0.05908300
v 0.00646400 -0.01920300 0.05831600
v 0.00561400 -0.01674900 0.05890600
v 0.00406300 -0.02019500 0.05822700
v 0.00483900 -0.01847200 0.05858900
v 0.00298000 -0.01608100 0.05916000
v 0.00276600 -0.01546700 0.05928100
v 0.00257200 -0.01589800 0.05920700
v 0.00437900 -0.01514900 0.05927700
v 0.00395400 -0.01391500 0.05950700
v 0.00356400 -0.01478300 0.05937600
v 0.00802000 -0.01574400 0.05891100
v 0.00717600 -0.01327700 0.05941200
v 0.00639500 -0.01501300 0.05918100
v 0.00340700 -0.01731000 0.05890300
v 0.00319300 -0.01669600 0.05903500
v 0.00300000 -0.01712600 0.05895500
v 0.00522600 -0.01761000 0.05875300
v 0.00480100 -0.01638300 0.05902600
v 0.00402600 -0.01810600 0.05871000
v 0.00441400 -0.01724500 0.05887300
v 0.00445100 -0.01933400 0.05841400
v 0.00325100 -0.01983000 0.05835000
v 0.00363800 -0.01896800 0.05853500
v 0.00491900 -0.02263700 0.05754400
v 0.00252500 -0.02361500 0.05737300
v 0.00329400 -0.02190500 0.05782300
v 0.00383200 -0.01853700 0.05862400
v 0.00362000 -0.01792300 0.05876600
v 0.00323200 -0.01878500 0.05859200
v 0.00342600 -0.01835400 0.05868100
v 0.00344500 -0.01939900 0.05844400
v 0.00303800 -0.01921600 0.05850100
v 0.00367900 -0.02105000 0.05803100
v 0.00248200 -0.02154000 0.05794700
v 0.00286600 -0.02068500 0.05815400
v -0.01990100 0.00000000 0.05924500
v -0.01990100 -0.00089200 0.05923800
v -0.01990100 -0.00178300 0.05921500
v -0.01990100 -0.00267500 0.05917700
v -0.01990100 -0.00356600 0.05912400
v -0.01990100 -0.00445800 0.05905600
v -0.01990200 -0.00535000 0.05897300
v -0.01990200 -0.00624100 0.05887600
v -0.01990300 -0.00713300 0.05876400
v -0.01990300 -0.00802400 0.05863700
v -0.01990400 -0.00891600 0.05849700
v -0.01990400 -0.00980700 0.05834200
v -0.01990500 -0.01069800 0.05817500
v -0.01990600 -0.01158900 0.05799400
v -0.01990700 -0.01248100 0.05780200
v -0.01990800 -0.01337200 0.05759900
v -0.01990900 -0.01426200 0.05738700
v -0.01894600 -0.00152000 0.05930800
v -0.01813500 -0.00397500 0.05926300
v -0.01641700 -0.00891000 0.05891800
v -0.01727900 -0.00644900 0.05912800
v -0.01882900 -0.00989700 0.05845900
v -0.01805400 -0.00817300 0.05882400
v -0.01796200 -0.01234400 0.05812000
v 0.00290200 -0.01917800 0.05851400
v 0.00280900 -0.01945600 0.05845300
v 0.00268900 -0.01972400 0.05839400
v 0.00254400 -0.01997900 0.05833700
v 0.00237300 -0.02022000 0.05828300
v 0.00217900 -0.02044400 0.05823300
v 0.00196500 -0.02064700 0.05818800
v 0.00173000 -0.02082900 0.05814700
v 0.00147700 -0.02098800 0.05811100
v 0.00121200 -0.02112000 0.05808200
v 0.00093200 -0.02122700 0.05805700
v 0.00064200 -0.02130500 0.05803900
v 0.00034800 -0.02135500 0.05802800
v 0.00005000 -0.02137400 0.05802300
v -0.00025100 -0.02136400 0.05802400
v -0.00054700 -0.02132500 0.05803200
v -0.00083800 -0.02125600 0.05804700
v -0.00112100 -0.02115900 0.05806800
v -0.00139300 -0.02103400 0.05809400
v -0.00164900 -0.02088500 0.05812700
v -0.00189000 -0.02071000 0.05816400
v -0.00211300 -0.02051200 0.05820700
v -0.00231300 -0.02029600 0.05825400
v -0.00249100 -0.02006200 0.05830400
v -0.00264600 -0.01981000 0.05835900
v -0.00277500 -0.01954500 0.05841600
v -0.00287700 -0.01927100 0.05847500
v -0.00295200 -0.01898800 0.05853600
v -0.00300000 -0.01869800 0.05859800
v -0.00301900 -0.01840500 0.05866100
v -0.00301000 -0.01811400 0.05872400
v 0.00305800 -0.02025700 0.05825300
v 0.00246000 -0.02050200 0.05821200
v 0.00265200 -0.02007400 0.05831100
v 0.00267400 -0.02111200 0.05805200
v 0.00207500 -0.02135700 0.05800500
v 0.00226700 -0.02092900 0.05811000
v 0.00291000 -0.02276000 0.05760400
v 0.00128400 -0.02202900 0.05784300
v 0.00171200 -0.02325000 0.05749900
v 0.00209700 -0.02239500 0.05772900
v 0.00008500 -0.02251700 0.05771900
v 0.00046900 -0.02166200 0.05794700
v -0.00312400 -0.02311500 0.05748900
v 0.00147700 -0.02160200 0.05795300
v 0.00087700 -0.02184600 0.05789700
v 0.00106900 -0.02141800 0.05800700
v -0.00154600 -0.02178400 0.05789800
v 0.00027700 -0.02209000 0.05783500
v -0.00053800 -0.02172300 0.05792900
v -0.00032300 -0.02233400 0.05776800
v -0.00013100 -0.02190700 0.05788300
v 0.00051800 -0.02373300 0.05737500
v -0.00111200 -0.02299900 0.05757700
v -0.00029700 -0.02336600 0.05748100
v -0.00135300 -0.02135600 0.05801300
v -0.00113800 -0.02196700 0.05785700
v -0.00094600 -0.02154000 0.05797200
v -0.00274200 -0.02226600 0.05773700
v -0.00230900 -0.02348100 0.05741300
v -0.00192700 -0.02263300 0.05766200
v -0.00649600 -0.02159800 0.05769500
v -0.00481000 -0.02235600 0.05761400
v -0.00216800 -0.02099000 0.05808700
v -0.00195300 -0.02160100 0.05793700
v -0.00176100 -0.02117300 0.05805100
v -0.00366200 -0.01980400 0.05831800
v -0.00320400 -0.02103800 0.05803900
v -0.00281900 -0.02018300 0.05826400
v -0.00301100 -0.02061000 0.05815300
v -0.00278200 -0.02122800 0.05800700
v -0.00259000 -0.02080000 0.05812100
v -0.00442800 -0.02150700 0.05786000
v -0.00396700 -0.02273500 0.05755700
v -0.00358500 -0.02188700 0.05780400
v -0.00347000 -0.01937600 0.05842600
v -0.00324000 -0.01999300 0.05829200
v -0.00304800 -0.01956600 0.05840000
v -0.00534800 -0.01904500 0.05839600
v -0.00488900 -0.02027900 0.05813900
v -0.00450500 -0.01942400 0.05836200
v -0.00308500 -0.01852100 0.05863400
v -0.00392800 -0.01814200 0.05867700
v -0.00369900 -0.01875900 0.05855400
v -0.00350600 -0.01833100 0.05865700
v -0.01917800 -0.01480400 0.05738300
v -0.01842300 -0.01544000 0.05737200
v -0.01837300 -0.01548500 0.05737100
v -0.01832300 -0.01553100 0.05737000
v -0.01822400 -0.01562000 0.05736800
v -0.01803200 -0.01579700 0.05736400
v -0.01767400 -0.01613500 0.05735500
v -0.01703600 -0.01675300 0.05733800
v -0.01656600 -0.01720900 0.05732600
v -0.01596000 -0.01776800 0.05731800
v -0.01500100 -0.01858300 0.05731300
v -0.01365100 -0.01959800 0.05731100
v -0.01186100 -0.02073300 0.05731200
v -0.00957700 -0.02188300 0.05731600
v -0.00925500 -0.02202100 0.05731600
v -0.00909100 -0.02208900 0.05731700
v -0.00900800 -0.02212300 0.05731700
v -0.00898900 -0.02213100 0.05731700
v -0.00897700 -0.02213600 0.05731700
v -0.00895100 -0.02214600 0.05731700
v -0.00854200 -0.02230700 0.05731800
v -0.00771800 -0.02260600 0.05731900
v -0.00604600 -0.02311000 0.05732300
v -0.00435200 -0.02348800 0.05732500
v -0.00264300 -0.02374000 0.05732800
v -0.00242900 -0.02376300 0.05732800
v -0.00240200 -0.02376500 0.05732800
v -0.00238400 -0.02376700 0.05732800
v -0.00235000 -0.02377100 0.05732800
v -0.00228200 -0.02377700 0.05732900
v -0.00200200 -0.02380200 0.05732900
v -0.00140400 -0.02384400 0.05733000
v -0.00006000 -0.02388300 0.05733100
v 0.00148000 -0.02383500 0.05733200
v 0.00320800 -0.02366500 0.05733400
v 0.00510900 -0.02333000 0.05733500
v 0.00716500 -0.02278600 0.05733600
v 0.00934300 -0.02198500 0.05733700
v 0.00936600 -0.02197500 0.05733700
v 0.00938900 -0.02196500 0.05733700
v 0.00943600 -0.02194600 0.05733700
v 0.00952800 -0.02190600 0.05733700
v 0.00971100 -0.02182500 0.05733700
v 0.01007300 -0.02166000 0.05733800
v 0.01078000 -0.02131600 0.05733800
v 0.01213000 -0.02057500 0.05733800
v 0.01339100 -0.01977500 0.05733900
v 0.01456300 -0.01892600 0.05734000
v 0.01664700 -0.01712300 0.05734100
v 0.01839500 -0.01523500 0.05734200
v 0.01982600 -0.01332500 0.05734200
v 0.02097000 -0.01144000 0.05734300
v 0.02186200 -0.00962700 0.05734300
v 0.02253700 -0.00791800 0.05734400
v 0.02303100 -0.00634100 0.05734400
v 0.02337700 -0.00491300 0.05734400
v 0.02374900 -0.00256000 0.05734400
v 0.02386400 -0.00091500 0.05734300
v 0.02388700 0.00000000 0.05734200
v -0.01710000 -0.01478800 0.05775600
v -0.01748200 -0.01563700 0.05750200
v -0.01791600 -0.01442100 0.05769300
v -0.01829900 -0.01527000 0.05743400
v -0.01469700 -0.01381200 0.05834500
v -0.01556000 -0.01136800 0.05865000
v -0.01633000 -0.01307800 0.05822900
v -0.01870700 -0.01508700 0.05740100
v -0.01850300 -0.01517800 0.05741800
v -0.01789000 -0.01545300 0.05746800
v -0.01584900 -0.01637000 0.05764200
v -0.01628300 -0.01515500 0.05782100
v -0.01666600 -0.01600300 0.05757300
v -0.01296400 -0.01868700 0.05762600
v -0.01383400 -0.01625600 0.05800600
v -0.01459800 -0.01795300 0.05752100
v -0.01810700 -0.01484600 0.05756500
v -0.01832400 -0.01423800 0.05766300
v -0.01892300 -0.01447900 0.05750400
v -0.01851500 -0.01466200 0.05753400
v -0.01671500 -0.01393300 0.05799900
v -0.01714600 -0.01271100 0.05817300
v -0.01834700 -0.01319900 0.05788500
v -0.01753100 -0.01356600 0.05794000
v -0.01834600 -0.01537600 0.05740100
v -0.01840100 -0.01522400 0.05742600
v -0.01855000 -0.01528400 0.05738400
v -0.01844800 -0.01533000 0.05739200
v -0.01798600 -0.01566500 0.05740200
v -0.01809400 -0.01536200 0.05745100
v -0.01819000 -0.01557400 0.05738400
v -0.01729100 -0.01521200 0.05763100
v -0.01750800 -0.01460500 0.05772400
v -0.01769900 -0.01502900 0.05759700
v -0.01820300 -0.01505800 0.05750000
v -0.01831100 -0.01475400 0.05754900
v -0.01861100 -0.01487400 0.05746800
v -0.01840700 -0.01496600 0.05748400
v -0.01814200 -0.01546800 0.05741800
v -0.01819600 -0.01531600 0.05744200
v -0.01824400 -0.01542200 0.05740900
v -0.01779500 -0.01524100 0.05753300
v -0.01790300 -0.01493700 0.05758100
v -0.01799900 -0.01514900 0.05751600
v -0.00968400 -0.02016300 0.05773500
v -0.00809000 -0.02088000 0.05773400
v -0.00847200 -0.02172900 0.05747900
v -0.00888700 -0.02052200 0.05773900
v -0.01006600 -0.02101200 0.05748100
v -0.00926900 -0.02137000 0.05748400
v -0.01056100 -0.01772800 0.05817400
v -0.01132400 -0.01942500 0.05769900
v -0.00866300 -0.02215300 0.05734700
v -0.00887000 -0.02155000 0.05748300
v -0.00946000 -0.02179500 0.05735300
v -0.00906100 -0.02197400 0.05735100
v -0.00687800 -0.02244600 0.05743900
v -0.00729300 -0.02123900 0.05771900
v -0.00767500 -0.02208800 0.05746400
v -0.00886200 -0.02206400 0.05734900
v -0.00807300 -0.02190800 0.05747200
v -0.00826400 -0.02233300 0.05734000
v -0.00896100 -0.02201900 0.05735000
v -0.00856700 -0.02194100 0.05741300
v -0.00867100 -0.02163900 0.05748100
v -0.00896600 -0.02176200 0.05741700
v -0.00876600 -0.02185200 0.05741500
v -0.00828100 -0.02130500 0.05760800
v -0.00848800 -0.02070100 0.05773700
v -0.00907800 -0.02094600 0.05761300
v -0.00867900 -0.02112500 0.05761200
v -0.00770800 -0.02003200 0.05797700
v -0.00812300 -0.01882400 0.05821300
v -0.00930200 -0.01931400 0.05797800
v -0.00850500 -0.01967300 0.05798200
v -0.00926000 -0.02188500 0.05735200
v -0.00966700 -0.02119100 0.05748400
v -0.01025700 -0.02143600 0.05734900
v -0.00985800 -0.02161600 0.05735200
v -0.01050400 -0.01979400 0.05772200
v -0.01170600 -0.02027400 0.05744500
v -0.01088600 -0.02064300 0.05746800
v -0.00888600 -0.02211700 0.05733200
v -0.00891200 -0.02204100 0.05735000
v -0.00898500 -0.02207200 0.05733300
v -0.00893600 -0.02209400 0.05733300
v -0.00876200 -0.02210900 0.05734800
v -0.00846300 -0.02224300 0.05734400
v -0.00881400 -0.02195800 0.05738200
v -0.00886600 -0.02180700 0.05741600
v -0.00901300 -0.02186800 0.05738400
v -0.00891400 -0.02191300 0.05738300
v -0.00907000 -0.02146000 0.05748400
v -0.00936400 -0.02158300 0.05741900
v -0.00916500 -0.02167200 0.05741800
v -0.00894700 -0.02212100 0.05732400
v -0.00896000 -0.02208300 0.05733300
v -0.00899700 -0.02209900 0.05732500
v -0.00897200 -0.02211000 0.05732500
v -0.00901100 -0.02199700 0.05735000
v -0.00908500 -0.02202700 0.05733400
v -0.00903500 -0.02205000 0.05733400
v -0.00916100 -0.02192900 0.05735100
v -0.00920800 -0.02203500 0.05731800
v -0.00271700 -0.02329800 0.05745300
v -0.00190200 -0.02366500 0.05737200
v -0.00210500 -0.02357300 0.05739300
v -0.00240500 -0.02369400 0.05734900
v -0.00130300 -0.02342400 0.05745300
v -0.00152000 -0.02281600 0.05762000
v -0.00211800 -0.02305700 0.05753900
v -0.00171100 -0.02324000 0.05749800
v -0.00230300 -0.02373900 0.05733900
v -0.00251300 -0.02339000 0.05743300
v -0.00281200 -0.02351000 0.05738900
v -0.00260800 -0.02360200 0.05736900
v -0.00233500 -0.02244900 0.05770100
v -0.00293300 -0.02269000 0.05761500
v -0.00252600 -0.02287400 0.05757800
v -0.00235400 -0.02371700 0.05734400
v -0.00242800 -0.02374700 0.05733300
v -0.00215300 -0.02367900 0.05736100
v -0.00220700 -0.02352700 0.05740300
v -0.00235700 -0.02358800 0.05738200
v -0.00225500 -0.02363300 0.05737100
v -0.00180600 -0.02345300 0.05743500
v -0.00191400 -0.02314900 0.05751900
v -0.00221400 -0.02326900 0.05747700
v -0.00201000 -0.02336100 0.05745600
v -0.00250600 -0.02364800 0.05735900
v -0.00245600 -0.02367100 0.05735400
v -0.00253000 -0.02370100 0.05734300
v -0.00247900 -0.02372400 0.05733800
v -0.00241100 -0.02343600 0.05742300
v -0.00256100 -0.02349600 0.05740100
v -0.00245900 -0.02354200 0.05739200
v -0.00232200 -0.02296500 0.05755900
v -0.00262100 -0.02308600 0.05751600
v -0.00241700 -0.02317800 0.05749700
v 0.01207100 -0.01965400 0.05757800
v 0.00969900 -0.02065800 0.05764500
v 0.01049700 -0.02101800 0.05745400
v 0.00931100 -0.02152000 0.05746600
v 0.00885600 -0.01820700 0.05832300
v 0.00730600 -0.02165400 0.05763400
v 0.00808100 -0.01993100 0.05800100
v 0.00971000 -0.02170000 0.05737100
v 0.00911700 -0.02195100 0.05737200
v 0.00889000 -0.02029500 0.05782900
v 0.00769400 -0.02079200 0.05782400
v 0.00811500 -0.02201800 0.05746000
v 0.00850200 -0.02115600 0.05765000
v 0.00951100 -0.02161000 0.05741900
v 0.00921400 -0.02173600 0.05741900
v 0.00941400 -0.02182500 0.05737200
v 0.01030300 -0.02144900 0.05736500
v 0.01009800 -0.02083800 0.05755100
v 0.00950500 -0.02108900 0.05755700
v 0.00990400 -0.02126900 0.05746200
v 0.01127300 -0.01929400 0.05777900
v 0.01008600 -0.01979700 0.05781300
v 0.01088500 -0.02015600 0.05762200
v 0.01363300 -0.01618200 0.05809800
v 0.01125500 -0.01719900 0.05825000
v 0.01285200 -0.01791800 0.05786000
v 0.00890700 -0.02133800 0.05755900
v 0.00830800 -0.02158700 0.05755700
v 0.00851900 -0.02220000 0.05736900
v 0.00871300 -0.02176900 0.05746600
v 0.00936500 -0.02193300 0.05734900
v 0.00931400 -0.02178000 0.05739600
v 0.00916600 -0.02184300 0.05739600
v 0.00921700 -0.02199600 0.05734900
v 0.00926500 -0.02188800 0.05737200
v 0.00910900 -0.02142900 0.05751300
v 0.00881000 -0.02155400 0.05751300
v 0.00891500 -0.02186000 0.05741900
v 0.00901200 -0.02164500 0.05746700
v 0.00929400 -0.02047700 0.05773800
v 0.00869600 -0.02072500 0.05774100
v 0.00910000 -0.02090700 0.05765000
v 0.00966500 -0.01857100 0.05815100
v 0.00846900 -0.01906900 0.05816800
v 0.00927800 -0.01943300 0.05799600
v 0.01041800 -0.01473600 0.05883600
v 0.00963700 -0.01647200 0.05860200
v 0.02210800 0.00000000 0.05785000
v 0.02032900 0.00000000 0.05831400
v 0.01854900 0.00000000 0.05873600
v 0.01677000 0.00000000 0.05911500
v 0.01499100 0.00000000 0.05945200
v 0.01321200 0.00000000 0.05974700
v 0.01143300 0.00000000 0.06000100
v 0.00965400 0.00000000 0.06021400
v 0.00724000 0.00000000 0.06043800
v 0.00482600 0.00000000 0.06059100
v 0.00241300 0.00000000 0.06067400
v -0.00000100 0.00000000 0.06069200
v -0.00241400 0.00000000 0.06064800
v -0.00482700 0.00000000 0.06054800
v -0.00724000 0.00000000 0.06040000
v -0.00965200 0.00000000 0.06021100
v -0.01221500 0.00000000 0.05997900
v -0.01477800 0.00000000 0.05972900
v -0.01733900 0.00000000 0.05947900
v -0.01891900 0.00571500 0.05903300
v -0.01735800 0.00224000 0.05943300
v -0.01873900 0.01405800 0.05763200
v -0.01719900 0.01063700 0.05854600
v -0.01564800 0.00718800 0.05923000
v -0.01408600 0.00371400 0.05969200
v -0.01547500 0.01552500 0.05788400
v -0.01393500 0.01210500 0.05875500
v -0.01238400 0.00865700 0.05943800
v -0.01082100 0.00518400 0.05992600
v -0.00925100 0.00169100 0.06022600
v -0.01221100 0.01699200 0.05810200
v -0.01067200 0.01357200 0.05893900
v -0.00912100 0.01012500 0.05960800
v -0.00755800 0.00665200 0.06010300
v -0.00598800 0.00316000 0.06042200
v -0.00893300 0.01846700 0.05820700
v -0.00739400 0.01504600 0.05903200
v -0.00584300 0.01159900 0.05969300
v -0.00428100 0.00812700 0.06018700
v -0.00271000 0.00463500 0.06051400
v -0.00113400 0.00113100 0.06067200
v -0.00574600 0.01990000 0.05817200
v -0.00420800 0.01648000 0.05899800
v -0.00265700 0.01303300 0.05965800
v -0.00109500 0.00956000 0.06015300
v 0.00047600 0.00606800 0.06048300
v 0.00205300 0.00256400 0.06064400
v -0.00237700 0.02141600 0.05797200
v 0.00071200 0.01454800 0.05947400
v 0.00227400 0.01107600 0.05997100
v 0.00384500 0.00758400 0.06030200
v 0.00542200 0.00408000 0.06046400
v 0.00088100 0.02288200 0.05761500
v 0.00397000 0.01601400 0.05913700
v 0.00553300 0.01254200 0.05963900
v 0.00710300 0.00905000 0.05997200
v 0.00868000 0.00554600 0.06013400
v 0.01025700 0.00204000 0.06012200
v 0.00566900 0.02092400 0.05795300
v 0.00722000 0.01747600 0.05863700
v 0.00878200 0.01400400 0.05914600
v 0.01035300 0.01051200 0.05948200
v 0.01192900 0.00700700 0.05964400
v 0.01350700 0.00350100 0.05962800
v 0.01045200 0.01893000 0.05797300
v 0.01201400 0.01545800 0.05848900
v 0.01358500 0.01196600 0.05882900
v 0.01516200 0.00846100 0.05899100
v 0.01673900 0.00495500 0.05897300
v 0.01831400 0.00145300 0.05877600
v 0.01520700 0.01689500 0.05767400
v 0.01677800 0.01340300 0.05801800
v 0.01835500 0.00989800 0.05818000
v 0.01993200 0.00639200 0.05816100
v 0.02150800 0.00289000 0.05796000
v 0.00301400 0.01824300 0.05872000
v 0.00301100 0.01853700 0.05865500
v 0.00297900 0.01882800 0.05859100
v 0.00292000 0.01911400 0.05852900
v 0.00283300 0.01939400 0.05846700
v 0.00271800 0.01966500 0.05840700
v 0.00257800 0.01992400 0.05834900
v 0.00241400 0.02016700 0.05829500
v 0.00222500 0.02039400 0.05824500
v 0.00201500 0.02060300 0.05819800
v 0.00178500 0.02079000 0.05815600
v 0.00153700 0.02095300 0.05811900
v 0.00127300 0.02109300 0.05808800
v 0.00099700 0.02120500 0.05806200
v 0.00071100 0.02129000 0.05804300
v 0.00041700 0.02134600 0.05803000
v 0.00011800 0.02137200 0.05802300
v -0.00018100 0.02136900 0.05802300
v -0.00047800 0.02133700 0.05803000
v -0.00077200 0.02127400 0.05804300
v -0.00105700 0.02118400 0.05806200
v -0.00133100 0.02106600 0.05808800
v -0.00159200 0.02092100 0.05811900
v -0.00183700 0.02075100 0.05815500
v -0.00206300 0.02056000 0.05819700
v -0.00226900 0.02034700 0.05824300
v -0.00245400 0.02011500 0.05829300
v -0.00261300 0.01986800 0.05834600
v -0.00274800 0.01960600 0.05840200
v -0.00285700 0.01933200 0.05846200
v -0.00293800 0.01905000 0.05852200
v -0.00299200 0.01876300 0.05858400
v -0.00301700 0.01847100 0.05864700
v 0.00644400 0.01920000 0.05831800
v 0.00559500 0.01674500 0.05890800
v 0.00319500 0.01773800 0.05882200
v 0.00404400 0.02019300 0.05822900
v 0.00482000 0.01846900 0.05859100
v 0.00443200 0.01933100 0.05841500
v 0.00400700 0.01810300 0.05871100
v 0.00323200 0.01982700 0.05835100
v 0.00362000 0.01896500 0.05853700
v 0.00234100 0.01528100 0.05932500
v 0.00490000 0.02263400 0.05754600
v 0.00165000 0.02117200 0.05806200
v 0.00250600 0.02361300 0.05737500
v 0.00327500 0.02190300 0.05782500
v 0.00381300 0.01853400 0.05862500
v 0.00360100 0.01792100 0.05876800
v 0.00321400 0.01878300 0.05859400
v 0.00340700 0.01835200 0.05868200
v 0.00520700 0.01760700 0.05875500
v 0.00478300 0.01638000 0.05902700
v 0.00358300 0.01687600 0.05898500
v 0.00439500 0.01724200 0.05887500
v 0.00800100 0.01574000 0.05891400
v 0.00715700 0.01327300 0.05941400
v 0.00475100 0.01427800 0.05941000
v 0.00637600 0.01500900 0.05918300
v -0.00074800 0.02214900 0.05781400
v 0.00342600 0.01939600 0.05844500
v 0.00302000 0.01921300 0.05850200
v 0.00366000 0.02104800 0.05803300
v 0.00246300 0.02153700 0.05794800
v 0.00284700 0.02068200 0.05815500
v 0.00304000 0.02025500 0.05825500
v 0.00244100 0.02050000 0.05821300
v 0.00263300 0.02007200 0.05831200
v 0.00265500 0.02111000 0.05805300
v 0.00205600 0.02135500 0.05800600
v 0.00224900 0.02092700 0.05811100
v 0.00289000 0.02275800 0.05760600
v 0.00126600 0.02202700 0.05784400
v 0.00169300 0.02324800 0.05750000
v 0.00207800 0.02239300 0.05773000
v 0.00006600 0.02251600 0.05772000
v 0.00045100 0.02166100 0.05794800
v -0.00314100 0.02311400 0.05748900
v 0.00145800 0.02160000 0.05795400
v 0.00085800 0.02184400 0.05789700
v 0.00105100 0.02141600 0.05800700
v -0.00156300 0.02178300 0.05789800
v -0.00497700 0.01819000 0.05860700
v -0.00406200 0.02065800 0.05809300
v -0.00329300 0.01894800 0.05853100
v -0.00055600 0.02172200 0.05792900
v -0.00137000 0.02135500 0.05801300
v -0.00115500 0.02196600 0.05785700
v -0.00096300 0.02153900 0.05797200
v -0.00113000 0.02299800 0.05757700
v -0.00275900 0.02226500 0.05773600
v -0.00232600 0.02348100 0.05741300
v -0.00194500 0.02263200 0.05766200
v -0.00651000 0.02159800 0.05769400
v -0.00482600 0.02235600 0.05761300
v -0.00218500 0.02098900 0.05808700
v -0.00197000 0.02160000 0.05793700
v -0.00177800 0.02117200 0.05805100
v -0.00367700 0.01980300 0.05831800
v -0.00322000 0.02103700 0.05803800
v -0.00283500 0.02018200 0.05826300
v -0.00241400 0.02037200 0.05823200
v -0.00302700 0.02061000 0.05815200
v -0.00279800 0.02122700 0.05800700
v -0.00260600 0.02079900 0.05812100
v -0.00444400 0.02150700 0.05785900
v -0.00398300 0.02273500 0.05755600
v -0.00360100 0.02188600 0.05780300
v -0.00097200 0.01379000 0.05958600
v -0.00343200 0.01475600 0.05934900
v -0.00174800 0.01551400 0.05927700
v -0.00348500 0.01937600 0.05842600
v -0.00325600 0.01999300 0.05829200
v -0.00306400 0.01956500 0.05840000
v -0.00413500 0.01856900 0.05857400
v -0.00536200 0.01904500 0.05839500
v -0.00490400 0.02027900 0.05813800
v -0.00451900 0.01942400 0.05836100
v -0.00580100 0.01576300 0.05903100
v -0.00816400 0.01675600 0.05864100
v -0.00734000 0.01918400 0.05820700
v -0.00657000 0.01747300 0.05864100
v -0.00336500 0.01685900 0.05896600
v -0.00459200 0.01733500 0.05880800
v -0.00375000 0.01771400 0.05877600
v -0.01990100 0.00000000 0.05924500
v -0.01990100 0.00090100 0.05923800
v -0.01990100 0.00180300 0.05921400
v -0.01990100 0.00270300 0.05917500
v -0.01990100 0.00360300 0.05912100
v -0.01990100 0.00450200 0.05905200
v -0.01990100 0.00539900 0.05896800
v -0.01990200 0.00629500 0.05887000
v -0.01990200 0.00718900 0.05875600
v -0.01990300 0.00808100 0.05862900
v -0.01990300 0.00897200 0.05848700
v -0.01990400 0.00985900 0.05833300
v -0.01990400 0.01074500 0.05816600
v -0.01990500 0.01162800 0.05798600
v -0.01990600 0.01250900 0.05779600
v -0.01990700 0.01338700 0.05759500
v -0.01990800 0.01426300 0.05738600
v -0.01894900 0.00152300 0.05930800
v -0.01813800 0.00397800 0.05926200
v -0.01642300 0.00891300 0.05891700
v -0.01728300 0.00645200 0.05912700
v -0.01883400 0.00990100 0.05845700
v -0.01805900 0.00817600 0.05882300
v -0.01796900 0.01234800 0.05811900
v -0.00301400 0.01817700 0.05871100
v -0.00298300 0.01788700 0.05877300
v -0.00292400 0.01760000 0.05883500
v -0.00283600 0.01731900 0.05889600
v -0.00272200 0.01704900 0.05895500
v -0.00258300 0.01679100 0.05901100
v -0.00241800 0.01654700 0.05906400
v -0.00222900 0.01631800 0.05911400
v -0.00202000 0.01611100 0.05915900
v -0.00179000 0.01592400 0.05920100
v -0.00154100 0.01576000 0.05923700
v -0.00127800 0.01562100 0.05926800
v -0.00100200 0.01550800 0.05929400
v -0.00071500 0.01542400 0.05931300
v -0.00042100 0.01536700 0.05932700
v -0.00012400 0.01534000 0.05933400
v 0.00017600 0.01534300 0.05933500
v 0.00047500 0.01537600 0.05933000
v 0.00076700 0.01543800 0.05931800
v 0.00105100 0.01552800 0.05930000
v 0.00132600 0.01564700 0.05927600
v 0.00158800 0.01579100 0.05924600
v 0.00183200 0.01596000 0.05921100
v 0.00205900 0.01615200 0.05917100
v 0.00226600 0.01636600 0.05912600
v 0.00244900 0.01659600 0.05907600
v 0.00260900 0.01684400 0.05902300
v 0.00274500 0.01710700 0.05896700
v 0.00285300 0.01738000 0.05890800
v 0.00293500 0.01766100 0.05884700
v 0.00298800 0.01794900 0.05878400
v -0.00332900 0.01790300 0.05875500
v -0.00394200 0.01814100 0.05867600
v -0.00371400 0.01875900 0.05855400
v -0.00352100 0.01833100 0.05865600
v -0.00294400 0.01704800 0.05894600
v -0.00355800 0.01728600 0.05887200
v -0.00313700 0.01747600 0.05885200
v -0.00259000 0.01513500 0.05931800
v -0.00382000 0.01561800 0.05917900
v -0.00297800 0.01599700 0.05914700
v -0.00425000 0.01231600 0.05969100
v -0.00661900 0.01332300 0.05938300
v -0.00502600 0.01403900 0.05938200
v -0.00255700 0.01618600 0.05912800
v -0.00317200 0.01642800 0.05905800
v -0.00275000 0.01661700 0.05903800
v -0.00194200 0.01594500 0.05919200
v -0.00216900 0.01532500 0.05929900
v -0.00278400 0.01556600 0.05923400
v -0.00236300 0.01575500 0.05921500
v -0.00136000 0.01465200 0.05943700
v -0.00181500 0.01341200 0.05962700
v -0.00304500 0.01389400 0.05950900
v -0.00220200 0.01427300 0.05947800
v 0.00149300 0.01281200 0.05974400
v 0.00059000 0.01031800 0.06008200
v -0.00187600 0.01129600 0.05992700
v -0.00019100 0.01205400 0.05985500
v -0.00013000 0.01416900 0.05953500
v -0.00051800 0.01503100 0.05938500
v -0.00093900 0.01484200 0.05941200
v -0.00155400 0.01508300 0.05935800
v -0.00113300 0.01527300 0.05933300
v -0.00009700 0.01522100 0.05935600
v 0.00152700 0.01491500 0.05940400
v 0.00390300 0.01180900 0.05982500
v 0.00312200 0.01354500 0.05959700
v 0.00051800 0.01497900 0.05940000
v 0.00029100 0.01435900 0.05950600
v -0.00032400 0.01460000 0.05946100
v 0.00009700 0.01479000 0.05943200
v 0.00110300 0.01368000 0.05961400
v 0.00065100 0.01243300 0.05980500
v -0.00058200 0.01292200 0.05972600
v 0.00026000 0.01330100 0.05967500
v 0.00133300 0.01534600 0.05933000
v 0.00111900 0.01473200 0.05944000
v 0.00092500 0.01516200 0.05936600
v 0.00273200 0.01441300 0.05946600
v 0.00230800 0.01317900 0.05967500
v 0.00191700 0.01404700 0.05954500
v 0.00214700 0.01571200 0.05925100
v 0.00193400 0.01509800 0.05936600
v 0.00174000 0.01552900 0.05929200
v 0.00315600 0.01564800 0.05923600
v 0.00276800 0.01651000 0.05908400
v 0.00296200 0.01607900 0.05916100
v 0.00274800 0.01546500 0.05928200
v 0.00255500 0.01589500 0.05920700
v 0.00436100 0.01514600 0.05927900
v 0.00393700 0.01391200 0.05950800
v 0.00354600 0.01478000 0.05937700
v 0.00338900 0.01730700 0.05890500
v 0.00317500 0.01669300 0.05903600
v 0.00298200 0.01712400 0.05895600
v -0.01915400 0.01482200 0.05738300
v -0.01878100 0.01512700 0.05737900
v -0.01859700 0.01528400 0.05737600
v -0.01850600 0.01536300 0.05737400
v -0.01846000 0.01540300 0.05737300
v -0.01843700 0.01542300 0.05737300
v -0.01842600 0.01543300 0.05737300
v -0.01841500 0.01544300 0.05737200
v -0.01810200 0.01572700 0.05736600
v -0.01791800 0.01589900 0.05736100
v -0.01781900 0.01599300 0.05735900
v -0.01776900 0.01604100 0.05735800
v -0.01774300 0.01606600 0.05735700
v -0.01773000 0.01607800 0.05735700
v -0.01771700 0.01609000 0.05735600
v -0.01728400 0.01651200 0.05734400
v -0.01703500 0.01675400 0.05733800
v -0.01656600 0.01720900 0.05732600
v -0.01577500 0.01793200 0.05731600
v -0.01460100 0.01889900 0.05731000
v -0.01299700 0.02003900 0.05730900
v -0.01201600 0.02064400 0.05731000
v -0.01147700 0.02094900 0.05731100
v -0.01119500 0.02110100 0.05731200
v -0.01105100 0.02117700 0.05731200
v -0.01097800 0.02121500 0.05731200
v -0.01094100 0.02123400 0.05731200
v -0.01092300 0.02124300 0.05731200
v -0.01090500 0.02125300 0.05731200
v -0.00917700 0.02205400 0.05731700
v -0.00749200 0.02268100 0.05732000
v -0.00587000 0.02315500 0.05732300
v -0.00508700 0.02334000 0.05732500
v -0.00470300 0.02342000 0.05732500
v -0.00451300 0.02345800 0.05732500
v -0.00441900 0.02347600 0.05732600
v -0.00437200 0.02348500 0.05732600
v -0.00434800 0.02348900 0.05732600
v -0.00432500 0.02349300 0.05732600
v -0.00153800 0.02383600 0.05732900
v 0.00003600 0.02388300 0.05733100
v 0.00172200 0.02381900 0.05733200
v 0.00351300 0.02362200 0.05733400
v 0.00539400 0.02326600 0.05733500
v 0.00734900 0.02272800 0.05733600
v 0.00834700 0.02238200 0.05733700
v 0.00885000 0.02218800 0.05733700
v 0.00910200 0.02208600 0.05733700
v 0.00922800 0.02203400 0.05733700
v 0.00929200 0.02200700 0.05733700
v 0.00932300 0.02199400 0.05733700
v 0.00933900 0.02198700 0.05733700
v 0.00934700 0.02198400 0.05733700
v 0.00935500 0.02198000 0.05733700
v 0.01091000 0.02124900 0.05733800
v 0.01283800 0.02013900 0.05733800
v 0.01505000 0.01854100 0.05733900
v 0.01622500 0.01752300 0.05733900
v 0.01741900 0.01634000 0.05734000
v 0.01860700 0.01497800 0.05734000
v 0.01975800 0.01342600 0.05734000
v 0.02084000 0.01167400 0.05734000
v 0.02181600 0.00972000 0.05734100
v 0.02265100 0.00756500 0.05734100
v 0.02330400 0.00521600 0.05734100
v 0.02373300 0.00268700 0.05734100
v 0.02388700 0.00000000 0.05734200
v -0.01710700 0.01479200 0.05775400
v -0.01749000 0.01564000 0.05750000
v -0.01792300 0.01442500 0.05769100
v -0.01830500 0.01527400 0.05743200
v -0.01470500 0.01381500 0.05834300
v -0.01556700 0.01137100 0.05864900
v -0.01633700 0.01308100 0.05822800
v -0.01871300 0.01509000 0.05739900
v -0.01850900 0.01518200 0.05741500
v -0.01768100 0.01606400 0.05736900
v -0.01789800 0.01545700 0.05746600
v -0.01585700 0.01637400 0.05764000
v -0.01629100 0.01515800 0.05781900
v -0.01667300 0.01600700 0.05757000
v -0.01297500 0.01869000 0.05762400
v -0.01384300 0.01625800 0.05800400
v -0.01460700 0.01795600 0.05751800
v -0.01811400 0.01484900 0.05756300
v -0.01833100 0.01424200 0.05766100
v -0.01893000 0.01448300 0.05750200
v -0.01852200 0.01466600 0.05753200
v -0.01672200 0.01393600 0.05799700
v -0.01715300 0.01271400 0.05817100
v -0.01835400 0.01320300 0.05788300
v -0.01753800 0.01357000 0.05793800
v -0.01835300 0.01538000 0.05739900
v -0.01840700 0.01522800 0.05742400
v -0.01855700 0.01528800 0.05738200
v -0.01845500 0.01533400 0.05739000
v -0.01799300 0.01566900 0.05740000
v -0.01810200 0.01536500 0.05744900
v -0.01819700 0.01557700 0.05738200
v -0.01729800 0.01521600 0.05762800
v -0.01751500 0.01460800 0.05772200
v -0.01770600 0.01503300 0.05759500
v -0.01821000 0.01506200 0.05749800
v -0.01831800 0.01475800 0.05754700
v -0.01861800 0.01487800 0.05746600
v -0.01841400 0.01497000 0.05748200
v -0.01837700 0.01543300 0.05738200
v -0.01840400 0.01535700 0.05739400
v -0.01842800 0.01541000 0.05737800
v -0.01814900 0.01547100 0.05741600
v -0.01820300 0.01531900 0.05744000
v -0.01829900 0.01553200 0.05737400
v -0.01825100 0.01542600 0.05740700
v -0.01780200 0.01524500 0.05753100
v -0.01791000 0.01494100 0.05757900
v -0.01800600 0.01515300 0.05751400
v -0.01850600 0.01531100 0.05738600
v -0.01861100 0.01513600 0.05740700
v -0.01840300 0.01542100 0.05738000
v -0.01827500 0.01547900 0.05739000
v -0.01830200 0.01540300 0.05740300
v -0.01832600 0.01545600 0.05738600
v -0.01758500 0.01585200 0.05743500
v -0.01769400 0.01554900 0.05748300
v -0.01778900 0.01576100 0.05741700
v -0.01686500 0.01643100 0.05744200
v -0.01708200 0.01582300 0.05753500
v -0.01727300 0.01624800 0.05740600
v -0.01763300 0.01595800 0.05740200
v -0.01768700 0.01580600 0.05742600
v -0.01783700 0.01586700 0.05738400
v -0.01778300 0.01601900 0.05736000
v -0.01773500 0.01591300 0.05739300
v -0.01717700 0.01603600 0.05747100
v -0.01728600 0.01573200 0.05751800
v -0.01747700 0.01615600 0.05738700
v -0.01738100 0.01594400 0.05745300
v -0.01648200 0.01558300 0.05769600
v -0.01669900 0.01497500 0.05778600
v -0.01689000 0.01539900 0.05766200
v -0.01509000 0.01467000 0.05811900
v -0.01552100 0.01344800 0.05828500
v -0.01590600 0.01430300 0.05805800
v -0.01144100 0.01528200 0.05854200
v -0.01230400 0.01283800 0.05885500
v -0.01307300 0.01454800 0.05845100
v -0.01773200 0.01604200 0.05736400
v -0.01757900 0.01611000 0.05737800
v -0.01775700 0.01603000 0.05736200
v -0.01765700 0.01601100 0.05738600
v -0.01768400 0.01593500 0.05739800
v -0.01775900 0.01596600 0.05737700
v -0.01770800 0.01598900 0.05738100
v -0.01742900 0.01605000 0.05742000
v -0.01748300 0.01589800 0.05744400
v -0.01753100 0.01600400 0.05741100
v -0.01769300 0.01609100 0.05736100
v -0.01770600 0.01605300 0.05736700
v -0.01771800 0.01608000 0.05735800
v -0.01760300 0.01616300 0.05736200
v -0.01763000 0.01608700 0.05737400
v -0.01765400 0.01614000 0.05735700
v -0.00969700 0.02016400 0.05773300
v -0.01057200 0.01772900 0.05817200
v -0.01133600 0.01942700 0.05769700
v -0.01007900 0.02101300 0.05747900
v -0.01051600 0.01979600 0.05772000
v -0.01171800 0.02027600 0.05744300
v -0.01089800 0.02064500 0.05746600
v -0.00810300 0.02088100 0.05773200
v -0.01108900 0.02106900 0.05733400
v -0.01130800 0.02046000 0.05745600
v -0.01215500 0.01905800 0.05766500
v -0.01335700 0.01953800 0.05736900
v -0.01253700 0.01990700 0.05741100
v -0.01027000 0.02143800 0.05734700
v -0.01048800 0.02082900 0.05747400
v -0.01067900 0.02125300 0.05734200
v -0.00848500 0.02173000 0.05747700
v -0.00890000 0.02052300 0.05773700
v -0.00928200 0.02137200 0.05748300
v -0.01088400 0.02116100 0.05733800
v -0.01098700 0.02111500 0.05733600
v -0.01058400 0.02104100 0.05740800
v -0.01069300 0.02073700 0.05747000
v -0.01099400 0.02085700 0.05740000
v -0.01078900 0.02094900 0.05740500
v -0.00988800 0.02058900 0.05760800
v -0.01010700 0.01998000 0.05772800
v -0.01070700 0.02022000 0.05759400
v -0.01029800 0.02040400 0.05760200
v -0.00931500 0.01931600 0.05797600
v -0.00975300 0.01809800 0.05819400
v -0.01095400 0.01857800 0.05794000
v -0.01013500 0.01894700 0.05796200
v -0.00903300 0.01430900 0.05900000
v -0.00980300 0.01601900 0.05860700
v -0.01129400 0.02097700 0.05732900
v -0.01090800 0.02121400 0.05732200
v -0.01093600 0.02113800 0.05733700
v -0.01101100 0.02116800 0.05732000
v -0.01095900 0.02119100 0.05732100
v -0.01078200 0.02120700 0.05734000
v -0.01047400 0.02134600 0.05734500
v -0.00947300 0.02179600 0.05735100
v -0.00968000 0.02119200 0.05748200
v -0.00987100 0.02161700 0.05735000
v -0.01083700 0.02105500 0.05737200
v -0.01089100 0.02090300 0.05740300
v -0.01104100 0.02096300 0.05736700
v -0.01093900 0.02100900 0.05737000
v -0.01110300 0.02055200 0.05746100
v -0.01140400 0.02067200 0.05739000
v -0.01119900 0.02076500 0.05739600
v -0.01092600 0.01961100 0.05771000
v -0.01152700 0.01985100 0.05757100
v -0.01111700 0.02003600 0.05758400
v -0.01080600 0.02126000 0.05732400
v -0.01083300 0.02118400 0.05733900
v -0.01085700 0.02123700 0.05732300
v -0.01063200 0.02114700 0.05737500
v -0.01068600 0.02099500 0.05740600
v -0.01073400 0.02110100 0.05737300
v -0.01017400 0.02122500 0.05741400
v -0.01028400 0.02092100 0.05747700
v -0.01037900 0.02113300 0.05741100
v -0.00417400 0.02316000 0.05742800
v -0.00440400 0.02254600 0.05758600
v -0.00501600 0.02278100 0.05748600
v -0.00459500 0.02297000 0.05745800
v -0.00566800 0.02197700 0.05765900
v -0.00689200 0.02244700 0.05743800
v -0.00605000 0.02282600 0.05740200
v -0.00427000 0.02337200 0.05736300
v -0.00438500 0.02306500 0.05744400
v -0.00469100 0.02318200 0.05739300
v -0.00448000 0.02327700 0.05737900
v -0.00333200 0.02353900 0.05736000
v -0.00356200 0.02292500 0.05752400
v -0.00375300 0.02334900 0.05739600
v -0.00431700 0.02347800 0.05733000
v -0.00437500 0.02332500 0.05737100
v -0.00452800 0.02338300 0.05734600
v -0.00442300 0.02343100 0.05733800
v -0.00396400 0.02325400 0.05741200
v -0.00405900 0.02346700 0.05734700
v -0.00437000 0.02345400 0.05733400
v -0.00416400 0.02341900 0.05735500
v 0.00728500 0.02165100 0.05763700
v 0.00809300 0.02201400 0.05746300
v 0.00967600 0.02065400 0.05764900
v 0.00883600 0.01820300 0.05832600
v 0.00806000 0.01992700 0.05800400
v 0.00928900 0.02151600 0.05747000
v 0.00886800 0.02029100 0.05783200
v 0.00767300 0.02078900 0.05782700
v 0.00848100 0.02115200 0.05765300
v 0.01204900 0.01964900 0.05758200
v 0.00909500 0.02194700 0.05737600
v 0.00888500 0.02133400 0.05756300
v 0.00828700 0.02158300 0.05756000
v 0.00849700 0.02219600 0.05737300
v 0.00869100 0.02176500 0.05746900
v 0.01047500 0.02101300 0.05745800
v 0.00968800 0.02169600 0.05737500
v 0.00919500 0.02199200 0.05735200
v 0.00948800 0.02160600 0.05742300
v 0.00919200 0.02173100 0.05742300
v 0.00939100 0.02182100 0.05737600
v 0.01028100 0.02144400 0.05736900
v 0.01007600 0.02083400 0.05755500
v 0.00948300 0.02108500 0.05756100
v 0.00988200 0.02126500 0.05746600
v 0.01166100 0.02051100 0.05742500
v 0.01125000 0.01929000 0.05778300
v 0.01006400 0.01979200 0.05781700
v 0.01086300 0.02015100 0.05762600
v 0.01361100 0.01617600 0.05810200
v 0.01123300 0.01719400 0.05825400
v 0.01283000 0.01791200 0.05786500
v 0.00889300 0.02185600 0.05742300
v 0.00859400 0.02198100 0.05742100
v 0.00879600 0.02207100 0.05737500
v 0.00934300 0.02192900 0.05735200
v 0.00929200 0.02177600 0.05740000
v 0.00914300 0.02183900 0.05740000
v 0.00924300 0.02188400 0.05737600
v 0.00908700 0.02142500 0.05751700
v 0.00878800 0.02155000 0.05751600
v 0.00899000 0.02164000 0.05747000
v 0.00927200 0.02047200 0.05774200
v 0.00867500 0.02072100 0.05774400
v 0.00907900 0.02090300 0.05765400
v 0.00964400 0.01856700 0.05815500
v 0.00844800 0.01906500 0.05817100
v 0.00925600 0.01942900 0.05799900
v 0.01039800 0.01473100 0.05883900
v 0.00961700 0.01646700 0.05860500
v 0.00931900 0.02198300 0.05734100
v 0.00929300 0.02190600 0.05736400
v 0.00921900 0.02193800 0.05736400
v 0.00926900 0.02196000 0.05735200
v 0.00949100 0.02186600 0.05735200
v 0.00939300 0.02195100 0.05734100
v 0.00936800 0.02194000 0.05734700
v 0.00933100 0.02195600 0.05734700
v 0.00935600 0.02196700 0.05734100
v 0.00946700 0.02192000 0.05734100
v 0.00944100 0.02184400 0.05736400
v 0.00936700 0.02187500 0.05736400
v 0.00941700 0.02189700 0.05735200
v 0.00964000 0.02180300 0.05735200
v 0.00958800 0.02165100 0.05739900
v 0.00944000 0.02171300 0.05739900
v 0.00954000 0.02175800 0.05737600
v 0.00978500 0.02148000 0.05742100
v 0.00968200 0.02117500 0.05751400
v 0.00938600 0.02130000 0.05751600
v 0.00958500 0.02139000 0.05746900
v 0.00935000 0.02198100 0.05733800
v 0.00934300 0.02196100 0.05734400
v 0.00932500 0.02196900 0.05734400
v 0.00933100 0.02198800 0.05733800
v 0.00933700 0.02197500 0.05734100
v 0.00931800 0.02191800 0.05735800
v 0.00928100 0.02193300 0.05735800
v 0.00929400 0.02197200 0.05734700
v 0.00930600 0.02194500 0.05735200
v 0.00934200 0.02179900 0.05738800
v 0.00926700 0.02183000 0.05738800
v 0.00931700 0.02185300 0.05737600
v 0.00938900 0.02156100 0.05744600
v 0.00924000 0.02162400 0.05744700
v 0.00934000 0.02166900 0.05742300
v 0.02210800 0.00000000 0.05785000
v 0.02032900 0.00000000 0.05831400
v 0.01854900 0.00000000 0.05873600
v 0.01677000 0.00000000 0.05911500
v 0.01499100 0.00000000 0.05945200
v 0.01321200 0.00000000 0.05974700
v 0.01143300 0.00000000 0.06000100
v 0.00965400 0.00000000 0.06021400
v 0.00724000 0.00000000 0.06043800
v 0.00482600 0.00000000 0.06059100
v 0.00241300 0.00000000 0.06067400
v -0.00000100 0.00000000 0.06069200
v -0.00241400 0.00000000 0.06064800
v -0.00482700 0.00000000 0.06054800
v -0.00724000 0.00000000 0.06040000
v -0.00965200 0.00000000 0.06021100
v -0.01221500 0.00000000 0.05997900
v -0.01477800 0.00000000 0.05972900
v -0.01733900 0.00000000 0.05947900
v -0.03250000 0.00000000 0.05400000
v -0.02750000 0.00000000 0.05400000
v -0.02750000 -0.00000000 0.05835800
v -0.02751400 -0.00026100 0.05835600
v -0.02755400 -0.00051700 0.05835200
v -0.02762200 -0.00077000 0.05834400
v -0.02771500 -0.00101400 0.05833400
v -0.02783200 -0.00124500 0.05832200
v -0.02797300 -0.00146300 0.05830900
v -0.02813700 -0.00166700 0.05829400
v -0.02832000 -0.00185100 0.05827900
v -0.02852100 -0.00201600 0.05826400
v -0.02874000 -0.00215900 0.05825000
v -0.02897000 -0.00227800 0.05823800
v -0.02921200 -0.00237200 0.05822800
v -0.02946400 -0.00244200 0.05821900
v -0.02972100 -0.00248400 0.05821400
v -0.02998000 -0.00250000 0.05821200
v -0.03024100 -0.00248800 0.05821200
v -0.02768600 -0.00094500 0.05617900
v -0.02754700 -0.00048200 0.05617900
v -0.02754700 -0.00048200 0.05726800
v -0.02751200 -0.00024200 0.05617900
v -0.02751200 -0.00024200 0.05726800
v -0.02751200 -0.00024200 0.05781300
v -0.02750300 -0.00012100 0.05726800
v -0.02750300 -0.00012100 0.05781300
v -0.02754700 -0.00048200 0.05781300
v -0.02752600 -0.00036200 0.05726800
v -0.02752600 -0.00036200 0.05781300
v -0.02768600 -0.00094500 0.05726800
v -0.02760500 -0.00071700 0.05617900
v -0.02760500 -0.00071700 0.05726800
v -0.02821500 -0.00175000 0.05617900
v -0.02791100 -0.00137300 0.05617900
v -0.02760500 -0.00071700 0.05781300
v -0.02757300 -0.00060000 0.05726800
v -0.02757300 -0.00060000 0.05781300
v -0.02768600 -0.00094500 0.05781300
v -0.02764300 -0.00083200 0.05726800
v -0.02764300 -0.00083200 0.05781300
v -0.02791100 -0.00137300 0.05726800
v -0.02778800 -0.00116500 0.05617900
v -0.02778800 -0.00116500 0.05726800
v -0.02778800 -0.00116500 0.05781300
v -0.02773400 -0.00105600 0.05726800
v -0.02773400 -0.00105600 0.05781300
v -0.02791100 -0.00137300 0.05781300
v -0.02784700 -0.00127100 0.05726800
v -0.02784700 -0.00127100 0.05781300
v -0.02821500 -0.00175000 0.05726800
v -0.02805400 -0.00156900 0.05617900
v -0.02805400 -0.00156900 0.05726800
v -0.02901400 -0.00229700 0.05617900
v -0.02858800 -0.00206300 0.05617900
v -0.02805400 -0.00156900 0.05781300
v -0.02798000 -0.00147300 0.05726800
v -0.02798000 -0.00147300 0.05781300
v -0.02821500 -0.00175000 0.05781300
v -0.02813200 -0.00166200 0.05726800
v -0.02813200 -0.00166200 0.05781300
v -0.02858800 -0.00206300 0.05726800
v -0.02839400 -0.00191600 0.05617900
v -0.02839400 -0.00191600 0.05726800
v -0.02839400 -0.00191600 0.05781300
v -0.02830200 -0.00183500 0.05726800
v -0.02830200 -0.00183500 0.05781300
v -0.02858800 -0.00206300 0.05781300
v -0.02848900 -0.00199200 0.05726800
v -0.02848900 -0.00199200 0.05781300
v -0.02901400 -0.00229700 0.05726800
v -0.02879500 -0.00219000 0.05617900
v -0.02879500 -0.00219000 0.05726800
v -0.03000000 -0.00250000 0.05617900
v -0.02949700 -0.00244900 0.05617900
v -0.02879500 -0.00219000 0.05781300
v -0.02869000 -0.00212900 0.05726800
v -0.02869000 -0.00212900 0.05781300
v -0.02901400 -0.00229700 0.05781300
v -0.02890400 -0.00224700 0.05726800
v -0.02890400 -0.00224700 0.05781300
v -0.02949700 -0.00244900 0.05726800
v -0.02925200 -0.00238500 0.05617900
v -0.02925200 -0.00238500 0.05726800
v -0.02925200 -0.00238500 0.05781300
v -0.02913200 -0.00234400 0.05726800
v -0.02913200 -0.00234400 0.05781300
v -0.02949700 -0.00244900 0.05781300
v -0.02937400 -0.00242000 0.05726800
v -0.02937400 -0.00242000 0.05781300
v -0.03000000 -0.00250000 0.05726800
v -0.02974700 -0.00248700 0.05617900
v -0.02974700 -0.00248700 0.05726800
v -0.03094500 -0.00231400 0.05617900
v -0.03048200 -0.00245300 0.05617900
v -0.02974700 -0.00248700 0.05781300
v -0.02962200 -0.00247100 0.05726800
v -0.02962200 -0.00247100 0.05781300
v -0.03000000 -0.00250000 0.05781300
v -0.02987300 -0.00249700 0.05726800
v -0.02987300 -0.00249700 0.05781300
v -0.03048200 -0.00245300 0.05726800
v -0.03024200 -0.00248800 0.05617900
v -0.03024200 -0.00248800 0.05726800
v -0.03024200 -0.00248800 0.05781300
v -0.03012100 -0.00249700 0.05726800
v -0.03012100 -0.00249700 0.05781300
v -0.03069500 -0.00240100 0.05821900
v -0.03112200 -0.00223400 0.05823200
v -0.03151400 -0.00199000 0.05824900
v -0.03185100 -0.00168000 0.05826800
v -0.03212800 -0.00131200 0.05828600
v -0.03233200 -0.00090100 0.05830200
v -0.03245800 -0.00045800 0.05831200
v -0.03250000 0.00000000 0.05831500
v -0.03094500 -0.00231400 0.05726800
v -0.03071700 -0.00239500 0.05617900
v -0.03071700 -0.00239500 0.05726800
v -0.03175000 -0.00178500 0.05617900
v -0.03137300 -0.00208900 0.05617900
v -0.03137300 -0.00208900 0.05726800
v -0.03116500 -0.00221200 0.05617900
v -0.03116500 -0.00221200 0.05726800
v -0.03175000 -0.00178500 0.05726800
v -0.03156900 -0.00194600 0.05617900
v -0.03156900 -0.00194600 0.05726800
v -0.03229700 -0.00098600 0.05617900
v -0.03206300 -0.00141200 0.05617900
v -0.03206300 -0.00141200 0.05726800
v -0.03191600 -0.00160600 0.05617900
v -0.03191600 -0.00160600 0.05726800
v -0.03229700 -0.00098600 0.05726800
v -0.03219100 -0.00120500 0.05617900
v -0.03219100 -0.00120500 0.05726800
v -0.03244900 -0.00050300 0.05617900
v -0.03244900 -0.00050300 0.05726800
v -0.03238500 -0.00074800 0.05617900
v -0.03238500 -0.00074800 0.05726800
v -0.03248700 -0.00025300 0.05617900
v -0.03248700 -0.00025300 0.05726800
v -0.02750000 0.00000000 0.05617900
v -0.03250000 0.00000000 0.05615800
v -0.03225200 -0.00108500 0.05400000
v -0.03155900 -0.00195400 0.05400000
v -0.03055600 -0.00243700 0.05400000
v -0.02944400 -0.00243700 0.05400000
v -0.02844100 -0.00195400 0.05400000
v -0.02774800 -0.00108500 0.05400000
v -0.00250000 -0.01825000 0.05400000
v 0.00250000 -0.01825000 0.05400000
v 0.00250000 -0.01825000 0.05820700
v 0.00250000 -0.01825000 0.05610300
v -0.00250000 -0.01825000 0.05818400
v -0.00250000 -0.01825000 0.05609200
v -0.00225200 -0.01933500 0.05400000
v -0.00155900 -0.02020500 0.05400000
v -0.00055600 -0.02068700 0.05400000
v 0.00055600 -0.02068700 0.05400000
v 0.00155900 -0.02020500 0.05400000
v 0.00225200 -0.01933500 0.05400000
v 0.00246100 -0.01869200 0.05809000
v 0.00231400 -0.01919500 0.05610300
v 0.00245300 -0.01873200 0.05610300
v 0.00245300 -0.01873200 0.05715500
v 0.00248800 -0.01849200 0.05610300
v 0.00248800 -0.01849200 0.05715500
v 0.00240600 -0.01893000 0.05802700
v 0.00232800 -0.01916100 0.05796600
v 0.00222900 -0.01938200 0.05790700
v 0.00210800 -0.01959300 0.05785100
v 0.00196700 -0.01979300 0.05779800
v 0.00180600 -0.01997800 0.05774800
v 0.00162900 -0.02014700 0.05770300
v 0.00143400 -0.02029800 0.05766200
v 0.00122500 -0.02042900 0.05762700
v 0.00100500 -0.02053900 0.05759700
v 0.00077300 -0.02062700 0.05757300
v 0.00053300 -0.02069200 0.05755500
v 0.00028900 -0.02073300 0.05754400
v 0.00004200 -0.02075000 0.05753900
v -0.00020700 -0.02074100 0.05754000
v -0.00045300 -0.02070900 0.05754800
v -0.00069300 -0.02065200 0.05756300
v -0.00092800 -0.02057100 0.05758300
v -0.00115300 -0.02046800 0.05761000
v -0.00136500 -0.02034400 0.05764200
v -0.00156500 -0.02020000 0.05767900
v -0.00174900 -0.02003600 0.05772100
v -0.00191500 -0.01985700 0.05776800
v -0.00206200 -0.01966300 0.05781800
v -0.00219100 -0.01945500 0.05787200
v -0.00229800 -0.01923500 0.05792900
v -0.00238200 -0.01900800 0.05798800
v -0.00244400 -0.01877400 0.05804800
v -0.00248400 -0.01853400 0.05811000
v -0.00250000 -0.01829200 0.05817300
v 0.00248800 -0.01849200 0.05768100
v 0.00245300 -0.01873200 0.05768100
v 0.00247400 -0.01861200 0.05715500
v 0.00247400 -0.01861200 0.05768100
v 0.00231400 -0.01919500 0.05715500
v 0.00239500 -0.01896700 0.05610300
v 0.00239500 -0.01896700 0.05715500
v 0.00178500 -0.02000000 0.05610300
v 0.00208900 -0.01962300 0.05610300
v 0.00239500 -0.01896700 0.05768100
v 0.00242700 -0.01885000 0.05715500
v 0.00242700 -0.01885000 0.05768100
v 0.00231400 -0.01919500 0.05768100
v 0.00235700 -0.01908200 0.05715500
v 0.00235700 -0.01908200 0.05768100
v 0.00208900 -0.01962300 0.05715500
v 0.00221200 -0.01941500 0.05610300
v 0.00221200 -0.01941500 0.05715500
v 0.00221200 -0.01941500 0.05768100
v 0.00226600 -0.01930600 0.05715500
v 0.00226600 -0.01930600 0.05768100
v 0.00208900 -0.01962300 0.05768100
v 0.00215300 -0.01952100 0.05715500
v 0.00215300 -0.01952100 0.05768100
v 0.00178500 -0.02000000 0.05715500
v 0.00194600 -0.01981900 0.05610300
v 0.00194600 -0.01981900 0.05715500
v 0.00098600 -0.02054700 0.05610300
v 0.00141200 -0.02031300 0.05610300
v 0.00194600 -0.01981900 0.05768100
v 0.00202000 -0.01972300 0.05715500
v 0.00202000 -0.01972300 0.05768100
v 0.00186800 -0.01991200 0.05715500
v 0.00186800 -0.01991200 0.05768100
v 0.00141200 -0.02031300 0.05715500
v 0.00160600 -0.02016600 0.05610300
v 0.00160600 -0.02016600 0.05715500
v 0.00169800 -0.02008500 0.05715500
v 0.00151100 -0.02024200 0.05715500
v 0.00098600 -0.02054700 0.05715500
v 0.00120500 -0.02044100 0.05610300
v 0.00120500 -0.02044100 0.05715500
v 0.00000000 -0.02075000 0.05610300
v 0.00050300 -0.02069900 0.05610300
v 0.00131000 -0.02037900 0.05715500
v 0.00109600 -0.02049700 0.05715500
v 0.00050300 -0.02069900 0.05715500
v 0.00074800 -0.02063500 0.05610300
v 0.00074800 -0.02063500 0.05715500
v 0.00086800 -0.02059400 0.05715500
v 0.00062600 -0.02067000 0.05715500
v 0.00000000 -0.02075000 0.05715500
v 0.00025300 -0.02073700 0.05610300
v 0.00025300 -0.02073700 0.05715500
v -0.00094500 -0.02056400 0.05610300
v -0.00048200 -0.02070300 0.05610300
v 0.00037800 -0.02072100 0.05715500
v 0.00012700 -0.02074700 0.05715500
v -0.00048200 -0.02070300 0.05715500
v -0.00024200 -0.02073800 0.05610300
v -0.00024200 -0.02073800 0.05715500
v -0.00012100 -0.02074700 0.05715500
v -0.00036200 -0.02072400 0.05715500
v -0.00094500 -0.02056400 0.05715500
v -0.00071700 -0.02064500 0.05610300
v -0.00071700 -0.02064500 0.05715500
v -0.00175000 -0.02003500 0.05610300
v -0.00137300 -0.02033900 0.05610300
v -0.00060000 -0.02067700 0.05715500
v -0.00083200 -0.02060700 0.05715500
v -0.00137300 -0.02033900 0.05715500
v -0.00116500 -0.02046200 0.05610300
v -0.00116500 -0.02046200 0.05715500
v -0.00105600 -0.02051600 0.05715500
v -0.00127100 -0.02040300 0.05715500
v -0.00175000 -0.02003500 0.05715500
v -0.00156900 -0.02019600 0.05610300
v -0.00156900 -0.02019600 0.05715500
v -0.00229700 -0.01923600 0.05610300
v -0.00206300 -0.01966200 0.05610300
v -0.00147300 -0.02027000 0.05715500
v -0.00166200 -0.02011800 0.05715500
v -0.00206300 -0.01966200 0.05715500
v -0.00191600 -0.01985600 0.05610300
v -0.00191600 -0.01985600 0.05715500
v -0.00183500 -0.01994800 0.05715500
v -0.00206300 -0.01966200 0.05768100
v -0.00199200 -0.01976100 0.05715500
v -0.00199200 -0.01976100 0.05768100
v -0.00229700 -0.01923600 0.05715500
v -0.00219100 -0.01945500 0.05610300
v -0.00219100 -0.01945500 0.05715500
v -0.00244900 -0.01875300 0.05610300
v -0.00219100 -0.01945500 0.05768100
v -0.00212900 -0.01956000 0.05715500
v -0.00212900 -0.01956000 0.05768100
v -0.00244900 -0.01875300 0.05715500
v -0.00238500 -0.01899800 0.05610300
v -0.00238500 -0.01899800 0.05715500
v -0.00229700 -0.01923600 0.05768100
v -0.00238500 -0.01899800 0.05768100
v -0.00234400 -0.01911800 0.05715500
v -0.00234400 -0.01911800 0.05768100
v -0.00244900 -0.01875300 0.05768100
v -0.00242000 -0.01887600 0.05715500
v -0.00242000 -0.01887600 0.05768100
v -0.00248700 -0.01850300 0.05610300
v -0.00248700 -0.01850300 0.05715500
v -0.00248700 -0.01850300 0.05768100
v -0.00247100 -0.01862800 0.05715500
v -0.00247100 -0.01862800 0.05768100
v -0.00249700 -0.01837700 0.05715500
v -0.00249700 -0.01837700 0.05768100
v -0.00249700 -0.01837700 0.05794400
v -0.00249900 -0.01831300 0.05768100
v -0.00249900 -0.01831300 0.05794400
v -0.00249900 -0.01831300 0.05807500
v -0.00250000 -0.01828200 0.05794400
v -0.00250000 -0.01828200 0.05807500
v -0.00250000 0.01825000 0.05400000
v 0.00250000 0.01825000 0.05400000
v 0.00250000 0.01825000 0.05610300
v 0.00250000 0.01825000 0.05820700
v -0.00250000 0.01825000 0.05818400
v -0.00250000 0.01825000 0.05609200
v -0.00225200 0.01716500 0.05400000
v -0.00155900 0.01629500 0.05400000
v -0.00055600 0.01581300 0.05400000
v 0.00055600 0.01581300 0.05400000
v 0.00155900 0.01629500 0.05400000
v 0.00225200 0.01716500 0.05400000
v -0.00229700 0.01726400 0.05642200
v -0.00244900 0.01774700 0.05642200
v -0.00175000 0.01646500 0.05642200
v -0.00206300 0.01683800 0.05642200
v -0.00094500 0.01593600 0.05642200
v -0.00137300 0.01616100 0.05642200
v 0.00000000 0.01575000 0.05642200
v -0.00048200 0.01579700 0.05642200
v 0.00098600 0.01595300 0.05642200
v 0.00050300 0.01580100 0.05642200
v 0.00178500 0.01650000 0.05642200
v 0.00141200 0.01618700 0.05642200
v 0.00231400 0.01730500 0.05642200
v 0.00208900 0.01687700 0.05642200
v 0.00245300 0.01776800 0.05642200
v 0.00249800 0.01815500 0.05823200
v 0.00245300 0.01776800 0.05763300
v 0.00248800 0.01800800 0.05642200
v 0.00248800 0.01800800 0.05763300
v 0.00249700 0.01812900 0.05763300
v 0.00249700 0.01812900 0.05793500
v 0.00249900 0.01818900 0.05763300
v 0.00249900 0.01818900 0.05793500
v 0.00248800 0.01800800 0.05702700
v 0.00249700 0.01812900 0.05642200
v 0.00249700 0.01812900 0.05702700
v 0.00245300 0.01776800 0.05521100
v 0.00248800 0.01800800 0.05521100
v 0.00243300 0.01767300 0.05835800
v 0.00227600 0.01721500 0.05847700
v 0.00203100 0.01679200 0.05858600
v 0.00170800 0.01642400 0.05868000
v 0.00131800 0.01612500 0.05875500
v 0.00087300 0.01590700 0.05880800
v 0.00039600 0.01578200 0.05883800
v -0.00010000 0.01575200 0.05884200
v -0.00059000 0.01582100 0.05882100
v -0.00105700 0.01598400 0.05877600
v -0.00148100 0.01623600 0.05870900
v -0.00184500 0.01656300 0.05862300
v -0.00213800 0.01695400 0.05852000
v -0.00234800 0.01739200 0.05840600
v -0.00247000 0.01786200 0.05828400
v 0.00231400 0.01730500 0.05763300
v 0.00239500 0.01753300 0.05642200
v 0.00239500 0.01753300 0.05763300
v 0.00208900 0.01687700 0.05763300
v 0.00221200 0.01708500 0.05642200
v 0.00221200 0.01708500 0.05763300
v 0.00178500 0.01650000 0.05763300
v 0.00194600 0.01668100 0.05642200
v 0.00194600 0.01668100 0.05763300
v 0.00141200 0.01618700 0.05763300
v 0.00160600 0.01633400 0.05642200
v 0.00160600 0.01633400 0.05763300
v 0.00098600 0.01595300 0.05763300
v 0.00120500 0.01605900 0.05642200
v 0.00120500 0.01605900 0.05763300
v 0.00050300 0.01580100 0.05763300
v 0.00074800 0.01586500 0.05642200
v 0.00074800 0.01586500 0.05763300
v 0.00000000 0.01575000 0.05763300
v 0.00025300 0.01576300 0.05642200
v 0.00025300 0.01576300 0.05763300
v -0.00048200 0.01579700 0.05763300
v -0.00024200 0.01576200 0.05642200
v -0.00024200 0.01576200 0.05763300
v -0.00094500 0.01593600 0.05763300
v -0.00071700 0.01585500 0.05642200
v -0.00071700 0.01585500 0.05763300
v -0.00137300 0.01616100 0.05763300
v -0.00116500 0.01603800 0.05642200
v -0.00116500 0.01603800 0.05763300
v -0.00175000 0.01646500 0.05763300
v -0.00156900 0.01630400 0.05642200
v -0.00156900 0.01630400 0.05763300
v -0.00206300 0.01683800 0.05763300
v -0.00191600 0.01664400 0.05642200
v -0.00191600 0.01664400 0.05763300
v -0.00229700 0.01726400 0.05763300
v -0.00219100 0.01704500 0.05642200
v -0.00219100 0.01704500 0.05763300
v -0.00244900 0.01774700 0.05763300
v -0.00238500 0.01750200 0.05642200
v -0.00238500 0.01750200 0.05763300
v -0.00248700 0.01799700 0.05642200
v -0.00248700 0.01799700 0.05763300
v -0.00246100 -0.01780900 0.05829800
v -0.00297200 -0.01782300 0.05878700
v -0.00253900 -0.01833400 0.05836500
v -0.00265800 -0.01837100 0.05853100
v -0.00283300 -0.01839700 0.05863400
v -0.00247700 -0.01882300 0.05824500
v -0.00259200 -0.01888400 0.05841300
v -0.00276600 -0.01894400 0.05851500
v -0.00232200 -0.01928900 0.05813000
v -0.00242900 -0.01937200 0.05830100
v -0.00259600 -0.01946500 0.05840100
v -0.00277500 -0.01954500 0.05841600
v -0.00207900 -0.01971900 0.05802300
v -0.00217400 -0.01982100 0.05819800
v -0.00232600 -0.01994700 0.05829600
v -0.00175900 -0.02009200 0.05793100
v -0.00183900 -0.02021100 0.05810800
v -0.00197000 -0.02036700 0.05820400
v -0.00137000 -0.02039900 0.05785500
v -0.00143200 -0.02053100 0.05803400
v -0.00153600 -0.02071200 0.05812800
v -0.00093000 -0.02062400 0.05779900
v -0.00097200 -0.02076600 0.05798000
v -0.00104400 -0.02096600 0.05807300
v -0.00045300 -0.02070900 0.05754800
v -0.00045400 -0.02075900 0.05776600
v -0.00047400 -0.02090800 0.05794800
v -0.00050900 -0.02111900 0.05804000
v 0.00004200 -0.02080000 0.05775700
v 0.00004300 -0.02095000 0.05793900
v 0.00004600 -0.02116500 0.05803100
v 0.00053300 -0.02069200 0.05755500
v 0.00053300 -0.02074300 0.05777200
v 0.00055600 -0.02089100 0.05795400
v 0.00059700 -0.02110100 0.05804700
v 0.00100700 -0.02059200 0.05781200
v 0.00105100 -0.02073400 0.05799300
v 0.00112800 -0.02093000 0.05808600
v 0.00143400 -0.02029800 0.05766200
v 0.00143900 -0.02035300 0.05787400
v 0.00150300 -0.02048400 0.05805300
v 0.00161100 -0.02066100 0.05814800
v 0.00181700 -0.02003500 0.05795600
v 0.00189800 -0.02015200 0.05813300
v 0.00203300 -0.02030300 0.05822900
v 0.00212600 -0.01965000 0.05805500
v 0.00222200 -0.01975000 0.05822800
v 0.00237700 -0.01987000 0.05832700
v 0.00254400 -0.01997900 0.05833700
v 0.00235400 -0.01921400 0.05816600
v 0.00246200 -0.01929400 0.05833600
v 0.00262900 -0.01938100 0.05843700
v 0.00246100 -0.01869200 0.05809000
v 0.00296900 -0.01889100 0.05857800
v 0.00249400 -0.01874100 0.05828500
v 0.00260300 -0.01879700 0.05844800
v 0.00277100 -0.01884900 0.05855100
v -0.00278200 -0.01784900 0.05875000
v -0.00261800 -0.01785500 0.05864400
v -0.00250500 -0.01784100 0.05848600
v -0.00250000 -0.01825000 0.05818400
v -0.00250000 -0.01829200 0.05817300
v -0.00248400 -0.01853400 0.05811000
v -0.00244400 -0.01877400 0.05804800
v -0.00238200 -0.01900800 0.05798800
v -0.00229800 -0.01923500 0.05792900
v -0.00219100 -0.01945500 0.05787200
v -0.00206200 -0.01966300 0.05781800
v -0.00191500 -0.01985700 0.05776800
v -0.00174900 -0.02003600 0.05772100
v -0.00156500 -0.02020000 0.05767900
v -0.00136500 -0.02034400 0.05764200
v -0.00115300 -0.02046800 0.05761000
v -0.00092800 -0.02057100 0.05758300
v -0.00069300 -0.02065200 0.05756300
v -0.00020700 -0.02074100 0.05754000
v 0.00004200 -0.02075000 0.05753900
v 0.00028900 -0.02073300 0.05754400
v 0.00077300 -0.02062700 0.05757300
v 0.00100500 -0.02053900 0.05759700
v 0.00122500 -0.02042900 0.05762700
v 0.00162900 -0.02014700 0.05770300
v 0.00180600 -0.01997800 0.05774800
v 0.00196700 -0.01979300 0.05779800
v 0.00210800 -0.01959300 0.05785100
v 0.00222900 -0.01938200 0.05790700
v 0.00232800 -0.01916100 0.05796600
v 0.00240600 -0.01893000 0.05802700
v -0.00250900 -0.01831200 0.05826800
v -0.00253500 -0.01808800 0.05842600
v -0.00250300 -0.01806900 0.05833000
v -0.00250200 -0.01830200 0.05822000
v -0.00250900 -0.01819100 0.05829900
v -0.00249500 -0.01806000 0.05828200
v -0.00250100 -0.01818100 0.05825100
v -0.00245000 -0.01879600 0.05814500
v -0.00252000 -0.01858000 0.05830500
v -0.00249100 -0.01855500 0.05820700
v -0.00248500 -0.01854400 0.05815800
v -0.00250300 -0.01843400 0.05823700
v -0.00249600 -0.01842300 0.05818900
v -0.00249000 -0.01802900 0.05824100
v 0.00290200 -0.01917800 0.05851400
v 0.00280900 -0.01945600 0.05845300
v 0.00268900 -0.01972400 0.05839400
v 0.00237300 -0.02022000 0.05828300
v 0.00217900 -0.02044400 0.05823300
v 0.00196500 -0.02064700 0.05818800
v 0.00173000 -0.02082900 0.05814700
v 0.00147700 -0.02098800 0.05811100
v 0.00121200 -0.02112000 0.05808200
v 0.00093200 -0.02122700 0.05805700
v 0.00064200 -0.02130500 0.05803900
v 0.00034800 -0.02135500 0.05802800
v 0.00005000 -0.02137400 0.05802300
v -0.00025100 -0.02136400 0.05802400
v -0.00054700 -0.02132500 0.05803200
v -0.00083800 -0.02125600 0.05804700
v -0.00112100 -0.02115900 0.05806800
v -0.00139300 -0.02103400 0.05809400
v -0.00164900 -0.02088500 0.05812700
v -0.00189000 -0.02071000 0.05816400
v -0.00211300 -0.02051200 0.05820700
v -0.00231300 -0.02029600 0.05825400
v -0.00249100 -0.02006200 0.05830400
v -0.00264600 -0.01981000 0.05835900
v -0.00287700 -0.01927100 0.05847500
v -0.00295200 -0.01898800 0.05853600
v -0.00300000 -0.01869800 0.05859800
v -0.00301900 -0.01840500 0.05866100
v -0.00301000 -0.01811400 0.05872400
v -0.00249800 0.01834600 0.05815900
v -0.00301700 0.01847100 0.05864700
v -0.00250200 0.01782500 0.05848800
v -0.00261900 0.01783900 0.05865200
v -0.00278900 0.01783000 0.05875800
v -0.00233900 0.01727000 0.05862500
v -0.00245000 0.01725700 0.05878600
v -0.00260500 0.01721300 0.05889300
v -0.00206700 0.01678400 0.05874500
v -0.00216500 0.01674700 0.05890300
v -0.00230000 0.01667300 0.05901200
v -0.00168400 0.01635900 0.05885000
v -0.00176500 0.01630100 0.05900700
v -0.00187300 0.01620100 0.05911700
v -0.00121200 0.01602700 0.05893300
v -0.00127000 0.01595300 0.05908800
v -0.00134700 0.01583400 0.05919900
v -0.00067500 0.01581100 0.05898900
v -0.00070800 0.01572600 0.05914200
v -0.00075000 0.01559500 0.05925400
v -0.00010000 0.01575200 0.05884200
v -0.00010400 0.01572200 0.05901400
v -0.00011000 0.01563300 0.05916700
v -0.00011700 0.01549600 0.05927900
v 0.00047900 0.01576500 0.05900700
v 0.00050100 0.01567800 0.05916000
v 0.00053100 0.01554500 0.05927200
v 0.00104100 0.01594300 0.05896700
v 0.00109000 0.01586500 0.05912100
v 0.00115500 0.01574100 0.05923200
v 0.00153000 0.01623300 0.05889900
v 0.00160200 0.01616900 0.05905400
v 0.00169900 0.01606200 0.05916500
v 0.00194700 0.01662900 0.05880400
v 0.00203800 0.01658400 0.05896100
v 0.00216300 0.01650100 0.05907100
v 0.00226200 0.01710500 0.05868900
v 0.00236700 0.01708400 0.05884800
v 0.00251500 0.01703000 0.05895700
v 0.00246100 0.01763500 0.05855900
v 0.00257600 0.01764000 0.05872100
v 0.00274000 0.01761900 0.05882800
v 0.00249800 0.01815500 0.05823200
v 0.00301400 0.01824300 0.05872000
v 0.00253900 0.01819500 0.05842100
v 0.00265200 0.01822600 0.05858100
v 0.00281900 0.01824300 0.05868600
v -0.00281900 0.01845700 0.05861700
v -0.00265000 0.01842800 0.05851300
v -0.00253700 0.01838800 0.05835100
v -0.00250000 0.01825000 0.05818400
v -0.00247000 0.01781100 0.05839400
v -0.00253500 0.01810500 0.05842000
v -0.00250400 0.01808700 0.05832400
v -0.00247000 0.01786200 0.05828400
v -0.00234800 0.01739200 0.05840600
v -0.00213800 0.01695400 0.05852000
v -0.00184500 0.01656300 0.05862300
v -0.00148100 0.01623600 0.05870900
v -0.00105700 0.01598400 0.05877600
v -0.00059000 0.01582100 0.05882100
v 0.00039600 0.01578200 0.05883800
v 0.00087300 0.01590700 0.05880800
v 0.00131800 0.01612500 0.05875500
v 0.00170800 0.01642400 0.05868000
v 0.00203100 0.01679200 0.05858600
v 0.00227600 0.01721500 0.05847700
v 0.00243300 0.01767300 0.05835800
v 0.00298800 0.01794900 0.05878400
v 0.00293500 0.01766100 0.05884700
v 0.00285300 0.01738000 0.05890800
v 0.00274500 0.01710700 0.05896700
v 0.00260900 0.01684400 0.05902300
v 0.00244900 0.01659600 0.05907600
v 0.00226600 0.01636600 0.05912600
v 0.00205900 0.01615200 0.05917100
v 0.00183200 0.01596000 0.05921100
v 0.00158800 0.01579100 0.05924600
v 0.00132600 0.01564700 0.05927600
v 0.00105100 0.01552800 0.05930000
v 0.00076700 0.01543800 0.05931800
v 0.00047500 0.01537600 0.05933000
v 0.00017600 0.01534300 0.05933500
v -0.00012400 0.01534000 0.05933400
v -0.00042100 0.01536700 0.05932700
v -0.00071500 0.01542400 0.05931300
v -0.00100200 0.01550800 0.05929400
v -0.00127800 0.01562100 0.05926800
v -0.00154100 0.01576000 0.05923700
v -0.00179000 0.01592400 0.05920100
v -0.00202000 0.01611100 0.05915900
v -0.00222900 0.01631800 0.05911400
v -0.00241800 0.01654700 0.05906400
v -0.00258300 0.01679100 0.05901100
v -0.00272200 0.01704900 0.05895500
v -0.00283600 0.01731900 0.05889600
v -0.00292400 0.01760000 0.05883500
v -0.00298300 0.01788700 0.05877300
v -0.00301400 0.01817700 0.05871100
vn -0.99930000 0.03790000 0.00010000
vn 0.03190000 0.21240000 0.97670000
vn -0.91930000 -0.05920000 0.38920000
vn -0.68880000 0.05060000 0.72320000
vn -0.34070000 0.15050000 0.92810000
vn -0.88640000 -0.23610000 0.39820000
vn -0.66970000 -0.08170000 0.73810000
vn -0.33220000 0.08630000 0.93930000
vn -0.81800000 -0.40620000 0.40730000
vn -0.62300000 -0.21100000 0.75320000
vn -0.31000000 0.02290000 0.95050000
vn -0.71530000 -0.56150000 0.41590000
vn -0.54910000 -0.33100000 0.76740000
vn -0.27400000 -0.03620000 0.96110000
vn -0.58040000 -0.69540000 0.42360000
vn -0.44860000 -0.43590000 0.78020000
vn -0.22460000 -0.08820000 0.97050000
vn -0.41800000 -0.80030000 0.42990000
vn -0.32500000 -0.51910000 0.79050000
vn -0.16340000 -0.12970000 0.97800000
vn -0.23560000 -0.86950000 0.43410000
vn -0.18410000 -0.57470000 0.79740000
vn -0.09330000 -0.15740000 0.98310000
vn -0.04010000 -0.89900000 0.43600000
vn -0.03230000 -0.59850000 0.80050000
vn -0.01740000 -0.16960000 0.98540000
vn -0.00080000 0.24940000 0.96840000
vn 0.15640000 -0.88660000 0.43520000
vn 0.12070000 -0.58870000 0.79930000
vn 0.05890000 -0.16480000 0.98460000
vn 0.34560000 -0.83300000 0.43210000
vn 0.26730000 -0.54580000 0.79410000
vn 0.13200000 -0.14370000 0.98080000
vn 0.51740000 -0.74170000 0.42680000
vn 0.39880000 -0.47340000 0.78540000
vn 0.19720000 -0.10780000 0.97440000
vn 0.66380000 -0.61900000 0.41980000
vn 0.50890000 -0.37700000 0.77390000
vn 0.25140000 -0.06020000 0.96600000
vn 0.78030000 -0.47070000 0.41170000
vn 0.59410000 -0.26190000 0.76050000
vn 0.29290000 -0.00370000 0.95610000
vn -0.03150000 0.23240000 0.97210000
vn 0.91010000 -0.41450000 0.00010000
vn 0.86250000 -0.30590000 0.40300000
vn 0.65170000 -0.13590000 0.74620000
vn 0.32030000 0.05810000 0.94550000
vn 0.90980000 -0.13030000 0.39410000
vn 0.68180000 -0.00360000 0.73150000
vn 0.33400000 0.12250000 0.93460000
vn -0.03770000 0.21910000 0.97500000
vn 0.99930000 -0.03820000 -0.00000000
vn -0.03890000 0.21210000 0.97650000
vn -0.35830000 0.21240000 0.90910000
vn -0.69230000 0.17920000 0.69900000
vn -0.91780000 0.11780000 0.37920000
vn -0.03850000 0.21560000 0.97570000
vn -0.03660000 0.22260000 0.97420000
vn -0.03520000 0.22600000 0.97350000
vn -0.03350000 0.22930000 0.97280000
vn -0.02930000 0.23540000 0.97150000
vn -0.02680000 0.23820000 0.97090000
vn -0.02410000 0.24070000 0.97030000
vn -0.02110000 0.24290000 0.96980000
vn -0.01800000 0.24480000 0.96940000
vn -0.01470000 0.24650000 0.96900000
vn -0.01130000 0.24770000 0.96880000
vn -0.00780000 0.24860000 0.96860000
vn -0.00430000 0.24920000 0.96840000
vn 0.00280000 0.24920000 0.96840000
vn 0.00620000 0.24870000 0.96860000
vn 0.00960000 0.24780000 0.96880000
vn 0.01280000 0.24650000 0.96910000
vn 0.01590000 0.24490000 0.96940000
vn 0.01870000 0.24300000 0.96980000
vn 0.02130000 0.24090000 0.97030000
vn 0.02370000 0.23840000 0.97090000
vn 0.02580000 0.23570000 0.97150000
vn 0.02760000 0.23280000 0.97210000
vn 0.02920000 0.22970000 0.97280000
vn 0.03040000 0.22640000 0.97360000
vn 0.03130000 0.22310000 0.97430000
vn 0.03180000 0.21960000 0.97510000
vn 0.03210000 0.21600000 0.97590000
vn 0.92180000 0.04770000 0.38470000
vn 0.69560000 0.12590000 0.70730000
vn 0.35710000 0.18390000 0.91580000
vn -1.00000000 0.00040000 -0.00010000
vn -0.99620000 -0.08750000 -0.00000000
vn -0.98460000 -0.17470000 0.00010000
vn -0.96550000 -0.26040000 0.00010000
vn -0.93920000 -0.34350000 -0.00000000
vn -0.90120000 -0.43340000 -0.00000000
vn -0.85470000 -0.51910000 -0.00000000
vn -0.80030000 -0.59960000 -0.00000000
vn -0.73790000 -0.67500000 -0.00000000
vn -0.66800000 -0.74420000 -0.00000000
vn -0.59190000 -0.80600000 -0.00000000
vn -0.50980000 -0.86030000 0.00010000
vn -0.42220000 -0.90650000 -0.00000000
vn -0.33070000 -0.94380000 0.00010000
vn -0.23610000 -0.97170000 0.00010000
vn -0.13850000 -0.99040000 0.00010000
vn -0.03930000 -0.99920000 -0.00000000
vn 0.05960000 -0.99820000 0.00010000
vn 0.15810000 -0.98740000 0.00010000
vn 0.25550000 -0.96680000 0.00010000
vn 0.34990000 -0.93680000 -0.00000000
vn 0.44060000 -0.89770000 0.00010000
vn 0.52730000 -0.84970000 -0.00000000
vn 0.60840000 -0.79360000 -0.00000000
vn 0.68310000 -0.73030000 0.00010000
vn 0.75160000 -0.65970000 0.00010000
vn 0.81260000 -0.58280000 -0.00000000
vn 0.86540000 -0.50100000 -0.00000000
vn 0.94620000 -0.32370000 0.00010000
vn 0.97310000 -0.23030000 0.00010000
vn 0.99080000 -0.13520000 0.00010000
vn -0.97500000 -0.11130000 0.19230000
vn -0.92260000 0.02990000 0.38460000
vn -0.98160000 -0.01630000 0.19010000
vn 0.03170000 -0.22030000 0.97490000
vn -0.91950000 -0.10960000 0.37750000
vn -0.68470000 -0.17490000 0.70750000
vn -0.33800000 -0.21060000 0.91730000
vn -0.88210000 -0.29280000 0.36900000
vn -0.65170000 -0.30770000 0.69330000
vn -0.32100000 -0.27430000 0.90650000
vn -0.80950000 -0.46260000 0.36160000
vn -0.59380000 -0.42890000 0.68080000
vn -0.29200000 -0.33200000 0.89690000
vn -0.69970000 -0.62010000 0.35490000
vn -0.51010000 -0.53970000 0.66970000
vn -0.25070000 -0.38450000 0.88840000
vn -0.57580000 -0.73880000 0.35010000
vn -0.41820000 -0.62240000 0.66170000
vn -0.20570000 -0.42340000 0.88230000
vn -0.41850000 -0.83960000 0.34620000
vn -0.30330000 -0.69190000 0.65520000
vn -0.14990000 -0.45600000 0.87730000
vn -0.24770000 -0.90580000 0.34380000
vn -0.18000000 -0.73730000 0.65110000
vn -0.09010000 -0.47710000 0.87420000
vn -0.06750000 -0.93700000 0.34290000
vn -0.05050000 -0.75870000 0.64950000
vn -0.02740000 -0.48710000 0.87290000
vn 0.11570000 -0.93210000 0.34330000
vn 0.08080000 -0.75550000 0.65020000
vn 0.03620000 -0.48550000 0.87350000
vn 0.29420000 -0.89130000 0.34510000
vn 0.20940000 -0.72760000 0.65330000
vn 0.09850000 -0.47240000 0.87580000
vn 0.46170000 -0.81580000 0.34830000
vn 0.33090000 -0.67580000 0.65860000
vn 0.15770000 -0.44800000 0.88000000
vn 0.61050000 -0.70920000 0.35270000
vn 0.44040000 -0.60200000 0.66610000
vn 0.21130000 -0.41310000 0.88580000
vn 0.73610000 -0.57420000 0.35850000
vn 0.53470000 -0.50750000 0.67570000
vn 0.25780000 -0.36830000 0.89320000
vn 0.83250000 -0.41660000 0.36530000
vn 0.60930000 -0.39580000 0.68710000
vn 0.29520000 -0.31510000 0.90200000
vn 0.98430000 -0.17650000 -0.00000000
vn -0.03870000 -0.20440000 0.97810000
vn -0.36350000 -0.13750000 0.92140000
vn -0.69850000 -0.03190000 0.71490000
vn -0.91750000 0.07910000 0.38980000
vn -0.03810000 -0.20100000 0.97880000
vn -0.03710000 -0.19780000 0.97950000
vn -0.03590000 -0.19460000 0.98020000
vn -0.03430000 -0.19170000 0.98090000
vn -0.03240000 -0.18890000 0.98150000
vn -0.03020000 -0.18630000 0.98200000
vn -0.02790000 -0.18400000 0.98250000
vn -0.02520000 -0.18190000 0.98300000
vn -0.02230000 -0.18020000 0.98340000
vn -0.01930000 -0.17860000 0.98370000
vn -0.01610000 -0.17750000 0.98400000
vn -0.01280000 -0.17670000 0.98420000
vn -0.00940000 -0.17620000 0.98430000
vn -0.00580000 -0.17610000 0.98440000
vn -0.00230000 -0.17630000 0.98430000
vn 0.00110000 -0.17690000 0.98420000
vn 0.00460000 -0.17780000 0.98410000
vn 0.00800000 -0.17910000 0.98380000
vn 0.01120000 -0.18070000 0.98350000
vn 0.01430000 -0.18260000 0.98310000
vn 0.01730000 -0.18480000 0.98260000
vn 0.02000000 -0.18720000 0.98210000
vn 0.02250000 -0.18990000 0.98150000
vn 0.02480000 -0.19280000 0.98090000
vn 0.02670000 -0.19600000 0.98020000
vn 0.02840000 -0.19920000 0.97950000
vn 0.02980000 -0.20260000 0.97880000
vn 0.03080000 -0.20610000 0.97800000
vn 0.03160000 -0.20960000 0.97730000
vn 0.03190000 -0.21320000 0.97650000
vn 0.03200000 -0.21680000 0.97570000
vn 0.89510000 -0.24150000 0.37480000
vn 0.66930000 -0.26960000 0.69230000
vn 0.34130000 -0.25660000 0.90420000
vn -1.00000000 0.00010000 -0.00000000
vn -0.99440000 -0.10550000 -0.00010000
vn -0.97790000 -0.20900000 -0.00000000
vn -0.95290000 -0.30320000 -0.00000000
vn -0.91890000 -0.39450000 -0.00000000
vn -0.87640000 -0.48170000 -0.00000000
vn -0.82520000 -0.56490000 -0.00000000
vn -0.76580000 -0.64310000 -0.00000000
vn -0.69930000 -0.71480000 -0.00000000
vn -0.62590000 -0.77990000 -0.00000000
vn -0.54580000 -0.83790000 -0.00000000
vn -0.46050000 -0.88760000 -0.00000000
vn -0.37100000 -0.92860000 -0.00000000
vn -0.27710000 -0.96080000 -0.00000000
vn -0.18030000 -0.98360000 -0.00000000
vn -0.08230000 -0.99660000 -0.00000000
vn 0.01680000 -0.99990000 0.00010000
vn 0.11610000 -0.99320000 -0.00000000
vn 0.21400000 -0.97680000 -0.00000000
vn 0.30940000 -0.95090000 -0.00000000
vn 0.40220000 -0.91550000 -0.00000000
vn 0.49070000 -0.87140000 -0.00000000
vn 0.57380000 -0.81900000 -0.00000000
vn 0.65160000 -0.75850000 -0.00000000
vn 0.72310000 -0.69070000 -0.00000000
vn 0.78700000 -0.61690000 -0.00000000
vn 0.84340000 -0.53730000 -0.00000000
vn 0.89190000 -0.45230000 -0.00000000
vn 0.93170000 -0.36330000 -0.00000000
vn 0.96250000 -0.27140000 -0.00000000
vn -0.98420000 0.17690000 -0.00000000
vn -0.90790000 -0.18440000 0.37640000
vn -0.69420000 -0.13280000 0.70740000
vn -0.37400000 -0.06090000 0.92540000
vn -0.85150000 -0.36270000 0.37870000
vn -0.65260000 -0.26170000 0.71110000
vn -0.35180000 -0.12010000 0.92830000
vn -0.75950000 -0.52650000 0.38200000
vn -0.58400000 -0.38120000 0.71670000
vn -0.31520000 -0.17520000 0.93270000
vn -0.63380000 -0.67030000 0.38600000
vn -0.48930000 -0.48720000 0.72340000
vn -0.26450000 -0.22450000 0.93790000
vn -0.47880000 -0.78650000 0.39000000
vn -0.37120000 -0.57380000 0.73010000
vn -0.20120000 -0.26490000 0.94300000
vn -0.30130000 -0.86870000 0.39320000
vn -0.23460000 -0.63560000 0.73550000
vn -0.12780000 -0.29400000 0.94720000
vn -0.10760000 -0.91230000 0.39510000
vn -0.08460000 -0.66870000 0.73870000
vn -0.04690000 -0.30970000 0.94970000
vn 0.09640000 -0.99530000 0.00010000
vn 0.09160000 -0.91960000 0.38190000
vn 0.07060000 -0.67880000 0.73090000
vn 0.03700000 -0.31570000 0.94810000
vn -0.00000000 0.06860000 0.99760000
vn -1.00000000 0.00010000 0.00010000
vn -0.99460000 -0.10420000 -0.00000000
vn -0.97840000 -0.20670000 -0.00000000
vn -0.95150000 -0.30750000 -0.00000000
vn -0.91430000 -0.40510000 0.00010000
vn -0.86740000 -0.49770000 -0.00000000
vn -0.81100000 -0.58500000 0.00010000
vn -0.74560000 -0.66640000 0.00010000
vn -0.67230000 -0.74030000 0.00010000
vn -0.59180000 -0.80610000 -0.00000000
vn -0.50450000 -0.86340000 0.00010000
vn -0.41210000 -0.91110000 0.00010000
vn -0.31550000 -0.94890000 0.00010000
vn -0.21480000 -0.97670000 0.00010000
vn -0.11170000 -0.99370000 0.00010000
vn -0.00800000 -1.00000000 0.00010000
vn -0.02520000 -0.00000000 0.99970000
vn -0.38630000 0.00010000 0.92240000
vn -0.71590000 -0.00000000 0.69820000
vn -0.93180000 0.00010000 0.36290000
vn -0.00250000 0.06900000 0.99760000
vn -0.00500000 0.06860000 0.99760000
vn -0.00740000 0.06740000 0.99770000
vn -0.00980000 0.06560000 0.99780000
vn -0.01210000 0.06300000 0.99790000
vn -0.01430000 0.05970000 0.99810000
vn -0.01630000 0.05580000 0.99830000
vn -0.01810000 0.05130000 0.99850000
vn -0.01970000 0.04620000 0.99870000
vn -0.02120000 0.04060000 0.99900000
vn -0.02240000 0.03450000 0.99920000
vn -0.02340000 0.02810000 0.99930000
vn -0.02420000 0.02140000 0.99950000
vn -0.02480000 0.01440000 0.99960000
vn -0.02510000 0.00730000 0.99970000
vn -0.10740000 0.91230000 0.39510000
vn -0.08440000 0.66880000 0.73870000
vn -0.04680000 0.30970000 0.94970000
vn -0.30100000 0.86880000 0.39320000
vn -0.23440000 0.63570000 0.73550000
vn -0.12770000 0.29410000 0.94720000
vn -0.47850000 0.78670000 0.39000000
vn -0.37100000 0.57390000 0.73010000
vn -0.20110000 0.26500000 0.94300000
vn -0.63360000 0.67050000 0.38600000
vn -0.48910000 0.48730000 0.72340000
vn -0.26440000 0.22450000 0.93790000
vn -0.75930000 0.52680000 0.38200000
vn -0.58380000 0.38140000 0.71670000
vn -0.31510000 0.17540000 0.93270000
vn -0.85130000 0.36310000 0.37870000
vn -0.65250000 0.26190000 0.71110000
vn -0.35170000 0.12020000 0.92840000
vn -0.90780000 0.18470000 0.37640000
vn -0.69420000 0.13300000 0.70740000
vn -0.37400000 0.06090000 0.92540000
vn -1.00000000 0.00010000 -0.00000000
vn -0.93180000 0.00010000 0.36290000
vn -0.71600000 -0.00000000 0.69820000
vn -0.38630000 -0.00000000 0.92240000
vn -0.02520000 -0.00000000 0.99970000
vn 0.00010000 -0.06860000 0.99760000
vn 0.03700000 0.31570000 0.94810000
vn 0.07060000 0.67880000 0.73090000
vn 0.09160000 0.91960000 0.38190000
vn -0.02510000 -0.00730000 0.99970000
vn -0.02470000 -0.01440000 0.99960000
vn -0.02420000 -0.02140000 0.99950000
vn -0.02340000 -0.02810000 0.99930000
vn -0.02240000 -0.03450000 0.99920000
vn -0.02120000 -0.04060000 0.99900000
vn -0.01970000 -0.04620000 0.99870000
vn -0.01810000 -0.05130000 0.99850000
vn -0.01620000 -0.05580000 0.99830000
vn -0.01420000 -0.05980000 0.99810000
vn -0.01210000 -0.06300000 0.99790000
vn -0.00980000 -0.06560000 0.99780000
vn -0.00740000 -0.06740000 0.99770000
vn -0.00500000 -0.06850000 0.99760000
vn -0.00250000 -0.06890000 0.99760000
vn 0.09640000 0.99530000 0.00010000
vn -0.00800000 1.00000000 0.00010000
vn -0.11150000 0.99380000 0.00010000
vn -0.21450000 0.97670000 0.00010000
vn -0.31520000 0.94900000 0.00010000
vn -0.41190000 0.91130000 0.00010000
vn -0.50420000 0.86360000 0.00010000
vn -0.59150000 0.80630000 -0.00000000
vn -0.67210000 0.74050000 0.00010000
vn -0.74530000 0.66670000 0.00010000
vn -0.81080000 0.58540000 0.00010000
vn -0.86720000 0.49800000 0.00010000
vn -0.91410000 0.40550000 0.00010000
vn -0.95140000 0.30800000 -0.00000000
vn -0.97830000 0.20700000 -0.00000000
vn -0.99450000 0.10440000 -0.00000000
vn 0.31900000 -0.86210000 0.39370000
vn 0.24400000 -0.63110000 0.73630000
vn 0.12710000 -0.29210000 0.94790000
vn 0.52510000 -0.75600000 0.39080000
vn 0.40060000 -0.55190000 0.73140000
vn 0.20860000 -0.25500000 0.94420000
vn 0.69410000 -0.60690000 0.38720000
vn 0.52780000 -0.44150000 0.72560000
vn 0.27460000 -0.20360000 0.93980000
vn 0.81960000 -0.42510000 0.38410000
vn 0.62150000 -0.30830000 0.72020000
vn 0.32310000 -0.14180000 0.93570000
vn 0.89980000 -0.21130000 0.38170000
vn 0.68080000 -0.15290000 0.71640000
vn 0.35360000 -0.07030000 0.93280000
vn 0.00010000 0.06860000 0.99760000
vn 0.03690000 -0.31580000 0.94810000
vn 0.07070000 -0.67890000 0.73080000
vn 0.09160000 -0.91970000 0.38190000
vn 0.09640000 -0.99530000 -0.00000000
vn 0.27820000 -0.96050000 0.00020000
vn 0.45050000 -0.89280000 -0.00000000
vn 0.60690000 -0.79480000 -0.00000000
vn 0.74320000 -0.66900000 0.00010000
vn 0.85340000 -0.52120000 0.00010000
vn 0.93500000 -0.35460000 0.00010000
vn 0.98350000 -0.18100000 -0.00010000
vn 1.00000000 0.00010000 0.00010000
vn 0.00010000 0.00010000 1.00000000
vn -0.00000000 0.01260000 0.99990000
vn 0.00010000 0.02460000 0.99970000
vn 0.00010000 0.03050000 0.99950000
vn 0.00010000 0.03610000 0.99930000
vn 0.00010000 0.04630000 0.99890000
vn 0.00010000 0.05490000 0.99850000
vn 0.00010000 0.06160000 0.99810000
vn 0.00010000 0.06620000 0.99780000
vn 0.92980000 0.00010000 0.36810000
vn 0.70710000 -0.00000000 0.70710000
vn 0.36810000 0.00010000 0.92980000
vn 0.89830000 0.21760000 0.38170000
vn 0.67960000 0.15750000 0.71650000
vn 0.35300000 0.07240000 0.93280000
vn 0.82000000 0.42430000 0.38410000
vn 0.62180000 0.30770000 0.72020000
vn 0.32320000 0.14160000 0.93570000
vn 0.69160000 0.60960000 0.38730000
vn 0.52600000 0.44360000 0.72570000
vn 0.27360000 0.20460000 0.93980000
vn 0.52460000 0.75630000 0.39080000
vn 0.40010000 0.55230000 0.73140000
vn 0.20840000 0.25510000 0.94420000
vn 0.32520000 0.85980000 0.39370000
vn 0.24880000 0.62940000 0.73620000
vn 0.12960000 0.29130000 0.94780000
vn 0.09640000 0.99530000 -0.00000000
vn 0.00010000 -0.06860000 0.99760000
vn 0.09170000 0.91970000 0.38190000
vn 0.07070000 0.67890000 0.73080000
vn 0.03690000 0.31580000 0.94810000
vn 1.00000000 -0.00000000 -0.00000000
vn 0.98310000 0.18320000 -0.00010000
vn 0.93280000 0.36030000 -0.00000000
vn 0.85130000 0.52470000 -0.00000000
vn 0.74050000 0.67200000 -0.00000000
vn 0.60550000 0.79590000 -0.00000000
vn 0.44900000 0.89350000 -0.00000000
vn 0.27820000 0.96050000 0.00020000
vn 0.00010000 -0.00000000 1.00000000
vn 0.36810000 -0.00000000 0.92980000
vn 0.70710000 -0.00000000 0.70710000
vn 0.92980000 -0.00000000 0.36810000
vn 0.00010000 -0.06620000 0.99780000
vn 0.00010000 -0.06170000 0.99810000
vn 0.00010000 -0.05500000 0.99850000
vn 0.00010000 -0.04650000 0.99890000
vn 0.00010000 -0.04150000 0.99910000
vn 0.00010000 -0.03630000 0.99930000
vn 0.00010000 -0.02500000 0.99970000
vn 0.00010000 -0.01890000 0.99980000
vn 0.00010000 -0.01280000 0.99990000
vn 0.00010000 -0.00650000 1.00000000
vn -1.00000000 -0.00000000 -0.00000000
vn -1.00000000 -0.00000000 -0.00000000
vn 1.00000000 -0.00010000 -0.00000000
vn 0.99930000 -0.03820000 -0.00000000
vn 0.99080000 -0.13520000 -0.00000000
vn 0.97310000 -0.23030000 -0.00000000
vn 0.94620000 -0.32370000 -0.00000000
vn 0.91010000 -0.41450000 -0.00000000
vn 0.86540000 -0.50100000 -0.00000000
vn 0.81260000 -0.58280000 -0.00000000
vn 0.75160000 -0.65970000 -0.00000000
vn 0.68310000 -0.73030000 -0.00000000
vn 0.60840000 -0.79360000 -0.00000000
vn 0.52730000 -0.84970000 -0.00000000
vn 0.44060000 -0.89770000 -0.00000000
vn 0.34990000 -0.93680000 -0.00000000
vn 0.25550000 -0.96680000 -0.00000000
vn 0.15810000 -0.98740000 -0.00000000
vn 0.05960000 -0.99820000 -0.00000000
vn -0.03930000 -0.99920000 -0.00000000
vn -0.13850000 -0.99040000 -0.00000000
vn -0.23610000 -0.97170000 -0.00000000
vn -0.33070000 -0.94380000 -0.00000000
vn -0.42220000 -0.90650000 -0.00000000
vn -0.50980000 -0.86030000 -0.00000000
vn -0.59190000 -0.80600000 -0.00000000
vn -0.66800000 -0.74420000 -0.00000000
vn -0.73780000 -0.67500000 -0.00000000
vn -0.80030000 -0.59960000 -0.00000000
vn -0.85470000 -0.51910000 -0.00000000
vn -0.90120000 -0.43340000 -0.00000000
vn -0.93920000 -0.34340000 -0.00000000
vn -0.96560000 -0.25990000 -0.00000000
vn -0.98460000 -0.17460000 -0.00000000
vn -0.99610000 -0.08790000 -0.00000000
vn 0.92580000 -0.37810000 -0.00000000
vn 0.98130000 -0.19270000 -0.00000000
vn 0.98130000 -0.19270000 -0.00000000
vn 0.99530000 -0.09680000 -0.00000000
vn 0.99530000 -0.09680000 -0.00000000
vn 0.99530000 -0.09670000 -0.00020000
vn 0.99880000 -0.04850000 -0.00000000
vn 0.99880000 -0.04850000 -0.00000000
vn 0.98130000 -0.19270000 -0.00000000
vn 0.98940000 -0.14490000 -0.00020000
vn 0.98940000 -0.14490000 -0.00000000
vn 0.92580000 -0.37810000 -0.00000000
vn 0.95800000 -0.28670000 -0.00000000
vn 0.95800000 -0.28670000 -0.00000000
vn 0.71410000 -0.70010000 -0.00000000
vn 0.83560000 -0.54940000 -0.00000000
vn 0.95800000 -0.28670000 -0.00000000
vn 0.97080000 -0.24000000 0.00010000
vn 0.97080000 -0.24010000 -0.00000000
vn 0.92580000 -0.37810000 -0.00000000
vn 0.94300000 -0.33280000 0.00010000
vn 0.94300000 -0.33290000 -0.00000000
vn 0.83560000 -0.54940000 -0.00000000
vn 0.88480000 -0.46590000 -0.00000000
vn 0.88480000 -0.46590000 -0.00000000
vn 0.88480000 -0.46590000 -0.00000000
vn 0.90630000 -0.42250000 0.00010000
vn 0.90640000 -0.42250000 -0.00000000
vn 0.83560000 -0.54940000 -0.00000000
vn 0.86120000 -0.50830000 0.00010000
vn 0.86120000 -0.50830000 -0.00000000
vn 0.71400000 -0.70010000 -0.00000000
vn 0.77850000 -0.62770000 -0.00000000
vn 0.77850000 -0.62770000 -0.00000000
vn 0.39430000 -0.91900000 -0.00000000
vn 0.56490000 -0.82520000 -0.00000000
vn 0.77850000 -0.62770000 -0.00000000
vn 0.80800000 -0.58920000 0.00010000
vn 0.74700000 -0.66480000 -0.00010000
vn 0.56490000 -0.82520000 -0.00000000
vn 0.64250000 -0.76630000 -0.00000000
vn 0.64250000 -0.76630000 -0.00000000
vn 0.67900000 -0.73420000 0.00010000
vn 0.60430000 -0.79680000 0.00010000
vn 0.39430000 -0.91900000 -0.00000000
vn 0.48190000 -0.87630000 -0.00000000
vn 0.48180000 -0.87630000 0.00010000
vn -0.00000000 -1.00000000 -0.00000000
vn 0.20120000 -0.97950000 0.00010000
vn 0.52390000 -0.85180000 0.00010000
vn 0.43850000 -0.89870000 0.00010000
vn 0.20130000 -0.97950000 -0.00000000
vn 0.29930000 -0.95420000 -0.00000000
vn 0.29930000 -0.95420000 -0.00000000
vn 0.34710000 -0.93780000 0.00010000
vn 0.25040000 -0.96820000 -0.00000000
vn -0.00000000 -1.00000000 -0.00000000
vn 0.10110000 -0.99490000 -0.00000000
vn 0.10120000 -0.99490000 -0.00010000
vn -0.37810000 -0.92580000 -0.00000000
vn -0.19270000 -0.98130000 -0.00000000
vn 0.15100000 -0.98850000 -0.00000000
vn 0.05050000 -0.99870000 -0.00000000
vn -0.19270000 -0.98130000 -0.00000000
vn -0.09680000 -0.99530000 -0.00000000
vn -0.09680000 -0.99530000 -0.00000000
vn -0.04860000 -0.99880000 -0.00000000
vn -0.14490000 -0.98940000 -0.00000000
vn -0.37810000 -0.92580000 -0.00000000
vn -0.28670000 -0.95800000 -0.00000000
vn -0.28670000 -0.95800000 -0.00000000
vn -0.70010000 -0.71410000 -0.00000000
vn -0.54940000 -0.83560000 -0.00000000
vn -0.24020000 -0.97070000 0.00010000
vn -0.33290000 -0.94300000 0.00010000
vn -0.54940000 -0.83560000 -0.00010000
vn -0.46590000 -0.88480000 -0.00000000
vn -0.46600000 -0.88480000 -0.00010000
vn -0.42250000 -0.90630000 0.00010000
vn -0.50820000 -0.86120000 0.00010000
vn -0.70010000 -0.71410000 -0.00000000
vn -0.62770000 -0.77850000 -0.00000000
vn -0.62770000 -0.77850000 -0.00000000
vn -0.91900000 -0.39430000 -0.00000000
vn -0.82520000 -0.56490000 -0.00000000
vn -0.58910000 -0.80800000 0.00010000
vn -0.66460000 -0.74720000 0.00010000
vn -0.82520000 -0.56490000 -0.00000000
vn -0.76630000 -0.64250000 -0.00000000
vn -0.76630000 -0.64250000 -0.00000000
vn -0.76630000 -0.64250000 -0.00000000
vn -0.73400000 -0.67920000 -0.00000000
vn -0.82520000 -0.56490000 -0.00000000
vn -0.79670000 -0.60440000 0.00010000
vn -0.91900000 -0.39430000 -0.00000000
vn -0.87630000 -0.48180000 -0.00010000
vn -0.87620000 -0.48190000 -0.00000000
vn -0.97950000 -0.20130000 -0.00000000
vn -0.87620000 -0.48190000 -0.00000000
vn -0.85170000 -0.52400000 0.00010000
vn -0.85180000 -0.52390000 -0.00000000
vn -0.91900000 -0.39430000 -0.00000000
vn -0.89870000 -0.43860000 -0.00040000
vn -0.89880000 -0.43840000 0.00010000
vn -0.97950000 -0.20130000 -0.00000000
vn -0.95420000 -0.29930000 -0.00000000
vn -0.95420000 -0.29930000 -0.00000000
vn -0.95420000 -0.29930000 -0.00000000
vn -0.93780000 -0.34720000 -0.00020000
vn -0.93780000 -0.34720000 -0.00000000
vn -0.97950000 -0.20130000 -0.00000000
vn -0.96810000 -0.25060000 0.00010000
vn -0.96810000 -0.25050000 -0.00000000
vn -0.99490000 -0.10110000 -0.00000000
vn -0.99490000 -0.10110000 -0.00000000
vn -0.99490000 -0.10130000 -0.00000000
vn -0.98850000 -0.15140000 0.00010000
vn -0.98850000 -0.15130000 -0.00000000
vn -0.99870000 -0.05060000 0.00010000
vn -0.99870000 -0.05040000 -0.00000000
vn -1.00000000 -0.00000000 -0.00000000
vn 1.00000000 -0.00000000 -0.00000000
vn 0.99880000 -0.04850000 -0.00000000
vn 0.99970000 -0.02420000 -0.00000000
vn 0.99970000 -0.02410000 0.00010000
vn 1.00000000 -0.00000000 -0.00000000
vn -0.90100000 -0.43390000 -0.00000000
vn -0.62350000 -0.78180000 -0.00000000
vn -0.22250000 -0.97490000 -0.00000000
vn 0.22250000 -0.97490000 -0.00000000
vn 0.62350000 -0.78180000 -0.00000000
vn 0.90100000 -0.43390000 -0.00000000
vn -1.00000000 -0.00010000 -0.00000000
vn 1.00000000 -0.00000000 -0.00000000
vn -1.00000000 -0.00000000 -0.00000000
vn -1.00000000 -0.00000000 -0.00000000
vn 0.98430000 -0.17650000 -0.00000000
vn 0.96250000 -0.27140000 -0.00000000
vn 0.93170000 -0.36330000 -0.00000000
vn 0.89190000 -0.45230000 -0.00000000
vn 0.84340000 -0.53730000 -0.00000000
vn 0.78700000 -0.61690000 -0.00000000
vn 0.72310000 -0.69070000 -0.00000000
vn 0.65170000 -0.75850000 -0.00000000
vn 0.57380000 -0.81900000 -0.00000000
vn 0.49070000 -0.87130000 -0.00000000
vn 0.40220000 -0.91560000 -0.00000000
vn 0.30940000 -0.95090000 -0.00000000
vn 0.21400000 -0.97680000 -0.00000000
vn 0.11620000 -0.99320000 -0.00000000
vn 0.01680000 -0.99990000 -0.00000000
vn -0.08230000 -0.99660000 -0.00000000
vn -0.18030000 -0.98360000 -0.00000000
vn -0.27710000 -0.96080000 -0.00000000
vn -0.37100000 -0.92860000 -0.00000000
vn -0.46050000 -0.88760000 -0.00000000
vn -0.54580000 -0.83790000 -0.00000000
vn -0.62590000 -0.77990000 -0.00000000
vn -0.69930000 -0.71480000 -0.00000000
vn -0.76580000 -0.64310000 -0.00000000
vn -0.82520000 -0.56490000 -0.00000000
vn -0.87640000 -0.48170000 -0.00000000
vn -0.91890000 -0.39450000 -0.00000000
vn -0.95290000 -0.30320000 -0.00000000
vn -0.97790000 -0.20900000 -0.00000000
vn -0.99450000 -0.10500000 -0.00000000
vn 0.92580000 -0.37810000 -0.00000000
vn 0.98130000 -0.19270000 -0.00000000
vn 0.98130000 -0.19260000 -0.00000000
vn 0.99530000 -0.09680000 -0.00000000
vn 0.99530000 -0.09680000 -0.00000000
vn 0.98950000 -0.14460000 -0.00010000
vn 0.92580000 -0.37810000 -0.00000000
vn 0.95800000 -0.28670000 -0.00000000
vn 0.95800000 -0.28670000 -0.00000000
vn 0.71410000 -0.70010000 -0.00000000
vn 0.83560000 -0.54940000 -0.00000000
vn 0.95800000 -0.28670000 -0.00000000
vn 0.97080000 -0.23980000 -0.00020000
vn 0.92570000 -0.37810000 -0.00000000
vn 0.94300000 -0.33280000 0.00010000
vn 0.94300000 -0.33280000 -0.00000000
vn 0.83560000 -0.54940000 -0.00000000
vn 0.88480000 -0.46600000 -0.00000000
vn 0.88480000 -0.46590000 -0.00000000
vn 0.88480000 -0.46600000 -0.00000000
vn 0.90640000 -0.42250000 0.00010000
vn 0.90640000 -0.42250000 -0.00000000
vn 0.83560000 -0.54940000 -0.00000000
vn 0.86120000 -0.50830000 0.00010000
vn 0.86120000 -0.50830000 -0.00000000
vn 0.71400000 -0.70010000 -0.00000000
vn 0.77850000 -0.62770000 -0.00000000
vn 0.77850000 -0.62770000 -0.00000000
vn 0.39430000 -0.91900000 -0.00000000
vn 0.56490000 -0.82520000 -0.00000000
vn 0.77850000 -0.62770000 -0.00000000
vn 0.80800000 -0.58920000 0.00010000
vn 0.80800000 -0.58920000 -0.00000000
vn 0.71400000 -0.70010000 -0.00000000
vn 0.74710000 -0.66470000 0.00010000
vn 0.74710000 -0.66470000 -0.00000000
vn 0.56490000 -0.82520000 -0.00000000
vn 0.64250000 -0.76630000 -0.00000000
vn 0.64250000 -0.76630000 -0.00000000
vn 0.64240000 -0.76630000 -0.00010000
vn 0.67910000 -0.73410000 0.00010000
vn 0.67910000 -0.73410000 -0.00000000
vn 0.56490000 -0.82520000 -0.00000000
vn 0.60440000 -0.79670000 0.00010000
vn 0.60440000 -0.79670000 -0.00000000
vn 0.39410000 -0.91900000 -0.00000000
vn 0.48190000 -0.87620000 -0.00000000
vn 0.48190000 -0.87620000 -0.00000000
vn -0.00000000 -1.00000000 -0.00000000
vn 0.20120000 -0.97950000 -0.00000000
vn 0.48180000 -0.87630000 -0.00000000
vn 0.52400000 -0.85170000 0.00010000
vn 0.52400000 -0.85170000 -0.00000000
vn 0.39420000 -0.91900000 -0.00000000
vn 0.43860000 -0.89870000 0.00010000
vn 0.43850000 -0.89870000 0.00010000
vn 0.20130000 -0.97950000 -0.00000000
vn 0.29930000 -0.95420000 -0.00000000
vn 0.29930000 -0.95420000 -0.00000000
vn 0.29940000 -0.95410000 -0.00000000
vn 0.34720000 -0.93780000 0.00010000
vn 0.34720000 -0.93780000 0.00010000
vn 0.20110000 -0.97960000 -0.00010000
vn 0.25060000 -0.96810000 0.00010000
vn 0.25080000 -0.96800000 -0.00020000
vn -0.00010000 -1.00000000 -0.00000000
vn 0.10110000 -0.99490000 -0.00000000
vn 0.10110000 -0.99490000 -0.00000000
vn -0.37810000 -0.92580000 -0.00000000
vn -0.19270000 -0.98130000 -0.00000000
vn 0.10100000 -0.99490000 -0.00010000
vn 0.15140000 -0.98850000 0.00010000
vn 0.15150000 -0.98850000 -0.00010000
vn -0.00000000 -1.00000000 -0.00030000
vn 0.05060000 -0.99870000 0.00010000
vn 0.05070000 -0.99870000 -0.00010000
vn -0.19270000 -0.98130000 -0.00000000
vn -0.09680000 -0.99530000 -0.00000000
vn -0.09680000 -0.99530000 -0.00000000
vn -0.09660000 -0.99530000 0.00010000
vn -0.04850000 -0.99880000 0.00010000
vn -0.04850000 -0.99880000 0.00010000
vn -0.19280000 -0.98120000 -0.00000000
vn -0.14490000 -0.98940000 0.00010000
vn -0.14490000 -0.98940000 -0.00000000
vn -0.37810000 -0.92580000 -0.00000000
vn -0.28670000 -0.95800000 -0.00000000
vn -0.28670000 -0.95800000 -0.00000000
vn -0.70010000 -0.71400000 -0.00000000
vn -0.54940000 -0.83560000 -0.00000000
vn -0.28680000 -0.95800000 -0.00000000
vn -0.24000000 -0.97080000 0.00010000
vn -0.24000000 -0.97080000 -0.00000000
vn -0.37810000 -0.92580000 -0.00000000
vn -0.33280000 -0.94300000 0.00010000
vn -0.33280000 -0.94300000 -0.00010000
vn -0.54940000 -0.83560000 -0.00000000
vn -0.46590000 -0.88480000 -0.00000000
vn -0.46590000 -0.88480000 -0.00000000
vn -0.46610000 -0.88470000 -0.00000000
vn -0.42250000 -0.90640000 0.00010000
vn -0.42240000 -0.90640000 -0.00010000
vn -0.54950000 -0.83550000 -0.00000000
vn -0.50830000 -0.86120000 0.00010000
vn -0.50820000 -0.86120000 -0.00020000
vn -0.70010000 -0.71400000 -0.00000000
vn -0.62770000 -0.77850000 0.00010000
vn -0.62770000 -0.77850000 -0.00000000
vn -0.91900000 -0.39430000 -0.00000000
vn -0.82520000 -0.56490000 -0.00000000
vn -0.62780000 -0.77840000 -0.00000000
vn -0.58920000 -0.80800000 0.00010000
vn -0.58920000 -0.80800000 -0.00010000
vn -0.70020000 -0.71400000 -0.00000000
vn -0.66470000 -0.74710000 0.00010000
vn -0.66470000 -0.74710000 -0.00000000
vn -0.82520000 -0.56490000 -0.00000000
vn -0.76630000 -0.64250000 -0.00000000
vn -0.76630000 -0.64250000 -0.00000000
vn -0.76630000 -0.64250000 -0.00000000
vn -0.73410000 -0.67910000 0.00010000
vn -0.73410000 -0.67910000 0.00010000
vn -0.82520000 -0.56490000 -0.00000000
vn -0.79670000 -0.60440000 0.00010000
vn -0.79670000 -0.60440000 0.00010000
vn -0.91900000 -0.39430000 -0.00000000
vn -0.87630000 -0.48180000 -0.00000000
vn -0.87620000 -0.48190000 -0.00000000
vn -0.97950000 -0.20120000 -0.00000000
vn -0.87630000 -0.48190000 -0.00000000
vn -0.91910000 -0.39410000 -0.00000000
vn -0.89870000 -0.43860000 0.00010000
vn -0.89870000 -0.43860000 -0.00000000
vn -0.97960000 -0.20110000 -0.00020000
vn -0.95420000 -0.29930000 -0.00000000
vn -0.95420000 -0.29930000 -0.00000000
vn -0.95420000 -0.29920000 -0.00000000
vn -0.93780000 -0.34720000 0.00010000
vn -0.93780000 -0.34720000 -0.00000000
vn -0.96810000 -0.25060000 0.00010000
vn -0.96810000 -0.25060000 -0.00000000
vn -0.99490000 -0.10120000 -0.00000000
vn -0.99490000 -0.10110000 -0.00000000
vn -0.98850000 -0.15140000 -0.00000000
vn 1.00000000 -0.00000000 -0.00000000
vn 1.00000000 -0.00000000 -0.00000000
vn -0.90100000 -0.43390000 -0.00000000
vn -0.62350000 -0.78180000 -0.00000000
vn -0.22250000 -0.97490000 -0.00000000
vn 0.22250000 -0.97490000 -0.00000000
vn 0.62350000 -0.78180000 -0.00000000
vn 0.90100000 -0.43390000 -0.00000000
vn 0.99610000 -0.08830000 -0.00000000
vn -1.00000000 -0.00000000 -0.00000000
vn 0.09640000 -0.99530000 -0.00000000
vn -0.00800000 -1.00000000 -0.00000000
vn -0.11170000 -0.99370000 -0.00000000
vn -0.21480000 -0.97670000 -0.00000000
vn -0.31550000 -0.94890000 -0.00000000
vn -0.41210000 -0.91110000 -0.00000000
vn -0.50450000 -0.86340000 -0.00000000
vn -0.59180000 -0.80610000 -0.00000000
vn -0.67230000 -0.74030000 -0.00000000
vn -0.74560000 -0.66640000 -0.00000000
vn -0.81100000 -0.58500000 -0.00000000
vn -0.86740000 -0.49770000 -0.00000000
vn -0.91430000 -0.40510000 -0.00000000
vn -0.95150000 -0.30760000 -0.00000000
vn -0.97840000 -0.20670000 -0.00000000
vn -0.99460000 -0.10420000 -0.00000000
vn 0.31980000 -0.94750000 -0.00000000
vn -0.00000000 -1.00000000 -0.00000000
vn 0.16210000 -0.98680000 -0.00000000
vn 0.16210000 -0.98680000 -0.00000000
vn -0.00000000 -1.00000000 -0.00000000
vn 0.08130000 -0.99670000 -0.00000000
vn 0.08110000 -0.99670000 0.00020000
vn -0.30530000 -0.95230000 -0.00000000
vn -0.15450000 -0.98800000 -0.00000000
vn -0.15450000 -0.98800000 -0.00000000
vn -0.07750000 -0.99700000 -0.00000000
vn -0.07750000 -0.99700000 -0.00000000
vn -0.00000000 -1.00000000 -0.00000000
vn -0.07750000 -0.99700000 -0.00000000
vn -0.03880000 -0.99920000 -0.00000000
vn -0.03880000 -0.99920000 -0.00000000
vn -0.15450000 -0.98800000 -0.00000000
vn -0.11610000 -0.99320000 -0.00000000
vn -0.11620000 -0.99320000 -0.00000000
vn -0.30530000 -0.95230000 -0.00000000
vn -0.23070000 -0.97300000 -0.00000000
vn -0.23060000 -0.97300000 -0.00000000
vn -0.58140000 -0.81360000 -0.00000000
vn -0.44870000 -0.89370000 -0.00000000
vn -0.44870000 -0.89370000 -0.00000000
vn -0.37820000 -0.92570000 -0.00000000
vn -0.37810000 -0.92570000 -0.00000000
vn -0.30530000 -0.95230000 -0.00000000
vn -0.37810000 -0.92580000 -0.00000000
vn -0.34200000 -0.93970000 -0.00000000
vn -0.34200000 -0.93970000 -0.00000000
vn -0.44870000 -0.89370000 -0.00000000
vn -0.41370000 -0.91040000 -0.00000000
vn -0.41380000 -0.91040000 -0.00000000
vn -0.58140000 -0.81360000 -0.00000000
vn -0.51660000 -0.85620000 -0.00000000
vn -0.51660000 -0.85620000 -0.00000000
vn -0.80200000 -0.59730000 -0.00000000
vn -0.70010000 -0.71400000 -0.00000000
vn -0.51660000 -0.85620000 -0.00000000
vn -0.48300000 -0.87560000 -0.00000000
vn -0.48310000 -0.87560000 -0.00000000
vn -0.70010000 -0.71400000 -0.00000000
vn -0.64270000 -0.76610000 0.00010000
vn -0.64270000 -0.76610000 -0.00000000
vn -0.58140000 -0.81360000 -0.00000000
vn -0.64270000 -0.76610000 -0.00000000
vn -0.61250000 -0.79050000 -0.00000000
vn -0.61250000 -0.79050000 -0.00000000
vn -0.70010000 -0.71400000 -0.00000000
vn -0.67190000 -0.74060000 -0.00000000
vn -0.67190000 -0.74060000 -0.00000000
vn -0.80200000 -0.59730000 -0.00000000
vn -0.75330000 -0.65760000 -0.00000000
vn -0.75330000 -0.65760000 -0.00000000
vn -0.94750000 -0.31980000 -0.00000000
vn -0.88570000 -0.46430000 -0.00000000
vn -0.75330000 -0.65760000 -0.00000000
vn -0.72730000 -0.68630000 -0.00000000
vn -0.72730000 -0.68630000 0.00010000
vn -0.88570000 -0.46430000 -0.00000000
vn -0.84650000 -0.53240000 -0.00000000
vn -0.84650000 -0.53240000 -0.00000000
vn -0.80200000 -0.59730000 -0.00000000
vn -0.84650000 -0.53240000 -0.00000000
vn -0.82490000 -0.56530000 0.00010000
vn -0.82490000 -0.56530000 -0.00000000
vn -0.88570000 -0.46430000 -0.00000000
vn -0.86680000 -0.49870000 0.00010000
vn -0.86670000 -0.49880000 -0.00000000
vn -0.94750000 -0.31980000 -0.00000000
vn -0.91940000 -0.39320000 -0.00000000
vn -0.91940000 -0.39320000 -0.00000000
vn -0.98680000 -0.16200000 -0.00000000
vn -0.91940000 -0.39320000 -0.00000000
vn -0.90330000 -0.42910000 0.00010000
vn -0.90330000 -0.42910000 -0.00000000
vn -0.98680000 -0.16200000 -0.00000000
vn -0.97040000 -0.24170000 -0.00000000
vn -0.97040000 -0.24170000 -0.00000000
vn -0.94750000 -0.31980000 -0.00000000
vn -0.97040000 -0.24170000 -0.00000000
vn -0.95970000 -0.28100000 0.00010000
vn -0.95970000 -0.28100000 -0.00000000
vn -0.98680000 -0.16200000 0.00010000
vn -0.97940000 -0.20200000 0.00010000
vn -0.97940000 -0.20190000 -0.00000000
vn -0.99670000 -0.08120000 -0.00000000
vn -0.99670000 -0.08120000 -0.00000000
vn -0.99670000 -0.08130000 -0.00000000
vn -0.99260000 -0.12170000 0.00010000
vn -0.99260000 -0.12170000 -0.00000000
vn -0.99920000 -0.04060000 0.00010000
vn -0.99920000 -0.04070000 -0.00010000
vn 1.00000000 -0.00000000 -0.00000000
vn 0.98350000 -0.18100000 -0.00000000
vn 0.93500000 -0.35460000 -0.00000000
vn 0.85340000 -0.52120000 -0.00000000
vn 0.74320000 -0.66900000 -0.00000000
vn 0.60690000 -0.79480000 -0.00000000
vn 0.45050000 -0.89280000 -0.00000000
vn 0.27820000 -0.96050000 -0.00000000
vn 0.95230000 -0.30520000 -0.00000000
vn 0.98800000 -0.15450000 -0.00000000
vn 0.98800000 -0.15440000 -0.00000000
vn 0.99700000 -0.07750000 -0.00000000
vn 0.99700000 -0.07740000 -0.00000000
vn 0.95230000 -0.30520000 -0.00000000
vn 0.97310000 -0.23050000 -0.00000000
vn 0.97310000 -0.23050000 -0.00000000
vn 0.81360000 -0.58140000 -0.00000000
vn 0.89360000 -0.44890000 0.00010000
vn 0.89370000 -0.44870000 -0.00000000
vn 0.92580000 -0.37810000 -0.00000000
vn 0.92580000 -0.37810000 -0.00000000
vn 0.81360000 -0.58140000 -0.00000000
vn 0.85620000 -0.51660000 -0.00000000
vn 0.85630000 -0.51640000 -0.00000000
vn 0.59730000 -0.80200000 -0.00000000
vn 0.71410000 -0.70010000 -0.00000000
vn 0.71410000 -0.70010000 -0.00000000
vn 0.76610000 -0.64270000 -0.00000000
vn 0.76620000 -0.64270000 -0.00000000
vn 0.59730000 -0.80200000 -0.00000000
vn 0.65760000 -0.75340000 -0.00010000
vn 0.65770000 -0.75330000 -0.00000000
vn 0.46430000 -0.88570000 -0.00000000
vn 0.46430000 -0.88570000 -0.00000000
vn 0.31980000 -0.94750000 -0.00000000
vn 0.39330000 -0.91940000 -0.00000000
vn 0.39320000 -0.91940000 -0.00010000
vn 0.24200000 -0.97030000 0.00010000
vn 0.24180000 -0.97030000 -0.00000000
vn -1.00000000 -0.00000000 -0.00000000
vn -1.00000000 -0.00000000 -0.00000000
vn 1.00000000 -0.00010000 -0.00000000
vn 1.00000000 -0.00000000 -0.00000000
vn -0.90100000 -0.43390000 -0.00000000
vn -0.62350000 -0.78180000 -0.00000000
vn -0.22250000 -0.97490000 -0.00000000
vn 0.22250000 -0.97490000 -0.00000000
vn 0.62350000 -0.78180000 -0.00000000
vn 0.90100000 -0.43390000 -0.00000000
vn 0.00020000 0.17580000 0.98440000
vn -0.00000000 0.08890000 0.99600000
vn -0.00000000 0.00010000 1.00000000
vn -0.00000000 0.01260000 0.99990000
vn 0.00010000 0.02460000 0.99970000
vn -0.00000000 0.03060000 0.99950000
vn -0.00000000 0.03620000 0.99930000
vn -0.00000000 0.04640000 0.99890000
vn -0.00000000 0.05500000 0.99850000
vn -0.00000000 0.06170000 0.99810000
vn -0.00000000 0.06640000 0.99780000
vn 0.00010000 0.06870000 0.99760000
vn -0.00040000 0.08890000 0.99600000
vn -0.00000000 0.04400000 0.99900000
vn -0.00000000 0.04400000 0.99900000
vn -0.00000000 0.04400000 0.99900000
vn -0.00000000 0.02130000 0.99980000
vn -0.00000000 0.02120000 0.99980000
vn -0.00010000 0.03270000 0.99950000
vn -0.00000000 0.08890000 0.99600000
vn -0.00000000 0.06650000 0.99780000
vn -0.00000000 0.06650000 0.99780000
vn 0.00010000 0.17600000 0.98440000
vn -0.00000000 0.13310000 0.99110000
vn -0.00010000 0.13320000 0.99110000
vn -0.00020000 0.02700000 0.99960000
vn -0.00000000 0.02130000 0.99980000
vn -0.00000000 0.04400000 0.99900000
vn -0.00000000 0.03260000 0.99950000
vn -0.00020000 0.03260000 0.99950000
vn -0.00000000 0.04400000 0.99900000
vn -0.00000000 0.02170000 0.99980000
vn -0.00020000 0.02150000 0.99980000
vn -0.00000000 0.08890000 0.99600000
vn 0.00010000 0.04400000 0.99900000
vn -0.00000000 0.03850000 0.99930000
vn -0.00000000 0.06660000 0.99780000
vn -0.00020000 0.05530000 0.99850000
vn -0.00010000 0.08890000 0.99600000
vn -0.00000000 0.07770000 0.99700000
vn 0.00020000 0.07780000 0.99700000
vn -0.00000000 0.13310000 0.99110000
vn -0.00010000 0.11110000 0.99380000
vn -0.00000000 0.11110000 0.99380000
vn 0.00010000 0.08110000 0.99670000
vn 0.00010000 0.09330000 0.99560000
vn -0.00000000 0.10550000 0.99440000
vn -0.00010000 0.11770000 0.99310000
vn -0.00000000 0.12990000 0.99150000
vn -0.00000000 0.14190000 0.98990000
vn 0.00010000 0.15370000 0.98810000
vn 0.00010000 0.16550000 0.98620000
vn 0.00030000 0.17700000 0.98420000
vn -0.00000000 0.18860000 0.98210000
vn 0.00010000 0.19990000 0.97980000
vn 0.00020000 0.21110000 0.97750000
vn 0.00020000 0.22210000 0.97500000
vn 0.00020000 0.23310000 0.97250000
vn 0.00010000 0.24400000 0.96980000
vn 0.00010000 0.25470000 0.96700000
vn -0.00000000 0.11110000 0.99380000
vn -0.00000000 0.10000000 0.99500000
vn -0.00010000 0.10000000 0.99500000
vn 0.00010000 0.13320000 0.99110000
vn -0.00000000 0.12220000 0.99250000
vn -0.00000000 0.12220000 0.99250000
vn -0.00000000 0.17600000 0.98440000
vn -0.00010000 0.15480000 0.98790000
vn -0.00000000 0.15480000 0.98790000
vn -0.00000000 0.21710000 0.97620000
vn -0.00040000 0.21710000 0.97620000
vn -0.00010000 0.15480000 0.98790000
vn -0.00000000 0.14400000 0.98960000
vn 0.00020000 0.14410000 0.98960000
vn 0.00020000 0.17600000 0.98440000
vn -0.00000000 0.16540000 0.98620000
vn 0.00020000 0.16540000 0.98620000
vn -0.00000000 0.21710000 0.97620000
vn -0.00000000 0.19680000 0.98050000
vn -0.00000000 0.19680000 0.98050000
vn 0.00010000 0.19670000 0.98050000
vn -0.00000000 0.18640000 0.98250000
vn 0.00010000 0.18640000 0.98250000
vn -0.00000000 0.21710000 0.97620000
vn -0.00000000 0.20700000 0.97830000
vn -0.00000000 0.20700000 0.97840000
vn -0.00000000 0.23690000 0.97150000
vn -0.00000000 0.23700000 0.97150000
vn -0.00010000 0.23700000 0.97150000
vn -0.00000000 0.22710000 0.97390000
vn -0.00010000 0.22710000 0.97390000
vn -0.00000000 0.24680000 0.96910000
vn 0.00010000 0.24690000 0.96910000
vn -0.00000000 0.00010000 1.00000000
vn -0.00000000 -0.00000000 1.00000000
vn -0.00000000 -0.00000000 1.00000000
vn -0.00000000 0.00010000 1.00000000
vn -0.00000000 0.25470000 0.96700000
vn -0.00000000 0.25460000 0.96700000
vn -0.00000000 0.24970000 0.96830000
vn -0.00000000 0.24960000 0.96840000
vn -0.00000000 0.24950000 0.96840000
vn -0.00000000 0.24890000 0.96850000
vn -0.00000000 0.24760000 0.96890000
vn -0.00000000 0.24460000 0.96960000
vn -0.00000000 0.23660000 0.97160000
vn -0.00000000 0.23610000 0.97170000
vn 0.00010000 0.23600000 0.97180000
vn 0.00010000 0.23510000 0.97200000
vn -0.00000000 0.23450000 0.97210000
vn -0.00000000 0.23210000 0.97270000
vn -0.00000000 0.22710000 0.97390000
vn -0.00000000 0.21440000 0.97670000
vn -0.00020000 0.21420000 0.97680000
vn -0.00010000 0.21380000 0.97690000
vn -0.00000000 0.21330000 0.97700000
vn -0.00000000 0.21280000 0.97710000
vn -0.00000000 0.21120000 0.97740000
vn -0.00000000 0.20800000 0.97810000
vn -0.00000000 0.20030000 0.97970000
vn -0.00000000 0.20020000 0.97980000
vn -0.00000000 0.20010000 0.97980000
vn -0.00010000 0.20000000 0.97980000
vn -0.00000000 0.19950000 0.97990000
vn 0.00010000 0.19890000 0.98000000
vn -0.00000000 0.19740000 0.98030000
vn -0.00000000 0.19380000 0.98110000
vn -0.00010000 0.18410000 0.98290000
vn -0.00000000 0.18120000 0.98340000
vn -0.00000000 0.17860000 0.98390000
vn -0.00000000 0.17370000 0.98480000
vn -0.00000000 0.16600000 0.98610000
vn -0.00000000 0.16570000 0.98620000
vn -0.00000000 0.16570000 0.98620000
vn -0.00020000 0.16520000 0.98630000
vn -0.00000000 0.16480000 0.98630000
vn -0.00000000 0.16340000 0.98660000
vn -0.00000000 0.16070000 0.98700000
vn -0.00000000 0.15570000 0.98780000
vn -0.00000000 0.14610000 0.98930000
vn -0.00000000 0.14560000 0.98930000
vn -0.00000000 0.14520000 0.98940000
vn -0.00000000 0.14470000 0.98950000
vn -0.00000000 0.14330000 0.98970000
vn -0.00000000 0.14040000 0.99010000
vn -0.00000000 0.13470000 0.99090000
vn -0.00000000 0.12340000 0.99240000
vn -0.00000000 0.10150000 0.99480000
vn -0.00000000 0.10070000 0.99490000
vn -0.00000000 0.09990000 0.99500000
vn -0.00010000 0.09830000 0.99520000
vn -0.00000000 0.09530000 0.99550000
vn -0.00000000 0.08910000 0.99600000
vn -0.00000000 0.07670000 0.99710000
vn -0.00000000 0.05210000 0.99860000
vn -0.00000000 0.05040000 0.99870000
vn -0.00000000 0.04890000 0.99880000
vn -0.00000000 0.04560000 0.99900000
vn -0.00000000 0.03910000 0.99920000
vn -0.00000000 0.02610000 0.99970000
vn 0.00010000 0.17600000 0.98440000
vn -0.00000000 0.21700000 0.97620000
vn 0.00010000 0.21720000 0.97610000
vn -0.00000000 0.23700000 0.97150000
vn -0.00000000 0.23710000 0.97150000
vn -0.00000000 0.23700000 0.97150000
vn -0.00000000 0.24690000 0.96910000
vn -0.00000000 0.24680000 0.96910000
vn 0.00010000 0.21700000 0.97620000
vn -0.00000000 0.23710000 0.97150000
vn -0.00000000 0.24680000 0.96910000
vn -0.00000000 0.24680000 0.96910000
vn -0.00000000 0.24950000 0.96840000
vn -0.00000000 0.24930000 0.96840000
vn -0.00000000 0.24920000 0.96840000
vn -0.00000000 0.23700000 0.97150000
vn -0.00000000 0.24190000 0.97030000
vn 0.00010000 0.24180000 0.97030000
vn -0.00000000 0.24200000 0.97030000
vn -0.00000000 0.21710000 0.97610000
vn 0.00010000 0.22710000 0.97390000
vn -0.00000000 0.22720000 0.97390000
vn -0.00000000 0.22710000 0.97390000
vn -0.00000000 0.17600000 0.98440000
vn -0.00000000 0.19680000 0.98050000
vn 0.00010000 0.19680000 0.98050000
vn -0.00000000 0.19680000 0.98050000
vn 0.00010000 0.13310000 0.99110000
vn -0.00000000 0.24680000 0.96910000
vn -0.00000000 0.25170000 0.96780000
vn 0.00010000 0.25150000 0.96780000
vn -0.00000000 0.23710000 0.97150000
vn -0.00000000 0.24670000 0.96910000
vn -0.00000000 0.24670000 0.96910000
vn -0.00000000 0.21710000 0.97610000
vn -0.00000000 0.22710000 0.97390000
vn -0.00000000 0.22700000 0.97390000
vn 0.00010000 0.23210000 0.97270000
vn -0.00000000 0.23710000 0.97150000
vn -0.00000000 0.23200000 0.97270000
vn -0.00000000 0.23200000 0.97270000
vn -0.00000000 0.23200000 0.97270000
vn -0.00000000 0.23450000 0.97210000
vn -0.00000000 0.23700000 0.97150000
vn -0.00000000 0.23460000 0.97210000
vn -0.00000000 0.23460000 0.97210000
vn -0.00000000 0.22710000 0.97390000
vn -0.00000000 0.23460000 0.97210000
vn -0.00000000 0.23580000 0.97180000
vn -0.00000000 0.23710000 0.97150000
vn 0.00010000 0.23560000 0.97180000
vn -0.00000000 0.23600000 0.97180000
vn -0.00000000 0.23560000 0.97180000
vn -0.00000000 0.23640000 0.97170000
vn -0.00000000 0.23640000 0.97170000
vn -0.00000000 0.19640000 0.98050000
vn -0.00000000 0.20710000 0.97830000
vn -0.00000000 0.20700000 0.97830000
vn -0.00000000 0.21220000 0.97720000
vn 0.00010000 0.19680000 0.98040000
vn 0.00020000 0.20690000 0.97840000
vn -0.00000000 0.20700000 0.97830000
vn -0.00000000 0.21210000 0.97730000
vn -0.00000000 0.21460000 0.97670000
vn -0.00000000 0.21460000 0.97670000
vn -0.00000000 0.20700000 0.97840000
vn 0.00010000 0.21200000 0.97730000
vn -0.00000000 0.21710000 0.97620000
vn -0.00000000 0.21210000 0.97730000
vn 0.00010000 0.21190000 0.97730000
vn -0.00000000 0.21350000 0.97690000
vn 0.00010000 0.21310000 0.97700000
vn -0.00000000 0.20690000 0.97840000
vn -0.00000000 0.20950000 0.97780000
vn -0.00010000 0.20940000 0.97780000
vn -0.00000000 0.20950000 0.97780000
vn -0.00000000 0.19680000 0.98050000
vn 0.00010000 0.20190000 0.97940000
vn -0.00000000 0.20190000 0.97940000
vn -0.00000000 0.17600000 0.98440000
vn -0.00000000 0.18650000 0.98250000
vn 0.00010000 0.18640000 0.98250000
vn -0.00000000 0.13310000 0.99110000
vn 0.00020000 0.15480000 0.98790000
vn -0.00000000 0.15500000 0.98790000
vn -0.00000000 0.21320000 0.97700000
vn -0.00000000 0.21400000 0.97680000
vn -0.00000000 0.21460000 0.97670000
vn -0.00000000 0.21390000 0.97690000
vn -0.00000000 0.21210000 0.97730000
vn -0.00000000 0.21330000 0.97700000
vn -0.00000000 0.21460000 0.97670000
vn -0.00000000 0.21330000 0.97700000
vn -0.00000000 0.21190000 0.97730000
vn -0.00000000 0.21460000 0.97670000
vn -0.00000000 0.21710000 0.97620000
vn 0.00010000 0.21460000 0.97670000
vn -0.00000000 0.22210000 0.97500000
vn -0.00010000 0.22210000 0.97500000
vn -0.00000000 0.21580000 0.97640000
vn -0.00010000 0.21410000 0.97680000
vn -0.00000000 0.21420000 0.97680000
vn -0.00000000 0.21460000 0.97670000
vn 0.00010000 0.21420000 0.97680000
vn -0.00000000 0.21530000 0.97660000
vn -0.00000000 0.21590000 0.97640000
vn -0.00000000 0.21710000 0.97610000
vn -0.00000000 0.21590000 0.97640000
vn -0.00000000 0.19640000 0.98050000
vn 0.00010000 0.19930000 0.97990000
vn -0.00000000 0.20190000 0.97940000
vn -0.00010000 0.19950000 0.97990000
vn -0.00000000 0.19930000 0.97990000
vn -0.00000000 0.18650000 0.98250000
vn 0.00010000 0.19160000 0.98150000
vn -0.00000000 0.19170000 0.98150000
vn -0.00000000 0.19160000 0.98150000
vn -0.00000000 0.17600000 0.98440000
vn -0.00000000 0.18640000 0.98250000
vn -0.00020000 0.18660000 0.98240000
vn 0.00040000 0.13310000 0.99110000
vn -0.00000000 0.15470000 0.98800000
vn 0.00030000 0.15490000 0.98790000
vn -0.00000000 0.19940000 0.97990000
vn -0.00000000 0.20060000 0.97970000
vn -0.00000000 0.20190000 0.97940000
vn -0.00000000 0.20060000 0.97970000
vn -0.00000000 0.20450000 0.97890000
vn -0.00000000 0.20450000 0.97890000
vn -0.00000000 0.19920000 0.98000000
vn -0.00000000 0.20000000 0.97980000
vn -0.00010000 0.20070000 0.97970000
vn -0.00000000 0.20000000 0.97980000
vn -0.00000000 0.19650000 0.98050000
vn -0.00000000 0.19800000 0.98020000
vn -0.00000000 0.19790000 0.98020000
vn -0.00000000 0.19790000 0.98020000
vn -0.00000000 0.19160000 0.98150000
vn -0.00000000 0.19420000 0.98100000
vn -0.00000000 0.19430000 0.98100000
vn -0.00000000 0.19420000 0.98100000
vn -0.00000000 0.19990000 0.97980000
vn -0.00000000 0.20030000 0.97970000
vn -0.00000000 0.20030000 0.97970000
vn -0.00000000 0.20120000 0.97950000
vn -0.00000000 0.20130000 0.97950000
vn -0.00010000 0.20320000 0.97910000
vn -0.00010000 0.20000000 0.97980000
vn -0.00020000 0.20030000 0.97970000
vn -0.00000000 0.20010000 0.97980000
vn -0.00000000 0.19920000 0.98000000
vn -0.00000000 0.19970000 0.97990000
vn -0.00010000 0.19970000 0.97990000
vn -0.00000000 0.19790000 0.98020000
vn -0.00000000 0.19870000 0.98010000
vn -0.00010000 0.19870000 0.98010000
vn -0.00000000 0.19870000 0.98010000
vn -0.00000000 0.17600000 0.98440000
vn 0.00010000 0.18120000 0.98340000
vn -0.00000000 0.18130000 0.98340000
vn -0.00000000 0.15480000 0.98790000
vn 0.00030000 0.16540000 0.98620000
vn -0.00000000 0.16540000 0.98620000
vn 0.00010000 0.16550000 0.98620000
vn -0.00000000 0.17860000 0.98390000
vn -0.00000000 0.16550000 0.98620000
vn 0.00010000 0.17080000 0.98530000
vn -0.00000000 0.17060000 0.98530000
vn -0.00000000 0.16810000 0.98580000
vn -0.00000000 0.16020000 0.98710000
vn -0.00000000 0.14400000 0.98960000
vn -0.00000000 0.08890000 0.99600000
vn -0.00000000 0.11110000 0.99380000
vn -0.00000000 0.11120000 0.99380000
vn -0.00000000 0.16680000 0.98600000
vn -0.00000000 0.16250000 0.98670000
vn -0.00000000 0.15480000 0.98790000
vn 0.00010000 0.16010000 0.98710000
vn -0.00000000 0.16010000 0.98710000
vn -0.00000000 0.13330000 0.99110000
vn 0.00030000 0.14400000 0.98960000
vn -0.00000000 0.14400000 0.98960000
vn -0.00000000 0.16540000 0.98620000
vn -0.00000000 0.16810000 0.98580000
vn -0.00000000 0.17070000 0.98530000
vn -0.00000000 0.16840000 0.98570000
vn -0.00000000 0.16550000 0.98620000
vn -0.00000000 0.16620000 0.98610000
vn -0.00000000 0.16680000 0.98600000
vn -0.00000000 0.16620000 0.98610000
vn -0.00000000 0.16400000 0.98650000
vn -0.00000000 0.16010000 0.98710000
vn -0.00000000 0.16280000 0.98670000
vn -0.00000000 0.16250000 0.98670000
vn -0.00000000 0.16530000 0.98620000
vn -0.00000000 0.16680000 0.98600000
vn -0.00000000 0.16840000 0.98570000
vn -0.00000000 0.16690000 0.98600000
vn 0.00010000 0.16530000 0.98620000
vn -0.00000000 0.16570000 0.98620000
vn -0.00000000 0.16400000 0.98650000
vn -0.00000000 0.16480000 0.98630000
vn -0.00000000 0.16470000 0.98630000
vn -0.00000000 0.16250000 0.98670000
vn -0.00000000 0.16410000 0.98640000
vn -0.00000000 0.16410000 0.98640000
vn 0.00010000 0.16560000 0.98620000
vn -0.00000000 0.16590000 0.98610000
vn -0.00010000 0.16630000 0.98610000
vn 0.00010000 0.16590000 0.98610000
vn -0.00000000 0.16540000 0.98620000
vn -0.00000000 0.16580000 0.98620000
vn 0.00010000 0.16620000 0.98610000
vn -0.00000000 0.16580000 0.98620000
vn -0.00000000 0.16540000 0.98620000
vn -0.00000000 0.16610000 0.98610000
vn 0.00010000 0.16690000 0.98600000
vn -0.00000000 0.16610000 0.98610000
vn -0.00000000 0.16650000 0.98600000
vn -0.00000000 0.16740000 0.98590000
vn -0.00000000 0.16480000 0.98630000
vn -0.00000000 0.16510000 0.98630000
vn -0.00010000 0.16520000 0.98630000
vn -0.00000000 0.14390000 0.98960000
vn -0.00000000 0.14950000 0.98880000
vn -0.00000000 0.14680000 0.98920000
vn -0.00000000 0.13320000 0.99110000
vn -0.00000000 0.13870000 0.99030000
vn -0.00000000 0.13850000 0.99040000
vn -0.00000000 0.11110000 0.99380000
vn -0.00000000 0.12220000 0.99250000
vn -0.00000000 0.14540000 0.98940000
vn -0.00010000 0.14100000 0.99000000
vn -0.00000000 0.14400000 0.98960000
vn 0.00010000 0.14670000 0.98920000
vn -0.00000000 0.14940000 0.98880000
vn -0.00000000 0.14680000 0.98920000
vn 0.00010000 0.14400000 0.98960000
vn -0.00000000 0.14940000 0.98880000
vn 0.00010000 0.14940000 0.98880000
vn -0.00000000 0.14600000 0.98930000
vn -0.00000000 0.14380000 0.98960000
vn -0.00000000 0.14540000 0.98940000
vn -0.00000000 0.14690000 0.98910000
vn -0.00000000 0.14550000 0.98940000
vn -0.00000000 0.13870000 0.99030000
vn -0.00000000 0.14130000 0.99000000
vn -0.00000000 0.14130000 0.99000000
vn -0.00000000 0.13320000 0.99110000
vn -0.00000000 0.13860000 0.99030000
vn -0.00000000 0.13860000 0.99040000
vn 0.00010000 0.11120000 0.99380000
vn -0.00000000 0.12220000 0.99250000
vn -0.00000000 0.12220000 0.99250000
vn -0.00000000 0.08890000 0.99600000
vn -0.00000000 0.11110000 0.99380000
vn 0.00010000 0.11110000 0.99380000
vn -0.00000000 0.14810000 0.98900000
vn 0.00010000 0.14600000 0.98930000
vn -0.00000000 0.14640000 0.98920000
vn -0.00000000 0.14670000 0.98920000
vn -0.00010000 0.14640000 0.98920000
vn -0.00000000 0.14530000 0.98940000
vn -0.00000000 0.14600000 0.98930000
vn -0.00000000 0.14690000 0.98920000
vn -0.00000000 0.14610000 0.98930000
vn -0.00000000 0.14810000 0.98900000
vn -0.00000000 0.14940000 0.98880000
vn -0.00000000 0.14810000 0.98900000
vn -0.00000000 0.15210000 0.98840000
vn -0.00000000 0.15210000 0.98840000
vn -0.00010000 0.14740000 0.98910000
vn -0.00000000 0.14390000 0.98960000
vn -0.00000000 0.14470000 0.98950000
vn -0.00000000 0.14470000 0.98950000
vn -0.00000000 0.14260000 0.98980000
vn -0.00000000 0.08890000 0.99600000
vn 0.00010000 0.10000000 0.99500000
vn -0.00000000 0.10000000 0.99500000
vn 0.00020000 0.04400000 0.99900000
vn 0.00020000 0.06660000 0.99780000
vn 0.00010000 0.06660000 0.99780000
vn -0.00030000 0.10570000 0.99440000
vn -0.00000000 0.10000000 0.99500000
vn -0.00000000 0.10310000 0.99470000
vn -0.00000000 0.10280000 0.99470000
vn -0.00000000 0.09430000 0.99550000
vn -0.00000000 0.06660000 0.99780000
vn 0.00010000 0.07770000 0.99700000
vn -0.00000000 0.07780000 0.99700000
vn -0.00000000 0.10000000 0.99500000
vn 0.00010000 0.10560000 0.99440000
vn -0.00000000 0.11120000 0.99380000
vn -0.00000000 0.10550000 0.99440000
vn -0.00000000 0.08890000 0.99600000
vn -0.00000000 0.10000000 0.99500000
vn 0.00020000 0.10000000 0.99500000
vn -0.00000000 0.10140000 0.99480000
vn -0.00000000 0.09440000 0.99550000
vn -0.00000000 0.09720000 0.99530000
vn -0.00000000 0.09690000 0.99530000
vn -0.00000000 0.08890000 0.99600000
vn 0.00010000 0.09440000 0.99550000
vn -0.00000000 0.09440000 0.99550000
vn -0.00000000 0.10220000 0.99480000
vn -0.00000000 0.10000000 0.99500000
vn -0.00000000 0.10140000 0.99480000
vn -0.00000000 0.10280000 0.99470000
vn -0.00000000 0.10140000 0.99480000
vn 0.00010000 0.10000000 0.99500000
vn -0.00000000 0.10280000 0.99470000
vn -0.00000000 0.10560000 0.99440000
vn -0.00000000 0.10280000 0.99470000
vn -0.00000000 0.10830000 0.99410000
vn -0.00000000 0.10070000 0.99490000
vn -0.00000000 0.09850000 0.99510000
vn -0.00000000 0.09930000 0.99510000
vn -0.00000000 0.09930000 0.99510000
vn -0.00000000 0.09690000 0.99530000
vn -0.00000000 0.09860000 0.99510000
vn -0.00000000 0.09860000 0.99510000
vn -0.00000000 0.09430000 0.99550000
vn -0.00000000 0.09720000 0.99530000
vn -0.00000000 0.09720000 0.99530000
vn -0.00000000 0.04390000 0.99900000
vn 0.00030000 0.05530000 0.99850000
vn -0.00000000 0.05530000 0.99850000
vn 0.00020000 0.02150000 0.99980000
vn -0.00000000 0.02120000 0.99980000
vn -0.00000000 0.04390000 0.99900000
vn 0.00010000 0.04960000 0.99880000
vn -0.00000000 0.05530000 0.99850000
vn -0.00000000 0.04960000 0.99880000
vn -0.00000000 0.02130000 0.99980000
vn 0.00020000 0.03260000 0.99950000
vn -0.00000000 0.03270000 0.99950000
vn -0.00000000 0.05250000 0.99860000
vn -0.00000000 0.06090000 0.99810000
vn -0.00000000 0.06650000 0.99780000
vn -0.00000000 0.06090000 0.99810000
vn -0.00000000 0.04680000 0.99890000
vn -0.00010000 0.04690000 0.99890000
vn -0.00000000 0.03250000 0.99950000
vn -0.00000000 0.03830000 0.99930000
vn -0.00000000 0.03830000 0.99930000
vn -0.00000000 -0.17600000 0.98440000
vn -0.00000000 -0.08890000 0.99600000
vn -0.00000000 -0.00000000 1.00000000
vn -0.00000000 -0.00650000 1.00000000
vn -0.00000000 -0.01280000 0.99990000
vn 0.00030000 -0.01930000 0.99980000
vn -0.00000000 -0.02500000 0.99970000
vn -0.00000000 -0.03640000 0.99930000
vn -0.00000000 -0.04170000 0.99910000
vn -0.00000000 -0.04660000 0.99890000
vn -0.00000000 -0.05510000 0.99850000
vn -0.00000000 -0.06180000 0.99810000
vn 0.00010000 -0.06630000 0.99780000
vn 0.00010000 -0.06870000 0.99760000
vn -0.00030000 -0.08880000 0.99610000
vn -0.00000000 -0.04400000 0.99900000
vn -0.00000000 -0.04400000 0.99900000
vn -0.00000000 -0.04400000 0.99900000
vn -0.00000000 -0.02130000 0.99980000
vn -0.00010000 -0.02130000 0.99980000
vn -0.00000000 -0.00980000 1.00000000
vn -0.00020000 -0.02130000 0.99980000
vn -0.00000000 -0.00980000 1.00000000
vn 0.00010000 -0.00970000 1.00000000
vn -0.00040000 -0.04400000 0.99900000
vn -0.00010000 -0.02140000 0.99980000
vn 0.00010000 -0.02120000 0.99980000
vn 0.00010000 -0.08890000 0.99600000
vn -0.00000000 -0.04400000 0.99900000
vn -0.00010000 -0.01560000 0.99990000
vn -0.00000000 -0.03270000 0.99950000
vn -0.00000000 -0.08890000 0.99600000
vn -0.00000000 -0.06650000 0.99780000
vn -0.00000000 -0.06650000 0.99780000
vn -0.00010000 -0.17600000 0.98440000
vn -0.00000000 -0.13300000 0.99110000
vn -0.00010000 -0.13320000 0.99110000
vn 0.00010000 -0.02710000 0.99960000
vn -0.00020000 -0.04400000 0.99900000
vn -0.00000000 -0.03260000 0.99950000
vn -0.00020000 -0.03260000 0.99950000
vn -0.00000000 -0.04400000 0.99900000
vn -0.00020000 -0.03830000 0.99930000
vn 0.00010000 -0.06640000 0.99780000
vn -0.00000000 -0.05530000 0.99850000
vn -0.00000000 -0.05530000 0.99850000
vn -0.00000000 -0.04960000 0.99880000
vn -0.00010000 -0.04980000 0.99880000
vn -0.00000000 -0.06660000 0.99780000
vn -0.00000000 -0.05530000 0.99850000
vn 0.00020000 -0.05520000 0.99850000
vn -0.00000000 -0.08890000 0.99600000
vn -0.00000000 -0.06650000 0.99780000
vn -0.00020000 -0.06670000 0.99780000
vn -0.00010000 -0.08890000 0.99600000
vn -0.00010000 -0.07770000 0.99700000
vn -0.00010000 -0.07770000 0.99700000
vn -0.00000000 -0.13310000 0.99110000
vn 0.00010000 -0.11110000 0.99380000
vn -0.00000000 -0.11110000 0.99380000
vn -0.00000000 -0.00010000 1.00000000
vn -0.00000000 -0.00010000 1.00000000
vn -0.00000000 -0.00010000 1.00000000
vn -0.00000000 -0.00000000 1.00000000
vn 0.00040000 -0.08120000 0.99670000
vn 0.00060000 -0.09360000 0.99560000
vn 0.00010000 -0.10550000 0.99440000
vn 0.00010000 -0.11770000 0.99300000
vn 0.00010000 -0.12990000 0.99150000
vn 0.00020000 -0.14190000 0.98990000
vn 0.00010000 -0.15370000 0.98810000
vn 0.00020000 -0.16540000 0.98620000
vn 0.00010000 -0.17700000 0.98420000
vn 0.00010000 -0.18850000 0.98210000
vn 0.00020000 -0.19980000 0.97980000
vn 0.00020000 -0.21110000 0.97750000
vn 0.00010000 -0.22220000 0.97500000
vn 0.00050000 -0.23300000 0.97250000
vn 0.00010000 -0.24400000 0.96980000
vn 0.00010000 -0.25460000 0.96700000
vn -0.00000000 -0.11110000 0.99380000
vn -0.00000000 -0.10000000 0.99500000
vn -0.00010000 -0.10000000 0.99500000
vn 0.00010000 -0.13320000 0.99110000
vn -0.00000000 -0.12220000 0.99250000
vn -0.00000000 -0.12220000 0.99250000
vn -0.00000000 -0.17600000 0.98440000
vn -0.00050000 -0.15470000 0.98800000
vn -0.00000000 -0.15480000 0.98790000
vn -0.00000000 -0.21710000 0.97620000
vn -0.00040000 -0.21710000 0.97620000
vn 0.00020000 -0.15480000 0.98790000
vn -0.00000000 -0.14400000 0.98960000
vn 0.00020000 -0.14410000 0.98960000
vn 0.00020000 -0.17600000 0.98440000
vn -0.00000000 -0.16540000 0.98620000
vn 0.00020000 -0.16540000 0.98620000
vn -0.00000000 -0.21710000 0.97620000
vn 0.00010000 -0.19680000 0.98040000
vn -0.00000000 -0.19680000 0.98050000
vn -0.00000000 -0.19670000 0.98050000
vn -0.00000000 -0.18640000 0.98250000
vn 0.00010000 -0.18640000 0.98250000
vn -0.00010000 -0.21710000 0.97620000
vn -0.00000000 -0.20700000 0.97830000
vn -0.00000000 -0.20700000 0.97830000
vn -0.00010000 -0.23670000 0.97160000
vn -0.00000000 -0.23700000 0.97150000
vn -0.00010000 -0.23700000 0.97150000
vn -0.00000000 -0.22710000 0.97390000
vn -0.00010000 -0.22710000 0.97390000
vn 0.00010000 -0.24700000 0.96900000
vn 0.00010000 -0.24690000 0.96900000
vn -0.00000000 -0.25470000 0.96700000
vn -0.00000000 -0.25470000 0.96700000
vn -0.00000000 -0.25350000 0.96730000
vn -0.00000000 -0.25350000 0.96730000
vn -0.00000000 -0.25360000 0.96730000
vn -0.00000000 -0.25350000 0.96730000
vn -0.00000000 -0.25310000 0.96740000
vn -0.00000000 -0.25280000 0.96750000
vn -0.00000000 -0.25200000 0.96770000
vn -0.00000000 -0.25020000 0.96820000
vn -0.00000000 -0.24890000 0.96850000
vn -0.00000000 -0.24760000 0.96890000
vn -0.00000000 -0.24450000 0.96960000
vn -0.00000000 -0.23670000 0.97160000
vn -0.00000000 -0.21460000 0.97670000
vn -0.00000000 -0.18420000 0.98290000
vn -0.00000000 -0.16610000 0.98610000
vn -0.00000000 -0.14630000 0.98920000
vn -0.00000000 -0.10160000 0.99480000
vn -0.00000000 -0.08950000 0.99600000
vn -0.00000000 -0.07720000 0.99700000
vn -0.00000000 -0.05210000 0.99860000
vn 0.00010000 -0.21700000 0.97620000
vn -0.00000000 -0.23700000 0.97150000
vn -0.00000000 -0.23710000 0.97150000
vn 0.00010000 -0.17600000 0.98440000
vn -0.00000000 -0.21710000 0.97610000
vn 0.00010000 -0.23690000 0.97150000
vn -0.00000000 -0.23700000 0.97150000
vn -0.00000000 -0.24700000 0.96900000
vn -0.00000000 -0.24680000 0.96910000
vn -0.00000000 -0.24690000 0.96900000
vn -0.00000000 -0.25180000 0.96780000
vn -0.00000000 -0.25160000 0.96780000
vn -0.00000000 -0.25170000 0.96780000
vn -0.00000000 -0.23700000 0.97150000
vn -0.00000000 -0.24680000 0.96910000
vn -0.00000000 -0.24690000 0.96910000
vn -0.00000000 -0.25150000 0.96790000
vn -0.00000000 -0.25160000 0.96780000
vn -0.00000000 -0.25280000 0.96750000
vn -0.00000000 -0.25290000 0.96750000
vn -0.00000000 -0.25290000 0.96750000
vn -0.00000000 -0.24690000 0.96900000
vn -0.00000000 -0.24930000 0.96840000
vn -0.00000000 -0.24930000 0.96840000
vn -0.00000000 -0.24930000 0.96840000
vn -0.00000000 -0.23700000 0.97150000
vn 0.00010000 -0.24190000 0.97030000
vn -0.00010000 -0.24200000 0.97030000
vn -0.00000000 -0.24190000 0.97030000
vn -0.00000000 -0.21710000 0.97620000
vn 0.00010000 -0.22710000 0.97390000
vn -0.00010000 -0.22710000 0.97390000
vn -0.00000000 -0.22710000 0.97390000
vn -0.00000000 -0.17600000 0.98440000
vn -0.00000000 -0.19670000 0.98050000
vn -0.00000000 -0.19680000 0.98040000
vn -0.00000000 -0.19670000 0.98050000
vn -0.00000000 -0.13310000 0.99110000
vn 0.00010000 -0.25170000 0.96780000
vn -0.00000000 -0.25410000 0.96720000
vn -0.00000000 -0.24680000 0.96910000
vn -0.00000000 -0.25160000 0.96780000
vn -0.00000000 -0.25160000 0.96780000
vn -0.00000000 -0.25290000 0.96750000
vn -0.00000000 -0.25350000 0.96730000
vn -0.00000000 -0.25150000 0.96790000
vn -0.00000000 -0.25290000 0.96750000
vn -0.00000000 -0.25320000 0.96740000
vn -0.00000000 -0.25310000 0.96740000
vn -0.00000000 -0.25320000 0.96740000
vn -0.00000000 -0.25150000 0.96780000
vn -0.00000000 -0.25230000 0.96770000
vn -0.00000000 -0.25230000 0.96760000
vn -0.00000000 -0.25230000 0.96770000
vn -0.00000000 -0.24940000 0.96840000
vn -0.00000000 -0.25050000 0.96810000
vn -0.00000000 -0.25050000 0.96810000
vn -0.00000000 -0.25050000 0.96810000
vn -0.00000000 -0.24670000 0.96910000
vn -0.00000000 -0.24930000 0.96840000
vn -0.00000000 -0.24920000 0.96840000
vn -0.00000000 -0.13320000 0.99110000
vn 0.00010000 -0.15480000 0.98800000
vn -0.00000000 -0.15490000 0.98790000
vn -0.00000000 -0.08890000 0.99600000
vn -0.00000000 -0.11110000 0.99380000
vn -0.00000000 -0.11120000 0.99380000
vn -0.00000000 -0.08880000 0.99600000
vn -0.00000000 -0.10000000 0.99500000
vn -0.00000000 -0.11110000 0.99380000
vn 0.00010000 -0.09990000 0.99500000
vn -0.00000000 -0.04400000 0.99900000
vn -0.00010000 -0.06660000 0.99780000
vn -0.00000000 -0.06650000 0.99780000
vn -0.00000000 -0.06650000 0.99780000
vn -0.00000000 -0.07770000 0.99700000
vn -0.00000000 -0.07780000 0.99700000
vn -0.15350000 0.23080000 0.96080000
vn -0.13260000 0.23590000 0.96270000
vn -0.10300000 0.23980000 0.96530000
vn -0.07530000 0.24180000 0.96740000
vn -0.05190000 0.24200000 0.96890000
vn -0.03280000 0.24100000 0.97000000
vn -0.01660000 0.23930000 0.97080000
vn -0.00580000 0.23790000 0.97130000
vn -0.13960000 0.21500000 0.96660000
vn -0.12070000 0.21840000 0.96840000
vn -0.09450000 0.22090000 0.97070000
vn -0.07000000 0.22210000 0.97250000
vn -0.04920000 0.22190000 0.97380000
vn -0.03200000 0.22080000 0.97480000
vn -0.01720000 0.21920000 0.97550000
vn -0.00630000 0.21760000 0.97600000
vn -0.12730000 0.19700000 0.97210000
vn -0.11010000 0.19910000 0.97380000
vn -0.08690000 0.20060000 0.97580000
vn -0.06530000 0.20130000 0.97730000
vn -0.04690000 0.20090000 0.97850000
vn -0.03140000 0.19990000 0.97930000
vn -0.01770000 0.19850000 0.97990000
vn -0.00710000 0.19740000 0.98030000
vn -0.11660000 0.17740000 0.97720000
vn -0.10100000 0.17870000 0.97870000
vn -0.08020000 0.17980000 0.98040000
vn -0.06100000 0.18000000 0.98180000
vn -0.04470000 0.17950000 0.98270000
vn -0.03090000 0.17830000 0.98350000
vn -0.01810000 0.17730000 0.98400000
vn -0.00760000 0.17640000 0.98430000
vn -0.10750000 0.15700000 0.98170000
vn -0.09310000 0.15770000 0.98310000
vn -0.07440000 0.15830000 0.98460000
vn -0.05750000 0.15820000 0.98570000
vn -0.04290000 0.15770000 0.98660000
vn -0.03020000 0.15670000 0.98720000
vn -0.01820000 0.15600000 0.98760000
vn -0.00830000 0.15500000 0.98790000
vn -0.09990000 0.13580000 0.98570000
vn -0.08630000 0.13600000 0.98690000
vn -0.06950000 0.13630000 0.98820000
vn -0.05430000 0.13620000 0.98920000
vn -0.04110000 0.13580000 0.98990000
vn -0.02960000 0.13470000 0.99040000
vn -0.01850000 0.13420000 0.99080000
vn -0.00830000 0.13340000 0.99100000
vn -0.09350000 0.11360000 0.98910000
vn -0.08080000 0.11360000 0.99020000
vn -0.06530000 0.11370000 0.99140000
vn -0.05190000 0.11330000 0.99220000
vn -0.03990000 0.11290000 0.99280000
vn -0.02910000 0.11270000 0.99320000
vn -0.01880000 0.11180000 0.99360000
vn -0.00900000 0.11140000 0.99370000
vn -0.08820000 0.09110000 0.99190000
vn -0.07620000 0.09090000 0.99290000
vn -0.06190000 0.09110000 0.99390000
vn -0.04970000 0.09060000 0.99470000
vn -0.03850000 0.09050000 0.99520000
vn -0.02870000 0.08990000 0.99550000
vn -0.01880000 0.08940000 0.99580000
vn -0.00920000 0.08900000 0.99600000
vn -0.08450000 0.06830000 0.99410000
vn -0.07270000 0.06810000 0.99500000
vn -0.05970000 0.06790000 0.99590000
vn -0.04800000 0.06770000 0.99650000
vn -0.03770000 0.06760000 0.99700000
vn -0.02830000 0.06730000 0.99730000
vn -0.01890000 0.06690000 0.99760000
vn -0.08170000 0.04530000 0.99560000
vn -0.07010000 0.04500000 0.99650000
vn -0.05790000 0.04480000 0.99730000
vn -0.04650000 0.04490000 0.99790000
vn -0.03690000 0.04460000 0.99830000
vn -0.02810000 0.04440000 0.99860000
vn -0.08020000 0.02180000 0.99650000
vn -0.06870000 0.02170000 0.99740000
vn -0.05680000 0.02180000 0.99810000
vn -0.04620000 0.02160000 0.99870000
vn -0.03660000 0.02150000 0.99910000
vn -0.02790000 0.02150000 0.99940000
vn -0.02520000 0.00010000 0.99970000
vn -0.02510000 0.00730000 0.99970000
vn -0.02470000 0.01440000 0.99960000
vn -0.02420000 0.02140000 0.99950000
vn -0.02340000 0.02820000 0.99930000
vn -0.02240000 0.03460000 0.99910000
vn -0.02110000 0.04060000 0.99900000
vn -0.01970000 0.04630000 0.99870000
vn -0.01810000 0.05140000 0.99850000
vn -0.01620000 0.05600000 0.99830000
vn -0.01420000 0.05970000 0.99810000
vn -0.01210000 0.06310000 0.99790000
vn -0.00980000 0.06560000 0.99780000
vn -0.00740000 0.06750000 0.99770000
vn -0.00500000 0.06860000 0.99760000
vn -0.00250000 0.06900000 0.99760000
vn -0.00000000 0.06870000 0.99760000
vn -0.02350000 0.04440000 0.99870000
vn -0.02830000 0.03310000 0.99910000
vn -0.01890000 0.05560000 0.99830000
vn -0.02360000 0.06710000 0.99750000
vn -0.02820000 0.05590000 0.99800000
vn -0.02340000 0.05580000 0.99820000
vn -0.00430000 0.08890000 0.99600000
vn -0.00920000 0.07780000 0.99690000
vn -0.00440000 0.07750000 0.99700000
vn 0.00010000 0.08100000 0.99670000
vn -0.00000000 0.09330000 0.99560000
vn -0.00000000 0.10550000 0.99440000
vn 0.00010000 0.11770000 0.99300000
vn 0.00010000 0.12990000 0.99150000
vn -0.00000000 0.14180000 0.98990000
vn -0.00000000 0.15370000 0.98810000
vn 0.00010000 0.16540000 0.98620000
vn -0.00000000 0.17700000 0.98420000
vn 0.00010000 0.18850000 0.98210000
vn -0.00000000 0.19990000 0.97980000
vn -0.00000000 0.21110000 0.97750000
vn -0.00000000 0.22220000 0.97500000
vn 0.00010000 0.23320000 0.97240000
vn -0.00000000 0.24400000 0.96980000
vn 0.00010000 0.25470000 0.96700000
vn -0.00260000 0.25500000 0.96690000
vn -0.00780000 0.25590000 0.96670000
vn -0.01540000 0.25700000 0.96630000
vn -0.02510000 0.25810000 0.96580000
vn -0.03550000 0.25890000 0.96530000
vn -0.04590000 0.25930000 0.96470000
vn -0.05610000 0.25940000 0.96410000
vn -0.06100000 0.25930000 0.96390000
vn -0.06350000 0.25930000 0.96370000
vn -0.06460000 0.25920000 0.96370000
vn -0.06500000 0.25920000 0.96360000
vn -0.06540000 0.25920000 0.96360000
vn -0.06560000 0.25920000 0.96360000
vn -0.06580000 0.25920000 0.96360000
vn -0.08180000 0.25820000 0.96260000
vn -0.09860000 0.25620000 0.96160000
vn -0.11590000 0.25360000 0.96030000
vn -0.12440000 0.25190000 0.95970000
vn -0.12830000 0.25080000 0.95950000
vn -0.13050000 0.25060000 0.95920000
vn -0.13140000 0.25020000 0.95920000
vn -0.13260000 0.25020000 0.95910000
vn -0.14940000 0.24580000 0.95770000
vn -0.15630000 0.24350000 0.95720000
vn -0.15780000 0.24290000 0.95710000
vn -0.15850000 0.24260000 0.95710000
vn -0.15930000 0.24220000 0.95710000
vn -0.16220000 0.24090000 0.95690000
vn -0.16600000 0.23600000 0.95750000
vn -0.16120000 0.23280000 0.95910000
vn -0.06310000 0.24210000 0.96820000
vn -0.05340000 0.25180000 0.96630000
vn -0.07830000 0.25120000 0.96480000
vn -0.06520000 0.25150000 0.96570000
vn -0.05920000 0.25180000 0.96600000
vn -0.05420000 0.25650000 0.96500000
vn -0.06630000 0.25610000 0.96440000
vn -0.06010000 0.25650000 0.96470000
vn -0.04190000 0.24160000 0.96950000
vn -0.03330000 0.25080000 0.96750000
vn -0.04290000 0.25140000 0.96690000
vn -0.06330000 0.25650000 0.96450000
vn -0.06050000 0.25870000 0.96410000
vn -0.06700000 0.25860000 0.96370000
vn -0.06360000 0.25870000 0.96380000
vn -0.07170000 0.25150000 0.96520000
vn -0.07990000 0.25570000 0.96340000
vn -0.07310000 0.25610000 0.96390000
vn -0.08870000 0.24100000 0.96650000
vn -0.10780000 0.24860000 0.96260000
vn -0.09250000 0.25020000 0.96380000
vn -0.06520000 0.25880000 0.96370000
vn -0.06960000 0.25630000 0.96410000
vn -0.07370000 0.25840000 0.96320000
vn -0.07030000 0.25860000 0.96340000
vn -0.06450000 0.25870000 0.96380000
vn -0.06470000 0.25630000 0.96440000
vn -0.06360000 0.25770000 0.96410000
vn -0.06690000 0.25740000 0.96400000
vn -0.06510000 0.25740000 0.96410000
vn -0.06220000 0.25160000 0.96580000
vn -0.05940000 0.25440000 0.96530000
vn -0.06590000 0.25420000 0.96490000
vn -0.06280000 0.25420000 0.96510000
vn -0.05740000 0.24210000 0.96860000
vn -0.05260000 0.24690000 0.96760000
vn -0.06430000 0.24720000 0.96680000
vn -0.05820000 0.24700000 0.96730000
vn -0.05920000 0.22220000 0.97320000
vn -0.05050000 0.23210000 0.97140000
vn -0.07260000 0.23210000 0.97000000
vn -0.06100000 0.23220000 0.97080000
vn -0.06220000 0.25860000 0.96400000
vn -0.05730000 0.25640000 0.96490000
vn -0.05460000 0.25890000 0.96440000
vn -0.05760000 0.25880000 0.96420000
vn -0.04800000 0.25160000 0.96660000
vn -0.04330000 0.25620000 0.96560000
vn -0.04860000 0.25650000 0.96530000
vn -0.06510000 0.25870000 0.96380000
vn -0.06460000 0.25900000 0.96370000
vn -0.06550000 0.25900000 0.96370000
vn -0.06530000 0.25910000 0.96360000
vn -0.06630000 0.25860000 0.96370000
vn -0.06870000 0.25860000 0.96350000
vn -0.06430000 0.25750000 0.96410000
vn -0.06350000 0.25820000 0.96400000
vn -0.06530000 0.25820000 0.96390000
vn -0.06450000 0.25820000 0.96390000
vn -0.06170000 0.25620000 0.96460000
vn -0.06010000 0.25760000 0.96440000
vn -0.06200000 0.25760000 0.96430000
vn -0.06590000 0.25870000 0.96370000
vn -0.06630000 0.25900000 0.96360000
vn -0.06590000 0.25890000 0.96360000
vn -0.06590000 0.25740000 0.96400000
vn -0.06710000 0.25810000 0.96380000
vn -0.06610000 0.25820000 0.96380000
vn -0.06790000 0.25610000 0.96430000
vn -0.06990000 0.25740000 0.96380000
vn -0.06830000 0.25750000 0.96390000
vn -0.06840000 0.25170000 0.96540000
vn -0.07240000 0.25380000 0.96450000
vn -0.06890000 0.25380000 0.96480000
vn -0.06910000 0.24200000 0.96780000
vn -0.07680000 0.24650000 0.96610000
vn -0.07020000 0.24670000 0.96660000
vn -0.11810000 0.23800000 0.96410000
vn -0.13910000 0.24380000 0.95980000
vn -0.12360000 0.24640000 0.96130000
vn -0.13150000 0.24520000 0.96050000
vn -0.12650000 0.25040000 0.95980000
vn -0.14240000 0.24750000 0.95830000
vn -0.13460000 0.24910000 0.95910000
vn -0.14490000 0.23330000 0.96150000
vn -0.16100000 0.23760000 0.95790000
vn -0.15210000 0.24080000 0.95860000
vn -0.13060000 0.24970000 0.95950000
vn -0.11570000 0.24750000 0.96200000
vn -0.11030000 0.25290000 0.96120000
vn -0.11850000 0.25170000 0.96050000
vn -0.15710000 0.23920000 0.95820000
vn -0.15600000 0.22790000 0.96110000
vn -0.16360000 0.23420000 0.95830000
vn -0.15440000 0.23960000 0.95850000
vn -0.15390000 0.24260000 0.95780000
vn -0.15910000 0.24090000 0.95740000
vn -0.15660000 0.24170000 0.95760000
vn -0.14970000 0.23200000 0.96110000
vn -0.14840000 0.23710000 0.96010000
vn -0.15730000 0.23420000 0.95940000
vn -0.15320000 0.23570000 0.95970000
vn -0.13180000 0.21670000 0.96730000
vn -0.12650000 0.22740000 0.96560000
vn -0.14640000 0.22310000 0.96370000
vn -0.13800000 0.22530000 0.96450000
vn -0.14610000 0.24240000 0.95910000
vn -0.08530000 -0.00000000 0.99640000
vn -0.08210000 -0.00000000 0.99660000
vn -0.07460000 -0.00000000 0.99720000
vn -0.06510000 -0.00000000 0.99790000
vn -0.05590000 -0.00000000 0.99840000
vn -0.04740000 -0.00000000 0.99890000
vn -0.04350000 -0.00000000 0.99910000
vn -0.03970000 -0.00000000 0.99920000
vn -0.03610000 -0.00000000 0.99930000
vn -0.03240000 -0.00000000 0.99950000
vn -0.02880000 -0.00000000 0.99960000
vn -0.15050000 0.22460000 0.96280000
vn -0.14080000 0.21480000 0.96640000
vn -0.13210000 0.20360000 0.97010000
vn -0.12420000 0.19080000 0.97370000
vn -0.11720000 0.17720000 0.97720000
vn -0.11110000 0.16310000 0.98030000
vn -0.10580000 0.14840000 0.98330000
vn -0.10120000 0.13310000 0.98590000
vn -0.09720000 0.11710000 0.98830000
vn -0.09390000 0.10090000 0.99050000
vn -0.09100000 0.08460000 0.99220000
vn -0.08890000 0.06800000 0.99370000
vn -0.08730000 0.05130000 0.99490000
vn -0.08610000 0.03440000 0.99570000
vn -0.08550000 0.01730000 0.99620000
vn -0.15350000 -0.23070000 0.96090000
vn -0.13260000 -0.23580000 0.96270000
vn -0.10310000 -0.23960000 0.96540000
vn -0.07560000 -0.24190000 0.96740000
vn -0.05180000 -0.24200000 0.96890000
vn -0.03280000 -0.24100000 0.97000000
vn -0.01650000 -0.23930000 0.97080000
vn -0.00580000 -0.23790000 0.97130000
vn -0.13960000 -0.21500000 0.96660000
vn -0.12070000 -0.21840000 0.96840000
vn -0.09450000 -0.22100000 0.97070000
vn -0.07000000 -0.22210000 0.97250000
vn -0.04920000 -0.22190000 0.97380000
vn -0.03210000 -0.22070000 0.97480000
vn -0.01720000 -0.21920000 0.97550000
vn -0.00650000 -0.21790000 0.97600000
vn -0.12730000 -0.19700000 0.97210000
vn -0.11020000 -0.19900000 0.97380000
vn -0.08660000 -0.20060000 0.97580000
vn -0.06530000 -0.20130000 0.97730000
vn -0.04690000 -0.20090000 0.97850000
vn -0.03160000 -0.19960000 0.97940000
vn -0.01750000 -0.19850000 0.97990000
vn -0.00710000 -0.19740000 0.98030000
vn -0.11660000 -0.17740000 0.97720000
vn -0.10100000 -0.17870000 0.97870000
vn -0.08020000 -0.17970000 0.98040000
vn -0.06100000 -0.18000000 0.98180000
vn -0.04470000 -0.17950000 0.98270000
vn -0.03070000 -0.17860000 0.98340000
vn -0.01790000 -0.17740000 0.98400000
vn -0.00760000 -0.17640000 0.98430000
vn -0.10740000 -0.15700000 0.98170000
vn -0.09300000 -0.15770000 0.98310000
vn -0.07440000 -0.15810000 0.98460000
vn -0.05740000 -0.15830000 0.98570000
vn -0.04290000 -0.15770000 0.98660000
vn -0.03010000 -0.15700000 0.98710000
vn -0.01860000 -0.15580000 0.98760000
vn -0.00800000 -0.15510000 0.98790000
vn -0.09980000 -0.13580000 0.98570000
vn -0.08630000 -0.13600000 0.98690000
vn -0.06950000 -0.13630000 0.98820000
vn -0.05450000 -0.13580000 0.98920000
vn -0.04110000 -0.13580000 0.98990000
vn -0.02960000 -0.13500000 0.99040000
vn -0.01870000 -0.13400000 0.99080000
vn -0.00830000 -0.13340000 0.99100000
vn -0.09360000 -0.11350000 0.98910000
vn -0.08060000 -0.11350000 0.99030000
vn -0.06530000 -0.11380000 0.99140000
vn -0.05190000 -0.11330000 0.99220000
vn -0.03990000 -0.11290000 0.99280000
vn -0.02910000 -0.11240000 0.99320000
vn -0.01880000 -0.11180000 0.99360000
vn -0.00900000 -0.11140000 0.99370000
vn -0.08800000 -0.09110000 0.99190000
vn -0.07630000 -0.09100000 0.99290000
vn -0.06200000 -0.09100000 0.99390000
vn -0.04970000 -0.09060000 0.99460000
vn -0.03850000 -0.09050000 0.99520000
vn -0.02860000 -0.09010000 0.99550000
vn -0.01880000 -0.08940000 0.99580000
vn -0.00920000 -0.08900000 0.99600000
vn -0.08470000 -0.06830000 0.99410000
vn -0.07270000 -0.06810000 0.99500000
vn -0.05930000 -0.06810000 0.99590000
vn -0.04800000 -0.06770000 0.99650000
vn -0.03770000 -0.06760000 0.99700000
vn -0.02830000 -0.06730000 0.99730000
vn -0.01890000 -0.06690000 0.99760000
vn -0.08170000 -0.04530000 0.99560000
vn -0.07010000 -0.04500000 0.99650000
vn -0.05760000 -0.04500000 0.99730000
vn -0.04650000 -0.04490000 0.99790000
vn -0.03700000 -0.04460000 0.99830000
vn -0.02800000 -0.04440000 0.99860000
vn -0.08020000 -0.02180000 0.99650000
vn -0.06870000 -0.02170000 0.99740000
vn -0.05630000 -0.02160000 0.99820000
vn -0.04620000 -0.02160000 0.99870000
vn -0.03660000 -0.02160000 0.99910000
vn -0.02780000 -0.02150000 0.99940000
vn -0.02520000 -0.00000000 0.99970000
vn -0.02500000 -0.00730000 0.99970000
vn -0.02480000 -0.01450000 0.99960000
vn -0.02410000 -0.02140000 0.99950000
vn -0.02340000 -0.02820000 0.99930000
vn -0.02240000 -0.03460000 0.99920000
vn -0.02110000 -0.04060000 0.99900000
vn -0.01970000 -0.04630000 0.99870000
vn -0.01810000 -0.05140000 0.99850000
vn -0.01620000 -0.05600000 0.99830000
vn -0.01420000 -0.05990000 0.99810000
vn -0.01210000 -0.06310000 0.99790000
vn -0.00980000 -0.06570000 0.99780000
vn -0.00740000 -0.06750000 0.99770000
vn -0.00500000 -0.06860000 0.99760000
vn -0.00250000 -0.06900000 0.99760000
vn -0.00000000 -0.06870000 0.99760000
vn -0.02330000 -0.04470000 0.99870000
vn -0.02830000 -0.03310000 0.99910000
vn -0.01890000 -0.05550000 0.99830000
vn -0.02360000 -0.06710000 0.99750000
vn -0.02810000 -0.05590000 0.99800000
vn -0.02340000 -0.05580000 0.99820000
vn -0.00430000 -0.08890000 0.99600000
vn -0.00920000 -0.07780000 0.99690000
vn -0.00440000 -0.07790000 0.99690000
vn -0.00000000 -0.08100000 0.99670000
vn 0.00010000 -0.09330000 0.99560000
vn 0.00010000 -0.10550000 0.99440000
vn 0.00010000 -0.11770000 0.99300000
vn 0.00010000 -0.12980000 0.99150000
vn -0.00000000 -0.14180000 0.98990000
vn 0.00010000 -0.15370000 0.98810000
vn 0.00010000 -0.16540000 0.98620000
vn -0.00000000 -0.17700000 0.98420000
vn 0.00010000 -0.18850000 0.98210000
vn -0.00000000 -0.19990000 0.97980000
vn 0.00010000 -0.21110000 0.97750000
vn 0.00010000 -0.22220000 0.97500000
vn -0.00000000 -0.23320000 0.97240000
vn -0.00000000 -0.24400000 0.96980000
vn 0.00010000 -0.25470000 0.96700000
vn -0.00260000 -0.25500000 0.96690000
vn -0.00780000 -0.25590000 0.96670000
vn -0.01540000 -0.25710000 0.96630000
vn -0.02500000 -0.25810000 0.96580000
vn -0.03540000 -0.25890000 0.96530000
vn -0.04590000 -0.25940000 0.96470000
vn -0.05610000 -0.25940000 0.96410000
vn -0.06580000 -0.25920000 0.96360000
vn -0.06610000 -0.25910000 0.96360000
vn -0.06630000 -0.25930000 0.96350000
vn -0.06690000 -0.25890000 0.96360000
vn -0.06800000 -0.25910000 0.96350000
vn -0.07000000 -0.25910000 0.96330000
vn -0.07460000 -0.25880000 0.96310000
vn -0.08350000 -0.25800000 0.96250000
vn -0.10110000 -0.25590000 0.96140000
vn -0.11800000 -0.25320000 0.96020000
vn -0.13290000 -0.25010000 0.95910000
vn -0.13310000 -0.25010000 0.95900000
vn -0.13330000 -0.25000000 0.95900000
vn -0.13380000 -0.24990000 0.95900000
vn -0.13460000 -0.24970000 0.95890000
vn -0.13620000 -0.24940000 0.95880000
vn -0.13950000 -0.24860000 0.95850000
vn -0.14550000 -0.24700000 0.95800000
vn -0.15520000 -0.24390000 0.95730000
vn -0.16550000 -0.23850000 0.95690000
vn -0.16510000 -0.23490000 0.95790000
vn -0.16120000 -0.23280000 0.95910000
vn -0.06310000 -0.24210000 0.96820000
vn -0.05340000 -0.25170000 0.96630000
vn -0.07830000 -0.25120000 0.96480000
vn -0.06530000 -0.25160000 0.96560000
vn -0.05910000 -0.25170000 0.96600000
vn -0.05410000 -0.25650000 0.96500000
vn -0.06650000 -0.25630000 0.96430000
vn -0.05970000 -0.25660000 0.96470000
vn -0.04190000 -0.24170000 0.96950000
vn -0.03320000 -0.25090000 0.96750000
vn -0.04280000 -0.25140000 0.96690000
vn -0.06320000 -0.25640000 0.96450000
vn -0.06060000 -0.25880000 0.96400000
vn -0.06720000 -0.25850000 0.96370000
vn -0.06380000 -0.25880000 0.96380000
vn -0.07120000 -0.25120000 0.96530000
vn -0.07990000 -0.25570000 0.96340000
vn -0.07290000 -0.25620000 0.96390000
vn -0.08870000 -0.24100000 0.96650000
vn -0.10780000 -0.24860000 0.96260000
vn -0.09250000 -0.25020000 0.96380000
vn -0.06540000 -0.25870000 0.96370000
vn -0.06940000 -0.25620000 0.96410000
vn -0.07040000 -0.25850000 0.96340000
vn -0.06620000 -0.25860000 0.96370000
vn -0.06870000 -0.25870000 0.96350000
vn -0.06470000 -0.25620000 0.96450000
vn -0.06320000 -0.25760000 0.96420000
vn -0.06660000 -0.25740000 0.96400000
vn -0.06500000 -0.25760000 0.96410000
vn -0.06220000 -0.25160000 0.96580000
vn -0.05970000 -0.25410000 0.96530000
vn -0.06600000 -0.25410000 0.96490000
vn -0.06270000 -0.25410000 0.96510000
vn -0.05740000 -0.24210000 0.96850000
vn -0.05250000 -0.24690000 0.96760000
vn -0.06420000 -0.24690000 0.96690000
vn -0.05820000 -0.24700000 0.96730000
vn -0.05920000 -0.22210000 0.97320000
vn -0.05050000 -0.23200000 0.97140000
vn -0.07260000 -0.23210000 0.97000000
vn -0.06110000 -0.23230000 0.97070000
vn -0.11800000 -0.23800000 0.96410000
vn -0.13910000 -0.24380000 0.95980000
vn -0.12370000 -0.24640000 0.96120000
vn -0.13140000 -0.24510000 0.96060000
vn -0.12660000 -0.25050000 0.95980000
vn -0.14250000 -0.24760000 0.95830000
vn -0.13460000 -0.24910000 0.95910000
vn -0.14490000 -0.23330000 0.96160000
vn -0.15210000 -0.24080000 0.95860000
vn -0.13030000 -0.24960000 0.95950000
vn -0.11590000 -0.24770000 0.96190000
vn -0.11020000 -0.25280000 0.96120000
vn -0.11850000 -0.25170000 0.96050000
vn -0.13260000 -0.24930000 0.95930000
vn -0.14600000 -0.24230000 0.95910000
vn -0.12760000 -0.24580000 0.96090000
vn -0.12500000 -0.24850000 0.96050000
vn -0.13300000 -0.24720000 0.95980000
vn -0.12910000 -0.24780000 0.96020000
vn -0.12540000 -0.23700000 0.96340000
vn -0.12080000 -0.24230000 0.96270000
vn -0.13580000 -0.23990000 0.96130000
vn -0.12840000 -0.24140000 0.96190000
vn -0.10780000 -0.21990000 0.96960000
vn -0.09860000 -0.23060000 0.96800000
vn -0.12640000 -0.22730000 0.96560000
vn -0.11240000 -0.22920000 0.96690000
vn -0.13150000 -0.24950000 0.95940000
vn -0.13100000 -0.25030000 0.95930000
vn -0.13300000 -0.24980000 0.95910000
vn -0.13200000 -0.25010000 0.95920000
vn -0.13090000 -0.24730000 0.96010000
vn -0.12960000 -0.24900000 0.95980000
vn -0.13380000 -0.24810000 0.95950000
vn -0.13190000 -0.24850000 0.95960000
vn -0.13530000 -0.24440000 0.96020000
vn -0.14090000 -0.24560000 0.95910000
vn -0.13700000 -0.24660000 0.95940000
vn -0.12860000 -0.25010000 0.95960000
vn -0.12250000 -0.25110000 0.96020000
vn -0.13370000 -0.24910000 0.95920000
vn -0.13400000 -0.24970000 0.95900000
vn -0.13350000 -0.24980000 0.95900000
vn -0.08530000 -0.00000000 0.99640000
vn -0.08210000 -0.00000000 0.99660000
vn -0.07460000 -0.00000000 0.99720000
vn -0.06510000 -0.00000000 0.99790000
vn -0.05590000 -0.00000000 0.99840000
vn -0.04740000 -0.00000000 0.99890000
vn -0.04350000 -0.00000000 0.99910000
vn -0.03970000 -0.00000000 0.99920000
vn -0.03610000 -0.00000000 0.99930000
vn -0.03240000 -0.00000000 0.99950000
vn -0.02880000 -0.00000000 0.99960000
vn -0.15030000 -0.22440000 0.96280000
vn -0.14060000 -0.21450000 0.96660000
vn -0.13180000 -0.20300000 0.97030000
vn -0.12390000 -0.19010000 0.97390000
vn -0.11690000 -0.17640000 0.97730000
vn -0.11080000 -0.16220000 0.98050000
vn -0.10550000 -0.14740000 0.98340000
vn -0.10110000 -0.13220000 0.98600000
vn -0.09700000 -0.11610000 0.98850000
vn -0.09370000 -0.10010000 0.99060000
vn -0.09100000 -0.08380000 0.99230000
vn -0.08880000 -0.06740000 0.99380000
vn -0.08730000 -0.05070000 0.99490000
vn -0.08610000 -0.03400000 0.99570000
vn -0.08550000 -0.01710000 0.99620000
vn -0.10010000 -0.10290000 0.98960000
vn -0.09660000 -0.03870000 0.99460000
vn -0.16300000 -0.21710000 0.96240000
vn -0.13330000 -0.16700000 0.97690000
vn -0.11380000 -0.11160000 0.98720000
vn -0.10170000 -0.05590000 0.99320000
vn -0.16460000 -0.19780000 0.96630000
vn -0.13530000 -0.16090000 0.97760000
vn -0.11220000 -0.11640000 0.98680000
vn -0.09540000 -0.06890000 0.99310000
vn -0.08320000 -0.02200000 0.99630000
vn -0.13970000 -0.19820000 0.97020000
vn -0.11720000 -0.16250000 0.97970000
vn -0.09600000 -0.12300000 0.98770000
vn -0.07780000 -0.08090000 0.99370000
vn -0.06220000 -0.03810000 0.99730000
vn -0.10530000 -0.21110000 0.97180000
vn -0.08720000 -0.17290000 0.98110000
vn -0.06860000 -0.13430000 0.98860000
vn -0.05070000 -0.09440000 0.99420000
vn -0.03380000 -0.05380000 0.99800000
vn -0.01740000 -0.01310000 0.99980000
vn -0.06970000 -0.22840000 0.97110000
vn -0.05320000 -0.18810000 0.98070000
vn -0.03610000 -0.14870000 0.98820000
vn -0.01850000 -0.10930000 0.99380000
vn -0.00100000 -0.06950000 0.99760000
vn 0.01670000 -0.02930000 0.99940000
vn -0.02980000 -0.24880000 0.96810000
vn 0.00310000 -0.16700000 0.98600000
vn 0.02030000 -0.12710000 0.99170000
vn 0.03790000 -0.08720000 0.99550000
vn 0.05620000 -0.04700000 0.99730000
vn 0.00940000 -0.26910000 0.96310000
vn 0.04250000 -0.18580000 0.98170000
vn 0.05970000 -0.14530000 0.98760000
vn 0.07750000 -0.10500000 0.99140000
vn 0.09620000 -0.06440000 0.99330000
vn 0.11540000 -0.02380000 0.99300000
vn 0.06580000 -0.24680000 0.96680000
vn 0.08300000 -0.20530000 0.97520000
vn 0.10050000 -0.16420000 0.98130000
vn 0.11850000 -0.12330000 0.98530000
vn 0.13740000 -0.08240000 0.98710000
vn 0.15650000 -0.04120000 0.98680000
vn 0.12330000 -0.22440000 0.96670000
vn 0.14110000 -0.18300000 0.97290000
vn 0.15940000 -0.14170000 0.97700000
vn 0.17830000 -0.10030000 0.97890000
vn 0.19740000 -0.05890000 0.97860000
vn 0.21690000 -0.01740000 0.97600000
vn 0.18100000 -0.20130000 0.96270000
vn 0.19950000 -0.15970000 0.96680000
vn 0.21840000 -0.11800000 0.96870000
vn 0.23750000 -0.07640000 0.96840000
vn 0.25670000 -0.03470000 0.96590000
vn -0.03870000 -0.20440000 0.97810000
vn -0.03800000 -0.20100000 0.97890000
vn -0.03710000 -0.19770000 0.97960000
vn -0.03580000 -0.19450000 0.98020000
vn -0.03420000 -0.19160000 0.98090000
vn -0.03230000 -0.18880000 0.98150000
vn -0.03020000 -0.18630000 0.98200000
vn -0.02780000 -0.18390000 0.98250000
vn -0.02510000 -0.18190000 0.98300000
vn -0.02220000 -0.18010000 0.98340000
vn -0.01920000 -0.17860000 0.98370000
vn -0.01600000 -0.17750000 0.98400000
vn -0.01270000 -0.17660000 0.98420000
vn -0.00930000 -0.17620000 0.98430000
vn -0.00580000 -0.17600000 0.98440000
vn -0.00230000 -0.17620000 0.98430000
vn 0.00120000 -0.17680000 0.98430000
vn 0.00470000 -0.17770000 0.98410000
vn 0.00800000 -0.17900000 0.98380000
vn 0.01130000 -0.18060000 0.98350000
vn 0.01440000 -0.18250000 0.98310000
vn 0.01730000 -0.18470000 0.98260000
vn 0.02010000 -0.18710000 0.98210000
vn 0.02250000 -0.18990000 0.98160000
vn 0.02480000 -0.19280000 0.98090000
vn 0.02680000 -0.19590000 0.98030000
vn 0.02840000 -0.19910000 0.97960000
vn 0.02980000 -0.20250000 0.97880000
vn 0.03090000 -0.20600000 0.97810000
vn 0.03160000 -0.20960000 0.97730000
vn 0.03190000 -0.21320000 0.97650000
vn 0.03210000 -0.21670000 0.97570000
vn 0.03170000 -0.22030000 0.97490000
vn -0.06160000 -0.20800000 0.97620000
vn -0.04980000 -0.23850000 0.96990000
vn -0.04170000 -0.21780000 0.97510000
vn -0.04340000 -0.19280000 0.98030000
vn -0.05740000 -0.19800000 0.97850000
vn -0.05160000 -0.21290000 0.97570000
vn -0.04750000 -0.20280000 0.97810000
vn -0.01670000 -0.15760000 0.98740000
vn -0.04480000 -0.16840000 0.98470000
vn -0.02520000 -0.17750000 0.98380000
vn -0.07070000 -0.18000000 0.98110000
vn -0.09640000 -0.19190000 0.97670000
vn -0.08780000 -0.21930000 0.97170000
vn -0.07940000 -0.19940000 0.97670000
vn -0.03850000 -0.19520000 0.98000000
vn -0.04560000 -0.19770000 0.97920000
vn -0.04250000 -0.20520000 0.97780000
vn -0.04060000 -0.20020000 0.97890000
vn 0.01760000 -0.24780000 0.96870000
vn -0.01030000 -0.25880000 0.96590000
vn -0.03500000 -0.17290000 0.98430000
vn -0.04900000 -0.17820000 0.98280000
vn -0.03930000 -0.18280000 0.98240000
vn -0.05300000 -0.14110000 0.98860000
vn -0.07790000 -0.15370000 0.98500000
vn -0.06200000 -0.16050000 0.98510000
vn -0.03430000 -0.18520000 0.98210000
vn -0.04140000 -0.18780000 0.98130000
vn -0.03640000 -0.19020000 0.98110000
vn 0.03410000 -0.20640000 0.97790000
vn 0.02260000 -0.17640000 0.98410000
vn -0.02730000 -0.18250000 0.98280000
vn -0.03010000 -0.17530000 0.98410000
vn -0.03730000 -0.17780000 0.98340000
vn -0.03240000 -0.17990000 0.98310000
vn -0.02100000 -0.16750000 0.98560000
vn -0.02650000 -0.15310000 0.98790000
vn -0.04040000 -0.15850000 0.98650000
vn -0.03090000 -0.16270000 0.98620000
vn 0.01170000 -0.14690000 0.98910000
vn 0.00060000 -0.11800000 0.99300000
vn -0.02730000 -0.12900000 0.99130000
vn -0.00810000 -0.13780000 0.99040000
vn -0.00690000 -0.16230000 0.98670000
vn -0.01110000 -0.17230000 0.98500000
vn -0.01600000 -0.16990000 0.98530000
vn -0.02310000 -0.17260000 0.98470000
vn -0.01820000 -0.17480000 0.98440000
vn 0.01280000 -0.17160000 0.98510000
vn 0.05100000 -0.16540000 0.98490000
vn 0.03980000 -0.13610000 0.98990000
vn 0.03110000 -0.15610000 0.98730000
vn 0.00100000 -0.17200000 0.98510000
vn -0.00190000 -0.16460000 0.98640000
vn -0.00900000 -0.16730000 0.98590000
vn -0.00400000 -0.16970000 0.98550000
vn 0.00730000 -0.15710000 0.98760000
vn 0.00170000 -0.14230000 0.98980000
vn -0.01240000 -0.14770000 0.98900000
vn -0.00260000 -0.15200000 0.98840000
vn 0.01070000 -0.17660000 0.98420000
vn 0.00790000 -0.16930000 0.98550000
vn 0.00580000 -0.17430000 0.98470000
vn 0.02690000 -0.16610000 0.98570000
vn 0.02130000 -0.15150000 0.98820000
vn 0.01720000 -0.16110000 0.98680000
vn 0.02040000 -0.18140000 0.98320000
vn 0.01770000 -0.17400000 0.98460000
vn 0.01560000 -0.17900000 0.98370000
vn 0.03820000 -0.19610000 0.97980000
vn 0.03250000 -0.18110000 0.98290000
vn 0.02820000 -0.19130000 0.98110000
vn 0.07430000 -0.22600000 0.97130000
vn 0.06250000 -0.19560000 0.97870000
vn 0.04570000 -0.23690000 0.97050000
vn 0.05410000 -0.21620000 0.97490000
vn 0.03030000 -0.18610000 0.98210000
vn 0.02750000 -0.17870000 0.98350000
vn 0.02570000 -0.18360000 0.98270000
vn 0.04670000 -0.17560000 0.98330000
vn 0.04100000 -0.16070000 0.98610000
vn 0.03700000 -0.17080000 0.98460000
vn 0.09170000 -0.18470000 0.97850000
vn 0.07990000 -0.15470000 0.98470000
vn 0.07120000 -0.17500000 0.98200000
vn 0.03620000 -0.20120000 0.97890000
vn 0.03320000 -0.19370000 0.98050000
vn 0.03110000 -0.19880000 0.97950000
vn 0.05830000 -0.20590000 0.97680000
vn 0.05240000 -0.19070000 0.98020000
vn 0.04400000 -0.21130000 0.97640000
vn 0.04830000 -0.20090000 0.97840000
vn 0.04990000 -0.22650000 0.97270000
vn 0.03570000 -0.23200000 0.97210000
vn 0.03980000 -0.22160000 0.97430000
vn 0.05740000 -0.26760000 0.96180000
vn 0.02900000 -0.27880000 0.95990000
vn 0.03740000 -0.25770000 0.96550000
vn 0.04190000 -0.21640000 0.97540000
vn 0.03900000 -0.20880000 0.97720000
vn 0.03480000 -0.21910000 0.97510000
vn 0.03700000 -0.21400000 0.97610000
vn 0.03770000 -0.22670000 0.97320000
vn 0.03280000 -0.22430000 0.97400000
vn 0.04160000 -0.24730000 0.96800000
vn 0.02740000 -0.25270000 0.96720000
vn 0.03160000 -0.24230000 0.96970000
vn -0.08530000 -0.00000000 0.99640000
vn -0.08560000 -0.01690000 0.99620000
vn -0.08630000 -0.03380000 0.99570000
vn -0.08740000 -0.05060000 0.99490000
vn -0.08910000 -0.06730000 0.99380000
vn -0.09120000 -0.08380000 0.99230000
vn -0.09390000 -0.10020000 0.99050000
vn -0.09720000 -0.11630000 0.98850000
vn -0.10100000 -0.13210000 0.98610000
vn -0.10550000 -0.14740000 0.98340000
vn -0.11080000 -0.16230000 0.98050000
vn -0.11680000 -0.17660000 0.97730000
vn -0.12360000 -0.19020000 0.97390000
vn -0.13150000 -0.20290000 0.97030000
vn -0.14050000 -0.21440000 0.96660000
vn -0.15040000 -0.22470000 0.96270000
vn -0.16130000 -0.23320000 0.95900000
vn -0.09040000 -0.02790000 0.99550000
vn -0.09780000 -0.07020000 0.99270000
vn -0.12240000 -0.13940000 0.98260000
vn -0.10870000 -0.10810000 0.98820000
vn -0.12340000 -0.16980000 0.97770000
vn -0.11520000 -0.13880000 0.98360000
vn -0.14650000 -0.19300000 0.97020000
vn 0.03110000 -0.22370000 0.97410000
vn 0.03020000 -0.22710000 0.97340000
vn 0.02890000 -0.23030000 0.97270000
vn 0.02730000 -0.23340000 0.97200000
vn 0.02540000 -0.23630000 0.97140000
vn 0.02320000 -0.23890000 0.97080000
vn 0.02080000 -0.24140000 0.97020000
vn 0.01810000 -0.24350000 0.96970000
vn 0.01520000 -0.24540000 0.96930000
vn 0.01210000 -0.24690000 0.96900000
vn 0.00880000 -0.24800000 0.96870000
vn 0.00540000 -0.24890000 0.96850000
vn 0.00200000 -0.24940000 0.96840000
vn -0.00150000 -0.24950000 0.96840000
vn -0.00510000 -0.24920000 0.96840000
vn -0.00860000 -0.24850000 0.96860000
vn -0.01210000 -0.24750000 0.96880000
vn -0.01540000 -0.24620000 0.96910000
vn -0.01870000 -0.24440000 0.96950000
vn -0.02180000 -0.24250000 0.96990000
vn -0.02470000 -0.24020000 0.97040000
vn -0.02740000 -0.23760000 0.97100000
vn -0.02980000 -0.23480000 0.97160000
vn -0.03200000 -0.23180000 0.97220000
vn -0.03400000 -0.22860000 0.97290000
vn -0.03560000 -0.22530000 0.97360000
vn -0.03700000 -0.22190000 0.97440000
vn -0.03790000 -0.21840000 0.97510000
vn -0.03860000 -0.21490000 0.97590000
vn -0.03900000 -0.21130000 0.97660000
vn -0.03900000 -0.20780000 0.97740000
vn 0.03360000 -0.23710000 0.97090000
vn 0.02660000 -0.23990000 0.97040000
vn 0.02870000 -0.23470000 0.97170000
vn 0.02950000 -0.24750000 0.96840000
vn 0.02250000 -0.25030000 0.96790000
vn 0.02450000 -0.24500000 0.96920000
vn 0.03320000 -0.26830000 0.96280000
vn 0.01340000 -0.25820000 0.96600000
vn 0.01910000 -0.27380000 0.96160000
vn 0.02330000 -0.26340000 0.96440000
vn -0.00050000 -0.26390000 0.96460000
vn 0.00360000 -0.25330000 0.96740000
vn -0.03810000 -0.27030000 0.96200000
vn 0.01540000 -0.25300000 0.96730000
vn 0.00850000 -0.25580000 0.96670000
vn 0.01050000 -0.25040000 0.96810000
vn -0.02010000 -0.25390000 0.96700000
vn 0.00150000 -0.25860000 0.96600000
vn -0.00830000 -0.25370000 0.96730000
vn -0.00540000 -0.26140000 0.96520000
vn -0.00330000 -0.25620000 0.96660000
vn 0.00520000 -0.27950000 0.96010000
vn -0.01450000 -0.26950000 0.96290000
vn -0.00490000 -0.27490000 0.96140000
vn -0.01800000 -0.24850000 0.96850000
vn -0.01520000 -0.25630000 0.96650000
vn -0.01320000 -0.25100000 0.96790000
vn -0.03390000 -0.25940000 0.96520000
vn -0.02820000 -0.27500000 0.96100000
vn -0.02420000 -0.26450000 0.96410000
vn -0.07790000 -0.24960000 0.96520000
vn -0.05810000 -0.25990000 0.96390000
vn -0.02780000 -0.24360000 0.96950000
vn -0.02500000 -0.25140000 0.96760000
vn -0.02290000 -0.24600000 0.96900000
vn -0.04590000 -0.22810000 0.97260000
vn -0.03990000 -0.24370000 0.96900000
vn -0.03580000 -0.23320000 0.97180000
vn -0.03780000 -0.23840000 0.97040000
vn -0.03480000 -0.24620000 0.96860000
vn -0.03290000 -0.24090000 0.97000000
vn -0.05390000 -0.24910000 0.96700000
vn -0.04800000 -0.26510000 0.96300000
vn -0.04390000 -0.25430000 0.96610000
vn -0.04380000 -0.22290000 0.97380000
vn -0.04080000 -0.23070000 0.97220000
vn -0.03870000 -0.22540000 0.97350000
vn -0.06570000 -0.21810000 0.97370000
vn -0.05980000 -0.23350000 0.97050000
vn -0.05580000 -0.22310000 0.97320000
vn -0.03970000 -0.21270000 0.97630000
vn -0.04970000 -0.20780000 0.97690000
vn -0.04680000 -0.21540000 0.97540000
vn -0.04480000 -0.21030000 0.97660000
vn -0.17100000 -0.22770000 0.95860000
vn -0.17890000 -0.22200000 0.95850000
vn -0.17940000 -0.22170000 0.95850000
vn -0.17980000 -0.22130000 0.95850000
vn -0.18050000 -0.22070000 0.95850000
vn -0.18170000 -0.21940000 0.95860000
vn -0.18350000 -0.21730000 0.95870000
vn -0.18460000 -0.21460000 0.95910000
vn -0.18360000 -0.21390000 0.95950000
vn -0.17990000 -0.21470000 0.96000000
vn -0.17200000 -0.21830000 0.96060000
vn -0.15880000 -0.22620000 0.96110000
vn -0.13890000 -0.23870000 0.96110000
vn -0.11300000 -0.25280000 0.96090000
vn -0.10930000 -0.25460000 0.96080000
vn -0.10740000 -0.25550000 0.96080000
vn -0.10650000 -0.25600000 0.96080000
vn -0.10630000 -0.25610000 0.96080000
vn -0.10610000 -0.25610000 0.96080000
vn -0.10580000 -0.25630000 0.96080000
vn -0.10110000 -0.25840000 0.96070000
vn -0.09160000 -0.26240000 0.96060000
vn -0.07220000 -0.26940000 0.96030000
vn -0.05230000 -0.27480000 0.96010000
vn -0.03220000 -0.27850000 0.95990000
vn -0.02970000 -0.27890000 0.95990000
vn -0.02940000 -0.27900000 0.95990000
vn -0.02920000 -0.27900000 0.95990000
vn -0.02880000 -0.27900000 0.95980000
vn -0.02800000 -0.27910000 0.95980000
vn -0.02460000 -0.27950000 0.95980000
vn -0.01760000 -0.28030000 0.95980000
vn -0.00170000 -0.28120000 0.95960000
vn 0.01660000 -0.28120000 0.95950000
vn 0.03720000 -0.27970000 0.95940000
vn 0.05990000 -0.27630000 0.95920000
vn 0.08450000 -0.27030000 0.95910000
vn 0.11060000 -0.26130000 0.95890000
vn 0.11080000 -0.26120000 0.95890000
vn 0.11110000 -0.26110000 0.95890000
vn 0.11170000 -0.26070000 0.95890000
vn 0.11280000 -0.26030000 0.95890000
vn 0.11500000 -0.25940000 0.95890000
vn 0.11930000 -0.25750000 0.95890000
vn 0.12780000 -0.25350000 0.95880000
vn 0.14400000 -0.24490000 0.95880000
vn 0.15920000 -0.23550000 0.95880000
vn 0.17320000 -0.22550000 0.95870000
vn 0.19830000 -0.20420000 0.95860000
vn 0.21930000 -0.18190000 0.95860000
vn 0.23650000 -0.15910000 0.95850000
vn 0.25030000 -0.13660000 0.95850000
vn 0.26100000 -0.11500000 0.95850000
vn 0.26910000 -0.09460000 0.95840000
vn 0.27510000 -0.07580000 0.95840000
vn 0.27920000 -0.05880000 0.95840000
vn 0.28380000 -0.03060000 0.95840000
vn 0.28510000 -0.01090000 0.95840000
vn 0.28540000 -0.00000000 0.95840000
vn -0.16860000 -0.20540000 0.96410000
vn -0.17780000 -0.21340000 0.96070000
vn -0.16720000 -0.21080000 0.96310000
vn -0.17690000 -0.21980000 0.95940000
vn -0.14920000 -0.18060000 0.97220000
vn -0.13720000 -0.16350000 0.97700000
vn -0.15150000 -0.18570000 0.97090000
vn -0.17500000 -0.22360000 0.95880000
vn -0.17600000 -0.22170000 0.95910000
vn -0.17780000 -0.21670000 0.95990000
vn -0.17250000 -0.20530000 0.96340000
vn -0.16760000 -0.20090000 0.96520000
vn -0.17650000 -0.20840000 0.96200000
vn -0.15030000 -0.21600000 0.96480000
vn -0.15350000 -0.19610000 0.96850000
vn -0.16620000 -0.21210000 0.96300000
vn -0.17200000 -0.21550000 0.96120000
vn -0.16540000 -0.21390000 0.96270000
vn -0.16770000 -0.22250000 0.96040000
vn -0.17010000 -0.21890000 0.96080000
vn -0.15970000 -0.19600000 0.96750000
vn -0.15010000 -0.18920000 0.97040000
vn -0.15440000 -0.20540000 0.96640000
vn -0.15810000 -0.20050000 0.96690000
vn -0.17790000 -0.22080000 0.95890000
vn -0.17650000 -0.22070000 0.95920000
vn -0.17730000 -0.22280000 0.95860000
vn -0.17760000 -0.22170000 0.95880000
vn -0.18020000 -0.21840000 0.95910000
vn -0.17730000 -0.21800000 0.95970000
vn -0.17990000 -0.22020000 0.95870000
vn -0.17310000 -0.20950000 0.96240000
vn -0.16820000 -0.20800000 0.96360000
vn -0.17290000 -0.21240000 0.96180000
vn -0.17420000 -0.21790000 0.96030000
vn -0.17110000 -0.21710000 0.96100000
vn -0.17270000 -0.22130000 0.95980000
vn -0.17370000 -0.21940000 0.96010000
vn -0.17850000 -0.21900000 0.95920000
vn -0.17700000 -0.21870000 0.95960000
vn -0.17830000 -0.21990000 0.95910000
vn -0.17530000 -0.21470000 0.96080000
vn -0.17250000 -0.21380000 0.96150000
vn -0.17490000 -0.21610000 0.96060000
vn -0.11410000 -0.23130000 0.96620000
vn -0.09620000 -0.24010000 0.96600000
vn -0.10030000 -0.25090000 0.96280000
vn -0.10520000 -0.23560000 0.96610000
vn -0.11850000 -0.24180000 0.96310000
vn -0.10950000 -0.24630000 0.96300000
vn -0.12280000 -0.20380000 0.97130000
vn -0.13240000 -0.22300000 0.96580000
vn -0.10250000 -0.25640000 0.96110000
vn -0.10490000 -0.24840000 0.96300000
vn -0.11170000 -0.25170000 0.96130000
vn -0.10700000 -0.25410000 0.96120000
vn -0.08200000 -0.26050000 0.96200000
vn -0.08700000 -0.24480000 0.96570000
vn -0.09120000 -0.25560000 0.96250000
vn -0.10500000 -0.25530000 0.96120000
vn -0.09580000 -0.25320000 0.96260000
vn -0.09790000 -0.25870000 0.96100000
vn -0.10590000 -0.25440000 0.96130000
vn -0.10130000 -0.25370000 0.96200000
vn -0.10270000 -0.24970000 0.96290000
vn -0.10600000 -0.25130000 0.96210000
vn -0.10370000 -0.25250000 0.96200000
vn -0.09830000 -0.24550000 0.96440000
vn -0.10070000 -0.23780000 0.96610000
vn -0.10730000 -0.24090000 0.96460000
vn -0.10280000 -0.24300000 0.96460000
vn -0.09200000 -0.22960000 0.96890000
vn -0.09660000 -0.21510000 0.97180000
vn -0.10980000 -0.22100000 0.96910000
vn -0.10100000 -0.22500000 0.96910000
vn -0.10940000 -0.25290000 0.96130000
vn -0.11400000 -0.24390000 0.96310000
vn -0.12070000 -0.24710000 0.96140000
vn -0.11620000 -0.24940000 0.96140000
vn -0.12330000 -0.22700000 0.96610000
vn -0.13700000 -0.23300000 0.96280000
vn -0.12780000 -0.23730000 0.96300000
vn -0.10510000 -0.25590000 0.96100000
vn -0.10550000 -0.25510000 0.96110000
vn -0.10620000 -0.25510000 0.96110000
vn -0.10560000 -0.25550000 0.96100000
vn -0.10370000 -0.25570000 0.96120000
vn -0.10020000 -0.25750000 0.96110000
vn -0.10430000 -0.25380000 0.96160000
vn -0.10490000 -0.25190000 0.96200000
vn -0.10660000 -0.25260000 0.96170000
vn -0.10540000 -0.25320000 0.96170000
vn -0.10720000 -0.24740000 0.96300000
vn -0.11060000 -0.24900000 0.96220000
vn -0.10830000 -0.25000000 0.96220000
vn -0.10580000 -0.25600000 0.96090000
vn -0.10600000 -0.25580000 0.96090000
vn -0.10630000 -0.25560000 0.96090000
vn -0.10610000 -0.25580000 0.96090000
vn -0.10640000 -0.25410000 0.96130000
vn -0.10740000 -0.25470000 0.96100000
vn -0.10680000 -0.25500000 0.96100000
vn -0.10840000 -0.25340000 0.96130000
vn -0.10880000 -0.25480000 0.96090000
vn -0.03320000 -0.27280000 0.96150000
vn -0.02350000 -0.27780000 0.96040000
vn -0.02600000 -0.27660000 0.96060000
vn -0.02940000 -0.27800000 0.96010000
vn -0.01650000 -0.27490000 0.96130000
vn -0.01930000 -0.26700000 0.96350000
vn -0.02620000 -0.26980000 0.96260000
vn -0.02140000 -0.27240000 0.96200000
vn -0.02820000 -0.27870000 0.96000000
vn -0.03080000 -0.27410000 0.96120000
vn -0.03430000 -0.27550000 0.96070000
vn -0.03180000 -0.27670000 0.96040000
vn -0.02910000 -0.26200000 0.96460000
vn -0.03600000 -0.26480000 0.96360000
vn -0.03110000 -0.26740000 0.96310000
vn -0.02880000 -0.27830000 0.96000000
vn -0.02970000 -0.27870000 0.95990000
vn -0.02650000 -0.27790000 0.96030000
vn -0.02710000 -0.27580000 0.96080000
vn -0.02890000 -0.27660000 0.96060000
vn -0.02770000 -0.27720000 0.96040000
vn -0.02240000 -0.27510000 0.96120000
vn -0.02380000 -0.27110000 0.96230000
vn -0.02730000 -0.27250000 0.96180000
vn -0.02480000 -0.27380000 0.96150000
vn -0.03070000 -0.27710000 0.96030000
vn -0.02990000 -0.27750000 0.96030000
vn -0.03090000 -0.27810000 0.96010000
vn -0.03030000 -0.27840000 0.96000000
vn -0.02960000 -0.27470000 0.96110000
vn -0.03140000 -0.27540000 0.96080000
vn -0.03010000 -0.27600000 0.96070000
vn -0.02860000 -0.26850000 0.96290000
vn -0.03220000 -0.27000000 0.96230000
vn -0.02980000 -0.27120000 0.96210000
vn 0.14310000 -0.23370000 0.96170000
vn 0.11440000 -0.24520000 0.96270000
vn 0.12430000 -0.24980000 0.96030000
vn 0.11000000 -0.25560000 0.96050000
vn 0.10310000 -0.21490000 0.97120000
vn 0.08580000 -0.25650000 0.96270000
vn 0.09440000 -0.23570000 0.96720000
vn 0.11500000 -0.25780000 0.95930000
vn 0.10780000 -0.26080000 0.95940000
vn 0.10440000 -0.24040000 0.96500000
vn 0.09010000 -0.24610000 0.96510000
vn 0.09570000 -0.26130000 0.96050000
vn 0.10000000 -0.25080000 0.96280000
vn 0.11240000 -0.25680000 0.95990000
vn 0.10900000 -0.25830000 0.95990000
vn 0.11140000 -0.25930000 0.95940000
vn 0.12210000 -0.25500000 0.95920000
vn 0.11940000 -0.24750000 0.96150000
vn 0.11230000 -0.25010000 0.96170000
vn 0.11720000 -0.25240000 0.96050000
vn 0.13320000 -0.22910000 0.96420000
vn 0.11880000 -0.23480000 0.96480000
vn 0.12880000 -0.23950000 0.96230000
vn 0.16120000 -0.19220000 0.96800000
vn 0.13220000 -0.20360000 0.97010000
vn 0.15210000 -0.21290000 0.96520000
vn 0.10500000 -0.25320000 0.96170000
vn 0.09790000 -0.25600000 0.96170000
vn 0.10070000 -0.26360000 0.95940000
vn 0.10280000 -0.25840000 0.96050000
vn 0.11080000 -0.26070000 0.95900000
vn 0.11020000 -0.25870000 0.95970000
vn 0.10830000 -0.25940000 0.95970000
vn 0.10900000 -0.26130000 0.95910000
vn 0.10960000 -0.26000000 0.95940000
vn 0.10750000 -0.25440000 0.96110000
vn 0.10400000 -0.25580000 0.96110000
vn 0.10530000 -0.25960000 0.96000000
vn 0.10640000 -0.25690000 0.96060000
vn 0.10940000 -0.24280000 0.96390000
vn 0.10220000 -0.24560000 0.96400000
vn 0.10720000 -0.24790000 0.96290000
vn 0.11320000 -0.21970000 0.96900000
vn 0.09880000 -0.22530000 0.96930000
vn 0.10870000 -0.22970000 0.96720000
vn 0.12080000 -0.17360000 0.97740000
vn 0.11190000 -0.19410000 0.97460000
vn 0.26380000 -0.00000000 0.96460000
vn 0.24180000 -0.00000000 0.97030000
vn 0.21960000 -0.00000000 0.97560000
vn 0.19720000 -0.00000000 0.98040000
vn 0.17480000 -0.00000000 0.98460000
vn 0.15230000 -0.00000000 0.98830000
vn 0.12990000 -0.00000000 0.99150000
vn 0.10760000 -0.00010000 0.99420000
vn 0.07780000 -0.00010000 0.99700000
vn 0.04870000 -0.00000000 0.99880000
vn 0.02060000 -0.00000000 0.99980000
vn -0.00580000 -0.00000000 1.00000000
vn -0.03020000 -0.00000000 0.99950000
vn -0.05200000 -0.00000000 0.99860000
vn -0.07040000 -0.00010000 0.99750000
vn -0.08480000 -0.00010000 0.99640000
vn -0.09470000 -0.00010000 0.99550000
vn -0.09820000 -0.00000000 0.99520000
vn -0.09510000 0.00010000 0.99550000
vn -0.10000000 0.10300000 0.98960000
vn -0.09660000 0.03870000 0.99460000
vn -0.16310000 0.21720000 0.96240000
vn -0.13320000 0.16700000 0.97690000
vn -0.11380000 0.11160000 0.98720000
vn -0.10170000 0.05600000 0.99320000
vn -0.16470000 0.19790000 0.96630000
vn -0.13530000 0.16100000 0.97760000
vn -0.11230000 0.11640000 0.98680000
vn -0.09540000 0.06890000 0.99310000
vn -0.08320000 0.02200000 0.99630000
vn -0.13950000 0.19830000 0.97010000
vn -0.11740000 0.16250000 0.97970000
vn -0.09610000 0.12310000 0.98770000
vn -0.07780000 0.08090000 0.99370000
vn -0.06230000 0.03810000 0.99730000
vn -0.10550000 0.21110000 0.97180000
vn -0.08730000 0.17290000 0.98110000
vn -0.06870000 0.13440000 0.98850000
vn -0.05080000 0.09440000 0.99420000
vn -0.03380000 0.05380000 0.99800000
vn -0.01760000 0.01300000 0.99980000
vn -0.06990000 0.22840000 0.97110000
vn -0.05340000 0.18810000 0.98070000
vn -0.03630000 0.14870000 0.98820000
vn -0.01870000 0.10930000 0.99380000
vn -0.00110000 0.06950000 0.99760000
vn 0.01650000 0.02930000 0.99940000
vn -0.03000000 0.24880000 0.96810000
vn 0.00290000 0.16700000 0.98600000
vn 0.02020000 0.12700000 0.99170000
vn 0.03780000 0.08720000 0.99550000
vn 0.05600000 0.04690000 0.99730000
vn 0.00910000 0.26890000 0.96310000
vn 0.04240000 0.18580000 0.98170000
vn 0.05950000 0.14520000 0.98760000
vn 0.07730000 0.10490000 0.99150000
vn 0.09580000 0.06440000 0.99330000
vn 0.11520000 0.02370000 0.99310000
vn 0.06560000 0.24670000 0.96690000
vn 0.08270000 0.20520000 0.97520000
vn 0.10030000 0.16410000 0.98130000
vn 0.11830000 0.12320000 0.98530000
vn 0.13690000 0.08210000 0.98720000
vn 0.15630000 0.04120000 0.98690000
vn 0.12300000 0.22440000 0.96670000
vn 0.14090000 0.18290000 0.97300000
vn 0.15910000 0.14170000 0.97700000
vn 0.17800000 0.10020000 0.97890000
vn 0.19710000 0.05880000 0.97860000
vn 0.21660000 0.01730000 0.97610000
vn 0.18070000 0.20120000 0.96270000
vn 0.19920000 0.15970000 0.96690000
vn 0.21810000 0.11790000 0.96880000
vn 0.23720000 0.07630000 0.96850000
vn 0.25640000 0.03450000 0.96590000
vn 0.03190000 0.21240000 0.97670000
vn 0.03200000 0.21600000 0.97590000
vn 0.03180000 0.21950000 0.97510000
vn 0.03130000 0.22300000 0.97430000
vn 0.03040000 0.22630000 0.97360000
vn 0.02920000 0.22960000 0.97280000
vn 0.02770000 0.23270000 0.97210000
vn 0.02590000 0.23560000 0.97150000
vn 0.02370000 0.23840000 0.97090000
vn 0.02140000 0.24080000 0.97030000
vn 0.01870000 0.24300000 0.96980000
vn 0.01580000 0.24490000 0.96940000
vn 0.01280000 0.24650000 0.96900000
vn 0.00960000 0.24780000 0.96880000
vn 0.00620000 0.24870000 0.96860000
vn 0.00280000 0.24930000 0.96840000
vn -0.00070000 0.24950000 0.96840000
vn -0.00430000 0.24930000 0.96840000
vn -0.00780000 0.24870000 0.96860000
vn -0.01130000 0.24780000 0.96870000
vn -0.01470000 0.24660000 0.96900000
vn -0.01790000 0.24490000 0.96940000
vn -0.02110000 0.24290000 0.96980000
vn -0.02410000 0.24070000 0.97030000
vn -0.02680000 0.23820000 0.97080000
vn -0.02930000 0.23550000 0.97140000
vn -0.03160000 0.23250000 0.97210000
vn -0.03350000 0.22940000 0.97280000
vn -0.03530000 0.22610000 0.97350000
vn -0.03670000 0.22270000 0.97420000
vn -0.03770000 0.21920000 0.97500000
vn -0.03850000 0.21570000 0.97570000
vn -0.03890000 0.21210000 0.97650000
vn 0.07410000 0.22600000 0.97130000
vn 0.06230000 0.19550000 0.97870000
vn 0.03390000 0.20630000 0.97790000
vn 0.04540000 0.23680000 0.97050000
vn 0.05380000 0.21610000 0.97490000
vn 0.04960000 0.22650000 0.97270000
vn 0.04380000 0.21120000 0.97650000
vn 0.03550000 0.23190000 0.97210000
vn 0.03960000 0.22150000 0.97430000
vn 0.02240000 0.17630000 0.98410000
vn 0.05710000 0.26750000 0.96190000
vn 0.01730000 0.24770000 0.96870000
vn 0.02880000 0.27880000 0.95990000
vn 0.03720000 0.25770000 0.96550000
vn 0.04170000 0.21640000 0.97540000
vn 0.03880000 0.20870000 0.97720000
vn 0.03460000 0.21910000 0.97510000
vn 0.03680000 0.21390000 0.97620000
vn 0.05810000 0.20580000 0.97690000
vn 0.05220000 0.19060000 0.98030000
vn 0.03800000 0.19600000 0.97990000
vn 0.04790000 0.20090000 0.97840000
vn 0.09140000 0.18460000 0.97850000
vn 0.07970000 0.15460000 0.98480000
vn 0.05080000 0.16540000 0.98490000
vn 0.07090000 0.17490000 0.98200000
vn -0.01050000 0.25890000 0.96590000
vn 0.03750000 0.22670000 0.97320000
vn 0.03260000 0.22430000 0.97400000
vn 0.04130000 0.24720000 0.96810000
vn 0.02720000 0.25280000 0.96710000
vn 0.03140000 0.24230000 0.96970000
vn 0.03350000 0.23710000 0.97090000
vn 0.02640000 0.23980000 0.97050000
vn 0.02850000 0.23460000 0.97170000
vn 0.02930000 0.24750000 0.96850000
vn 0.02230000 0.25030000 0.96790000
vn 0.02420000 0.24490000 0.96930000
vn 0.03300000 0.26820000 0.96280000
vn 0.01320000 0.25830000 0.96600000
vn 0.01890000 0.27380000 0.96160000
vn 0.02310000 0.26340000 0.96440000
vn -0.00080000 0.26390000 0.96460000
vn 0.00340000 0.25330000 0.96740000
vn -0.03830000 0.27030000 0.96200000
vn 0.01530000 0.25300000 0.96730000
vn 0.00830000 0.25570000 0.96670000
vn 0.01030000 0.25050000 0.96810000
vn -0.02030000 0.25380000 0.96700000
vn -0.06170000 0.20800000 0.97620000
vn -0.05020000 0.23860000 0.96980000
vn -0.04200000 0.21780000 0.97510000
vn -0.00850000 0.25350000 0.96730000
vn -0.01830000 0.24860000 0.96840000
vn -0.01540000 0.25630000 0.96650000
vn -0.01340000 0.25100000 0.96790000
vn -0.01460000 0.26950000 0.96290000
vn -0.03410000 0.25940000 0.96520000
vn -0.02860000 0.27530000 0.96090000
vn -0.02440000 0.26460000 0.96400000
vn -0.07800000 0.24960000 0.96520000
vn -0.05820000 0.25990000 0.96390000
vn -0.02810000 0.24370000 0.96950000
vn -0.02520000 0.25130000 0.96760000
vn -0.02310000 0.24600000 0.96900000
vn -0.04600000 0.22810000 0.97260000
vn -0.04000000 0.24370000 0.96900000
vn -0.03600000 0.23320000 0.97180000
vn -0.03100000 0.23570000 0.97130000
vn -0.03800000 0.23840000 0.97040000
vn -0.03510000 0.24630000 0.96860000
vn -0.03280000 0.24080000 0.97000000
vn -0.05410000 0.24910000 0.96700000
vn -0.04820000 0.26490000 0.96310000
vn -0.04410000 0.25440000 0.96610000
vn -0.01690000 0.15760000 0.98740000
vn -0.04490000 0.16840000 0.98470000
vn -0.02530000 0.17760000 0.98380000
vn -0.04390000 0.22290000 0.97380000
vn -0.04100000 0.23060000 0.97220000
vn -0.03910000 0.22550000 0.97350000
vn -0.05180000 0.21280000 0.97570000
vn -0.06580000 0.21810000 0.97370000
vn -0.06000000 0.23350000 0.97050000
vn -0.05590000 0.22300000 0.97320000
vn -0.07090000 0.18000000 0.98110000
vn -0.09630000 0.19190000 0.97670000
vn -0.08770000 0.21960000 0.97160000
vn -0.07960000 0.19940000 0.97670000
vn -0.04360000 0.19280000 0.98030000
vn -0.05760000 0.19800000 0.97850000
vn -0.04760000 0.20280000 0.97810000
vn -0.08530000 0.00010000 0.99640000
vn -0.08560000 0.01710000 0.99620000
vn -0.08630000 0.03410000 0.99570000
vn -0.08750000 0.05110000 0.99490000
vn -0.08920000 0.06800000 0.99370000
vn -0.09130000 0.08460000 0.99220000
vn -0.09410000 0.10110000 0.99040000
vn -0.09740000 0.11730000 0.98830000
vn -0.10130000 0.13300000 0.98590000
vn -0.10590000 0.14840000 0.98320000
vn -0.11120000 0.16320000 0.98030000
vn -0.11710000 0.17750000 0.97710000
vn -0.12400000 0.19090000 0.97370000
vn -0.13180000 0.20340000 0.97020000
vn -0.14080000 0.21480000 0.96650000
vn -0.15060000 0.22490000 0.96270000
vn -0.16130000 0.23320000 0.95900000
vn -0.09040000 0.02800000 0.99550000
vn -0.09770000 0.07030000 0.99270000
vn -0.12240000 0.13950000 0.98260000
vn -0.10870000 0.10810000 0.98820000
vn -0.12340000 0.16990000 0.97770000
vn -0.11520000 0.13890000 0.98360000
vn -0.14660000 0.19310000 0.97020000
vn -0.03900000 0.20860000 0.97720000
vn -0.03880000 0.20510000 0.97800000
vn -0.03820000 0.20170000 0.97870000
vn -0.03740000 0.19840000 0.97940000
vn -0.03610000 0.19520000 0.98010000
vn -0.03460000 0.19230000 0.98070000
vn -0.03280000 0.18940000 0.98130000
vn -0.03070000 0.18680000 0.98190000
vn -0.02830000 0.18440000 0.98240000
vn -0.02580000 0.18230000 0.98290000
vn -0.02290000 0.18050000 0.98330000
vn -0.01990000 0.17890000 0.98370000
vn -0.01680000 0.17770000 0.98390000
vn -0.01350000 0.17680000 0.98420000
vn -0.01000000 0.17630000 0.98430000
vn -0.00660000 0.17600000 0.98440000
vn -0.00310000 0.17620000 0.98440000
vn 0.00040000 0.17660000 0.98430000
vn 0.00390000 0.17750000 0.98410000
vn 0.00720000 0.17870000 0.98390000
vn 0.01050000 0.18020000 0.98360000
vn 0.01370000 0.18210000 0.98320000
vn 0.01670000 0.18410000 0.98280000
vn 0.01940000 0.18660000 0.98220000
vn 0.02200000 0.18920000 0.98170000
vn 0.02430000 0.19210000 0.98110000
vn 0.02630000 0.19520000 0.98040000
vn 0.02810000 0.19840000 0.97970000
vn 0.02960000 0.20180000 0.97900000
vn 0.03060000 0.20520000 0.97820000
vn 0.03140000 0.20880000 0.97750000
vn -0.04300000 0.20510000 0.97780000
vn -0.04980000 0.20780000 0.97690000
vn -0.04690000 0.21540000 0.97540000
vn -0.04490000 0.21040000 0.97660000
vn -0.03860000 0.19520000 0.98000000
vn -0.04560000 0.19780000 0.97920000
vn -0.04080000 0.20010000 0.97890000
vn -0.03520000 0.17290000 0.98430000
vn -0.04920000 0.17820000 0.98280000
vn -0.03940000 0.18280000 0.98240000
vn -0.05320000 0.14110000 0.98860000
vn -0.07800000 0.15370000 0.98500000
vn -0.06210000 0.16060000 0.98510000
vn -0.03450000 0.18520000 0.98210000
vn -0.04150000 0.18780000 0.98130000
vn -0.03660000 0.19010000 0.98110000
vn -0.02750000 0.18250000 0.98280000
vn -0.03030000 0.17520000 0.98410000
vn -0.03730000 0.17790000 0.98330000
vn -0.03250000 0.17990000 0.98310000
vn -0.02110000 0.16760000 0.98560000
vn -0.02660000 0.15310000 0.98790000
vn -0.04060000 0.15850000 0.98650000
vn -0.03080000 0.16320000 0.98610000
vn 0.01150000 0.14690000 0.98910000
vn 0.00050000 0.11800000 0.99300000
vn -0.02750000 0.12890000 0.99130000
vn -0.00820000 0.13780000 0.99040000
vn -0.00710000 0.16220000 0.98670000
vn -0.01130000 0.17220000 0.98500000
vn -0.01620000 0.16990000 0.98530000
vn -0.02330000 0.17260000 0.98470000
vn -0.01830000 0.17490000 0.98440000
vn -0.00630000 0.17460000 0.98460000
vn 0.01260000 0.17160000 0.98510000
vn 0.03960000 0.13600000 0.98990000
vn 0.03090000 0.15600000 0.98730000
vn 0.00080000 0.17200000 0.98510000
vn -0.00210000 0.16460000 0.98640000
vn -0.00920000 0.16720000 0.98590000
vn -0.00420000 0.16980000 0.98550000
vn 0.00720000 0.15690000 0.98760000
vn 0.00160000 0.14230000 0.98980000
vn -0.01260000 0.14770000 0.98900000
vn -0.00280000 0.15200000 0.98840000
vn 0.01050000 0.17670000 0.98420000
vn 0.00780000 0.16920000 0.98560000
vn 0.00560000 0.17430000 0.98470000
vn 0.02670000 0.16600000 0.98580000
vn 0.02110000 0.15140000 0.98820000
vn 0.01700000 0.16110000 0.98680000
vn 0.02030000 0.18130000 0.98320000
vn 0.01750000 0.17390000 0.98460000
vn 0.01540000 0.17900000 0.98370000
vn 0.03230000 0.18100000 0.98300000
vn 0.02810000 0.19120000 0.98110000
vn 0.03010000 0.18610000 0.98210000
vn 0.02730000 0.17860000 0.98350000
vn 0.02510000 0.18380000 0.98260000
vn 0.04650000 0.17560000 0.98340000
vn 0.04080000 0.16070000 0.98620000
vn 0.03680000 0.17070000 0.98460000
vn 0.03590000 0.20120000 0.97890000
vn 0.03300000 0.19360000 0.98050000
vn 0.03090000 0.19870000 0.97960000
vn -0.17130000 0.22750000 0.95860000
vn -0.17550000 0.22470000 0.95850000
vn -0.17730000 0.22330000 0.95850000
vn -0.17820000 0.22260000 0.95850000
vn -0.17860000 0.22230000 0.95850000
vn -0.17880000 0.22210000 0.95850000
vn -0.17890000 0.22200000 0.95850000
vn -0.17900000 0.22200000 0.95850000
vn -0.18120000 0.21990000 0.95850000
vn -0.18230000 0.21870000 0.95860000
vn -0.18280000 0.21810000 0.95860000
vn -0.18310000 0.21790000 0.95870000
vn -0.18310000 0.21770000 0.95870000
vn -0.18330000 0.21770000 0.95870000
vn -0.18330000 0.21750000 0.95870000
vn -0.18450000 0.21550000 0.95890000
vn -0.18460000 0.21460000 0.95910000
vn -0.18360000 0.21390000 0.95950000
vn -0.17850000 0.21520000 0.96010000
vn -0.16830000 0.22030000 0.96080000
vn -0.15180000 0.23070000 0.96110000
vn -0.14070000 0.23760000 0.96110000
vn -0.13460000 0.24120000 0.96110000
vn -0.13140000 0.24300000 0.96110000
vn -0.12970000 0.24400000 0.96110000
vn -0.12870000 0.24430000 0.96110000
vn -0.12830000 0.24440000 0.96110000
vn -0.12840000 0.24490000 0.96100000
vn -0.12810000 0.24490000 0.96100000
vn -0.10840000 0.25510000 0.96080000
vn -0.08900000 0.26340000 0.96060000
vn -0.07010000 0.27000000 0.96030000
vn -0.06090000 0.27260000 0.96020000
vn -0.05640000 0.27380000 0.96010000
vn -0.05420000 0.27430000 0.96010000
vn -0.05310000 0.27470000 0.96010000
vn -0.05260000 0.27500000 0.96000000
vn -0.05230000 0.27450000 0.96020000
vn -0.05200000 0.27480000 0.96010000
vn -0.01920000 0.28010000 0.95980000
vn -0.00050000 0.28120000 0.95960000
vn 0.01950000 0.28110000 0.95950000
vn 0.04090000 0.27930000 0.95930000
vn 0.06330000 0.27560000 0.95920000
vn 0.08670000 0.26970000 0.95900000
vn 0.09860000 0.26580000 0.95900000
vn 0.10460000 0.26360000 0.95890000
vn 0.10770000 0.26240000 0.95890000
vn 0.10920000 0.26180000 0.95890000
vn 0.11000000 0.26150000 0.95890000
vn 0.11010000 0.26130000 0.95900000
vn 0.11070000 0.26130000 0.95890000
vn 0.11040000 0.26140000 0.95890000
vn 0.11070000 0.26120000 0.95890000
vn 0.12940000 0.25280000 0.95880000
vn 0.15260000 0.23980000 0.95880000
vn 0.17910000 0.22100000 0.95870000
vn 0.19320000 0.20890000 0.95860000
vn 0.20760000 0.19490000 0.95860000
vn 0.22180000 0.17880000 0.95860000
vn 0.23570000 0.16030000 0.95850000
vn 0.24870000 0.13940000 0.95850000
vn 0.26050000 0.11610000 0.95850000
vn 0.27050000 0.09040000 0.95850000
vn 0.27840000 0.06240000 0.95840000
vn 0.28360000 0.03210000 0.95840000
vn 0.28540000 -0.00000000 0.95840000
vn -0.16860000 0.20540000 0.96400000
vn -0.17800000 0.21340000 0.96060000
vn -0.16730000 0.21100000 0.96310000
vn -0.17690000 0.21960000 0.95940000
vn -0.14920000 0.18060000 0.97220000
vn -0.13730000 0.16350000 0.97690000
vn -0.15160000 0.18580000 0.97080000
vn -0.17510000 0.22370000 0.95880000
vn -0.17610000 0.22190000 0.95900000
vn -0.18280000 0.21700000 0.95890000
vn -0.17780000 0.21660000 0.95990000
vn -0.17270000 0.20530000 0.96330000
vn -0.16780000 0.20100000 0.96510000
vn -0.17650000 0.20860000 0.96200000
vn -0.15050000 0.21600000 0.96470000
vn -0.15360000 0.19610000 0.96850000
vn -0.16630000 0.21210000 0.96300000
vn -0.17200000 0.21560000 0.96120000
vn -0.16550000 0.21410000 0.96270000
vn -0.16760000 0.22260000 0.96040000
vn -0.17010000 0.21900000 0.96080000
vn -0.15980000 0.19600000 0.96750000
vn -0.15010000 0.18930000 0.97040000
vn -0.15440000 0.20550000 0.96640000
vn -0.15820000 0.20050000 0.96680000
vn -0.17820000 0.22080000 0.95890000
vn -0.17630000 0.22060000 0.95930000
vn -0.17730000 0.22290000 0.95860000
vn -0.17770000 0.22160000 0.95880000
vn -0.18020000 0.21850000 0.95910000
vn -0.17750000 0.21830000 0.95960000
vn -0.17990000 0.22020000 0.95870000
vn -0.17320000 0.20970000 0.96230000
vn -0.16830000 0.20810000 0.96350000
vn -0.17290000 0.21250000 0.96170000
vn -0.17460000 0.21780000 0.96030000
vn -0.17120000 0.21730000 0.96100000
vn -0.17260000 0.22140000 0.95980000
vn -0.17380000 0.21940000 0.96000000
vn -0.17880000 0.22140000 0.95860000
vn -0.17810000 0.22160000 0.95880000
vn -0.17850000 0.22190000 0.95860000
vn -0.17860000 0.21910000 0.95920000
vn -0.17720000 0.21900000 0.95950000
vn -0.17970000 0.22110000 0.95860000
vn -0.17840000 0.21990000 0.95910000
vn -0.17510000 0.21470000 0.96090000
vn -0.17260000 0.21400000 0.96150000
vn -0.17490000 0.21620000 0.96060000
vn -0.17740000 0.22220000 0.95870000
vn -0.17560000 0.22270000 0.95890000
vn -0.17880000 0.22180000 0.95860000
vn -0.17900000 0.22050000 0.95880000
vn -0.17820000 0.22040000 0.95900000
vn -0.17890000 0.22100000 0.95870000
vn -0.18040000 0.21530000 0.95970000
vn -0.17790000 0.21500000 0.96030000
vn -0.18030000 0.21680000 0.95940000
vn -0.18100000 0.21200000 0.96040000
vn -0.17750000 0.21080000 0.96130000
vn -0.18230000 0.21430000 0.95960000
vn -0.18150000 0.21610000 0.95940000
vn -0.18030000 0.21590000 0.95960000
vn -0.18170000 0.21770000 0.95890000
vn -0.18290000 0.21790000 0.95870000
vn -0.18180000 0.21710000 0.95910000
vn -0.17960000 0.21250000 0.96050000
vn -0.17780000 0.21210000 0.96090000
vn -0.18260000 0.21560000 0.95930000
vn -0.18030000 0.21400000 0.96000000
vn -0.17200000 0.20490000 0.96360000
vn -0.16840000 0.20310000 0.96460000
vn -0.17320000 0.20710000 0.96290000
vn -0.15680000 0.18960000 0.96930000
vn -0.15130000 0.18290000 0.97140000
vn -0.15930000 0.19230000 0.96830000
vn -0.12860000 0.18080000 0.97510000
vn -0.12810000 0.16070000 0.97870000
vn -0.14070000 0.17920000 0.97370000
vn -0.18290000 0.21750000 0.95880000
vn -0.18280000 0.21650000 0.95900000
vn -0.18290000 0.21770000 0.95870000
vn -0.18210000 0.21670000 0.95910000
vn -0.18160000 0.21650000 0.95930000
vn -0.18210000 0.21750000 0.95890000
vn -0.18220000 0.21710000 0.95900000
vn -0.18140000 0.21480000 0.95970000
vn -0.18020000 0.21430000 0.96000000
vn -0.18150000 0.21550000 0.95950000
vn -0.18300000 0.21720000 0.95880000
vn -0.18270000 0.21720000 0.95890000
vn -0.18320000 0.21750000 0.95870000
vn -0.18340000 0.21680000 0.95880000
vn -0.18270000 0.21660000 0.95900000
vn -0.18340000 0.21720000 0.95870000
vn -0.11430000 0.23130000 0.96610000
vn -0.12300000 0.20380000 0.97130000
vn -0.13250000 0.22300000 0.96580000
vn -0.11870000 0.24180000 0.96300000
vn -0.12340000 0.22710000 0.96600000
vn -0.13720000 0.23310000 0.96270000
vn -0.12790000 0.23730000 0.96300000
vn -0.09630000 0.24010000 0.96590000
vn -0.13030000 0.24240000 0.96140000
vn -0.13250000 0.23520000 0.96290000
vn -0.14180000 0.21920000 0.96530000
vn -0.15550000 0.22530000 0.96180000
vn -0.14650000 0.22900000 0.96230000
vn -0.12090000 0.24720000 0.96140000
vn -0.12330000 0.23950000 0.96300000
vn -0.12550000 0.24480000 0.96140000
vn -0.10060000 0.25090000 0.96280000
vn -0.10530000 0.23560000 0.96610000
vn -0.10970000 0.24630000 0.96300000
vn -0.12790000 0.24390000 0.96130000
vn -0.12900000 0.24330000 0.96130000
vn -0.12440000 0.24220000 0.96220000
vn -0.12560000 0.23840000 0.96300000
vn -0.12910000 0.24000000 0.96220000
vn -0.12670000 0.24110000 0.96220000
vn -0.11650000 0.23650000 0.96460000
vn -0.11890000 0.22910000 0.96610000
vn -0.12560000 0.23200000 0.96460000
vn -0.12100000 0.23410000 0.96460000
vn -0.10990000 0.22110000 0.96910000
vn -0.11430000 0.20730000 0.97160000
vn -0.12780000 0.21330000 0.96860000
vn -0.11890000 0.21700000 0.96890000
vn -0.10310000 0.16690000 0.98060000
vn -0.11310000 0.18530000 0.97610000
vn -0.13230000 0.24150000 0.96130000
vn -0.12810000 0.24430000 0.96120000
vn -0.12840000 0.24330000 0.96140000
vn -0.12930000 0.24370000 0.96120000
vn -0.12860000 0.24400000 0.96120000
vn -0.12670000 0.24430000 0.96140000
vn -0.12320000 0.24600000 0.96140000
vn -0.11180000 0.25170000 0.96130000
vn -0.11420000 0.24400000 0.96300000
vn -0.11630000 0.24940000 0.96140000
vn -0.12730000 0.24240000 0.96180000
vn -0.12770000 0.24020000 0.96230000
vn -0.12950000 0.24130000 0.96180000
vn -0.12850000 0.24180000 0.96180000
vn -0.13020000 0.23620000 0.96300000
vn -0.13370000 0.23780000 0.96210000
vn -0.13140000 0.23880000 0.96210000
vn -0.12800000 0.22500000 0.96590000
vn -0.13490000 0.22800000 0.96430000
vn -0.13030000 0.23000000 0.96440000
vn -0.12700000 0.24500000 0.96120000
vn -0.12710000 0.24380000 0.96150000
vn -0.12760000 0.24450000 0.96120000
vn -0.12510000 0.24350000 0.96180000
vn -0.12560000 0.24160000 0.96220000
vn -0.12610000 0.24300000 0.96180000
vn -0.11990000 0.24440000 0.96220000
vn -0.12090000 0.24050000 0.96310000
vn -0.12200000 0.24330000 0.96220000
vn -0.05030000 0.27050000 0.96140000
vn -0.05320000 0.26250000 0.96350000
vn -0.06030000 0.26530000 0.96230000
vn -0.05530000 0.26790000 0.96180000
vn -0.06810000 0.25470000 0.96460000
vn -0.08210000 0.26050000 0.96200000
vn -0.07230000 0.26570000 0.96140000
vn -0.05140000 0.27330000 0.96050000
vn -0.05280000 0.26920000 0.96160000
vn -0.05650000 0.27060000 0.96100000
vn -0.05390000 0.27190000 0.96080000
vn -0.04040000 0.27570000 0.96040000
vn -0.04320000 0.26760000 0.96260000
vn -0.04540000 0.27310000 0.96090000
vn -0.05180000 0.27470000 0.96010000
vn -0.05250000 0.27220000 0.96080000
vn -0.05450000 0.27330000 0.96040000
vn -0.05320000 0.27400000 0.96030000
vn -0.04780000 0.27180000 0.96120000
vn -0.04890000 0.27460000 0.96030000
vn -0.05240000 0.27400000 0.96030000
vn -0.05000000 0.27400000 0.96040000
vn 0.08550000 0.25640000 0.96280000
vn 0.09540000 0.26120000 0.96060000
vn 0.11410000 0.24510000 0.96270000
vn 0.10290000 0.21490000 0.97120000
vn 0.09410000 0.23560000 0.96730000
vn 0.10970000 0.25550000 0.96060000
vn 0.10420000 0.24040000 0.96510000
vn 0.08980000 0.24600000 0.96510000
vn 0.09970000 0.25070000 0.96290000
vn 0.14280000 0.23360000 0.96180000
vn 0.10750000 0.26070000 0.95940000
vn 0.10470000 0.25310000 0.96180000
vn 0.09750000 0.25590000 0.96180000
vn 0.10040000 0.26350000 0.95940000
vn 0.10250000 0.25830000 0.96060000
vn 0.12400000 0.24980000 0.96030000
vn 0.11470000 0.25780000 0.95940000
vn 0.10850000 0.26140000 0.95910000
vn 0.11210000 0.25680000 0.95990000
vn 0.10870000 0.25810000 0.96000000
vn 0.11120000 0.25910000 0.95940000
vn 0.12180000 0.25500000 0.95920000
vn 0.11910000 0.24740000 0.96160000
vn 0.11200000 0.25030000 0.96170000
vn 0.11680000 0.25270000 0.96050000
vn 0.13830000 0.24400000 0.95990000
vn 0.13290000 0.22900000 0.96430000
vn 0.11860000 0.23470000 0.96480000
vn 0.12850000 0.23940000 0.96240000
vn 0.16080000 0.19210000 0.96810000
vn 0.13190000 0.20360000 0.97010000
vn 0.15180000 0.21280000 0.96520000
vn 0.10500000 0.25950000 0.96000000
vn 0.10150000 0.26090000 0.96000000
vn 0.10390000 0.26220000 0.95940000
vn 0.11070000 0.26050000 0.95910000
vn 0.11000000 0.25890000 0.95960000
vn 0.10820000 0.25940000 0.95970000
vn 0.10910000 0.25990000 0.95940000
vn 0.10730000 0.25440000 0.96110000
vn 0.10370000 0.25580000 0.96120000
vn 0.10650000 0.25710000 0.96050000
vn 0.10920000 0.24280000 0.96390000
vn 0.10200000 0.24560000 0.96400000
vn 0.10690000 0.24780000 0.96290000
vn 0.11290000 0.21960000 0.96900000
vn 0.09850000 0.22520000 0.96930000
vn 0.10860000 0.23000000 0.96710000
vn 0.12060000 0.17350000 0.97740000
vn 0.11170000 0.19420000 0.97460000
vn 0.11010000 0.26120000 0.95900000
vn 0.10990000 0.26020000 0.95930000
vn 0.10890000 0.26050000 0.95930000
vn 0.10950000 0.26100000 0.95910000
vn 0.11240000 0.25990000 0.95910000
vn 0.11120000 0.26080000 0.95900000
vn 0.11090000 0.26060000 0.95910000
vn 0.11050000 0.26100000 0.95900000
vn 0.11070000 0.26100000 0.95900000
vn 0.11210000 0.26050000 0.95890000
vn 0.11180000 0.25940000 0.95930000
vn 0.11080000 0.25990000 0.95930000
vn 0.11140000 0.26020000 0.95910000
vn 0.11410000 0.25920000 0.95910000
vn 0.11360000 0.25690000 0.95970000
vn 0.11170000 0.25790000 0.95970000
vn 0.11290000 0.25850000 0.95940000
vn 0.11580000 0.25530000 0.95990000
vn 0.11450000 0.25140000 0.96110000
vn 0.11080000 0.25290000 0.96110000
vn 0.11330000 0.25400000 0.96060000
vn 0.11060000 0.26120000 0.95890000
vn 0.11040000 0.26080000 0.95900000
vn 0.11060000 0.26110000 0.95890000
vn 0.11040000 0.26140000 0.95890000
vn 0.11040000 0.26110000 0.95900000
vn 0.11030000 0.26040000 0.95920000
vn 0.10980000 0.26060000 0.95920000
vn 0.10980000 0.26110000 0.95900000
vn 0.11010000 0.26080000 0.95910000
vn 0.11060000 0.25880000 0.95960000
vn 0.10980000 0.25940000 0.95950000
vn 0.11020000 0.25960000 0.95940000
vn 0.11110000 0.25570000 0.96030000
vn 0.10930000 0.25680000 0.96030000
vn 0.11040000 0.25730000 0.96000000
vn 0.26380000 -0.00000000 0.96460000
vn 0.24180000 -0.00000000 0.97030000
vn 0.21960000 -0.00010000 0.97560000
vn 0.19720000 -0.00000000 0.98040000
vn 0.17480000 -0.00000000 0.98460000
vn 0.15230000 -0.00000000 0.98830000
vn 0.12990000 -0.00000000 0.99150000
vn 0.10760000 0.00010000 0.99420000
vn 0.07780000 0.00010000 0.99700000
vn 0.04870000 -0.00000000 0.99880000
vn 0.02060000 -0.00010000 0.99980000
vn -0.00580000 -0.00000000 1.00000000
vn -0.03020000 -0.00000000 0.99950000
vn -0.05200000 -0.00000000 0.99860000
vn -0.07040000 0.00010000 0.99750000
vn -0.08480000 0.00010000 0.99640000
vn -0.09470000 0.00010000 0.99550000
vn -0.09820000 -0.00000000 0.99520000
vn -0.09510000 -0.00010000 0.99550000
vn 1.00000000 0.00010000 -0.00000000
vn -1.00000000 -0.00000000 -0.00000000
vn -1.00000000 0.00010000 -0.00000000
vn -0.99450000 0.10440000 -0.00000000
vn -0.97830000 0.20700000 -0.00000000
vn -0.95140000 0.30800000 -0.00000000
vn -0.91410000 0.40550000 -0.00000000
vn -0.86720000 0.49800000 -0.00000000
vn -0.81080000 0.58530000 -0.00000000
vn -0.74530000 0.66670000 -0.00000000
vn -0.67210000 0.74050000 -0.00000000
vn -0.59150000 0.80630000 -0.00000000
vn -0.50420000 0.86360000 -0.00000000
vn -0.41180000 0.91130000 -0.00000000
vn -0.31520000 0.94900000 -0.00000000
vn -0.21450000 0.97670000 -0.00000000
vn -0.11150000 0.99380000 -0.00000000
vn -0.00790000 1.00000000 -0.00000000
vn 0.09640000 0.99530000 -0.00000000
vn -0.92580000 0.37810000 -0.00000000
vn -0.98130000 0.19270000 -0.00000000
vn -0.98130000 0.19270000 -0.00000000
vn -0.99530000 0.09680000 -0.00000000
vn -0.99530000 0.09680000 -0.00000000
vn -0.99530000 0.09680000 -0.00000000
vn -0.99880000 0.04850000 0.00010000
vn -0.99880000 0.04850000 -0.00000000
vn -0.98130000 0.19270000 -0.00000000
vn -0.98940000 0.14490000 0.00010000
vn -0.98940000 0.14490000 -0.00000000
vn -0.92580000 0.37810000 -0.00000000
vn -0.95800000 0.28670000 -0.00000000
vn -0.95800000 0.28670000 -0.00000000
vn -0.71410000 0.70010000 -0.00000000
vn -0.83560000 0.54940000 -0.00000000
vn -0.95800000 0.28680000 -0.00000000
vn -0.97080000 0.24000000 0.00010000
vn -0.97080000 0.24000000 -0.00000000
vn -0.92580000 0.37810000 -0.00000000
vn -0.94300000 0.33280000 0.00010000
vn -0.94300000 0.33280000 -0.00000000
vn -0.83560000 0.54940000 -0.00000000
vn -0.88480000 0.46590000 -0.00000000
vn -0.88480000 0.46590000 -0.00000000
vn -0.88480000 0.46590000 -0.00000000
vn -0.90630000 0.42250000 0.00010000
vn -0.90640000 0.42250000 -0.00000000
vn -0.83560000 0.54940000 -0.00010000
vn -0.86120000 0.50830000 0.00010000
vn -0.86120000 0.50830000 -0.00000000
vn -0.71400000 0.70010000 -0.00000000
vn -0.77850000 0.62770000 -0.00000000
vn -0.77850000 0.62770000 -0.00000000
vn -0.39430000 0.91900000 -0.00000000
vn -0.56490000 0.82520000 -0.00000000
vn -0.77850000 0.62770000 -0.00000000
vn -0.80800000 0.58920000 0.00010000
vn -0.80780000 0.58940000 -0.00000000
vn -0.71410000 0.70010000 0.00010000
vn -0.74710000 0.66470000 0.00010000
vn -0.74720000 0.66460000 -0.00000000
vn -0.56490000 0.82520000 -0.00000000
vn -0.64250000 0.76630000 -0.00000000
vn -0.64250000 0.76630000 -0.00000000
vn -0.64250000 0.76630000 -0.00010000
vn -0.67910000 0.73410000 0.00010000
vn -0.67940000 0.73380000 -0.00010000
vn -0.56480000 0.82520000 -0.00000000
vn -0.60440000 0.79670000 0.00010000
vn -0.60440000 0.79670000 -0.00000000
vn -0.39410000 0.91900000 -0.00000000
vn -0.48190000 0.87620000 -0.00000000
vn -0.48190000 0.87620000 -0.00000000
vn -0.00000000 1.00000000 -0.00000000
vn -0.20130000 0.97950000 -0.00000000
vn -0.48190000 0.87620000 0.00010000
vn -0.52400000 0.85170000 0.00010000
vn -0.52400000 0.85170000 -0.00000000
vn -0.39430000 0.91900000 -0.00000000
vn -0.43860000 0.89870000 0.00010000
vn -0.43860000 0.89870000 -0.00000000
vn -0.20130000 0.97950000 -0.00000000
vn -0.29930000 0.95420000 -0.00000000
vn -0.29930000 0.95420000 -0.00000000
vn -0.29940000 0.95410000 -0.00000000
vn -0.34720000 0.93780000 -0.00020000
vn -0.34720000 0.93780000 0.00010000
vn -0.20130000 0.97950000 -0.00000000
vn -0.25060000 0.96810000 0.00010000
vn -0.25060000 0.96810000 0.00010000
vn 0.00010000 1.00000000 -0.00000000
vn -0.10110000 0.99490000 -0.00000000
vn -0.10110000 0.99490000 -0.00000000
vn 0.37810000 0.92580000 -0.00000000
vn 0.19240000 0.98130000 0.00010000
vn -0.10090000 0.99490000 -0.00010000
vn -0.15140000 0.98850000 0.00010000
vn -0.15140000 0.98850000 -0.00010000
vn -0.00020000 1.00000000 -0.00010000
vn -0.05060000 0.99870000 0.00010000
vn -0.05070000 0.99870000 -0.00000000
vn 0.19260000 0.98130000 -0.00020000
vn 0.09680000 0.99530000 -0.00000000
vn 0.09680000 0.99530000 -0.00000000
vn 0.09680000 0.99530000 -0.00000000
vn 0.04850000 0.99880000 0.00010000
vn 0.04840000 0.99880000 -0.00010000
vn 0.27820000 0.96050000 -0.00000000
vn 0.44900000 0.89350000 -0.00000000
vn 0.60550000 0.79590000 -0.00000000
vn 0.74050000 0.67200000 -0.00000000
vn 0.85130000 0.52470000 -0.00000000
vn 0.93280000 0.36030000 -0.00000000
vn 0.98310000 0.18320000 -0.00000000
vn 1.00000000 0.00010000 -0.00000000
vn 0.37810000 0.92580000 -0.00000000
vn 0.28670000 0.95800000 -0.00000000
vn 0.28680000 0.95800000 -0.00000000
vn 0.70010000 0.71410000 -0.00000000
vn 0.54940000 0.83560000 -0.00000000
vn 0.54930000 0.83560000 -0.00010000
vn 0.46590000 0.88480000 -0.00000000
vn 0.46590000 0.88480000 -0.00000000
vn 0.70010000 0.71410000 -0.00000000
vn 0.62780000 0.77840000 -0.00000000
vn 0.62770000 0.77850000 -0.00000000
vn 0.91900000 0.39430000 -0.00000000
vn 0.82520000 0.56490000 -0.00000000
vn 0.82520000 0.56490000 -0.00000000
vn 0.76630000 0.64250000 -0.00000000
vn 0.76630000 0.64250000 -0.00000000
vn 0.91900000 0.39430000 -0.00000000
vn 0.87630000 0.48190000 -0.00000000
vn 0.87620000 0.48190000 -0.00000000
vn 0.97950000 0.20130000 -0.00000000
vn 0.97950000 0.20120000 -0.00000000
vn 0.95420000 0.29930000 -0.00000000
vn 0.95420000 0.29930000 -0.00000000
vn 0.99490000 0.10110000 -0.00000000
vn 0.99490000 0.10110000 -0.00010000
vn -1.00000000 -0.00000000 -0.00000000
vn 1.00000000 -0.00000000 -0.00000000
vn 0.90100000 0.43390000 -0.00000000
vn 0.62350000 0.78180000 -0.00000000
vn 0.22250000 0.97490000 -0.00000000
vn -0.22250000 0.97490000 -0.00000000
vn -0.62350000 0.78180000 -0.00000000
vn -0.90100000 0.43390000 -0.00000000
vn 1.00000000 -0.00000000 -0.00000000
vn -1.00000000 0.00010000 -0.00000000
vn -1.00000000 -0.00000000 -0.00000000
vn -1.00000000 -0.00000000 -0.00000000
vn 1.00000000 -0.00000000 -0.00000000
vn 1.00000000 -0.00000000 -0.00000000
vn 0.90100000 0.43390000 -0.00000000
vn 0.62350000 0.78180000 -0.00000000
vn 0.22250000 0.97490000 -0.00000000
vn -0.22250000 0.97490000 -0.00000000
vn -0.62350000 0.78180000 -0.00000000
vn -0.90100000 0.43390000 -0.00000000
vn -0.98420000 0.17690000 -0.00000000
vn -0.92580000 0.37810000 0.00010000
vn -0.98130000 0.19270000 -0.00000000
vn -0.98130000 0.19270000 -0.00000000
vn -0.99530000 0.09680000 -0.00000000
vn -0.99530000 0.09680000 -0.00000000
vn -0.96230000 0.27220000 -0.00000000
vn -0.93130000 0.36420000 -0.00000000
vn -0.89160000 0.45280000 -0.00000000
vn -0.84330000 0.53740000 -0.00000000
vn -0.78670000 0.61740000 -0.00000000
vn -0.72250000 0.69140000 -0.00000000
vn -0.65150000 0.75870000 -0.00000000
vn -0.57350000 0.81920000 -0.00000000
vn -0.48990000 0.87180000 -0.00000000
vn -0.40190000 0.91570000 -0.00000000
vn -0.30920000 0.95100000 -0.00000000
vn -0.21330000 0.97700000 -0.00000000
vn -0.11570000 0.99330000 -0.00000000
vn -0.01690000 0.99990000 -0.00000000
vn 0.08270000 0.99660000 -0.00000000
vn 0.18110000 0.98350000 -0.00000000
vn 0.27720000 0.96080000 -0.00000000
vn 0.37120000 0.92860000 -0.00000000
vn 0.46120000 0.88730000 -0.00000000
vn 0.54600000 0.83780000 -0.00000000
vn 0.62580000 0.78000000 -0.00000000
vn 0.69960000 0.71450000 -0.00000000
vn 0.76600000 0.64280000 -0.00000000
vn 0.82490000 0.56520000 -0.00000000
vn 0.87630000 0.48190000 -0.00000000
vn 0.91910000 0.39410000 -0.00000000
vn 0.95290000 0.30330000 -0.00000000
vn 0.97780000 0.20960000 -0.00000000
vn 0.99350000 0.11340000 -0.00000000
vn 0.99990000 0.01660000 -0.00000000
vn -0.99530000 0.09680000 -0.00000000
vn -0.98130000 0.19270000 -0.00000000
vn -0.98940000 0.14490000 0.00010000
vn -0.98940000 0.14490000 -0.00000000
vn -0.92580000 0.37810000 -0.00000000
vn -0.95800000 0.28670000 -0.00000000
vn -0.95800000 0.28670000 -0.00000000
vn -0.71410000 0.70010000 -0.00000000
vn -0.83560000 0.54940000 -0.00000000
vn -0.95800000 0.28680000 -0.00000000
vn -0.97080000 0.24000000 0.00010000
vn -0.97080000 0.23990000 -0.00010000
vn -0.92580000 0.37810000 -0.00000000
vn -0.94300000 0.33280000 0.00010000
vn -0.94300000 0.33280000 -0.00000000
vn -0.83560000 0.54940000 -0.00000000
vn -0.88480000 0.46590000 -0.00000000
vn -0.88480000 0.46590000 -0.00000000
vn -0.88480000 0.46590000 -0.00000000
vn -0.90640000 0.42250000 0.00010000
vn -0.90630000 0.42250000 -0.00000000
vn -0.83560000 0.54940000 -0.00000000
vn -0.86120000 0.50830000 0.00010000
vn -0.86120000 0.50830000 -0.00000000
vn -0.71400000 0.70010000 -0.00000000
vn -0.77850000 0.62770000 -0.00000000
vn -0.77850000 0.62770000 -0.00000000
vn -0.39430000 0.91900000 -0.00000000
vn -0.56490000 0.82520000 -0.00000000
vn -0.77850000 0.62770000 -0.00000000
vn -0.80800000 0.58920000 0.00010000
vn -0.80800000 0.58920000 -0.00000000
vn -0.74720000 0.66460000 0.00030000
vn -0.74710000 0.66470000 -0.00000000
vn -0.56490000 0.82520000 -0.00000000
vn -0.64250000 0.76630000 -0.00000000
vn -0.64240000 0.76630000 -0.00000000
vn -0.67910000 0.73400000 -0.00000000
vn -0.60430000 0.79670000 0.00010000
vn -0.39430000 0.91900000 -0.00000000
vn -0.48190000 0.87630000 -0.00000000
vn -0.48190000 0.87620000 -0.00000000
vn -0.00000000 1.00000000 -0.00000000
vn -0.20120000 0.97950000 0.00010000
vn -0.52410000 0.85170000 -0.00010000
vn -0.43850000 0.89870000 0.00010000
vn -0.20130000 0.97950000 -0.00000000
vn -0.29930000 0.95420000 -0.00000000
vn -0.29920000 0.95420000 -0.00000000
vn -0.34720000 0.93780000 0.00010000
vn -0.25070000 0.96810000 -0.00010000
vn -0.00010000 1.00000000 0.00010000
vn -0.10110000 0.99490000 -0.00000000
vn -0.10110000 0.99490000 -0.00000000
vn 0.37810000 0.92580000 -0.00000000
vn 0.19260000 0.98130000 0.00010000
vn -0.15150000 0.98850000 -0.00010000
vn -0.05080000 0.99870000 -0.00010000
vn 0.19270000 0.98130000 -0.00000000
vn 0.09680000 0.99530000 -0.00000000
vn 0.09680000 0.99530000 -0.00000000
vn 0.04850000 0.99880000 -0.00000000
vn 0.14480000 0.98950000 -0.00010000
vn 0.37810000 0.92580000 -0.00000000
vn 0.28670000 0.95800000 -0.00000000
vn 0.28690000 0.95800000 -0.00010000
vn 0.70010000 0.71410000 -0.00000000
vn 0.54940000 0.83560000 -0.00000000
vn 0.23990000 0.97080000 -0.00010000
vn 0.33280000 0.94300000 -0.00010000
vn 0.54950000 0.83550000 -0.00000000
vn 0.46590000 0.88480000 -0.00000000
vn 0.46610000 0.88470000 -0.00000000
vn 0.42250000 0.90640000 -0.00000000
vn 0.50810000 0.86130000 -0.00050000
vn 0.70020000 0.71400000 -0.00000000
vn 0.62770000 0.77850000 0.00010000
vn 0.62780000 0.77840000 -0.00010000
vn 0.91900000 0.39430000 -0.00000000
vn 0.82520000 0.56490000 -0.00000000
vn 0.58910000 0.80800000 -0.00040000
vn 0.66460000 0.74720000 -0.00040000
vn 0.82520000 0.56490000 -0.00000000
vn 0.76630000 0.64250000 -0.00000000
vn 0.76630000 0.64250000 -0.00000000
vn 0.73400000 0.67910000 -0.00020000
vn 0.82520000 0.56480000 -0.00000000
vn 0.79670000 0.60440000 0.00010000
vn 0.79670000 0.60440000 -0.00000000
vn 0.91900000 0.39430000 -0.00000000
vn 0.87630000 0.48190000 -0.00000000
vn 0.87630000 0.48190000 -0.00000000
vn 0.97950000 0.20130000 -0.00000000
vn 0.87630000 0.48190000 -0.00000000
vn 0.85170000 0.52400000 0.00010000
vn 0.85170000 0.52400000 -0.00000000
vn 0.97950000 0.20130000 -0.00000000
vn 0.95420000 0.29930000 -0.00000000
vn 0.95420000 0.29930000 -0.00000000
vn 0.91900000 0.39430000 -0.00000000
vn 0.95410000 0.29940000 -0.00000000
vn 0.93780000 0.34720000 0.00010000
vn 0.93780000 0.34720000 -0.00000000
vn 0.97960000 0.20110000 -0.00000000
vn 0.96810000 0.25060000 0.00010000
vn 0.96810000 0.25060000 -0.00010000
vn 0.99490000 0.10110000 -0.00000000
vn 0.99490000 0.10110000 -0.00000000
vn 0.99490000 0.10090000 0.00010000
vn 0.98850000 0.15140000 0.00010000
vn 0.98850000 0.15150000 -0.00010000
vn 0.99870000 0.05070000 -0.00000000
vn 0.99870000 0.05060000 -0.00000000
vn 0.99870000 0.05070000 -0.00000000
vn 0.99970000 0.02530000 -0.00000000
vn 0.99970000 0.02530000 -0.00000000
vn 0.99970000 0.02530000 -0.00000000
vn 0.99990000 0.01270000 -0.00000000
vn 0.99990000 0.01260000 0.00010000
vn 1.00000000 0.00010000 -0.00000000
vn -1.00000000 -0.00000000 -0.00000000
vn -1.00000000 -0.00000000 -0.00000000
vn -1.00000000 -0.00000000 -0.00000000
vn 1.00000000 -0.00000000 -0.00000000
vn 1.00000000 -0.00000000 -0.00000000
vn 0.90100000 0.43390000 -0.00000000
vn 0.62350000 0.78180000 -0.00000000
vn 0.22250000 0.97490000 -0.00000000
vn -0.22250000 0.97490000 -0.00000000
vn -0.62350000 0.78180000 -0.00000000
vn -0.90100000 0.43390000 -0.00000000
vn 0.91900000 0.39430000 -0.00000000
vn 0.97950000 0.20130000 -0.00000000
vn 0.70010000 0.71410000 -0.00000000
vn 0.82520000 0.56490000 -0.00000000
vn 0.37810000 0.92580000 -0.00000000
vn 0.54940000 0.83560000 -0.00000000
vn -0.00000000 1.00000000 -0.00000000
vn 0.19260000 0.98130000 -0.00000000
vn -0.39430000 0.91900000 -0.00000000
vn -0.20120000 0.97950000 -0.00000000
vn -0.71410000 0.70010000 -0.00000000
vn -0.56490000 0.82520000 -0.00000000
vn -0.92580000 0.37810000 -0.00000000
vn -0.83560000 0.54940000 -0.00000000
vn -0.98130000 0.19270000 -0.00000000
vn -0.99930000 0.03790000 -0.00000000
vn -0.98130000 0.19270000 -0.00000000
vn -0.99530000 0.09680000 -0.00000000
vn -0.99530000 0.09680000 -0.00000000
vn -0.99880000 0.04850000 -0.00000000
vn -0.99880000 0.04850000 -0.00000000
vn -0.99970000 0.02420000 -0.00000000
vn -0.99970000 0.02440000 -0.00010000
vn -0.99530000 0.09680000 -0.00000000
vn -0.99880000 0.04850000 -0.00000000
vn -0.99880000 0.04850000 -0.00000000
vn -0.98130000 0.19270000 -0.00000000
vn -0.99530000 0.09680000 -0.00000000
vn -0.97300000 0.23060000 -0.00000000
vn -0.91020000 0.41410000 -0.00000000
vn -0.81230000 0.58320000 -0.00000000
vn -0.68310000 0.73040000 -0.00000000
vn -0.52700000 0.84990000 -0.00000000
vn -0.34920000 0.93700000 -0.00000000
vn -0.15820000 0.98740000 -0.00000000
vn 0.04010000 0.99920000 -0.00000000
vn 0.23620000 0.97170000 -0.00000000
vn 0.42260000 0.90630000 -0.00000000
vn 0.59240000 0.80560000 -0.00000000
vn 0.73780000 0.67500000 -0.00000000
vn 0.85520000 0.51820000 -0.00000000
vn 0.93920000 0.34340000 -0.00000000
vn 0.98790000 0.15520000 -0.00000000
vn -0.92580000 0.37810000 -0.00000000
vn -0.95800000 0.28680000 -0.00000000
vn -0.95800000 0.28670000 -0.00000000
vn -0.83550000 0.54940000 -0.00000000
vn -0.88480000 0.46600000 -0.00000000
vn -0.88480000 0.46600000 -0.00000000
vn -0.71410000 0.70010000 -0.00000000
vn -0.77850000 0.62770000 -0.00000000
vn -0.77840000 0.62770000 -0.00000000
vn -0.56490000 0.82520000 -0.00000000
vn -0.64260000 0.76620000 -0.00000000
vn -0.64250000 0.76630000 -0.00000000
vn -0.39430000 0.91900000 -0.00000000
vn -0.48190000 0.87620000 -0.00000000
vn -0.48190000 0.87630000 -0.00000000
vn -0.20130000 0.97950000 -0.00000000
vn -0.29930000 0.95420000 -0.00000000
vn -0.29930000 0.95420000 -0.00000000
vn -0.00000000 1.00000000 -0.00000000
vn -0.10110000 0.99490000 -0.00000000
vn -0.10110000 0.99490000 -0.00000000
vn 0.19260000 0.98130000 -0.00010000
vn 0.09680000 0.99530000 -0.00000000
vn 0.09680000 0.99530000 -0.00000000
vn 0.37810000 0.92580000 -0.00000000
vn 0.28670000 0.95800000 -0.00000000
vn 0.28680000 0.95800000 -0.00000000
vn 0.54940000 0.83550000 -0.00000000
vn 0.46590000 0.88480000 -0.00000000
vn 0.46590000 0.88480000 -0.00000000
vn 0.70010000 0.71410000 -0.00000000
vn 0.62780000 0.77840000 -0.00000000
vn 0.62770000 0.77850000 -0.00000000
vn 0.82520000 0.56490000 -0.00000000
vn 0.76630000 0.64250000 -0.00000000
vn 0.76630000 0.64250000 -0.00000000
vn 0.91900000 0.39420000 -0.00000000
vn 0.87620000 0.48190000 -0.00000000
vn 0.87620000 0.48190000 -0.00000000
vn 0.97950000 0.20130000 -0.00000000
vn 0.95420000 0.29930000 -0.00000000
vn 0.95420000 0.29930000 -0.00000000
vn 0.99490000 0.10120000 -0.00000000
vn 0.99490000 0.10110000 -0.00000000
vn 0.98430000 -0.17650000 -0.00000000
vn -0.03870000 -0.20440000 0.97810000
vn 0.92070000 -0.06760000 0.38440000
vn 0.68380000 -0.14300000 0.71560000
vn 0.33370000 -0.19350000 0.92260000
vn 0.91280000 0.11090000 0.39310000
vn 0.68350000 -0.01090000 0.72990000
vn 0.33470000 -0.12950000 0.93340000
vn 0.86980000 0.28620000 0.40190000
vn 0.65660000 0.12100000 0.74450000
vn 0.32270000 -0.06530000 0.94430000
vn -0.03560000 -0.22530000 0.97360000
vn 0.79100000 0.45340000 0.41070000
vn 0.60180000 0.24860000 0.75890000
vn 0.29660000 -0.00290000 0.95500000
vn 0.67890000 0.60300000 0.41880000
vn 0.52020000 0.36440000 0.77240000
vn 0.25690000 0.05410000 0.96490000
vn 0.53520000 0.72940000 0.42600000
vn 0.41240000 0.46370000 0.78420000
vn 0.20390000 0.10300000 0.97360000
vn 0.36640000 0.82430000 0.43160000
vn 0.28340000 0.53890000 0.79330000
vn 0.13990000 0.14030000 0.98020000
vn 0.18110000 0.98350000 -0.00000000
vn 0.17910000 0.88240000 0.43500000
vn 0.13830000 0.58540000 0.79890000
vn 0.06780000 0.16320000 0.98430000
vn -0.01780000 0.89980000 0.43590000
vn -0.01490000 0.59910000 0.80050000
vn -0.00870000 0.16990000 0.98540000
vn -0.21320000 0.97700000 0.00010000
vn -0.21290000 0.87520000 0.43450000
vn -0.16670000 0.57920000 0.79800000
vn -0.08450000 0.15980000 0.98350000
vn -0.39830000 0.81000000 0.43040000
vn -0.30990000 0.52690000 0.79140000
vn -0.15580000 0.13360000 0.97870000
vn -0.57350000 0.81920000 0.00010000
vn -0.56310000 0.70910000 0.42440000
vn -0.43560000 0.44680000 0.78150000
vn -0.21820000 0.09360000 0.97140000
vn -0.70140000 0.57810000 0.41680000
vn -0.53890000 0.34390000 0.76900000
vn -0.26900000 0.04260000 0.96220000
vn -0.80830000 0.42430000 0.40820000
vn -0.61620000 0.22490000 0.75480000
vn -0.30670000 -0.01610000 0.95170000
vn 0.02730000 -0.23350000 0.97200000
vn -0.88050000 0.25570000 0.39920000
vn -0.66580000 0.09640000 0.73980000
vn -0.33040000 -0.07900000 0.94050000
vn -0.98420000 0.17690000 -0.00000000
vn 0.03170000 -0.22030000 0.97490000
vn -0.91750000 0.07910000 0.38980000
vn -0.69850000 -0.03190000 0.71490000
vn -0.36350000 -0.13750000 0.92140000
vn 0.34130000 -0.25660000 0.90420000
vn 0.66930000 -0.26960000 0.69240000
vn 0.89510000 -0.24150000 0.37480000
vn 1.00000000 0.00010000 -0.00000000
vn 0.99990000 0.01660000 -0.00000000
vn 0.99350000 0.11340000 -0.00000000
vn 0.97780000 0.20960000 -0.00000000
vn 0.95290000 0.30330000 -0.00000000
vn 0.91910000 0.39410000 -0.00000000
vn 0.87620000 0.48190000 -0.00000000
vn 0.82490000 0.56520000 0.00010000
vn 0.76600000 0.64280000 -0.00000000
vn 0.69960000 0.71450000 -0.00000000
vn 0.62580000 0.78000000 0.00010000
vn 0.54600000 0.83780000 -0.00000000
vn 0.46120000 0.88730000 0.00010000
vn 0.37120000 0.92860000 -0.00000000
vn 0.27720000 0.96080000 0.00010000
vn 0.08270000 0.99660000 -0.00000000
vn -0.01690000 0.99990000 -0.00000000
vn -0.11580000 0.99330000 -0.00000000
vn -0.30920000 0.95100000 0.00010000
vn -0.40190000 0.91570000 -0.00000000
vn -0.48990000 0.87180000 -0.00000000
vn -0.65150000 0.75870000 -0.00000000
vn -0.72250000 0.69140000 -0.00000000
vn -0.78670000 0.61740000 -0.00000000
vn -0.84330000 0.53740000 0.00010000
vn -0.89140000 0.45320000 0.00020000
vn -0.93130000 0.36420000 0.00010000
vn -0.96240000 0.27160000 -0.00000000
vn 0.98150000 -0.02470000 0.19010000
vn 0.91170000 -0.15520000 0.38030000
vn 0.97490000 -0.11880000 0.18810000
vn 0.99560000 -0.00370000 0.09380000
vn 0.97930000 -0.07170000 0.18910000
vn 0.99070000 -0.09950000 0.09280000
vn 0.99430000 -0.05150000 0.09330000
vn 0.96690000 0.16540000 0.19420000
vn 0.92110000 0.02130000 0.38870000
vn 0.97880000 0.07030000 0.19210000
vn 0.99120000 0.09270000 0.09470000
vn 0.98130000 0.02290000 0.19110000
vn 0.99450000 0.04470000 0.09430000
vn 0.99610000 -0.08830000 -0.00000000
vn 0.03110000 -0.22380000 0.97410000
vn 0.03010000 -0.22720000 0.97340000
vn 0.02880000 -0.23040000 0.97270000
vn 0.02540000 -0.23630000 0.97130000
vn 0.02320000 -0.23890000 0.97080000
vn 0.02080000 -0.24130000 0.97020000
vn 0.01810000 -0.24350000 0.96970000
vn 0.01520000 -0.24530000 0.96930000
vn 0.01210000 -0.24680000 0.96900000
vn 0.00880000 -0.24800000 0.96870000
vn 0.00540000 -0.24880000 0.96850000
vn 0.00200000 -0.24930000 0.96840000
vn -0.00150000 -0.24940000 0.96840000
vn -0.00510000 -0.24910000 0.96850000
vn -0.00860000 -0.24850000 0.96860000
vn -0.01200000 -0.24750000 0.96880000
vn -0.01540000 -0.24610000 0.96910000
vn -0.01870000 -0.24440000 0.96950000
vn -0.02180000 -0.24240000 0.96990000
vn -0.02470000 -0.24010000 0.97040000
vn -0.02740000 -0.23760000 0.97100000
vn -0.02980000 -0.23480000 0.97160000
vn -0.03200000 -0.23180000 0.97220000
vn -0.03400000 -0.22860000 0.97290000
vn -0.03690000 -0.22190000 0.97440000
vn -0.03790000 -0.21840000 0.97510000
vn -0.03860000 -0.21490000 0.97590000
vn -0.03900000 -0.21130000 0.97660000
vn -0.03900000 -0.20790000 0.97740000
vn 0.99930000 -0.03820000 -0.00000000
vn -0.03890000 0.21210000 0.97650000
vn 0.89460000 0.24690000 0.37250000
vn 0.66000000 0.27400000 0.69950000
vn 0.32110000 0.25670000 0.91160000
vn 0.82240000 0.43710000 0.36410000
vn 0.60140000 0.41050000 0.68540000
vn 0.29120000 0.32220000 0.90080000
vn 0.71640000 0.59950000 0.35700000
vn 0.51980000 0.52540000 0.67360000
vn 0.25050000 0.37690000 0.89180000
vn 0.57630000 0.73790000 0.35120000
vn 0.41520000 0.62200000 0.66390000
vn 0.19890000 0.42260000 0.88420000
vn 0.41060000 0.84330000 0.34680000
vn 0.29380000 0.69480000 0.65640000
vn 0.13960000 0.45700000 0.87850000
vn 0.22590000 0.91150000 0.34360000
vn 0.16010000 0.74160000 0.65150000
vn 0.07460000 0.47900000 0.87460000
vn 0.04010000 0.99920000 -0.00000000
vn 0.03290000 0.93890000 0.34250000
vn 0.02150000 0.76020000 0.64940000
vn 0.00740000 0.48780000 0.87290000
vn -0.16370000 0.92500000 0.34280000
vn -0.11960000 0.75060000 0.64990000
vn -0.06090000 0.48340000 0.87330000
vn -0.35530000 0.86880000 0.34480000
vn -0.25760000 0.71210000 0.65320000
vn -0.12770000 0.46540000 0.87580000
vn -0.52450000 0.77690000 0.34830000
vn -0.38060000 0.64880000 0.65900000
vn -0.18740000 0.43580000 0.88030000
vn -0.67370000 0.64910000 0.35340000
vn -0.49080000 0.56000000 0.66750000
vn -0.24120000 0.39410000 0.88690000
vn -0.79240000 0.49250000 0.35980000
vn -0.58070000 0.45010000 0.67840000
vn -0.28550000 0.34210000 0.89520000
vn -0.87570000 0.31300000 0.36770000
vn -0.64640000 0.32220000 0.69160000
vn -0.31830000 0.28130000 0.90530000
vn -0.99930000 0.03790000 -0.00000000
vn 0.03190000 0.21240000 0.97670000
vn -0.91780000 0.11780000 0.37920000
vn -0.69230000 0.17920000 0.69900000
vn -0.35830000 0.21240000 0.90910000
vn 0.35710000 0.18390000 0.91580000
vn 0.69560000 0.12600000 0.70730000
vn 0.92180000 0.04780000 0.38470000
vn 1.00000000 -0.00020000 -0.00000000
vn 0.95840000 0.21810000 0.18420000
vn 0.91420000 0.14840000 0.37700000
vn 0.97610000 0.11180000 0.18640000
vn 0.98790000 0.15520000 -0.00000000
vn 0.93920000 0.34340000 -0.00000000
vn 0.85520000 0.51820000 -0.00000000
vn 0.73780000 0.67500000 0.00010000
vn 0.59240000 0.80560000 0.00010000
vn 0.42260000 0.90630000 -0.00000000
vn 0.23620000 0.97170000 -0.00030000
vn -0.15820000 0.98740000 -0.00000000
vn -0.34920000 0.93700000 -0.00000000
vn -0.52700000 0.84990000 0.00010000
vn -0.68310000 0.73040000 -0.00000000
vn -0.81230000 0.58320000 0.00010000
vn -0.91020000 0.41410000 -0.00000000
vn -0.97300000 0.23060000 -0.00010000
vn 0.03140000 0.20890000 0.97740000
vn 0.03060000 0.20530000 0.97820000
vn 0.02950000 0.20180000 0.97900000
vn 0.02810000 0.19850000 0.97970000
vn 0.02630000 0.19520000 0.98040000
vn 0.02430000 0.19220000 0.98110000
vn 0.02200000 0.18930000 0.98170000
vn 0.01940000 0.18660000 0.98220000
vn 0.01660000 0.18430000 0.98270000
vn 0.01370000 0.18210000 0.98320000
vn 0.01050000 0.18030000 0.98360000
vn 0.00720000 0.17870000 0.98390000
vn 0.00380000 0.17760000 0.98410000
vn 0.00040000 0.17670000 0.98430000
vn -0.00320000 0.17620000 0.98430000
vn -0.00670000 0.17610000 0.98440000
vn -0.01020000 0.17630000 0.98430000
vn -0.01350000 0.17680000 0.98410000
vn -0.01680000 0.17770000 0.98390000
vn -0.02000000 0.17900000 0.98370000
vn -0.02300000 0.18050000 0.98330000
vn -0.02580000 0.18240000 0.98290000
vn -0.02840000 0.18450000 0.98240000
vn -0.03070000 0.18690000 0.98190000
vn -0.03280000 0.18950000 0.98130000
vn -0.03460000 0.19230000 0.98070000
vn -0.03620000 0.19530000 0.98010000
vn -0.03730000 0.19850000 0.97940000
vn -0.03820000 0.20180000 0.97870000
vn -0.03880000 0.20520000 0.97800000
vn -0.03900000 0.20860000 0.97720000
vt 0.37268100 0.61692300
vt 0.36281000 0.61692300
vt 0.37010500 0.62435900
vt 0.36766100 0.62435900
vt 0.36523500 0.62435900
vt 0.37010500 0.63183900
vt 0.36766100 0.63183900
vt 0.36523500 0.63183900
vt 0.37010500 0.63929700
vt 0.36766100 0.63929700
vt 0.36523500 0.63929700
vt 0.37010500 0.64675500
vt 0.36766100 0.64675500
vt 0.36523500 0.64675500
vt 0.37010500 0.65421200
vt 0.36766100 0.65421200
vt 0.36523500 0.65421200
vt 0.37010500 0.66167000
vt 0.36766100 0.66167000
vt 0.36523500 0.66167000
vt 0.37010500 0.66912800
vt 0.36766100 0.66912800
vt 0.36523500 0.66912800
vt 0.37010500 0.67658600
vt 0.36766100 0.67658600
vt 0.36523500 0.67658600
vt 0.36281000 0.67658600
vt 0.37010500 0.68404400
vt 0.36766100 0.68404400
vt 0.36523500 0.68404400
vt 0.37010500 0.69150200
vt 0.36766100 0.69150200
vt 0.36523500 0.69150200
vt 0.37010500 0.69896000
vt 0.36766100 0.69896000
vt 0.36523500 0.69896000
vt 0.37010500 0.70641800
vt 0.36766100 0.70641800
vt 0.36523500 0.70641800
vt 0.37010500 0.71387600
vt 0.36766100 0.71387600
vt 0.36523500 0.71387600
vt 0.36281000 0.71387600
vt 0.37268100 0.72133400
vt 0.37010500 0.72133400
vt 0.36766100 0.72133400
vt 0.36523500 0.72133400
vt 0.37010500 0.72879200
vt 0.36766100 0.72879200
vt 0.36523500 0.72879200
vt 0.36281000 0.72879200
vt 0.37268100 0.73625000
vt 0.36281000 0.73625000
vt 0.36537800 0.61692300
vt 0.36774500 0.61692300
vt 0.37011300 0.61692300
vt 0.36281000 0.73252100
vt 0.36281000 0.72506300
vt 0.36281000 0.72133400
vt 0.36281000 0.71760500
vt 0.36281000 0.71014700
vt 0.36281000 0.70641800
vt 0.36281000 0.70268900
vt 0.36281000 0.69896000
vt 0.36281000 0.69523100
vt 0.36281000 0.69150200
vt 0.36281000 0.68777300
vt 0.36281000 0.68404400
vt 0.36281000 0.68031500
vt 0.36281000 0.67285700
vt 0.36281000 0.66912800
vt 0.36281000 0.66539900
vt 0.36281000 0.66167000
vt 0.36281000 0.65794100
vt 0.36281000 0.65421200
vt 0.36281000 0.65048300
vt 0.36281000 0.64675500
vt 0.36281000 0.64302600
vt 0.36281000 0.63929700
vt 0.36281000 0.63556800
vt 0.36281000 0.63183900
vt 0.36281000 0.62811000
vt 0.36281000 0.62438100
vt 0.36281000 0.62065200
vt 0.37011000 0.73625000
vt 0.36774500 0.73625000
vt 0.36538100 0.73625000
vt 0.37268100 0.61836500
vt 0.37268100 0.62173300
vt 0.37268100 0.62510200
vt 0.37268100 0.62847000
vt 0.37268100 0.63183900
vt 0.37268100 0.63556800
vt 0.37268100 0.63929700
vt 0.37268100 0.64302600
vt 0.37268100 0.64675500
vt 0.37268100 0.65048300
vt 0.37268100 0.65421200
vt 0.37268100 0.65794100
vt 0.37268100 0.66167000
vt 0.37268100 0.66539900
vt 0.37268100 0.66912800
vt 0.37268100 0.67285700
vt 0.37268100 0.67658600
vt 0.37268100 0.68031500
vt 0.37268100 0.68404400
vt 0.37268100 0.68777300
vt 0.37268100 0.69150200
vt 0.37268100 0.69523100
vt 0.37268100 0.69896000
vt 0.37268100 0.70268900
vt 0.37268100 0.70641800
vt 0.37268100 0.71014700
vt 0.37268100 0.71387600
vt 0.37268100 0.71760500
vt 0.37268100 0.72506300
vt 0.37268100 0.72879200
vt 0.37268100 0.73252100
vt 0.37139300 0.62435900
vt 0.37010500 0.62064100
vt 0.37139300 0.62064100
vt 0.34128700 0.61692300
vt 0.34776700 0.62485500
vt 0.34559800 0.62485500
vt 0.34344300 0.62485500
vt 0.34776700 0.63282100
vt 0.34559800 0.63282100
vt 0.34344300 0.63282100
vt 0.34776700 0.64076900
vt 0.34559800 0.64076900
vt 0.34344300 0.64076900
vt 0.34776700 0.64906400
vt 0.34559800 0.64906400
vt 0.34344300 0.64906400
vt 0.34776700 0.65652200
vt 0.34559800 0.65652200
vt 0.34344300 0.65652200
vt 0.34776700 0.66463200
vt 0.34559800 0.66463200
vt 0.34344300 0.66463200
vt 0.34776700 0.67260100
vt 0.34559800 0.67260100
vt 0.34344300 0.67260100
vt 0.34776700 0.68055500
vt 0.34559800 0.68055500
vt 0.34344300 0.68055500
vt 0.34776700 0.68851000
vt 0.34559800 0.68851000
vt 0.34344300 0.68851000
vt 0.34776700 0.69646400
vt 0.34559800 0.69646400
vt 0.34344300 0.69646400
vt 0.34776700 0.70441900
vt 0.34559800 0.70441900
vt 0.34344300 0.70441900
vt 0.34776700 0.71236800
vt 0.34559800 0.71236800
vt 0.34344300 0.71236800
vt 0.34776700 0.72033700
vt 0.34559800 0.72033700
vt 0.34344300 0.72033700
vt 0.34776700 0.72828200
vt 0.34559800 0.72828200
vt 0.34344300 0.72828200
vt 0.35002900 0.73624200
vt 0.34128700 0.73624200
vt 0.34356800 0.61692300
vt 0.34565800 0.61692300
vt 0.34774900 0.61692300
vt 0.34128700 0.73251300
vt 0.34128700 0.72878500
vt 0.34128700 0.72505600
vt 0.34128700 0.72132700
vt 0.34128700 0.71759800
vt 0.34128700 0.71387000
vt 0.34128700 0.71014100
vt 0.34128700 0.70641200
vt 0.34128700 0.70268300
vt 0.34128700 0.69895500
vt 0.34128700 0.69522600
vt 0.34128700 0.69149700
vt 0.34128700 0.68776800
vt 0.34128700 0.68404000
vt 0.34128700 0.68031100
vt 0.34128700 0.67658200
vt 0.34128700 0.67285400
vt 0.34128700 0.66912500
vt 0.34128700 0.66539600
vt 0.34128700 0.66166700
vt 0.34128700 0.65793900
vt 0.34128700 0.65421000
vt 0.34128700 0.65048100
vt 0.34128700 0.64675200
vt 0.34128700 0.64302400
vt 0.34128700 0.63929500
vt 0.34128700 0.63556600
vt 0.34128700 0.63183700
vt 0.34128700 0.62810900
vt 0.34128700 0.62438000
vt 0.34128700 0.62065100
vt 0.34775700 0.73624200
vt 0.34565800 0.73624200
vt 0.34356000 0.73624200
vt 0.35002900 0.62372900
vt 0.35002900 0.62778300
vt 0.35002900 0.63183700
vt 0.35002900 0.63556600
vt 0.35002900 0.63929500
vt 0.35002900 0.64302400
vt 0.35002900 0.64675200
vt 0.35002900 0.65048100
vt 0.35002900 0.65421000
vt 0.35002900 0.65793900
vt 0.35002900 0.66166700
vt 0.35002900 0.66539600
vt 0.35002900 0.66912500
vt 0.35002900 0.67285400
vt 0.35002900 0.67658200
vt 0.35002900 0.68031100
vt 0.35002900 0.68404000
vt 0.35002900 0.68776800
vt 0.35002900 0.69149700
vt 0.35002900 0.69522600
vt 0.35002900 0.69895500
vt 0.35002900 0.70268300
vt 0.35002900 0.70641200
vt 0.35002900 0.71014100
vt 0.35002900 0.71387000
vt 0.35002900 0.71759800
vt 0.35002900 0.72132700
vt 0.35002900 0.72505600
vt 0.35002900 0.72878500
vt 0.35002900 0.73251300
vt 0.35002900 0.61692300
vt 0.31731500 0.62473100
vt 0.31515700 0.62473100
vt 0.31301300 0.62473100
vt 0.31731500 0.63253900
vt 0.31515700 0.63253900
vt 0.31301300 0.63253900
vt 0.31731500 0.64034700
vt 0.31515700 0.64034700
vt 0.31301300 0.64034700
vt 0.31731500 0.64815600
vt 0.31515700 0.64815600
vt 0.31301300 0.64815600
vt 0.31731500 0.65596400
vt 0.31515700 0.65596400
vt 0.31301300 0.65596400
vt 0.31731500 0.66377200
vt 0.31515700 0.66377200
vt 0.31301300 0.66377200
vt 0.31731500 0.67158000
vt 0.31515700 0.67158000
vt 0.31301300 0.67158000
vt 0.31956600 0.67938900
vt 0.31739100 0.67938900
vt 0.31521700 0.67938900
vt 0.31304200 0.67938900
vt 0.31086800 0.67938900
vt 0.31956600 0.61692300
vt 0.31956600 0.62082700
vt 0.31956600 0.62473100
vt 0.31956600 0.62863500
vt 0.31956600 0.63253900
vt 0.31956600 0.63644300
vt 0.31956600 0.64034700
vt 0.31956600 0.64425100
vt 0.31956600 0.64815600
vt 0.31956600 0.65206000
vt 0.31956600 0.65596400
vt 0.31956600 0.65986800
vt 0.31956600 0.66377200
vt 0.31956600 0.66767600
vt 0.31956600 0.67158000
vt 0.31956600 0.67548400
vt 0.31086800 0.61692400
vt 0.31304200 0.61692300
vt 0.31521700 0.61692300
vt 0.31739100 0.61692300
vt 0.31086800 0.67548400
vt 0.31086800 0.67158000
vt 0.31086800 0.66767600
vt 0.31086800 0.66377200
vt 0.31086800 0.65986800
vt 0.31086800 0.65596400
vt 0.31086800 0.65206000
vt 0.31086800 0.64815600
vt 0.31086800 0.64425100
vt 0.31086800 0.64034700
vt 0.31086800 0.63644300
vt 0.31086800 0.63253900
vt 0.31086800 0.62863500
vt 0.31086800 0.62473100
vt 0.31086800 0.62082700
vt 0.32750200 0.62473000
vt 0.32533600 0.62473000
vt 0.32318300 0.62473000
vt 0.32750200 0.63253800
vt 0.32533600 0.63253800
vt 0.32318300 0.63253800
vt 0.32750200 0.64034500
vt 0.32533600 0.64034500
vt 0.32318300 0.64034500
vt 0.32750200 0.64815300
vt 0.32533600 0.64815300
vt 0.32318300 0.64815300
vt 0.32750200 0.65596100
vt 0.32533600 0.65596100
vt 0.32318300 0.65596100
vt 0.32750200 0.66376800
vt 0.32533600 0.66376800
vt 0.32318300 0.66376800
vt 0.32750200 0.67157600
vt 0.32533600 0.67157600
vt 0.32318300 0.67157600
vt 0.32976100 0.67938300
vt 0.32757800 0.67938400
vt 0.32539600 0.67938400
vt 0.32321300 0.67938400
vt 0.32103100 0.67938500
vt 0.32103100 0.61692300
vt 0.32321300 0.61692300
vt 0.32539500 0.61692300
vt 0.32757800 0.61692300
vt 0.32103100 0.67548000
vt 0.32103100 0.67157600
vt 0.32103100 0.66767200
vt 0.32103100 0.66376800
vt 0.32103100 0.65986400
vt 0.32103100 0.65596100
vt 0.32103100 0.65205700
vt 0.32103100 0.64815300
vt 0.32103100 0.64424900
vt 0.32103100 0.64034500
vt 0.32103100 0.63644200
vt 0.32103100 0.63253800
vt 0.32103100 0.62863400
vt 0.32103100 0.62473000
vt 0.32103100 0.62082600
vt 0.32976000 0.61692300
vt 0.32976000 0.62082600
vt 0.32976000 0.62473000
vt 0.32976000 0.62863400
vt 0.32976000 0.63253800
vt 0.32976000 0.63644200
vt 0.32976000 0.64034500
vt 0.32976000 0.64424900
vt 0.32976100 0.64815300
vt 0.32976100 0.65205700
vt 0.32976100 0.65596100
vt 0.32976100 0.65986400
vt 0.32976100 0.66376800
vt 0.32976100 0.66767200
vt 0.32976100 0.67157600
vt 0.32976100 0.67547900
vt 0.30715200 0.62625700
vt 0.30499400 0.62625700
vt 0.30285000 0.62625700
vt 0.30715200 0.63559000
vt 0.30499400 0.63559000
vt 0.30285000 0.63559000
vt 0.30715200 0.64477600
vt 0.30499400 0.64477600
vt 0.30285000 0.64477600
vt 0.30715200 0.65389800
vt 0.30499400 0.65389800
vt 0.30285000 0.65389800
vt 0.30715200 0.66342600
vt 0.30499400 0.66342600
vt 0.30285000 0.66342600
vt 0.30070500 0.61692300
vt 0.30288000 0.61692300
vt 0.30505400 0.61692300
vt 0.30722900 0.61692300
vt 0.30940300 0.61692300
vt 0.30940300 0.62388600
vt 0.30940300 0.63084900
vt 0.30940300 0.63781200
vt 0.30940300 0.64477600
vt 0.30940300 0.65173900
vt 0.30940300 0.65870200
vt 0.30940300 0.66550000
vt 0.30940300 0.67229800
vt 0.30070500 0.67229900
vt 0.30070500 0.66550000
vt 0.30070500 0.65870200
vt 0.30070500 0.65522100
vt 0.30070500 0.65173900
vt 0.30070500 0.64477600
vt 0.30070500 0.63781200
vt 0.30070500 0.63084900
vt 0.30070500 0.62388600
vt 0.30722800 0.67229800
vt 0.30505400 0.67229800
vt 0.30288000 0.67229900
vt 0.29698900 0.62610500
vt 0.29483100 0.62610500
vt 0.29268700 0.62610500
vt 0.29698900 0.63530700
vt 0.29483100 0.63530700
vt 0.29268700 0.63530700
vt 0.29698900 0.64460600
vt 0.29483100 0.64460600
vt 0.29268700 0.64460600
vt 0.29698900 0.65367200
vt 0.29483100 0.65367200
vt 0.29268700 0.65367200
vt 0.29698900 0.66273800
vt 0.29483100 0.66273800
vt 0.29268700 0.66273800
vt 0.29924000 0.67228900
vt 0.29054200 0.67228900
vt 0.29706600 0.67228900
vt 0.29489100 0.67228900
vt 0.29271700 0.67228900
vt 0.29924000 0.61692300
vt 0.29924000 0.62384300
vt 0.29924000 0.63076400
vt 0.29924000 0.63768500
vt 0.29924000 0.64460600
vt 0.29924000 0.65152700
vt 0.29924000 0.65844800
vt 0.29924000 0.66536800
vt 0.29054200 0.61692300
vt 0.29271700 0.61692300
vt 0.29489100 0.61692300
vt 0.29706600 0.61692300
vt 0.29054200 0.66536800
vt 0.29054200 0.65844800
vt 0.29054200 0.65152700
vt 0.29054200 0.64460600
vt 0.29054200 0.64114500
vt 0.29054200 0.63768500
vt 0.29054200 0.63076400
vt 0.29054200 0.62730400
vt 0.29054200 0.62384300
vt 0.29054200 0.62038300
vt 0.37414600 0.76881800
vt 0.37414600 0.82114500
vt 0.47037500 0.76881800
vt 0.46920500 0.82055200
vt 0.46622200 0.81977100
vt 0.46325800 0.81900600
vt 0.46027800 0.81825400
vt 0.45728400 0.81752400
vt 0.45430200 0.81682700
vt 0.45131900 0.81616900
vt 0.44830900 0.81555000
vt 0.44529500 0.81498100
vt 0.44229400 0.81447000
vt 0.43927300 0.81402000
vt 0.43623700 0.81363400
vt 0.43321000 0.81332200
vt 0.43017400 0.81308300
vt 0.42712400 0.81292200
vt 0.42408700 0.81284100
vt 0.42105600 0.81284100
vt 0.41800600 0.81292200
vt 0.41495900 0.81308400
vt 0.41193800 0.81332300
vt 0.40890900 0.81363800
vt 0.40587300 0.81402700
vt 0.40285900 0.81448200
vt 0.39985500 0.81499800
vt 0.39684100 0.81557600
vt 0.39384100 0.81620300
vt 0.39086400 0.81687100
vt 0.38787600 0.81758100
vt 0.38488500 0.81832400
vt 0.38220000 0.81901200
vt 0.37952200 0.81971400
vt 0.37684100 0.82042500
vt 0.45849800 0.79498100
vt 0.46443600 0.79498100
vt 0.46443600 0.80806300
vt 0.46740600 0.79498100
vt 0.46740600 0.80806300
vt 0.46740600 0.81460400
vt 0.46889000 0.80806300
vt 0.46889000 0.81460400
vt 0.46443600 0.81460400
vt 0.46592100 0.80806300
vt 0.46592100 0.81460400
vt 0.45849800 0.80806300
vt 0.46146700 0.79498100
vt 0.46146700 0.80806300
vt 0.44662000 0.79498100
vt 0.45255900 0.79498100
vt 0.46146700 0.81460400
vt 0.46295200 0.80806300
vt 0.46295200 0.81460400
vt 0.45849800 0.81460400
vt 0.45998200 0.80806300
vt 0.45998200 0.81460400
vt 0.45255900 0.80806300
vt 0.45552800 0.79498100
vt 0.45552800 0.80806300
vt 0.45552800 0.81460400
vt 0.45701300 0.80806300
vt 0.45701300 0.81460400
vt 0.45255900 0.81460400
vt 0.45404400 0.80806300
vt 0.45404400 0.81460400
vt 0.44662000 0.80806300
vt 0.44959000 0.79498100
vt 0.44959000 0.80806300
vt 0.43467500 0.79498100
vt 0.44064700 0.79498100
vt 0.44959000 0.81460400
vt 0.45107400 0.80806300
vt 0.44810500 0.80806300
vt 0.44064700 0.80806300
vt 0.44363400 0.79498100
vt 0.44363400 0.80806300
vt 0.44512700 0.80806300
vt 0.44214100 0.80806300
vt 0.43467500 0.80806300
vt 0.43766100 0.79498100
vt 0.43766100 0.80806300
vt 0.42226100 0.79498100
vt 0.42846800 0.79498100
vt 0.43915400 0.80806300
vt 0.43616800 0.80806300
vt 0.42846800 0.80806300
vt 0.43157100 0.79498100
vt 0.43157100 0.80806300
vt 0.43312300 0.80806300
vt 0.43001900 0.80806300
vt 0.42226100 0.80806300
vt 0.42536400 0.79498100
vt 0.42536400 0.80806300
vt 0.41038300 0.79498100
vt 0.41632200 0.79498100
vt 0.42691600 0.80806300
vt 0.42381200 0.80806300
vt 0.41632200 0.80806300
vt 0.41929100 0.79498100
vt 0.41929100 0.80806300
vt 0.42077600 0.80806300
vt 0.41780700 0.80806300
vt 0.41038300 0.80806300
vt 0.41335200 0.79498100
vt 0.41335200 0.80806300
vt 0.39850600 0.79498100
vt 0.40444400 0.79498100
vt 0.41483700 0.80806300
vt 0.41186800 0.80806300
vt 0.40444400 0.80806300
vt 0.40741400 0.79498100
vt 0.40741400 0.80806300
vt 0.40889800 0.80806300
vt 0.40592900 0.80806300
vt 0.39850600 0.80806300
vt 0.40147500 0.79498100
vt 0.40147500 0.80806300
vt 0.38656000 0.79498100
vt 0.39253300 0.79498100
vt 0.40296000 0.80806300
vt 0.39999000 0.80806300
vt 0.39253300 0.80806300
vt 0.39551900 0.79498100
vt 0.39551900 0.80806300
vt 0.39551900 0.81460400
vt 0.39701300 0.80806300
vt 0.39253300 0.81460400
vt 0.39402600 0.80806300
vt 0.38656000 0.80806300
vt 0.38954600 0.79498100
vt 0.38954600 0.80806300
vt 0.38035300 0.79498100
vt 0.38954600 0.81460400
vt 0.39104000 0.80806300
vt 0.39104000 0.81460400
vt 0.38656000 0.81460400
vt 0.38805300 0.80806300
vt 0.38805300 0.81460400
vt 0.38035300 0.80806300
vt 0.38345600 0.79498100
vt 0.38345600 0.80806300
vt 0.38345600 0.81460400
vt 0.38500800 0.80806300
vt 0.38500800 0.81460400
vt 0.38035300 0.81460400
vt 0.38190500 0.80806300
vt 0.38190500 0.81460400
vt 0.37725000 0.79498100
vt 0.37725000 0.80806300
vt 0.37725000 0.81460400
vt 0.37880100 0.80806300
vt 0.37880100 0.81460400
vt 0.37569800 0.80806300
vt 0.37569800 0.81460400
vt 0.37414600 0.79498100
vt 0.47037500 0.82085900
vt 0.46889000 0.81787400
vt 0.46963300 0.81460400
vt 0.46963300 0.81787400
vt 0.47037500 0.79483900
vt 0.38789300 0.76881800
vt 0.40164000 0.76881800
vt 0.41538700 0.76881800
vt 0.42913400 0.76881800
vt 0.44288100 0.76881800
vt 0.45662800 0.76881800
vt 0.53207400 0.61692300
vt 0.53207400 0.71315200
vt 0.47974800 0.61692300
vt 0.50591100 0.61692300
vt 0.47861100 0.70771700
vt 0.47784500 0.70473200
vt 0.47710300 0.70176300
vt 0.47638300 0.69877700
vt 0.47569400 0.69577700
vt 0.47504600 0.69278700
vt 0.47444400 0.68979500
vt 0.47388800 0.68677700
vt 0.47338900 0.68375600
vt 0.47295500 0.68074600
vt 0.47258400 0.67771600
vt 0.47228300 0.67467400
vt 0.47205700 0.67164400
vt 0.47190600 0.66860300
vt 0.47183300 0.66555000
vt 0.47184000 0.66251400
vt 0.47192400 0.65948500
vt 0.47208800 0.65643600
vt 0.47232900 0.65339400
vt 0.47264100 0.65037700
vt 0.47302500 0.64735300
vt 0.47347700 0.64432300
vt 0.47398900 0.64131600
vt 0.47455700 0.63831800
vt 0.47518000 0.63531000
vt 0.47584500 0.63231600
vt 0.47654600 0.62934400
vt 0.47728200 0.62636000
vt 0.47804600 0.62337200
vt 0.47889100 0.62014400
vt 0.50195000 0.70127400
vt 0.50195000 0.70721300
vt 0.48688800 0.70721300
vt 0.50195000 0.71018200
vt 0.48688800 0.71018200
vt 0.48688800 0.70869800
vt 0.48688800 0.70127400
vt 0.50195000 0.70424400
vt 0.48688800 0.70424400
vt 0.50195000 0.68939700
vt 0.50195000 0.69533600
vt 0.47935700 0.70424400
vt 0.48688800 0.70572800
vt 0.47935700 0.70127400
vt 0.48688800 0.70275900
vt 0.47935700 0.70275900
vt 0.48688800 0.69533600
vt 0.50195000 0.69830500
vt 0.48688800 0.69830500
vt 0.47935700 0.69830500
vt 0.48688800 0.69979000
vt 0.47935700 0.69979000
vt 0.47935700 0.69533600
vt 0.48688800 0.69682000
vt 0.47935700 0.69682000
vt 0.48688800 0.68939700
vt 0.50195000 0.69236600
vt 0.48688800 0.69236600
vt 0.50195000 0.67745100
vt 0.50195000 0.68342400
vt 0.47935700 0.69236600
vt 0.48688800 0.69385100
vt 0.47935700 0.69385100
vt 0.47935700 0.68939700
vt 0.48688800 0.69088100
vt 0.47935700 0.69088100
vt 0.48688800 0.68342400
vt 0.50195000 0.68641000
vt 0.48688800 0.68641000
vt 0.47935700 0.68641000
vt 0.48688800 0.68790400
vt 0.47935700 0.68790400
vt 0.47935700 0.68342400
vt 0.48688800 0.68491700
vt 0.47935700 0.68491700
vt 0.48688800 0.67745100
vt 0.50195000 0.68043700
vt 0.48688800 0.68043700
vt 0.50195000 0.66503700
vt 0.50195000 0.67124400
vt 0.47935700 0.68043700
vt 0.48688800 0.68193100
vt 0.47935700 0.68193100
vt 0.47935700 0.67745100
vt 0.48688800 0.67894400
vt 0.47935700 0.67894400
vt 0.48688800 0.67124400
vt 0.50195000 0.67434800
vt 0.48688800 0.67434800
vt 0.47935700 0.67434800
vt 0.48688800 0.67589900
vt 0.47935700 0.67589900
vt 0.47935700 0.67124400
vt 0.48688800 0.67279600
vt 0.47935700 0.67279600
vt 0.48688800 0.66503700
vt 0.50195000 0.66814100
vt 0.48688800 0.66814100
vt 0.50195000 0.65316000
vt 0.50195000 0.65909800
vt 0.47935700 0.66814100
vt 0.48688800 0.66969200
vt 0.47935700 0.66969200
vt 0.47935700 0.66503700
vt 0.48688800 0.66658900
vt 0.47935700 0.66658900
vt 0.48688800 0.65909800
vt 0.50195000 0.66206800
vt 0.48688800 0.66206800
vt 0.47935700 0.66206800
vt 0.48688800 0.66355200
vt 0.47935700 0.66355200
vt 0.47935700 0.65909800
vt 0.48688800 0.66058300
vt 0.47935700 0.66058300
vt 0.48688800 0.65316000
vt 0.50195000 0.65612900
vt 0.48688800 0.65612900
vt 0.50195000 0.64128200
vt 0.50195000 0.64722100
vt 0.47935700 0.65612900
vt 0.48688800 0.65761400
vt 0.47935700 0.65761400
vt 0.47935700 0.65316000
vt 0.48688800 0.65464400
vt 0.47935700 0.65464400
vt 0.48688800 0.64722100
vt 0.50195000 0.65019000
vt 0.48688800 0.65019000
vt 0.47935700 0.65019000
vt 0.48688800 0.65167500
vt 0.47935700 0.65167500
vt 0.47935700 0.64722100
vt 0.48688800 0.64870600
vt 0.47935700 0.64870600
vt 0.48688800 0.64128200
vt 0.50195000 0.64425200
vt 0.48688800 0.64425200
vt 0.50195000 0.62933700
vt 0.50195000 0.63530900
vt 0.47935700 0.64425200
vt 0.48688800 0.64573600
vt 0.47935700 0.64573600
vt 0.47935700 0.64128200
vt 0.48688800 0.64276700
vt 0.47935700 0.64276700
vt 0.48688800 0.63530900
vt 0.50195000 0.63829600
vt 0.48688800 0.63829600
vt 0.47935700 0.63829600
vt 0.48688800 0.63978900
vt 0.47935700 0.63978900
vt 0.47935700 0.63530900
vt 0.48688800 0.63680300
vt 0.47935700 0.63680300
vt 0.48688800 0.62933700
vt 0.50195000 0.63232300
vt 0.48688800 0.63232300
vt 0.50195000 0.62313000
vt 0.47935700 0.63232300
vt 0.47935700 0.62933700
vt 0.48688800 0.63083000
vt 0.47935700 0.63083000
vt 0.48688800 0.62313000
vt 0.50195000 0.62623300
vt 0.48688800 0.62623300
vt 0.47935700 0.62623300
vt 0.48688800 0.62778500
vt 0.47935700 0.62778500
vt 0.48688800 0.62468100
vt 0.47935700 0.62468100
vt 0.50195000 0.62002600
vt 0.48688800 0.62002600
vt 0.48688800 0.62157800
vt 0.50605400 0.71315200
vt 0.48003300 0.71315200
vt 0.53207400 0.63067000
vt 0.53207400 0.64441700
vt 0.53207400 0.65816400
vt 0.53207400 0.67191100
vt 0.53207400 0.68565800
vt 0.53207400 0.69940500
vt 0.47932200 0.71044400
vt 0.47184000 0.82155600
vt 0.52291400 0.81979400
vt 0.51971100 0.81978700
vt 0.51652700 0.81981700
vt 0.51332500 0.81988300
vt 0.51012500 0.81998100
vt 0.50694600 0.82010800
vt 0.50375800 0.82025900
vt 0.50055800 0.82042800
vt 0.49737300 0.82060600
vt 0.49418400 0.82078700
vt 0.49098300 0.82096400
vt 0.48779900 0.82112800
vt 0.48462000 0.82127300
vt 0.48141800 0.82139200
vt 0.47822100 0.82148200
vt 0.47504100 0.82153700
vt 0.52992800 0.79518700
vt 0.51995700 0.79518700
vt 0.52494200 0.79518700
vt 0.52494200 0.80837100
vt 0.51995700 0.80837100
vt 0.52244900 0.79518700
vt 0.52244900 0.80837100
vt 0.51045400 0.79518700
vt 0.51520500 0.79518700
vt 0.51520500 0.80837100
vt 0.51758100 0.79518700
vt 0.51758100 0.80837100
vt 0.51995700 0.81496300
vt 0.51758100 0.81496300
vt 0.51876900 0.80837100
vt 0.51876900 0.81496300
vt 0.51520500 0.81496300
vt 0.51639300 0.80837100
vt 0.51639300 0.81496300
vt 0.51045400 0.80837100
vt 0.51282900 0.79518700
vt 0.51282900 0.80837100
vt 0.50095200 0.79518700
vt 0.50570300 0.79518700
vt 0.50570300 0.80837100
vt 0.50807800 0.79518700
vt 0.50807800 0.80837100
vt 0.51045400 0.81496300
vt 0.50807800 0.81496300
vt 0.50926600 0.80837100
vt 0.50926600 0.81496300
vt 0.50570300 0.81496300
vt 0.50689000 0.80837100
vt 0.50689000 0.81496300
vt 0.50095200 0.80837100
vt 0.50332700 0.79518700
vt 0.50332700 0.80837100
vt 0.49144900 0.79518700
vt 0.49620100 0.79518700
vt 0.50332700 0.81496300
vt 0.50451500 0.80837100
vt 0.50451500 0.81496300
vt 0.49620100 0.80837100
vt 0.49857600 0.79518700
vt 0.49857600 0.80837100
vt 0.50095200 0.81496300
vt 0.49857600 0.81496300
vt 0.49976400 0.80837100
vt 0.49976400 0.81496300
vt 0.49620100 0.81496300
vt 0.49738800 0.80837100
vt 0.49738800 0.81496300
vt 0.49144900 0.80837100
vt 0.49382500 0.79518700
vt 0.49382500 0.80837100
vt 0.48181200 0.79518700
vt 0.48663100 0.79518700
vt 0.49382500 0.81496300
vt 0.49501300 0.80837100
vt 0.49501300 0.81496300
vt 0.48663100 0.80837100
vt 0.48904000 0.79518700
vt 0.48904000 0.80837100
vt 0.49144900 0.81496300
vt 0.48904000 0.81496300
vt 0.49024500 0.80837100
vt 0.49024500 0.81496300
vt 0.48663100 0.81496300
vt 0.48783500 0.80837100
vt 0.48783500 0.81496300
vt 0.48181200 0.80837100
vt 0.48422100 0.79518700
vt 0.48422100 0.80837100
vt 0.47682600 0.79518700
vt 0.48422100 0.81496300
vt 0.48542600 0.80837100
vt 0.48542600 0.81496300
vt 0.47682600 0.80837100
vt 0.47931900 0.79518700
vt 0.47931900 0.80837100
vt 0.48181200 0.81496300
vt 0.47931900 0.81496300
vt 0.48056600 0.80837100
vt 0.48056600 0.81496300
vt 0.47682600 0.81496300
vt 0.47807200 0.80837100
vt 0.47807200 0.81496300
vt 0.47433300 0.79518700
vt 0.47433300 0.80837100
vt 0.47433300 0.81496300
vt 0.47557900 0.80837100
vt 0.47557900 0.81496300
vt 0.47308600 0.80837100
vt 0.47308600 0.81496300
vt 0.56807200 0.82104200
vt 0.56249700 0.82100000
vt 0.55696800 0.82088300
vt 0.55127600 0.82069900
vt 0.54562100 0.82047800
vt 0.53993200 0.82024600
vt 0.53427200 0.82003800
vt 0.52859100 0.81988100
vt 0.55857000 0.79518700
vt 0.56332100 0.79518700
vt 0.56332100 0.80837100
vt 0.56569600 0.79518700
vt 0.56569600 0.80837100
vt 0.55857000 0.80837100
vt 0.56094500 0.79518700
vt 0.56094500 0.80837100
vt 0.54906700 0.79518700
vt 0.55381800 0.79518700
vt 0.55381800 0.80837100
vt 0.55619400 0.79518700
vt 0.55619400 0.80837100
vt 0.54906700 0.80837100
vt 0.55144300 0.79518700
vt 0.55144300 0.80837100
vt 0.53956500 0.79518700
vt 0.54431600 0.79518700
vt 0.54431600 0.80837100
vt 0.54669200 0.79518700
vt 0.54669200 0.80837100
vt 0.53956500 0.80837100
vt 0.54194100 0.79518700
vt 0.54194100 0.80837100
vt 0.53474700 0.79518700
vt 0.53474700 0.80837100
vt 0.52992800 0.80837100
vt 0.53233700 0.79518700
vt 0.53233700 0.80837100
vt 0.52743500 0.79518700
vt 0.52743500 0.80837100
vt 0.47184100 0.79518700
vt 0.47184200 0.76881800
vt 0.56807100 0.76881800
vt 0.56807100 0.79493000
vt 0.48558900 0.76881800
vt 0.49933600 0.76881800
vt 0.51308300 0.76881800
vt 0.52683000 0.76881800
vt 0.54057700 0.76881800
vt 0.55432400 0.76881800
vt 0.14454400 0.48026000
vt 0.14454400 0.52996400
vt 0.03355200 0.57877300
vt 0.03294000 0.57194100
vt 0.03113900 0.56538700
vt 0.02976800 0.56217000
vt 0.02810900 0.55909400
vt 0.02401800 0.55351100
vt 0.01895600 0.54875900
vt 0.01315000 0.54505500
vt 0.00675000 0.54249200
vt 0.00000000 0.54117500
vt 0.07227200 0.52996400
vt 0.14454400 0.55481300
vt 0.07227200 0.55481300
vt 0.03613600 0.55481300
vt 0.07227200 0.56723800
vt 0.03613600 0.56723800
vt 0.03613600 0.56102600
vt 0.03613600 0.52996400
vt 0.07227200 0.54238800
vt 0.03613600 0.54238800
vt 0.07227200 0.48026000
vt 0.14454400 0.50511200
vt 0.07227200 0.50511200
vt 0.03613600 0.56413200
vt 0.05420400 0.56723800
vt 0.05420400 0.55481300
vt 0.07227200 0.56102600
vt 0.05420400 0.56102600
vt 0.10840800 0.55481300
vt 0.14454400 0.56723800
vt 0.10840800 0.56723800
vt 0.21681100 0.52996400
vt 0.21681100 0.55481300
vt 0.03613600 0.55792000
vt 0.01806800 0.54238800
vt 0.03613600 0.54860100
vt 0.01806800 0.52996400
vt 0.03613600 0.53617600
vt 0.01806800 0.53617600
vt 0.03613600 0.50511200
vt 0.07227200 0.51753800
vt 0.03613600 0.51753800
vt 0.00000100 0.53433700
vt 0.00000200 0.52749800
vt 0.00000300 0.52066000
vt 0.00000400 0.51382200
vt 0.00000400 0.50698400
vt 0.00000500 0.50014500
vt 0.00000600 0.49330600
vt 0.00000700 0.48646700
vt 0.00000800 0.47962800
vt 0.00000900 0.47278800
vt 0.00001000 0.46594800
vt 0.00001000 0.45910900
vt 0.00001100 0.45226900
vt 0.00001200 0.44543000
vt 0.00001300 0.43859100
vt 0.00001400 0.43175100
vt 0.01806800 0.51753800
vt 0.03613600 0.52375100
vt 0.01806800 0.52375100
vt 0.01806800 0.50511200
vt 0.03613600 0.51132500
vt 0.01806800 0.51132500
vt 0.03613600 0.48026000
vt 0.07227200 0.49268600
vt 0.03613600 0.49268600
vt 0.14454400 0.45540600
vt 0.07227200 0.45540600
vt 0.01806800 0.49268600
vt 0.03613600 0.49889900
vt 0.01806800 0.49889900
vt 0.01806800 0.48026000
vt 0.03613600 0.48647300
vt 0.01806800 0.48647300
vt 0.03613600 0.45540600
vt 0.07227200 0.46783300
vt 0.03613600 0.46783300
vt 0.01806800 0.46783300
vt 0.03613600 0.47404600
vt 0.01806800 0.47404600
vt 0.01806800 0.45540600
vt 0.03613600 0.46162000
vt 0.01806800 0.46162000
vt 0.07227200 0.44297900
vt 0.03613600 0.44297900
vt 0.01806800 0.44297900
vt 0.03613600 0.44919300
vt 0.01806800 0.44919300
vt 0.03613600 0.43676600
vt 0.01806800 0.43676600
vt 0.28735300 0.57877900
vt 0.22390300 0.57877800
vt 0.16045200 0.57877600
vt 0.09700200 0.57877400
vt 0.07138300 0.43175300
vt 0.14275300 0.43175500
vt 0.17116500 0.43468500
vt 0.17200000 0.43486100
vt 0.17283600 0.43504300
vt 0.17451300 0.43542400
vt 0.17788100 0.43625500
vt 0.18466500 0.43820100
vt 0.19835000 0.44328400
vt 0.19871900 0.44344400
vt 0.19908900 0.44360500
vt 0.19983200 0.44393200
vt 0.20132600 0.44460700
vt 0.20435100 0.44603600
vt 0.21052700 0.44922800
vt 0.22325600 0.45707600
vt 0.22342100 0.45719000
vt 0.22358600 0.45730500
vt 0.22391900 0.45753600
vt 0.22458800 0.45800600
vt 0.22594600 0.45897700
vt 0.22873600 0.46104500
vt 0.23457300 0.46572100
vt 0.23463100 0.46576900
vt 0.23468900 0.46581900
vt 0.23480700 0.46591800
vt 0.23504800 0.46612300
vt 0.23554800 0.46655000
vt 0.23662500 0.46748400
vt 0.23907100 0.46967300
vt 0.24503100 0.47544100
vt 0.24666300 0.47713700
vt 0.24815800 0.47874000
vt 0.25076100 0.48164700
vt 0.25453200 0.48614700
vt 0.25461000 0.48624400
vt 0.25468800 0.48634100
vt 0.25484300 0.48653400
vt 0.25515000 0.48692000
vt 0.25575500 0.48768700
vt 0.25692700 0.48920300
vt 0.25912600 0.49215800
vt 0.26297300 0.49772800
vt 0.26310800 0.49793300
vt 0.26324200 0.49813800
vt 0.26350800 0.49854800
vt 0.26403500 0.49936600
vt 0.26506300 0.50099800
vt 0.26702300 0.50424300
vt 0.27056600 0.51063900
vt 0.27628500 0.52292100
vt 0.27646300 0.52335400
vt 0.27663900 0.52378800
vt 0.27698600 0.52465500
vt 0.27766100 0.52638900
vt 0.27893500 0.52985100
vt 0.28118600 0.53674900
vt 0.28456300 0.55035400
vt 0.28473600 0.55124500
vt 0.28490400 0.55213600
vt 0.28522300 0.55391800
vt 0.28579300 0.55748400
vt 0.28666400 0.56460900
vt 0.21681100 0.48026000
vt 0.21681100 0.45540600
vt 0.18067700 0.45540600
vt 0.14454400 0.44297900
vt 0.18067700 0.44297900
vt 0.16261100 0.44297900
vt 0.14454400 0.43676600
vt 0.16261100 0.43676600
vt 0.10840800 0.45540600
vt 0.10840800 0.44297900
vt 0.17164400 0.43676600
vt 0.16712700 0.43676600
vt 0.16261100 0.43521300
vt 0.17164400 0.43521300
vt 0.16712700 0.43521300
vt 0.17164400 0.44297900
vt 0.16261100 0.43987300
vt 0.18067700 0.43987300
vt 0.17164400 0.43987300
vt 0.16261100 0.45540600
vt 0.14454400 0.44919300
vt 0.18067700 0.44919300
vt 0.16261100 0.44919300
vt 0.18067700 0.48026000
vt 0.14454400 0.46783300
vt 0.21681100 0.46783300
vt 0.18067700 0.46783300
vt 0.21681100 0.50511200
vt 0.15357700 0.43676600
vt 0.14454400 0.43365900
vt 0.15357700 0.43365900
vt 0.12647600 0.44297900
vt 0.10840800 0.43676600
vt 0.12647600 0.43676600
vt 0.19874400 0.45540600
vt 0.19874400 0.44919300
vt 0.18971100 0.44919300
vt 0.18067700 0.44608600
vt 0.18971100 0.44297900
vt 0.19874400 0.44608600
vt 0.18971100 0.44608600
vt 0.19422700 0.44608600
vt 0.18971100 0.44453300
vt 0.19422700 0.44297900
vt 0.19874400 0.44453300
vt 0.19422700 0.44453300
vt 0.20777700 0.44919300
vt 0.19648600 0.44453300
vt 0.19422700 0.44375600
vt 0.19648600 0.44297900
vt 0.19874400 0.44375600
vt 0.19648600 0.44375600
vt 0.19761500 0.44375600
vt 0.19648600 0.44336800
vt 0.19761500 0.44336800
vt 0.23487700 0.46783300
vt 0.21681100 0.46162000
vt 0.22584400 0.46162000
vt 0.21681100 0.45851300
vt 0.19874400 0.46783300
vt 0.18067700 0.46162000
vt 0.19874400 0.46162000
vt 0.22132700 0.45851300
vt 0.21681100 0.45696000
vt 0.22132700 0.45696000
vt 0.20777700 0.46162000
vt 0.19874400 0.45851300
vt 0.20777700 0.45540600
vt 0.20777700 0.45851300
vt 0.22358600 0.45851300
vt 0.22132700 0.45773600
vt 0.22358600 0.45773600
vt 0.22132700 0.46162000
vt 0.21681100 0.46006600
vt 0.22584400 0.46006600
vt 0.22132700 0.46006600
vt 0.22584400 0.46783300
vt 0.21681100 0.46472600
vt 0.22584400 0.46472600
vt 0.23487700 0.48026000
vt 0.21681100 0.47404600
vt 0.23487700 0.47404600
vt 0.25294400 0.50511200
vt 0.21681100 0.49268600
vt 0.25294400 0.49268600
vt 0.22245600 0.45773600
vt 0.22132700 0.45734800
vt 0.22245600 0.45696000
vt 0.22245600 0.45734800
vt 0.21906900 0.45851300
vt 0.21681100 0.45773600
vt 0.21906900 0.45696000
vt 0.21906900 0.45773600
vt 0.21229400 0.45851300
vt 0.20777700 0.45696000
vt 0.21229400 0.45540600
vt 0.21229400 0.45696000
vt 0.19874400 0.45229900
vt 0.20777700 0.45229900
vt 0.22132700 0.45618300
vt 0.22302100 0.45734800
vt 0.22245600 0.45715400
vt 0.22302100 0.45696000
vt 0.22302100 0.45715400
vt 0.22132700 0.45657100
vt 0.21681100 0.45618300
vt 0.21906900 0.45540600
vt 0.21906900 0.45618300
vt 0.23036100 0.46783300
vt 0.22584400 0.46628000
vt 0.23036100 0.46472600
vt 0.23487700 0.46628000
vt 0.23036100 0.46628000
vt 0.22584400 0.47404600
vt 0.21681100 0.47094000
vt 0.23487700 0.47094000
vt 0.22584400 0.47094000
vt 0.19874400 0.48026000
vt 0.18067700 0.47404600
vt 0.19874400 0.47404600
vt 0.18067700 0.50511200
vt 0.14454400 0.49268600
vt 0.18067700 0.49268600
vt 0.23261900 0.46628000
vt 0.23036100 0.46550300
vt 0.23261900 0.46472600
vt 0.23261900 0.46550300
vt 0.22584400 0.46317300
vt 0.23036100 0.46317300
vt 0.23374800 0.46628000
vt 0.23261900 0.46589100
vt 0.23374800 0.46550300
vt 0.23374800 0.46589100
vt 0.23261900 0.46783300
vt 0.23036100 0.46705600
vt 0.23487700 0.46705600
vt 0.23261900 0.46705600
vt 0.23036100 0.47094000
vt 0.22584400 0.46938600
vt 0.23487700 0.46938600
vt 0.23036100 0.46938600
vt 0.23431300 0.46589100
vt 0.23374800 0.46569700
vt 0.23431300 0.46569700
vt 0.23261900 0.46511500
vt 0.23374800 0.46511500
vt 0.23036100 0.46395000
vt 0.23459500 0.46589100
vt 0.23431300 0.46579400
vt 0.23459500 0.46579400
vt 0.23431300 0.46628000
vt 0.23374800 0.46608500
vt 0.23431300 0.46608500
vt 0.23374800 0.46705600
vt 0.23261900 0.46666800
vt 0.23487700 0.46666800
vt 0.23374800 0.46666800
vt 0.24391100 0.48026000
vt 0.23487700 0.47715300
vt 0.24391100 0.47715300
vt 0.23487700 0.49268600
vt 0.21681100 0.48647300
vt 0.25294400 0.48647300
vt 0.23487700 0.48647300
vt 0.24391100 0.47870600
vt 0.24391100 0.48647300
vt 0.23487700 0.48336600
vt 0.24391100 0.48336600
vt 0.25294400 0.48492000
vt 0.25294400 0.48957900
vt 0.25294400 0.49889900
vt 0.25294400 0.52996400
vt 0.21681100 0.51753800
vt 0.25294400 0.51753800
vt 0.25294400 0.48569600
vt 0.25294400 0.48802600
vt 0.24391100 0.49268600
vt 0.23487700 0.48957900
vt 0.24391100 0.48957900
vt 0.23487700 0.50511200
vt 0.21681100 0.49889900
vt 0.23487700 0.49889900
vt 0.24842700 0.48647300
vt 0.24391100 0.48492000
vt 0.24842700 0.48336600
vt 0.24842700 0.48492000
vt 0.25407300 0.48647300
vt 0.25294400 0.48608400
vt 0.25407300 0.48569600
vt 0.25407300 0.48608400
vt 0.25294400 0.48724900
vt 0.24842700 0.48957900
vt 0.24391100 0.48802600
vt 0.24842700 0.48802600
vt 0.25068600 0.48647300
vt 0.24842700 0.48569600
vt 0.25068600 0.48492000
vt 0.25068600 0.48569600
vt 0.25463800 0.48647300
vt 0.25407300 0.48627900
vt 0.25407300 0.48724900
vt 0.25294400 0.48686100
vt 0.25407300 0.48686100
vt 0.25068600 0.48802600
vt 0.24842700 0.48724900
vt 0.25068600 0.48724900
vt 0.25435500 0.48627900
vt 0.25407300 0.48618200
vt 0.25435500 0.48608400
vt 0.25435500 0.48618200
vt 0.25350900 0.48647300
vt 0.25294400 0.48627900
vt 0.25350900 0.48608400
vt 0.25350900 0.48627900
vt 0.25181500 0.48647300
vt 0.25068600 0.48608400
vt 0.25181500 0.48569600
vt 0.25181500 0.48608400
vt 0.25407300 0.48589000
vt 0.25294400 0.48530800
vt 0.25463800 0.48686100
vt 0.25407300 0.48666700
vt 0.25463800 0.48666700
vt 0.26197700 0.49889900
vt 0.25294400 0.49579200
vt 0.26197700 0.49734500
vt 0.26197700 0.50511200
vt 0.25294400 0.50200500
vt 0.26197700 0.50200500
vt 0.27101100 0.51753800
vt 0.25294400 0.51132500
vt 0.26197700 0.49812200
vt 0.26197700 0.50045200
vt 0.25746100 0.49889900
vt 0.25294400 0.49734500
vt 0.25746100 0.49579200
vt 0.25746100 0.49734500
vt 0.24391100 0.49889900
vt 0.23487700 0.49579200
vt 0.24391100 0.49579200
vt 0.26197700 0.49773400
vt 0.25971900 0.49889900
vt 0.25746100 0.49812200
vt 0.25971900 0.49734500
vt 0.25971900 0.49812200
vt 0.25746100 0.50200500
vt 0.25294400 0.50045200
vt 0.25746100 0.50045200
vt 0.24391100 0.50511200
vt 0.23487700 0.50200500
vt 0.24391100 0.50200500
vt 0.23487700 0.51753800
vt 0.21681100 0.51132500
vt 0.23487700 0.51132500
vt 0.18067700 0.52996400
vt 0.14454400 0.51753800
vt 0.18067700 0.51753800
vt 0.26197700 0.49656900
vt 0.26254200 0.49773400
vt 0.26197700 0.49754000
vt 0.26254200 0.49734500
vt 0.26254200 0.49754000
vt 0.26084800 0.49812200
vt 0.25971900 0.49773400
vt 0.26084800 0.49734500
vt 0.26084800 0.49773400
vt 0.25746100 0.49656900
vt 0.25971900 0.49579200
vt 0.25971900 0.49656900
vt 0.25294400 0.49423900
vt 0.25746100 0.49423900
vt 0.26197700 0.49695700
vt 0.26310600 0.49889900
vt 0.26197700 0.49851000
vt 0.26310600 0.49851000
vt 0.26197700 0.49967500
vt 0.27101100 0.52996400
vt 0.25294400 0.52375100
vt 0.27101100 0.52375100
vt 0.25294400 0.55481300
vt 0.21681100 0.54238800
vt 0.25294400 0.54238800
vt 0.27101100 0.52064400
vt 0.27552700 0.52375100
vt 0.27101100 0.52219700
vt 0.27552700 0.52219700
vt 0.27101100 0.52685700
vt 0.27101100 0.54238800
vt 0.25294400 0.53617600
vt 0.27101100 0.53617600
vt 0.26197700 0.52375100
vt 0.25294400 0.52064400
vt 0.26197700 0.51753800
vt 0.26197700 0.52064400
vt 0.23487700 0.52996400
vt 0.21681100 0.52375100
vt 0.23487700 0.52375100
vt 0.27552700 0.52297400
vt 0.27552700 0.52685700
vt 0.27101100 0.52530400
vt 0.27552700 0.52530400
vt 0.26197700 0.52996400
vt 0.25294400 0.52685700
vt 0.26197700 0.52685700
vt 0.27552700 0.52258600
vt 0.27326900 0.52375100
vt 0.27101100 0.52297400
vt 0.27326900 0.52219700
vt 0.27326900 0.52297400
vt 0.26649400 0.52375100
vt 0.26197700 0.52219700
vt 0.26649400 0.52064400
vt 0.26649400 0.52219700
vt 0.27101100 0.51909100
vt 0.27552700 0.52336200
vt 0.27552700 0.52452700
vt 0.27552700 0.52413900
vt 0.27665600 0.52413900
vt 0.27326900 0.52530400
vt 0.27101100 0.52452700
vt 0.27326900 0.52452700
vt 0.26649400 0.52685700
vt 0.26197700 0.52530400
vt 0.26649400 0.52530400
vt 0.27101100 0.55481300
vt 0.25294400 0.54860100
vt 0.27101100 0.54860100
vt 0.21681100 0.56723800
vt 0.25294400 0.56723800
vt 0.28004400 0.55481300
vt 0.27101100 0.55170700
vt 0.28004400 0.54860100
vt 0.28004400 0.55170700
vt 0.27101100 0.56723800
vt 0.25294400 0.56102600
vt 0.27101100 0.56102600
vt 0.28004400 0.55015400
vt 0.27101100 0.54549500
vt 0.28004400 0.54238800
vt 0.28004400 0.54549500
vt 0.28004400 0.55326000
vt 0.28456100 0.55326000
vt 0.28004400 0.56102600
vt 0.27101100 0.55792000
vt 0.28004400 0.55792000
vt 0.14454400 0.67649400
vt 0.14454400 0.72619700
vt 0.03355100 0.77500700
vt 0.03339400 0.77153100
vt 0.03292300 0.76809200
vt 0.03214300 0.76471000
vt 0.03105700 0.76140700
vt 0.02803100 0.75520100
vt 0.02610200 0.75232500
vt 0.02391700 0.74963400
vt 0.01890200 0.74495400
vt 0.01309300 0.74126300
vt 0.00675000 0.73872800
vt 0.00000000 0.73741200
vt 0.07227200 0.72619700
vt 0.14454400 0.75104700
vt 0.07227200 0.75104700
vt 0.03613600 0.75104700
vt 0.07227200 0.76347200
vt 0.03613600 0.76347200
vt 0.03613600 0.76968500
vt 0.05420400 0.76347200
vt 0.07227200 0.76968500
vt 0.05420400 0.76968500
vt 0.10840800 0.75104700
vt 0.14454400 0.76347200
vt 0.10840800 0.76347200
vt 0.21681100 0.72619700
vt 0.21681100 0.75104700
vt 0.03613600 0.76657800
vt 0.03613600 0.75726000
vt 0.03613600 0.72619700
vt 0.07227200 0.73862200
vt 0.03613600 0.73862200
vt 0.07227200 0.67649400
vt 0.14454400 0.70134600
vt 0.07227200 0.70134600
vt 0.03613600 0.76036600
vt 0.05420400 0.75104700
vt 0.07227200 0.75726000
vt 0.05420400 0.75726000
vt 0.02710200 0.75104700
vt 0.03613600 0.75415400
vt 0.01806800 0.73862200
vt 0.03613600 0.74483500
vt 0.02710200 0.74483500
vt 0.03613600 0.74794100
vt 0.02710200 0.74794100
vt 0.05420400 0.73862200
vt 0.07227200 0.74483500
vt 0.05420400 0.74483500
vt 0.10840800 0.72619700
vt 0.14454400 0.73862200
vt 0.10840800 0.73862200
vt 0.01806800 0.72619700
vt 0.03613600 0.73241000
vt 0.01806800 0.73241000
vt 0.03613600 0.70134600
vt 0.07227200 0.71377200
vt 0.03613600 0.71377200
vt 0.28735300 0.77501300
vt 0.22390300 0.77501400
vt 0.16045200 0.77501200
vt 0.09700200 0.77501000
vt 0.00000100 0.73057300
vt 0.00000200 0.72373400
vt 0.00000200 0.71689600
vt 0.00000300 0.71005700
vt 0.00000400 0.70321900
vt 0.00000500 0.69638000
vt 0.00000500 0.68954100
vt 0.00000600 0.68270200
vt 0.00000700 0.67586200
vt 0.00000800 0.66902300
vt 0.00000800 0.66218300
vt 0.00000900 0.65534300
vt 0.00001000 0.64850300
vt 0.00001100 0.64166400
vt 0.00001100 0.63482400
vt 0.00001200 0.62798500
vt 0.01806800 0.71377200
vt 0.03613600 0.71998500
vt 0.01806800 0.71998500
vt 0.01806800 0.70134600
vt 0.03613600 0.70755900
vt 0.01806800 0.70755900
vt 0.03613600 0.67649400
vt 0.07227200 0.68892000
vt 0.03613600 0.68892000
vt 0.14454400 0.65164000
vt 0.07227200 0.65164000
vt 0.01806800 0.68892000
vt 0.03613600 0.69513300
vt 0.01806800 0.69513300
vt 0.01806800 0.67649400
vt 0.03613600 0.68270700
vt 0.01806800 0.68270700
vt 0.03613600 0.65164000
vt 0.07227200 0.66406700
vt 0.03613600 0.66406700
vt 0.01806800 0.66406700
vt 0.03613600 0.67028000
vt 0.01806800 0.67028000
vt 0.01806800 0.65164000
vt 0.03613600 0.65785300
vt 0.01806800 0.65785300
vt 0.07227200 0.63921300
vt 0.03613600 0.63921300
vt 0.01806800 0.63921300
vt 0.03613600 0.64542600
vt 0.01806800 0.64542600
vt 0.03613600 0.63299900
vt 0.01806800 0.63299900
vt 0.07138300 0.62798700
vt 0.14275300 0.62798900
vt 0.15697700 0.62871800
vt 0.15720100 0.62874100
vt 0.15742500 0.62876500
vt 0.15787300 0.62881400
vt 0.15876800 0.62891600
vt 0.16055000 0.62913500
vt 0.16408700 0.62963800
vt 0.17105300 0.63089700
vt 0.17453400 0.63166500
vt 0.17798900 0.63251800
vt 0.18482600 0.63448400
vt 0.19820000 0.63945300
vt 0.22308800 0.65315900
vt 0.24495900 0.67160000
vt 0.25452300 0.68234400
vt 0.26292900 0.69384300
vt 0.27626600 0.71910800
vt 0.27886500 0.72587300
vt 0.28111700 0.73270200
vt 0.28458100 0.74655100
vt 0.10840800 0.65164000
vt 0.14454400 0.63921300
vt 0.10840800 0.63921300
vt 0.21681100 0.67649400
vt 0.18067700 0.65164000
vt 0.18067700 0.63921300
vt 0.16261100 0.63921300
vt 0.14454400 0.63299900
vt 0.16261100 0.63299900
vt 0.15357700 0.63299900
vt 0.14454400 0.62989300
vt 0.16261100 0.62989300
vt 0.15357700 0.62989300
vt 0.12647600 0.63921300
vt 0.10840800 0.63299900
vt 0.12647600 0.63299900
vt 0.15809400 0.62989300
vt 0.15583500 0.62989300
vt 0.15357700 0.62911600
vt 0.15809400 0.62911600
vt 0.15583500 0.62911600
vt 0.15809400 0.63299900
vt 0.15357700 0.63144600
vt 0.16261100 0.63144600
vt 0.15809400 0.63144600
vt 0.15357700 0.63921300
vt 0.14454400 0.63610600
vt 0.16261100 0.63610600
vt 0.15357700 0.63610600
vt 0.16261100 0.65164000
vt 0.14454400 0.64542600
vt 0.18067700 0.64542600
vt 0.16261100 0.64542600
vt 0.18067700 0.67649400
vt 0.14454400 0.66406700
vt 0.21681100 0.66406700
vt 0.18067700 0.66406700
vt 0.21681100 0.70134600
vt 0.14906000 0.62989300
vt 0.14906000 0.62833900
vt 0.13551000 0.63299900
vt 0.12647600 0.62989300
vt 0.13551000 0.62989300
vt 0.15696500 0.62911600
vt 0.15583500 0.62872800
vt 0.16035200 0.62989300
vt 0.15752900 0.62911600
vt 0.15696500 0.62892200
vt 0.15809400 0.62892200
vt 0.15752900 0.62892200
vt 0.15696500 0.62989300
vt 0.15583500 0.62950400
vt 0.15809400 0.62950400
vt 0.15696500 0.62950400
vt 0.15583500 0.63144600
vt 0.15357700 0.63066900
vt 0.15809400 0.63066900
vt 0.15583500 0.63066900
vt 0.14906000 0.63299900
vt 0.14454400 0.63144600
vt 0.14906000 0.63144600
vt 0.25294400 0.70134600
vt 0.21681100 0.68892000
vt 0.25294400 0.68892000
vt 0.25294400 0.72619700
vt 0.21681100 0.71377200
vt 0.25294400 0.71377200
vt 0.27101100 0.72619700
vt 0.25294400 0.71998500
vt 0.27101100 0.71377200
vt 0.27101100 0.71998500
vt 0.25294400 0.75104700
vt 0.21681100 0.73862200
vt 0.25294400 0.73862200
vt 0.27101100 0.73862200
vt 0.25294400 0.73241000
vt 0.27101100 0.73241000
vt 0.55081800 0.44597200
vt 0.53483400 0.44597200
vt 0.51889100 0.44597200
vt 0.50349100 0.44597200
vt 0.48835800 0.44597200
vt 0.47376800 0.44597200
vt 0.45911700 0.44597200
vt 0.44457100 0.44597200
vt 0.55081800 0.46138600
vt 0.53483400 0.46138600
vt 0.51889100 0.46138600
vt 0.50349100 0.46138600
vt 0.48835800 0.46138600
vt 0.47376800 0.46138600
vt 0.45911700 0.46138600
vt 0.44457100 0.46138600
vt 0.55081800 0.47677900
vt 0.53483400 0.47677900
vt 0.51889100 0.47677900
vt 0.50349100 0.47677900
vt 0.48835800 0.47677900
vt 0.47376800 0.47677900
vt 0.45911700 0.47677900
vt 0.44457100 0.47677900
vt 0.55081800 0.49221100
vt 0.53483400 0.49221100
vt 0.51889100 0.49221100
vt 0.50349100 0.49221100
vt 0.48835800 0.49221100
vt 0.47376800 0.49221100
vt 0.45911700 0.49221100
vt 0.44457100 0.49221100
vt 0.55081800 0.50761900
vt 0.53483400 0.50761900
vt 0.51889100 0.50761900
vt 0.50349100 0.50761900
vt 0.48835800 0.50761900
vt 0.47376800 0.50761900
vt 0.45911700 0.50761900
vt 0.44457100 0.50761900
vt 0.55081800 0.52300500
vt 0.53483400 0.52300500
vt 0.51889100 0.52300500
vt 0.50349100 0.52300500
vt 0.48835800 0.52300500
vt 0.47376800 0.52300500
vt 0.45911700 0.52300500
vt 0.44457100 0.52300500
vt 0.55081800 0.53843300
vt 0.53483400 0.53843300
vt 0.51889100 0.53843300
vt 0.50349100 0.53843300
vt 0.48835800 0.53843300
vt 0.47376800 0.53843300
vt 0.45911700 0.53843300
vt 0.44457100 0.53843300
vt 0.55081800 0.55383800
vt 0.53483400 0.55383800
vt 0.51889100 0.55383800
vt 0.50349100 0.55383800
vt 0.48835800 0.55383800
vt 0.47376800 0.55383800
vt 0.45911700 0.55383800
vt 0.44457100 0.55383800
vt 0.55081800 0.56924300
vt 0.53483400 0.56924300
vt 0.51889100 0.56924300
vt 0.50349100 0.56924300
vt 0.48835800 0.56924300
vt 0.47376800 0.56924300
vt 0.45911700 0.56924300
vt 0.55081800 0.58464800
vt 0.53483400 0.58464800
vt 0.51889100 0.58464800
vt 0.50349100 0.58464800
vt 0.48835800 0.58464800
vt 0.47376800 0.58464800
vt 0.55081800 0.60005300
vt 0.53483400 0.60005300
vt 0.51889100 0.60005300
vt 0.50349100 0.60005300
vt 0.48835800 0.60005300
vt 0.47376800 0.60005300
vt 0.46933800 0.61435300
vt 0.46914500 0.60950900
vt 0.46857400 0.60474600
vt 0.46762400 0.60005300
vt 0.46630900 0.59550000
vt 0.46465600 0.59117100
vt 0.46267100 0.58707600
vt 0.46036800 0.58324800
vt 0.45779300 0.57976500
vt 0.45496700 0.57665700
vt 0.45190500 0.57394400
vt 0.44866600 0.57168300
vt 0.44528400 0.56989700
vt 0.44175800 0.56859000
vt 0.43815200 0.56778700
vt 0.43452300 0.56750000
vt 0.43086900 0.56773000
vt 0.46644200 0.58464800
vt 0.47376800 0.59235000
vt 0.45911700 0.57694600
vt 0.46644200 0.56924300
vt 0.47376800 0.57694600
vt 0.46644200 0.57694600
vt 0.43730500 0.55383800
vt 0.44457100 0.56154100
vt 0.43730500 0.56154100
vt 0.43086800 0.55924900
vt 0.43086700 0.55077000
vt 0.43086600 0.54229000
vt 0.43086600 0.53381000
vt 0.43086500 0.52533100
vt 0.43086400 0.51685100
vt 0.43086300 0.50837100
vt 0.43086300 0.49989000
vt 0.43086200 0.49140900
vt 0.43086100 0.48292800
vt 0.43086100 0.47444700
vt 0.43086000 0.46596500
vt 0.43085900 0.45748300
vt 0.43085800 0.44900200
vt 0.43085800 0.44052000
vt 0.43085700 0.43203900
vt 0.44030800 0.43201600
vt 0.44955000 0.43200300
vt 0.45850600 0.43196800
vt 0.46709100 0.43194600
vt 0.47517800 0.43194100
vt 0.48260500 0.43195500
vt 0.48926600 0.43199600
vt 0.49229500 0.43202900
vt 0.49373200 0.43204900
vt 0.49443000 0.43206000
vt 0.49477400 0.43206600
vt 0.49494500 0.43206900
vt 0.49503000 0.43207000
vt 0.49511500 0.43207100
vt 0.50407300 0.43228900
vt 0.51276300 0.43264000
vt 0.52121500 0.43313000
vt 0.52540000 0.43343000
vt 0.52748200 0.43359100
vt 0.52852000 0.43367400
vt 0.52903900 0.43371600
vt 0.52955600 0.43375800
vt 0.53877600 0.43455500
vt 0.54353800 0.43497000
vt 0.54474000 0.43507200
vt 0.54534200 0.43512200
vt 0.54602100 0.43517700
vt 0.54890200 0.43540100
vt 0.55919000 0.43597800
vt 0.56725200 0.43600500
vt 0.49592400 0.44597200
vt 0.48835800 0.43826200
vt 0.50349100 0.43826200
vt 0.49592400 0.43826200
vt 0.49214100 0.43826200
vt 0.48835800 0.43440700
vt 0.49592400 0.43440700
vt 0.49214100 0.43440700
vt 0.48106300 0.44597200
vt 0.47376800 0.43826200
vt 0.48106300 0.43826200
vt 0.49403300 0.43440700
vt 0.49214100 0.43248000
vt 0.49592400 0.43248000
vt 0.49403300 0.43248000
vt 0.49970800 0.43826200
vt 0.50349100 0.43440700
vt 0.49970800 0.43440700
vt 0.51119100 0.44597200
vt 0.51889100 0.43826200
vt 0.51119100 0.43826200
vt 0.49497900 0.43248000
vt 0.49781600 0.43440700
vt 0.49970800 0.43248000
vt 0.49781600 0.43248000
vt 0.49450600 0.43248000
vt 0.49497900 0.43440700
vt 0.49403300 0.43344400
vt 0.49592400 0.43344400
vt 0.49497900 0.43344400
vt 0.49403300 0.43826200
vt 0.49214100 0.43633500
vt 0.49592400 0.43633500
vt 0.49403300 0.43633500
vt 0.49214100 0.44597200
vt 0.48835800 0.44211700
vt 0.49592400 0.44211700
vt 0.49214100 0.44211700
vt 0.49592400 0.46138600
vt 0.48835800 0.45367900
vt 0.50349100 0.45367900
vt 0.49592400 0.45367900
vt 0.49308700 0.43248000
vt 0.49024900 0.43440700
vt 0.48835800 0.43248000
vt 0.49024900 0.43248000
vt 0.48471000 0.43826200
vt 0.48106300 0.43440700
vt 0.48471000 0.43440700
vt 0.49474200 0.43248000
vt 0.49450600 0.43223900
vt 0.49497900 0.43223900
vt 0.49474200 0.43223900
vt 0.49545100 0.43248000
vt 0.49687000 0.43248000
vt 0.49450600 0.43344400
vt 0.49403300 0.43296200
vt 0.49497900 0.43296200
vt 0.49450600 0.43296200
vt 0.49308700 0.43440700
vt 0.49214100 0.43344400
vt 0.49308700 0.43344400
vt 0.49521500 0.43248000
vt 0.49545100 0.43223900
vt 0.49521500 0.43223900
vt 0.49545100 0.43344400
vt 0.49592400 0.43296200
vt 0.49545100 0.43296200
vt 0.49687000 0.43440700
vt 0.49781600 0.43344400
vt 0.49687000 0.43344400
vt 0.49781600 0.43826200
vt 0.49970800 0.43633500
vt 0.49781600 0.43633500
vt 0.49970800 0.44597200
vt 0.50349100 0.44211700
vt 0.49970800 0.44211700
vt 0.52686300 0.44597200
vt 0.53483400 0.43826200
vt 0.52686300 0.43826200
vt 0.53084800 0.43826200
vt 0.52686300 0.43440700
vt 0.53483400 0.43440700
vt 0.53084800 0.43440700
vt 0.54282600 0.44597200
vt 0.55081800 0.43826200
vt 0.54282600 0.43826200
vt 0.52885600 0.43440700
vt 0.52287700 0.43826200
vt 0.51889100 0.43440700
vt 0.52287700 0.43440700
vt 0.54682200 0.43826200
vt 0.55944500 0.44597200
vt 0.55944500 0.43826200
vt 0.54482400 0.43826200
vt 0.54282600 0.43633500
vt 0.54682200 0.43633500
vt 0.54482400 0.43633500
vt 0.54682200 0.44597200
vt 0.54282600 0.44211700
vt 0.55081800 0.44211700
vt 0.54682200 0.44211700
vt 0.54282600 0.46138600
vt 0.53483400 0.45367900
vt 0.55081800 0.45367900
vt 0.54282600 0.45367900
vt 0.53883000 0.43826200
vt 0.56725300 0.61436100
vt 0.55501000 0.61435900
vt 0.54277400 0.61435900
vt 0.53052300 0.61435800
vt 0.51829500 0.61435700
vt 0.50605500 0.61435900
vt 0.49993600 0.61435900
vt 0.49381700 0.61435900
vt 0.48769700 0.61435700
vt 0.48157700 0.61435400
vt 0.47545700 0.61435200
vt 0.56725200 0.44715300
vt 0.56725200 0.45830000
vt 0.56725200 0.46944700
vt 0.56725200 0.48059400
vt 0.56725200 0.49174200
vt 0.56725200 0.50288900
vt 0.56725200 0.51403600
vt 0.56725200 0.52518300
vt 0.56725300 0.53633100
vt 0.56725300 0.54747800
vt 0.56725300 0.55862500
vt 0.56725300 0.56977200
vt 0.56725300 0.58092000
vt 0.56725300 0.59206700
vt 0.56725300 0.60321400
vt 0.41132000 0.44597200
vt 0.39533700 0.44597200
vt 0.37939400 0.44597200
vt 0.36399400 0.44597200
vt 0.34886100 0.44597200
vt 0.33427100 0.44597200
vt 0.31962000 0.44597200
vt 0.30507400 0.44597200
vt 0.41132000 0.46138600
vt 0.39533700 0.46138600
vt 0.37939400 0.46138600
vt 0.36399400 0.46138600
vt 0.34886100 0.46138600
vt 0.33427100 0.46138600
vt 0.31962000 0.46138600
vt 0.30507400 0.46138600
vt 0.41132000 0.47677900
vt 0.39533700 0.47677900
vt 0.37939400 0.47677900
vt 0.36399400 0.47677900
vt 0.34886100 0.47677900
vt 0.33427100 0.47677900
vt 0.31962000 0.47677900
vt 0.30507400 0.47677900
vt 0.41132000 0.49221100
vt 0.39533700 0.49221100
vt 0.37939400 0.49221100
vt 0.36399400 0.49221100
vt 0.34886100 0.49221100
vt 0.33427100 0.49221100
vt 0.31962000 0.49221100
vt 0.30507400 0.49221100
vt 0.41132000 0.50761900
vt 0.39533700 0.50761900
vt 0.37939400 0.50761900
vt 0.36399400 0.50761900
vt 0.34886100 0.50761900
vt 0.33427100 0.50761900
vt 0.31962000 0.50761900
vt 0.30507400 0.50761900
vt 0.41132000 0.52300500
vt 0.39533700 0.52300500
vt 0.37939400 0.52300500
vt 0.36399400 0.52300500
vt 0.34886100 0.52300500
vt 0.33427100 0.52300500
vt 0.31962000 0.52300500
vt 0.30507400 0.52300500
vt 0.41132000 0.53843300
vt 0.39533700 0.53843300
vt 0.37939400 0.53843300
vt 0.36399400 0.53843300
vt 0.34886100 0.53843300
vt 0.33427100 0.53843300
vt 0.31962000 0.53843300
vt 0.30507400 0.53843300
vt 0.41132000 0.55383800
vt 0.39533700 0.55383800
vt 0.37939400 0.55383800
vt 0.36399400 0.55383800
vt 0.34886100 0.55383800
vt 0.33427100 0.55383800
vt 0.31962000 0.55383800
vt 0.30507400 0.55383800
vt 0.41132000 0.56924300
vt 0.39533700 0.56924300
vt 0.37939400 0.56924300
vt 0.36399400 0.56924300
vt 0.34886100 0.56924300
vt 0.33427100 0.56924300
vt 0.31962000 0.56924300
vt 0.41132000 0.58464800
vt 0.39533700 0.58464800
vt 0.37939400 0.58464800
vt 0.36399400 0.58464800
vt 0.34886100 0.58464800
vt 0.33427100 0.58464800
vt 0.41132000 0.60005300
vt 0.39533700 0.60005300
vt 0.37939400 0.60005300
vt 0.36399400 0.60005300
vt 0.34886100 0.60005300
vt 0.33427100 0.60005300
vt 0.32984000 0.61435300
vt 0.32964700 0.60950500
vt 0.32907400 0.60473600
vt 0.32812100 0.60003900
vt 0.32680600 0.59548800
vt 0.32515200 0.59116300
vt 0.32316500 0.58706500
vt 0.32086200 0.58323900
vt 0.31828800 0.57976000
vt 0.31545900 0.57665000
vt 0.31239600 0.57393900
vt 0.30916000 0.57168200
vt 0.30577500 0.56989600
vt 0.30224900 0.56859000
vt 0.29864700 0.56779000
vt 0.29502300 0.56750400
vt 0.29137000 0.56773300
vt 0.32694600 0.58464800
vt 0.33427100 0.59235000
vt 0.31962000 0.57694600
vt 0.32694600 0.56924300
vt 0.33427100 0.57694600
vt 0.32694600 0.57694600
vt 0.29780800 0.55383800
vt 0.30507400 0.56154100
vt 0.29780800 0.56154100
vt 0.29137000 0.55925300
vt 0.29136900 0.55077300
vt 0.29136900 0.54229300
vt 0.29136800 0.53381300
vt 0.29136700 0.52533300
vt 0.29136700 0.51685300
vt 0.29136600 0.50837200
vt 0.29136500 0.49989200
vt 0.29136500 0.49141100
vt 0.29136400 0.48293000
vt 0.29136400 0.47444800
vt 0.29136300 0.46596600
vt 0.29136200 0.45748400
vt 0.29136200 0.44900200
vt 0.29136100 0.44052100
vt 0.29136000 0.43203900
vt 0.30078200 0.43201700
vt 0.30999900 0.43200400
vt 0.31894100 0.43196900
vt 0.32752700 0.43194600
vt 0.33562900 0.43194200
vt 0.34307600 0.43195700
vt 0.34976200 0.43199800
vt 0.35564600 0.43207300
vt 0.35580500 0.43207600
vt 0.35596300 0.43207800
vt 0.35628100 0.43208400
vt 0.35691200 0.43209500
vt 0.35816800 0.43212000
vt 0.36064300 0.43217600
vt 0.36545200 0.43231600
vt 0.37448300 0.43269700
vt 0.38274700 0.43319800
vt 0.39024900 0.43377400
vt 0.39035700 0.43378300
vt 0.39046400 0.43379200
vt 0.39067800 0.43380900
vt 0.39110600 0.43384500
vt 0.39195700 0.43391800
vt 0.39364300 0.43406200
vt 0.39694700 0.43435200
vt 0.40323700 0.43490200
vt 0.41416400 0.43571100
vt 0.42236900 0.43603500
vt 0.42774000 0.43600500
vt 0.35642700 0.44597200
vt 0.34886100 0.43826200
vt 0.36399400 0.43826200
vt 0.35642700 0.43826200
vt 0.35264400 0.43826200
vt 0.34886100 0.43440700
vt 0.35642700 0.43440700
vt 0.35264400 0.43440700
vt 0.34156600 0.44597200
vt 0.33427100 0.43826200
vt 0.34156600 0.43826200
vt 0.35453500 0.43440700
vt 0.35264400 0.43248000
vt 0.35642700 0.43248000
vt 0.35453500 0.43248000
vt 0.36021000 0.43826200
vt 0.36399400 0.43440700
vt 0.36021000 0.43440700
vt 0.37169400 0.44597200
vt 0.37939400 0.43826200
vt 0.37169400 0.43826200
vt 0.35548100 0.43248000
vt 0.35831900 0.43440700
vt 0.35831900 0.43248000
vt 0.35595400 0.43248000
vt 0.35737300 0.43248000
vt 0.35548100 0.43440700
vt 0.35453500 0.43344400
vt 0.35642700 0.43344400
vt 0.35548100 0.43344400
vt 0.35453500 0.43826200
vt 0.35264400 0.43633500
vt 0.35642700 0.43633500
vt 0.35453500 0.43633500
vt 0.35264400 0.44597200
vt 0.34886100 0.44211700
vt 0.35642700 0.44211700
vt 0.35264400 0.44211700
vt 0.35642700 0.46138600
vt 0.34886100 0.45367900
vt 0.36399400 0.45367900
vt 0.35642700 0.45367900
vt 0.38736500 0.44597200
vt 0.39533700 0.43826200
vt 0.38736500 0.43826200
vt 0.39135100 0.43826200
vt 0.38736500 0.43440700
vt 0.39533700 0.43440700
vt 0.39135100 0.43440700
vt 0.40332800 0.44597200
vt 0.40332800 0.43826200
vt 0.38935800 0.43440700
vt 0.38337900 0.43826200
vt 0.37939400 0.43440700
vt 0.38337900 0.43440700
vt 0.39035400 0.43440700
vt 0.39933200 0.43826200
vt 0.38935800 0.43826200
vt 0.38736500 0.43633500
vt 0.39135100 0.43633500
vt 0.38935800 0.43633500
vt 0.39135100 0.44597200
vt 0.38736500 0.44211700
vt 0.39533700 0.44211700
vt 0.39135100 0.44211700
vt 0.38736500 0.46138600
vt 0.37939400 0.45367900
vt 0.39533700 0.45367900
vt 0.38736500 0.45367900
vt 0.38985600 0.43440700
vt 0.38935800 0.43392500
vt 0.39035400 0.43392500
vt 0.38985600 0.43392500
vt 0.39035400 0.43633500
vt 0.38935800 0.43537100
vt 0.39135100 0.43537100
vt 0.39035400 0.43537100
vt 0.39334400 0.43826200
vt 0.39533700 0.43633500
vt 0.39334400 0.43633500
vt 0.38836200 0.43440700
vt 0.38537200 0.43440700
vt 0.39085300 0.43440700
vt 0.39085300 0.43392500
vt 0.39060400 0.43392500
vt 0.42775500 0.61436100
vt 0.41551300 0.61436000
vt 0.40327600 0.61435900
vt 0.39102600 0.61435900
vt 0.37879800 0.61435700
vt 0.36655700 0.61435600
vt 0.36043800 0.61435500
vt 0.35431900 0.61435500
vt 0.34819900 0.61435500
vt 0.34207900 0.61435400
vt 0.33595900 0.61435400
vt 0.42774100 0.44734000
vt 0.42774200 0.45864900
vt 0.42774300 0.46993000
vt 0.42774400 0.48118000
vt 0.42774500 0.49239900
vt 0.42774600 0.50358900
vt 0.42774700 0.51475100
vt 0.42774800 0.52588800
vt 0.42774900 0.53700100
vt 0.42775000 0.54809200
vt 0.42775100 0.55916600
vt 0.42775200 0.57022300
vt 0.42775300 0.58126900
vt 0.42775400 0.59230500
vt 0.42775400 0.60333500
vt 0.85754600 0.04400000
vt 0.80984400 0.04400000
vt 0.95189200 0.08923300
vt 0.90490100 0.08923300
vt 0.85754600 0.08923300
vt 0.80984400 0.08923300
vt 0.95189200 0.13435000
vt 0.90490100 0.13435000
vt 0.85754600 0.13435000
vt 0.80984400 0.13435000
vt 0.76187500 0.13435000
vt 0.95189200 0.17943500
vt 0.90490100 0.17943500
vt 0.85754600 0.17943500
vt 0.80984400 0.17943500
vt 0.76187500 0.17943500
vt 0.95189200 0.22470300
vt 0.90490100 0.22470300
vt 0.85754600 0.22470300
vt 0.80984400 0.22470300
vt 0.76187500 0.22470300
vt 0.71373600 0.22470300
vt 0.95189200 0.26870000
vt 0.90490100 0.26870000
vt 0.85754600 0.26870000
vt 0.80984400 0.26870000
vt 0.76187500 0.26870000
vt 0.71373600 0.26870000
vt 0.95189200 0.31522400
vt 0.85754600 0.31522400
vt 0.80984400 0.31522400
vt 0.76187500 0.31522400
vt 0.71373600 0.31522400
vt 0.95189200 0.36021100
vt 0.85754600 0.36021100
vt 0.80984400 0.36021100
vt 0.76187500 0.36021100
vt 0.71373600 0.36021100
vt 0.66557400 0.36021100
vt 0.90490100 0.40506500
vt 0.85754600 0.40506500
vt 0.80984400 0.40506500
vt 0.76187500 0.40506500
vt 0.71373600 0.40506500
vt 0.66557400 0.40506500
vt 0.85754600 0.44969600
vt 0.80984400 0.44969600
vt 0.76187500 0.44969600
vt 0.71373600 0.44969600
vt 0.66557400 0.44969600
vt 0.61746600 0.44969600
vt 0.80984400 0.49378300
vt 0.76187500 0.49378300
vt 0.71373600 0.49378300
vt 0.66557400 0.49378300
vt 0.61746600 0.49378300
vt 0.91396300 0.28965000
vt 0.91035100 0.28892600
vt 0.90670600 0.28856100
vt 0.90302200 0.28855300
vt 0.89933700 0.28890600
vt 0.89571600 0.28961700
vt 0.89218100 0.29068000
vt 0.88873500 0.29209900
vt 0.88544100 0.29385200
vt 0.88234800 0.29591500
vt 0.87945200 0.29828900
vt 0.87679400 0.30095100
vt 0.87442000 0.30385200
vt 0.87233800 0.30698600
vt 0.87056700 0.31032500
vt 0.86914300 0.31380500
vt 0.86807100 0.31740200
vt 0.86735600 0.32111200
vt 0.86701000 0.32486600
vt 0.86703400 0.32860500
vt 0.86742700 0.33233300
vt 0.86818500 0.33601000
vt 0.86929100 0.33956900
vt 0.87073400 0.34299100
vt 0.87251000 0.34626600
vt 0.87458600 0.34933700
vt 0.87693300 0.35216900
vt 0.87955200 0.35476900
vt 0.88241400 0.35710500
vt 0.88546900 0.35913900
vt 0.88869800 0.36086300
vt 0.89208700 0.36226600
vt 0.89562400 0.36334000
vt 0.92839700 0.26870000
vt 0.95189200 0.29196200
vt 0.92839700 0.29196200
vt 0.90490100 0.28033100
vt 0.91664900 0.26870000
vt 0.92839700 0.28033100
vt 0.91664900 0.28033100
vt 0.85754600 0.29196200
vt 0.88122400 0.26870000
vt 0.88122400 0.29196200
vt 0.90490100 0.24670100
vt 0.92839700 0.22470300
vt 0.95189200 0.24670100
vt 0.92839700 0.24670100
vt 0.90490100 0.28614600
vt 0.91077500 0.28033100
vt 0.91664900 0.28614600
vt 0.91077500 0.28614600
vt 0.92839700 0.36021100
vt 0.95189200 0.33771800
vt 0.88122400 0.28033100
vt 0.89306200 0.26870000
vt 0.89306200 0.28033100
vt 0.85754600 0.24670100
vt 0.88122400 0.22470300
vt 0.88122400 0.24670100
vt 0.89306200 0.28614600
vt 0.89898200 0.28033100
vt 0.89898200 0.28614600
vt 0.88122400 0.36021100
vt 0.85754600 0.33771800
vt 0.88714300 0.29196200
vt 0.88122400 0.28614600
vt 0.88714300 0.28033100
vt 0.88714300 0.28614600
vt 0.86938500 0.29196200
vt 0.85754600 0.28033100
vt 0.86938500 0.26870000
vt 0.86938500 0.28033100
vt 0.83369500 0.31522400
vt 0.80984400 0.29196200
vt 0.83369500 0.26870000
vt 0.83369500 0.29196200
vt 0.85754600 0.30359300
vt 0.86938500 0.30359300
vt 0.86938500 0.29777700
vt 0.87530400 0.29196200
vt 0.87530400 0.29777700
vt 0.85754600 0.32647100
vt 0.83369500 0.36021100
vt 0.80984400 0.33771800
vt 0.83369500 0.33771800
vt 0.86346600 0.31522400
vt 0.85754600 0.30940900
vt 0.86346600 0.30359300
vt 0.86346600 0.30940900
vt 0.84562100 0.31522400
vt 0.83369500 0.30359300
vt 0.84562100 0.29196200
vt 0.84562100 0.30359300
vt 0.86346600 0.32647100
vt 0.85754600 0.32084700
vt 0.86346600 0.32084700
vt 0.84562100 0.33771800
vt 0.83369500 0.32647100
vt 0.84562100 0.32647100
vt 0.86346600 0.33771800
vt 0.85754600 0.33209400
vt 0.86346600 0.33209400
vt 0.86938500 0.36021100
vt 0.85754600 0.34896400
vt 0.86938500 0.34896400
vt 0.88122400 0.40506500
vt 0.85754600 0.38263800
vt 0.90490100 0.38263800
vt 0.88122400 0.38263800
vt 0.86346600 0.34896400
vt 0.85754600 0.34334100
vt 0.86346600 0.34334100
vt 0.84562100 0.36021100
vt 0.83369500 0.34896400
vt 0.84562100 0.34896400
vt 0.83369500 0.40506500
vt 0.80984400 0.38263800
vt 0.83369500 0.38263800
vt 0.87530400 0.36021100
vt 0.86938500 0.35458800
vt 0.87530400 0.35458800
vt 0.86938500 0.38263800
vt 0.85754600 0.37142500
vt 0.88122400 0.37142500
vt 0.86938500 0.37142500
vt 0.89306200 0.38263800
vt 0.90490100 0.37142500
vt 0.89306200 0.37142500
vt 0.92839700 0.40506500
vt 0.95189200 0.38263800
vt 0.92839700 0.38263800
vt 0.88714300 0.37142500
vt 0.88122400 0.36581800
vt 0.89306200 0.36581800
vt 0.88714300 0.36581800
vt 0.89898200 0.37142500
vt 0.89898200 0.36581800
vt 0.91664900 0.38263800
vt 0.92839700 0.37142500
vt 0.91664900 0.37142500
vt 0.79739700 0.00318800
vt 0.80757900 0.00778700
vt 0.81776100 0.01238700
vt 0.82794300 0.01698600
vt 0.83812500 0.02158600
vt 0.84830700 0.02618500
vt 0.85848800 0.03078500
vt 0.86867000 0.03538400
vt 0.87885200 0.03998400
vt 0.88903400 0.04458300
vt 0.89921600 0.04918300
vt 0.90939700 0.05378200
vt 0.91957900 0.05838200
vt 0.92976100 0.06298100
vt 0.93994400 0.06758100
vt 0.95012500 0.07218000
vt 0.96030700 0.07678000
vt 0.80984400 0.02200000
vt 0.83369500 0.04400000
vt 0.88122400 0.08923300
vt 0.85754600 0.06661700
vt 0.90490100 0.06661700
vt 0.88122400 0.06661700
vt 0.92839700 0.08923300
vt 0.89925000 0.36406600
vt 0.90290600 0.36443100
vt 0.90657500 0.36443600
vt 0.91024200 0.36408100
vt 0.91388000 0.36336400
vt 0.91742700 0.36229600
vt 0.92085100 0.36088500
vt 0.92414600 0.35912900
vt 0.92725500 0.35705300
vt 0.93013500 0.35468800
vt 0.93278900 0.35202800
vt 0.93517500 0.34911100
vt 0.93724900 0.34598700
vt 0.93900800 0.34266700
vt 0.94043800 0.33916600
vt 0.94151300 0.33555400
vt 0.94222200 0.33187000
vt 0.94256700 0.32811300
vt 0.94254000 0.32435200
vt 0.94214700 0.32064200
vt 0.94138900 0.31697700
vt 0.94027800 0.31340100
vt 0.93883400 0.30998200
vt 0.93707200 0.30673300
vt 0.93499100 0.30365600
vt 0.93262900 0.30080400
vt 0.93002300 0.29821800
vt 0.92717600 0.29589400
vt 0.92410500 0.29385000
vt 0.92086400 0.29212100
vt 0.91748600 0.29072100
vt 0.91077500 0.37142500
vt 0.91664900 0.36581800
vt 0.91077500 0.36581800
vt 0.92252300 0.37142500
vt 0.92839700 0.36581800
vt 0.92252300 0.36581800
vt 0.94014500 0.38263800
vt 0.94014500 0.36021100
vt 0.95189200 0.37142500
vt 0.94014500 0.37142500
vt 0.95189200 0.34896400
vt 0.94014500 0.34896400
vt 0.97521400 0.31522400
vt 0.93427100 0.36021100
vt 0.94014500 0.35458800
vt 0.93427100 0.35458800
vt 0.95189200 0.32647100
vt 0.94601800 0.34896400
vt 0.94601800 0.33771800
vt 0.95189200 0.34334100
vt 0.94601800 0.34334100
vt 0.96355300 0.36021100
vt 0.96355300 0.33771800
vt 0.96355300 0.34896400
vt 0.94601800 0.32647100
vt 0.95189200 0.33209400
vt 0.94601800 0.33209400
vt 0.96355300 0.31522400
vt 0.97521400 0.32647100
vt 0.96355300 0.32647100
vt 0.97521400 0.26870000
vt 0.97521400 0.29196200
vt 0.94601800 0.31522400
vt 0.95189200 0.32084700
vt 0.94601800 0.32084700
vt 0.94014500 0.29196200
vt 0.95189200 0.30359300
vt 0.94014500 0.30359300
vt 0.94601800 0.30359300
vt 0.95189200 0.30940900
vt 0.94601800 0.30940900
vt 0.96355300 0.29196200
vt 0.97521400 0.30359300
vt 0.96355300 0.30359300
vt 0.93427100 0.29196200
vt 0.94014500 0.29777700
vt 0.93427100 0.29777700
vt 0.94014500 0.26870000
vt 0.95189200 0.28033100
vt 0.94014500 0.28033100
vt 0.92252300 0.29196200
vt 0.92252300 0.28033100
vt 0.92839700 0.28614600
vt 0.92252300 0.28614600
vt 0.96274600 0.08799300
vt 0.96614000 0.09995900
vt 0.96639700 0.10077500
vt 0.96665500 0.10158400
vt 0.96717200 0.10318300
vt 0.96820700 0.10630000
vt 0.97023100 0.11216300
vt 0.97401500 0.12269700
vt 0.97682100 0.13044700
vt 0.98009600 0.14029600
vt 0.98447700 0.15552700
vt 0.98913600 0.17626500
vt 0.99291500 0.20265800
vt 0.99431300 0.23480500
vt 0.99423600 0.23921600
vt 0.99417200 0.24145300
vt 0.99413300 0.24258000
vt 0.99412400 0.24283300
vt 0.99411800 0.24300600
vt 0.99410500 0.24335100
vt 0.99384200 0.24887300
vt 0.99301500 0.25987600
vt 0.99017900 0.28166400
vt 0.98579300 0.30306700
vt 0.97988800 0.32397200
vt 0.97904600 0.32654500
vt 0.97893900 0.32686600
vt 0.97886600 0.32708400
vt 0.97873000 0.32748900
vt 0.97845500 0.32830400
vt 0.97729800 0.33164900
vt 0.97470300 0.33872500
vt 0.96824200 0.35436100
vt 0.95978300 0.37178500
vt 0.94895000 0.39073300
vt 0.93534400 0.41082500
vt 0.91856100 0.43160900
vt 0.89821000 0.45246600
vt 0.89797800 0.45268100
vt 0.89774700 0.45289500
vt 0.89728300 0.45332200
vt 0.89635500 0.45417300
vt 0.89449400 0.45585700
vt 0.89074800 0.45916000
vt 0.88317600 0.46550400
vt 0.86777600 0.47716600
vt 0.85215000 0.48750700
vt 0.83642000 0.49658300
vt 0.80510100 0.51118700
vt 0.77454500 0.52149800
vt 0.74535400 0.52805200
vt 0.71794000 0.53144900
vt 0.69264000 0.53231700
vt 0.66964500 0.53124300
vt 0.64908300 0.52876700
vt 0.63099100 0.52537000
vt 0.60218100 0.51749100
vt 0.58279600 0.51032900
vt 0.57222500 0.50586100
vt 0.95189200 0.11179200
vt 0.96355300 0.11179200
vt 0.95189200 0.10051300
vt 0.96355300 0.10051300
vt 0.92839700 0.13435000
vt 0.90490100 0.11179200
vt 0.92839700 0.11179200
vt 0.96355300 0.09487300
vt 0.96355300 0.09769300
vt 0.96355300 0.10615200
vt 0.96355300 0.13435000
vt 0.95189200 0.12307100
vt 0.96355300 0.12307100
vt 0.97521400 0.17943500
vt 0.95189200 0.15689200
vt 0.97521400 0.15689200
vt 0.95772300 0.10051300
vt 0.95189200 0.09487300
vt 0.95772300 0.08923300
vt 0.95772300 0.09487300
vt 0.94014500 0.11179200
vt 0.92839700 0.10051300
vt 0.94014500 0.08923300
vt 0.94014500 0.10051300
vt 0.96501100 0.10051300
vt 0.96355300 0.09910300
vt 0.96501100 0.09769300
vt 0.96501100 0.09910300
vt 0.96646800 0.10615200
vt 0.96355300 0.10333200
vt 0.96646800 0.10333200
vt 0.95772300 0.11179200
vt 0.95189200 0.10615200
vt 0.95772300 0.10615200
vt 0.96063800 0.10051300
vt 0.95772300 0.09769300
vt 0.96063800 0.09487300
vt 0.96063800 0.09769300
vt 0.96501100 0.10333200
vt 0.96355300 0.10192200
vt 0.96501100 0.10192200
vt 0.96063800 0.10615200
vt 0.95772300 0.10333200
vt 0.96063800 0.10333200
vt 0.97521400 0.22470300
vt 0.97521400 0.24670100
vt 0.98687400 0.24670100
vt 0.97521400 0.23570200
vt 0.98687400 0.22470300
vt 0.98687400 0.23570200
vt 0.95189200 0.20206900
vt 0.97521400 0.20206900
vt 0.99270500 0.24670100
vt 0.98687400 0.24120200
vt 0.99270500 0.23570200
vt 0.99270500 0.24120200
vt 0.98687400 0.26870000
vt 0.97521400 0.25770100
vt 0.98687400 0.25770100
vt 0.99270500 0.24395200
vt 0.98687400 0.25220100
vt 0.99270500 0.25220100
vt 0.99270500 0.24257700
vt 0.98979000 0.24670100
vt 0.98687400 0.24395200
vt 0.98979000 0.24120200
vt 0.98979000 0.24395200
vt 0.98104400 0.24670100
vt 0.97521400 0.24120200
vt 0.98104400 0.23570200
vt 0.98104400 0.24120200
vt 0.96355300 0.24670100
vt 0.95189200 0.23570200
vt 0.96355300 0.22470300
vt 0.96355300 0.23570200
vt 0.99270500 0.23845200
vt 0.98687400 0.23020300
vt 0.99270500 0.22470300
vt 0.99270500 0.23020300
vt 0.97521400 0.21338600
vt 0.98687400 0.20206900
vt 0.98687400 0.21338600
vt 0.99343400 0.24395200
vt 0.99270500 0.24326400
vt 0.99343400 0.24257700
vt 0.99343400 0.24326400
vt 0.99270500 0.24532700
vt 0.99270500 0.24945100
vt 0.99124700 0.24395200
vt 0.98979000 0.24257700
vt 0.99124700 0.24120200
vt 0.99124700 0.24257700
vt 0.98687400 0.23845200
vt 0.98979000 0.23570200
vt 0.98979000 0.23845200
vt 0.99379800 0.24326400
vt 0.99343400 0.24292000
vt 0.99379800 0.24257700
vt 0.99379800 0.24292000
vt 0.99270500 0.24188900
vt 0.99343400 0.24120200
vt 0.99343400 0.24188900
vt 0.99270500 0.23982700
vt 0.99416200 0.23982700
vt 0.97521400 0.32084700
vt 0.97521400 0.33209400
vt 0.97521400 0.32928300
vt 0.97812900 0.32647100
vt 0.96938300 0.33771800
vt 0.96355300 0.33209400
vt 0.96938300 0.32647100
vt 0.96938300 0.33209400
vt 0.97812900 0.32787700
vt 0.97521400 0.32365900
vt 0.97812900 0.32084700
vt 0.97812900 0.32365900
vt 0.96355300 0.32084700
vt 0.96938300 0.31522400
vt 0.96938300 0.32084700
vt 0.97812900 0.32717400
vt 0.97885800 0.32647100
vt 0.97667100 0.32928300
vt 0.97521400 0.32787700
vt 0.97667100 0.32647100
vt 0.97667100 0.32787700
vt 0.97229900 0.33209400
vt 0.96938300 0.32928300
vt 0.97229900 0.32647100
vt 0.97229900 0.32928300
vt 0.97812900 0.32506500
vt 0.97812900 0.32576800
vt 0.97885800 0.32506500
vt 0.97885800 0.32576800
vt 0.97521400 0.32506500
vt 0.97667100 0.32365900
vt 0.97667100 0.32506500
vt 0.96938300 0.32365900
vt 0.97229900 0.32084700
vt 0.97229900 0.32365900
vt 0.85754600 0.47173900
vt 0.88122400 0.44969600
vt 0.88122400 0.46071700
vt 0.89306200 0.44969600
vt 0.85754600 0.42738000
vt 0.90490100 0.42738000
vt 0.88122400 0.42738000
vt 0.89306200 0.45520700
vt 0.89898200 0.44969600
vt 0.88122400 0.43853800
vt 0.89306200 0.42738000
vt 0.90490100 0.43853800
vt 0.89306200 0.43853800
vt 0.89306200 0.45245100
vt 0.89602200 0.44969600
vt 0.89602200 0.45245100
vt 0.88714300 0.46071700
vt 0.88122400 0.45520700
vt 0.88714300 0.44969600
vt 0.88714300 0.45520700
vt 0.85754600 0.46071700
vt 0.86938500 0.44969600
vt 0.86938500 0.46071700
vt 0.80984400 0.47173900
vt 0.83369500 0.44969600
vt 0.83369500 0.47173900
vt 0.89306200 0.44411700
vt 0.89898200 0.43853800
vt 0.90490100 0.44411700
vt 0.89898200 0.44411700
vt 0.89750200 0.45245100
vt 0.89602200 0.45107300
vt 0.89750200 0.44969600
vt 0.89898200 0.45107300
vt 0.89750200 0.45107300
vt 0.89306200 0.44690600
vt 0.89602200 0.44411700
vt 0.89898200 0.44690600
vt 0.89602200 0.44690600
vt 0.88122400 0.44411700
vt 0.88714300 0.43853800
vt 0.88714300 0.44411700
vt 0.85754600 0.43853800
vt 0.86938500 0.42738000
vt 0.86938500 0.43853800
vt 0.80984400 0.42738000
vt 0.83369500 0.42738000
vt 0.58137000 0.48544500
vt 0.59051500 0.46503000
vt 0.59966000 0.44461400
vt 0.60880600 0.42419800
vt 0.61795100 0.40378200
vt 0.62709700 0.38336500
vt 0.63624200 0.36294900
vt 0.64538800 0.34253300
vt 0.65779600 0.31483300
vt 0.67020400 0.28713300
vt 0.68261200 0.25943200
vt 0.69502100 0.23173200
vt 0.70742900 0.20403100
vt 0.71983700 0.17633100
vt 0.73224600 0.14863100
vt 0.74465400 0.12093000
vt 0.75784000 0.09149500
vt 0.77102500 0.06205900
vt 0.78421100 0.03262400
vt 0.04397200 0.13802300
vt 0.04397200 0.18623100
vt 0.08917500 0.04267800
vt 0.08917500 0.09016600
vt 0.08917500 0.13802300
vt 0.08917500 0.18623100
vt 0.13426600 0.04267800
vt 0.13426600 0.09016600
vt 0.13426600 0.13802300
vt 0.13426600 0.18623100
vt 0.13426600 0.23470800
vt 0.17931800 0.04267800
vt 0.17931800 0.09016600
vt 0.17931800 0.13802300
vt 0.17931800 0.18623100
vt 0.17931800 0.23470800
vt 0.22455700 0.04267800
vt 0.22455700 0.09016600
vt 0.22455700 0.13802300
vt 0.22455700 0.18623100
vt 0.22455700 0.23470800
vt 0.22455700 0.28335800
vt 0.26853100 0.04267800
vt 0.26853100 0.09016600
vt 0.26853100 0.13802300
vt 0.26853100 0.18623100
vt 0.26853100 0.23470800
vt 0.26853100 0.28335800
vt 0.31502000 0.04267800
vt 0.31502000 0.13802300
vt 0.31502000 0.18623100
vt 0.31502000 0.23470800
vt 0.31502000 0.28335800
vt 0.35997900 0.04267800
vt 0.35997900 0.13802300
vt 0.35997900 0.18623100
vt 0.35997900 0.23470800
vt 0.35997900 0.28335800
vt 0.35997900 0.33203200
vt 0.40481100 0.09016600
vt 0.40481100 0.13802300
vt 0.40481100 0.18623100
vt 0.40481100 0.23470800
vt 0.40481100 0.28335800
vt 0.40481100 0.33203200
vt 0.44940900 0.13802300
vt 0.44940900 0.18623100
vt 0.44940900 0.23470800
vt 0.44940900 0.28335800
vt 0.44940900 0.33203200
vt 0.44940900 0.38064900
vt 0.49347100 0.18623100
vt 0.49347100 0.23470800
vt 0.49347100 0.28335800
vt 0.49347100 0.33203200
vt 0.49347100 0.38064900
vt 0.36050400 0.10732800
vt 0.36199100 0.10390900
vt 0.36313100 0.10038600
vt 0.36392400 0.09677700
vt 0.36436700 0.09309800
vt 0.36445400 0.08936900
vt 0.36418000 0.08565400
vt 0.36355100 0.08199600
vt 0.36256300 0.07839100
vt 0.36122100 0.07488400
vt 0.35955100 0.07153800
vt 0.35755400 0.06836200
vt 0.35524000 0.06537800
vt 0.35265000 0.06264500
vt 0.34981100 0.06018800
vt 0.34671900 0.05801000
vt 0.34342300 0.05614600
vt 0.33998300 0.05463200
vt 0.33640200 0.05346500
vt 0.33270800 0.05265800
vt 0.32897000 0.05222400
vt 0.32521900 0.05216500
vt 0.32146800 0.05248000
vt 0.31778500 0.05316300
vt 0.31421000 0.05419900
vt 0.31073800 0.05559000
vt 0.30742400 0.05731100
vt 0.30431900 0.05933300
vt 0.30142600 0.06165000
vt 0.29876100 0.06424800
vt 0.29637000 0.06708100
vt 0.29427400 0.07011700
vt 0.29247000 0.07336300
vt 0.40481100 0.11409500
vt 0.38239500 0.13802300
vt 0.35997900 0.11409500
vt 0.38239500 0.09016600
vt 0.38239500 0.11409500
vt 0.38239500 0.10213000
vt 0.37118700 0.11409500
vt 0.37118700 0.09016600
vt 0.37118700 0.10213000
vt 0.33749900 0.13802300
vt 0.40481100 0.06642200
vt 0.35997900 0.06642200
vt 0.38239500 0.04267800
vt 0.38239500 0.06642200
vt 0.37118700 0.10811300
vt 0.36558300 0.11409500
vt 0.36558300 0.10213000
vt 0.36558300 0.10811300
vt 0.38239500 0.12605900
vt 0.37118700 0.13802300
vt 0.35997900 0.12605900
vt 0.37118700 0.12605900
vt 0.40481100 0.16212700
vt 0.38239500 0.18623100
vt 0.35997900 0.16212700
vt 0.38239500 0.16212700
vt 0.33749900 0.04267800
vt 0.37118700 0.09614800
vt 0.36558300 0.09614800
vt 0.38239500 0.07829400
vt 0.37118700 0.06642200
vt 0.37118700 0.07829400
vt 0.37118700 0.08423000
vt 0.36558300 0.07829400
vt 0.36558300 0.08423000
vt 0.37118700 0.07235800
vt 0.36558300 0.06642200
vt 0.36558300 0.07235800
vt 0.38239500 0.05455000
vt 0.35997900 0.05455000
vt 0.37118700 0.04267800
vt 0.37118700 0.05455000
vt 0.34873900 0.04267800
vt 0.34873900 0.05455000
vt 0.31502000 0.01911000
vt 0.35997900 0.06048600
vt 0.35435900 0.05455000
vt 0.35435900 0.06048600
vt 0.32626000 0.04267800
vt 0.26853100 0.06642200
vt 0.29177600 0.04267800
vt 0.29177600 0.06642200
vt 0.33749900 0.04861400
vt 0.32626000 0.04861400
vt 0.33187900 0.04267800
vt 0.33187900 0.04861400
vt 0.33749900 0.03089400
vt 0.31502000 0.03089400
vt 0.32626000 0.01911000
vt 0.32626000 0.03089400
vt 0.26853100 0.01911000
vt 0.29177600 0.01911000
vt 0.31502000 0.04861400
vt 0.32064000 0.04267800
vt 0.32064000 0.04861400
vt 0.29177600 0.05455000
vt 0.30339800 0.04267800
vt 0.30339800 0.05455000
vt 0.30920900 0.05455000
vt 0.30339800 0.04861400
vt 0.30920900 0.04267800
vt 0.30920900 0.04861400
vt 0.29177600 0.03089400
vt 0.30339800 0.01911000
vt 0.30339800 0.03089400
vt 0.29177600 0.13802300
vt 0.26853100 0.11409500
vt 0.29177600 0.11409500
vt 0.29177600 0.06048600
vt 0.29758700 0.05455000
vt 0.29758700 0.06048600
vt 0.28015400 0.06642200
vt 0.26853100 0.05455000
vt 0.28015400 0.04267800
vt 0.28015400 0.05455000
vt 0.24654400 0.09016600
vt 0.22455700 0.06642200
vt 0.24654400 0.04267800
vt 0.24654400 0.06642200
vt 0.28015400 0.09016600
vt 0.26853100 0.07829400
vt 0.28015400 0.07829400
vt 0.00318600 0.19885700
vt 0.00783600 0.18845700
vt 0.01248500 0.17806000
vt 0.01713100 0.16766900
vt 0.02177300 0.15728600
vt 0.02641000 0.14691600
vt 0.03104100 0.13656000
vt 0.03566400 0.12622200
vt 0.04027700 0.11590400
vt 0.04488100 0.10560800
vt 0.04947500 0.09533500
vt 0.05405700 0.08508800
vt 0.05862700 0.07486800
vt 0.06318500 0.06467500
vt 0.06773000 0.05450900
vt 0.07226500 0.04436800
vt 0.07678900 0.03425100
vt 0.02198600 0.18623100
vt 0.04397200 0.16212700
vt 0.08917500 0.11409500
vt 0.06657400 0.13802300
vt 0.06657400 0.09016600
vt 0.06657400 0.11409500
vt 0.08917500 0.06642200
vt 0.29098900 0.07676900
vt 0.28985000 0.08027900
vt 0.28905100 0.08390000
vt 0.28860300 0.08760000
vt 0.28851400 0.09131100
vt 0.28878500 0.09500800
vt 0.28941800 0.09869300
vt 0.29040800 0.10230900
vt 0.29173800 0.10579100
vt 0.29340700 0.10913800
vt 0.29541300 0.11233100
vt 0.29771900 0.11530700
vt 0.30030500 0.11803400
vt 0.30315900 0.12050200
vt 0.30624200 0.12268000
vt 0.30951800 0.12453700
vt 0.31297300 0.12606000
vt 0.31657200 0.12723400
vt 0.32024400 0.12803800
vt 0.32397100 0.12847200
vt 0.32774100 0.12853300
vt 0.33148700 0.12822100
vt 0.33515700 0.12754300
vt 0.33875500 0.12650200
vt 0.34223000 0.12511200
vt 0.34552500 0.12340100
vt 0.34864400 0.12137000
vt 0.35155300 0.11904200
vt 0.35420800 0.11645700
vt 0.35659200 0.11363500
vt 0.35869400 0.11058800
vt 0.28596500 0.07829400
vt 0.28015400 0.07235800
vt 0.28596500 0.06642200
vt 0.28596500 0.07235800
vt 0.28596500 0.09016600
vt 0.28015400 0.08423000
vt 0.28596500 0.08423000
vt 0.28015400 0.11409500
vt 0.26853100 0.10213000
vt 0.28015400 0.10213000
vt 0.24654400 0.13802300
vt 0.22455700 0.11409500
vt 0.24654400 0.11409500
vt 0.28596500 0.10213000
vt 0.28015400 0.09614800
vt 0.28596500 0.09614800
vt 0.29177600 0.10811300
vt 0.28596500 0.11409500
vt 0.28015400 0.10811300
vt 0.28596500 0.10811300
vt 0.29177600 0.12605900
vt 0.28015400 0.13802300
vt 0.26853100 0.12605900
vt 0.28015400 0.12605900
vt 0.31502000 0.16212700
vt 0.29177600 0.18623100
vt 0.26853100 0.16212700
vt 0.29177600 0.16212700
vt 0.30339800 0.13802300
vt 0.30339800 0.12605900
vt 0.29758700 0.12605900
vt 0.29177600 0.12007700
vt 0.29758700 0.12007700
vt 0.30920900 0.12605900
vt 0.32626000 0.13802300
vt 0.33749900 0.18623100
vt 0.33749900 0.16212700
vt 0.31502000 0.13204100
vt 0.30920900 0.13802300
vt 0.30339800 0.13204100
vt 0.30920900 0.13204100
vt 0.31502000 0.15007500
vt 0.30339800 0.16212700
vt 0.29177600 0.15007500
vt 0.30339800 0.15007500
vt 0.32626000 0.13204100
vt 0.32064000 0.13802300
vt 0.32064000 0.13204100
vt 0.33749900 0.15007500
vt 0.32626000 0.16212700
vt 0.32626000 0.15007500
vt 0.33749900 0.13204100
vt 0.33187900 0.13802300
vt 0.33187900 0.13204100
vt 0.34873900 0.13802300
vt 0.34873900 0.12605900
vt 0.34873900 0.13204100
vt 0.34311900 0.13802300
vt 0.34311900 0.13204100
vt 0.35997900 0.15007500
vt 0.34873900 0.16212700
vt 0.34873900 0.15007500
vt 0.35997900 0.12007700
vt 0.35435900 0.12605900
vt 0.35435900 0.12007700
vt 0.08835900 0.03170600
vt 0.09422200 0.03012500
vt 0.09715100 0.02926700
vt 0.09861300 0.02882200
vt 0.09934200 0.02859600
vt 0.09970700 0.02848200
vt 0.09988900 0.02842500
vt 0.10007200 0.02836700
vt 0.10512800 0.02671500
vt 0.10814200 0.02568000
vt 0.10975600 0.02511200
vt 0.11058700 0.02481700
vt 0.11100900 0.02466600
vt 0.11122100 0.02459000
vt 0.11143400 0.02451300
vt 0.11859900 0.02189500
vt 0.12271100 0.02038900
vt 0.13044100 0.01756800
vt 0.14326000 0.01332500
vt 0.16174200 0.00825100
vt 0.18604000 0.00341700
vt 0.20042000 0.00152800
vt 0.20817700 0.00080700
vt 0.21219800 0.00051500
vt 0.21424400 0.00038800
vt 0.21527600 0.00032900
vt 0.21579500 0.00030100
vt 0.21605400 0.00028700
vt 0.21631400 0.00027400
vt 0.24028100 0.00000000
vt 0.26285200 0.00150200
vt 0.28391200 0.00446200
vt 0.29385200 0.00639500
vt 0.29867300 0.00746000
vt 0.30104500 0.00801500
vt 0.30222200 0.00829800
vt 0.30280800 0.00844100
vt 0.30310100 0.00851300
vt 0.30339300 0.00858500
vt 0.33713700 0.01910400
vt 0.35544400 0.02673100
vt 0.37447100 0.03622800
vt 0.39400200 0.04781100
vt 0.41375500 0.06168800
vt 0.43340600 0.07806100
vt 0.44307300 0.08724200
vt 0.44784400 0.09209000
vt 0.45021100 0.09458000
vt 0.45138900 0.09584100
vt 0.45197700 0.09647600
vt 0.45227000 0.09679400
vt 0.45241700 0.09695400
vt 0.45249000 0.09703400
vt 0.45256300 0.09711400
vt 0.46664200 0.11363300
vt 0.48303000 0.13645500
vt 0.50017100 0.16639700
vt 0.50839900 0.18425700
vt 0.51598700 0.20411900
vt 0.52258700 0.22601100
vt 0.52778900 0.24991200
vt 0.53115800 0.27575800
vt 0.53227500 0.30339100
vt 0.53073100 0.33261500
vt 0.52610400 0.36312300
vt 0.51795900 0.39454600
vt 0.50584900 0.42637100
vt 0.11172100 0.04267800
vt 0.11172100 0.03089400
vt 0.10044800 0.04267800
vt 0.10044800 0.03089400
vt 0.13426600 0.06642200
vt 0.11172100 0.09016600
vt 0.11172100 0.06642200
vt 0.09481200 0.03089400
vt 0.09763000 0.03089400
vt 0.11172100 0.02500200
vt 0.10608400 0.03089400
vt 0.13426600 0.03089400
vt 0.12299300 0.04267800
vt 0.12299300 0.03089400
vt 0.17931800 0.01911000
vt 0.15679200 0.04267800
vt 0.15679200 0.01911000
vt 0.10044800 0.03678600
vt 0.09481200 0.04267800
vt 0.08917500 0.03678600
vt 0.09481200 0.03678600
vt 0.11172100 0.05455000
vt 0.10044800 0.06642200
vt 0.08917500 0.05455000
vt 0.10044800 0.05455000
vt 0.10044800 0.02942100
vt 0.09903900 0.03089400
vt 0.09763000 0.02942100
vt 0.09903900 0.02942100
vt 0.10608400 0.02794800
vt 0.10326600 0.03089400
vt 0.10326600 0.02794800
vt 0.11172100 0.03678600
vt 0.10608400 0.04267800
vt 0.10608400 0.03678600
vt 0.10044800 0.03384000
vt 0.09763000 0.03678600
vt 0.09481200 0.03384000
vt 0.09763000 0.03384000
vt 0.10044800 0.02868500
vt 0.09974400 0.02942100
vt 0.09974400 0.02868500
vt 0.10326600 0.02942100
vt 0.10185700 0.03089400
vt 0.10185700 0.02794800
vt 0.10185700 0.02942100
vt 0.10608400 0.03384000
vt 0.10326600 0.03678600
vt 0.10326600 0.03384000
vt 0.09833400 0.02942100
vt 0.09622100 0.03089400
vt 0.10009600 0.02868500
vt 0.10185700 0.02868500
vt 0.10115300 0.02942100
vt 0.10115300 0.02868500
vt 0.11172100 0.02794800
vt 0.10890200 0.03089400
vt 0.10890200 0.02794800
vt 0.12299300 0.02500200
vt 0.11735700 0.03089400
vt 0.11735700 0.02500200
vt 0.11172100 0.02647500
vt 0.11031200 0.02794800
vt 0.10890200 0.02647500
vt 0.11031200 0.02500200
vt 0.11031200 0.02647500
vt 0.11735700 0.02794800
vt 0.11453900 0.03089400
vt 0.11453900 0.02500200
vt 0.11453900 0.02794800
vt 0.12299300 0.03678600
vt 0.11735700 0.04267800
vt 0.11735700 0.03678600
vt 0.13426600 0.05455000
vt 0.12299300 0.06642200
vt 0.12299300 0.05455000
vt 0.17931800 0.06642200
vt 0.15679200 0.09016600
vt 0.15679200 0.06642200
vt 0.11101600 0.02500200
vt 0.11313000 0.02500200
vt 0.11066400 0.02500200
vt 0.11172100 0.02573900
vt 0.11101600 0.02647500
vt 0.11031200 0.02573900
vt 0.11101600 0.02573900
vt 0.11453900 0.02647500
vt 0.11313000 0.02794800
vt 0.11313000 0.02647500
vt 0.11172100 0.02463400
vt 0.11136800 0.02500200
vt 0.11136800 0.02463400
vt 0.11313000 0.02426600
vt 0.11242500 0.02500200
vt 0.11242500 0.02426600
vt 0.22455700 0.01911000
vt 0.20193700 0.04267800
vt 0.20193700 0.01911000
vt 0.22455700 0.00732600
vt 0.21324700 0.01911000
vt 0.20193700 0.00732600
vt 0.21324700 0.00732600
vt 0.24654400 0.01911000
vt 0.21324700 0.00143400
vt 0.20759200 0.00732600
vt 0.19062800 0.01911000
vt 0.17931800 0.00732600
vt 0.19062800 0.00732600
vt 0.22455700 0.00143400
vt 0.21890200 0.00732600
vt 0.21890200 0.00143400
vt 0.24654400 0.00732600
vt 0.23555000 0.01911000
vt 0.23555000 0.00732600
vt 0.21607500 0.00143400
vt 0.21466100 0.00143400
vt 0.21890200 0.00438000
vt 0.21607500 0.00732600
vt 0.21324700 0.00438000
vt 0.21607500 0.00438000
vt 0.22455700 0.01321800
vt 0.21890200 0.01911000
vt 0.21324700 0.01321800
vt 0.21890200 0.01321800
vt 0.22455700 0.03089400
vt 0.21324700 0.04267800
vt 0.20193700 0.03089400
vt 0.21324700 0.03089400
vt 0.20193700 0.09016600
vt 0.20193700 0.06642200
vt 0.21042000 0.00143400
vt 0.21607500 0.00069700
vt 0.21536800 0.00143400
vt 0.21466100 0.00069700
vt 0.21536800 0.00069700
vt 0.21748800 0.00143400
vt 0.22172900 0.00143400
vt 0.23555000 0.00143400
vt 0.23005400 0.00732600
vt 0.23005400 0.00143400
vt 0.21607500 0.00290700
vt 0.21466100 0.00438000
vt 0.21324700 0.00290700
vt 0.21466100 0.00290700
vt 0.21042000 0.00732600
vt 0.20759200 0.00438000
vt 0.21042000 0.00438000
vt 0.20759200 0.01911000
vt 0.20193700 0.01321800
vt 0.20759200 0.01321800
vt 0.21748800 0.00069700
vt 0.21678100 0.00143400
vt 0.21678100 0.00069700
vt 0.21890200 0.00290700
vt 0.21748800 0.00438000
vt 0.21748800 0.00290700
vt 0.22455700 0.00438000
vt 0.22172900 0.00732600
vt 0.22172900 0.00438000
vt 0.30339800 0.01321800
vt 0.29758700 0.01911000
vt 0.29177600 0.01321800
vt 0.29758700 0.01321800
vt 0.28015400 0.01911000
vt 0.26853100 0.00732600
vt 0.28015400 0.00732600
vt 0.30339800 0.01027200
vt 0.30049200 0.01321800
vt 0.29758700 0.01027200
vt 0.30049200 0.01027200
vt 0.31502000 0.01321800
vt 0.30920900 0.01911000
vt 0.30920900 0.01321800
vt 0.30339800 0.00879900
vt 0.30194500 0.01027200
vt 0.30049200 0.00879900
vt 0.30194500 0.00879900
vt 0.30630300 0.01321800
vt 0.30630300 0.01027200
vt 0.30267100 0.00879900
vt 0.30485000 0.01027200
vt 0.42711000 0.09016600
vt 0.43826000 0.09016600
vt 0.44940900 0.11409500
vt 0.42711000 0.13802300
vt 0.42711000 0.11409500
vt 0.44940900 0.10213000
vt 0.43826000 0.11409500
vt 0.42711000 0.10213000
vt 0.43826000 0.10213000
vt 0.47144000 0.13802300
vt 0.44940900 0.09614800
vt 0.44383400 0.10213000
vt 0.43826000 0.09614800
vt 0.44383400 0.09016600
vt 0.44383400 0.09614800
vt 0.46042500 0.11409500
vt 0.45491700 0.10213000
vt 0.45078600 0.09614800
vt 0.45216300 0.10213000
vt 0.44940900 0.09913900
vt 0.45216300 0.09913900
vt 0.46042500 0.10811300
vt 0.45491700 0.11409500
vt 0.44940900 0.10811300
vt 0.45491700 0.10811300
vt 0.47144000 0.12605900
vt 0.46042500 0.13802300
vt 0.44940900 0.12605900
vt 0.46042500 0.12605900
vt 0.47144000 0.18623100
vt 0.44940900 0.16212700
vt 0.47144000 0.16212700
vt 0.44662200 0.09614800
vt 0.44383400 0.09315700
vt 0.44662200 0.09315700
vt 0.45216300 0.09764400
vt 0.45078600 0.09913900
vt 0.44940900 0.09764400
vt 0.45078600 0.09764400
vt 0.44662200 0.10213000
vt 0.44383400 0.09913900
vt 0.44662200 0.09913900
vt 0.44383400 0.11409500
vt 0.43826000 0.10811300
vt 0.44383400 0.10811300
vt 0.43826000 0.13802300
vt 0.42711000 0.12605900
vt 0.43826000 0.12605900
vt 0.42711000 0.18623100
vt 0.42711000 0.16212700
vt 0.45216300 0.09689600
vt 0.45147500 0.09764400
vt 0.45078600 0.09689600
vt 0.45147500 0.09689600
vt 0.45354000 0.09913900
vt 0.45285100 0.09764400
vt 0.45250700 0.09764400
vt 0.45216300 0.09727000
vt 0.45250700 0.09727000
vt 0.45354000 0.09839200
vt 0.45285100 0.09913900
vt 0.45216300 0.09839200
vt 0.45285100 0.09839200
vt 0.45491700 0.10063500
vt 0.45354000 0.10213000
vt 0.45216300 0.10063500
vt 0.45354000 0.10063500
vt 0.45491700 0.10512200
vt 0.45216300 0.10811300
vt 0.44940900 0.10512200
vt 0.45216300 0.10512200
vt 0.45250700 0.09708300
vt 0.45233500 0.09727000
vt 0.45216300 0.09708300
vt 0.45233500 0.09689600
vt 0.45233500 0.09708300
vt 0.45181900 0.09764400
vt 0.45147500 0.09727000
vt 0.45181900 0.09689600
vt 0.45181900 0.09727000
vt 0.45147500 0.09913900
vt 0.45078600 0.09839200
vt 0.45147500 0.09839200
vt 0.45078600 0.10213000
vt 0.44940900 0.10063500
vt 0.45078600 0.10063500
vt 0.48543300 0.41713100
vt 0.46501900 0.40789000
vt 0.44460300 0.39865000
vt 0.42418800 0.38941000
vt 0.40377200 0.38016900
vt 0.38335600 0.37092900
vt 0.36294000 0.36168800
vt 0.34252400 0.35244700
vt 0.31482500 0.33991000
vt 0.28712500 0.32737300
vt 0.25942500 0.31483500
vt 0.23172500 0.30229800
vt 0.20402500 0.28976000
vt 0.17632600 0.27722300
vt 0.14862600 0.26468600
vt 0.12092600 0.25214800
vt 0.09149100 0.23882600
vt 0.06205600 0.22550300
vt 0.03262100 0.21218000
vt 0.47184000 0.71461600
vt 0.56807200 0.71461600
vt 0.56806900 0.76735400
vt 0.56486700 0.76733500
vt 0.56168400 0.76728000
vt 0.55848300 0.76719000
vt 0.55528300 0.76707000
vt 0.55210500 0.76692600
vt 0.54891800 0.76676200
vt 0.54571800 0.76658500
vt 0.54253200 0.76640400
vt 0.53934400 0.76622500
vt 0.53614300 0.76605600
vt 0.53295800 0.76590600
vt 0.52977900 0.76577900
vt 0.52657700 0.76568000
vt 0.52337900 0.76561500
vt 0.52019900 0.76558600
vt 0.51699800 0.76559200
vt 0.55619400 0.74098500
vt 0.56213300 0.74098500
vt 0.56213300 0.75416900
vt 0.56510200 0.74098500
vt 0.56510200 0.75416900
vt 0.56510200 0.76076100
vt 0.56658700 0.75416900
vt 0.56658700 0.76076100
vt 0.56213300 0.76076100
vt 0.56361800 0.75416900
vt 0.56361800 0.76076100
vt 0.55619400 0.75416900
vt 0.55916400 0.74098500
vt 0.55916400 0.75416900
vt 0.54431600 0.74098500
vt 0.55025500 0.74098500
vt 0.55916400 0.76076100
vt 0.56064800 0.75416900
vt 0.56064800 0.76076100
vt 0.55619400 0.76076100
vt 0.55767900 0.75416900
vt 0.55767900 0.76076100
vt 0.55025500 0.75416900
vt 0.55322500 0.74098500
vt 0.55322500 0.75416900
vt 0.55322500 0.76076100
vt 0.55470900 0.75416900
vt 0.55470900 0.76076100
vt 0.55025500 0.76076100
vt 0.55174000 0.75416900
vt 0.55174000 0.76076100
vt 0.54431600 0.75416900
vt 0.54728600 0.74098500
vt 0.54728600 0.75416900
vt 0.53237000 0.74098500
vt 0.53834300 0.74098500
vt 0.54728600 0.76076100
vt 0.54877000 0.75416900
vt 0.54877000 0.76076100
vt 0.54431600 0.76076100
vt 0.54580100 0.75416900
vt 0.54580100 0.76076100
vt 0.53834300 0.75416900
vt 0.54133000 0.74098500
vt 0.54133000 0.75416900
vt 0.54133000 0.76076100
vt 0.54282300 0.75416900
vt 0.54282300 0.76076100
vt 0.53834300 0.76076100
vt 0.53983700 0.75416900
vt 0.53983700 0.76076100
vt 0.53237000 0.75416900
vt 0.53535700 0.74098500
vt 0.53535700 0.75416900
vt 0.51995600 0.74098500
vt 0.52616300 0.74098500
vt 0.53535700 0.76076100
vt 0.53685000 0.75416900
vt 0.53685000 0.76076100
vt 0.53237000 0.76076100
vt 0.53386300 0.75416900
vt 0.53386300 0.76076100
vt 0.52616300 0.75416900
vt 0.52926700 0.74098500
vt 0.52926700 0.75416900
vt 0.52926700 0.76076100
vt 0.53081800 0.75416900
vt 0.53081800 0.76076100
vt 0.52616300 0.76076100
vt 0.52771500 0.75416900
vt 0.52771500 0.76076100
vt 0.51995600 0.75416900
vt 0.52305900 0.74098500
vt 0.52305900 0.75416900
vt 0.50807800 0.74098500
vt 0.51401700 0.74098500
vt 0.52305900 0.76076100
vt 0.52461100 0.75416900
vt 0.52461100 0.76076100
vt 0.51995600 0.76076100
vt 0.52150800 0.75416900
vt 0.52150800 0.76076100
vt 0.51401700 0.75416900
vt 0.51698600 0.74098500
vt 0.51698600 0.75416900
vt 0.51698600 0.76076100
vt 0.51847100 0.75416900
vt 0.51847100 0.76076100
vt 0.51132100 0.76567900
vt 0.50569300 0.76583500
vt 0.50003500 0.76604200
vt 0.49441400 0.76627100
vt 0.48875900 0.76649300
vt 0.48313100 0.76667600
vt 0.47748400 0.76679700
vt 0.47184100 0.76684000
vt 0.50807800 0.75416900
vt 0.51104800 0.74098500
vt 0.51104800 0.75416900
vt 0.49620000 0.74098500
vt 0.50213900 0.74098500
vt 0.50213900 0.75416900
vt 0.50510900 0.74098500
vt 0.50510900 0.75416900
vt 0.49620000 0.75416900
vt 0.49917000 0.74098500
vt 0.49917000 0.75416900
vt 0.48425400 0.74098500
vt 0.49022700 0.74098500
vt 0.49022700 0.75416900
vt 0.49321400 0.74098500
vt 0.49321400 0.75416900
vt 0.48425400 0.75416900
vt 0.48724100 0.74098500
vt 0.48724100 0.75416900
vt 0.47804700 0.74098500
vt 0.47804700 0.75416900
vt 0.48115100 0.74098500
vt 0.48115100 0.75416900
vt 0.47494300 0.74098500
vt 0.47494300 0.75416900
vt 0.56807100 0.74098500
vt 0.47184000 0.74072800
vt 0.48558700 0.71461600
vt 0.49933500 0.71461600
vt 0.51308200 0.71461600
vt 0.52683000 0.71461600
vt 0.54057700 0.71461600
vt 0.55432400 0.71461600
vt 0.37414600 0.71461600
vt 0.47037500 0.71461600
vt 0.47037500 0.76694300
vt 0.47037500 0.74078000
vt 0.37414600 0.76665700
vt 0.37414600 0.74063700
vt 0.38789300 0.71461600
vt 0.40164000 0.71461600
vt 0.41538700 0.71461600
vt 0.42913400 0.71461600
vt 0.44288100 0.71461600
vt 0.45662800 0.71461600
vt 0.46492800 0.76549300
vt 0.45849800 0.74078000
vt 0.46443600 0.74078000
vt 0.46443600 0.75386100
vt 0.46740600 0.74078000
vt 0.46740600 0.75386100
vt 0.46193300 0.76470900
vt 0.45895600 0.76395000
vt 0.45598300 0.76321800
vt 0.45299700 0.76251700
vt 0.44999300 0.76185300
vt 0.44699200 0.76123700
vt 0.44399200 0.76067500
vt 0.44096900 0.76016900
vt 0.43794400 0.75972800
vt 0.43492800 0.75935800
vt 0.43189000 0.75905900
vt 0.42884300 0.75883700
vt 0.42581400 0.75869400
vt 0.42277900 0.75863200
vt 0.41972600 0.75865100
vt 0.41668400 0.75875000
vt 0.41365600 0.75892800
vt 0.41061200 0.75918500
vt 0.40757800 0.75951600
vt 0.40456800 0.75991300
vt 0.40154800 0.76037900
vt 0.39852700 0.76090600
vt 0.39553100 0.76148300
vt 0.39254700 0.76210800
vt 0.38954700 0.76277900
vt 0.38655400 0.76348600
vt 0.38358600 0.76421600
vt 0.38061400 0.76497100
vt 0.37762800 0.76574400
vt 0.37465500 0.76652400
vt 0.46740600 0.76040200
vt 0.46443600 0.76040200
vt 0.46592100 0.75386100
vt 0.46592100 0.76040200
vt 0.45849800 0.75386100
vt 0.46146700 0.74078000
vt 0.46146700 0.75386100
vt 0.44662000 0.74078000
vt 0.45255900 0.74078000
vt 0.46146700 0.76040200
vt 0.46295200 0.75386100
vt 0.46295200 0.76040200
vt 0.45849800 0.76040200
vt 0.45998200 0.75386100
vt 0.45998200 0.76040200
vt 0.45255900 0.75386100
vt 0.45552800 0.74078000
vt 0.45552800 0.75386100
vt 0.45552800 0.76040200
vt 0.45701300 0.75386100
vt 0.45701300 0.76040200
vt 0.45255900 0.76040200
vt 0.45404400 0.75386100
vt 0.45404400 0.76040200
vt 0.44662000 0.75386100
vt 0.44959000 0.74078000
vt 0.44959000 0.75386100
vt 0.43467500 0.74078000
vt 0.44064700 0.74078000
vt 0.44959000 0.76040200
vt 0.45107400 0.75386100
vt 0.45107400 0.76040200
vt 0.44810500 0.75386100
vt 0.44810500 0.76040200
vt 0.44064700 0.75386100
vt 0.44363400 0.74078000
vt 0.44363400 0.75386100
vt 0.44512700 0.75386100
vt 0.44214100 0.75386100
vt 0.43467500 0.75386100
vt 0.43766100 0.74078000
vt 0.43766100 0.75386100
vt 0.42226100 0.74078000
vt 0.42846800 0.74078000
vt 0.43915400 0.75386100
vt 0.43616800 0.75386100
vt 0.42846800 0.75386100
vt 0.43157100 0.74078000
vt 0.43157100 0.75386100
vt 0.43312300 0.75386100
vt 0.43001900 0.75386100
vt 0.42226100 0.75386100
vt 0.42536400 0.74078000
vt 0.42536400 0.75386100
vt 0.41038300 0.74078000
vt 0.41632200 0.74078000
vt 0.42691600 0.75386100
vt 0.42381200 0.75386100
vt 0.41632200 0.75386100
vt 0.41929100 0.74078000
vt 0.41929100 0.75386100
vt 0.42077600 0.75386100
vt 0.41780700 0.75386100
vt 0.41038300 0.75386100
vt 0.41335200 0.74078000
vt 0.41335200 0.75386100
vt 0.39850600 0.74078000
vt 0.40444400 0.74078000
vt 0.41483700 0.75386100
vt 0.41186800 0.75386100
vt 0.40444400 0.75386100
vt 0.40741400 0.74078000
vt 0.40741400 0.75386100
vt 0.40889800 0.75386100
vt 0.40592900 0.75386100
vt 0.39850600 0.75386100
vt 0.40147500 0.74078000
vt 0.40147500 0.75386100
vt 0.38656000 0.74078000
vt 0.39253300 0.74078000
vt 0.40296000 0.75386100
vt 0.39999000 0.75386100
vt 0.39253300 0.75386100
vt 0.39551900 0.74078000
vt 0.39551900 0.75386100
vt 0.39701300 0.75386100
vt 0.39253300 0.76040200
vt 0.39402600 0.75386100
vt 0.39402600 0.76040200
vt 0.38656000 0.75386100
vt 0.38954600 0.74078000
vt 0.38954600 0.75386100
vt 0.38035300 0.74078000
vt 0.38954600 0.76040200
vt 0.39104000 0.75386100
vt 0.39104000 0.76040200
vt 0.38035300 0.75386100
vt 0.38345600 0.74078000
vt 0.38345600 0.75386100
vt 0.38656000 0.76040200
vt 0.38345600 0.76040200
vt 0.38500800 0.75386100
vt 0.38500800 0.76040200
vt 0.38035300 0.76040200
vt 0.38190500 0.75386100
vt 0.38190500 0.76040200
vt 0.37725000 0.74078000
vt 0.37725000 0.75386100
vt 0.37725000 0.76040200
vt 0.37880100 0.75386100
vt 0.37880100 0.76040200
vt 0.37569800 0.75386100
vt 0.37569800 0.76040200
vt 0.37569800 0.76367200
vt 0.37492200 0.76040200
vt 0.37492200 0.76367200
vt 0.37492200 0.76530700
vt 0.37453400 0.76367200
vt 0.37453400 0.76530700
vt 0.43437700 0.61692300
vt 0.43437700 0.71315200
vt 0.40821400 0.71315200
vt 0.38205100 0.71315200
vt 0.38233600 0.61692300
vt 0.40835600 0.61692300
vt 0.43437700 0.63067000
vt 0.43437700 0.64441700
vt 0.43437700 0.65816400
vt 0.43437700 0.67191100
vt 0.43437700 0.68565800
vt 0.43437700 0.69940500
vt 0.40425300 0.62933700
vt 0.40425300 0.62313000
vt 0.40425300 0.64128200
vt 0.40425300 0.63530900
vt 0.40425300 0.65316000
vt 0.40425300 0.64722100
vt 0.40425300 0.66503700
vt 0.40425300 0.65909800
vt 0.40425300 0.67745100
vt 0.40425300 0.67124400
vt 0.40425300 0.68939700
vt 0.40425300 0.68342400
vt 0.40425300 0.70127400
vt 0.40425300 0.69533600
vt 0.40425300 0.70721300
vt 0.38174100 0.71199000
vt 0.38919100 0.70721300
vt 0.40425300 0.71018200
vt 0.38919100 0.71018200
vt 0.38919100 0.71166700
vt 0.38542600 0.71166700
vt 0.38919100 0.71240900
vt 0.38542600 0.71240900
vt 0.39672200 0.71018200
vt 0.40425300 0.71166700
vt 0.39672200 0.71166700
vt 0.41931500 0.70721300
vt 0.41931500 0.71018200
vt 0.38017300 0.70602300
vt 0.37869100 0.70007300
vt 0.37733600 0.69407800
vt 0.37616900 0.68807000
vt 0.37523500 0.68203900
vt 0.37456800 0.67596400
vt 0.37420100 0.66990500
vt 0.37414600 0.66380800
vt 0.37440600 0.65773300
vt 0.37496500 0.65167200
vt 0.37580300 0.64561500
vt 0.37687500 0.63961800
vt 0.37815100 0.63361000
vt 0.37956700 0.62765900
vt 0.38108600 0.62169500
vt 0.38919100 0.70127400
vt 0.40425300 0.70424400
vt 0.38919100 0.70424400
vt 0.38919100 0.69533600
vt 0.40425300 0.69830500
vt 0.38919100 0.69830500
vt 0.38919100 0.68939700
vt 0.40425300 0.69236600
vt 0.38919100 0.69236600
vt 0.38919100 0.68342400
vt 0.40425300 0.68641000
vt 0.38919100 0.68641000
vt 0.38919100 0.67745100
vt 0.40425300 0.68043700
vt 0.38919100 0.68043700
vt 0.38919100 0.67124400
vt 0.40425300 0.67434800
vt 0.38919100 0.67434800
vt 0.38919100 0.66503700
vt 0.40425300 0.66814100
vt 0.38919100 0.66814100
vt 0.38919100 0.65909800
vt 0.40425300 0.66206800
vt 0.38919100 0.66206800
vt 0.38919100 0.65316000
vt 0.40425300 0.65612900
vt 0.38919100 0.65612900
vt 0.38919100 0.64722100
vt 0.40425300 0.65019000
vt 0.38919100 0.65019000
vt 0.38919100 0.64128200
vt 0.40425300 0.64425200
vt 0.38919100 0.64425200
vt 0.38919100 0.63530900
vt 0.40425300 0.63829600
vt 0.38919100 0.63829600
vt 0.38919100 0.62933700
vt 0.40425300 0.63232300
vt 0.38919100 0.63232300
vt 0.38919100 0.62313000
vt 0.40425300 0.62623300
vt 0.38919100 0.62623300
vt 0.40425300 0.62002600
vt 0.38919100 0.62002600
vt 0.36134500 0.61692300
vt 0.35149400 0.61692300
vt 0.35877400 0.62438000
vt 0.35633500 0.62438000
vt 0.35391500 0.62438000
vt 0.35877400 0.63183700
vt 0.35633500 0.63183700
vt 0.35391500 0.63183700
vt 0.35877400 0.63929500
vt 0.35633500 0.63929500
vt 0.35391500 0.63929500
vt 0.35149400 0.63929500
vt 0.35877400 0.64675200
vt 0.35633500 0.64675200
vt 0.35391500 0.64675200
vt 0.35877400 0.65420900
vt 0.35633500 0.65420900
vt 0.35391500 0.65420900
vt 0.35877400 0.66166700
vt 0.35633500 0.66166700
vt 0.35391500 0.66166700
vt 0.35877400 0.66912400
vt 0.35633500 0.66912400
vt 0.35391500 0.66912400
vt 0.36134500 0.67658100
vt 0.35877400 0.67658100
vt 0.35633500 0.67658100
vt 0.35391500 0.67658100
vt 0.35877400 0.68403900
vt 0.35633500 0.68403900
vt 0.35391500 0.68403900
vt 0.36134500 0.69149600
vt 0.35877400 0.69149600
vt 0.35633500 0.69149600
vt 0.35391500 0.69149600
vt 0.35877400 0.69895300
vt 0.35633500 0.69895300
vt 0.35391500 0.69895300
vt 0.36134500 0.70641100
vt 0.35877400 0.70641100
vt 0.35633500 0.70641100
vt 0.35391500 0.70641100
vt 0.35877400 0.71386800
vt 0.35633500 0.71386800
vt 0.35391500 0.71386800
vt 0.35877400 0.72132500
vt 0.35633500 0.72132500
vt 0.35391500 0.72132500
vt 0.35149400 0.72132500
vt 0.35877400 0.72879500
vt 0.35633500 0.72879500
vt 0.35391500 0.72879500
vt 0.36134500 0.73624000
vt 0.35149400 0.73624000
vt 0.35877600 0.73624000
vt 0.35642000 0.73624000
vt 0.35406300 0.73624000
vt 0.35405500 0.61692300
vt 0.35642000 0.61692300
vt 0.35878400 0.61692300
vt 0.36134500 0.62373900
vt 0.36134500 0.62438000
vt 0.36134500 0.62810900
vt 0.36134500 0.63183700
vt 0.36134500 0.63556600
vt 0.36134500 0.63929500
vt 0.36134500 0.64302300
vt 0.36134500 0.64675200
vt 0.36134500 0.65048100
vt 0.36134500 0.65420900
vt 0.36134500 0.65793800
vt 0.36134500 0.66166700
vt 0.36134500 0.66539500
vt 0.36134500 0.66912400
vt 0.36134500 0.67285300
vt 0.36134500 0.68031000
vt 0.36134500 0.68403900
vt 0.36134500 0.68776700
vt 0.36134500 0.69522500
vt 0.36134500 0.69895300
vt 0.36134500 0.70268200
vt 0.36134500 0.71013900
vt 0.36134500 0.71386800
vt 0.36134500 0.71759700
vt 0.36134500 0.72132500
vt 0.36134500 0.72505400
vt 0.36134500 0.72878300
vt 0.36134500 0.73251100
vt 0.36005900 0.62438000
vt 0.35877400 0.62065100
vt 0.36005900 0.62065100
vt 0.36070200 0.62438000
vt 0.36005900 0.62251600
vt 0.36070200 0.62065100
vt 0.36070200 0.62251600
vt 0.36005900 0.63183700
vt 0.35877400 0.62810900
vt 0.36005900 0.62810900
vt 0.36070200 0.62810900
vt 0.36005900 0.62624400
vt 0.36070200 0.62624400
vt 0.36134500 0.62033100
vt 0.35149400 0.73251100
vt 0.35149400 0.72878300
vt 0.35149400 0.72505400
vt 0.35149400 0.71759700
vt 0.35149400 0.71386800
vt 0.35149400 0.71013900
vt 0.35149400 0.70641100
vt 0.35149400 0.70268200
vt 0.35149400 0.69895300
vt 0.35149400 0.69522500
vt 0.35149400 0.69149600
vt 0.35149400 0.68776700
vt 0.35149400 0.68403900
vt 0.35149400 0.68031000
vt 0.35149400 0.67658100
vt 0.35149400 0.67285300
vt 0.35149400 0.66912400
vt 0.35149400 0.66539500
vt 0.35149400 0.66166700
vt 0.35149400 0.65793800
vt 0.35149400 0.65420900
vt 0.35149400 0.65048100
vt 0.35149400 0.64675200
vt 0.35149400 0.64302300
vt 0.35149400 0.63556600
vt 0.35149400 0.63183700
vt 0.35149400 0.62810900
vt 0.35149400 0.62438000
vt 0.35149400 0.62065100
vt 0.33982300 0.61692300
vt 0.33122500 0.61692300
vt 0.33760000 0.62545500
vt 0.33546700 0.62545500
vt 0.33334600 0.62545500
vt 0.33760000 0.63414800
vt 0.33546700 0.63414800
vt 0.33334600 0.63414800
vt 0.33760000 0.64251000
vt 0.33546700 0.64251000
vt 0.33334600 0.64251000
vt 0.33760000 0.65103700
vt 0.33546700 0.65103700
vt 0.33334600 0.65103700
vt 0.33760000 0.65956200
vt 0.33546700 0.65956200
vt 0.33334600 0.65956200
vt 0.33760000 0.66809400
vt 0.33546700 0.66809400
vt 0.33334600 0.66809400
vt 0.33982300 0.67657600
vt 0.33760000 0.67657600
vt 0.33546700 0.67657600
vt 0.33334600 0.67657600
vt 0.33760000 0.68512900
vt 0.33546700 0.68512900
vt 0.33334600 0.68512900
vt 0.33760000 0.69380100
vt 0.33546700 0.69380100
vt 0.33334600 0.69380100
vt 0.33760000 0.70218100
vt 0.33546700 0.70218100
vt 0.33334600 0.70218100
vt 0.33760000 0.71069100
vt 0.33546700 0.71069100
vt 0.33334600 0.71069100
vt 0.33760000 0.71920900
vt 0.33546700 0.71920900
vt 0.33334600 0.71920900
vt 0.33760000 0.72772400
vt 0.33546700 0.72772400
vt 0.33334600 0.72772400
vt 0.33982300 0.73623000
vt 0.33122500 0.73623000
vt 0.33758600 0.73623000
vt 0.33552400 0.73623000
vt 0.33346200 0.73623000
vt 0.33346500 0.61692300
vt 0.33552400 0.61692300
vt 0.33758300 0.61692300
vt 0.33982300 0.61838100
vt 0.33871100 0.62545500
vt 0.33760000 0.62118900
vt 0.33871100 0.62118900
vt 0.33982300 0.62437900
vt 0.33982300 0.63183600
vt 0.33982300 0.63929300
vt 0.33982300 0.64674900
vt 0.33982300 0.65420600
vt 0.33982300 0.66166300
vt 0.33982300 0.66912000
vt 0.33982300 0.68403300
vt 0.33982300 0.69149000
vt 0.33982300 0.69894700
vt 0.33982300 0.70640300
vt 0.33982300 0.71386000
vt 0.33982300 0.72131700
vt 0.33982300 0.72877400
vt 0.33122500 0.73250200
vt 0.33122500 0.72877400
vt 0.33122500 0.72504500
vt 0.33122500 0.72131700
vt 0.33122500 0.71758800
vt 0.33122500 0.71386000
vt 0.33122500 0.71013200
vt 0.33122500 0.70640300
vt 0.33122500 0.70267500
vt 0.33122500 0.69894700
vt 0.33122500 0.69521800
vt 0.33122500 0.69149000
vt 0.33122500 0.68776200
vt 0.33122500 0.68403300
vt 0.33122500 0.68030500
vt 0.33122500 0.67657600
vt 0.33122500 0.67284800
vt 0.33122500 0.66912000
vt 0.33122500 0.66539100
vt 0.33122500 0.66166300
vt 0.33122500 0.65793500
vt 0.33122500 0.65420600
vt 0.33122500 0.65047800
vt 0.33122500 0.64674900
vt 0.33122500 0.64302100
vt 0.33122500 0.63929300
vt 0.33122500 0.63556400
vt 0.33122500 0.63183600
vt 0.33122500 0.62810800
vt 0.33122500 0.62437900
vt 0.33122500 0.62065100
f 3/3/3 119/119/119 121/121/121
f 121/121/121 120/120/120 3/3/3
f 7/7/7 6/6/6 3/3/3
f 3/3/3 4/4/4 7/7/7
f 8/8/8 7/7/7 4/4/4
f 4/4/4 5/5/5 8/8/8
f 10/10/10 9/9/9 6/6/6
f 6/6/6 7/7/7 10/10/10
f 11/11/11 10/10/10 7/7/7
f 7/7/7 8/8/8 11/11/11
f 13/13/13 12/12/12 9/9/9
f 9/9/9 10/10/10 13/13/13
f 14/14/14 13/13/13 10/10/10
f 10/10/10 11/11/11 14/14/14
f 16/16/16 15/15/15 12/12/12
f 12/12/12 13/13/13 16/16/16
f 17/17/17 16/16/16 13/13/13
f 13/13/13 14/14/14 17/17/17
f 19/19/19 18/18/18 15/15/15
f 15/15/15 16/16/16 19/19/19
f 20/20/20 19/19/19 16/16/16
f 16/16/16 17/17/17 20/20/20
f 22/22/22 21/21/21 18/18/18
f 18/18/18 19/19/19 22/22/22
f 23/23/23 22/22/22 19/19/19
f 19/19/19 20/20/20 23/23/23
f 25/25/25 24/24/24 21/21/21
f 21/21/21 22/22/22 25/25/25
f 26/26/26 25/25/25 22/22/22
f 22/22/22 23/23/23 26/26/26
f 29/29/29 28/28/28 24/24/24
f 24/24/24 25/25/25 29/29/29
f 30/30/30 29/29/29 25/25/25
f 25/25/25 26/26/26 30/30/30
f 32/32/32 31/31/31 28/28/28
f 28/28/28 29/29/29 32/32/32
f 33/33/33 32/32/32 29/29/29
f 29/29/29 30/30/30 33/33/33
f 35/35/35 34/34/34 31/31/31
f 31/31/31 32/32/32 35/35/35
f 36/36/36 35/35/35 32/32/32
f 32/32/32 33/33/33 36/36/36
f 38/38/38 37/37/37 34/34/34
f 34/34/34 35/35/35 38/38/38
f 39/39/39 38/38/38 35/35/35
f 35/35/35 36/36/36 39/39/39
f 41/41/41 40/40/40 37/37/37
f 37/37/37 38/38/38 41/41/41
f 42/42/42 41/41/41 38/38/38
f 38/38/38 39/39/39 42/42/42
f 46/46/46 45/45/45 40/40/40
f 40/40/40 41/41/41 46/46/46
f 47/47/47 46/46/46 41/41/41
f 41/41/41 42/42/42 47/47/47
f 49/49/49 48/48/48 45/45/45
f 45/45/45 46/46/46 49/49/49
f 50/50/50 49/49/49 46/46/46
f 46/46/46 47/47/47 50/50/50
f 121/121/121 88/88/88 1/1/1
f 121/121/121 89/89/89 88/88/88
f 119/119/119 91/91/91 90/90/90
f 6/6/6 92/92/92 91/91/91
f 89/89/89 121/121/121 119/119/119
f 119/119/119 90/90/90 89/89/89
f 120/120/120 121/121/121 56/56/56
f 1/1/1 56/56/56 121/121/121
f 55/55/55 120/120/120 56/56/56
f 119/119/119 6/6/6 91/91/91
f 119/119/119 3/3/3 6/6/6
f 9/9/9 93/93/93 92/92/92
f 92/92/92 6/6/6 9/9/9
f 4/4/4 3/3/3 120/120/120
f 9/9/9 95/95/95 94/94/94
f 12/12/12 96/96/96 95/95/95
f 15/15/15 98/98/98 97/97/97
f 18/18/18 100/100/100 99/99/99
f 15/15/15 99/99/99 98/98/98
f 12/12/12 97/97/97 96/96/96
f 12/12/12 95/95/95 9/9/9
f 15/15/15 97/97/97 12/12/12
f 21/21/21 101/101/101 100/100/100
f 100/100/100 18/18/18 21/21/21
f 103/103/103 102/102/102 21/21/21
f 21/21/21 102/102/102 101/101/101
f 99/99/99 15/15/15 18/18/18
f 93/93/93 9/9/9 94/94/94
f 54/54/54 5/5/5 4/4/4
f 4/4/4 55/55/55 54/54/54
f 4/4/4 120/120/120 55/55/55
f 5/5/5 83/83/83 82/82/82
f 82/82/82 8/8/8 5/5/5
f 8/8/8 80/80/80 79/79/79
f 79/79/79 11/11/11 8/8/8
f 84/84/84 5/5/5 54/54/54
f 54/54/54 2/2/2 84/84/84
f 5/5/5 84/84/84 83/83/83
f 8/8/8 82/82/82 81/81/81
f 80/80/80 8/8/8 81/81/81
f 79/79/79 78/78/78 11/11/11
f 77/77/77 14/14/14 78/78/78
f 11/11/11 78/78/78 14/14/14
f 14/14/14 77/77/77 76/76/76
f 17/17/17 74/74/74 73/73/73
f 73/73/73 20/20/20 17/17/17
f 23/23/23 70/70/70 27/27/27
f 27/27/27 26/26/26 23/23/23
f 17/17/17 14/14/14 76/76/76
f 20/20/20 72/72/72 71/71/71
f 71/71/71 23/23/23 20/20/20
f 17/17/17 76/76/76 75/75/75
f 17/17/17 75/75/75 74/74/74
f 20/20/20 73/73/73 72/72/72
f 23/23/23 71/71/71 70/70/70
f 24/24/24 104/104/104 103/103/103
f 103/103/103 21/21/21 24/24/24
f 24/24/24 105/105/105 104/104/104
f 28/28/28 106/106/106 105/105/105
f 31/31/31 108/108/108 107/107/107
f 31/31/31 109/109/109 108/108/108
f 28/28/28 107/107/107 106/106/106
f 28/28/28 105/105/105 24/24/24
f 31/31/31 107/107/107 28/28/28
f 34/34/34 111/111/111 110/110/110
f 111/111/111 34/34/34 37/37/37
f 37/37/37 112/112/112 111/111/111
f 109/109/109 31/31/31 34/34/34
f 110/110/110 109/109/109 34/34/34
f 37/37/37 40/40/40 113/113/113
f 40/40/40 114/114/114 113/113/113
f 45/45/45 44/44/44 115/115/115
f 48/48/48 117/117/117 116/116/116
f 45/45/45 116/116/116 44/44/44
f 40/40/40 115/115/115 114/114/114
f 45/45/45 115/115/115 40/40/40
f 48/48/48 116/116/116 45/45/45
f 85/85/85 52/52/52 118/118/118
f 85/85/85 48/48/48 49/49/49
f 49/49/49 86/86/86 85/85/85
f 118/118/118 48/48/48 85/85/85
f 117/117/117 48/48/48 118/118/118
f 112/112/112 37/37/37 113/113/113
f 69/69/69 26/26/26 27/27/27
f 26/26/26 69/69/69 30/30/30
f 30/30/30 68/68/68 67/67/67
f 67/67/67 33/33/33 30/30/30
f 33/33/33 66/66/66 65/65/65
f 65/65/65 36/36/36 33/33/33
f 36/36/36 64/64/64 63/63/63
f 63/63/63 39/39/39 36/36/36
f 30/30/30 69/69/69 68/68/68
f 64/64/64 36/36/36 65/65/65
f 66/66/66 33/33/33 67/67/67
f 63/63/63 62/62/62 39/39/39
f 62/62/62 61/61/61 39/39/39
f 42/42/42 39/39/39 61/61/61
f 42/42/42 61/61/61 43/43/43
f 50/50/50 87/87/87 86/86/86
f 86/86/86 49/49/49 50/50/50
f 42/42/42 43/43/43 60/60/60
f 60/60/60 47/47/47 42/42/42
f 47/47/47 59/59/59 58/58/58
f 58/58/58 50/50/50 47/47/47
f 87/87/87 50/50/50 57/57/57
f 47/47/47 60/60/60 59/59/59
f 50/50/50 58/58/58 51/51/51
f 87/87/87 57/57/57 53/53/53
f 57/57/57 50/50/50 51/51/51
f 127/127/127 126/126/126 123/123/123
f 123/123/123 124/124/124 127/127/127
f 128/128/128 127/127/127 124/124/124
f 124/124/124 125/125/125 128/128/128
f 130/130/130 129/129/129 126/126/126
f 126/126/126 127/127/127 130/130/130
f 131/131/131 130/130/130 127/127/127
f 127/127/127 128/128/128 131/131/131
f 133/133/133 132/132/132 129/129/129
f 129/129/129 130/130/130 133/133/133
f 134/134/134 133/133/133 130/130/130
f 130/130/130 131/131/131 134/134/134
f 136/136/136 135/135/135 132/132/132
f 132/132/132 133/133/133 136/136/136
f 137/137/137 136/136/136 133/133/133
f 133/133/133 134/134/134 137/137/137
f 139/139/139 138/138/138 135/135/135
f 135/135/135 136/136/136 139/139/139
f 140/140/140 139/139/139 136/136/136
f 136/136/136 137/137/137 140/140/140
f 142/142/142 141/141/141 138/138/138
f 138/138/138 139/139/139 142/142/142
f 143/143/143 142/142/142 139/139/139
f 139/139/139 140/140/140 143/143/143
f 145/145/145 144/144/144 141/141/141
f 141/141/141 142/142/142 145/145/145
f 146/146/146 145/145/145 142/142/142
f 142/142/142 143/143/143 146/146/146
f 148/148/148 147/147/147 144/144/144
f 144/144/144 145/145/145 148/148/148
f 149/149/149 148/148/148 145/145/145
f 145/145/145 146/146/146 149/149/149
f 151/151/151 150/150/150 147/147/147
f 147/147/147 148/148/148 151/151/151
f 152/152/152 151/151/151 148/148/148
f 148/148/148 149/149/149 152/152/152
f 154/154/154 153/153/153 150/150/150
f 150/150/150 151/151/151 154/154/154
f 155/155/155 154/154/154 151/151/151
f 151/151/151 152/152/152 155/155/155
f 157/157/157 156/156/156 153/153/153
f 153/153/153 154/154/154 157/157/157
f 158/158/158 157/157/157 154/154/154
f 154/154/154 155/155/155 158/158/158
f 160/160/160 159/159/159 156/156/156
f 156/156/156 157/157/157 160/160/160
f 161/161/161 160/160/160 157/157/157
f 157/157/157 158/158/158 161/161/161
f 163/163/163 162/162/162 159/159/159
f 159/159/159 160/160/160 163/163/163
f 164/164/164 163/163/163 160/160/160
f 160/160/160 161/161/161 164/164/164
f 123/123/123 205/205/205 204/204/204
f 169/169/169 204/204/204 234/234/234
f 207/207/207 206/206/206 126/126/126
f 208/208/208 207/207/207 129/129/129
f 126/126/126 206/206/206 205/205/205
f 168/168/168 124/124/124 123/123/123
f 123/123/123 169/169/169 168/168/168
f 204/204/204 169/169/169 123/123/123
f 207/207/207 126/126/126 129/129/129
f 126/126/126 205/205/205 123/123/123
f 167/167/167 125/125/125 124/124/124
f 124/124/124 168/168/168 167/167/167
f 129/129/129 209/209/209 208/208/208
f 214/214/214 213/213/213 135/135/135
f 213/213/213 212/212/212 135/135/135
f 141/141/141 217/217/217 216/216/216
f 138/138/138 216/216/216 215/215/215
f 214/214/214 138/138/138 215/215/215
f 129/129/129 132/132/132 210/210/210
f 211/211/211 210/210/210 132/132/132
f 209/209/209 129/129/129 210/210/210
f 211/211/211 132/132/132 212/212/212
f 132/132/132 135/135/135 212/212/212
f 138/138/138 214/214/214 135/135/135
f 138/138/138 141/141/141 216/216/216
f 122/122/122 200/200/200 167/167/167
f 125/125/125 167/167/167 200/200/200
f 199/199/199 125/125/125 200/200/200
f 125/125/125 198/198/198 197/197/197
f 197/197/197 128/128/128 125/125/125
f 128/128/128 196/196/196 195/195/195
f 195/195/195 131/131/131 128/128/128
f 125/125/125 199/199/199 198/198/198
f 131/131/131 195/195/195 194/194/194
f 196/196/196 128/128/128 197/197/197
f 194/194/194 193/193/193 131/131/131
f 192/192/192 134/134/134 193/193/193
f 131/131/131 193/193/193 134/134/134
f 134/134/134 192/192/192 191/191/191
f 137/137/137 134/134/134 191/191/191
f 137/137/137 190/190/190 189/189/189
f 189/189/189 140/140/140 137/137/137
f 140/140/140 188/188/188 187/187/187
f 187/187/187 143/143/143 140/140/140
f 137/137/137 191/191/191 190/190/190
f 143/143/143 186/186/186 185/185/185
f 186/186/186 143/143/143 187/187/187
f 188/188/188 140/140/140 189/189/189
f 146/146/146 143/143/143 185/185/185
f 218/218/218 217/217/217 141/141/141
f 221/221/221 220/220/220 147/147/147
f 221/221/221 147/147/147 222/222/222
f 153/153/153 225/225/225 224/224/224
f 150/150/150 223/223/223 222/222/222
f 223/223/223 150/150/150 224/224/224
f 144/144/144 219/219/219 218/218/218
f 144/144/144 220/220/220 219/219/219
f 147/147/147 220/220/220 144/144/144
f 150/150/150 222/222/222 147/147/147
f 150/150/150 153/153/153 224/224/224
f 153/153/153 226/226/226 225/225/225
f 230/230/230 229/229/229 159/159/159
f 231/231/231 230/230/230 159/159/159
f 233/233/233 232/232/232 162/162/162
f 165/165/165 233/233/233 201/201/201
f 162/162/162 232/232/232 231/231/231
f 153/153/153 156/156/156 227/227/227
f 228/228/228 227/227/227 156/156/156
f 226/226/226 153/153/153 227/227/227
f 228/228/228 156/156/156 229/229/229
f 156/156/156 159/159/159 229/229/229
f 162/162/162 231/231/231 159/159/159
f 162/162/162 201/201/201 233/233/233
f 201/201/201 162/162/162 163/163/163
f 163/163/163 202/202/202 201/201/201
f 183/183/183 146/146/146 184/184/184
f 146/146/146 185/185/185 184/184/184
f 146/146/146 183/183/183 182/182/182
f 182/182/182 149/149/149 146/146/146
f 149/149/149 181/181/181 180/180/180
f 180/180/180 152/152/152 149/149/149
f 152/152/152 179/179/179 178/178/178
f 178/178/178 155/155/155 152/152/152
f 149/149/149 182/182/182 181/181/181
f 155/155/155 177/177/177 176/176/176
f 177/177/177 155/155/155 178/178/178
f 179/179/179 152/152/152 180/180/180
f 176/176/176 158/158/158 155/155/155
f 158/158/158 175/175/175 174/174/174
f 174/174/174 161/161/161 158/158/158
f 164/164/164 203/203/203 202/202/202
f 202/202/202 163/163/163 164/164/164
f 170/170/170 203/203/203 164/164/164
f 161/161/161 173/173/173 172/172/172
f 172/172/172 164/164/164 161/161/161
f 161/161/161 174/174/174 173/173/173
f 164/164/164 172/172/172 171/171/171
f 203/203/203 170/170/170 166/166/166
f 170/170/170 164/164/164 171/171/171
f 176/176/176 175/175/175 158/158/158
f 144/144/144 218/218/218 141/141/141
f 239/239/239 238/238/238 235/235/235
f 235/235/235 236/236/236 239/239/239
f 240/240/240 239/239/239 236/236/236
f 236/236/236 237/237/237 240/240/240
f 242/242/242 241/241/241 238/238/238
f 238/238/238 239/239/239 242/242/242
f 243/243/243 242/242/242 239/239/239
f 239/239/239 240/240/240 243/243/243
f 245/245/245 244/244/244 241/241/241
f 241/241/241 242/242/242 245/245/245
f 246/246/246 245/245/245 242/242/242
f 242/242/242 243/243/243 246/246/246
f 248/248/248 247/247/247 244/244/244
f 244/244/244 245/245/245 248/248/248
f 249/249/249 248/248/248 245/245/245
f 245/245/245 246/246/246 249/249/249
f 251/251/251 250/250/250 247/247/247
f 247/247/247 248/248/248 251/251/251
f 252/252/252 251/251/251 248/248/248
f 248/248/248 249/249/249 252/252/252
f 254/254/254 253/253/253 250/250/250
f 250/250/250 251/251/251 254/254/254
f 255/255/255 254/254/254 251/251/251
f 251/251/251 252/252/252 255/255/255
f 235/235/235 263/263/263 262/262/262
f 280/280/280 262/262/262 261/261/261
f 235/235/235 280/280/280 279/279/279
f 238/238/238 264/264/264 235/235/235
f 262/262/262 280/280/280 235/235/235
f 235/235/235 264/264/264 263/263/263
f 235/235/235 279/279/279 236/236/236
f 241/241/241 267/267/267 266/266/266
f 238/238/238 266/266/266 265/265/265
f 241/241/241 266/266/266 238/238/238
f 244/244/244 268/268/268 241/241/241
f 241/241/241 268/268/268 267/267/267
f 264/264/264 238/238/238 265/265/265
f 237/237/237 236/236/236 278/278/278
f 279/279/279 278/278/278 236/236/236
f 240/240/240 237/237/237 293/293/293
f 295/295/295 237/237/237 278/278/278
f 278/278/278 277/277/277 295/295/295
f 237/237/237 294/294/294 293/293/293
f 294/294/294 237/237/237 295/295/295
f 243/243/243 240/240/240 291/291/291
f 289/289/289 246/246/246 243/243/243
f 246/246/246 289/289/289 288/288/288
f 240/240/240 292/292/292 291/291/291
f 243/243/243 290/290/290 289/289/289
f 290/290/290 243/243/243 291/291/291
f 293/293/293 292/292/292 240/240/240
f 269/269/269 268/268/268 244/244/244
f 247/247/247 272/272/272 271/271/271
f 247/247/247 271/271/271 270/270/270
f 247/247/247 270/270/270 244/244/244
f 272/272/272 247/247/247 250/250/250
f 274/274/274 273/273/273 250/250/250
f 272/272/272 250/250/250 273/273/273
f 269/269/269 244/244/244 270/270/270
f 275/275/275 274/274/274 253/253/253
f 276/276/276 275/275/275 253/253/253
f 257/257/257 253/253/253 258/258/258
f 276/276/276 253/253/253 257/257/257
f 257/257/257 256/256/256 276/276/276
f 250/250/250 253/253/253 274/274/274
f 254/254/254 258/258/258 253/253/253
f 287/287/287 249/249/249 246/246/246
f 285/285/285 252/252/252 249/249/249
f 286/286/286 249/249/249 287/287/287
f 252/252/252 285/285/285 284/284/284
f 286/286/286 285/285/285 249/249/249
f 284/284/284 283/283/283 252/252/252
f 288/288/288 287/287/287 246/246/246
f 255/255/255 259/259/259 254/254/254
f 258/258/258 254/254/254 259/259/259
f 281/281/281 259/259/259 255/255/255
f 252/252/252 283/283/283 255/255/255
f 255/255/255 283/283/283 282/282/282
f 255/255/255 282/282/282 281/281/281
f 281/281/281 260/260/260 259/259/259
f 300/300/300 299/299/299 296/296/296
f 296/296/296 297/297/297 300/300/300
f 301/301/301 300/300/300 297/297/297
f 297/297/297 298/298/298 301/301/301
f 303/303/303 302/302/302 299/299/299
f 299/299/299 300/300/300 303/303/303
f 304/304/304 303/303/303 300/300/300
f 300/300/300 301/301/301 304/304/304
f 306/306/306 305/305/305 302/302/302
f 302/302/302 303/303/303 306/306/306
f 307/307/307 306/306/306 303/303/303
f 303/303/303 304/304/304 307/307/307
f 309/309/309 308/308/308 305/305/305
f 305/305/305 306/306/306 309/309/309
f 310/310/310 309/309/309 306/306/306
f 306/306/306 307/307/307 310/310/310
f 312/312/312 311/311/311 308/308/308
f 308/308/308 309/309/309 312/312/312
f 313/313/313 312/312/312 309/309/309
f 309/309/309 310/310/310 313/313/313
f 315/315/315 314/314/314 311/311/311
f 311/311/311 312/312/312 315/315/315
f 316/316/316 315/315/315 312/312/312
f 312/312/312 313/313/313 316/316/316
f 299/299/299 344/344/344 296/296/296
f 296/296/296 344/344/344 343/343/343
f 342/342/342 341/341/341 325/325/325
f 325/325/325 296/296/296 342/342/342
f 343/343/343 342/342/342 296/296/296
f 324/324/324 296/296/296 325/325/325
f 299/299/299 345/345/345 344/344/344
f 305/305/305 349/349/349 348/348/348
f 302/302/302 348/348/348 347/347/347
f 302/302/302 346/346/346 299/299/299
f 345/345/345 299/299/299 346/346/346
f 347/347/347 346/346/346 302/302/302
f 302/302/302 305/305/305 348/348/348
f 305/305/305 350/350/350 349/349/349
f 323/323/323 297/297/297 324/324/324
f 296/296/296 324/324/324 297/297/297
f 298/298/298 297/297/297 323/323/323
f 340/340/340 323/323/323 322/322/322
f 340/340/340 339/339/339 298/298/298
f 298/298/298 339/339/339 338/338/338
f 340/340/340 298/298/298 323/323/323
f 304/304/304 301/301/301 336/336/336
f 304/304/304 334/334/334 307/307/307
f 334/334/334 304/304/304 335/335/335
f 337/337/337 301/301/301 338/338/338
f 301/301/301 337/337/337 336/336/336
f 304/304/304 336/336/336 335/335/335
f 298/298/298 338/338/338 301/301/301
f 311/311/311 354/354/354 353/353/353
f 311/311/311 353/353/353 352/352/352
f 308/308/308 351/351/351 350/350/350
f 352/352/352 351/351/351 308/308/308
f 308/308/308 311/311/311 352/352/352
f 311/311/311 314/314/314 354/354/354
f 356/356/356 355/355/355 314/314/314
f 317/317/317 356/356/356 318/318/318
f 319/319/319 314/314/314 315/315/315
f 314/314/314 319/319/319 318/318/318
f 318/318/318 356/356/356 314/314/314
f 320/320/320 319/319/319 315/315/315
f 355/355/355 354/354/354 314/314/314
f 332/332/332 310/310/310 307/307/307
f 330/330/330 313/313/313 310/310/310
f 332/332/332 307/307/307 333/333/333
f 310/310/310 331/331/331 330/330/330
f 332/332/332 331/331/331 310/310/310
f 330/330/330 329/329/329 313/313/313
f 334/334/334 333/333/333 307/307/307
f 320/320/320 316/316/316 326/326/326
f 321/321/321 320/320/320 326/326/326
f 329/329/329 328/328/328 313/313/313
f 316/316/316 328/328/328 327/327/327
f 316/316/316 327/327/327 326/326/326
f 316/316/316 313/313/313 328/328/328
f 320/320/320 315/315/315 316/316/316
f 350/350/350 305/305/305 308/308/308
f 361/361/361 360/360/360 357/357/357
f 357/357/357 358/358/358 361/361/361
f 362/362/362 361/361/361 358/358/358
f 358/358/358 359/359/359 362/362/362
f 364/364/364 363/363/363 360/360/360
f 360/360/360 361/361/361 364/364/364
f 365/365/365 364/364/364 361/361/361
f 361/361/361 362/362/362 365/365/365
f 367/367/367 366/366/366 363/363/363
f 363/363/363 364/364/364 367/367/367
f 368/368/368 367/367/367 364/364/364
f 364/364/364 365/365/365 368/368/368
f 370/370/370 369/369/369 366/366/366
f 366/366/366 367/367/367 370/370/370
f 371/371/371 370/370/370 367/367/367
f 367/367/367 368/368/368 371/371/371
f 375/375/375 377/377/377 376/376/376
f 374/374/374 357/357/357 375/375/375
f 377/377/377 375/375/375 357/357/357
f 357/357/357 378/378/378 377/377/377
f 363/363/363 379/379/379 360/360/360
f 378/378/378 360/360/360 379/379/379
f 380/380/380 379/379/379 363/363/363
f 363/363/363 381/381/381 380/380/380
f 357/357/357 360/360/360 378/378/378
f 359/359/359 373/373/373 393/393/393
f 373/373/373 372/372/372 393/393/393
f 358/358/358 374/374/374 373/373/373
f 373/373/373 359/359/359 358/358/358
f 391/391/391 362/362/362 392/392/392
f 359/359/359 392/392/392 362/362/362
f 362/362/362 391/391/391 365/365/365
f 393/393/393 392/392/392 359/359/359
f 358/358/358 357/357/357 374/374/374
f 366/366/366 382/382/382 381/381/381
f 382/382/382 366/366/366 369/369/369
f 369/369/369 383/383/383 382/382/382
f 394/394/394 384/384/384 383/383/383
f 370/370/370 395/395/395 369/369/369
f 395/395/395 394/394/394 369/369/369
f 396/396/396 395/395/395 370/370/370
f 383/383/383 369/369/369 394/394/394
f 389/389/389 368/368/368 365/365/365
f 365/365/365 390/390/390 389/389/389
f 368/368/368 389/389/389 388/388/388
f 388/388/388 387/387/387 368/368/368
f 391/391/391 390/390/390 365/365/365
f 386/386/386 396/396/396 371/371/371
f 371/371/371 387/387/387 386/386/386
f 396/396/396 386/386/386 385/385/385
f 368/368/368 387/387/387 371/371/371
f 370/370/370 371/371/371 396/396/396
f 381/381/381 363/363/363 366/366/366
f 401/401/401 400/400/400 397/397/397
f 397/397/397 398/398/398 401/401/401
f 402/402/402 401/401/401 398/398/398
f 398/398/398 399/399/399 402/402/402
f 404/404/404 403/403/403 400/400/400
f 400/400/400 401/401/401 404/404/404
f 405/405/405 404/404/404 401/401/401
f 401/401/401 402/402/402 405/405/405
f 407/407/407 406/406/406 403/403/403
f 403/403/403 404/404/404 407/407/407
f 408/408/408 407/407/407 404/404/404
f 404/404/404 405/405/405 408/408/408
f 410/410/410 409/409/409 406/406/406
f 406/406/406 407/407/407 410/410/410
f 411/411/411 410/410/410 407/407/407
f 407/407/407 408/408/408 411/411/411
f 428/428/428 418/418/418 417/417/417
f 428/428/428 427/427/427 397/397/397
f 397/397/397 418/418/418 428/428/428
f 400/400/400 420/420/420 419/419/419
f 419/419/419 397/397/397 400/400/400
f 427/427/427 398/398/398 397/397/397
f 418/418/418 397/397/397 419/419/419
f 426/426/426 398/398/398 427/427/427
f 438/438/438 399/399/399 426/426/426
f 399/399/399 398/398/398 426/426/426
f 426/426/426 425/425/425 438/438/438
f 399/399/399 438/438/438 437/437/437
f 437/437/437 436/436/436 399/399/399
f 436/436/436 435/435/435 399/399/399
f 402/402/402 399/399/399 435/435/435
f 402/402/402 435/435/435 434/434/434
f 402/402/402 434/434/434 433/433/433
f 405/405/405 402/402/402 433/433/433
f 403/403/403 420/420/420 400/400/400
f 403/403/403 422/422/422 421/421/421
f 403/403/403 406/406/406 422/422/422
f 423/423/423 422/422/422 406/406/406
f 409/409/409 423/423/423 406/406/406
f 420/420/420 403/403/403 421/421/421
f 414/414/414 412/412/412 424/424/424
f 414/414/414 409/409/409 410/410/410
f 410/410/410 415/415/415 414/414/414
f 424/424/424 409/409/409 414/414/414
f 423/423/423 409/409/409 424/424/424
f 405/405/405 432/432/432 431/431/431
f 431/431/431 408/408/408 405/405/405
f 408/408/408 431/431/431 430/430/430
f 430/430/430 411/411/411 408/408/408
f 433/433/433 432/432/432 405/405/405
f 411/411/411 416/416/416 415/415/415
f 415/415/415 410/410/410 411/411/411
f 411/411/411 429/429/429 416/416/416
f 413/413/413 416/416/416 429/429/429
f 430/430/430 429/429/429 411/411/411
f 583/583/583 582/582/582 580/580/580
f 580/580/580 581/581/581 583/583/583
f 575/575/575 568/568/568 582/582/582
f 582/582/582 583/583/583 575/575/575
f 586/586/586 585/585/585 578/578/578
f 578/578/578 584/584/584 586/586/586
f 581/581/581 580/580/580 585/585/585
f 585/585/585 586/586/586 581/581/581
f 585/585/585 571/571/571 578/578/578
f 579/579/579 585/585/585 580/580/580
f 571/571/571 585/585/585 579/579/579
f 582/582/582 579/579/579 580/580/580
f 557/557/557 582/582/582 568/568/568
f 579/579/579 582/582/582 557/557/557
f 591/591/591 590/590/590 588/588/588
f 588/588/588 589/589/589 591/591/591
f 584/584/584 578/578/578 590/590/590
f 590/590/590 591/591/591 584/584/584
f 589/589/589 588/588/588 592/592/592
f 592/592/592 593/593/593 589/589/589
f 590/590/590 587/587/587 588/588/588
f 571/571/571 590/590/590 578/578/578
f 587/587/587 590/590/590 571/571/571
f 564/564/564 565/565/565 563/563/563
f 566/566/566 567/567/567 561/561/561
f 567/567/567 564/564/564 563/563/563
f 567/567/567 558/558/558 561/561/561
f 562/562/562 567/567/567 563/563/563
f 558/558/558 567/567/567 562/562/562
f 565/565/565 562/562/562 563/563/563
f 545/545/545 565/565/565 554/554/554
f 562/562/562 565/565/565 545/545/545
f 574/574/574 573/573/573 570/570/570
f 570/570/570 572/572/572 574/574/574
f 566/566/566 561/561/561 573/573/573
f 573/573/573 574/574/574 566/566/566
f 577/577/577 576/576/576 568/568/568
f 568/568/568 575/575/575 577/577/577
f 572/572/572 570/570/570 576/576/576
f 576/576/576 577/577/577 572/572/572
f 576/576/576 557/557/557 568/568/568
f 569/569/569 576/576/576 570/570/570
f 557/557/557 576/576/576 569/569/569
f 573/573/573 569/569/569 570/570/570
f 558/558/558 573/573/573 561/561/561
f 569/569/569 573/573/573 558/558/558
f 553/553/553 546/546/546 549/549/549
f 550/550/550 553/553/553 551/551/551
f 546/546/546 553/553/553 550/550/550
f 552/552/552 550/550/550 551/551/551
f 533/533/533 552/552/552 542/542/542
f 550/550/550 552/552/552 533/533/533
f 560/560/560 545/545/545 554/554/554
f 555/555/555 560/560/560 556/556/556
f 545/545/545 560/560/560 555/555/555
f 559/559/559 555/555/555 556/556/556
f 546/546/546 559/559/559 549/549/549
f 555/555/555 559/559/559 546/546/546
f 541/541/541 534/534/534 537/537/537
f 538/538/538 541/541/541 539/539/539
f 534/534/534 541/541/541 538/538/538
f 540/540/540 538/538/538 539/539/539
f 521/521/521 540/540/540 530/530/530
f 538/538/538 540/540/540 521/521/521
f 548/548/548 533/533/533 542/542/542
f 543/543/543 548/548/548 544/544/544
f 533/533/533 548/548/548 543/543/543
f 547/547/547 543/543/543 544/544/544
f 534/534/534 547/547/547 537/537/537
f 543/543/543 547/547/547 534/534/534
f 529/529/529 522/522/522 525/525/525
f 526/526/526 529/529/529 527/527/527
f 522/522/522 529/529/529 526/526/526
f 528/528/528 526/526/526 527/527/527
f 508/508/508 528/528/528 518/518/518
f 526/526/526 528/528/528 508/508/508
f 536/536/536 521/521/521 530/530/530
f 531/531/531 536/536/536 532/532/532
f 521/521/521 536/536/536 531/531/531
f 535/535/535 531/531/531 532/532/532
f 522/522/522 535/535/535 525/525/525
f 531/531/531 535/535/535 522/522/522
f 517/517/517 509/509/509 513/513/513
f 514/514/514 517/517/517 515/515/515
f 509/509/509 517/517/517 514/514/514
f 516/516/516 514/514/514 515/515/515
f 488/488/488 516/516/516 505/505/505
f 514/514/514 516/516/516 488/488/488
f 524/524/524 508/508/508 518/518/518
f 519/519/519 524/524/524 520/520/520
f 508/508/508 524/524/524 519/519/519
f 523/523/523 519/519/519 520/520/520
f 509/509/509 523/523/523 513/513/513
f 519/519/519 523/523/523 509/509/509
f 501/501/501 500/500/500 498/498/498
f 498/498/498 499/499/499 501/501/501
f 493/493/493 485/485/485 500/500/500
f 500/500/500 501/501/501 493/493/493
f 504/504/504 503/503/503 496/496/496
f 496/496/496 502/502/502 504/504/504
f 499/499/499 498/498/498 503/503/503
f 503/503/503 504/504/504 499/499/499
f 503/503/503 489/489/489 496/496/496
f 497/497/497 503/503/503 498/498/498
f 489/489/489 503/503/503 497/497/497
f 500/500/500 497/497/497 498/498/498
f 474/474/474 500/500/500 485/485/485
f 497/497/497 500/500/500 474/474/474
f 510/510/510 511/511/511 507/507/507
f 511/511/511 502/502/502 496/496/496
f 512/512/512 510/510/510 507/507/507
f 512/512/512 488/488/488 505/505/505
f 506/506/506 512/512/512 507/507/507
f 488/488/488 512/512/512 506/506/506
f 511/511/511 506/506/506 507/507/507
f 489/489/489 511/511/511 496/496/496
f 506/506/506 511/511/511 489/489/489
f 598/598/598 597/597/597 481/481/481
f 481/481/481 596/596/596 598/598/598
f 481/481/481 480/480/480 478/478/478
f 478/478/478 479/479/479 481/481/481
f 484/484/484 483/483/483 476/476/476
f 476/476/476 482/482/482 484/484/484
f 479/479/479 478/478/478 483/483/483
f 483/483/483 484/484/484 479/479/479
f 483/483/483 475/475/475 476/476/476
f 477/477/477 483/483/483 478/478/478
f 475/475/475 483/483/483 477/477/477
f 492/492/492 491/491/491 487/487/487
f 487/487/487 490/490/490 492/492/492
f 482/482/482 476/476/476 491/491/491
f 491/491/491 492/492/492 482/482/482
f 495/495/495 494/494/494 485/485/485
f 485/485/485 493/493/493 495/495/495
f 490/490/490 487/487/487 494/494/494
f 494/494/494 495/495/495 490/490/490
f 494/494/494 474/474/474 485/485/485
f 486/486/486 494/494/494 487/487/487
f 474/474/474 494/494/494 486/486/486
f 491/491/491 486/486/486 487/487/487
f 475/475/475 491/491/491 476/476/476
f 486/486/486 491/491/491 475/475/475
f 587/587/587 439/439/439 594/594/594
f 439/439/439 587/587/587 571/571/571
f 439/439/439 571/571/571 579/579/579
f 579/579/579 600/600/600 439/439/439
f 592/592/592 587/587/587 594/594/594
f 557/557/557 600/600/600 579/579/579
f 600/600/600 557/557/557 569/569/569
f 600/600/600 569/569/569 558/558/558
f 558/558/558 562/562/562 600/600/600
f 592/592/592 588/588/588 587/587/587
f 545/545/545 555/555/555 601/601/601
f 466/466/466 554/554/554 565/565/565
f 465/465/465 560/560/560 554/554/554
f 601/601/601 562/562/562 545/545/545
f 600/600/600 562/562/562 601/601/601
f 440/440/440 592/592/592 594/594/594
f 550/550/550 601/601/601 546/546/546
f 550/550/550 533/533/533 602/602/602
f 602/602/602 601/601/601 550/550/550
f 534/534/534 602/602/602 543/543/543
f 533/533/533 543/543/543 602/602/602
f 602/602/602 534/534/534 538/538/538
f 602/602/602 538/538/538 521/521/521
f 521/521/521 603/603/603 602/602/602
f 464/464/464 559/559/559 556/556/556
f 463/463/463 553/553/553 549/549/549
f 464/464/464 549/549/549 559/559/559
f 462/462/462 552/552/552 551/551/551
f 461/461/461 548/548/548 542/542/542
f 461/461/461 544/544/544 548/548/548
f 462/462/462 542/542/542 552/552/552
f 463/463/463 551/551/551 553/553/553
f 601/601/601 555/555/555 546/546/546
f 465/465/465 556/556/556 560/560/560
f 473/473/473 589/589/589 593/593/593
f 472/472/472 584/584/584 591/591/591
f 473/473/473 591/591/591 589/589/589
f 471/471/471 581/581/581 586/586/586
f 470/470/470 575/575/575 583/583/583
f 469/469/469 577/577/577 575/575/575
f 470/470/470 583/583/583 581/581/581
f 471/471/471 586/586/586 584/584/584
f 471/471/471 584/584/584 472/472/472
f 473/473/473 593/593/593 440/440/440
f 472/472/472 591/591/591 473/473/473
f 468/468/468 574/574/574 572/572/572
f 469/469/469 575/575/575 470/470/470
f 572/572/572 469/469/469 468/468/468
f 468/468/468 566/566/566 574/574/574
f 581/581/581 471/471/471 470/470/470
f 577/577/577 469/469/469 572/572/572
f 592/592/592 440/440/440 593/593/593
f 460/460/460 537/537/537 547/547/547
f 541/541/541 537/537/537 459/459/459
f 460/460/460 459/459/459 537/537/537
f 544/544/544 461/461/461 460/460/460
f 458/458/458 540/540/540 539/539/539
f 459/459/459 458/458/458 539/539/539
f 530/530/530 540/540/540 458/458/458
f 457/457/457 530/530/530 458/458/458
f 541/541/541 459/459/459 539/539/539
f 566/566/566 467/467/467 567/567/567
f 567/567/567 467/467/467 564/564/564
f 564/564/564 467/467/467 466/466/466
f 564/564/564 466/466/466 565/565/565
f 468/468/468 467/467/467 566/566/566
f 551/551/551 463/463/463 462/462/462
f 465/465/465 554/554/554 466/466/466
f 465/465/465 464/464/464 556/556/556
f 464/464/464 463/463/463 549/549/549
f 542/542/542 462/462/462 461/461/461
f 544/544/544 460/460/460 547/547/547
f 603/603/603 531/531/531 522/522/522
f 457/457/457 532/532/532 536/536/536
f 522/522/522 526/526/526 603/603/603
f 508/508/508 603/603/603 526/526/526
f 508/508/508 519/519/519 604/604/604
f 519/519/519 509/509/509 604/604/604
f 603/603/603 508/508/508 604/604/604
f 603/603/603 521/521/521 531/531/531
f 456/456/456 525/525/525 535/535/535
f 455/455/455 527/527/527 529/529/529
f 455/455/455 529/529/529 525/525/525
f 454/454/454 518/518/518 528/528/528
f 453/453/453 520/520/520 524/524/524
f 452/452/452 523/523/523 520/520/520
f 453/453/453 524/524/524 518/518/518
f 454/454/454 528/528/528 527/527/527
f 456/456/456 535/535/535 532/532/532
f 488/488/488 604/604/604 514/514/514
f 604/604/604 488/488/488 506/506/506
f 604/604/604 506/506/506 489/489/489
f 489/489/489 605/605/605 604/604/604
f 605/605/605 486/486/486 475/475/475
f 475/475/475 441/441/441 605/605/605
f 489/489/489 497/497/497 605/605/605
f 605/605/605 497/497/497 474/474/474
f 441/441/441 477/477/477 599/599/599
f 451/451/451 517/517/517 513/513/513
f 450/450/450 516/516/516 515/515/515
f 451/451/451 515/515/515 517/517/517
f 605/605/605 474/474/474 486/486/486
f 441/441/441 475/475/475 477/477/477
f 450/450/450 505/505/505 516/516/516
f 480/480/480 599/599/599 477/477/477
f 604/604/604 509/509/509 514/514/514
f 452/452/452 513/513/513 523/523/523
f 456/456/456 532/532/532 457/457/457
f 454/454/454 527/527/527 455/455/455
f 456/456/456 455/455/455 525/525/525
f 451/451/451 450/450/450 515/515/515
f 452/452/452 520/520/520 453/453/453
f 451/451/451 513/513/513 452/452/452
f 518/518/518 454/454/454 453/453/453
f 505/505/505 449/449/449 512/512/512
f 505/505/505 450/450/450 449/449/449
f 510/510/510 512/512/512 449/449/449
f 510/510/510 449/449/449 448/448/448
f 510/510/510 448/448/448 511/511/511
f 447/447/447 504/504/504 502/502/502
f 499/499/499 447/447/447 446/446/446
f 504/504/504 447/447/447 499/499/499
f 501/501/501 499/499/499 446/446/446
f 448/448/448 447/447/447 502/502/502
f 448/448/448 502/502/502 511/511/511
f 445/445/445 495/495/495 493/493/493
f 444/444/444 492/492/492 490/490/490
f 445/445/445 490/490/490 495/495/495
f 477/477/477 478/478/478 480/480/480
f 443/443/443 484/484/484 482/482/482
f 443/443/443 479/479/479 484/484/484
f 444/444/444 482/482/482 492/492/492
f 446/446/446 445/445/445 493/493/493
f 481/481/481 479/479/479 596/596/596
f 444/444/444 490/490/490 445/445/445
f 443/443/443 482/482/482 444/444/444
f 479/479/479 443/443/443 596/596/596
f 595/595/595 598/598/598 442/442/442
f 596/596/596 442/442/442 598/598/598
f 597/597/597 598/598/598 595/595/595
f 597/597/597 599/599/599 480/480/480
f 443/443/443 442/442/442 596/596/596
f 597/597/597 480/480/480 481/481/481
f 597/597/597 595/595/595 599/599/599
f 501/501/501 446/446/446 493/493/493
f 530/530/530 457/457/457 536/536/536
f 778/778/778 777/777/777 775/775/775
f 775/775/775 776/776/776 778/778/778
f 770/770/770 765/765/765 777/777/777
f 777/777/777 778/778/778 770/770/770
f 773/773/773 780/780/780 779/779/779
f 776/776/776 775/775/775 779/779/779
f 779/779/779 780/780/780 776/776/776
f 779/779/779 768/768/768 773/773/773
f 774/774/774 779/779/779 775/775/775
f 768/768/768 779/779/779 774/774/774
f 777/777/777 774/774/774 775/775/775
f 748/748/748 777/777/777 765/765/765
f 774/774/774 777/777/777 748/748/748
f 783/783/783 781/781/781 782/782/782
f 768/768/768 783/783/783 773/773/773
f 781/781/781 783/783/783 768/768/768
f 761/761/761 760/760/760 758/758/758
f 758/758/758 759/759/759 761/761/761
f 753/753/753 745/745/745 760/760/760
f 760/760/760 761/761/761 753/753/753
f 764/764/764 763/763/763 756/756/756
f 756/756/756 762/762/762 764/764/764
f 759/759/759 758/758/758 763/763/763
f 763/763/763 764/764/764 759/759/759
f 763/763/763 749/749/749 756/756/756
f 757/757/757 763/763/763 758/758/758
f 749/749/749 763/763/763 757/757/757
f 760/760/760 757/757/757 758/758/758
f 728/728/728 760/760/760 745/745/745
f 757/757/757 760/760/760 728/728/728
f 772/772/772 771/771/771 765/765/765
f 765/765/765 770/770/770 772/772/772
f 769/769/769 767/767/767 771/771/771
f 771/771/771 772/772/772 769/769/769
f 771/771/771 748/748/748 765/765/765
f 766/766/766 771/771/771 767/767/767
f 748/748/748 771/771/771 766/766/766
f 756/756/756 749/749/749 766/766/766
f 766/766/766 767/767/767 756/756/756
f 741/741/741 740/740/740 738/738/738
f 738/738/738 739/739/739 741/741/741
f 733/733/733 725/725/725 740/740/740
f 740/740/740 741/741/741 733/733/733
f 744/744/744 743/743/743 736/736/736
f 736/736/736 742/742/742 744/744/744
f 739/739/739 738/738/738 743/743/743
f 743/743/743 744/744/744 739/739/739
f 743/743/743 729/729/729 736/736/736
f 737/737/737 743/743/743 738/738/738
f 729/729/729 743/743/743 737/737/737
f 740/740/740 737/737/737 738/738/738
f 708/708/708 740/740/740 725/725/725
f 737/737/737 740/740/740 708/708/708
f 752/752/752 751/751/751 747/747/747
f 747/747/747 750/750/750 752/752/752
f 742/742/742 736/736/736 751/751/751
f 751/751/751 752/752/752 742/742/742
f 755/755/755 754/754/754 745/745/745
f 745/745/745 753/753/753 755/755/755
f 750/750/750 747/747/747 754/754/754
f 754/754/754 755/755/755 750/750/750
f 754/754/754 728/728/728 745/745/745
f 746/746/746 754/754/754 747/747/747
f 728/728/728 754/754/754 746/746/746
f 751/751/751 746/746/746 747/747/747
f 729/729/729 751/751/751 736/736/736
f 746/746/746 751/751/751 729/729/729
f 721/721/721 720/720/720 718/718/718
f 718/718/718 719/719/719 721/721/721
f 713/713/713 705/705/705 720/720/720
f 720/720/720 721/721/721 713/713/713
f 724/724/724 723/723/723 716/716/716
f 716/716/716 722/722/722 724/724/724
f 719/719/719 718/718/718 723/723/723
f 723/723/723 724/724/724 719/719/719
f 723/723/723 709/709/709 716/716/716
f 717/717/717 723/723/723 718/718/718
f 709/709/709 723/723/723 717/717/717
f 720/720/720 717/717/717 718/718/718
f 688/688/688 720/720/720 705/705/705
f 717/717/717 720/720/720 688/688/688
f 732/732/732 731/731/731 727/727/727
f 727/727/727 730/730/730 732/732/732
f 722/722/722 716/716/716 731/731/731
f 731/731/731 732/732/732 722/722/722
f 735/735/735 734/734/734 725/725/725
f 725/725/725 733/733/733 735/735/735
f 730/730/730 727/727/727 734/734/734
f 734/734/734 735/735/735 730/730/730
f 734/734/734 708/708/708 725/725/725
f 726/726/726 734/734/734 727/727/727
f 708/708/708 734/734/734 726/726/726
f 731/731/731 726/726/726 727/727/727
f 709/709/709 731/731/731 716/716/716
f 726/726/726 731/731/731 709/709/709
f 701/701/701 700/700/700 698/698/698
f 698/698/698 699/699/699 701/701/701
f 693/693/693 685/685/685 700/700/700
f 700/700/700 701/701/701 693/693/693
f 704/704/704 703/703/703 696/696/696
f 696/696/696 702/702/702 704/704/704
f 699/699/699 698/698/698 703/703/703
f 703/703/703 704/704/704 699/699/699
f 703/703/703 689/689/689 696/696/696
f 697/697/697 703/703/703 698/698/698
f 689/689/689 703/703/703 697/697/697
f 700/700/700 697/697/697 698/698/698
f 668/668/668 700/700/700 685/685/685
f 697/697/697 700/700/700 668/668/668
f 712/712/712 711/711/711 707/707/707
f 707/707/707 710/710/710 712/712/712
f 702/702/702 696/696/696 711/711/711
f 711/711/711 712/712/712 702/702/702
f 715/715/715 714/714/714 705/705/705
f 705/705/705 713/713/713 715/715/715
f 710/710/710 707/707/707 714/714/714
f 714/714/714 715/715/715 710/710/710
f 714/714/714 688/688/688 705/705/705
f 706/706/706 714/714/714 707/707/707
f 688/688/688 714/714/714 706/706/706
f 711/711/711 706/706/706 707/707/707
f 689/689/689 711/711/711 696/696/696
f 706/706/706 711/711/711 689/689/689
f 681/681/681 680/680/680 678/678/678
f 678/678/678 679/679/679 681/681/681
f 673/673/673 665/665/665 680/680/680
f 680/680/680 681/681/681 673/673/673
f 684/684/684 683/683/683 676/676/676
f 676/676/676 682/682/682 684/684/684
f 679/679/679 678/678/678 683/683/683
f 683/683/683 684/684/684 679/679/679
f 683/683/683 669/669/669 676/676/676
f 677/677/677 683/683/683 678/678/678
f 669/669/669 683/683/683 677/677/677
f 680/680/680 677/677/677 678/678/678
f 649/649/649 680/680/680 665/665/665
f 677/677/677 680/680/680 649/649/649
f 692/692/692 691/691/691 687/687/687
f 687/687/687 690/690/690 692/692/692
f 682/682/682 676/676/676 691/691/691
f 691/691/691 692/692/692 682/682/682
f 695/695/695 694/694/694 685/685/685
f 685/685/685 693/693/693 695/695/695
f 690/690/690 687/687/687 694/694/694
f 694/694/694 695/695/695 690/690/690
f 694/694/694 668/668/668 685/685/685
f 686/686/686 694/694/694 687/687/687
f 668/668/668 694/694/694 686/686/686
f 691/691/691 686/686/686 687/687/687
f 669/669/669 691/691/691 676/676/676
f 686/686/686 691/691/691 669/669/669
f 661/661/661 660/660/660 658/658/658
f 658/658/658 659/659/659 661/661/661
f 653/653/653 646/646/646 660/660/660
f 660/660/660 661/661/661 653/653/653
f 664/664/664 663/663/663 656/656/656
f 656/656/656 662/662/662 664/664/664
f 659/659/659 658/658/658 663/663/663
f 663/663/663 664/664/664 659/659/659
f 663/663/663 650/650/650 656/656/656
f 657/657/657 663/663/663 658/658/658
f 650/650/650 663/663/663 657/657/657
f 660/660/660 657/657/657 658/658/658
f 640/640/640 660/660/660 646/646/646
f 657/657/657 660/660/660 640/640/640
f 672/672/672 671/671/671 667/667/667
f 667/667/667 670/670/670 672/672/672
f 662/662/662 656/656/656 671/671/671
f 671/671/671 672/672/672 662/662/662
f 675/675/675 674/674/674 665/665/665
f 665/665/665 673/673/673 675/675/675
f 670/670/670 667/667/667 674/674/674
f 674/674/674 675/675/675 670/670/670
f 674/674/674 649/649/649 665/665/665
f 666/666/666 674/674/674 667/667/667
f 649/649/649 674/674/674 666/666/666
f 671/671/671 666/666/666 667/667/667
f 650/650/650 671/671/671 656/656/656
f 666/666/666 671/671/671 650/650/650
f 645/645/645 641/641/641 642/642/642
f 643/643/643 645/645/645 644/644/644
f 641/641/641 645/645/645 643/643/643
f 655/655/655 654/654/654 646/646/646
f 646/646/646 653/653/653 655/655/655
f 651/651/651 648/648/648 654/654/654
f 654/654/654 655/655/655 651/651/651
f 654/654/654 640/640/640 646/646/646
f 647/647/647 654/654/654 648/648/648
f 640/640/640 654/654/654 647/647/647
f 652/652/652 647/647/647 648/648/648
f 641/641/641 652/652/652 642/642/642
f 647/647/647 652/652/652 641/641/641
f 781/781/781 606/606/606 609/609/609
f 606/606/606 781/781/781 768/768/768
f 606/606/606 768/768/768 774/774/774
f 774/774/774 786/786/786 606/606/606
f 781/781/781 609/609/609 608/608/608
f 608/608/608 782/782/782 781/781/781
f 748/748/748 786/786/786 774/774/774
f 786/786/786 748/748/748 766/766/766
f 766/766/766 749/749/749 786/786/786
f 782/782/782 608/608/608 639/639/639
f 783/783/783 638/638/638 773/773/773
f 783/783/783 782/782/782 639/639/639
f 637/637/637 776/776/776 780/780/780
f 636/636/636 770/770/770 778/778/778
f 636/636/636 772/772/772 770/770/770
f 637/637/637 778/778/778 776/776/776
f 638/638/638 780/780/780 773/773/773
f 757/757/757 786/786/786 749/749/749
f 787/787/787 728/728/728 746/746/746
f 728/728/728 787/787/787 757/757/757
f 787/787/787 737/737/737 708/708/708
f 708/708/708 788/788/788 787/787/787
f 787/787/787 729/729/729 737/737/737
f 746/746/746 729/729/729 787/787/787
f 757/757/757 787/787/787 786/786/786
f 756/756/756 767/767/767 769/769/769
f 769/769/769 762/762/762 756/756/756
f 635/635/635 762/762/762 769/769/769
f 788/788/788 708/708/708 726/726/726
f 788/788/788 709/709/709 717/717/717
f 788/788/788 717/717/717 688/688/688
f 709/709/709 788/788/788 726/726/726
f 688/688/688 789/789/789 788/788/788
f 635/635/635 769/769/769 772/772/772
f 633/633/633 759/759/759 764/764/764
f 632/632/632 753/753/753 761/761/761
f 633/633/633 761/761/761 759/759/759
f 631/631/631 750/750/750 755/755/755
f 630/630/630 752/752/752 631/631/631
f 631/631/631 752/752/752 750/750/750
f 632/632/632 755/755/755 753/753/753
f 637/637/637 780/780/780 638/638/638
f 636/636/636 778/778/778 637/637/637
f 639/639/639 638/638/638 783/783/783
f 635/635/635 634/634/634 762/762/762
f 633/633/633 632/632/632 761/761/761
f 764/764/764 634/634/634 633/633/633
f 636/636/636 635/635/635 772/772/772
f 632/632/632 631/631/631 755/755/755
f 630/630/630 742/742/742 752/752/752
f 634/634/634 764/764/764 762/762/762
f 629/629/629 739/739/739 744/744/744
f 628/628/628 733/733/733 741/741/741
f 629/629/629 741/741/741 739/739/739
f 627/627/627 730/730/730 735/735/735
f 626/626/626 722/722/722 732/732/732
f 627/627/627 732/732/732 730/730/730
f 628/628/628 735/735/735 733/733/733
f 741/741/741 629/629/629 628/628/628
f 735/735/735 628/628/628 627/627/627
f 629/629/629 744/744/744 630/630/630
f 625/625/625 719/719/719 724/724/724
f 626/626/626 625/625/625 724/724/724
f 721/721/721 719/719/719 625/625/625
f 624/624/624 721/721/721 625/625/625
f 732/732/732 627/627/627 626/626/626
f 626/626/626 724/724/724 722/722/722
f 742/742/742 630/630/630 744/744/744
f 689/689/689 789/789/789 706/706/706
f 789/789/789 689/689/689 697/697/697
f 697/697/697 668/668/668 789/789/789
f 686/686/686 790/790/790 668/668/668
f 789/789/789 668/668/668 790/790/790
f 790/790/790 686/686/686 669/669/669
f 669/669/669 677/677/677 790/790/790
f 624/624/624 715/715/715 713/713/713
f 623/623/623 712/712/712 710/710/710
f 623/623/623 710/710/710 715/715/715
f 621/621/621 699/699/699 704/704/704
f 621/621/621 701/701/701 699/699/699
f 622/622/622 704/704/704 702/702/702
f 622/622/622 702/702/702 712/712/712
f 677/677/677 649/649/649 790/790/790
f 789/789/789 688/688/688 706/706/706
f 666/666/666 790/790/790 649/649/649
f 791/791/791 650/650/650 657/657/657
f 650/650/650 791/791/791 666/666/666
f 647/647/647 791/791/791 640/640/640
f 784/784/784 607/607/607 643/643/643
f 791/791/791 647/647/647 641/641/641
f 641/641/641 607/607/607 791/791/791
f 657/657/657 640/640/640 791/791/791
f 666/666/666 791/791/791 790/790/790
f 652/652/652 648/648/648 651/651/651
f 644/644/644 645/645/645 792/792/792
f 644/644/644 785/785/785 784/784/784
f 784/784/784 643/643/643 644/644/644
f 610/610/610 645/645/645 642/642/642
f 610/610/610 642/642/642 652/652/652
f 643/643/643 607/607/607 641/641/641
f 644/644/644 792/792/792 785/785/785
f 620/620/620 695/695/695 693/693/693
f 619/619/619 692/692/692 690/690/690
f 619/619/619 690/690/690 695/695/695
f 618/618/618 684/684/684 682/682/682
f 617/617/617 681/681/681 679/679/679
f 617/617/617 679/679/679 684/684/684
f 618/618/618 682/682/682 692/692/692
f 621/621/621 704/704/704 622/622/622
f 623/623/623 622/622/622 712/712/712
f 715/715/715 624/624/624 623/623/623
f 673/673/673 681/681/681 616/616/616
f 684/684/684 618/618/618 617/617/617
f 695/695/695 620/620/620 619/619/619
f 619/619/619 618/618/618 692/692/692
f 620/620/620 701/701/701 621/621/621
f 616/616/616 681/681/681 617/617/617
f 693/693/693 701/701/701 620/620/620
f 615/615/615 670/670/670 675/675/675
f 614/614/614 662/662/662 672/672/672
f 615/615/615 672/672/672 670/670/670
f 613/613/613 659/659/659 664/664/664
f 612/612/612 653/653/653 661/661/661
f 612/612/612 655/655/655 653/653/653
f 613/613/613 661/661/661 659/659/659
f 614/614/614 664/664/664 662/662/662
f 664/664/664 614/614/614 613/613/613
f 614/614/614 672/672/672 615/615/615
f 616/616/616 615/615/615 675/675/675
f 652/652/652 611/611/611 610/610/610
f 792/792/792 645/645/645 610/610/610
f 655/655/655 612/612/612 611/611/611
f 611/611/611 652/652/652 651/651/651
f 661/661/661 613/613/613 612/612/612
f 655/655/655 611/611/611 651/651/651
f 673/673/673 616/616/616 675/675/675
f 721/721/721 624/624/624 713/713/713
f 893/893/893 892/892/892 889/889/889
f 889/889/889 891/891/891 893/893/893
f 890/890/890 880/880/880 892/892/892
f 892/892/892 893/893/893 890/890/890
f 896/896/896 895/895/895 887/887/887
f 887/887/887 894/894/894 896/896/896
f 891/891/891 889/889/889 895/895/895
f 895/895/895 896/896/896 891/891/891
f 895/895/895 883/883/883 887/887/887
f 888/888/888 895/895/895 889/889/889
f 883/883/883 895/895/895 888/888/888
f 892/892/892 888/888/888 889/889/889
f 865/865/865 892/892/892 880/880/880
f 888/888/888 892/892/892 865/865/865
f 901/901/901 900/900/900 898/898/898
f 898/898/898 899/899/899 901/901/901
f 894/894/894 887/887/887 900/900/900
f 900/900/900 901/901/901 894/894/894
f 899/899/899 898/898/898 902/902/902
f 902/902/902 903/903/903 899/899/899
f 900/900/900 897/897/897 898/898/898
f 883/883/883 900/900/900 887/887/887
f 897/897/897 900/900/900 883/883/883
f 876/876/876 875/875/875 872/872/872
f 872/872/872 874/874/874 876/876/876
f 873/873/873 862/862/862 875/875/875
f 875/875/875 876/876/876 873/873/873
f 879/879/879 878/878/878 870/870/870
f 870/870/870 877/877/877 879/879/879
f 874/874/874 872/872/872 878/878/878
f 878/878/878 879/879/879 874/874/874
f 878/878/878 866/866/866 870/870/870
f 871/871/871 878/878/878 872/872/872
f 866/866/866 878/878/878 871/871/871
f 875/875/875 871/871/871 872/872/872
f 847/847/847 875/875/875 862/862/862
f 871/871/871 875/875/875 847/847/847
f 886/886/886 885/885/885 882/882/882
f 882/882/882 884/884/884 886/886/886
f 877/877/877 870/870/870 885/885/885
f 885/885/885 886/886/886 877/877/877
f 882/882/882 881/881/881 865/865/865
f 865/865/865 880/880/880 882/882/882
f 885/885/885 881/881/881 882/882/882
f 866/866/866 885/885/885 870/870/870
f 881/881/881 885/885/885 866/866/866
f 858/858/858 857/857/857 854/854/854
f 854/854/854 856/856/856 858/858/858
f 855/855/855 844/844/844 857/857/857
f 857/857/857 858/858/858 855/855/855
f 861/861/861 860/860/860 852/852/852
f 852/852/852 859/859/859 861/861/861
f 856/856/856 854/854/854 860/860/860
f 860/860/860 861/861/861 856/856/856
f 860/860/860 848/848/848 852/852/852
f 853/853/853 860/860/860 854/854/854
f 848/848/848 860/860/860 853/853/853
f 857/857/857 853/853/853 854/854/854
f 832/832/832 857/857/857 844/844/844
f 853/853/853 857/857/857 832/832/832
f 869/869/869 868/868/868 864/864/864
f 864/864/864 867/867/867 869/869/869
f 859/859/859 852/852/852 868/868/868
f 868/868/868 869/869/869 859/859/859
f 864/864/864 863/863/863 847/847/847
f 847/847/847 862/862/862 864/864/864
f 868/868/868 863/863/863 864/864/864
f 848/848/848 868/868/868 852/852/852
f 863/863/863 868/868/868 848/848/848
f 840/840/840 839/839/839 836/836/836
f 836/836/836 838/838/838 840/840/840
f 837/837/837 829/829/829 839/839/839
f 839/839/839 840/840/840 837/837/837
f 843/843/843 842/842/842 834/834/834
f 834/834/834 841/841/841 843/843/843
f 838/838/838 836/836/836 842/842/842
f 842/842/842 843/843/843 838/838/838
f 842/842/842 833/833/833 834/834/834
f 835/835/835 842/842/842 836/836/836
f 833/833/833 842/842/842 835/835/835
f 839/839/839 835/835/835 836/836/836
f 817/817/817 839/839/839 829/829/829
f 835/835/835 839/839/839 817/817/817
f 851/851/851 850/850/850 846/846/846
f 846/846/846 849/849/849 851/851/851
f 841/841/841 834/834/834 850/850/850
f 850/850/850 851/851/851 841/841/841
f 846/846/846 845/845/845 832/832/832
f 832/832/832 844/844/844 846/846/846
f 850/850/850 845/845/845 846/846/846
f 833/833/833 850/850/850 834/834/834
f 845/845/845 850/850/850 833/833/833
f 825/825/825 824/824/824 821/821/821
f 821/821/821 823/823/823 825/825/825
f 822/822/822 814/814/814 824/824/824
f 824/824/824 825/825/825 822/822/822
f 828/828/828 827/827/827 819/819/819
f 819/819/819 826/826/826 828/828/828
f 823/823/823 821/821/821 827/827/827
f 827/827/827 828/828/828 823/823/823
f 827/827/827 818/818/818 819/819/819
f 820/820/820 827/827/827 821/821/821
f 818/818/818 827/827/827 820/820/820
f 824/824/824 820/820/820 821/821/821
f 811/811/811 824/824/824 814/814/814
f 820/820/820 824/824/824 811/811/811
f 831/831/831 830/830/830 817/817/817
f 817/817/817 829/829/829 831/831/831
f 819/819/819 818/818/818 830/830/830
f 830/830/830 831/831/831 819/819/819
f 942/942/942 941/941/941 812/812/812
f 812/812/812 813/813/813 942/942/942
f 938/938/938 810/810/810 941/941/941
f 941/941/941 942/942/942 938/938/938
f 816/816/816 815/815/815 811/811/811
f 811/811/811 814/814/814 816/816/816
f 813/813/813 812/812/812 815/815/815
f 815/815/815 816/816/816 813/813/813
f 940/940/940 939/939/939 810/810/810
f 810/810/810 938/938/938 940/940/940
f 937/937/937 936/936/936 939/939/939
f 939/939/939 940/940/940 937/937/937
f 932/932/932 931/931/931 929/929/929
f 929/929/929 930/930/930 932/932/932
f 925/925/925 920/920/920 931/931/931
f 931/931/931 932/932/932 925/925/925
f 935/935/935 934/934/934 928/928/928
f 928/928/928 933/933/933 935/935/935
f 930/930/930 929/929/929 934/934/934
f 934/934/934 935/935/935 930/930/930
f 924/924/924 923/923/923 921/921/921
f 921/921/921 922/922/922 924/924/924
f 917/917/917 912/912/912 923/923/923
f 923/923/923 924/924/924 917/917/917
f 927/927/927 926/926/926 920/920/920
f 920/920/920 925/925/925 927/927/927
f 922/922/922 921/921/921 926/926/926
f 926/926/926 927/927/927 922/922/922
f 916/916/916 915/915/915 913/913/913
f 913/913/913 914/914/914 916/916/916
f 919/919/919 918/918/918 912/912/912
f 912/912/912 917/917/917 919/919/919
f 914/914/914 913/913/913 918/918/918
f 918/918/918 919/919/919 914/914/914
f 897/897/897 944/944/944 943/943/943
f 897/897/897 902/902/902 898/898/898
f 943/943/943 902/902/902 897/897/897
f 897/897/897 883/883/883 944/944/944
f 902/902/902 943/943/943 793/793/793
f 944/944/944 883/883/883 888/888/888
f 865/865/865 881/881/881 947/947/947
f 947/947/947 888/888/888 865/865/865
f 944/944/944 888/888/888 947/947/947
f 809/809/809 901/901/901 899/899/899
f 809/809/809 899/899/899 903/903/903
f 808/808/808 891/891/891 896/896/896
f 807/807/807 893/893/893 891/891/891
f 808/808/808 896/896/896 894/894/894
f 809/809/809 894/894/894 901/901/901
f 903/903/903 902/902/902 793/793/793
f 871/871/871 947/947/947 866/866/866
f 947/947/947 871/871/871 847/847/847
f 947/947/947 847/847/847 863/863/863
f 863/863/863 948/948/948 947/947/947
f 848/848/848 948/948/948 863/863/863
f 948/948/948 848/848/848 853/853/853
f 853/853/853 832/832/832 948/948/948
f 882/882/882 880/880/880 890/890/890
f 890/890/890 884/884/884 882/882/882
f 948/948/948 845/845/845 833/833/833
f 949/949/949 833/833/833 835/835/835
f 845/845/845 948/948/948 832/832/832
f 864/864/864 862/862/862 873/873/873
f 873/873/873 867/867/867 864/864/864
f 949/949/949 948/948/948 833/833/833
f 947/947/947 881/881/881 866/866/866
f 846/846/846 844/844/844 855/855/855
f 855/855/855 849/849/849 846/846/846
f 807/807/807 884/884/884 890/890/890
f 806/806/806 877/877/877 886/886/886
f 806/806/806 886/886/886 884/884/884
f 805/805/805 874/874/874 879/879/879
f 804/804/804 873/873/873 876/876/876
f 804/804/804 876/876/876 874/874/874
f 805/805/805 879/879/879 877/877/877
f 807/807/807 891/891/891 808/808/808
f 809/809/809 808/808/808 894/894/894
f 903/903/903 793/793/793 809/809/809
f 873/873/873 804/804/804 803/803/803
f 869/869/869 867/867/867 803/803/803
f 877/877/877 806/806/806 805/805/805
f 805/805/805 804/804/804 874/874/874
f 884/884/884 807/807/807 806/806/806
f 803/803/803 867/867/867 873/873/873
f 893/893/893 807/807/807 890/890/890
f 803/803/803 802/802/802 859/859/859
f 802/802/802 856/856/856 861/861/861
f 802/802/802 861/861/861 859/859/859
f 801/801/801 855/855/855 858/858/858
f 800/800/800 851/851/851 849/849/849
f 801/801/801 849/849/849 855/855/855
f 801/801/801 858/858/858 856/856/856
f 799/799/799 841/841/841 800/800/800
f 849/849/849 801/801/801 800/800/800
f 801/801/801 856/856/856 802/802/802
f 800/800/800 841/841/841 851/851/851
f 799/799/799 838/838/838 843/843/843
f 799/799/799 798/798/798 838/838/838
f 840/840/840 838/838/838 798/798/798
f 840/840/840 798/798/798 837/837/837
f 841/841/841 799/799/799 843/843/843
f 869/869/869 803/803/803 859/859/859
f 830/830/830 949/949/949 817/817/817
f 835/835/835 817/817/817 949/949/949
f 949/949/949 830/830/830 818/818/818
f 818/818/818 820/820/820 949/949/949
f 820/820/820 811/811/811 949/949/949
f 950/950/950 949/949/949 811/811/811
f 950/950/950 811/811/811 815/815/815
f 815/815/815 812/812/812 950/950/950
f 837/837/837 831/831/831 829/829/829
f 826/826/826 819/819/819 831/831/831
f 950/950/950 812/812/812 941/941/941
f 950/950/950 810/810/810 939/939/939
f 810/810/810 950/950/950 941/941/941
f 822/822/822 816/816/816 814/814/814
f 939/939/939 936/936/936 950/950/950
f 928/928/928 951/951/951 936/936/936
f 950/950/950 936/936/936 951/951/951
f 928/928/928 936/936/936 937/937/937
f 937/937/937 933/933/933 928/928/928
f 951/951/951 928/928/928 934/934/934
f 934/934/934 929/929/929 951/951/951
f 952/952/952 918/918/918 913/913/913
f 913/913/913 945/945/945 952/952/952
f 945/945/945 915/915/915 946/946/946
f 951/951/951 931/931/931 920/920/920
f 920/920/920 952/952/952 951/951/951
f 929/929/929 931/931/931 951/951/951
f 952/952/952 926/926/926 921/921/921
f 926/926/926 952/952/952 920/920/920
f 952/952/952 923/923/923 912/912/912
f 945/945/945 913/913/913 915/915/915
f 918/918/918 952/952/952 912/912/912
f 923/923/923 952/952/952 921/921/921
f 946/946/946 915/915/915 916/916/916
f 831/831/831 797/797/797 826/826/826
f 816/816/816 794/794/794 813/813/813
f 796/796/796 828/828/828 826/826/826
f 837/837/837 797/797/797 831/831/831
f 942/942/942 813/813/813 911/911/911
f 940/940/940 938/938/938 911/911/911
f 938/938/938 942/942/942 911/911/911
f 937/937/937 940/940/940 910/910/910
f 795/795/795 823/823/823 796/796/796
f 796/796/796 826/826/826 797/797/797
f 795/795/795 825/825/825 823/823/823
f 823/823/823 828/828/828 796/796/796
f 794/794/794 822/822/822 795/795/795
f 825/825/825 795/795/795 822/822/822
f 794/794/794 816/816/816 822/822/822
f 911/911/911 813/813/813 794/794/794
f 911/911/911 910/910/910 940/940/940
f 910/910/910 909/909/909 937/937/937
f 798/798/798 797/797/797 837/837/837
f 909/909/909 935/935/935 933/933/933
f 908/908/908 932/932/932 930/930/930
f 908/908/908 930/930/930 935/935/935
f 907/907/907 927/927/927 925/925/925
f 906/906/906 924/924/924 922/922/922
f 906/906/906 917/917/917 924/924/924
f 907/907/907 922/922/922 927/927/927
f 908/908/908 925/925/925 932/932/932
f 925/925/925 908/908/908 907/907/907
f 922/922/922 907/907/907 906/906/906
f 908/908/908 935/935/935 909/909/909
f 905/905/905 914/914/914 919/919/919
f 904/904/904 916/916/916 905/905/905
f 914/914/914 905/905/905 916/916/916
f 946/946/946 916/916/916 904/904/904
f 917/917/917 906/906/906 905/905/905
f 905/905/905 919/919/919 917/917/917
f 937/937/937 909/909/909 933/933/933
f 1231/1231/1231 1136/1136/1136 953/953/953
f 1137/1137/1137 1139/1139/1139 1231/1231/1231
f 953/953/953 1137/1137/1137 1231/1231/1231
f 1132/1132/1132 1115/1115/1115 1173/1173/1173
f 1173/1173/1173 1139/1139/1139 1137/1137/1137
f 1137/1137/1137 1022/1022/1022 1132/1132/1132
f 1132/1132/1132 1173/1173/1173 1137/1137/1137
f 1139/1139/1139 1173/1173/1173 1174/1174/1174
f 1174/1174/1174 1172/1172/1172 1139/1139/1139
f 1179/1179/1179 1174/1174/1174 1173/1173/1173
f 1115/1115/1115 1147/1147/1147 1179/1179/1179
f 1173/1173/1173 1115/1115/1115 1179/1179/1179
f 1174/1174/1174 1179/1179/1179 1181/1181/1181
f 1181/1181/1181 1178/1178/1178 1174/1174/1174
f 1207/1207/1207 1181/1181/1181 1179/1179/1179
f 1147/1147/1147 1180/1180/1180 1207/1207/1207
f 1179/1179/1179 1147/1147/1147 1207/1207/1207
f 1181/1181/1181 1207/1207/1207 1209/1209/1209
f 1209/1209/1209 1206/1206/1206 1181/1181/1181
f 1207/1207/1207 1180/1180/1180 1208/1208/1208
f 1208/1208/1208 1209/1209/1209 1207/1207/1207
f 1218/1218/1218 1176/1176/1176 1209/1209/1209
f 1208/1208/1208 1114/1114/1114 1218/1218/1218
f 1209/1209/1209 1208/1208/1208 1218/1218/1218
f 1203/1203/1203 1171/1171/1171 1206/1206/1206
f 1209/1209/1209 1176/1176/1176 1203/1203/1203
f 1206/1206/1206 1209/1209/1209 1203/1203/1203
f 1206/1206/1206 1171/1171/1171 1186/1186/1186
f 1186/1186/1186 1169/1169/1169 1178/1178/1178
f 1178/1178/1178 1181/1181/1181 1206/1206/1206
f 1206/1206/1206 1186/1186/1186 1178/1178/1178
f 1178/1178/1178 1169/1169/1169 1190/1190/1190
f 1190/1190/1190 1138/1138/1138 1172/1172/1172
f 1172/1172/1172 1174/1174/1174 1178/1178/1178
f 1178/1178/1178 1190/1190/1190 1172/1172/1172
f 1136/1136/1136 1231/1231/1231 1232/1232/1232
f 1232/1232/1232 1230/1230/1230 1136/1136/1136
f 1231/1231/1231 1139/1139/1139 1172/1172/1172
f 1172/1172/1172 1232/1232/1232 1231/1231/1231
f 1227/1227/1227 1193/1193/1193 1232/1232/1232
f 1172/1172/1172 1138/1138/1138 1227/1227/1227
f 1232/1232/1232 1172/1172/1172 1227/1227/1227
f 1230/1230/1230 1232/1232/1232 1193/1193/1193
f 1193/1193/1193 1113/1113/1113 1230/1230/1230
f 1022/1022/1022 1133/1133/1133 1135/1135/1135
f 1135/1135/1135 1132/1132/1132 1022/1022/1022
f 1133/1133/1133 1116/1116/1116 1118/1118/1118
f 1118/1118/1118 1135/1135/1135 1133/1133/1133
f 1128/1128/1128 1117/1117/1117 1150/1150/1150
f 1150/1150/1150 1134/1134/1134 1135/1135/1135
f 1135/1135/1135 1118/1118/1118 1128/1128/1128
f 1128/1128/1128 1150/1150/1150 1135/1135/1135
f 1132/1132/1132 1135/1135/1135 1134/1134/1134
f 1134/1134/1134 1115/1115/1115 1132/1132/1132
f 1141/1141/1141 1120/1120/1120 1129/1129/1129
f 1129/1129/1129 1118/1118/1118 1116/1116/1116
f 1116/1116/1116 1119/1119/1119 1141/1141/1141
f 1141/1141/1141 1129/1129/1129 1116/1116/1116
f 1119/1119/1119 1142/1142/1142 1143/1143/1143
f 1143/1143/1143 1141/1141/1141 1119/1119/1119
f 1120/1120/1120 1125/1125/1125 1127/1127/1127
f 1127/1127/1127 1124/1124/1124 1120/1120/1120
f 1124/1124/1124 1127/1127/1127 1126/1126/1126
f 1126/1126/1126 1123/1123/1123 1124/1124/1124
f 1118/1118/1118 1129/1129/1129 1131/1131/1131
f 1131/1131/1131 1128/1128/1128 1118/1118/1118
f 1124/1124/1124 1123/1123/1123 1131/1131/1131
f 1129/1129/1129 1120/1120/1120 1124/1124/1124
f 1131/1131/1131 1129/1129/1129 1124/1124/1124
f 1128/1128/1128 1131/1131/1131 1130/1130/1130
f 1130/1130/1130 1117/1117/1117 1128/1128/1128
f 1149/1149/1149 1148/1148/1148 1210/1210/1210
f 1210/1210/1210 1147/1147/1147 1115/1115/1115
f 1115/1115/1115 1134/1134/1134 1149/1149/1149
f 1149/1149/1149 1210/1210/1210 1115/1115/1115
f 1134/1134/1134 1150/1150/1150 1153/1153/1153
f 1153/1153/1153 1149/1149/1149 1134/1134/1134
f 1155/1155/1155 1153/1153/1153 1150/1150/1150
f 1117/1117/1117 1151/1151/1151 1155/1155/1155
f 1150/1150/1150 1117/1117/1117 1155/1155/1155
f 1153/1153/1153 1155/1155/1155 1158/1158/1158
f 1158/1158/1158 1154/1154/1154 1153/1153/1153
f 1161/1161/1161 1158/1158/1158 1155/1155/1155
f 1151/1151/1151 1156/1156/1156 1161/1161/1161
f 1155/1155/1155 1151/1151/1151 1161/1161/1161
f 1158/1158/1158 1161/1161/1161 1164/1164/1164
f 1164/1164/1164 1160/1160/1160 1158/1158/1158
f 1166/1166/1166 1164/1164/1164 1161/1161/1161
f 1156/1156/1156 1162/1162/1162 1166/1166/1166
f 1161/1161/1161 1156/1156/1156 1166/1166/1166
f 1164/1164/1164 1166/1166/1166 1167/1167/1167
f 1167/1167/1167 1165/1165/1165 1164/1164/1164
f 1165/1165/1165 1163/1163/1163 1157/1157/1157
f 1160/1160/1160 1164/1164/1164 1165/1165/1165
f 1157/1157/1157 1160/1160/1160 1165/1165/1165
f 1160/1160/1160 1157/1157/1157 1152/1152/1152
f 1154/1154/1154 1158/1158/1158 1160/1160/1160
f 1152/1152/1152 1154/1154/1154 1160/1160/1160
f 1154/1154/1154 1152/1152/1152 1148/1148/1148
f 1149/1149/1149 1153/1153/1153 1154/1154/1154
f 1148/1148/1148 1149/1149/1149 1154/1154/1154
f 1147/1147/1147 1210/1210/1210 1211/1211/1211
f 1211/1211/1211 1180/1180/1180 1147/1147/1147
f 1210/1210/1210 1148/1148/1148 1159/1159/1159
f 1159/1159/1159 1211/1211/1211 1210/1210/1210
f 1226/1226/1226 1194/1194/1194 1271/1271/1271
f 1271/1271/1271 1192/1192/1192 1113/1113/1113
f 1113/1113/1113 1193/1193/1193 1226/1226/1226
f 1226/1226/1226 1271/1271/1271 1113/1113/1113
f 1193/1193/1193 1227/1227/1227 1229/1229/1229
f 1229/1229/1229 1226/1226/1226 1193/1193/1193
f 1251/1251/1251 1229/1229/1229 1227/1227/1227
f 1138/1138/1138 1189/1189/1189 1251/1251/1251
f 1227/1227/1227 1138/1138/1138 1251/1251/1251
f 1229/1229/1229 1251/1251/1251 1253/1253/1253
f 1253/1253/1253 1250/1250/1250 1229/1229/1229
f 1251/1251/1251 1189/1189/1189 1221/1221/1221
f 1221/1221/1221 1253/1253/1253 1251/1251/1251
f 1246/1246/1246 1168/1168/1168 1252/1252/1252
f 1253/1253/1253 1221/1221/1221 1246/1246/1246
f 1252/1252/1252 1253/1253/1253 1246/1246/1246
f 1250/1250/1250 1253/1253/1253 1252/1252/1252
f 1252/1252/1252 1228/1228/1228 1250/1250/1250
f 1250/1250/1250 1228/1228/1228 1194/1194/1194
f 1226/1226/1226 1229/1229/1229 1250/1250/1250
f 1194/1194/1194 1226/1226/1226 1250/1250/1250
f 1277/1277/1277 1270/1270/1270 1192/1192/1192
f 1271/1271/1271 1272/1272/1272 1277/1277/1277
f 1192/1192/1192 1271/1271/1271 1277/1277/1277
f 1222/1222/1222 1189/1189/1189 1138/1138/1138
f 1190/1190/1190 1191/1191/1191 1222/1222/1222
f 1138/1138/1138 1190/1190/1190 1222/1222/1222
f 1185/1185/1185 1170/1170/1170 1240/1240/1240
f 1240/1240/1240 1191/1191/1191 1190/1190/1190
f 1190/1190/1190 1169/1169/1169 1185/1185/1185
f 1185/1185/1185 1240/1240/1240 1190/1190/1190
f 1259/1259/1259 1223/1223/1223 1191/1191/1191
f 1240/1240/1240 1241/1241/1241 1259/1259/1259
f 1191/1191/1191 1240/1240/1240 1259/1259/1259
f 1247/1247/1247 1221/1221/1221 1189/1189/1189
f 1222/1222/1222 1225/1225/1225 1247/1247/1247
f 1189/1189/1189 1222/1222/1222 1247/1247/1247
f 1237/1237/1237 1225/1225/1225 1222/1222/1222
f 1191/1191/1191 1223/1223/1223 1237/1237/1237
f 1222/1222/1222 1191/1191/1191 1237/1237/1237
f 1243/1243/1243 1236/1236/1236 1225/1225/1225
f 1237/1237/1237 1239/1239/1239 1243/1243/1243
f 1225/1225/1225 1237/1237/1237 1243/1243/1243
f 1257/1257/1257 1239/1239/1239 1237/1237/1237
f 1223/1223/1223 1238/1238/1238 1257/1257/1257
f 1237/1237/1237 1223/1223/1223 1257/1257/1257
f 1239/1239/1239 1257/1257/1257 1258/1258/1258
f 1258/1258/1258 1244/1244/1244 1239/1239/1239
f 1264/1264/1264 1242/1242/1242 1236/1236/1236
f 1243/1243/1243 1245/1245/1245 1264/1264/1264
f 1236/1236/1236 1243/1243/1243 1264/1264/1264
f 1255/1255/1255 1245/1245/1245 1243/1243/1243
f 1239/1239/1239 1244/1244/1244 1255/1255/1255
f 1243/1243/1243 1239/1239/1239 1255/1255/1255
f 1261/1261/1261 1254/1254/1254 1245/1245/1245
f 1255/1255/1255 1256/1256/1256 1261/1261/1261
f 1245/1245/1245 1255/1255/1255 1261/1261/1261
f 1254/1254/1254 1261/1261/1261 1262/1262/1262
f 1262/1262/1262 1260/1260/1260 1254/1254/1254
f 1242/1242/1242 1264/1264/1264 1265/1265/1265
f 1265/1265/1265 1263/1263/1263 1242/1242/1242
f 1264/1264/1264 1245/1245/1245 1254/1254/1254
f 1254/1254/1254 1265/1265/1265 1264/1264/1264
f 1224/1224/1224 1263/1263/1263 1265/1265/1265
f 1221/1221/1221 1247/1247/1247 1249/1249/1249
f 1249/1249/1249 1246/1246/1246 1221/1221/1221
f 1267/1267/1267 1249/1249/1249 1247/1247/1247
f 1225/1225/1225 1236/1236/1236 1267/1267/1267
f 1247/1247/1247 1225/1225/1225 1267/1267/1267
f 1249/1249/1249 1267/1267/1267 1269/1269/1269
f 1269/1269/1269 1266/1266/1266 1249/1249/1249
f 1267/1267/1267 1236/1236/1236 1242/1242/1242
f 1242/1242/1242 1269/1269/1269 1267/1267/1267
f 1263/1263/1263 1224/1224/1224 1268/1268/1268
f 1269/1269/1269 1242/1242/1242 1263/1263/1263
f 1268/1268/1268 1269/1269/1269 1263/1263/1263
f 1266/1266/1266 1269/1269/1269 1268/1268/1268
f 1268/1268/1268 1248/1248/1248 1266/1266/1266
f 1266/1266/1266 1248/1248/1248 1168/1168/1168
f 1246/1246/1246 1249/1249/1249 1266/1266/1266
f 1168/1168/1168 1246/1246/1246 1266/1266/1266
f 1169/1169/1169 1186/1186/1186 1188/1188/1188
f 1188/1188/1188 1185/1185/1185 1169/1169/1169
f 1202/1202/1202 1175/1175/1175 1188/1188/1188
f 1186/1186/1186 1171/1171/1171 1202/1202/1202
f 1188/1188/1188 1186/1186/1186 1202/1202/1202
f 1185/1185/1185 1188/1188/1188 1187/1187/1187
f 1187/1187/1187 1170/1170/1170 1185/1185/1185
f 1171/1171/1171 1203/1203/1203 1205/1205/1205
f 1205/1205/1205 1202/1202/1202 1171/1171/1171
f 1203/1203/1203 1176/1176/1176 1204/1204/1204
f 1204/1204/1204 1205/1205/1205 1203/1203/1203
f 1199/1199/1199 1183/1183/1183 1205/1205/1205
f 1204/1204/1204 1177/1177/1177 1199/1199/1199
f 1205/1205/1205 1204/1204/1204 1199/1199/1199
f 1202/1202/1202 1205/1205/1205 1183/1183/1183
f 1183/1183/1183 1175/1175/1175 1202/1202/1202
f 1176/1176/1176 1218/1218/1218 1220/1220/1220
f 1220/1220/1220 1204/1204/1204 1176/1176/1176
f 1218/1218/1218 1114/1114/1114 1219/1219/1219
f 1219/1219/1219 1220/1220/1220 1218/1218/1218
f 1217/1217/1217 1177/1177/1177 1204/1204/1204
f 1220/1220/1220 1212/1212/1212 1217/1217/1217
f 1204/1204/1204 1220/1220/1220 1217/1217/1217
f 1198/1198/1198 1184/1184/1184 1182/1182/1182
f 1175/1175/1175 1183/1183/1183 1198/1198/1198
f 1182/1182/1182 1175/1175/1175 1198/1198/1198
f 1183/1183/1183 1199/1199/1199 1201/1201/1201
f 1201/1201/1201 1198/1198/1198 1183/1183/1183
f 1214/1214/1214 1201/1201/1201 1199/1199/1199
f 1177/1177/1177 1200/1200/1200 1214/1214/1214
f 1199/1199/1199 1177/1177/1177 1214/1214/1214
f 1201/1201/1201 1214/1214/1214 1216/1216/1216
f 1216/1216/1216 1213/1213/1213 1201/1201/1201
f 1214/1214/1214 1200/1200/1200 1215/1215/1215
f 1215/1215/1215 1216/1216/1216 1214/1214/1214
f 1184/1184/1184 1198/1198/1198 1201/1201/1201
f 1035/1035/1035 1033/1033/1033 1032/1032/1032
f 1032/1032/1032 1034/1034/1034 1035/1035/1035
f 1027/1027/1027 1035/1035/1035 1034/1034/1034
f 1034/1034/1034 1019/1019/1019 1027/1027/1027
f 1038/1038/1038 1036/1036/1036 1030/1030/1030
f 1030/1030/1030 1037/1037/1037 1038/1038/1038
f 1033/1033/1033 1038/1038/1038 1037/1037/1037
f 1037/1037/1037 1032/1032/1032 1033/1033/1033
f 1037/1037/1037 1030/1030/1030 1023/1023/1023
f 1031/1031/1031 1032/1032/1032 1037/1037/1037
f 1023/1023/1023 1031/1031/1031 1037/1037/1037
f 1034/1034/1034 1032/1032/1032 1031/1031/1031
f 975/975/975 1019/1019/1019 1034/1034/1034
f 1031/1031/1031 975/975/975 1034/1034/1034
f 1043/1043/1043 1041/1041/1041 1040/1040/1040
f 1040/1040/1040 1042/1042/1042 1043/1043/1043
f 1036/1036/1036 1043/1043/1043 1042/1042/1042
f 1042/1042/1042 1030/1030/1030 1036/1036/1036
f 1041/1041/1041 1045/1045/1045 1044/1044/1044
f 1044/1044/1044 1040/1040/1040 1041/1041/1041
f 1042/1042/1042 1040/1040/1040 1039/1039/1039
f 1023/1023/1023 1030/1030/1030 1042/1042/1042
f 1039/1039/1039 1023/1023/1023 1042/1042/1042
f 1023/1023/1023 1039/1039/1039 1122/1122/1122
f 1122/1122/1122 1121/1121/1121 1023/1023/1023
f 1122/1122/1122 1145/1145/1145 1146/1146/1146
f 1146/1146/1146 1144/1144/1144 1122/1122/1122
f 1144/1144/1144 1146/1146/1146 1119/1119/1119
f 1119/1119/1119 1116/1116/1116 1144/1144/1144
f 1144/1144/1144 1116/1116/1116 1133/1133/1133
f 1133/1133/1133 1022/1022/1022 1121/1121/1121
f 1121/1121/1121 1122/1122/1122 1144/1144/1144
f 1144/1144/1144 1133/1133/1133 1121/1121/1121
f 1137/1137/1137 1031/1031/1031 1121/1121/1121
f 1031/1031/1031 1023/1023/1023 1121/1121/1121
f 1121/1121/1121 1022/1022/1022 1137/1137/1137
f 1137/1137/1137 953/953/953 975/975/975
f 975/975/975 1031/1031/1031 1137/1137/1137
f 954/954/954 1368/1368/1368 1369/1369/1369
f 1369/1369/1369 1367/1367/1367 954/954/954
f 1368/1368/1368 976/976/976 1233/1233/1233
f 1233/1233/1233 1369/1369/1369 1368/1368/1368
f 1365/1365/1365 1285/1285/1285 1369/1369/1369
f 1233/1233/1233 1140/1140/1140 1365/1365/1365
f 1369/1369/1369 1233/1233/1233 1365/1365/1365
f 1408/1408/1408 986/986/986 1367/1367/1367
f 1369/1369/1369 1285/1285/1285 1408/1408/1408
f 1367/1367/1367 1369/1369/1369 1408/1408/1408
f 976/976/976 1234/1234/1234 1235/1235/1235
f 1235/1235/1235 1233/1233/1233 976/976/976
f 1234/1234/1234 953/953/953 1136/1136/1136
f 1136/1136/1136 1235/1235/1235 1234/1234/1234
f 1230/1230/1230 1113/1113/1113 1274/1274/1274
f 1274/1274/1274 1196/1196/1196 1235/1235/1235
f 1235/1235/1235 1136/1136/1136 1230/1230/1230
f 1230/1230/1230 1274/1274/1274 1235/1235/1235
f 1293/1293/1293 1140/1140/1140 1233/1233/1233
f 1235/1235/1235 1196/1196/1196 1293/1293/1293
f 1233/1233/1233 1235/1235/1235 1293/1293/1293
f 1362/1362/1362 1292/1292/1292 1140/1140/1140
f 1293/1293/1293 1294/1294/1294 1362/1362/1362
f 1140/1140/1140 1293/1293/1293 1362/1362/1362
f 1351/1351/1351 1294/1294/1294 1293/1293/1293
f 1196/1196/1196 1273/1273/1273 1351/1351/1351
f 1293/1293/1293 1196/1196/1196 1351/1351/1351
f 1294/1294/1294 1351/1351/1351 1352/1352/1352
f 1352/1352/1352 1350/1350/1350 1294/1294/1294
f 1351/1351/1351 1273/1273/1273 1289/1289/1289
f 1289/1289/1289 1352/1352/1352 1351/1351/1351
f 1382/1382/1382 1337/1337/1337 1352/1352/1352
f 1289/1289/1289 1197/1197/1197 1382/1382/1382
f 1352/1352/1352 1289/1289/1289 1382/1382/1382
f 1347/1347/1347 1283/1283/1283 1350/1350/1350
f 1352/1352/1352 1337/1337/1337 1347/1347/1347
f 1350/1350/1350 1352/1352/1352 1347/1347/1347
f 1292/1292/1292 1362/1362/1362 1363/1363/1363
f 1363/1363/1363 1361/1361/1361 1292/1292/1292
f 1362/1362/1362 1294/1294/1294 1350/1350/1350
f 1350/1350/1350 1363/1363/1363 1362/1362/1362
f 1359/1359/1359 1340/1340/1340 1363/1363/1363
f 1350/1350/1350 1283/1283/1283 1359/1359/1359
f 1363/1363/1363 1350/1350/1350 1359/1359/1359
f 1361/1361/1361 1363/1363/1363 1340/1340/1340
f 1340/1340/1340 1195/1195/1195 1361/1361/1361
f 1290/1290/1290 1273/1273/1273 1196/1196/1196
f 1274/1274/1274 1276/1276/1276 1290/1290/1290
f 1196/1196/1196 1274/1274/1274 1290/1290/1290
f 1279/1279/1279 1276/1276/1276 1274/1274/1274
f 1113/1113/1113 1192/1192/1192 1279/1279/1279
f 1274/1274/1274 1113/1113/1113 1279/1279/1279
f 1296/1296/1296 1278/1278/1278 1276/1276/1276
f 1279/1279/1279 1280/1280/1280 1296/1296/1296
f 1276/1276/1276 1279/1279/1279 1296/1296/1296
f 1279/1279/1279 1192/1192/1192 1270/1270/1270
f 1270/1270/1270 1280/1280/1280 1279/1279/1279
f 1308/1308/1308 1295/1295/1295 1278/1278/1278
f 1296/1296/1296 1298/1298/1298 1308/1308/1308
f 1278/1278/1278 1296/1296/1296 1308/1308/1308
f 1296/1296/1296 1280/1280/1280 1297/1297/1297
f 1297/1297/1297 1298/1298/1298 1296/1296/1296
f 1328/1328/1328 1307/1307/1307 1295/1295/1295
f 1308/1308/1308 1310/1310/1310 1328/1328/1328
f 1295/1295/1295 1308/1308/1308 1328/1328/1328
f 1308/1308/1308 1298/1298/1298 1309/1309/1309
f 1309/1309/1309 1310/1310/1310 1308/1308/1308
f 1332/1332/1332 1287/1287/1287 1329/1329/1329
f 1329/1329/1329 1310/1310/1310 1309/1309/1309
f 1309/1309/1309 1281/1281/1281 1332/1332/1332
f 1332/1332/1332 1329/1329/1329 1309/1309/1309
f 1307/1307/1307 1328/1328/1328 1330/1330/1330
f 1330/1330/1330 1327/1327/1327 1307/1307/1307
f 1328/1328/1328 1310/1310/1310 1329/1329/1329
f 1329/1329/1329 1330/1330/1330 1328/1328/1328
f 1330/1330/1330 1329/1329/1329 1287/1287/1287
f 1287/1287/1287 1300/1300/1300 1330/1330/1330
f 1324/1324/1324 1275/1275/1275 1327/1327/1327
f 1330/1330/1330 1300/1300/1300 1324/1324/1324
f 1327/1327/1327 1330/1330/1330 1324/1324/1324
f 1273/1273/1273 1290/1290/1290 1291/1291/1291
f 1291/1291/1291 1289/1289/1289 1273/1273/1273
f 1305/1305/1305 1291/1291/1291 1290/1290/1290
f 1276/1276/1276 1278/1278/1278 1305/1305/1305
f 1290/1290/1290 1276/1276/1276 1305/1305/1305
f 1291/1291/1291 1305/1305/1305 1306/1306/1306
f 1306/1306/1306 1304/1304/1304 1291/1291/1291
f 1317/1317/1317 1306/1306/1306 1305/1305/1305
f 1278/1278/1278 1295/1295/1295 1317/1317/1317
f 1305/1305/1305 1278/1278/1278 1317/1317/1317
f 1306/1306/1306 1317/1317/1317 1318/1318/1318
f 1318/1318/1318 1316/1316/1316 1306/1306/1306
f 1317/1317/1317 1295/1295/1295 1307/1307/1307
f 1307/1307/1307 1318/1318/1318 1317/1317/1317
f 1327/1327/1327 1275/1275/1275 1314/1314/1314
f 1314/1314/1314 1303/1303/1303 1318/1318/1318
f 1318/1318/1318 1307/1307/1307 1327/1327/1327
f 1327/1327/1327 1314/1314/1314 1318/1318/1318
f 1316/1316/1316 1318/1318/1318 1303/1303/1303
f 1303/1303/1303 1288/1288/1288 1316/1316/1316
f 1316/1316/1316 1288/1288/1288 1282/1282/1282
f 1304/1304/1304 1306/1306/1306 1316/1316/1316
f 1282/1282/1282 1304/1304/1304 1316/1316/1316
f 1304/1304/1304 1282/1282/1282 1197/1197/1197
f 1289/1289/1289 1291/1291/1291 1304/1304/1304
f 1197/1197/1197 1289/1289/1289 1304/1304/1304
f 1303/1303/1303 1314/1314/1314 1315/1315/1315
f 1315/1315/1315 1313/1313/1313 1303/1303/1303
f 1323/1323/1323 1299/1299/1299 1334/1334/1334
f 1334/1334/1334 1315/1315/1315 1314/1314/1314
f 1314/1314/1314 1275/1275/1275 1323/1323/1323
f 1323/1323/1323 1334/1334/1334 1314/1314/1314
f 1315/1315/1315 1334/1334/1334 1335/1335/1335
f 1335/1335/1335 1333/1333/1333 1315/1315/1315
f 1334/1334/1334 1299/1299/1299 1311/1311/1311
f 1311/1311/1311 1335/1335/1335 1334/1334/1334
f 1275/1275/1275 1324/1324/1324 1326/1326/1326
f 1326/1326/1326 1323/1323/1323 1275/1275/1275
f 1324/1324/1324 1300/1300/1300 1325/1325/1325
f 1325/1325/1325 1326/1326/1326 1324/1324/1324
f 1320/1320/1320 1312/1312/1312 1326/1326/1326
f 1325/1325/1325 1302/1302/1302 1320/1320/1320
f 1326/1326/1326 1325/1325/1325 1320/1320/1320
f 1323/1323/1323 1326/1326/1326 1312/1312/1312
f 1312/1312/1312 1299/1299/1299 1323/1323/1323
f 1331/1331/1331 1302/1302/1302 1325/1325/1325
f 1325/1325/1325 1300/1300/1300 1287/1287/1287
f 1287/1287/1287 1301/1301/1301 1331/1331/1331
f 1331/1331/1331 1325/1325/1325 1287/1287/1287
f 1311/1311/1311 1299/1299/1299 1312/1312/1312
f 1312/1312/1312 1320/1320/1320 1322/1322/1322
f 1322/1322/1322 1319/1319/1319 1312/1312/1312
f 1320/1320/1320 1302/1302/1302 1321/1321/1321
f 1321/1321/1321 1322/1322/1322 1320/1320/1320
f 1358/1358/1358 1341/1341/1341 1339/1339/1339
f 1195/1195/1195 1340/1340/1340 1358/1358/1358
f 1339/1339/1339 1195/1195/1195 1358/1358/1358
f 1340/1340/1340 1359/1359/1359 1360/1360/1360
f 1360/1360/1360 1358/1358/1358 1340/1340/1340
f 1359/1359/1359 1283/1283/1283 1346/1346/1346
f 1346/1346/1346 1360/1360/1360 1359/1359/1359
f 1354/1354/1354 1336/1336/1336 1388/1388/1388
f 1388/1388/1388 1345/1345/1345 1360/1360/1360
f 1360/1360/1360 1346/1346/1346 1354/1354/1354
f 1354/1354/1354 1388/1388/1388 1360/1360/1360
f 1358/1358/1358 1360/1360/1360 1345/1345/1345
f 1345/1345/1345 1341/1341/1341 1358/1358/1358
f 1355/1355/1355 1346/1346/1346 1283/1283/1283
f 1347/1347/1347 1349/1349/1349 1355/1355/1355
f 1283/1283/1283 1347/1347/1347 1355/1355/1355
f 1379/1379/1379 1349/1349/1349 1347/1347/1347
f 1337/1337/1337 1348/1348/1348 1379/1379/1379
f 1347/1347/1347 1337/1337/1337 1379/1379/1379
f 1349/1349/1349 1379/1379/1379 1381/1381/1381
f 1381/1381/1381 1356/1356/1356 1349/1349/1349
f 1379/1379/1379 1348/1348/1348 1380/1380/1380
f 1380/1380/1380 1381/1381/1381 1379/1379/1379
f 1384/1384/1384 1338/1338/1338 1377/1377/1377
f 1377/1377/1377 1356/1356/1356 1381/1381/1381
f 1381/1381/1381 1370/1370/1370 1384/1384/1384
f 1384/1384/1384 1377/1377/1377 1381/1381/1381
f 1346/1346/1346 1355/1355/1355 1357/1357/1357
f 1357/1357/1357 1354/1354/1354 1346/1346/1346
f 1376/1376/1376 1357/1357/1357 1355/1355/1355
f 1349/1349/1349 1356/1356/1356 1376/1376/1376
f 1355/1355/1355 1349/1349/1349 1376/1376/1376
f 1357/1357/1357 1376/1376/1376 1378/1378/1378
f 1378/1378/1378 1375/1375/1375 1357/1357/1357
f 1376/1376/1376 1356/1356/1356 1377/1377/1377
f 1377/1377/1377 1378/1378/1378 1376/1376/1376
f 1372/1372/1372 1353/1353/1353 1378/1378/1378
f 1377/1377/1377 1338/1338/1338 1372/1372/1372
f 1378/1378/1378 1377/1377/1377 1372/1372/1372
f 1375/1375/1375 1378/1378/1378 1353/1353/1353
f 1353/1353/1353 1344/1344/1344 1375/1375/1375
f 1375/1375/1375 1344/1344/1344 1386/1386/1386
f 1386/1386/1386 1336/1336/1336 1354/1354/1354
f 1354/1354/1354 1357/1357/1357 1375/1375/1375
f 1375/1375/1375 1386/1386/1386 1354/1354/1354
f 1337/1337/1337 1382/1382/1382 1383/1383/1383
f 1383/1383/1383 1348/1348/1348 1337/1337/1337
f 1383/1383/1383 1382/1382/1382 1197/1197/1197
f 1336/1336/1336 1386/1386/1386 1387/1387/1387
f 1387/1387/1387 1385/1385/1385 1336/1336/1336
f 1387/1387/1387 1386/1386/1386 1344/1344/1344
f 1353/1353/1353 1372/1372/1372 1374/1374/1374
f 1374/1374/1374 1371/1371/1371 1353/1353/1353
f 1372/1372/1372 1338/1338/1338 1373/1373/1373
f 1373/1373/1373 1374/1374/1374 1372/1372/1372
f 986/986/986 1408/1408/1408 1409/1409/1409
f 1409/1409/1409 1407/1407/1407 986/986/986
f 1408/1408/1408 1285/1285/1285 1364/1364/1364
f 1364/1364/1364 1409/1409/1409 1408/1408/1408
f 1404/1404/1404 1390/1390/1390 1409/1409/1409
f 1364/1364/1364 1286/1286/1286 1404/1404/1404
f 1409/1409/1409 1364/1364/1364 1404/1404/1404
f 1415/1415/1415 1284/1284/1284 1407/1407/1407
f 1409/1409/1409 1390/1390/1390 1415/1415/1415
f 1407/1407/1407 1409/1409/1409 1415/1415/1415
f 1285/1285/1285 1365/1365/1365 1366/1366/1366
f 1366/1366/1366 1364/1364/1364 1285/1285/1285
f 1365/1365/1365 1140/1140/1140 1292/1292/1292
f 1292/1292/1292 1366/1366/1366 1365/1365/1365
f 1361/1361/1361 1195/1195/1195 1343/1343/1343
f 1366/1366/1366 1292/1292/1292 1361/1361/1361
f 1343/1343/1343 1366/1366/1366 1361/1361/1361
f 1364/1364/1364 1366/1366/1366 1343/1343/1343
f 1343/1343/1343 1286/1286/1286 1364/1364/1364
f 1284/1284/1284 1415/1415/1415 1416/1416/1416
f 1416/1416/1416 1414/1414/1414 1284/1284/1284
f 1435/1435/1435 1416/1416/1416 1415/1415/1415
f 1390/1390/1390 1403/1403/1403 1435/1435/1435
f 1415/1415/1415 1390/1390/1390 1435/1435/1435
f 1416/1416/1416 1435/1435/1435 1436/1436/1436
f 1436/1436/1436 1434/1434/1434 1416/1416/1416
f 1435/1435/1435 1403/1403/1403 1422/1422/1422
f 1422/1422/1422 1436/1436/1436 1435/1435/1435
f 1432/1432/1432 1412/1412/1412 1436/1436/1436
f 1422/1422/1422 1391/1391/1391 1432/1432/1432
f 1436/1436/1436 1422/1422/1422 1432/1432/1432
f 1434/1434/1434 1436/1436/1436 1412/1412/1412
f 1412/1412/1412 1399/1399/1399 1434/1434/1434
f 1434/1434/1434 1399/1399/1399 1389/1389/1389
f 1414/1414/1414 1416/1416/1416 1434/1434/1434
f 1389/1389/1389 1414/1414/1414 1434/1434/1434
f 1423/1423/1423 1403/1403/1403 1390/1390/1390
f 1404/1404/1404 1406/1406/1406 1423/1423/1423
f 1390/1390/1390 1404/1404/1404 1423/1423/1423
f 1404/1404/1404 1286/1286/1286 1405/1405/1405
f 1405/1405/1405 1406/1406/1406 1404/1404/1404
f 1426/1426/1426 1395/1395/1395 1424/1424/1424
f 1424/1424/1424 1406/1406/1406 1405/1405/1405
f 1405/1405/1405 1342/1342/1342 1426/1426/1426
f 1426/1426/1426 1424/1424/1424 1405/1405/1405
f 1403/1403/1403 1423/1423/1423 1425/1425/1425
f 1425/1425/1425 1422/1422/1422 1403/1403/1403
f 1423/1423/1423 1406/1406/1406 1424/1424/1424
f 1424/1424/1424 1425/1425/1425 1423/1423/1423
f 1425/1425/1425 1424/1424/1424 1395/1395/1395
f 1395/1395/1395 1397/1397/1397 1425/1425/1425
f 1419/1419/1419 1391/1391/1391 1422/1422/1422
f 1425/1425/1425 1397/1397/1397 1419/1419/1419
f 1422/1422/1422 1425/1425/1425 1419/1419/1419
f 1391/1391/1391 1419/1419/1419 1421/1421/1421
f 1421/1421/1421 1418/1418/1418 1391/1391/1391
f 1419/1419/1419 1397/1397/1397 1420/1420/1420
f 1420/1420/1420 1421/1421/1421 1419/1419/1419
f 1417/1417/1417 1410/1410/1410 1421/1421/1421
f 1420/1420/1420 1398/1398/1398 1417/1417/1417
f 1421/1421/1421 1420/1420/1420 1417/1417/1417
f 1427/1427/1427 1396/1396/1396 1418/1418/1418
f 1421/1421/1421 1410/1410/1410 1427/1427/1427
f 1418/1418/1418 1421/1421/1421 1427/1427/1427
f 1431/1431/1431 1413/1413/1413 1411/1411/1411
f 1399/1399/1399 1412/1412/1412 1431/1431/1431
f 1411/1411/1411 1399/1399/1399 1431/1431/1431
f 1412/1412/1412 1432/1432/1432 1433/1433/1433
f 1433/1433/1433 1431/1431/1431 1412/1412/1412
f 1432/1432/1432 1391/1391/1391 1418/1418/1418
f 1418/1418/1418 1433/1433/1433 1432/1432/1432
f 1429/1429/1429 1428/1428/1428 1433/1433/1433
f 1418/1418/1418 1396/1396/1396 1429/1429/1429
f 1433/1433/1433 1418/1418/1418 1429/1429/1429
f 1431/1431/1431 1433/1433/1433 1428/1428/1428
f 1428/1428/1428 1413/1413/1413 1431/1431/1431
f 1428/1428/1428 1429/1429/1429 1430/1430/1430
f 1015/1015/1015 1013/1013/1013 996/996/996
f 996/996/996 1014/1014/1014 1015/1015/1015
f 991/991/991 1015/1015/1015 1014/1014/1014
f 1014/1014/1014 972/972/972 991/991/991
f 1018/1018/1018 1016/1016/1016 994/994/994
f 994/994/994 1017/1017/1017 1018/1018/1018
f 1013/1013/1013 1018/1018/1018 1017/1017/1017
f 1017/1017/1017 996/996/996 1013/1013/1013
f 1017/1017/1017 994/994/994 977/977/977
f 995/995/995 996/996/996 1017/1017/1017
f 977/977/977 995/995/995 1017/1017/1017
f 1014/1014/1014 996/996/996 995/995/995
f 965/965/965 972/972/972 1014/1014/1014
f 995/995/995 965/965/965 1014/1014/1014
f 1026/1026/1026 1024/1024/1024 1021/1021/1021
f 1021/1021/1021 1025/1025/1025 1026/1026/1026
f 1016/1016/1016 1026/1026/1026 1025/1025/1025
f 1025/1025/1025 994/994/994 1016/1016/1016
f 1029/1029/1029 1027/1027/1027 1019/1019/1019
f 1019/1019/1019 1028/1028/1028 1029/1029/1029
f 1024/1024/1024 1029/1029/1029 1028/1028/1028
f 1028/1028/1028 1021/1021/1021 1024/1024/1024
f 1028/1028/1028 1019/1019/1019 975/975/975
f 1020/1020/1020 1021/1021/1021 1028/1028/1028
f 975/975/975 1020/1020/1020 1028/1028/1028
f 1025/1025/1025 1021/1021/1021 1020/1020/1020
f 977/977/977 994/994/994 1025/1025/1025
f 1020/1020/1020 977/977/977 1025/1025/1025
f 1020/1020/1020 975/975/975 953/953/953
f 953/953/953 1234/1234/1234 1020/1020/1020
f 1234/1234/1234 976/976/976 977/977/977
f 977/977/977 1020/1020/1020 1234/1234/1234
f 995/995/995 977/977/977 976/976/976
f 976/976/976 1368/1368/1368 995/995/995
f 1368/1368/1368 954/954/954 965/965/965
f 965/965/965 995/995/995 1368/1368/1368
f 1367/1367/1367 986/986/986 1393/1393/1393
f 1393/1393/1393 987/987/987 966/966/966
f 966/966/966 954/954/954 1367/1367/1367
f 1367/1367/1367 1393/1393/1393 966/966/966
f 1438/1438/1438 1392/1392/1392 987/987/987
f 1393/1393/1393 1394/1394/1394 1438/1438/1438
f 987/987/987 1393/1393/1393 1438/1438/1438
f 1407/1407/1407 1284/1284/1284 1401/1401/1401
f 1401/1401/1401 1394/1394/1394 1393/1393/1393
f 1393/1393/1393 986/986/986 1407/1407/1407
f 1407/1407/1407 1401/1401/1401 1393/1393/1393
f 1394/1394/1394 1401/1401/1401 1402/1402/1402
f 1402/1402/1402 1400/1400/1400 1394/1394/1394
f 1414/1414/1414 1389/1389/1389 1402/1402/1402
f 1401/1401/1401 1284/1284/1284 1414/1414/1414
f 1402/1402/1402 1401/1401/1401 1414/1414/1414
f 1443/1443/1443 1437/1437/1437 1392/1392/1392
f 1438/1438/1438 1439/1439/1439 1443/1443/1443
f 1392/1392/1392 1438/1438/1438 1443/1443/1443
f 1450/1450/1450 1439/1439/1439 1438/1438/1438
f 1394/1394/1394 1400/1400/1400 1450/1450/1450
f 1438/1438/1438 1394/1394/1394 1450/1450/1450
f 1439/1439/1439 1450/1450/1450 1452/1452/1452
f 1452/1452/1452 1444/1444/1444 1439/1439/1439
f 1450/1450/1450 1400/1400/1400 1451/1451/1451
f 1451/1451/1451 1452/1452/1452 1450/1450/1450
f 1453/1453/1453 1442/1442/1442 1437/1437/1437
f 1443/1443/1443 1445/1445/1445 1453/1453/1453
f 1437/1437/1437 1443/1443/1443 1453/1453/1453
f 1449/1449/1449 1445/1445/1445 1443/1443/1443
f 1439/1439/1439 1444/1444/1444 1449/1449/1449
f 1443/1443/1443 1439/1439/1439 1449/1449/1449
f 1454/1454/1454 1453/1453/1453 1445/1445/1445
f 1447/1447/1447 1441/1441/1441 1440/1440/1440
f 987/987/987 1392/1392/1392 1447/1447/1447
f 1440/1440/1440 987/987/987 1447/1447/1447
f 1441/1441/1441 1447/1447/1447 1448/1448/1448
f 1448/1448/1448 1446/1446/1446 1441/1441/1441
f 1456/1456/1456 1448/1448/1448 1447/1447/1447
f 1392/1392/1392 1437/1437/1437 1456/1456/1456
f 1447/1447/1447 1392/1392/1392 1456/1456/1456
f 1448/1448/1448 1456/1456/1456 1457/1457/1457
f 1457/1457/1457 1455/1455/1455 1448/1448/1448
f 1456/1456/1456 1437/1437/1437 1442/1442/1442
f 1442/1442/1442 1457/1457/1457 1456/1456/1456
f 978/978/978 971/971/971 982/982/982
f 979/979/979 970/970/970 978/978/978
f 982/982/982 979/979/979 978/978/978
f 988/988/988 968/968/968 980/980/980
f 982/982/982 971/971/971 988/988/988
f 980/980/980 982/982/982 988/988/988
f 982/982/982 980/980/980 967/967/967
f 967/967/967 981/981/981 982/982/982
f 979/979/979 982/982/982 981/981/981
f 981/981/981 969/969/969 979/979/979
f 993/993/993 991/991/991 972/972/972
f 972/972/972 992/992/992 993/993/993
f 989/989/989 993/993/993 992/992/992
f 992/992/992 974/974/974 989/989/989
f 992/992/992 972/972/972 965/965/965
f 973/973/973 974/974/974 992/992/992
f 965/965/965 973/973/973 992/992/992
f 980/980/980 968/968/968 990/990/990
f 990/990/990 974/974/974 973/973/973
f 973/973/973 967/967/967 980/980/980
f 980/980/980 990/990/990 973/973/973
f 983/983/983 967/967/967 973/973/973
f 973/973/973 965/965/965 954/954/954
f 954/954/954 966/966/966 983/983/983
f 983/983/983 973/973/973 954/954/954
f 981/981/981 967/967/967 983/983/983
f 985/985/985 969/969/969 981/981/981
f 983/983/983 985/985/985 981/981/981
f 985/985/985 983/983/983 966/966/966
f 966/966/966 984/984/984 985/985/985
f 1257/1257/1257 1238/1238/1238 1258/1258/1258
f 1241/1241/1241 1258/1258/1258 1238/1238/1238
f 1244/1244/1244 1258/1258/1258 1072/1072/1072
f 1241/1241/1241 1170/1170/1170 1071/1071/1071
f 1258/1258/1258 1241/1241/1241 1071/1071/1071
f 1238/1238/1238 1223/1223/1223 1259/1259/1259
f 1259/1259/1259 1241/1241/1241 1238/1238/1238
f 1072/1072/1072 1258/1258/1258 1071/1071/1071
f 1072/1072/1072 1073/1073/1073 1262/1262/1262
f 1074/1074/1074 1262/1262/1262 1073/1073/1073
f 1262/1262/1262 1074/1074/1074 1260/1260/1260
f 1075/1075/1075 1260/1260/1260 1074/1074/1074
f 1244/1244/1244 1256/1256/1256 1255/1255/1255
f 1072/1072/1072 1262/1262/1262 1261/1261/1261
f 1256/1256/1256 1072/1072/1072 1261/1261/1261
f 1072/1072/1072 1256/1256/1256 1244/1244/1244
f 1254/1254/1254 1260/1260/1260 1265/1265/1265
f 1065/1065/1065 1216/1216/1216 1215/1215/1215
f 1064/1064/1064 1065/1065/1065 1215/1215/1215
f 1066/1066/1066 1216/1216/1216 1065/1065/1065
f 1067/1067/1067 1213/1213/1213 1066/1066/1066
f 1215/1215/1215 1200/1200/1200 1217/1217/1217
f 1215/1215/1215 1217/1217/1217 1212/1212/1212
f 1066/1066/1066 1213/1213/1213 1216/1216/1216
f 1213/1213/1213 1067/1067/1067 1068/1068/1068
f 1064/1064/1064 1215/1215/1215 1212/1212/1212
f 1188/1188/1188 1182/1182/1182 1070/1070/1070
f 1187/1187/1187 1070/1070/1070 1071/1071/1071
f 1170/1170/1170 1187/1187/1187 1071/1071/1071
f 1170/1170/1170 1241/1241/1241 1240/1240/1240
f 1187/1187/1187 1188/1188/1188 1070/1070/1070
f 1201/1201/1201 1213/1213/1213 1184/1184/1184
f 1068/1068/1068 1184/1184/1184 1213/1213/1213
f 1182/1182/1182 1184/1184/1184 1069/1069/1069
f 1068/1068/1068 1069/1069/1069 1184/1184/1184
f 1070/1070/1070 1182/1182/1182 1069/1069/1069
f 1270/1270/1270 1082/1082/1082 1083/1083/1083
f 1281/1281/1281 1297/1297/1297 1083/1083/1083
f 1297/1297/1297 1281/1281/1281 1309/1309/1309
f 1281/1281/1281 1083/1083/1083 1301/1301/1301
f 1298/1298/1298 1297/1297/1297 1309/1309/1309
f 1272/1272/1272 1080/1080/1080 1081/1081/1081
f 1081/1081/1081 1082/1082/1082 1277/1277/1277
f 1280/1280/1280 1083/1083/1083 1297/1297/1297
f 1322/1322/1322 1321/1321/1321 1084/1084/1084
f 1301/1301/1301 1084/1084/1084 1321/1321/1321
f 1084/1084/1084 1085/1085/1085 1322/1322/1322
f 1287/1287/1287 1332/1332/1332 1301/1301/1301
f 1281/1281/1281 1301/1301/1301 1332/1332/1332
f 1321/1321/1321 1302/1302/1302 1331/1331/1331
f 1331/1331/1331 1301/1301/1301 1321/1321/1321
f 1083/1083/1083 1084/1084/1084 1301/1301/1301
f 1265/1265/1265 1076/1076/1076 1224/1224/1224
f 1077/1077/1077 1224/1224/1224 1076/1076/1076
f 1268/1268/1268 1224/1224/1224 1077/1077/1077
f 1078/1078/1078 1248/1248/1248 1077/1077/1077
f 1260/1260/1260 1075/1075/1075 1265/1265/1265
f 1265/1265/1265 1075/1075/1075 1076/1076/1076
f 1077/1077/1077 1248/1248/1248 1268/1268/1268
f 1078/1078/1078 1168/1168/1168 1248/1248/1248
f 1168/1168/1168 1078/1078/1078 1252/1252/1252
f 1081/1081/1081 1277/1277/1277 1272/1272/1272
f 1083/1083/1083 1280/1280/1280 1270/1270/1270
f 1270/1270/1270 1277/1277/1277 1082/1082/1082
f 1228/1228/1228 1252/1252/1252 1079/1079/1079
f 1078/1078/1078 1079/1079/1079 1252/1252/1252
f 1079/1079/1079 1194/1194/1194 1228/1228/1228
f 1194/1194/1194 1079/1079/1079 1080/1080/1080
f 1080/1080/1080 1271/1271/1271 1194/1194/1194
f 1271/1271/1271 1080/1080/1080 1272/1272/1272
f 1054/1054/1054 1126/1126/1126 1053/1053/1053
f 1055/1055/1055 1126/1126/1126 1054/1054/1054
f 1056/1056/1056 1123/1123/1123 1055/1055/1055
f 1127/1127/1127 1052/1052/1052 1126/1126/1126
f 1053/1053/1053 1126/1126/1126 1052/1052/1052
f 1123/1123/1123 1126/1126/1126 1055/1055/1055
f 1125/1125/1125 1052/1052/1052 1127/1127/1127
f 1123/1123/1123 1056/1056/1056 1131/1131/1131
f 1057/1057/1057 1162/1162/1162 1156/1156/1156
f 1162/1162/1162 1058/1058/1058 1167/1167/1167
f 1059/1059/1059 1167/1167/1167 1058/1058/1058
f 1058/1058/1058 1162/1162/1162 1057/1057/1057
f 1056/1056/1056 1130/1130/1130 1131/1131/1131
f 1151/1151/1151 1130/1130/1130 1057/1057/1057
f 1151/1151/1151 1117/1117/1117 1130/1130/1130
f 1151/1151/1151 1057/1057/1057 1156/1156/1156
f 1057/1057/1057 1130/1130/1130 1056/1056/1056
f 1141/1141/1141 1143/1143/1143 1125/1125/1125
f 1052/1052/1052 1143/1143/1143 1051/1051/1051
f 1125/1125/1125 1120/1120/1120 1141/1141/1141
f 1050/1050/1050 1044/1044/1044 1012/1012/1012
f 1142/1142/1142 1146/1146/1146 1051/1051/1051
f 1143/1143/1143 1142/1142/1142 1051/1051/1051
f 1145/1145/1145 1050/1050/1050 1051/1051/1051
f 1146/1146/1146 1142/1142/1142 1119/1119/1119
f 1125/1125/1125 1143/1143/1143 1052/1052/1052
f 1051/1051/1051 1146/1146/1146 1145/1145/1145
f 1145/1145/1145 1122/1122/1122 1039/1039/1039
f 1050/1050/1050 1039/1039/1039 1044/1044/1044
f 1012/1012/1012 1044/1044/1044 1045/1045/1045
f 1011/1011/1011 1045/1045/1045 1041/1041/1041
f 1010/1010/1010 1011/1011/1011 1041/1041/1041
f 1040/1040/1040 1044/1044/1044 1039/1039/1039
f 1012/1012/1012 1045/1045/1045 1011/1011/1011
f 1145/1145/1145 1039/1039/1039 1050/1050/1050
f 1166/1166/1166 1162/1162/1162 1167/1167/1167
f 1159/1159/1159 1148/1148/1148 1063/1063/1063
f 1064/1064/1064 1159/1159/1159 1063/1063/1063
f 1159/1159/1159 1064/1064/1064 1211/1211/1211
f 1219/1219/1219 1211/1211/1211 1064/1064/1064
f 1063/1063/1063 1152/1152/1152 1062/1062/1062
f 1059/1059/1059 1060/1060/1060 1163/1163/1163
f 1061/1061/1061 1163/1163/1163 1060/1060/1060
f 1157/1157/1157 1163/1163/1163 1061/1061/1061
f 1061/1061/1061 1062/1062/1062 1157/1157/1157
f 1200/1200/1200 1177/1177/1177 1217/1217/1217
f 1182/1182/1182 1188/1188/1188 1175/1175/1175
f 1211/1211/1211 1219/1219/1219 1114/1114/1114
f 1211/1211/1211 1208/1208/1208 1180/1180/1180
f 1219/1219/1219 1212/1212/1212 1220/1220/1220
f 1211/1211/1211 1114/1114/1114 1208/1208/1208
f 1212/1212/1212 1219/1219/1219 1064/1064/1064
f 1165/1165/1165 1059/1059/1059 1163/1163/1163
f 1063/1063/1063 1148/1148/1148 1152/1152/1152
f 1152/1152/1152 1157/1157/1157 1062/1062/1062
f 1009/1009/1009 1010/1010/1010 1043/1043/1043
f 1043/1043/1043 1010/1010/1010 1041/1041/1041
f 1009/1009/1009 1043/1043/1043 1036/1036/1036
f 1059/1059/1059 1165/1165/1165 1167/1167/1167
f 1008/1008/1008 1036/1036/1036 1038/1038/1038
f 1006/1006/1006 1033/1033/1033 1035/1035/1035
f 1007/1007/1007 1038/1038/1038 1033/1033/1033
f 1007/1007/1007 1008/1008/1008 1038/1038/1038
f 1006/1006/1006 1035/1035/1035 1005/1005/1005
f 1033/1033/1033 1006/1006/1006 1007/1007/1007
f 1004/1004/1004 1005/1005/1005 1027/1027/1027
f 1027/1027/1027 1005/1005/1005 1035/1035/1035
f 1009/1009/1009 1036/1036/1036 1008/1008/1008
f 1085/1085/1085 1319/1319/1319 1322/1322/1322
f 1097/1097/1097 1098/1098/1098 1341/1341/1341
f 1339/1339/1339 1098/1098/1098 1099/1099/1099
f 1398/1398/1398 1342/1342/1342 1099/1099/1099
f 1097/1097/1097 1345/1345/1345 1096/1096/1096
f 1094/1094/1094 1095/1095/1095 1387/1387/1387
f 1096/1096/1096 1385/1385/1385 1095/1095/1095
f 1344/1344/1344 1093/1093/1093 1094/1094/1094
f 1405/1405/1405 1099/1099/1099 1342/1342/1342
f 1100/1100/1100 1417/1417/1417 1398/1398/1398
f 1410/1410/1410 1417/1417/1417 1100/1100/1100
f 1100/1100/1100 1398/1398/1398 1099/1099/1099
f 1101/1101/1101 1410/1410/1410 1100/1100/1100
f 1395/1395/1395 1426/1426/1426 1398/1398/1398
f 1420/1420/1420 1395/1395/1395 1398/1398/1398
f 1395/1395/1395 1420/1420/1420 1397/1397/1397
f 1427/1427/1427 1410/1410/1410 1101/1101/1101
f 1342/1342/1342 1398/1398/1398 1426/1426/1426
f 1092/1092/1092 1374/1374/1374 1373/1373/1373
f 1374/1374/1374 1092/1092/1092 1371/1371/1371
f 1371/1371/1371 1092/1092/1092 1093/1093/1093
f 1092/1092/1092 1373/1373/1373 1370/1370/1370
f 1373/1373/1373 1384/1384/1384 1370/1370/1370
f 1338/1338/1338 1384/1384/1384 1373/1373/1373
f 1353/1353/1353 1371/1371/1371 1344/1344/1344
f 1091/1091/1091 1092/1092/1092 1370/1370/1370
f 1344/1344/1344 1371/1371/1371 1093/1093/1093
f 1388/1388/1388 1336/1336/1336 1385/1385/1385
f 1385/1385/1385 1387/1387/1387 1095/1095/1095
f 1096/1096/1096 1388/1388/1388 1385/1385/1385
f 1341/1341/1341 1345/1345/1345 1097/1097/1097
f 1339/1339/1339 1341/1341/1341 1098/1098/1098
f 1405/1405/1405 1343/1343/1343 1099/1099/1099
f 1388/1388/1388 1096/1096/1096 1345/1345/1345
f 1343/1343/1343 1339/1339/1339 1099/1099/1099
f 1344/1344/1344 1094/1094/1094 1387/1387/1387
f 1400/1400/1400 1106/1106/1106 1451/1451/1451
f 1107/1107/1107 1451/1451/1451 1106/1106/1106
f 1452/1452/1452 1451/1451/1451 1107/1107/1107
f 1108/1108/1108 1449/1449/1449 1107/1107/1107
f 1107/1107/1107 1444/1444/1444 1452/1452/1452
f 1108/1108/1108 1445/1445/1445 1449/1449/1449
f 1449/1449/1449 1444/1444/1444 1107/1107/1107
f 1445/1445/1445 1108/1108/1108 1109/1109/1109
f 1111/1111/1111 1442/1442/1442 1110/1110/1110
f 1111/1111/1111 1455/1455/1455 1457/1457/1457
f 1111/1111/1111 1112/1112/1112 1455/1455/1455
f 1110/1110/1110 1454/1454/1454 1109/1109/1109
f 1110/1110/1110 1453/1453/1453 1454/1454/1454
f 1442/1442/1442 1453/1453/1453 1110/1110/1110
f 1442/1442/1442 1111/1111/1111 1457/1457/1457
f 1109/1109/1109 1454/1454/1454 1445/1445/1445
f 1446/1446/1446 1112/1112/1112 1046/1046/1046
f 1429/1429/1429 1102/1102/1102 1430/1430/1430
f 1103/1103/1103 1430/1430/1430 1102/1102/1102
f 1428/1428/1428 1430/1430/1430 1103/1103/1103
f 1104/1104/1104 1413/1413/1413 1103/1103/1103
f 1396/1396/1396 1427/1427/1427 1101/1101/1101
f 1103/1103/1103 1413/1413/1413 1428/1428/1428
f 1429/1429/1429 1396/1396/1396 1102/1102/1102
f 1413/1413/1413 1104/1104/1104 1411/1411/1411
f 1102/1102/1102 1396/1396/1396 1101/1101/1101
f 1411/1411/1411 1389/1389/1389 1399/1399/1399
f 1105/1105/1105 1389/1389/1389 1411/1411/1411
f 1105/1105/1105 1411/1411/1411 1104/1104/1104
f 1402/1402/1402 1106/1106/1106 1400/1400/1400
f 1105/1105/1105 1402/1402/1402 1389/1389/1389
f 1455/1455/1455 1446/1446/1446 1448/1448/1448
f 1402/1402/1402 1105/1105/1105 1106/1106/1106
f 1446/1446/1446 1455/1455/1455 1112/1112/1112
f 1446/1446/1446 1046/1046/1046 1441/1441/1441
f 1319/1319/1319 1086/1086/1086 1311/1311/1311
f 1087/1087/1087 1311/1311/1311 1086/1086/1086
f 1311/1311/1311 1087/1087/1087 1335/1335/1335
f 1088/1088/1088 1333/1333/1333 1335/1335/1335
f 1312/1312/1312 1319/1319/1319 1311/1311/1311
f 1313/1313/1313 1315/1315/1315 1333/1333/1333
f 1088/1088/1088 1335/1335/1335 1087/1087/1087
f 1085/1085/1085 1086/1086/1086 1319/1319/1319
f 1282/1282/1282 1090/1090/1090 1091/1091/1091
f 1380/1380/1380 1383/1383/1383 1091/1091/1091
f 1348/1348/1348 1383/1383/1383 1380/1380/1380
f 1370/1370/1370 1381/1381/1381 1380/1380/1380
f 1380/1380/1380 1091/1091/1091 1370/1370/1370
f 1333/1333/1333 1088/1088/1088 1313/1313/1313
f 1089/1089/1089 1313/1313/1313 1088/1088/1088
f 1288/1288/1288 1089/1089/1089 1090/1090/1090
f 1197/1197/1197 1091/1091/1091 1383/1383/1383
f 1313/1313/1313 1089/1089/1089 1288/1288/1288
f 1313/1313/1313 1288/1288/1288 1303/1303/1303
f 1091/1091/1091 1197/1197/1197 1282/1282/1282
f 1282/1282/1282 1288/1288/1288 1090/1090/1090
f 1024/1024/1024 1004/1004/1004 1029/1029/1029
f 1029/1029/1029 1004/1004/1004 1027/1027/1027
f 1003/1003/1003 1024/1024/1024 1026/1026/1026
f 1002/1002/1002 1003/1003/1003 1026/1026/1026
f 1004/1004/1004 1024/1024/1024 1003/1003/1003
f 1026/1026/1026 1016/1016/1016 1002/1002/1002
f 1343/1343/1343 1195/1195/1195 1339/1339/1339
f 1001/1001/1001 1002/1002/1002 1016/1016/1016
f 1000/1000/1000 1018/1018/1018 1013/1013/1013
f 999/999/999 1000/1000/1000 1013/1013/1013
f 1001/1001/1001 1018/1018/1018 1000/1000/1000
f 1001/1001/1001 1016/1016/1016 1018/1018/1018
f 1405/1405/1405 1286/1286/1286 1343/1343/1343
f 961/961/961 974/974/974 990/990/990
f 959/959/959 968/968/968 988/988/988
f 958/958/958 971/971/971 978/978/978
f 959/959/959 988/988/988 971/971/971
f 966/966/966 987/987/987 1440/1440/1440
f 1440/1440/1440 984/984/984 966/966/966
f 960/960/960 990/990/990 968/968/968
f 1047/1047/1047 1440/1440/1440 1441/1441/1441
f 1440/1440/1440 1047/1047/1047 1048/1048/1048
f 1047/1047/1047 1441/1441/1441 1046/1046/1046
f 984/984/984 1440/1440/1440 1048/1048/1048
f 1049/1049/1049 985/985/985 984/984/984
f 955/955/955 979/979/979 969/969/969
f 985/985/985 1049/1049/1049 969/969/969
f 1049/1049/1049 984/984/984 1048/1048/1048
f 969/969/969 1049/1049/1049 955/955/955
f 998/998/998 1015/1015/1015 991/991/991
f 963/963/963 993/993/993 989/989/989
f 997/997/997 991/991/991 993/993/993
f 998/998/998 999/999/999 1015/1015/1015
f 997/997/997 993/993/993 964/964/964
f 991/991/991 997/997/997 998/998/998
f 963/963/963 964/964/964 993/993/993
f 963/963/963 989/989/989 962/962/962
f 1015/1015/1015 999/999/999 1013/1013/1013
f 956/956/956 957/957/957 970/970/970
f 978/978/978 957/957/957 958/958/958
f 979/979/979 956/956/956 970/970/970
f 956/956/956 979/979/979 955/955/955
f 989/989/989 961/961/961 962/962/962
f 959/959/959 960/960/960 968/968/968
f 958/958/958 959/959/959 971/971/971
f 961/961/961 989/989/989 974/974/974
f 961/961/961 990/990/990 960/960/960
f 970/970/970 957/957/957 978/978/978
f 1458/1458/1458 1626/1626/1626 1629/1629/1629
f 1629/1629/1629 1627/1627/1627 1458/1458/1458
f 1622/1622/1622 1629/1629/1629 1597/1597/1597
f 1627/1627/1627 1622/1622/1622 1547/1547/1547
f 1629/1629/1629 1622/1622/1622 1627/1627/1627
f 1628/1628/1628 1597/1597/1597 1629/1629/1629
f 1626/1626/1626 1596/1596/1596 1628/1628/1628
f 1628/1628/1628 1629/1629/1629 1626/1626/1626
f 1547/1547/1547 1622/1622/1622 1625/1625/1625
f 1625/1625/1625 1623/1623/1623 1547/1547/1547
f 1618/1618/1618 1625/1625/1625 1599/1599/1599
f 1623/1623/1623 1618/1618/1618 1594/1594/1594
f 1625/1625/1625 1618/1618/1618 1623/1623/1623
f 1625/1625/1625 1624/1624/1624 1598/1598/1598
f 1598/1598/1598 1599/1599/1599 1625/1625/1625
f 1622/1622/1622 1597/1597/1597 1624/1624/1624
f 1624/1624/1624 1625/1625/1625 1622/1622/1622
f 1594/1594/1594 1618/1618/1618 1621/1621/1621
f 1621/1621/1621 1619/1619/1619 1594/1594/1594
f 1651/1651/1651 1621/1621/1621 1602/1602/1602
f 1619/1619/1619 1651/1651/1651 1600/1600/1600
f 1621/1621/1621 1651/1651/1651 1619/1619/1619
f 1614/1614/1614 1620/1620/1620 1601/1601/1601
f 1621/1621/1621 1614/1614/1614 1602/1602/1602
f 1620/1620/1620 1614/1614/1614 1621/1621/1621
f 1618/1618/1618 1599/1599/1599 1620/1620/1620
f 1620/1620/1620 1621/1621/1621 1618/1618/1618
f 1600/1600/1600 1651/1651/1651 1653/1653/1653
f 1653/1653/1653 1652/1652/1652 1600/1600/1600
f 1652/1652/1652 1653/1653/1653 1631/1631/1631
f 1631/1631/1631 1603/1603/1603 1652/1652/1652
f 1648/1648/1648 1653/1653/1653 1615/1615/1615
f 1631/1631/1631 1648/1648/1648 1605/1605/1605
f 1653/1653/1653 1648/1648/1648 1631/1631/1631
f 1651/1651/1651 1602/1602/1602 1615/1615/1615
f 1615/1615/1615 1653/1653/1653 1651/1651/1651
f 1632/1632/1632 1603/1603/1603 1631/1631/1631
f 1644/1644/1644 1605/1605/1605 1610/1610/1610
f 1611/1611/1611 1644/1644/1644 1613/1613/1613
f 1605/1605/1605 1644/1644/1644 1611/1611/1611
f 1636/1636/1636 1637/1637/1637 1613/1613/1613
f 1636/1636/1636 1639/1639/1639 1642/1642/1642
f 1642/1642/1642 1640/1640/1640 1636/1636/1636
f 1639/1639/1639 1612/1612/1612 1641/1641/1641
f 1641/1641/1641 1642/1642/1642 1639/1639/1639
f 1610/1610/1610 1643/1643/1643 1646/1646/1646
f 1646/1646/1646 1644/1644/1644 1610/1610/1610
f 1644/1644/1644 1646/1646/1646 1636/1636/1636
f 1636/1636/1636 1613/1613/1613 1644/1644/1644
f 1639/1639/1639 1645/1645/1645 1612/1612/1612
f 1646/1646/1646 1639/1639/1639 1636/1636/1636
f 1645/1645/1645 1639/1639/1639 1646/1646/1646
f 1643/1643/1643 1609/1609/1609 1645/1645/1645
f 1645/1645/1645 1646/1646/1646 1643/1643/1643
f 1638/1638/1638 1645/1645/1645 1609/1609/1609
f 1645/1645/1645 1638/1638/1638 1612/1612/1612
f 1647/1647/1647 1614/1614/1614 1617/1617/1617
f 1602/1602/1602 1647/1647/1647 1615/1615/1615
f 1614/1614/1614 1647/1647/1647 1602/1602/1602
f 1615/1615/1615 1647/1647/1647 1650/1650/1650
f 1650/1650/1650 1648/1648/1648 1615/1615/1615
f 1648/1648/1648 1650/1650/1650 1610/1610/1610
f 1610/1610/1610 1605/1605/1605 1648/1648/1648
f 1643/1643/1643 1649/1649/1649 1609/1609/1609
f 1650/1650/1650 1643/1643/1643 1610/1610/1610
f 1649/1649/1649 1643/1643/1643 1650/1650/1650
f 1647/1647/1647 1617/1617/1617 1649/1649/1649
f 1649/1649/1649 1650/1650/1650 1647/1647/1647
f 1649/1649/1649 1638/1638/1638 1609/1609/1609
f 1638/1638/1638 1616/1616/1616 1604/1604/1604
f 1616/1616/1616 1649/1649/1649 1617/1617/1617
f 1649/1649/1649 1616/1616/1616 1638/1638/1638
f 1614/1614/1614 1601/1601/1601 1616/1616/1616
f 1616/1616/1616 1617/1617/1617 1614/1614/1614
f 1560/1560/1560 1559/1559/1559 1557/1557/1557
f 1557/1557/1557 1558/1558/1558 1560/1560/1560
f 1552/1552/1552 1544/1544/1544 1559/1559/1559
f 1559/1559/1559 1560/1560/1560 1552/1552/1552
f 1563/1563/1563 1562/1562/1562 1555/1555/1555
f 1555/1555/1555 1561/1561/1561 1563/1563/1563
f 1558/1558/1558 1557/1557/1557 1562/1562/1562
f 1562/1562/1562 1563/1563/1563 1558/1558/1558
f 1562/1562/1562 1548/1548/1548 1555/1555/1555
f 1556/1556/1556 1562/1562/1562 1557/1557/1557
f 1548/1548/1548 1562/1562/1562 1556/1556/1556
f 1559/1559/1559 1556/1556/1556 1557/1557/1557
f 1492/1492/1492 1559/1559/1559 1544/1544/1544
f 1556/1556/1556 1559/1559/1559 1492/1492/1492
f 1568/1568/1568 1567/1567/1567 1565/1565/1565
f 1565/1565/1565 1566/1566/1566 1568/1568/1568
f 1561/1561/1561 1555/1555/1555 1567/1567/1567
f 1567/1567/1567 1568/1568/1568 1561/1561/1561
f 1566/1566/1566 1565/1565/1565 1569/1569/1569
f 1569/1569/1569 1570/1570/1570 1566/1566/1566
f 1567/1567/1567 1564/1564/1564 1565/1565/1565
f 1548/1548/1548 1567/1567/1567 1555/1555/1555
f 1564/1564/1564 1567/1567/1567 1548/1548/1548
f 1548/1548/1548 1593/1593/1593 1595/1595/1595
f 1595/1595/1595 1564/1564/1564 1548/1548/1548
f 1595/1595/1595 1606/1606/1606 1608/1608/1608
f 1608/1608/1608 1607/1607/1607 1595/1595/1595
f 1608/1608/1608 1633/1633/1633 1635/1635/1635
f 1635/1635/1635 1634/1634/1634 1608/1608/1608
f 1652/1652/1652 1633/1633/1633 1600/1600/1600
f 1635/1635/1635 1652/1652/1652 1603/1603/1603
f 1633/1633/1633 1652/1652/1652 1635/1635/1635
f 1633/1633/1633 1619/1619/1619 1600/1600/1600
f 1619/1619/1619 1606/1606/1606 1594/1594/1594
f 1606/1606/1606 1633/1633/1633 1608/1608/1608
f 1633/1633/1633 1606/1606/1606 1619/1619/1619
f 1606/1606/1606 1623/1623/1623 1594/1594/1594
f 1623/1623/1623 1593/1593/1593 1547/1547/1547
f 1593/1593/1593 1606/1606/1606 1595/1595/1595
f 1606/1606/1606 1593/1593/1593 1623/1623/1623
f 1627/1627/1627 1593/1593/1593 1556/1556/1556
f 1556/1556/1556 1593/1593/1593 1548/1548/1548
f 1593/1593/1593 1627/1627/1627 1547/1547/1547
f 1627/1627/1627 1556/1556/1556 1492/1492/1492
f 1492/1492/1492 1458/1458/1458 1627/1627/1627
f 1658/1658/1658 1459/1459/1459 1485/1485/1485
f 1493/1493/1493 1658/1658/1658 1630/1630/1630
f 1459/1459/1459 1658/1658/1658 1493/1493/1493
f 1626/1626/1626 1655/1655/1655 1596/1596/1596
f 1655/1655/1655 1493/1493/1493 1630/1630/1630
f 1493/1493/1493 1626/1626/1626 1458/1458/1458
f 1626/1626/1626 1493/1493/1493 1655/1655/1655
f 1630/1630/1630 1654/1654/1654 1656/1656/1656
f 1656/1656/1656 1655/1655/1655 1630/1630/1630
f 1661/1661/1661 1485/1485/1485 1657/1657/1657
f 1658/1658/1658 1661/1661/1661 1659/1659/1659
f 1485/1485/1485 1661/1661/1661 1658/1658/1658
f 1658/1658/1658 1659/1659/1659 1654/1654/1654
f 1654/1654/1654 1630/1630/1630 1658/1658/1658
f 1657/1657/1657 1660/1660/1660 1663/1663/1663
f 1663/1663/1663 1661/1661/1661 1657/1657/1657
f 1661/1661/1661 1663/1663/1663 1662/1662/1662
f 1662/1662/1662 1659/1659/1659 1661/1661/1661
f 1540/1540/1540 1539/1539/1539 1517/1517/1517
f 1517/1517/1517 1538/1538/1538 1540/1540/1540
f 1512/1512/1512 1489/1489/1489 1539/1539/1539
f 1539/1539/1539 1540/1540/1540 1512/1512/1512
f 1543/1543/1543 1542/1542/1542 1515/1515/1515
f 1515/1515/1515 1541/1541/1541 1543/1543/1543
f 1538/1538/1538 1517/1517/1517 1542/1542/1542
f 1542/1542/1542 1543/1543/1543 1538/1538/1538
f 1542/1542/1542 1494/1494/1494 1515/1515/1515
f 1516/1516/1516 1542/1542/1542 1517/1517/1517
f 1494/1494/1494 1542/1542/1542 1516/1516/1516
f 1539/1539/1539 1516/1516/1516 1517/1517/1517
f 1472/1472/1472 1539/1539/1539 1489/1489/1489
f 1516/1516/1516 1539/1539/1539 1472/1472/1472
f 1551/1551/1551 1550/1550/1550 1546/1546/1546
f 1546/1546/1546 1549/1549/1549 1551/1551/1551
f 1541/1541/1541 1515/1515/1515 1550/1550/1550
f 1550/1550/1550 1551/1551/1551 1541/1541/1541
f 1554/1554/1554 1553/1553/1553 1544/1544/1544
f 1544/1544/1544 1552/1552/1552 1554/1554/1554
f 1549/1549/1549 1546/1546/1546 1553/1553/1553
f 1553/1553/1553 1554/1554/1554 1549/1549/1549
f 1553/1553/1553 1492/1492/1492 1544/1544/1544
f 1545/1545/1545 1553/1553/1553 1546/1546/1546
f 1492/1492/1492 1553/1553/1553 1545/1545/1545
f 1550/1550/1550 1545/1545/1545 1546/1546/1546
f 1494/1494/1494 1550/1550/1550 1515/1515/1515
f 1545/1545/1545 1550/1550/1550 1494/1494/1494
f 1545/1545/1545 1458/1458/1458 1492/1492/1492
f 1493/1493/1493 1545/1545/1545 1494/1494/1494
f 1458/1458/1458 1545/1545/1545 1493/1493/1493
f 1509/1509/1509 1516/1516/1516 1472/1472/1472
f 1516/1516/1516 1493/1493/1493 1494/1494/1494
f 1493/1493/1493 1509/1509/1509 1459/1459/1459
f 1509/1509/1509 1493/1493/1493 1516/1516/1516
f 1510/1510/1510 1665/1665/1665 1485/1485/1485
f 1485/1485/1485 1459/1459/1459 1510/1510/1510
f 1665/1665/1665 1510/1510/1510 1473/1473/1473
f 1473/1473/1473 1486/1486/1486 1665/1665/1665
f 1486/1486/1486 1664/1664/1664 1666/1666/1666
f 1666/1666/1666 1665/1665/1665 1486/1486/1486
f 1668/1668/1668 1665/1665/1665 1666/1666/1666
f 1485/1485/1485 1668/1668/1668 1657/1657/1657
f 1665/1665/1665 1668/1668/1668 1485/1485/1485
f 1666/1666/1666 1667/1667/1667 1669/1669/1669
f 1669/1669/1669 1668/1668/1668 1666/1666/1666
f 1668/1668/1668 1669/1669/1669 1660/1660/1660
f 1660/1660/1660 1657/1657/1657 1668/1668/1668
f 1495/1495/1495 1498/1498/1498 1488/1488/1488
f 1479/1479/1479 1495/1495/1495 1477/1477/1477
f 1498/1498/1498 1495/1495/1495 1479/1479/1479
f 1500/1500/1500 1496/1496/1496 1475/1475/1475
f 1498/1498/1498 1500/1500/1500 1488/1488/1488
f 1496/1496/1496 1500/1500/1500 1498/1498/1498
f 1498/1498/1498 1497/1497/1497 1474/1474/1474
f 1474/1474/1474 1496/1496/1496 1498/1498/1498
f 1479/1479/1479 1476/1476/1476 1497/1497/1497
f 1497/1497/1497 1498/1498/1498 1479/1479/1479
f 1487/1487/1487 1479/1479/1479 1477/1477/1477
f 1481/1481/1481 1487/1487/1487 1478/1478/1478
f 1479/1479/1479 1487/1487/1487 1481/1481/1481
f 1481/1481/1481 1480/1480/1480 1476/1476/1476
f 1476/1476/1476 1479/1479/1479 1481/1481/1481
f 1505/1505/1505 1504/1504/1504 1502/1502/1502
f 1502/1502/1502 1503/1503/1503 1505/1505/1505
f 1499/1499/1499 1475/1475/1475 1504/1504/1504
f 1504/1504/1504 1505/1505/1505 1499/1499/1499
f 1514/1514/1514 1513/1513/1513 1489/1489/1489
f 1489/1489/1489 1512/1512/1512 1514/1514/1514
f 1501/1501/1501 1491/1491/1491 1513/1513/1513
f 1513/1513/1513 1514/1514/1514 1501/1501/1501
f 1506/1506/1506 1513/1513/1513 1491/1491/1491
f 1513/1513/1513 1472/1472/1472 1489/1489/1489
f 1472/1472/1472 1506/1506/1506 1490/1490/1490
f 1506/1506/1506 1472/1472/1472 1513/1513/1513
f 1504/1504/1504 1508/1508/1508 1502/1502/1502
f 1496/1496/1496 1504/1504/1504 1475/1475/1475
f 1508/1508/1508 1504/1504/1504 1496/1496/1496
f 1502/1502/1502 1508/1508/1508 1506/1506/1506
f 1506/1506/1506 1491/1491/1491 1502/1502/1502
f 1508/1508/1508 1507/1507/1507 1490/1490/1490
f 1490/1490/1490 1506/1506/1506 1508/1508/1508
f 1496/1496/1496 1474/1474/1474 1507/1507/1507
f 1507/1507/1507 1508/1508/1508 1496/1496/1496
f 1507/1507/1507 1511/1511/1511 1490/1490/1490
f 1482/1482/1482 1507/1507/1507 1474/1474/1474
f 1511/1511/1511 1507/1507/1507 1482/1482/1482
f 1490/1490/1490 1511/1511/1511 1509/1509/1509
f 1509/1509/1509 1472/1472/1472 1490/1490/1490
f 1511/1511/1511 1510/1510/1510 1459/1459/1459
f 1459/1459/1459 1509/1509/1509 1511/1511/1511
f 1482/1482/1482 1473/1473/1473 1510/1510/1510
f 1510/1510/1510 1511/1511/1511 1482/1482/1482
f 1497/1497/1497 1482/1482/1482 1474/1474/1474
f 1484/1484/1484 1497/1497/1497 1476/1476/1476
f 1482/1482/1482 1497/1497/1497 1484/1484/1484
f 1484/1484/1484 1483/1483/1483 1473/1473/1473
f 1473/1473/1473 1482/1482/1482 1484/1484/1484
f 1576/1576/1576 1641/1641/1641 1577/1577/1577
f 1612/1612/1612 1577/1577/1577 1641/1641/1641
f 1576/1576/1576 1642/1642/1642 1641/1641/1641
f 1612/1612/1612 1578/1578/1578 1577/1577/1577
f 1578/1578/1578 1604/1604/1604 1579/1579/1579
f 1616/1616/1616 1579/1579/1579 1604/1604/1604
f 1612/1612/1612 1638/1638/1638 1578/1578/1578
f 1604/1604/1604 1578/1578/1578 1638/1638/1638
f 1574/1574/1574 1573/1573/1573 1640/1640/1640
f 1632/1632/1632 1637/1637/1637 1573/1573/1573
f 1573/1573/1573 1637/1637/1637 1640/1640/1640
f 1640/1640/1640 1575/1575/1575 1574/1574/1574
f 1575/1575/1575 1640/1640/1640 1642/1642/1642
f 1640/1640/1640 1637/1637/1637 1636/1636/1636
f 1642/1642/1642 1576/1576/1576 1575/1575/1575
f 1611/1611/1611 1613/1613/1613 1637/1637/1637
f 1624/1624/1624 1584/1584/1584 1598/1598/1598
f 1582/1582/1582 1598/1598/1598 1583/1583/1583
f 1584/1584/1584 1583/1583/1583 1598/1598/1598
f 1585/1585/1585 1584/1584/1584 1624/1624/1624
f 1596/1596/1596 1587/1587/1587 1586/1586/1586
f 1628/1628/1628 1585/1585/1585 1597/1597/1597
f 1586/1586/1586 1628/1628/1628 1596/1596/1596
f 1585/1585/1585 1628/1628/1628 1586/1586/1586
f 1581/1581/1581 1580/1580/1580 1601/1601/1601
f 1579/1579/1579 1616/1616/1616 1580/1580/1580
f 1580/1580/1580 1616/1616/1616 1601/1601/1601
f 1620/1620/1620 1582/1582/1582 1581/1581/1581
f 1585/1585/1585 1624/1624/1624 1597/1597/1597
f 1620/1620/1620 1581/1581/1581 1601/1601/1601
f 1620/1620/1620 1598/1598/1598 1582/1582/1582
f 1598/1598/1598 1620/1620/1620 1599/1599/1599
f 1631/1631/1631 1611/1611/1611 1632/1632/1632
f 1632/1632/1632 1572/1572/1572 1603/1603/1603
f 1573/1573/1573 1572/1572/1572 1632/1632/1632
f 1605/1605/1605 1611/1611/1611 1631/1631/1631
f 1637/1637/1637 1632/1632/1632 1611/1611/1611
f 1572/1572/1572 1634/1634/1634 1635/1635/1635
f 1572/1572/1572 1635/1635/1635 1603/1603/1603
f 1571/1571/1571 1634/1634/1634 1572/1572/1572
f 1634/1634/1634 1571/1571/1571 1607/1607/1607
f 1571/1571/1571 1537/1537/1537 1569/1569/1569
f 1607/1607/1607 1571/1571/1571 1564/1564/1564
f 1608/1608/1608 1634/1634/1634 1607/1607/1607
f 1569/1569/1569 1564/1564/1564 1571/1571/1571
f 1537/1537/1537 1536/1536/1536 1570/1570/1570
f 1570/1570/1570 1536/1536/1536 1566/1566/1566
f 1607/1607/1607 1564/1564/1564 1595/1595/1595
f 1537/1537/1537 1570/1570/1570 1569/1569/1569
f 1569/1569/1569 1565/1565/1565 1564/1564/1564
f 1535/1535/1535 1568/1568/1568 1566/1566/1566
f 1533/1533/1533 1563/1563/1563 1561/1561/1561
f 1531/1531/1531 1560/1560/1560 1558/1558/1558
f 1532/1532/1532 1558/1558/1558 1563/1563/1563
f 1534/1534/1534 1561/1561/1561 1568/1568/1568
f 1533/1533/1533 1561/1561/1561 1534/1534/1534
f 1563/1563/1563 1533/1533/1533 1532/1532/1532
f 1568/1568/1568 1535/1535/1535 1534/1534/1534
f 1529/1529/1529 1554/1554/1554 1552/1552/1552
f 1560/1560/1560 1531/1531/1531 1530/1530/1530
f 1529/1529/1529 1552/1552/1552 1530/1530/1530
f 1529/1529/1529 1549/1549/1549 1554/1554/1554
f 1558/1558/1558 1532/1532/1532 1531/1531/1531
f 1560/1560/1560 1530/1530/1530 1552/1552/1552
f 1536/1536/1536 1535/1535/1535 1566/1566/1566
f 1655/1655/1655 1587/1587/1587 1596/1596/1596
f 1663/1663/1663 1590/1590/1590 1589/1589/1589
f 1589/1589/1589 1662/1662/1662 1663/1663/1663
f 1663/1663/1663 1660/1660/1660 1590/1590/1590
f 1588/1588/1588 1662/1662/1662 1589/1589/1589
f 1660/1660/1660 1669/1669/1669 1590/1590/1590
f 1591/1591/1591 1590/1590/1590 1669/1669/1669
f 1591/1591/1591 1669/1669/1669 1667/1667/1667
f 1667/1667/1667 1592/1592/1592 1591/1591/1591
f 1654/1654/1654 1588/1588/1588 1656/1656/1656
f 1587/1587/1587 1656/1656/1656 1588/1588/1588
f 1588/1588/1588 1654/1654/1654 1662/1662/1662
f 1587/1587/1587 1655/1655/1655 1656/1656/1656
f 1659/1659/1659 1662/1662/1662 1654/1654/1654
f 1503/1503/1503 1502/1502/1502 1491/1491/1491
f 1664/1664/1664 1667/1667/1667 1666/1666/1666
f 1518/1518/1518 1592/1592/1592 1664/1664/1664
f 1483/1483/1483 1486/1486/1486 1473/1473/1473
f 1486/1486/1486 1519/1519/1519 1664/1664/1664
f 1519/1519/1519 1486/1486/1486 1520/1520/1520
f 1521/1521/1521 1520/1520/1520 1483/1483/1483
f 1520/1520/1520 1486/1486/1486 1483/1483/1483
f 1518/1518/1518 1664/1664/1664 1519/1519/1519
f 1466/1466/1466 1500/1500/1500 1475/1475/1475
f 1464/1464/1464 1495/1495/1495 1488/1488/1488
f 1465/1465/1465 1488/1488/1488 1500/1500/1500
f 1480/1480/1480 1521/1521/1521 1484/1484/1484
f 1483/1483/1483 1484/1484/1484 1521/1521/1521
f 1484/1484/1484 1476/1476/1476 1480/1480/1480
f 1480/1480/1480 1481/1481/1481 1460/1460/1460
f 1460/1460/1460 1521/1521/1521 1480/1480/1480
f 1667/1667/1667 1664/1664/1664 1592/1592/1592
f 1528/1528/1528 1551/1551/1551 1549/1549/1549
f 1526/1526/1526 1543/1543/1543 1541/1541/1541
f 1527/1527/1527 1541/1541/1541 1551/1551/1551
f 1524/1524/1524 1540/1540/1540 1538/1538/1538
f 1522/1522/1522 1514/1514/1514 1512/1512/1512
f 1523/1523/1523 1512/1512/1512 1540/1540/1540
f 1525/1525/1525 1538/1538/1538 1543/1543/1543
f 1526/1526/1526 1541/1541/1541 1527/1527/1527
f 1543/1543/1543 1526/1526/1526 1525/1525/1525
f 1551/1551/1551 1528/1528/1528 1527/1527/1527
f 1524/1524/1524 1523/1523/1523 1540/1540/1540
f 1538/1538/1538 1525/1525/1525 1524/1524/1524
f 1512/1512/1512 1523/1523/1523 1522/1522/1522
f 1522/1522/1522 1471/1471/1471 1514/1514/1514
f 1470/1470/1470 1501/1501/1501 1514/1514/1514
f 1470/1470/1470 1514/1514/1514 1471/1471/1471
f 1529/1529/1529 1528/1528/1528 1549/1549/1549
f 1463/1463/1463 1487/1487/1487 1477/1477/1477
f 1477/1477/1477 1464/1464/1464 1463/1463/1463
f 1463/1463/1463 1462/1462/1462 1487/1487/1487
f 1488/1488/1488 1465/1465/1465 1464/1464/1464
f 1478/1478/1478 1461/1461/1461 1481/1481/1481
f 1460/1460/1460 1481/1481/1481 1461/1461/1461
f 1478/1478/1478 1462/1462/1462 1461/1461/1461
f 1487/1487/1487 1462/1462/1462 1478/1478/1478
f 1469/1469/1469 1468/1468/1468 1503/1503/1503
f 1505/1505/1505 1503/1503/1503 1468/1468/1468
f 1469/1469/1469 1501/1501/1501 1470/1470/1470
f 1503/1503/1503 1501/1501/1501 1469/1469/1469
f 1466/1466/1466 1499/1499/1499 1467/1467/1467
f 1505/1505/1505 1467/1467/1467 1499/1499/1499
f 1466/1466/1466 1475/1475/1475 1499/1499/1499
f 1468/1468/1468 1467/1467/1467 1505/1505/1505
f 1466/1466/1466 1465/1465/1465 1500/1500/1500
f 1491/1491/1491 1501/1501/1501 1503/1503/1503
f 1464/1464/1464 1477/1477/1477 1495/1495/1495
f 1925/1925/1925 1918/1918/1918 1910/1910/1910
f 1917/1917/1917 1925/1925/1925 1670/1670/1670
f 1918/1918/1918 1925/1925/1925 1917/1917/1917
f 1931/1931/1931 1924/1924/1924 1911/1911/1911
f 1924/1924/1924 1671/1671/1671 1909/1909/1909
f 1671/1671/1671 1931/1931/1931 1903/1903/1903
f 1931/1931/1931 1671/1671/1671 1924/1924/1924
f 1911/1911/1911 1919/1919/1919 1922/1922/1922
f 1922/1922/1922 1920/1920/1920 1911/1911/1911
f 1919/1919/1919 1916/1916/1916 1921/1921/1921
f 1921/1921/1921 1922/1922/1922 1919/1919/1919
f 1909/1909/1909 1923/1923/1923 1926/1926/1926
f 1926/1926/1926 1924/1924/1924 1909/1909/1909
f 1919/1919/1919 1926/1926/1926 1916/1916/1916
f 1924/1924/1924 1919/1919/1919 1911/1911/1911
f 1926/1926/1926 1919/1919/1919 1924/1924/1924
f 1926/1926/1926 1925/1925/1925 1910/1910/1910
f 1910/1910/1910 1916/1916/1916 1926/1926/1926
f 1923/1923/1923 1670/1670/1670 1925/1925/1925
f 1925/1925/1925 1926/1926/1926 1923/1923/1923
f 1913/1913/1913 1902/1902/1902 1904/1904/1904
f 1672/1672/1672 1913/1913/1913 1844/1844/1844
f 1902/1902/1902 1913/1913/1913 1672/1672/1672
f 1844/1844/1844 1913/1913/1913 1915/1915/1915
f 1915/1915/1915 1914/1914/1914 1844/1844/1844
f 1913/1913/1913 1904/1904/1904 1906/1906/1906
f 1906/1906/1906 1915/1915/1915 1913/1913/1913
f 1912/1912/1912 1905/1905/1905 1908/1908/1908
f 1904/1904/1904 1912/1912/1912 1906/1906/1906
f 1905/1905/1905 1912/1912/1912 1904/1904/1904
f 1905/1905/1905 1903/1903/1903 1907/1907/1907
f 1907/1907/1907 1908/1908/1908 1905/1905/1905
f 1905/1905/1905 1671/1671/1671 1903/1903/1903
f 1902/1902/1902 1905/1905/1905 1904/1904/1904
f 1671/1671/1671 1905/1905/1905 1902/1902/1902
f 1900/1900/1900 1845/1845/1845 1827/1827/1827
f 1843/1843/1843 1900/1900/1900 1673/1673/1673
f 1845/1845/1845 1900/1900/1900 1843/1843/1843
f 1843/1843/1843 1672/1672/1672 1844/1844/1844
f 1844/1844/1844 1845/1845/1845 1843/1843/1843
f 1674/1674/1674 1859/1859/1859 1862/1862/1862
f 1862/1862/1862 1860/1860/1860 1674/1674/1674
f 1860/1860/1860 1862/1862/1862 1829/1829/1829
f 1829/1829/1829 1826/1826/1826 1860/1860/1860
f 1855/1855/1855 1861/1861/1861 1828/1828/1828
f 1862/1862/1862 1855/1855/1855 1829/1829/1829
f 1861/1861/1861 1855/1855/1855 1862/1862/1862
f 1859/1859/1859 1825/1825/1825 1861/1861/1861
f 1861/1861/1861 1862/1862/1862 1859/1859/1859
f 1868/1868/1868 1856/1856/1856 1832/1832/1832
f 1856/1856/1856 1826/1826/1826 1829/1829/1829
f 1826/1826/1826 1868/1868/1868 1830/1830/1830
f 1868/1868/1868 1826/1826/1826 1856/1856/1856
f 1830/1830/1830 1868/1868/1868 1870/1870/1870
f 1870/1870/1870 1869/1869/1869 1830/1830/1830
f 1885/1885/1885 1868/1868/1868 1832/1832/1832
f 1870/1870/1870 1885/1885/1885 1837/1837/1837
f 1868/1868/1868 1885/1885/1885 1870/1870/1870
f 1832/1832/1832 1884/1884/1884 1886/1886/1886
f 1886/1886/1886 1885/1885/1885 1832/1832/1832
f 1885/1885/1885 1886/1886/1886 1867/1867/1867
f 1867/1867/1867 1837/1837/1837 1885/1885/1885
f 1881/1881/1881 1886/1886/1886 1852/1852/1852
f 1867/1867/1867 1881/1881/1881 1839/1839/1839
f 1886/1886/1886 1881/1881/1881 1867/1867/1867
f 1884/1884/1884 1836/1836/1836 1852/1852/1852
f 1852/1852/1852 1886/1886/1886 1884/1884/1884
f 1850/1850/1850 1874/1874/1874 1877/1877/1877
f 1877/1877/1877 1875/1875/1875 1850/1850/1850
f 1874/1874/1874 1846/1846/1846 1876/1876/1876
f 1876/1876/1876 1877/1877/1877 1874/1874/1874
f 1846/1846/1846 1887/1887/1887 1889/1889/1889
f 1889/1889/1889 1876/1876/1876 1846/1846/1846
f 1887/1887/1887 1878/1878/1878 1888/1888/1888
f 1888/1888/1888 1889/1889/1889 1887/1887/1887
f 1880/1880/1880 1851/1851/1851 1854/1854/1854
f 1836/1836/1836 1880/1880/1880 1852/1852/1852
f 1851/1851/1851 1880/1880/1880 1836/1836/1836
f 1852/1852/1852 1880/1880/1880 1883/1883/1883
f 1883/1883/1883 1881/1881/1881 1852/1852/1852
f 1881/1881/1881 1883/1883/1883 1850/1850/1850
f 1850/1850/1850 1839/1839/1839 1881/1881/1881
f 1874/1874/1874 1882/1882/1882 1846/1846/1846
f 1883/1883/1883 1874/1874/1874 1850/1850/1850
f 1882/1882/1882 1874/1874/1874 1883/1883/1883
f 1880/1880/1880 1854/1854/1854 1882/1882/1882
f 1882/1882/1882 1883/1883/1883 1880/1880/1880
f 1854/1854/1854 1890/1890/1890 1892/1892/1892
f 1892/1892/1892 1882/1882/1882 1854/1854/1854
f 1887/1887/1887 1892/1892/1892 1878/1878/1878
f 1882/1882/1882 1887/1887/1887 1846/1846/1846
f 1892/1892/1892 1887/1887/1887 1882/1882/1882
f 1892/1892/1892 1891/1891/1891 1838/1838/1838
f 1838/1838/1838 1878/1878/1878 1892/1892/1892
f 1890/1890/1890 1853/1853/1853 1891/1891/1891
f 1891/1891/1891 1892/1892/1892 1890/1890/1890
f 1890/1890/1890 1831/1831/1831 1853/1853/1853
f 1851/1851/1851 1890/1890/1890 1854/1854/1854
f 1831/1831/1831 1890/1890/1890 1851/1851/1851
f 1829/1829/1829 1855/1855/1855 1858/1858/1858
f 1858/1858/1858 1856/1856/1856 1829/1829/1829
f 1884/1884/1884 1858/1858/1858 1836/1836/1836
f 1856/1856/1856 1884/1884/1884 1832/1832/1832
f 1858/1858/1858 1884/1884/1884 1856/1856/1856
f 1851/1851/1851 1857/1857/1857 1831/1831/1831
f 1858/1858/1858 1851/1851/1851 1836/1836/1836
f 1857/1857/1857 1851/1851/1851 1858/1858/1858
f 1855/1855/1855 1828/1828/1828 1857/1857/1857
f 1857/1857/1857 1858/1858/1858 1855/1855/1855
f 1828/1828/1828 1896/1896/1896 1898/1898/1898
f 1898/1898/1898 1857/1857/1857 1828/1828/1828
f 1893/1893/1893 1898/1898/1898 1847/1847/1847
f 1857/1857/1857 1893/1893/1893 1831/1831/1831
f 1898/1898/1898 1893/1893/1893 1857/1857/1857
f 1898/1898/1898 1897/1897/1897 1842/1842/1842
f 1842/1842/1842 1847/1847/1847 1898/1898/1898
f 1896/1896/1896 1840/1840/1840 1897/1897/1897
f 1897/1897/1897 1898/1898/1898 1896/1896/1896
f 1831/1831/1831 1893/1893/1893 1895/1895/1895
f 1895/1895/1895 1853/1853/1853 1831/1831/1831
f 1891/1891/1891 1879/1879/1879 1838/1838/1838
f 1895/1895/1895 1891/1891/1891 1853/1853/1853
f 1879/1879/1879 1891/1891/1891 1895/1895/1895
f 1895/1895/1895 1894/1894/1894 1849/1849/1849
f 1849/1849/1849 1879/1879/1879 1895/1895/1895
f 1893/1893/1893 1847/1847/1847 1894/1894/1894
f 1894/1894/1894 1895/1895/1895 1893/1893/1893
f 1894/1894/1894 1848/1848/1848 1849/1849/1849
f 1842/1842/1842 1894/1894/1894 1847/1847/1847
f 1848/1848/1848 1894/1894/1894 1842/1842/1842
f 1897/1897/1897 1841/1841/1841 1842/1842/1842
f 1827/1827/1827 1897/1897/1897 1840/1840/1840
f 1841/1841/1841 1897/1897/1897 1827/1827/1827
f 1825/1825/1825 1899/1899/1899 1901/1901/1901
f 1901/1901/1901 1861/1861/1861 1825/1825/1825
f 1896/1896/1896 1901/1901/1901 1840/1840/1840
f 1861/1861/1861 1896/1896/1896 1828/1828/1828
f 1901/1901/1901 1896/1896/1896 1861/1861/1861
f 1901/1901/1901 1900/1900/1900 1827/1827/1827
f 1827/1827/1827 1840/1840/1840 1901/1901/1901
f 1899/1899/1899 1673/1673/1673 1900/1900/1900
f 1900/1900/1900 1901/1901/1901 1899/1899/1899
f 1675/1675/1675 1833/1833/1833 1835/1835/1835
f 1835/1835/1835 1834/1834/1834 1675/1675/1675
f 1835/1835/1835 1871/1871/1871 1873/1873/1873
f 1873/1873/1873 1872/1872/1872 1835/1835/1835
f 1871/1871/1871 1826/1826/1826 1830/1830/1830
f 1830/1830/1830 1873/1873/1873 1871/1871/1871
f 1871/1871/1871 1860/1860/1860 1826/1826/1826
f 1860/1860/1860 1833/1833/1833 1674/1674/1674
f 1833/1833/1833 1871/1871/1871 1835/1835/1835
f 1871/1871/1871 1833/1833/1833 1860/1860/1860
f 1679/1679/1679 1927/1927/1927 1930/1930/1930
f 1930/1930/1930 1928/1928/1928 1679/1679/1679
f 1928/1928/1928 1930/1930/1930 1909/1909/1909
f 1909/1909/1909 1671/1671/1671 1928/1928/1928
f 1923/1923/1923 1929/1929/1929 1670/1670/1670
f 1930/1930/1930 1923/1923/1923 1909/1909/1909
f 1929/1929/1929 1923/1923/1923 1930/1930/1930
f 1927/1927/1927 1678/1678/1678 1929/1929/1929
f 1929/1929/1929 1930/1930/1930 1927/1927/1927
f 1902/1902/1902 1928/1928/1928 1671/1671/1671
f 1928/1928/1928 1680/1680/1680 1679/1679/1679
f 1680/1680/1680 1902/1902/1902 1672/1672/1672
f 1902/1902/1902 1680/1680/1680 1928/1928/1928
f 1865/1865/1865 1843/1843/1843 1673/1673/1673
f 1843/1843/1843 1680/1680/1680 1672/1672/1672
f 1680/1680/1680 1865/1865/1865 1681/1681/1681
f 1865/1865/1865 1680/1680/1680 1843/1843/1843
f 1682/1682/1682 1863/1863/1863 1866/1866/1866
f 1866/1866/1866 1864/1864/1864 1682/1682/1682
f 1859/1859/1859 1866/1866/1866 1825/1825/1825
f 1864/1864/1864 1859/1859/1859 1674/1674/1674
f 1866/1866/1866 1859/1859/1859 1864/1864/1864
f 1899/1899/1899 1865/1865/1865 1673/1673/1673
f 1866/1866/1866 1899/1899/1899 1825/1825/1825
f 1865/1865/1865 1899/1899/1899 1866/1866/1866
f 1863/1863/1863 1681/1681/1681 1865/1865/1865
f 1865/1865/1865 1866/1866/1866 1863/1863/1863
f 1833/1833/1833 1864/1864/1864 1674/1674/1674
f 1864/1864/1864 1683/1683/1683 1682/1682/1682
f 1683/1683/1683 1833/1833/1833 1675/1675/1675
f 1833/1833/1833 1683/1683/1683 1864/1864/1864
f 1684/1684/1684 1683/1683/1683 1675/1675/1675
f 1675/1675/1675 1676/1676/1676 1684/1684/1684
f 1685/1685/1685 1684/1684/1684 1676/1676/1676
f 1676/1676/1676 1677/1677/1677 1685/1685/1685
f 1927/1927/1927 1686/1686/1686 1678/1678/1678
f 1687/1687/1687 1927/1927/1927 1679/1679/1679
f 1686/1686/1686 1927/1927/1927 1687/1687/1687
f 1688/1688/1688 1687/1687/1687 1679/1679/1679
f 1679/1679/1679 1680/1680/1680 1688/1688/1688
f 1689/1689/1689 1688/1688/1688 1680/1680/1680
f 1680/1680/1680 1681/1681/1681 1689/1689/1689
f 1863/1863/1863 1689/1689/1689 1681/1681/1681
f 1690/1690/1690 1863/1863/1863 1682/1682/1682
f 1689/1689/1689 1863/1863/1863 1690/1690/1690
f 1691/1691/1691 1690/1690/1690 1682/1682/1682
f 1682/1682/1682 1683/1683/1683 1691/1691/1691
f 1692/1692/1692 1691/1691/1691 1683/1683/1683
f 1683/1683/1683 1684/1684/1684 1692/1692/1692
f 1693/1693/1693 1692/1692/1692 1684/1684/1684
f 1684/1684/1684 1685/1685/1685 1693/1693/1693
f 1695/1695/1695 1694/1694/1694 1686/1686/1686
f 1686/1686/1686 1687/1687/1687 1695/1695/1695
f 1696/1696/1696 1695/1695/1695 1687/1687/1687
f 1687/1687/1687 1688/1688/1688 1696/1696/1696
f 1697/1697/1697 1696/1696/1696 1688/1688/1688
f 1688/1688/1688 1689/1689/1689 1697/1697/1697
f 1698/1698/1698 1697/1697/1697 1689/1689/1689
f 1689/1689/1689 1690/1690/1690 1698/1698/1698
f 1699/1699/1699 1698/1698/1698 1690/1690/1690
f 1690/1690/1690 1691/1691/1691 1699/1699/1699
f 1700/1700/1700 1699/1699/1699 1691/1691/1691
f 1691/1691/1691 1692/1692/1692 1700/1700/1700
f 1701/1701/1701 1700/1700/1700 1692/1692/1692
f 1692/1692/1692 1693/1693/1693 1701/1701/1701
f 1703/1703/1703 1702/1702/1702 1694/1694/1694
f 1694/1694/1694 1695/1695/1695 1703/1703/1703
f 1704/1704/1704 1703/1703/1703 1695/1695/1695
f 1695/1695/1695 1696/1696/1696 1704/1704/1704
f 1705/1705/1705 1704/1704/1704 1696/1696/1696
f 1696/1696/1696 1697/1697/1697 1705/1705/1705
f 1706/1706/1706 1705/1705/1705 1697/1697/1697
f 1697/1697/1697 1698/1698/1698 1706/1706/1706
f 1707/1707/1707 1706/1706/1706 1698/1698/1698
f 1698/1698/1698 1699/1699/1699 1707/1707/1707
f 1708/1708/1708 1707/1707/1707 1699/1699/1699
f 1699/1699/1699 1700/1700/1700 1708/1708/1708
f 1709/1709/1709 1708/1708/1708 1700/1700/1700
f 1700/1700/1700 1701/1701/1701 1709/1709/1709
f 1711/1711/1711 1710/1710/1710 1702/1702/1702
f 1702/1702/1702 1703/1703/1703 1711/1711/1711
f 1712/1712/1712 1711/1711/1711 1703/1703/1703
f 1703/1703/1703 1704/1704/1704 1712/1712/1712
f 1713/1713/1713 1712/1712/1712 1704/1704/1704
f 1704/1704/1704 1705/1705/1705 1713/1713/1713
f 1714/1714/1714 1713/1713/1713 1705/1705/1705
f 1705/1705/1705 1706/1706/1706 1714/1714/1714
f 1715/1715/1715 1714/1714/1714 1706/1706/1706
f 1706/1706/1706 1707/1707/1707 1715/1715/1715
f 1716/1716/1716 1715/1715/1715 1707/1707/1707
f 1707/1707/1707 1708/1708/1708 1716/1716/1716
f 1717/1717/1717 1716/1716/1716 1708/1708/1708
f 1708/1708/1708 1709/1709/1709 1717/1717/1717
f 1719/1719/1719 1718/1718/1718 1710/1710/1710
f 1710/1710/1710 1711/1711/1711 1719/1719/1719
f 1720/1720/1720 1719/1719/1719 1711/1711/1711
f 1711/1711/1711 1712/1712/1712 1720/1720/1720
f 1721/1721/1721 1720/1720/1720 1712/1712/1712
f 1712/1712/1712 1713/1713/1713 1721/1721/1721
f 1722/1722/1722 1721/1721/1721 1713/1713/1713
f 1713/1713/1713 1714/1714/1714 1722/1722/1722
f 1723/1723/1723 1722/1722/1722 1714/1714/1714
f 1714/1714/1714 1715/1715/1715 1723/1723/1723
f 1724/1724/1724 1723/1723/1723 1715/1715/1715
f 1715/1715/1715 1716/1716/1716 1724/1724/1724
f 1725/1725/1725 1724/1724/1724 1716/1716/1716
f 1716/1716/1716 1717/1717/1717 1725/1725/1725
f 1727/1727/1727 1726/1726/1726 1718/1718/1718
f 1718/1718/1718 1719/1719/1719 1727/1727/1727
f 1728/1728/1728 1727/1727/1727 1719/1719/1719
f 1719/1719/1719 1720/1720/1720 1728/1728/1728
f 1729/1729/1729 1728/1728/1728 1720/1720/1720
f 1720/1720/1720 1721/1721/1721 1729/1729/1729
f 1730/1730/1730 1729/1729/1729 1721/1721/1721
f 1721/1721/1721 1722/1722/1722 1730/1730/1730
f 1731/1731/1731 1730/1730/1730 1722/1722/1722
f 1722/1722/1722 1723/1723/1723 1731/1731/1731
f 1732/1732/1732 1731/1731/1731 1723/1723/1723
f 1723/1723/1723 1724/1724/1724 1732/1732/1732
f 1733/1733/1733 1732/1732/1732 1724/1724/1724
f 1724/1724/1724 1725/1725/1725 1733/1733/1733
f 1735/1735/1735 1734/1734/1734 1726/1726/1726
f 1726/1726/1726 1727/1727/1727 1735/1735/1735
f 1736/1736/1736 1735/1735/1735 1727/1727/1727
f 1727/1727/1727 1728/1728/1728 1736/1736/1736
f 1737/1737/1737 1736/1736/1736 1728/1728/1728
f 1728/1728/1728 1729/1729/1729 1737/1737/1737
f 1738/1738/1738 1737/1737/1737 1729/1729/1729
f 1729/1729/1729 1730/1730/1730 1738/1738/1738
f 1739/1739/1739 1738/1738/1738 1730/1730/1730
f 1730/1730/1730 1731/1731/1731 1739/1739/1739
f 1773/1773/1773 1732/1732/1732 1740/1740/1740
f 1731/1731/1731 1773/1773/1773 1739/1739/1739
f 1732/1732/1732 1773/1773/1773 1731/1731/1731
f 1778/1778/1778 1777/1777/1777 1733/1733/1733
f 1733/1733/1733 1776/1776/1776 1778/1778/1778
f 1742/1742/1742 1741/1741/1741 1734/1734/1734
f 1734/1734/1734 1735/1735/1735 1742/1742/1742
f 1743/1743/1743 1742/1742/1742 1735/1735/1735
f 1735/1735/1735 1736/1736/1736 1743/1743/1743
f 1744/1744/1744 1743/1743/1743 1736/1736/1736
f 1736/1736/1736 1737/1737/1737 1744/1744/1744
f 1745/1745/1745 1744/1744/1744 1737/1737/1737
f 1737/1737/1737 1738/1738/1738 1745/1745/1745
f 1774/1774/1774 1738/1738/1738 1739/1739/1739
f 1745/1745/1745 1774/1774/1774 1746/1746/1746
f 1738/1738/1738 1774/1774/1774 1745/1745/1745
f 1772/1772/1772 1775/1775/1775 1773/1773/1773
f 1773/1773/1773 1740/1740/1740 1772/1772/1772
f 1775/1775/1775 1774/1774/1774 1739/1739/1739
f 1739/1739/1739 1773/1773/1773 1775/1775/1775
f 1770/1770/1770 1746/1746/1746 1774/1774/1774
f 1774/1774/1774 1775/1775/1775 1770/1770/1770
f 1748/1748/1748 1747/1747/1747 1741/1741/1741
f 1741/1741/1741 1742/1742/1742 1748/1748/1748
f 1749/1749/1749 1748/1748/1748 1742/1742/1742
f 1742/1742/1742 1743/1743/1743 1749/1749/1749
f 1750/1750/1750 1749/1749/1749 1743/1743/1743
f 1743/1743/1743 1744/1744/1744 1750/1750/1750
f 1751/1751/1751 1750/1750/1750 1744/1744/1744
f 1744/1744/1744 1745/1745/1745 1751/1751/1751
f 1771/1771/1771 1745/1745/1745 1746/1746/1746
f 1751/1751/1751 1771/1771/1771 1752/1752/1752
f 1745/1745/1745 1771/1771/1771 1751/1751/1751
f 1770/1770/1770 1771/1771/1771 1746/1746/1746
f 1816/1816/1816 1908/1908/1908 1907/1907/1907
f 1816/1816/1816 1815/1815/1815 1912/1912/1912
f 1912/1912/1912 1815/1815/1815 1814/1814/1814
f 1908/1908/1908 1816/1816/1816 1912/1912/1912
f 1817/1817/1817 1816/1816/1816 1907/1907/1907
f 1819/1819/1819 1818/1818/1818 1922/1922/1922
f 1907/1907/1907 1903/1903/1903 1817/1817/1817
f 1818/1818/1818 1817/1817/1817 1920/1920/1920
f 1813/1813/1813 1912/1912/1912 1814/1814/1814
f 1811/1811/1811 1810/1810/1810 1914/1914/1914
f 1841/1841/1841 1809/1809/1809 1848/1848/1848
f 1841/1841/1841 1845/1845/1845 1809/1809/1809
f 1808/1808/1808 1848/1848/1848 1809/1809/1809
f 1915/1915/1915 1812/1812/1812 1811/1811/1811
f 1812/1812/1812 1915/1915/1915 1906/1906/1906
f 1912/1912/1912 1813/1813/1813 1906/1906/1906
f 1915/1915/1915 1811/1811/1811 1914/1914/1914
f 1810/1810/1810 1845/1845/1845 1914/1914/1914
f 1809/1809/1809 1845/1845/1845 1810/1810/1810
f 1812/1812/1812 1906/1906/1906 1813/1813/1813
f 1841/1841/1841 1848/1848/1848 1842/1842/1842
f 1820/1820/1820 1819/1819/1819 1922/1922/1922
f 1823/1823/1823 1918/1918/1918 1824/1824/1824
f 1943/1943/1943 1824/1824/1824 1918/1918/1918
f 1910/1910/1910 1823/1823/1823 1822/1822/1822
f 1918/1918/1918 1823/1823/1823 1910/1910/1910
f 1910/1910/1910 1822/1822/1822 1916/1916/1916
f 1917/1917/1917 1944/1944/1944 1943/1943/1943
f 1670/1670/1670 1929/1929/1929 1917/1917/1917
f 1944/1944/1944 1917/1917/1917 1929/1929/1929
f 1918/1918/1918 1917/1917/1917 1943/1943/1943
f 1822/1822/1822 1921/1921/1921 1916/1916/1916
f 1818/1818/1818 1920/1920/1920 1922/1922/1922
f 1921/1921/1921 1821/1821/1821 1922/1922/1922
f 1931/1931/1931 1920/1920/1920 1817/1817/1817
f 1822/1822/1822 1821/1821/1821 1921/1921/1921
f 1920/1920/1920 1931/1931/1931 1911/1911/1911
f 1931/1931/1931 1817/1817/1817 1903/1903/1903
f 1844/1844/1844 1914/1914/1914 1845/1845/1845
f 1845/1845/1845 1841/1841/1841 1827/1827/1827
f 1821/1821/1821 1820/1820/1820 1922/1922/1922
f 1876/1876/1876 1808/1808/1808 1807/1807/1807
f 1808/1808/1808 1888/1888/1888 1879/1879/1879
f 1807/1807/1807 1806/1806/1806 1876/1876/1876
f 1877/1877/1877 1806/1806/1806 1805/1805/1805
f 1808/1808/1808 1889/1889/1889 1888/1888/1888
f 1806/1806/1806 1877/1877/1877 1876/1876/1876
f 1805/1805/1805 1875/1875/1875 1877/1877/1877
f 1839/1839/1839 1875/1875/1875 1804/1804/1804
f 1808/1808/1808 1876/1876/1876 1889/1889/1889
f 1849/1849/1849 1848/1848/1848 1808/1808/1808
f 1804/1804/1804 1875/1875/1875 1805/1805/1805
f 1869/1869/1869 1801/1801/1801 1800/1800/1800
f 1799/1799/1799 1872/1872/1872 1800/1800/1800
f 1834/1834/1834 1799/1799/1799 1798/1798/1798
f 1801/1801/1801 1870/1870/1870 1802/1802/1802
f 1804/1804/1804 1803/1803/1803 1839/1839/1839
f 1798/1798/1798 1797/1797/1797 1676/1676/1676
f 1795/1795/1795 1677/1677/1677 1796/1796/1796
f 1676/1676/1676 1797/1797/1797 1796/1796/1796
f 1795/1795/1795 1794/1794/1794 1793/1793/1793
f 1803/1803/1803 1802/1802/1802 1867/1867/1867
f 1808/1808/1808 1879/1879/1879 1849/1849/1849
f 1888/1888/1888 1838/1838/1838 1879/1879/1879
f 1875/1875/1875 1839/1839/1839 1850/1850/1850
f 1888/1888/1888 1878/1878/1878 1838/1838/1838
f 1802/1802/1802 1870/1870/1870 1837/1837/1837
f 1801/1801/1801 1869/1869/1869 1870/1870/1870
f 1802/1802/1802 1837/1837/1837 1867/1867/1867
f 1803/1803/1803 1867/1867/1867 1839/1839/1839
f 1869/1869/1869 1873/1873/1873 1830/1830/1830
f 1834/1834/1834 1835/1835/1835 1872/1872/1872
f 1676/1676/1676 1834/1834/1834 1798/1798/1798
f 1873/1873/1873 1800/1800/1800 1872/1872/1872
f 1677/1677/1677 1676/1676/1676 1796/1796/1796
f 1685/1685/1685 1677/1677/1677 1791/1791/1791
f 1677/1677/1677 1795/1795/1795 1793/1793/1793
f 1793/1793/1793 1792/1792/1792 1677/1677/1677
f 1791/1791/1791 1677/1677/1677 1792/1792/1792
f 1675/1675/1675 1834/1834/1834 1676/1676/1676
f 1834/1834/1834 1872/1872/1872 1799/1799/1799
f 1873/1873/1873 1869/1869/1869 1800/1800/1800
f 1678/1678/1678 1944/1944/1944 1929/1929/1929
f 1718/1718/1718 1951/1951/1951 1950/1950/1950
f 1949/1949/1949 1948/1948/1948 1702/1702/1702
f 1948/1948/1948 1947/1947/1947 1694/1694/1694
f 1950/1950/1950 1949/1949/1949 1710/1710/1710
f 1734/1734/1734 1955/1955/1955 1954/1954/1954
f 1954/1954/1954 1953/1953/1953 1734/1734/1734
f 1726/1726/1726 1953/1953/1953 1952/1952/1952
f 1951/1951/1951 1718/1718/1718 1952/1952/1952
f 1956/1956/1956 1955/1955/1955 1741/1741/1741
f 1686/1686/1686 1946/1946/1946 1945/1945/1945
f 1945/1945/1945 1678/1678/1678 1686/1686/1686
f 1946/1946/1946 1686/1686/1686 1694/1694/1694
f 1946/1946/1946 1694/1694/1694 1947/1947/1947
f 1944/1944/1944 1678/1678/1678 1945/1945/1945
f 1702/1702/1702 1948/1948/1948 1694/1694/1694
f 1710/1710/1710 1949/1949/1949 1702/1702/1702
f 1726/1726/1726 1952/1952/1952 1718/1718/1718
f 1734/1734/1734 1953/1953/1953 1726/1726/1726
f 1710/1710/1710 1718/1718/1718 1950/1950/1950
f 1734/1734/1734 1741/1741/1741 1955/1955/1955
f 1741/1741/1741 1747/1747/1747 1956/1956/1956
f 1747/1747/1747 1748/1748/1748 1934/1934/1934
f 1956/1956/1956 1747/1747/1747 1957/1957/1957
f 1936/1936/1936 1935/1935/1935 1749/1749/1749
f 1749/1749/1749 1935/1935/1935 1748/1748/1748
f 1937/1937/1937 1936/1936/1936 1749/1749/1749
f 1933/1933/1933 1957/1957/1957 1747/1747/1747
f 1957/1957/1957 1933/1933/1933 1932/1932/1932
f 1934/1934/1934 1748/1748/1748 1935/1935/1935
f 1933/1933/1933 1747/1747/1747 1934/1934/1934
f 1750/1750/1750 1937/1937/1937 1749/1749/1749
f 1751/1751/1751 1752/1752/1752 1941/1941/1941
f 1752/1752/1752 1771/1771/1771 1757/1757/1757
f 1752/1752/1752 1754/1754/1754 1942/1942/1942
f 1754/1754/1754 1752/1752/1752 1755/1755/1755
f 1939/1939/1939 1750/1750/1750 1751/1751/1751
f 1940/1940/1940 1939/1939/1939 1751/1751/1751
f 1751/1751/1751 1941/1941/1941 1940/1940/1940
f 1941/1941/1941 1752/1752/1752 1942/1942/1942
f 1754/1754/1754 1753/1753/1753 1942/1942/1942
f 1750/1750/1750 1939/1939/1939 1938/1938/1938
f 1938/1938/1938 1937/1937/1937 1750/1750/1750
f 1693/1693/1693 1685/1685/1685 1790/1790/1790
f 1709/1709/1709 1701/1701/1701 1786/1786/1786
f 1717/1717/1717 1709/1709/1709 1784/1784/1784
f 1701/1701/1701 1693/1693/1693 1788/1788/1788
f 1779/1779/1779 1778/1778/1778 1776/1776/1776
f 1781/1781/1781 1776/1776/1776 1725/1725/1725
f 1725/1725/1725 1776/1776/1776 1733/1733/1733
f 1777/1777/1777 1732/1732/1732 1733/1733/1733
f 1782/1782/1782 1725/1725/1725 1717/1717/1717
f 1780/1780/1780 1779/1779/1779 1776/1776/1776
f 1701/1701/1701 1787/1787/1787 1786/1786/1786
f 1789/1789/1789 1788/1788/1788 1693/1693/1693
f 1787/1787/1787 1701/1701/1701 1788/1788/1788
f 1693/1693/1693 1790/1790/1790 1789/1789/1789
f 1782/1782/1782 1781/1781/1781 1725/1725/1725
f 1717/1717/1717 1783/1783/1783 1782/1782/1782
f 1709/1709/1709 1785/1785/1785 1784/1784/1784
f 1784/1784/1784 1783/1783/1783 1717/1717/1717
f 1709/1709/1709 1786/1786/1786 1785/1785/1785
f 1780/1780/1780 1776/1776/1776 1781/1781/1781
f 1791/1791/1791 1790/1790/1790 1685/1685/1685
f 1760/1760/1760 1770/1770/1770 1775/1775/1775
f 1760/1760/1760 1775/1775/1775 1772/1772/1772
f 1761/1761/1761 1760/1760/1760 1772/1772/1772
f 1762/1762/1762 1772/1772/1772 1740/1740/1740
f 1760/1760/1760 1759/1759/1759 1770/1770/1770
f 1756/1756/1756 1752/1752/1752 1757/1757/1757
f 1770/1770/1770 1759/1759/1759 1758/1758/1758
f 1771/1771/1771 1770/1770/1770 1758/1758/1758
f 1757/1757/1757 1771/1771/1771 1758/1758/1758
f 1752/1752/1752 1756/1756/1756 1755/1755/1755
f 1767/1767/1767 1766/1766/1766 1778/1778/1778
f 1777/1777/1777 1778/1778/1778 1766/1766/1766
f 1779/1779/1779 1769/1769/1769 1768/1768/1768
f 1767/1767/1767 1778/1778/1778 1768/1768/1768
f 1778/1778/1778 1779/1779/1779 1768/1768/1768
f 1763/1763/1763 1740/1740/1740 1764/1764/1764
f 1762/1762/1762 1740/1740/1740 1763/1763/1763
f 1777/1777/1777 1766/1766/1766 1765/1765/1765
f 1777/1777/1777 1765/1765/1765 1764/1764/1764
f 1740/1740/1740 1777/1777/1777 1764/1764/1764
f 1762/1762/1762 1761/1761/1761 1772/1772/1772
f 1732/1732/1732 1777/1777/1777 1740/1740/1740
f 2175/2175/2175 2155/2155/2155 2168/2168/2168
f 2168/2168/2168 2162/2162/2162 2161/2161/2161
f 2161/2161/2161 1959/1959/1959 2175/2175/2175
f 2175/2175/2175 2168/2168/2168 2161/2161/2161
f 1958/1958/1958 2161/2161/2161 2162/2162/2162
f 2164/2164/2164 2156/2156/2156 2174/2174/2174
f 2174/2174/2174 2154/2154/2154 1960/1960/1960
f 1960/1960/1960 2131/2131/2131 2164/2164/2164
f 2164/2164/2164 2174/2174/2174 1960/1960/1960
f 2131/2131/2131 2165/2165/2165 2166/2166/2166
f 2166/2166/2166 2164/2164/2164 2131/2131/2131
f 2193/2193/2193 2158/2158/2158 2170/2170/2170
f 2170/2170/2170 2156/2156/2156 2164/2164/2164
f 2164/2164/2164 2166/2166/2166 2193/2193/2193
f 2193/2193/2193 2170/2170/2170 2164/2164/2164
f 2156/2156/2156 2170/2170/2170 2172/2172/2172
f 2172/2172/2172 2169/2169/2169 2156/2156/2156
f 2192/2192/2192 2163/2163/2163 2186/2186/2186
f 2186/2186/2186 2172/2172/2172 2170/2170/2170
f 2170/2170/2170 2158/2158/2158 2192/2192/2192
f 2192/2192/2192 2186/2186/2186 2170/2170/2170
f 2172/2172/2172 2186/2186/2186 2188/2188/2188
f 2188/2188/2188 2185/2185/2185 2172/2172/2172
f 2181/2181/2181 2167/2167/2167 2188/2188/2188
f 2186/2186/2186 2163/2163/2163 2181/2181/2181
f 2188/2188/2188 2186/2186/2186 2181/2181/2181
f 2194/2194/2194 2160/2160/2160 2187/2187/2187
f 2188/2188/2188 2167/2167/2167 2194/2194/2194
f 2187/2187/2187 2188/2188/2188 2194/2194/2194
f 2185/2185/2185 2188/2188/2188 2187/2187/2187
f 2187/2187/2187 2171/2171/2171 2185/2185/2185
f 2185/2185/2185 2171/2171/2171 2157/2157/2157
f 2169/2169/2169 2172/2172/2172 2185/2185/2185
f 2157/2157/2157 2169/2169/2169 2185/2185/2185
f 2163/2163/2163 2182/2182/2182 2184/2184/2184
f 2184/2184/2184 2181/2181/2181 2163/2163/2163
f 2181/2181/2181 2184/2184/2184 2183/2183/2183
f 2183/2183/2183 2167/2167/2167 2181/2181/2181
f 2196/2196/2196 2195/2195/2195 2194/2194/2194
f 2167/2167/2167 2183/2183/2183 2196/2196/2196
f 2194/2194/2194 2167/2167/2167 2196/2196/2196
f 2157/2157/2157 2171/2171/2171 2191/2191/2191
f 2191/2191/2191 2189/2189/2189 2157/2157/2157
f 2191/2191/2191 2171/2171/2171 2187/2187/2187
f 2187/2187/2187 2160/2160/2160 2191/2191/2191
f 2159/2159/2159 2190/2190/2190 2191/2191/2191
f 2189/2189/2189 2191/2191/2191 2190/2190/2190
f 2190/2190/2190 2155/2155/2155 2189/2189/2189
f 2154/2154/2154 2174/2174/2174 2176/2176/2176
f 2176/2176/2176 2173/2173/2173 2154/2154/2154
f 2169/2169/2169 2157/2157/2157 2176/2176/2176
f 2174/2174/2174 2156/2156/2156 2169/2169/2169
f 2176/2176/2176 2174/2174/2174 2169/2169/2169
f 2189/2189/2189 2155/2155/2155 2175/2175/2175
f 2176/2176/2176 2157/2157/2157 2189/2189/2189
f 2175/2175/2175 2176/2176/2176 2189/2189/2189
f 2173/2173/2173 2176/2176/2176 2175/2175/2175
f 2175/2175/2175 1959/1959/1959 2173/2173/2173
f 1961/1961/1961 2114/2114/2114 2132/2132/2132
f 2132/2132/2132 2130/2130/2130 1961/1961/1961
f 2130/2130/2130 2132/2132/2132 2131/2131/2131
f 2131/2131/2131 1960/1960/1960 2130/2130/2130
f 1962/1962/1962 2147/2147/2147 2149/2149/2149
f 2149/2149/2149 2146/2146/2146 1962/1962/1962
f 2147/2147/2147 2113/2113/2113 2116/2116/2116
f 2116/2116/2116 2149/2149/2149 2147/2147/2147
f 2142/2142/2142 2115/2115/2115 2148/2148/2148
f 2149/2149/2149 2116/2116/2116 2142/2142/2142
f 2148/2148/2148 2149/2149/2149 2142/2142/2142
f 2146/2146/2146 2149/2149/2149 2148/2148/2148
f 2148/2148/2148 2112/2112/2112 2146/2146/2146
f 2143/2143/2143 2116/2116/2116 2113/2113/2113
f 2117/2117/2117 2119/2119/2119 2143/2143/2143
f 2113/2113/2113 2117/2117/2117 2143/2143/2143
f 2139/2139/2139 2123/2123/2123 2119/2119/2119
f 2124/2124/2124 2126/2126/2126 2139/2139/2139
f 2119/2119/2119 2124/2124/2124 2139/2139/2139
f 2123/2123/2123 2139/2139/2139 2141/2141/2141
f 2141/2141/2141 2138/2138/2138 2123/2123/2123
f 2139/2139/2139 2126/2126/2126 2133/2133/2133
f 2133/2133/2133 2141/2141/2141 2139/2139/2139
f 2136/2136/2136 2125/2125/2125 2140/2140/2140
f 2141/2141/2141 2133/2133/2133 2136/2136/2136
f 2140/2140/2140 2141/2141/2141 2136/2136/2136
f 2138/2138/2138 2141/2141/2141 2140/2140/2140
f 2140/2140/2140 2118/2118/2118 2138/2138/2138
f 2116/2116/2116 2143/2143/2143 2145/2145/2145
f 2145/2145/2145 2142/2142/2142 2116/2116/2116
f 2143/2143/2143 2119/2119/2119 2123/2123/2123
f 2123/2123/2123 2145/2145/2145 2143/2143/2143
f 2138/2138/2138 2118/2118/2118 2144/2144/2144
f 2145/2145/2145 2123/2123/2123 2138/2138/2138
f 2144/2144/2144 2145/2145/2145 2138/2138/2138
f 2142/2142/2142 2145/2145/2145 2144/2144/2144
f 2144/2144/2144 2115/2115/2115 2142/2142/2142
f 2144/2144/2144 2118/2118/2118 2134/2134/2134
f 2134/2134/2134 2129/2129/2129 2127/2127/2127
f 2127/2127/2127 2115/2115/2115 2144/2144/2144
f 2144/2144/2144 2134/2134/2134 2127/2127/2127
f 2140/2140/2140 2125/2125/2125 2137/2137/2137
f 2137/2137/2137 2135/2135/2135 2134/2134/2134
f 2134/2134/2134 2118/2118/2118 2140/2140/2140
f 2140/2140/2140 2137/2137/2137 2134/2134/2134
f 2129/2129/2129 2134/2134/2134 2135/2135/2135
f 2127/2127/2127 2129/2129/2129 2128/2128/2128
f 2128/2128/2128 2114/2114/2114 2127/2127/2127
f 2148/2148/2148 2115/2115/2115 2127/2127/2127
f 2127/2127/2127 2114/2114/2114 1961/1961/1961
f 1961/1961/1961 2112/2112/2112 2148/2148/2148
f 2148/2148/2148 2127/2127/2127 1961/1961/1961
f 1963/1963/1963 2121/2121/2121 2122/2122/2122
f 2122/2122/2122 2120/2120/2120 1963/1963/1963
f 2147/2147/2147 1962/1962/1962 2120/2120/2120
f 2122/2122/2122 2113/2113/2113 2147/2147/2147
f 2120/2120/2120 2122/2122/2122 2147/2147/2147
f 2179/2179/2179 1959/1959/1959 2161/2161/2161
f 2161/2161/2161 1958/1958/1958 1966/1966/1966
f 1966/1966/1966 1967/1967/1967 2179/2179/2179
f 2179/2179/2179 2161/2161/2161 1966/1966/1966
f 1968/1968/1968 2178/2178/2178 2180/2180/2180
f 2180/2180/2180 2177/2177/2177 1968/1968/1968
f 2178/2178/2178 1960/1960/1960 2154/2154/2154
f 2154/2154/2154 2180/2180/2180 2178/2178/2178
f 2173/2173/2173 1959/1959/1959 2179/2179/2179
f 2180/2180/2180 2154/2154/2154 2173/2173/2173
f 2179/2179/2179 2180/2180/2180 2173/2173/2173
f 2177/2177/2177 2180/2180/2180 2179/2179/2179
f 2179/2179/2179 1967/1967/1967 2177/2177/2177
f 2178/2178/2178 2152/2152/2152 2130/2130/2130
f 2152/2152/2152 1961/1961/1961 2130/2130/2130
f 2130/2130/2130 1960/1960/1960 2178/2178/2178
f 2178/2178/2178 1968/1968/1968 1969/1969/1969
f 1969/1969/1969 2152/2152/2152 2178/2178/2178
f 1970/1970/1970 2151/2151/2151 2153/2153/2153
f 2153/2153/2153 2150/2150/2150 1970/1970/1970
f 2146/2146/2146 2112/2112/2112 2153/2153/2153
f 2151/2151/2151 1962/1962/1962 2146/2146/2146
f 2153/2153/2153 2151/2151/2151 2146/2146/2146
f 2153/2153/2153 2112/2112/2112 1961/1961/1961
f 1961/1961/1961 2152/2152/2152 2153/2153/2153
f 2150/2150/2150 2153/2153/2153 2152/2152/2152
f 2152/2152/2152 1969/1969/1969 2150/2150/2150
f 2120/2120/2120 1962/1962/1962 2151/2151/2151
f 2151/2151/2151 1970/1970/1970 1971/1971/1971
f 1971/1971/1971 1963/1963/1963 2120/2120/2120
f 2120/2120/2120 2151/2151/2151 1971/1971/1971
f 1972/1972/1972 1964/1964/1964 1963/1963/1963
f 1963/1963/1963 1971/1971/1971 1972/1972/1972
f 1973/1973/1973 1965/1965/1965 1964/1964/1964
f 1964/1964/1964 1972/1972/1972 1973/1973/1973
f 1975/1975/1975 1967/1967/1967 1966/1966/1966
f 1966/1966/1966 1974/1974/1974 1975/1975/1975
f 2177/2177/2177 1967/1967/1967 1975/1975/1975
f 1976/1976/1976 1968/1968/1968 2177/2177/2177
f 1975/1975/1975 1976/1976/1976 2177/2177/2177
f 1977/1977/1977 1969/1969/1969 1968/1968/1968
f 1968/1968/1968 1976/1976/1976 1977/1977/1977
f 2150/2150/2150 1969/1969/1969 1977/1977/1977
f 1978/1978/1978 1970/1970/1970 2150/2150/2150
f 1977/1977/1977 1978/1978/1978 2150/2150/2150
f 1979/1979/1979 1971/1971/1971 1970/1970/1970
f 1970/1970/1970 1978/1978/1978 1979/1979/1979
f 1980/1980/1980 1972/1972/1972 1971/1971/1971
f 1971/1971/1971 1979/1979/1979 1980/1980/1980
f 1981/1981/1981 1973/1973/1973 1972/1972/1972
f 1972/1972/1972 1980/1980/1980 1981/1981/1981
f 1983/1983/1983 1975/1975/1975 1974/1974/1974
f 1974/1974/1974 1982/1982/1982 1983/1983/1983
f 1984/1984/1984 1976/1976/1976 1975/1975/1975
f 1975/1975/1975 1983/1983/1983 1984/1984/1984
f 1985/1985/1985 1977/1977/1977 1976/1976/1976
f 1976/1976/1976 1984/1984/1984 1985/1985/1985
f 1986/1986/1986 1978/1978/1978 1977/1977/1977
f 1977/1977/1977 1985/1985/1985 1986/1986/1986
f 1987/1987/1987 1979/1979/1979 1978/1978/1978
f 1978/1978/1978 1986/1986/1986 1987/1987/1987
f 1988/1988/1988 1980/1980/1980 1979/1979/1979
f 1979/1979/1979 1987/1987/1987 1988/1988/1988
f 1989/1989/1989 1981/1981/1981 1980/1980/1980
f 1980/1980/1980 1988/1988/1988 1989/1989/1989
f 1991/1991/1991 1983/1983/1983 1982/1982/1982
f 1982/1982/1982 1990/1990/1990 1991/1991/1991
f 1992/1992/1992 1984/1984/1984 1983/1983/1983
f 1983/1983/1983 1991/1991/1991 1992/1992/1992
f 1993/1993/1993 1985/1985/1985 1984/1984/1984
f 1984/1984/1984 1992/1992/1992 1993/1993/1993
f 1994/1994/1994 1986/1986/1986 1985/1985/1985
f 1985/1985/1985 1993/1993/1993 1994/1994/1994
f 1995/1995/1995 1987/1987/1987 1986/1986/1986
f 1986/1986/1986 1994/1994/1994 1995/1995/1995
f 1996/1996/1996 1988/1988/1988 1987/1987/1987
f 1987/1987/1987 1995/1995/1995 1996/1996/1996
f 1997/1997/1997 1989/1989/1989 1988/1988/1988
f 1988/1988/1988 1996/1996/1996 1997/1997/1997
f 1999/1999/1999 1991/1991/1991 1990/1990/1990
f 1990/1990/1990 1998/1998/1998 1999/1999/1999
f 2000/2000/2000 1992/1992/1992 1991/1991/1991
f 1991/1991/1991 1999/1999/1999 2000/2000/2000
f 2001/2001/2001 1993/1993/1993 1992/1992/1992
f 1992/1992/1992 2000/2000/2000 2001/2001/2001
f 2002/2002/2002 1994/1994/1994 1993/1993/1993
f 1993/1993/1993 2001/2001/2001 2002/2002/2002
f 2003/2003/2003 1995/1995/1995 1994/1994/1994
f 1994/1994/1994 2002/2002/2002 2003/2003/2003
f 2004/2004/2004 1996/1996/1996 1995/1995/1995
f 1995/1995/1995 2003/2003/2003 2004/2004/2004
f 2005/2005/2005 1997/1997/1997 1996/1996/1996
f 1996/1996/1996 2004/2004/2004 2005/2005/2005
f 2007/2007/2007 1999/1999/1999 1998/1998/1998
f 1998/1998/1998 2006/2006/2006 2007/2007/2007
f 2008/2008/2008 2000/2000/2000 1999/1999/1999
f 1999/1999/1999 2007/2007/2007 2008/2008/2008
f 2009/2009/2009 2001/2001/2001 2000/2000/2000
f 2000/2000/2000 2008/2008/2008 2009/2009/2009
f 2010/2010/2010 2002/2002/2002 2001/2001/2001
f 2001/2001/2001 2009/2009/2009 2010/2010/2010
f 2011/2011/2011 2003/2003/2003 2002/2002/2002
f 2002/2002/2002 2010/2010/2010 2011/2011/2011
f 2012/2012/2012 2004/2004/2004 2003/2003/2003
f 2003/2003/2003 2011/2011/2011 2012/2012/2012
f 2013/2013/2013 2005/2005/2005 2004/2004/2004
f 2004/2004/2004 2012/2012/2012 2013/2013/2013
f 2015/2015/2015 2007/2007/2007 2006/2006/2006
f 2006/2006/2006 2014/2014/2014 2015/2015/2015
f 2016/2016/2016 2008/2008/2008 2007/2007/2007
f 2007/2007/2007 2015/2015/2015 2016/2016/2016
f 2017/2017/2017 2009/2009/2009 2008/2008/2008
f 2008/2008/2008 2016/2016/2016 2017/2017/2017
f 2018/2018/2018 2010/2010/2010 2009/2009/2009
f 2009/2009/2009 2017/2017/2017 2018/2018/2018
f 2019/2019/2019 2011/2011/2011 2010/2010/2010
f 2010/2010/2010 2018/2018/2018 2019/2019/2019
f 2020/2020/2020 2012/2012/2012 2011/2011/2011
f 2011/2011/2011 2019/2019/2019 2020/2020/2020
f 2021/2021/2021 2013/2013/2013 2012/2012/2012
f 2012/2012/2012 2020/2020/2020 2021/2021/2021
f 2023/2023/2023 2015/2015/2015 2014/2014/2014
f 2014/2014/2014 2022/2022/2022 2023/2023/2023
f 2024/2024/2024 2016/2016/2016 2015/2015/2015
f 2015/2015/2015 2023/2023/2023 2024/2024/2024
f 2025/2025/2025 2017/2017/2017 2016/2016/2016
f 2016/2016/2016 2024/2024/2024 2025/2025/2025
f 2026/2026/2026 2018/2018/2018 2017/2017/2017
f 2017/2017/2017 2025/2025/2025 2026/2026/2026
f 2027/2027/2027 2019/2019/2019 2018/2018/2018
f 2018/2018/2018 2026/2026/2026 2027/2027/2027
f 2061/2061/2061 2028/2028/2028 2020/2020/2020
f 2019/2019/2019 2027/2027/2027 2061/2061/2061
f 2020/2020/2020 2019/2019/2019 2061/2061/2061
f 2066/2066/2066 2064/2064/2064 2021/2021/2021
f 2021/2021/2021 2065/2065/2065 2066/2066/2066
f 2030/2030/2030 2023/2023/2023 2022/2022/2022
f 2022/2022/2022 2029/2029/2029 2030/2030/2030
f 2031/2031/2031 2024/2024/2024 2023/2023/2023
f 2023/2023/2023 2030/2030/2030 2031/2031/2031
f 2032/2032/2032 2025/2025/2025 2024/2024/2024
f 2024/2024/2024 2031/2031/2031 2032/2032/2032
f 2033/2033/2033 2026/2026/2026 2025/2025/2025
f 2025/2025/2025 2032/2032/2032 2033/2033/2033
f 2062/2062/2062 2027/2027/2027 2026/2026/2026
f 2033/2033/2033 2034/2034/2034 2062/2062/2062
f 2026/2026/2026 2033/2033/2033 2062/2062/2062
f 2060/2060/2060 2028/2028/2028 2061/2061/2061
f 2061/2061/2061 2063/2063/2063 2060/2060/2060
f 2063/2063/2063 2061/2061/2061 2027/2027/2027
f 2027/2027/2027 2062/2062/2062 2063/2063/2063
f 2058/2058/2058 2063/2063/2063 2062/2062/2062
f 2062/2062/2062 2034/2034/2034 2058/2058/2058
f 2036/2036/2036 2030/2030/2030 2029/2029/2029
f 2029/2029/2029 2035/2035/2035 2036/2036/2036
f 2037/2037/2037 2031/2031/2031 2030/2030/2030
f 2030/2030/2030 2036/2036/2036 2037/2037/2037
f 2038/2038/2038 2032/2032/2032 2031/2031/2031
f 2031/2031/2031 2037/2037/2037 2038/2038/2038
f 2039/2039/2039 2033/2033/2033 2032/2032/2032
f 2032/2032/2032 2038/2038/2038 2039/2039/2039
f 2059/2059/2059 2034/2034/2034 2033/2033/2033
f 2039/2039/2039 2040/2040/2040 2059/2059/2059
f 2033/2033/2033 2039/2039/2039 2059/2059/2059
f 2058/2058/2058 2034/2034/2034 2059/2059/2059
f 2194/2194/2194 2195/2195/2195 2104/2104/2104
f 2195/2195/2195 2196/2196/2196 2103/2103/2103
f 2104/2104/2104 2195/2195/2195 2103/2103/2103
f 2160/2160/2160 2104/2104/2104 2105/2105/2105
f 2106/2106/2106 2107/2107/2107 2159/2159/2159
f 2190/2190/2190 2159/2159/2159 2107/2107/2107
f 2104/2104/2104 2160/2160/2160 2194/2194/2194
f 2105/2105/2105 2106/2106/2106 2191/2191/2191
f 2105/2105/2105 2191/2191/2191 2160/2160/2160
f 2191/2191/2191 2106/2106/2106 2159/2159/2159
f 2101/2101/2101 2183/2183/2183 2100/2100/2100
f 2098/2098/2098 2099/2099/2099 2165/2165/2165
f 2099/2099/2099 2100/2100/2100 2182/2182/2182
f 2183/2183/2183 2101/2101/2101 2102/2102/2102
f 2102/2102/2102 2196/2196/2196 2183/2183/2183
f 2158/2158/2158 2099/2099/2099 2182/2182/2182
f 2100/2100/2100 2184/2184/2184 2182/2182/2182
f 2100/2100/2100 2183/2183/2183 2184/2184/2184
f 2196/2196/2196 2102/2102/2102 2103/2103/2103
f 2182/2182/2182 2163/2163/2163 2192/2192/2192
f 2110/2110/2110 1958/1958/1958 2109/2109/2109
f 2162/2162/2162 2108/2108/2108 2109/2109/2109
f 2109/2109/2109 1958/1958/1958 2162/2162/2162
f 2168/2168/2168 2108/2108/2108 2162/2162/2162
f 2208/2208/2208 2110/2110/2110 2111/2111/2111
f 1966/1966/1966 2209/2209/2209 2210/2210/2210
f 1958/1958/1958 2208/2208/2208 2209/2209/2209
f 2110/2110/2110 2208/2208/2208 1958/1958/1958
f 1966/1966/1966 1958/1958/1958 2209/2209/2209
f 2182/2182/2182 2192/2192/2192 2158/2158/2158
f 2099/2099/2099 2193/2193/2193 2166/2166/2166
f 2099/2099/2099 2166/2166/2166 2165/2165/2165
f 2099/2099/2099 2158/2158/2158 2193/2193/2193
f 2155/2155/2155 2190/2190/2190 2168/2168/2168
f 2168/2168/2168 2190/2190/2190 2107/2107/2107
f 2098/2098/2098 2165/2165/2165 2131/2131/2131
f 2168/2168/2168 2107/2107/2107 2108/2108/2108
f 2132/2132/2132 2098/2098/2098 2131/2131/2131
f 2137/2137/2137 2094/2094/2094 2095/2095/2095
f 2094/2094/2094 2125/2125/2125 2093/2093/2093
f 2136/2136/2136 2092/2092/2092 2093/2093/2093
f 2095/2095/2095 2096/2096/2096 2135/2135/2135
f 2095/2095/2095 2135/2135/2135 2137/2137/2137
f 2097/2097/2097 2128/2128/2128 2096/2096/2096
f 2137/2137/2137 2125/2125/2125 2094/2094/2094
f 2125/2125/2125 2136/2136/2136 2093/2093/2093
f 2135/2135/2135 2096/2096/2096 2129/2129/2129
f 2091/2091/2091 2092/2092/2092 2136/2136/2136
f 2117/2117/2117 2088/2088/2088 2089/2089/2089
f 2087/2087/2087 2088/2088/2088 2122/2122/2122
f 2121/2121/2121 2086/2086/2086 2087/2087/2087
f 2089/2089/2089 2090/2090/2090 2124/2124/2124
f 2086/2086/2086 1964/1964/1964 2085/2085/2085
f 2083/2083/2083 2084/2084/2084 1965/1965/1965
f 1964/1964/1964 2084/2084/2084 2085/2085/2085
f 2083/2083/2083 2081/2081/2081 2082/2082/2082
f 2091/2091/2091 2136/2136/2136 2090/2090/2090
f 2136/2136/2136 2133/2133/2133 2090/2090/2090
f 2090/2090/2090 2133/2133/2133 2126/2126/2126
f 2090/2090/2090 2126/2126/2126 2124/2124/2124
f 2128/2128/2128 2129/2129/2129 2096/2096/2096
f 2122/2122/2122 2117/2117/2117 2113/2113/2113
f 2119/2119/2119 2117/2117/2117 2089/2089/2089
f 2132/2132/2132 2114/2114/2114 2128/2128/2128
f 2132/2132/2132 2128/2128/2128 2097/2097/2097
f 2117/2117/2117 2122/2122/2122 2088/2088/2088
f 2122/2122/2122 2121/2121/2121 2087/2087/2087
f 2081/2081/2081 2083/2083/2083 1965/1965/1965
f 1963/1963/1963 1964/1964/1964 2121/2121/2121
f 1965/1965/1965 2084/2084/2084 1964/1964/1964
f 2086/2086/2086 2121/2121/2121 1964/1964/1964
f 2079/2079/2079 1965/1965/1965 1973/1973/1973
f 1965/1965/1965 2079/2079/2079 2080/2080/2080
f 1973/1973/1973 2078/2078/2078 2079/2079/2079
f 1981/1981/1981 2078/2078/2078 1973/1973/1973
f 2081/2081/2081 1965/1965/1965 2080/2080/2080
f 2089/2089/2089 2124/2124/2124 2119/2119/2119
f 2132/2132/2132 2097/2097/2097 2098/2098/2098
f 2210/2210/2210 1974/1974/1974 1966/1966/1966
f 2214/2214/2214 2215/2215/2215 1998/1998/1998
f 2214/2214/2214 1990/1990/1990 2213/2213/2213
f 1982/1982/1982 2212/2212/2212 2213/2213/2213
f 2216/2216/2216 2006/2006/2006 2215/2215/2215
f 2022/2022/2022 2219/2219/2219 2220/2220/2220
f 2219/2219/2219 2022/2022/2022 2218/2218/2218
f 2014/2014/2014 2217/2217/2217 2218/2218/2218
f 2217/2217/2217 2006/2006/2006 2216/2216/2216
f 2221/2221/2221 2029/2029/2029 2220/2220/2220
f 1982/1982/1982 1974/1974/1974 2211/2211/2211
f 2210/2210/2210 2211/2211/2211 1974/1974/1974
f 2212/2212/2212 1982/1982/1982 2211/2211/2211
f 1990/1990/1990 1982/1982/1982 2213/2213/2213
f 2214/2214/2214 1998/1998/1998 1990/1990/1990
f 2006/2006/2006 1998/1998/1998 2215/2215/2215
f 2022/2022/2022 2014/2014/2014 2218/2218/2218
f 2006/2006/2006 2217/2217/2217 2014/2014/2014
f 2022/2022/2022 2220/2220/2220 2029/2029/2029
f 2035/2035/2035 2029/2029/2029 2221/2221/2221
f 2035/2035/2035 2199/2199/2199 2036/2036/2036
f 2221/2221/2221 2222/2222/2222 2035/2035/2035
f 2202/2202/2202 2037/2037/2037 2201/2201/2201
f 2037/2037/2037 2036/2036/2036 2200/2200/2200
f 2038/2038/2038 2037/2037/2037 2202/2202/2202
f 2198/2198/2198 2035/2035/2035 2222/2222/2222
f 2222/2222/2222 2197/2197/2197 2198/2198/2198
f 2037/2037/2037 2200/2200/2200 2201/2201/2201
f 2200/2200/2200 2036/2036/2036 2199/2199/2199
f 2199/2199/2199 2035/2035/2035 2198/2198/2198
f 2040/2040/2040 2039/2039/2039 2206/2206/2206
f 2042/2042/2042 2040/2040/2040 2207/2207/2207
f 2207/2207/2207 2041/2041/2041 2042/2042/2042
f 2045/2045/2045 2059/2059/2059 2040/2040/2040
f 2204/2204/2204 2039/2039/2039 2038/2038/2038
f 2039/2039/2039 2204/2204/2204 2205/2205/2205
f 2206/2206/2206 2207/2207/2207 2040/2040/2040
f 2205/2205/2205 2206/2206/2206 2039/2039/2039
f 2038/2038/2038 2203/2203/2203 2204/2204/2204
f 2203/2203/2203 2038/2038/2038 2202/2202/2202
f 2042/2042/2042 2043/2043/2043 2040/2040/2040
f 1989/1989/1989 2076/2076/2076 1981/1981/1981
f 2005/2005/2005 2072/2072/2072 1997/1997/1997
f 2013/2013/2013 2070/2070/2070 2005/2005/2005
f 1997/1997/1997 2074/2074/2074 1989/1989/1989
f 2065/2065/2065 2021/2021/2021 2020/2020/2020
f 2066/2066/2066 2067/2067/2067 2064/2064/2064
f 2069/2069/2069 2013/2013/2013 2064/2064/2064
f 2065/2065/2065 2020/2020/2020 2028/2028/2028
f 2013/2013/2013 2021/2021/2021 2064/2064/2064
f 2064/2064/2064 2067/2067/2067 2068/2068/2068
f 1997/1997/1997 2073/2073/2073 2074/2074/2074
f 2076/2076/2076 1989/1989/1989 2075/2075/2075
f 2074/2074/2074 2075/2075/2075 1989/1989/1989
f 1981/1981/1981 2076/2076/2076 2077/2077/2077
f 2013/2013/2013 2069/2069/2069 2070/2070/2070
f 2005/2005/2005 2071/2071/2071 2072/2072/2072
f 2071/2071/2071 2005/2005/2005 2070/2070/2070
f 1997/1997/1997 2072/2072/2072 2073/2073/2073
f 2064/2064/2064 2068/2068/2068 2069/2069/2069
f 1981/1981/1981 2077/2077/2077 2078/2078/2078
f 2048/2048/2048 2063/2063/2063 2058/2058/2058
f 2048/2048/2048 2060/2060/2060 2063/2063/2063
f 2049/2049/2049 2060/2060/2060 2048/2048/2048
f 2050/2050/2050 2028/2028/2028 2060/2060/2060
f 2048/2048/2048 2058/2058/2058 2047/2047/2047
f 2044/2044/2044 2045/2045/2045 2040/2040/2040
f 2058/2058/2058 2046/2046/2046 2047/2047/2047
f 2059/2059/2059 2046/2046/2046 2058/2058/2058
f 2045/2045/2045 2046/2046/2046 2059/2059/2059
f 2040/2040/2040 2043/2043/2043 2044/2044/2044
f 2066/2066/2066 2054/2054/2054 2055/2055/2055
f 2067/2067/2067 2056/2056/2056 2057/2057/2057
f 2055/2055/2055 2056/2056/2056 2066/2066/2066
f 2066/2066/2066 2056/2056/2056 2067/2067/2067
f 2054/2054/2054 2066/2066/2066 2065/2065/2065
f 2060/2060/2060 2049/2049/2049 2050/2050/2050
f 2054/2054/2054 2065/2065/2065 2053/2053/2053
f 2053/2053/2053 2065/2065/2065 2052/2052/2052
f 2028/2028/2028 2050/2050/2050 2051/2051/2051
f 2052/2052/2052 2028/2028/2028 2051/2051/2051
f 2052/2052/2052 2065/2065/2065 2028/2028/2028
f 2437/2437/2437 2224/2224/2224 2436/2436/2436
f 2442/2442/2442 2226/2226/2226 2440/2440/2440
f 2227/2227/2227 2439/2439/2439 2441/2441/2441
f 2441/2441/2441 2438/2438/2438 2227/2227/2227
f 2441/2441/2441 2439/2439/2439 2223/2223/2223
f 2438/2438/2438 2441/2441/2441 2440/2440/2440
f 2440/2440/2440 2226/2226/2226 2438/2438/2438
f 2437/2437/2437 2223/2223/2223 2439/2439/2439
f 2439/2439/2439 2227/2227/2227 2228/2228/2228
f 2228/2228/2228 2224/2224/2224 2437/2437/2437
f 2437/2437/2437 2439/2439/2439 2228/2228/2228
f 2229/2229/2229 2598/2598/2598 2599/2599/2599
f 2599/2599/2599 2597/2597/2597 2229/2229/2229
f 2618/2618/2618 2588/2588/2588 2599/2599/2599
f 2598/2598/2598 2587/2587/2587 2618/2618/2618
f 2599/2599/2599 2598/2598/2598 2618/2618/2618
f 2587/2587/2587 2619/2619/2619 2620/2620/2620
f 2620/2620/2620 2618/2618/2618 2587/2587/2587
f 2629/2629/2629 2620/2620/2620 2619/2619/2619
f 2589/2589/2589 2603/2603/2603 2629/2629/2629
f 2619/2619/2619 2589/2589/2589 2629/2629/2629
f 2620/2620/2620 2629/2629/2629 2630/2630/2630
f 2630/2630/2630 2628/2628/2628 2620/2620/2620
f 2629/2629/2629 2603/2603/2603 2621/2621/2621
f 2621/2621/2621 2630/2630/2630 2629/2629/2629
f 2626/2626/2626 2616/2616/2616 2630/2630/2630
f 2621/2621/2621 2590/2590/2590 2626/2626/2626
f 2630/2630/2630 2621/2621/2621 2626/2626/2626
f 2628/2628/2628 2630/2630/2630 2616/2616/2616
f 2616/2616/2616 2596/2596/2596 2628/2628/2628
f 2628/2628/2628 2596/2596/2596 2588/2588/2588
f 2618/2618/2618 2620/2620/2620 2628/2628/2628
f 2588/2588/2588 2618/2618/2618 2628/2628/2628
f 2622/2622/2622 2603/2603/2603 2589/2589/2589
f 2604/2604/2604 2606/2606/2606 2622/2622/2622
f 2589/2589/2589 2604/2604/2604 2622/2622/2622
f 2604/2604/2604 2225/2225/2225 2605/2605/2605
f 2605/2605/2605 2606/2606/2606 2604/2604/2604
f 2603/2603/2603 2622/2622/2622 2624/2624/2624
f 2624/2624/2624 2621/2621/2621 2603/2603/2603
f 2622/2622/2622 2606/2606/2606 2623/2623/2623
f 2623/2623/2623 2624/2624/2624 2622/2622/2622
f 2624/2624/2624 2623/2623/2623 2594/2594/2594
f 2594/2594/2594 2595/2595/2595 2624/2624/2624
f 2612/2612/2612 2590/2590/2590 2621/2621/2621
f 2624/2624/2624 2595/2595/2595 2612/2612/2612
f 2621/2621/2621 2624/2624/2624 2612/2612/2612
f 2590/2590/2590 2612/2612/2612 2614/2614/2614
f 2614/2614/2614 2611/2611/2611 2590/2590/2590
f 2612/2612/2612 2595/2595/2595 2613/2613/2613
f 2613/2613/2613 2614/2614/2614 2612/2612/2612
f 2625/2625/2625 2617/2617/2617 2615/2615/2615
f 2596/2596/2596 2616/2616/2616 2625/2625/2625
f 2615/2615/2615 2596/2596/2596 2625/2625/2625
f 2616/2616/2616 2626/2626/2626 2627/2627/2627
f 2627/2627/2627 2625/2625/2625 2616/2616/2616
f 2626/2626/2626 2590/2590/2590 2611/2611/2611
f 2611/2611/2611 2627/2627/2627 2626/2626/2626
f 2617/2617/2617 2625/2625/2625 2627/2627/2627
f 2230/2230/2230 2592/2592/2592 2593/2593/2593
f 2593/2593/2593 2591/2591/2591 2230/2230/2230
f 2608/2608/2608 2593/2593/2593 2592/2592/2592
f 2226/2226/2226 2442/2442/2442 2608/2608/2608
f 2592/2592/2592 2226/2226/2226 2608/2608/2608
f 2593/2593/2593 2608/2608/2608 2610/2610/2610
f 2610/2610/2610 2607/2607/2607 2593/2593/2593
f 2608/2608/2608 2442/2442/2442 2609/2609/2609
f 2609/2609/2609 2610/2610/2610 2608/2608/2608
f 2604/2604/2604 2589/2589/2589 2610/2610/2610
f 2609/2609/2609 2225/2225/2225 2604/2604/2604
f 2610/2610/2610 2609/2609/2609 2604/2604/2604
f 2619/2619/2619 2587/2587/2587 2607/2607/2607
f 2610/2610/2610 2589/2589/2589 2619/2619/2619
f 2607/2607/2607 2610/2610/2610 2619/2619/2619
f 2607/2607/2607 2587/2587/2587 2598/2598/2598
f 2598/2598/2598 2229/2229/2229 2591/2591/2591
f 2591/2591/2591 2593/2593/2593 2607/2607/2607
f 2607/2607/2607 2598/2598/2598 2591/2591/2591
f 2438/2438/2438 2226/2226/2226 2592/2592/2592
f 2592/2592/2592 2230/2230/2230 2231/2231/2231
f 2231/2231/2231 2227/2227/2227 2438/2438/2438
f 2438/2438/2438 2592/2592/2592 2231/2231/2231
f 2232/2232/2232 2228/2228/2228 2227/2227/2227
f 2227/2227/2227 2231/2231/2231 2232/2232/2232
f 2234/2234/2234 2601/2601/2601 2602/2602/2602
f 2602/2602/2602 2600/2600/2600 2234/2234/2234
f 2591/2591/2591 2229/2229/2229 2601/2601/2601
f 2601/2601/2601 2234/2234/2234 2235/2235/2235
f 2235/2235/2235 2230/2230/2230 2591/2591/2591
f 2591/2591/2591 2601/2601/2601 2235/2235/2235
f 2236/2236/2236 2231/2231/2231 2230/2230/2230
f 2230/2230/2230 2235/2235/2235 2236/2236/2236
f 2237/2237/2237 2232/2232/2232 2231/2231/2231
f 2231/2231/2231 2236/2236/2236 2237/2237/2237
f 2238/2238/2238 2233/2233/2233 2232/2232/2232
f 2232/2232/2232 2237/2237/2237 2238/2238/2238
f 2666/2666/2666 2631/2631/2631 2660/2660/2660
f 2660/2660/2660 2239/2239/2239 2637/2637/2637
f 2637/2637/2637 2638/2638/2638 2666/2666/2666
f 2666/2666/2666 2660/2660/2660 2637/2637/2637
f 2637/2637/2637 2234/2234/2234 2600/2600/2600
f 2600/2600/2600 2638/2638/2638 2637/2637/2637
f 2631/2631/2631 2666/2666/2666 2668/2668/2668
f 2668/2668/2668 2635/2635/2635 2631/2631/2631
f 2666/2666/2666 2638/2638/2638 2667/2667/2667
f 2667/2667/2667 2668/2668/2668 2666/2666/2666
f 2637/2637/2637 2239/2239/2239 2323/2323/2323
f 2323/2323/2323 2240/2240/2240 2235/2235/2235
f 2235/2235/2235 2234/2234/2234 2637/2637/2637
f 2637/2637/2637 2323/2323/2323 2235/2235/2235
f 2336/2336/2336 2241/2241/2241 2236/2236/2236
f 2235/2235/2235 2240/2240/2240 2336/2336/2336
f 2236/2236/2236 2235/2235/2235 2336/2336/2336
f 2242/2242/2242 2237/2237/2237 2236/2236/2236
f 2236/2236/2236 2241/2241/2241 2242/2242/2242
f 2243/2243/2243 2238/2238/2238 2237/2237/2237
f 2237/2237/2237 2242/2242/2242 2243/2243/2243
f 2658/2658/2658 2632/2632/2632 2644/2644/2644
f 2644/2644/2644 2504/2504/2504 2245/2245/2245
f 2245/2245/2245 2324/2324/2324 2658/2658/2658
f 2658/2658/2658 2644/2644/2644 2245/2245/2245
f 2324/2324/2324 2659/2659/2659 2661/2661/2661
f 2661/2661/2661 2658/2658/2658 2324/2324/2324
f 2659/2659/2659 2239/2239/2239 2660/2660/2660
f 2660/2660/2660 2661/2661/2661 2659/2659/2659
f 2661/2661/2661 2660/2660/2660 2631/2631/2631
f 2631/2631/2631 2634/2634/2634 2661/2661/2661
f 2655/2655/2655 2632/2632/2632 2658/2658/2658
f 2661/2661/2661 2634/2634/2634 2655/2655/2655
f 2658/2658/2658 2661/2661/2661 2655/2655/2655
f 2632/2632/2632 2655/2655/2655 2657/2657/2657
f 2657/2657/2657 2654/2654/2654 2632/2632/2632
f 2655/2655/2655 2634/2634/2634 2656/2656/2656
f 2656/2656/2656 2657/2657/2657 2655/2655/2655
f 2679/2679/2679 2640/2640/2640 2657/2657/2657
f 2656/2656/2656 2636/2636/2636 2679/2679/2679
f 2657/2657/2657 2656/2656/2656 2679/2679/2679
f 2651/2651/2651 2633/2633/2633 2654/2654/2654
f 2657/2657/2657 2640/2640/2640 2651/2651/2651
f 2654/2654/2654 2657/2657/2657 2651/2651/2651
f 2663/2663/2663 2636/2636/2636 2656/2656/2656
f 2656/2656/2656 2634/2634/2634 2631/2631/2631
f 2631/2631/2631 2635/2635/2635 2663/2663/2663
f 2663/2663/2663 2656/2656/2656 2631/2631/2631
f 2680/2680/2680 2636/2636/2636 2663/2663/2663
f 2665/2665/2665 2641/2641/2641 2680/2680/2680
f 2663/2663/2663 2665/2665/2665 2680/2680/2680
f 2663/2663/2663 2635/2635/2635 2664/2664/2664
f 2664/2664/2664 2665/2665/2665 2663/2663/2663
f 2633/2633/2633 2651/2651/2651 2653/2653/2653
f 2653/2653/2653 2650/2650/2650 2633/2633/2633
f 2676/2676/2676 2653/2653/2653 2651/2651/2651
f 2640/2640/2640 2652/2652/2652 2676/2676/2676
f 2651/2651/2651 2640/2640/2640 2676/2676/2676
f 2653/2653/2653 2676/2676/2676 2678/2678/2678
f 2678/2678/2678 2675/2675/2675 2653/2653/2653
f 2676/2676/2676 2652/2652/2652 2677/2677/2677
f 2677/2677/2677 2678/2678/2678 2676/2676/2676
f 2686/2686/2686 2649/2649/2649 2678/2678/2678
f 2677/2677/2677 2642/2642/2642 2686/2686/2686
f 2678/2678/2678 2677/2677/2677 2686/2686/2686
f 2670/2670/2670 2646/2646/2646 2675/2675/2675
f 2678/2678/2678 2649/2649/2649 2670/2670/2670
f 2675/2675/2675 2678/2678/2678 2670/2670/2670
f 2675/2675/2675 2646/2646/2646 2673/2673/2673
f 2673/2673/2673 2639/2639/2639 2650/2650/2650
f 2650/2650/2650 2653/2653/2653 2675/2675/2675
f 2675/2675/2675 2673/2673/2673 2650/2650/2650
f 2640/2640/2640 2679/2679/2679 2681/2681/2681
f 2681/2681/2681 2652/2652/2652 2640/2640/2640
f 2679/2679/2679 2636/2636/2636 2680/2680/2680
f 2680/2680/2680 2681/2681/2681 2679/2679/2679
f 2681/2681/2681 2680/2680/2680 2641/2641/2641
f 2641/2641/2641 2662/2662/2662 2681/2681/2681
f 2689/2689/2689 2642/2642/2642 2677/2677/2677
f 2677/2677/2677 2652/2652/2652 2681/2681/2681
f 2681/2681/2681 2662/2662/2662 2689/2689/2689
f 2689/2689/2689 2677/2677/2677 2681/2681/2681
f 2642/2642/2642 2689/2689/2689 2690/2690/2690
f 2646/2646/2646 2670/2670/2670 2672/2672/2672
f 2672/2672/2672 2669/2669/2669 2646/2646/2646
f 2683/2683/2683 2672/2672/2672 2670/2670/2670
f 2649/2649/2649 2671/2671/2671 2683/2683/2683
f 2670/2670/2670 2649/2649/2649 2683/2683/2683
f 2672/2672/2672 2683/2683/2683 2685/2685/2685
f 2685/2685/2685 2682/2682/2682 2672/2672/2672
f 2683/2683/2683 2671/2671/2671 2684/2684/2684
f 2684/2684/2684 2685/2685/2685 2683/2683/2683
f 2649/2649/2649 2686/2686/2686 2688/2688/2688
f 2688/2688/2688 2671/2671/2671 2649/2649/2649
f 2686/2686/2686 2642/2642/2642 2687/2687/2687
f 2687/2687/2687 2688/2688/2688 2686/2686/2686
f 2504/2504/2504 2644/2644/2644 2645/2645/2645
f 2645/2645/2645 2643/2643/2643 2504/2504/2504
f 2654/2654/2654 2633/2633/2633 2647/2647/2647
f 2647/2647/2647 2645/2645/2645 2644/2644/2644
f 2644/2644/2644 2632/2632/2632 2654/2654/2654
f 2654/2654/2654 2647/2647/2647 2644/2644/2644
f 2645/2645/2645 2647/2647/2647 2648/2648/2648
f 2650/2650/2650 2639/2639/2639 2674/2674/2674
f 2674/2674/2674 2648/2648/2648 2647/2647/2647
f 2647/2647/2647 2633/2633/2633 2650/2650/2650
f 2650/2650/2650 2674/2674/2674 2647/2647/2647
f 2316/2316/2316 2246/2246/2246 2322/2322/2322
f 2325/2325/2325 2312/2312/2312 2316/2316/2316
f 2322/2322/2322 2325/2325/2325 2316/2316/2316
f 2322/2322/2322 2240/2240/2240 2323/2323/2323
f 2323/2323/2323 2325/2325/2325 2322/2322/2322
f 2659/2659/2659 2324/2324/2324 2325/2325/2325
f 2323/2323/2323 2239/2239/2239 2659/2659/2659
f 2325/2325/2325 2323/2323/2323 2659/2659/2659
f 2521/2521/2521 2312/2312/2312 2325/2325/2325
f 2324/2324/2324 2245/2245/2245 2521/2521/2521
f 2325/2325/2325 2324/2324/2324 2521/2521/2521
f 2349/2349/2349 2247/2247/2247 2335/2335/2335
f 2337/2337/2337 2320/2320/2320 2349/2349/2349
f 2335/2335/2335 2337/2337/2337 2349/2349/2349
f 2335/2335/2335 2241/2241/2241 2336/2336/2336
f 2336/2336/2336 2337/2337/2337 2335/2335/2335
f 2337/2337/2337 2336/2336/2336 2240/2240/2240
f 2240/2240/2240 2322/2322/2322 2337/2337/2337
f 2333/2333/2333 2320/2320/2320 2337/2337/2337
f 2322/2322/2322 2246/2246/2246 2333/2333/2333
f 2337/2337/2337 2322/2322/2322 2333/2333/2333
f 2335/2335/2335 2247/2247/2247 2353/2353/2353
f 2353/2353/2353 2248/2248/2248 2242/2242/2242
f 2242/2242/2242 2241/2241/2241 2335/2335/2335
f 2335/2335/2335 2353/2353/2353 2242/2242/2242
f 2249/2249/2249 2243/2243/2243 2242/2242/2242
f 2242/2242/2242 2248/2248/2248 2249/2249/2249
f 2250/2250/2250 2244/2244/2244 2243/2243/2243
f 2243/2243/2243 2249/2249/2249 2250/2250/2250
f 2513/2513/2513 2510/2510/2510 2517/2517/2517
f 2501/2501/2501 2251/2251/2251 2513/2513/2513
f 2517/2517/2517 2501/2501/2501 2513/2513/2513
f 2510/2510/2510 2313/2313/2313 2515/2515/2515
f 2515/2515/2515 2517/2517/2517 2510/2510/2510
f 2517/2517/2517 2515/2515/2515 2505/2505/2505
f 2505/2505/2505 2516/2516/2516 2517/2517/2517
f 2704/2704/2704 2501/2501/2501 2517/2517/2517
f 2516/2516/2516 2486/2486/2486 2704/2704/2704
f 2517/2517/2517 2516/2516/2516 2704/2704/2704
f 2515/2515/2515 2313/2313/2313 2522/2522/2522
f 2522/2522/2522 2245/2245/2245 2504/2504/2504
f 2504/2504/2504 2505/2505/2505 2515/2515/2515
f 2515/2515/2515 2522/2522/2522 2504/2504/2504
f 2326/2326/2326 2315/2315/2315 2327/2327/2327
f 2327/2327/2327 2329/2329/2329 2326/2326/2326
f 2329/2329/2329 2327/2327/2327 2318/2318/2318
f 2318/2318/2318 2328/2328/2328 2329/2329/2329
f 2327/2327/2327 2315/2315/2315 2246/2246/2246
f 2316/2316/2316 2318/2318/2318 2327/2327/2327
f 2246/2246/2246 2316/2316/2316 2327/2327/2327
f 2525/2525/2525 2318/2318/2318 2316/2316/2316
f 2312/2312/2312 2317/2317/2317 2525/2525/2525
f 2316/2316/2316 2312/2312/2312 2525/2525/2525
f 2328/2328/2328 2318/2318/2318 2525/2525/2525
f 2525/2525/2525 2527/2527/2527 2328/2328/2328
f 2527/2527/2527 2525/2525/2525 2317/2317/2317
f 2317/2317/2317 2526/2526/2526 2527/2527/2527
f 2524/2524/2524 2527/2527/2527 2526/2526/2526
f 2526/2526/2526 2314/2314/2314 2524/2524/2524
f 2518/2518/2518 2314/2314/2314 2526/2526/2526
f 2526/2526/2526 2317/2317/2317 2523/2523/2523
f 2523/2523/2523 2509/2509/2509 2518/2518/2518
f 2518/2518/2518 2526/2526/2526 2523/2523/2523
f 2317/2317/2317 2312/2312/2312 2521/2521/2521
f 2521/2521/2521 2523/2523/2523 2317/2317/2317
f 2523/2523/2523 2521/2521/2521 2245/2245/2245
f 2245/2245/2245 2522/2522/2522 2523/2523/2523
f 2509/2509/2509 2523/2523/2523 2522/2522/2522
f 2522/2522/2522 2313/2313/2313 2509/2509/2509
f 2520/2520/2520 2518/2518/2518 2509/2509/2509
f 2509/2509/2509 2519/2519/2519 2520/2520/2520
f 2512/2512/2512 2511/2511/2511 2519/2519/2519
f 2519/2519/2519 2509/2509/2509 2313/2313/2313
f 2313/2313/2313 2510/2510/2510 2512/2512/2512
f 2512/2512/2512 2519/2519/2519 2313/2313/2313
f 2511/2511/2511 2512/2512/2512 2514/2514/2514
f 2514/2514/2514 2512/2512/2512 2510/2510/2510
f 2510/2510/2510 2513/2513/2513 2514/2514/2514
f 2506/2506/2506 2514/2514/2514 2513/2513/2513
f 2513/2513/2513 2251/2251/2251 2506/2506/2506
f 2252/2252/2252 2365/2365/2365 2367/2367/2367
f 2367/2367/2367 2364/2364/2364 2252/2252/2252
f 2365/2365/2365 2355/2355/2355 2366/2366/2366
f 2366/2366/2366 2367/2367/2367 2365/2365/2365
f 2367/2367/2367 2366/2366/2366 2356/2356/2356
f 2357/2357/2357 2356/2356/2356 2366/2366/2366
f 2366/2366/2366 2355/2355/2355 2319/2319/2319
f 2319/2319/2319 2347/2347/2347 2357/2357/2357
f 2357/2357/2357 2366/2366/2366 2319/2319/2319
f 2357/2357/2357 2347/2347/2347 2358/2358/2358
f 2358/2358/2358 2359/2359/2359 2357/2357/2357
f 2319/2319/2319 2348/2348/2348 2350/2350/2350
f 2350/2350/2350 2347/2347/2347 2319/2319/2319
f 2348/2348/2348 2247/2247/2247 2349/2349/2349
f 2349/2349/2349 2350/2350/2350 2348/2348/2348
f 2350/2350/2350 2349/2349/2349 2320/2320/2320
f 2320/2320/2320 2332/2332/2332 2350/2350/2350
f 2344/2344/2344 2321/2321/2321 2358/2358/2358
f 2358/2358/2358 2347/2347/2347 2350/2350/2350
f 2350/2350/2350 2332/2332/2332 2344/2344/2344
f 2344/2344/2344 2358/2358/2358 2350/2350/2350
f 2321/2321/2321 2344/2344/2344 2346/2346/2346
f 2346/2346/2346 2343/2343/2343 2321/2321/2321
f 2344/2344/2344 2332/2332/2332 2345/2345/2345
f 2345/2345/2345 2346/2346/2346 2344/2344/2344
f 2346/2346/2346 2345/2345/2345 2334/2334/2334
f 2334/2334/2334 2338/2338/2338 2346/2346/2346
f 2345/2345/2345 2332/2332/2332 2320/2320/2320
f 2333/2333/2333 2334/2334/2334 2345/2345/2345
f 2320/2320/2320 2333/2333/2333 2345/2345/2345
f 2339/2339/2339 2334/2334/2334 2333/2333/2333
f 2246/2246/2246 2315/2315/2315 2339/2339/2339
f 2333/2333/2333 2246/2246/2246 2339/2339/2339
f 2338/2338/2338 2334/2334/2334 2339/2339/2339
f 2339/2339/2339 2340/2340/2340 2338/2338/2338
f 2340/2340/2340 2339/2339/2339 2315/2315/2315
f 2315/2315/2315 2326/2326/2326 2340/2340/2340
f 2369/2369/2369 2351/2351/2351 2253/2253/2253
f 2352/2352/2352 2354/2354/2354 2369/2369/2369
f 2253/2253/2253 2352/2352/2352 2369/2369/2369
f 2352/2352/2352 2248/2248/2248 2353/2353/2353
f 2353/2353/2353 2354/2354/2354 2352/2352/2352
f 2348/2348/2348 2319/2319/2319 2370/2370/2370
f 2370/2370/2370 2354/2354/2354 2353/2353/2353
f 2353/2353/2353 2247/2247/2247 2348/2348/2348
f 2348/2348/2348 2370/2370/2370 2353/2353/2353
f 2351/2351/2351 2369/2369/2369 2371/2371/2371
f 2371/2371/2371 2368/2368/2368 2351/2351/2351
f 2369/2369/2369 2354/2354/2354 2370/2370/2370
f 2370/2370/2370 2371/2371/2371 2369/2369/2369
f 2371/2371/2371 2370/2370/2370 2319/2319/2319
f 2319/2319/2319 2355/2355/2355 2371/2371/2371
f 2365/2365/2365 2252/2252/2252 2368/2368/2368
f 2371/2371/2371 2355/2355/2355 2365/2365/2365
f 2368/2368/2368 2371/2371/2371 2365/2365/2365
f 2352/2352/2352 2253/2253/2253 2254/2254/2254
f 2249/2249/2249 2248/2248/2248 2352/2352/2352
f 2254/2254/2254 2249/2249/2249 2352/2352/2352
f 2255/2255/2255 2250/2250/2250 2249/2249/2249
f 2249/2249/2249 2254/2254/2254 2255/2255/2255
f 2256/2256/2256 2484/2484/2484 2497/2497/2497
f 2497/2497/2497 2495/2495/2495 2256/2256/2256
f 2493/2493/2493 2331/2331/2331 2496/2496/2496
f 2497/2497/2497 2484/2484/2484 2493/2493/2493
f 2496/2496/2496 2497/2497/2497 2493/2493/2493
f 2499/2499/2499 2490/2490/2490 2503/2503/2503
f 2503/2503/2503 2696/2696/2696 2499/2499/2499
f 2696/2696/2696 2496/2496/2496 2331/2331/2331
f 2331/2331/2331 2499/2499/2499 2696/2696/2696
f 2507/2507/2507 2251/2251/2251 2501/2501/2501
f 2501/2501/2501 2703/2703/2703 2507/2507/2507
f 2703/2703/2703 2503/2503/2503 2490/2490/2490
f 2490/2490/2490 2507/2507/2507 2703/2703/2703
f 2723/2723/2723 2697/2697/2697 2503/2503/2503
f 2703/2703/2703 2705/2705/2705 2723/2723/2723
f 2503/2503/2503 2703/2703/2703 2723/2723/2723
f 2703/2703/2703 2501/2501/2501 2704/2704/2704
f 2704/2704/2704 2705/2705/2705 2703/2703/2703
f 2724/2724/2724 2705/2705/2705 2704/2704/2704
f 2486/2486/2486 2691/2691/2691 2724/2724/2724
f 2704/2704/2704 2486/2486/2486 2724/2724/2724
f 2697/2697/2697 2723/2723/2723 2725/2725/2725
f 2725/2725/2725 2714/2714/2714 2697/2697/2697
f 2723/2723/2723 2705/2705/2705 2724/2724/2724
f 2724/2724/2724 2725/2725/2725 2723/2723/2723
f 2725/2725/2725 2724/2724/2724 2691/2691/2691
f 2691/2691/2691 2700/2700/2700 2725/2725/2725
f 2720/2720/2720 2502/2502/2502 2714/2714/2714
f 2725/2725/2725 2700/2700/2700 2720/2720/2720
f 2714/2714/2714 2725/2725/2725 2720/2720/2720
f 2496/2496/2496 2696/2696/2696 2698/2698/2698
f 2698/2698/2698 2695/2695/2695 2496/2496/2496
f 2713/2713/2713 2698/2698/2698 2696/2696/2696
f 2503/2503/2503 2697/2697/2697 2713/2713/2713
f 2696/2696/2696 2503/2503/2503 2713/2713/2713
f 2698/2698/2698 2713/2713/2713 2715/2715/2715
f 2715/2715/2715 2712/2712/2712 2698/2698/2698
f 2713/2713/2713 2697/2697/2697 2714/2714/2714
f 2714/2714/2714 2715/2715/2715 2713/2713/2713
f 2709/2709/2709 2693/2693/2693 2715/2715/2715
f 2714/2714/2714 2502/2502/2502 2709/2709/2709
f 2715/2715/2715 2714/2714/2714 2709/2709/2709
f 2712/2712/2712 2715/2715/2715 2693/2693/2693
f 2693/2693/2693 2692/2692/2692 2712/2712/2712
f 2693/2693/2693 2709/2709/2709 2711/2711/2711
f 2711/2711/2711 2708/2708/2708 2693/2693/2693
f 2709/2709/2709 2502/2502/2502 2710/2710/2710
f 2710/2710/2710 2711/2711/2711 2709/2709/2709
f 2706/2706/2706 2699/2699/2699 2711/2711/2711
f 2710/2710/2710 2694/2694/2694 2706/2706/2706
f 2711/2711/2711 2710/2710/2710 2706/2706/2706
f 2502/2502/2502 2720/2720/2720 2722/2722/2722
f 2722/2722/2722 2710/2710/2710 2502/2502/2502
f 2720/2720/2720 2700/2700/2700 2721/2721/2721
f 2721/2721/2721 2722/2722/2722 2720/2720/2720
f 2722/2722/2722 2721/2721/2721 2702/2702/2702
f 2702/2702/2702 2716/2716/2716 2722/2722/2722
f 2717/2717/2717 2694/2694/2694 2710/2710/2710
f 2722/2722/2722 2716/2716/2716 2717/2717/2717
f 2710/2710/2710 2722/2722/2722 2717/2717/2717
f 2721/2721/2721 2700/2700/2700 2691/2691/2691
f 2701/2701/2701 2702/2702/2702 2721/2721/2721
f 2691/2691/2691 2701/2701/2701 2721/2721/2721
f 2694/2694/2694 2717/2717/2717 2719/2719/2719
f 2719/2719/2719 2707/2707/2707 2694/2694/2694
f 2717/2717/2717 2716/2716/2716 2718/2718/2718
f 2718/2718/2718 2719/2719/2719 2717/2717/2717
f 2508/2508/2508 2506/2506/2506 2251/2251/2251
f 2251/2251/2251 2507/2507/2507 2508/2508/2508
f 2498/2498/2498 2508/2508/2508 2507/2507/2507
f 2507/2507/2507 2490/2490/2490 2498/2498/2498
f 2500/2500/2500 2498/2498/2498 2490/2490/2490
f 2490/2490/2490 2499/2499/2499 2500/2500/2500
f 2492/2492/2492 2500/2500/2500 2499/2499/2499
f 2499/2499/2499 2331/2331/2331 2492/2492/2492
f 2487/2487/2487 2489/2489/2489 2488/2488/2488
f 2488/2488/2488 2481/2481/2481 2487/2487/2487
f 2494/2494/2494 2491/2491/2491 2485/2485/2485
f 2494/2494/2494 2492/2492/2492 2331/2331/2331
f 2331/2331/2331 2493/2493/2493 2494/2494/2494
f 2491/2491/2491 2494/2494/2494 2493/2493/2493
f 2493/2493/2493 2484/2484/2484 2491/2491/2491
f 2488/2488/2488 2485/2485/2485 2491/2491/2491
f 2491/2491/2491 2484/2484/2484 2256/2256/2256
f 2256/2256/2256 2481/2481/2481 2488/2488/2488
f 2488/2488/2488 2491/2491/2491 2256/2256/2256
f 2388/2388/2388 2383/2383/2383 2398/2398/2398
f 2398/2398/2398 2381/2381/2381 2257/2257/2257
f 2257/2257/2257 2382/2382/2382 2388/2388/2388
f 2388/2388/2388 2398/2398/2398 2257/2257/2257
f 2382/2382/2382 2389/2389/2389 2390/2390/2390
f 2390/2390/2390 2388/2388/2388 2382/2382/2382
f 2389/2389/2389 2342/2342/2342 2378/2378/2378
f 2378/2378/2378 2390/2390/2390 2389/2389/2389
f 2383/2383/2383 2388/2388/2388 2390/2390/2390
f 2381/2381/2381 2398/2398/2398 2399/2399/2399
f 2399/2399/2399 2397/2397/2397 2381/2381/2381
f 2342/2342/2342 2379/2379/2379 2380/2380/2380
f 2380/2380/2380 2378/2378/2378 2342/2342/2342
f 2379/2379/2379 2360/2360/2360 2372/2372/2372
f 2372/2372/2372 2380/2380/2380 2379/2379/2379
f 2360/2360/2360 2373/2373/2373 2374/2374/2374
f 2374/2374/2374 2372/2372/2372 2360/2360/2360
f 2373/2373/2373 2252/2252/2252 2364/2364/2364
f 2364/2364/2364 2374/2374/2374 2373/2373/2373
f 2392/2392/2392 2361/2361/2361 2258/2258/2258
f 2362/2362/2362 2363/2363/2363 2392/2392/2392
f 2258/2258/2258 2362/2362/2362 2392/2392/2392
f 2376/2376/2376 2363/2363/2363 2362/2362/2362
f 2253/2253/2253 2351/2351/2351 2376/2376/2376
f 2362/2362/2362 2253/2253/2253 2376/2376/2376
f 2363/2363/2363 2376/2376/2376 2377/2377/2377
f 2377/2377/2377 2375/2375/2375 2363/2363/2363
f 2376/2376/2376 2351/2351/2351 2368/2368/2368
f 2368/2368/2368 2377/2377/2377 2376/2376/2376
f 2373/2373/2373 2360/2360/2360 2377/2377/2377
f 2368/2368/2368 2252/2252/2252 2373/2373/2373
f 2377/2377/2377 2368/2368/2368 2373/2373/2373
f 2379/2379/2379 2342/2342/2342 2375/2375/2375
f 2377/2377/2377 2360/2360/2360 2379/2379/2379
f 2375/2375/2375 2377/2377/2377 2379/2379/2379
f 2361/2361/2361 2392/2392/2392 2393/2393/2393
f 2393/2393/2393 2391/2391/2391 2361/2361/2361
f 2392/2392/2392 2363/2363/2363 2375/2375/2375
f 2375/2375/2375 2393/2393/2393 2392/2392/2392
f 2389/2389/2389 2382/2382/2382 2393/2393/2393
f 2375/2375/2375 2342/2342/2342 2389/2389/2389
f 2393/2393/2393 2375/2375/2375 2389/2389/2389
f 2391/2391/2391 2393/2393/2393 2382/2382/2382
f 2382/2382/2382 2257/2257/2257 2391/2391/2391
f 2362/2362/2362 2258/2258/2258 2259/2259/2259
f 2254/2254/2254 2253/2253/2253 2362/2362/2362
f 2259/2259/2259 2254/2254/2254 2362/2362/2362
f 2260/2260/2260 2255/2255/2255 2254/2254/2254
f 2254/2254/2254 2259/2259/2259 2260/2260/2260
f 2255/2255/2255 2260/2260/2260 2261/2261/2261
f 2416/2416/2416 2409/2409/2409 2407/2407/2407
f 2262/2262/2262 2386/2386/2386 2416/2416/2416
f 2407/2407/2407 2262/2262/2262 2416/2416/2416
f 2474/2474/2474 2418/2418/2418 2416/2416/2416
f 2386/2386/2386 2405/2405/2405 2474/2474/2474
f 2416/2416/2416 2386/2386/2386 2474/2474/2474
f 2474/2474/2474 2476/2476/2476 2475/2475/2475
f 2475/2475/2475 2418/2418/2418 2474/2474/2474
f 2418/2418/2418 2475/2475/2475 2479/2479/2479
f 2479/2479/2479 2477/2477/2477 2418/2418/2418
f 2477/2477/2477 2479/2479/2479 2478/2478/2478
f 2478/2478/2478 2417/2417/2417 2477/2477/2477
f 2477/2477/2477 2417/2417/2417 2409/2409/2409
f 2416/2416/2416 2418/2418/2418 2477/2477/2477
f 2409/2409/2409 2416/2416/2416 2477/2477/2477
f 2409/2409/2409 2417/2417/2417 2483/2483/2483
f 2483/2483/2483 2480/2480/2480 2409/2409/2409
f 2478/2478/2478 2330/2330/2330 2487/2487/2487
f 2487/2487/2487 2481/2481/2481 2483/2483/2483
f 2483/2483/2483 2417/2417/2417 2478/2478/2478
f 2478/2478/2478 2487/2487/2487 2483/2483/2483
f 2483/2483/2483 2481/2481/2481 2256/2256/2256
f 2256/2256/2256 2482/2482/2482 2483/2483/2483
f 2480/2480/2480 2483/2483/2483 2482/2482/2482
f 2482/2482/2482 2408/2408/2408 2480/2480/2480
f 2400/2400/2400 2387/2387/2387 2384/2384/2384
f 2263/2263/2263 2385/2385/2385 2400/2400/2400
f 2384/2384/2384 2263/2263/2263 2400/2400/2400
f 2385/2385/2385 2401/2401/2401 2403/2403/2403
f 2403/2403/2403 2400/2400/2400 2385/2385/2385
f 2401/2401/2401 2257/2257/2257 2381/2381/2381
f 2381/2381/2381 2403/2403/2403 2401/2401/2401
f 2397/2397/2397 2341/2341/2341 2411/2411/2411
f 2411/2411/2411 2402/2402/2402 2403/2403/2403
f 2403/2403/2403 2381/2381/2381 2397/2397/2397
f 2397/2397/2397 2411/2411/2411 2403/2403/2403
f 2400/2400/2400 2403/2403/2403 2402/2402/2402
f 2402/2402/2402 2387/2387/2387 2400/2400/2400
f 2410/2410/2410 2406/2406/2406 2404/2404/2404
f 2387/2387/2387 2402/2402/2402 2410/2410/2410
f 2404/2404/2404 2387/2387/2387 2410/2410/2410
f 2402/2402/2402 2411/2411/2411 2413/2413/2413
f 2413/2413/2413 2410/2410/2410 2402/2402/2402
f 2410/2410/2410 2413/2413/2413 2412/2412/2412
f 2412/2412/2412 2406/2406/2406 2410/2410/2410
f 2406/2406/2406 2412/2412/2412 2415/2415/2415
f 2415/2415/2415 2414/2414/2414 2406/2406/2406
f 2414/2414/2414 2405/2405/2405 2386/2386/2386
f 2404/2404/2404 2406/2406/2406 2414/2414/2414
f 2386/2386/2386 2404/2404/2404 2414/2414/2414
f 2404/2404/2404 2386/2386/2386 2262/2262/2262
f 2384/2384/2384 2387/2387/2387 2404/2404/2404
f 2262/2262/2262 2384/2384/2384 2404/2404/2404
f 2264/2264/2264 2395/2395/2395 2396/2396/2396
f 2396/2396/2396 2394/2394/2394 2264/2264/2264
f 2395/2395/2395 2258/2258/2258 2361/2361/2361
f 2361/2361/2361 2396/2396/2396 2395/2395/2395
f 2391/2391/2391 2257/2257/2257 2401/2401/2401
f 2401/2401/2401 2385/2385/2385 2396/2396/2396
f 2396/2396/2396 2361/2361/2361 2391/2391/2391
f 2391/2391/2391 2401/2401/2401 2396/2396/2396
f 2394/2394/2394 2396/2396/2396 2385/2385/2385
f 2385/2385/2385 2263/2263/2263 2394/2394/2394
f 2395/2395/2395 2264/2264/2264 2265/2265/2265
f 2259/2259/2259 2258/2258/2258 2395/2395/2395
f 2265/2265/2265 2259/2259/2259 2395/2395/2395
f 2266/2266/2266 2260/2260/2260 2259/2259/2259
f 2259/2259/2259 2265/2265/2265 2266/2266/2266
f 2267/2267/2267 2261/2261/2261 2260/2260/2260
f 2260/2260/2260 2266/2266/2266 2267/2267/2267
f 2268/2268/2268 2768/2768/2768 2770/2770/2770
f 2770/2770/2770 2747/2747/2747 2268/2268/2268
f 2768/2768/2768 2730/2730/2730 2769/2769/2769
f 2769/2769/2769 2770/2770/2770 2768/2768/2768
f 2770/2770/2770 2769/2769/2769 2732/2732/2732
f 2732/2732/2732 2735/2735/2735 2770/2770/2770
f 2765/2765/2765 2727/2727/2727 2747/2747/2747
f 2770/2770/2770 2735/2735/2735 2765/2765/2765
f 2747/2747/2747 2770/2770/2770 2765/2765/2765
f 2769/2769/2769 2730/2730/2730 2263/2263/2263
f 2384/2384/2384 2732/2732/2732 2769/2769/2769
f 2263/2263/2263 2384/2384/2384 2769/2769/2769
f 2736/2736/2736 2732/2732/2732 2384/2384/2384
f 2262/2262/2262 2731/2731/2731 2736/2736/2736
f 2384/2384/2384 2262/2262/2262 2736/2736/2736
f 2727/2727/2727 2765/2765/2765 2767/2767/2767
f 2767/2767/2767 2744/2744/2744 2727/2727/2727
f 2765/2765/2765 2735/2735/2735 2766/2766/2766
f 2766/2766/2766 2767/2767/2767 2765/2765/2765
f 2767/2767/2767 2766/2766/2766 2738/2738/2738
f 2738/2738/2738 2752/2752/2752 2767/2767/2767
f 2761/2761/2761 2729/2729/2729 2744/2744/2744
f 2767/2767/2767 2752/2752/2752 2761/2761/2761
f 2744/2744/2744 2767/2767/2767 2761/2761/2761
f 2766/2766/2766 2735/2735/2735 2732/2732/2732
f 2736/2736/2736 2738/2738/2738 2766/2766/2766
f 2732/2732/2732 2736/2736/2736 2766/2766/2766
f 2753/2753/2753 2738/2738/2738 2736/2736/2736
f 2731/2731/2731 2737/2737/2737 2753/2753/2753
f 2736/2736/2736 2731/2731/2731 2753/2753/2753
f 2729/2729/2729 2761/2761/2761 2764/2764/2764
f 2764/2764/2764 2740/2740/2740 2729/2729/2729
f 2761/2761/2761 2752/2752/2752 2762/2762/2762
f 2762/2762/2762 2764/2764/2764 2761/2761/2761
f 2764/2764/2764 2762/2762/2762 2755/2755/2755
f 2755/2755/2755 2763/2763/2763 2764/2764/2764
f 2758/2758/2758 2740/2740/2740 2764/2764/2764
f 2763/2763/2763 2734/2734/2734 2758/2758/2758
f 2764/2764/2764 2763/2763/2763 2758/2758/2758
f 2762/2762/2762 2752/2752/2752 2738/2738/2738
f 2753/2753/2753 2755/2755/2755 2762/2762/2762
f 2738/2738/2738 2753/2753/2753 2762/2762/2762
f 2755/2755/2755 2753/2753/2753 2737/2737/2737
f 2737/2737/2737 2754/2754/2754 2755/2755/2755
f 2269/2269/2269 2771/2771/2771 2772/2772/2772
f 2772/2772/2772 2750/2750/2750 2269/2269/2269
f 2771/2771/2771 2264/2264/2264 2394/2394/2394
f 2394/2394/2394 2772/2772/2772 2771/2771/2771
f 2772/2772/2772 2394/2394/2394 2263/2263/2263
f 2263/2263/2263 2730/2730/2730 2772/2772/2772
f 2768/2768/2768 2268/2268/2268 2750/2750/2750
f 2772/2772/2772 2730/2730/2730 2768/2768/2768
f 2750/2750/2750 2772/2772/2772 2768/2768/2768
f 2771/2771/2771 2269/2269/2269 2270/2270/2270
f 2265/2265/2265 2264/2264/2264 2771/2771/2771
f 2270/2270/2270 2265/2265/2265 2771/2771/2771
f 2271/2271/2271 2266/2266/2266 2265/2265/2265
f 2265/2265/2265 2270/2270/2270 2271/2271/2271
f 2272/2272/2272 2267/2267/2267 2266/2266/2266
f 2266/2266/2266 2271/2271/2271 2272/2272/2272
f 2726/2726/2726 2746/2746/2746 2748/2748/2748
f 2746/2746/2746 2268/2268/2268 2747/2747/2747
f 2747/2747/2747 2748/2748/2748 2746/2746/2746
f 2743/2743/2743 2728/2728/2728 2748/2748/2748
f 2747/2747/2747 2727/2727/2727 2743/2743/2743
f 2748/2748/2748 2747/2747/2747 2743/2743/2743
f 2728/2728/2728 2743/2743/2743 2745/2745/2745
f 2745/2745/2745 2742/2742/2742 2728/2728/2728
f 2743/2743/2743 2727/2727/2727 2744/2744/2744
f 2744/2744/2744 2745/2745/2745 2743/2743/2743
f 2739/2739/2739 2733/2733/2733 2745/2745/2745
f 2744/2744/2744 2729/2729/2729 2739/2739/2739
f 2745/2745/2745 2744/2744/2744 2739/2739/2739
f 2757/2757/2757 2741/2741/2741 2739/2739/2739
f 2729/2729/2729 2740/2740/2740 2757/2757/2757
f 2739/2739/2739 2729/2729/2729 2757/2757/2757
f 2741/2741/2741 2757/2757/2757 2760/2760/2760
f 2760/2760/2760 2756/2756/2756 2741/2741/2741
f 2757/2757/2757 2740/2740/2740 2758/2758/2758
f 2758/2758/2758 2760/2760/2760 2757/2757/2757
f 2760/2760/2760 2758/2758/2758 2734/2734/2734
f 2734/2734/2734 2759/2759/2759 2760/2760/2760
f 2274/2274/2274 2749/2749/2749 2751/2751/2751
f 2749/2749/2749 2269/2269/2269 2750/2750/2750
f 2750/2750/2750 2751/2751/2751 2749/2749/2749
f 2746/2746/2746 2726/2726/2726 2751/2751/2751
f 2750/2750/2750 2268/2268/2268 2746/2746/2746
f 2751/2751/2751 2750/2750/2750 2746/2746/2746
f 2749/2749/2749 2274/2274/2274 2275/2275/2275
f 2270/2270/2270 2269/2269/2269 2749/2749/2749
f 2275/2275/2275 2270/2270/2270 2749/2749/2749
f 2276/2276/2276 2271/2271/2271 2270/2270/2270
f 2270/2270/2270 2275/2275/2275 2276/2276/2276
f 2277/2277/2277 2272/2272/2272 2271/2271/2271
f 2271/2271/2271 2276/2276/2276 2277/2277/2277
f 2278/2278/2278 2273/2273/2273 2272/2272/2272
f 2272/2272/2272 2277/2277/2277 2278/2278/2278
f 2615/2615/2615 2532/2532/2532 2533/2533/2533
f 2534/2534/2534 2535/2535/2535 2599/2599/2599
f 2534/2534/2534 2588/2588/2588 2533/2533/2533
f 2588/2588/2588 2615/2615/2615 2533/2533/2533
f 2530/2530/2530 2611/2611/2611 2529/2529/2529
f 2531/2531/2531 2532/2532/2532 2617/2617/2617
f 2615/2615/2615 2617/2617/2617 2532/2532/2532
f 2531/2531/2531 2617/2617/2617 2627/2627/2627
f 2627/2627/2627 2530/2530/2530 2531/2531/2531
f 2536/2536/2536 2599/2599/2599 2535/2535/2535
f 2600/2600/2600 2539/2539/2539 2667/2667/2667
f 2540/2540/2540 2667/2667/2667 2539/2539/2539
f 2668/2668/2668 2540/2540/2540 2664/2664/2664
f 2541/2541/2541 2664/2664/2664 2540/2540/2540
f 2667/2667/2667 2540/2540/2540 2668/2668/2668
f 2602/2602/2602 2537/2537/2537 2538/2538/2538
f 2597/2597/2597 2537/2537/2537 2602/2602/2602
f 2539/2539/2539 2602/2602/2602 2538/2538/2538
f 2600/2600/2600 2602/2602/2602 2539/2539/2539
f 2600/2600/2600 2667/2667/2667 2638/2638/2638
f 2597/2597/2597 2536/2536/2536 2537/2537/2537
f 2635/2635/2635 2668/2668/2668 2664/2664/2664
f 2605/2605/2605 2435/2435/2435 2528/2528/2528
f 2605/2605/2605 2528/2528/2528 2623/2623/2623
f 2594/2594/2594 2623/2623/2623 2528/2528/2528
f 2606/2606/2606 2605/2605/2605 2623/2623/2623
f 2594/2594/2594 2528/2528/2528 2613/2613/2613
f 2225/2225/2225 2435/2435/2435 2605/2605/2605
f 2609/2609/2609 2433/2433/2433 2434/2434/2434
f 2435/2435/2435 2225/2225/2225 2434/2434/2434
f 2434/2434/2434 2225/2225/2225 2609/2609/2609
f 2609/2609/2609 2442/2442/2442 2433/2433/2433
f 2594/2594/2594 2613/2613/2613 2595/2595/2595
f 2529/2529/2529 2611/2611/2611 2614/2614/2614
f 2530/2530/2530 2627/2627/2627 2611/2611/2611
f 2614/2614/2614 2613/2613/2613 2529/2529/2529
f 2588/2588/2588 2596/2596/2596 2615/2615/2615
f 2229/2229/2229 2597/2597/2597 2601/2601/2601
f 2602/2602/2602 2601/2601/2601 2597/2597/2597
f 2588/2588/2588 2534/2534/2534 2599/2599/2599
f 2599/2599/2599 2536/2536/2536 2597/2597/2597
f 2528/2528/2528 2529/2529/2529 2613/2613/2613
f 2542/2542/2542 2641/2641/2641 2541/2541/2541
f 2543/2543/2543 2687/2687/2687 2690/2690/2690
f 2542/2542/2542 2543/2543/2543 2690/2690/2690
f 2543/2543/2543 2544/2544/2544 2688/2688/2688
f 2542/2542/2542 2689/2689/2689 2662/2662/2662
f 2688/2688/2688 2544/2544/2544 2684/2684/2684
f 2641/2641/2641 2665/2665/2665 2541/2541/2541
f 2687/2687/2687 2642/2642/2642 2690/2690/2690
f 2542/2542/2542 2662/2662/2662 2641/2641/2641
f 2543/2543/2543 2688/2688/2688 2687/2687/2687
f 2689/2689/2689 2542/2542/2542 2690/2690/2690
f 2688/2688/2688 2684/2684/2684 2671/2671/2671
f 2664/2664/2664 2541/2541/2541 2665/2665/2665
f 2685/2685/2685 2684/2684/2684 2545/2545/2545
f 2547/2547/2547 2682/2682/2682 2546/2546/2546
f 2685/2685/2685 2545/2545/2545 2546/2546/2546
f 2547/2547/2547 2639/2639/2639 2669/2669/2669
f 2546/2546/2546 2682/2682/2682 2685/2685/2685
f 2682/2682/2682 2669/2669/2669 2672/2672/2672
f 2547/2547/2547 2669/2669/2669 2682/2682/2682
f 2548/2548/2548 2639/2639/2639 2547/2547/2547
f 2545/2545/2545 2684/2684/2684 2544/2544/2544
f 2548/2548/2548 2549/2549/2549 2648/2648/2648
f 2669/2669/2669 2673/2673/2673 2646/2646/2646
f 2669/2669/2669 2639/2639/2639 2673/2673/2673
f 2648/2648/2648 2549/2549/2549 2645/2645/2645
f 2645/2645/2645 2549/2549/2549 2643/2643/2643
f 2648/2648/2648 2674/2674/2674 2548/2548/2548
f 2674/2674/2674 2639/2639/2639 2548/2548/2548
f 2505/2505/2505 2504/2504/2504 2550/2550/2550
f 2643/2643/2643 2550/2550/2550 2504/2504/2504
f 2516/2516/2516 2505/2505/2505 2551/2551/2551
f 2550/2550/2550 2551/2551/2551 2505/2505/2505
f 2486/2486/2486 2516/2516/2516 2551/2551/2551
f 2514/2514/2514 2465/2465/2465 2511/2511/2511
f 2464/2464/2464 2514/2514/2514 2506/2506/2506
f 2464/2464/2464 2465/2465/2465 2514/2514/2514
f 2486/2486/2486 2551/2551/2551 2701/2701/2701
f 2643/2643/2643 2549/2549/2549 2550/2550/2550
f 2511/2511/2511 2467/2467/2467 2519/2519/2519
f 2223/2223/2223 2425/2425/2425 2426/2426/2426
f 2428/2428/2428 2441/2441/2441 2427/2427/2427
f 2441/2441/2441 2223/2223/2223 2427/2427/2427
f 2223/2223/2223 2426/2426/2426 2427/2427/2427
f 2437/2437/2437 2422/2422/2422 2423/2423/2423
f 2437/2437/2437 2424/2424/2424 2223/2223/2223
f 2425/2425/2425 2223/2223/2223 2424/2424/2424
f 2423/2423/2423 2424/2424/2424 2437/2437/2437
f 2436/2436/2436 2422/2422/2422 2437/2437/2437
f 2429/2429/2429 2441/2441/2441 2428/2428/2428
f 2432/2432/2432 2440/2440/2440 2431/2431/2431
f 2473/2473/2473 2328/2328/2328 2527/2527/2527
f 2442/2442/2442 2440/2440/2440 2432/2432/2432
f 2442/2442/2442 2432/2432/2432 2433/2433/2433
f 2429/2429/2429 2440/2440/2440 2441/2441/2441
f 2440/2440/2440 2430/2430/2430 2431/2431/2431
f 2281/2281/2281 2326/2326/2326 2329/2329/2329
f 2430/2430/2430 2440/2440/2440 2429/2429/2429
f 2329/2329/2329 2328/2328/2328 2279/2279/2279
f 2436/2436/2436 2420/2420/2420 2421/2421/2421
f 2419/2419/2419 2420/2420/2420 2436/2436/2436
f 2422/2422/2422 2436/2436/2436 2421/2421/2421
f 2224/2224/2224 2791/2791/2791 2436/2436/2436
f 2228/2228/2228 2790/2790/2790 2224/2224/2224
f 2436/2436/2436 2791/2791/2791 2419/2419/2419
f 2790/2790/2790 2228/2228/2228 2789/2789/2789
f 2233/2233/2233 2788/2788/2788 2789/2789/2789
f 2790/2790/2790 2791/2791/2791 2224/2224/2224
f 2233/2233/2233 2789/2789/2789 2228/2228/2228
f 2228/2228/2228 2232/2232/2232 2233/2233/2233
f 2238/2238/2238 2786/2786/2786 2787/2787/2787
f 2233/2233/2233 2238/2238/2238 2787/2787/2787
f 2243/2243/2243 2785/2785/2785 2238/2238/2238
f 2788/2788/2788 2233/2233/2233 2787/2787/2787
f 2786/2786/2786 2238/2238/2238 2785/2785/2785
f 2785/2785/2785 2243/2243/2243 2244/2244/2244
f 2784/2784/2784 2785/2785/2785 2244/2244/2244
f 2783/2783/2783 2784/2784/2784 2250/2250/2250
f 2244/2244/2244 2250/2250/2250 2784/2784/2784
f 2782/2782/2782 2783/2783/2783 2250/2250/2250
f 2281/2281/2281 2282/2282/2282 2326/2326/2326
f 2473/2473/2473 2279/2279/2279 2328/2328/2328
f 2329/2329/2329 2279/2279/2279 2280/2280/2280
f 2281/2281/2281 2329/2329/2329 2280/2280/2280
f 2284/2284/2284 2338/2338/2338 2340/2340/2340
f 2340/2340/2340 2283/2283/2283 2284/2284/2284
f 2340/2340/2340 2282/2282/2282 2283/2283/2283
f 2340/2340/2340 2326/2326/2326 2282/2282/2282
f 2285/2285/2285 2338/2338/2338 2284/2284/2284
f 2469/2469/2469 2520/2520/2520 2468/2468/2468
f 2467/2467/2467 2468/2468/2468 2520/2520/2520
f 2519/2519/2519 2467/2467/2467 2520/2520/2520
f 2466/2466/2466 2467/2467/2467 2511/2511/2511
f 2472/2472/2472 2524/2524/2524 2471/2471/2471
f 2314/2314/2314 2471/2471/2471 2524/2524/2524
f 2527/2527/2527 2472/2472/2472 2473/2473/2473
f 2524/2524/2524 2472/2472/2472 2527/2527/2527
f 2314/2314/2314 2470/2470/2470 2471/2471/2471
f 2314/2314/2314 2469/2469/2469 2470/2470/2470
f 2314/2314/2314 2518/2518/2518 2469/2469/2469
f 2520/2520/2520 2469/2469/2469 2518/2518/2518
f 2286/2286/2286 2346/2346/2346 2285/2285/2285
f 2338/2338/2338 2285/2285/2285 2346/2346/2346
f 2287/2287/2287 2343/2343/2343 2286/2286/2286
f 2346/2346/2346 2286/2286/2286 2343/2343/2343
f 2287/2287/2287 2321/2321/2321 2343/2343/2343
f 2289/2289/2289 2359/2359/2359 2358/2358/2358
f 2358/2358/2358 2321/2321/2321 2289/2289/2289
f 2321/2321/2321 2288/2288/2288 2289/2289/2289
f 2288/2288/2288 2321/2321/2321 2287/2287/2287
f 2290/2290/2290 2291/2291/2291 2359/2359/2359
f 2356/2356/2356 2292/2292/2292 2293/2293/2293
f 2356/2356/2356 2291/2291/2291 2292/2292/2292
f 2359/2359/2359 2291/2291/2291 2357/2357/2357
f 2291/2291/2291 2356/2356/2356 2357/2357/2357
f 2367/2367/2367 2356/2356/2356 2293/2293/2293
f 2250/2250/2250 2255/2255/2255 2782/2782/2782
f 2255/2255/2255 2781/2781/2781 2782/2782/2782
f 2294/2294/2294 2364/2364/2364 2367/2367/2367
f 2367/2367/2367 2293/2293/2293 2294/2294/2294
f 2289/2289/2289 2290/2290/2290 2359/2359/2359
f 2364/2364/2364 2294/2294/2294 2295/2295/2295
f 2465/2465/2465 2466/2466/2466 2511/2511/2511
f 2506/2506/2506 2463/2463/2463 2464/2464/2464
f 2702/2702/2702 2552/2552/2552 2718/2718/2718
f 2719/2719/2719 2718/2718/2718 2552/2552/2552
f 2707/2707/2707 2719/2719/2719 2553/2553/2553
f 2552/2552/2552 2553/2553/2553 2719/2719/2719
f 2554/2554/2554 2694/2694/2694 2707/2707/2707
f 2718/2718/2718 2716/2716/2716 2702/2702/2702
f 2702/2702/2702 2701/2701/2701 2552/2552/2552
f 2554/2554/2554 2707/2707/2707 2553/2553/2553
f 2551/2551/2551 2552/2552/2552 2701/2701/2701
f 2706/2706/2706 2554/2554/2554 2555/2555/2555
f 2556/2556/2556 2699/2699/2699 2706/2706/2706
f 2555/2555/2555 2556/2556/2556 2706/2706/2706
f 2557/2557/2557 2699/2699/2699 2556/2556/2556
f 2694/2694/2694 2554/2554/2554 2706/2706/2706
f 2708/2708/2708 2711/2711/2711 2699/2699/2699
f 2692/2692/2692 2693/2693/2693 2708/2708/2708
f 2557/2557/2557 2708/2708/2708 2699/2699/2699
f 2558/2558/2558 2692/2692/2692 2708/2708/2708
f 2708/2708/2708 2557/2557/2557 2558/2558/2558
f 2461/2461/2461 2508/2508/2508 2498/2498/2498
f 2559/2559/2559 2712/2712/2712 2692/2692/2692
f 2695/2695/2695 2698/2698/2698 2712/2712/2712
f 2463/2463/2463 2506/2506/2506 2508/2508/2508
f 2498/2498/2498 2500/2500/2500 2460/2460/2460
f 2508/2508/2508 2462/2462/2462 2463/2463/2463
f 2498/2498/2498 2460/2460/2460 2461/2461/2461
f 2460/2460/2460 2500/2500/2500 2459/2459/2459
f 2461/2461/2461 2462/2462/2462 2508/2508/2508
f 2496/2496/2496 2695/2695/2695 2497/2497/2497
f 2559/2559/2559 2497/2497/2497 2695/2695/2695
f 2560/2560/2560 2497/2497/2497 2559/2559/2559
f 2695/2695/2695 2712/2712/2712 2559/2559/2559
f 2457/2457/2457 2458/2458/2458 2492/2492/2492
f 2500/2500/2500 2492/2492/2492 2458/2458/2458
f 2494/2494/2494 2457/2457/2457 2492/2492/2492
f 2485/2485/2485 2455/2455/2455 2456/2456/2456
f 2457/2457/2457 2494/2494/2494 2456/2456/2456
f 2456/2456/2456 2494/2494/2494 2485/2485/2485
f 2459/2459/2459 2500/2500/2500 2458/2458/2458
f 2559/2559/2559 2692/2692/2692 2558/2558/2558
f 2701/2701/2701 2691/2691/2691 2486/2486/2486
f 2495/2495/2495 2497/2497/2497 2560/2560/2560
f 2561/2561/2561 2256/2256/2256 2495/2495/2495
f 2495/2495/2495 2560/2560/2560 2561/2561/2561
f 2454/2454/2454 2485/2485/2485 2488/2488/2488
f 2489/2489/2489 2453/2453/2453 2454/2454/2454
f 2451/2451/2451 2452/2452/2452 2330/2330/2330
f 2452/2452/2452 2489/2489/2489 2487/2487/2487
f 2453/2453/2453 2489/2489/2489 2452/2452/2452
f 2489/2489/2489 2454/2454/2454 2488/2488/2488
f 2455/2455/2455 2485/2485/2485 2454/2454/2454
f 2408/2408/2408 2482/2482/2482 2561/2561/2561
f 2480/2480/2480 2408/2408/2408 2562/2562/2562
f 2561/2561/2561 2562/2562/2562 2408/2408/2408
f 2407/2407/2407 2480/2480/2480 2562/2562/2562
f 2450/2450/2450 2451/2451/2451 2330/2330/2330
f 2452/2452/2452 2487/2487/2487 2330/2330/2330
f 2409/2409/2409 2480/2480/2480 2407/2407/2407
f 2564/2564/2564 2407/2407/2407 2563/2563/2563
f 2562/2562/2562 2563/2563/2563 2407/2407/2407
f 2478/2478/2478 2479/2479/2479 2330/2330/2330
f 2561/2561/2561 2482/2482/2482 2256/2256/2256
f 2479/2479/2479 2449/2449/2449 2450/2450/2450
f 2475/2475/2475 2448/2448/2448 2479/2479/2479
f 2449/2449/2449 2479/2479/2479 2448/2448/2448
f 2447/2447/2447 2448/2448/2448 2475/2475/2475
f 2450/2450/2450 2330/2330/2330 2479/2479/2479
f 2446/2446/2446 2476/2476/2476 2445/2445/2445
f 2445/2445/2445 2405/2405/2405 2444/2444/2444
f 2476/2476/2476 2446/2446/2446 2447/2447/2447
f 2444/2444/2444 2415/2415/2415 2443/2443/2443
f 2476/2476/2476 2447/2447/2447 2475/2475/2475
f 2405/2405/2405 2476/2476/2476 2474/2474/2474
f 2731/2731/2731 2262/2262/2262 2564/2564/2564
f 2444/2444/2444 2405/2405/2405 2415/2415/2415
f 2415/2415/2415 2405/2405/2405 2414/2414/2414
f 2564/2564/2564 2754/2754/2754 2737/2737/2737
f 2763/2763/2763 2755/2755/2755 2754/2754/2754
f 2737/2737/2737 2731/2731/2731 2564/2564/2564
f 2754/2754/2754 2564/2564/2564 2565/2565/2565
f 2476/2476/2476 2405/2405/2405 2445/2445/2445
f 2407/2407/2407 2564/2564/2564 2262/2262/2262
f 2311/2311/2311 2443/2443/2443 2415/2415/2415
f 2399/2399/2399 2304/2304/2304 2305/2305/2305
f 2306/2306/2306 2397/2397/2397 2399/2399/2399
f 2305/2305/2305 2306/2306/2306 2399/2399/2399
f 2398/2398/2398 2304/2304/2304 2399/2399/2399
f 2302/2302/2302 2390/2390/2390 2301/2301/2301
f 2303/2303/2303 2304/2304/2304 2383/2383/2383
f 2398/2398/2398 2383/2383/2383 2304/2304/2304
f 2383/2383/2383 2390/2390/2390 2302/2302/2302
f 2302/2302/2302 2303/2303/2303 2383/2383/2383
f 2307/2307/2307 2341/2341/2341 2306/2306/2306
f 2412/2412/2412 2310/2310/2310 2311/2311/2311
f 2415/2415/2415 2412/2412/2412 2311/2311/2311
f 2754/2754/2754 2734/2734/2734 2763/2763/2763
f 2310/2310/2310 2412/2412/2412 2413/2413/2413
f 2306/2306/2306 2341/2341/2341 2397/2397/2397
f 2413/2413/2413 2341/2341/2341 2308/2308/2308
f 2308/2308/2308 2341/2341/2341 2307/2307/2307
f 2341/2341/2341 2413/2413/2413 2411/2411/2411
f 2310/2310/2310 2413/2413/2413 2309/2309/2309
f 2309/2309/2309 2413/2413/2413 2308/2308/2308
f 2374/2374/2374 2295/2295/2295 2296/2296/2296
f 2380/2380/2380 2299/2299/2299 2300/2300/2300
f 2380/2380/2380 2298/2298/2298 2299/2299/2299
f 2297/2297/2297 2298/2298/2298 2372/2372/2372
f 2380/2380/2380 2372/2372/2372 2298/2298/2298
f 2374/2374/2374 2297/2297/2297 2372/2372/2372
f 2297/2297/2297 2374/2374/2374 2296/2296/2296
f 2378/2378/2378 2380/2380/2380 2300/2300/2300
f 2374/2374/2374 2364/2364/2364 2295/2295/2295
f 2301/2301/2301 2378/2378/2378 2300/2300/2300
f 2778/2778/2778 2261/2261/2261 2267/2267/2267
f 2776/2776/2776 2267/2267/2267 2272/2272/2272
f 2261/2261/2261 2780/2780/2780 2781/2781/2781
f 2261/2261/2261 2779/2779/2779 2780/2780/2780
f 2261/2261/2261 2778/2778/2778 2779/2779/2779
f 2267/2267/2267 2776/2776/2776 2777/2777/2777
f 2776/2776/2776 2273/2273/2273 2775/2775/2775
f 2777/2777/2777 2778/2778/2778 2267/2267/2267
f 2273/2273/2273 2776/2776/2776 2272/2272/2272
f 2378/2378/2378 2301/2301/2301 2390/2390/2390
f 2255/2255/2255 2261/2261/2261 2781/2781/2781
f 2565/2565/2565 2760/2760/2760 2759/2759/2759
f 2566/2566/2566 2756/2756/2756 2565/2565/2565
f 2760/2760/2760 2565/2565/2565 2756/2756/2756
f 2565/2565/2565 2759/2759/2759 2754/2754/2754
f 2567/2567/2567 2756/2756/2756 2566/2566/2566
f 2568/2568/2568 2741/2741/2741 2756/2756/2756
f 2739/2739/2739 2741/2741/2741 2569/2569/2569
f 2568/2568/2568 2569/2569/2569 2741/2741/2741
f 2733/2733/2733 2739/2739/2739 2569/2569/2569
f 2568/2568/2568 2756/2756/2756 2567/2567/2567
f 2571/2571/2571 2745/2745/2745 2733/2733/2733
f 2745/2745/2745 2571/2571/2571 2742/2742/2742
f 2572/2572/2572 2742/2742/2742 2571/2571/2571
f 2570/2570/2570 2571/2571/2571 2733/2733/2733
f 2570/2570/2570 2733/2733/2733 2569/2569/2569
f 2748/2748/2748 2728/2728/2728 2572/2572/2572
f 2742/2742/2742 2572/2572/2572 2728/2728/2728
f 2573/2573/2573 2748/2748/2748 2572/2572/2572
f 2574/2574/2574 2726/2726/2726 2573/2573/2573
f 2748/2748/2748 2573/2573/2573 2726/2726/2726
f 2751/2751/2751 2726/2726/2726 2574/2574/2574
f 2575/2575/2575 2274/2274/2274 2751/2751/2751
f 2578/2578/2578 2276/2276/2276 2275/2275/2275
f 2275/2275/2275 2274/2274/2274 2576/2576/2576
f 2580/2580/2580 2277/2277/2277 2276/2276/2276
f 2575/2575/2575 2751/2751/2751 2574/2574/2574
f 2775/2775/2775 2273/2273/2273 2774/2774/2774
f 2278/2278/2278 2774/2774/2774 2273/2273/2273
f 2773/2773/2773 2774/2774/2774 2278/2278/2278
f 2277/2277/2277 2583/2583/2583 2278/2278/2278
f 2585/2585/2585 2773/2773/2773 2278/2278/2278
f 2576/2576/2576 2274/2274/2274 2575/2575/2575
f 2578/2578/2578 2275/2275/2275 2577/2577/2577
f 2579/2579/2579 2580/2580/2580 2276/2276/2276
f 2579/2579/2579 2276/2276/2276 2578/2578/2578
f 2581/2581/2581 2277/2277/2277 2580/2580/2580
f 2585/2585/2585 2278/2278/2278 2584/2584/2584
f 2585/2585/2585 2586/2586/2586 2773/2773/2773
f 2277/2277/2277 2582/2582/2582 2583/2583/2583
f 2584/2584/2584 2278/2278/2278 2583/2583/2583
f 2582/2582/2582 2277/2277/2277 2581/2581/2581
f 2577/2577/2577 2275/2275/2275 2576/2576/2576
f 2759/2759/2759 2734/2734/2734 2754/2754/2754
f 2991/2991/2991 2990/2990/2990 2793/2793/2793
f 2996/2996/2996 2994/2994/2994 2795/2795/2795
f 2796/2796/2796 2992/2992/2992 2995/2995/2995
f 2995/2995/2995 2993/2993/2993 2796/2796/2796
f 2995/2995/2995 2792/2792/2792 2993/2993/2993
f 2992/2992/2992 2795/2795/2795 2994/2994/2994
f 2994/2994/2994 2995/2995/2995 2992/2992/2992
f 2991/2991/2991 2993/2993/2993 2792/2792/2792
f 2993/2993/2993 2797/2797/2797 2796/2796/2796
f 2797/2797/2797 2991/2991/2991 2793/2793/2793
f 2991/2991/2991 2797/2797/2797 2993/2993/2993
f 3230/3230/3230 3171/3171/3171 3173/3173/3173
f 2798/2798/2798 3230/3230/3230 3172/3172/3172
f 3171/3171/3171 3230/3230/3230 2798/2798/2798
f 3172/3172/3172 3230/3230/3230 3232/3232/3232
f 3232/3232/3232 3231/3231/3231 3172/3172/3172
f 3231/3231/3231 3232/3232/3232 3192/3192/3192
f 3192/3192/3192 3160/3160/3160 3231/3231/3231
f 3227/3227/3227 3232/3232/3232 3219/3219/3219
f 3192/3192/3192 3227/3227/3227 3161/3161/3161
f 3232/3232/3232 3227/3227/3227 3192/3192/3192
f 3230/3230/3230 3173/3173/3173 3219/3219/3219
f 3219/3219/3219 3232/3232/3232 3230/3230/3230
f 3226/3226/3226 3218/3218/3218 3220/3220/3220
f 3173/3173/3173 3226/3226/3226 3219/3219/3219
f 3218/3218/3218 3226/3226/3226 3173/3173/3173
f 3219/3219/3219 3226/3226/3226 3229/3229/3229
f 3229/3229/3229 3227/3227/3227 3219/3219/3219
f 3247/3247/3247 3227/3227/3227 3229/3229/3229
f 3161/3161/3161 3247/3247/3247 3215/3215/3215
f 3227/3227/3227 3247/3247/3247 3161/3161/3161
f 3229/3229/3229 3246/3246/3246 3248/3248/3248
f 3248/3248/3248 3247/3247/3247 3229/3229/3229
f 3247/3247/3247 3248/3248/3248 3221/3221/3221
f 3221/3221/3221 3215/3215/3215 3247/3247/3247
f 3242/3242/3242 3253/3253/3253 3169/3169/3169
f 3253/3253/3253 3248/3248/3248 3240/3240/3240
f 3248/3248/3248 3242/3242/3242 3221/3221/3221
f 3242/3242/3242 3248/3248/3248 3253/3253/3253
f 3246/3246/3246 3228/3228/3228 3240/3240/3240
f 3240/3240/3240 3248/3248/3248 3246/3246/3246
f 3246/3246/3246 3220/3220/3220 3228/3228/3228
f 3226/3226/3226 3246/3246/3246 3229/3229/3229
f 3220/3220/3220 3246/3246/3246 3226/3226/3226
f 3240/3240/3240 3252/3252/3252 3254/3254/3254
f 3254/3254/3254 3253/3253/3253 3240/3240/3240
f 3160/3160/3160 3192/3192/3192 3194/3194/3194
f 3194/3194/3194 3193/3193/3193 3160/3160/3160
f 3207/3207/3207 3193/3193/3193 3194/3194/3194
f 3162/3162/3162 3207/3207/3207 3177/3177/3177
f 3193/3193/3193 3207/3207/3207 3162/3162/3162
f 3194/3194/3194 3206/3206/3206 3208/3208/3208
f 3208/3208/3208 3207/3207/3207 3194/3194/3194
f 3207/3207/3207 3208/3208/3208 3195/3195/3195
f 3195/3195/3195 3177/3177/3177 3207/3207/3207
f 3203/3203/3203 3208/3208/3208 3190/3190/3190
f 3195/3195/3195 3203/3203/3203 3163/3163/3163
f 3208/3208/3208 3203/3203/3203 3195/3195/3195
f 3206/3206/3206 3170/3170/3170 3190/3190/3190
f 3190/3190/3190 3208/3208/3208 3206/3206/3206
f 3206/3206/3206 3216/3216/3216 3170/3170/3170
f 3216/3216/3216 3192/3192/3192 3161/3161/3161
f 3192/3192/3192 3206/3206/3206 3194/3194/3194
f 3206/3206/3206 3192/3192/3192 3216/3216/3216
f 3196/3196/3196 3162/3162/3162 3177/3177/3177
f 3178/3178/3178 3196/3196/3196 3180/3180/3180
f 3162/3162/3162 3196/3196/3196 3178/3178/3178
f 3178/3178/3178 3180/3180/3180 3179/3179/3179
f 3179/3179/3179 2794/2794/2794 3178/3178/3178
f 3177/3177/3177 3195/3195/3195 3198/3198/3198
f 3198/3198/3198 3196/3196/3196 3177/3177/3177
f 3196/3196/3196 3198/3198/3198 3197/3197/3197
f 3197/3197/3197 3180/3180/3180 3196/3196/3196
f 3210/3210/3210 3198/3198/3198 3168/3168/3168
f 3197/3197/3197 3210/3210/3210 3167/3167/3167
f 3198/3198/3198 3210/3210/3210 3197/3197/3197
f 3186/3186/3186 3195/3195/3195 3163/3163/3163
f 3198/3198/3198 3186/3186/3186 3168/3168/3168
f 3195/3195/3195 3186/3186/3186 3198/3198/3198
f 3200/3200/3200 3163/3163/3163 3185/3185/3185
f 3186/3186/3186 3200/3200/3200 3188/3188/3188
f 3163/3163/3163 3200/3200/3200 3186/3186/3186
f 3209/3209/3209 3186/3186/3186 3188/3188/3188
f 3168/3168/3168 3209/3209/3209 3187/3187/3187
f 3186/3186/3186 3209/3209/3209 3168/3168/3168
f 3211/3211/3211 3185/3185/3185 3199/3199/3199
f 3200/3200/3200 3211/3211/3211 3201/3201/3201
f 3185/3185/3185 3211/3211/3211 3200/3200/3200
f 3222/3222/3222 3161/3161/3161 3215/3215/3215
f 3216/3216/3216 3222/3222/3222 3217/3217/3217
f 3161/3161/3161 3222/3222/3222 3216/3216/3216
f 3216/3216/3216 3217/3217/3217 3189/3189/3189
f 3189/3189/3189 3170/3170/3170 3216/3216/3216
f 3243/3243/3243 3215/3215/3215 3221/3221/3221
f 3222/3222/3222 3243/3243/3243 3225/3225/3225
f 3215/3215/3215 3243/3243/3243 3222/3222/3222
f 3222/3222/3222 3225/3225/3225 3223/3223/3223
f 3223/3223/3223 3217/3217/3217 3222/3222/3222
f 3221/3221/3221 3242/3242/3242 3245/3245/3245
f 3245/3245/3245 3243/3243/3243 3221/3221/3221
f 3243/3243/3243 3245/3245/3245 3244/3244/3244
f 3244/3244/3244 3225/3225/3225 3243/3243/3243
f 3241/3241/3241 3245/3245/3245 3239/3239/3239
f 3244/3244/3244 3241/3241/3241 3224/3224/3224
f 3245/3245/3245 3241/3241/3241 3244/3244/3244
f 3250/3250/3250 3242/3242/3242 3169/3169/3169
f 3245/3245/3245 3250/3250/3250 3239/3239/3239
f 3242/3242/3242 3250/3250/3250 3245/3245/3245
f 3202/3202/3202 3189/3189/3189 3191/3191/3191
f 3170/3170/3170 3202/3202/3202 3190/3190/3190
f 3189/3189/3189 3202/3202/3202 3170/3170/3170
f 3190/3190/3190 3202/3202/3202 3205/3205/3205
f 3205/3205/3205 3203/3203/3203 3190/3190/3190
f 3213/3213/3213 3203/3203/3203 3205/3205/3205
f 3163/3163/3163 3213/3213/3213 3185/3185/3185
f 3203/3203/3203 3213/3213/3213 3163/3163/3163
f 3205/3205/3205 3212/3212/3212 3214/3214/3214
f 3214/3214/3214 3213/3213/3213 3205/3205/3205
f 3213/3213/3213 3214/3214/3214 3199/3199/3199
f 3199/3199/3199 3185/3185/3185 3213/3213/3213
f 3212/3212/3212 3191/3191/3191 3204/3204/3204
f 3202/3202/3202 3212/3212/3212 3205/3205/3205
f 3191/3191/3191 3212/3212/3212 3202/3202/3202
f 3169/3169/3169 3249/3249/3249 3251/3251/3251
f 3251/3251/3251 3250/3250/3250 3169/3169/3169
f 3234/3234/3234 2799/2799/2799 3164/3164/3164
f 3165/3165/3165 3234/3234/3234 3166/3166/3166
f 2799/2799/2799 3234/3234/3234 3165/3165/3165
f 3182/3182/3182 3165/3165/3165 3166/3166/3166
f 2795/2795/2795 3182/3182/3182 2996/2996/2996
f 3165/3165/3165 3182/3182/3182 2795/2795/2795
f 3166/3166/3166 3181/3181/3181 3184/3184/3184
f 3184/3184/3184 3182/3182/3182 3166/3166/3166
f 3182/3182/3182 3184/3184/3184 3183/3183/3183
f 3183/3183/3183 2996/2996/2996 3182/3182/3182
f 3178/3178/3178 3184/3184/3184 3162/3162/3162
f 3183/3183/3183 3178/3178/3178 2794/2794/2794
f 3184/3184/3184 3178/3178/3178 3183/3183/3183
f 3193/3193/3193 3181/3181/3181 3160/3160/3160
f 3184/3184/3184 3193/3193/3193 3162/3162/3162
f 3181/3181/3181 3193/3193/3193 3184/3184/3184
f 3164/3164/3164 3233/3233/3233 3235/3235/3235
f 3235/3235/3235 3234/3234/3234 3164/3164/3164
f 3234/3234/3234 3235/3235/3235 3181/3181/3181
f 3181/3181/3181 3166/3166/3166 3234/3234/3234
f 3231/3231/3231 3235/3235/3235 3172/3172/3172
f 3181/3181/3181 3231/3231/3231 3160/3160/3160
f 3235/3235/3235 3231/3231/3231 3181/3181/3181
f 3233/3233/3233 2798/2798/2798 3172/3172/3172
f 3172/3172/3172 3235/3235/3235 3233/3233/3233
f 2992/2992/2992 3165/3165/3165 2795/2795/2795
f 3165/3165/3165 2800/2800/2800 2799/2799/2799
f 2800/2800/2800 2992/2992/2992 2796/2796/2796
f 2992/2992/2992 2800/2800/2800 3165/3165/3165
f 2801/2801/2801 2800/2800/2800 2796/2796/2796
f 2796/2796/2796 2797/2797/2797 2801/2801/2801
f 2803/2803/2803 3174/3174/3174 3176/3176/3176
f 3176/3176/3176 3175/3175/3175 2803/2803/2803
f 2804/2804/2804 3236/3236/3236 3238/3238/3238
f 3238/3238/3238 3237/3237/3237 2804/2804/2804
f 3237/3237/3237 3238/3238/3238 3164/3164/3164
f 3164/3164/3164 2799/2799/2799 3237/3237/3237
f 3233/3233/3233 3175/3175/3175 2798/2798/2798
f 3238/3238/3238 3233/3233/3233 3164/3164/3164
f 3175/3175/3175 3233/3233/3233 3238/3238/3238
f 3236/3236/3236 2803/2803/2803 3175/3175/3175
f 3175/3175/3175 3238/3238/3238 3236/3236/3236
f 3237/3237/3237 2805/2805/2805 2804/2804/2804
f 2800/2800/2800 3237/3237/3237 2799/2799/2799
f 2805/2805/2805 3237/3237/3237 2800/2800/2800
f 2806/2806/2806 2805/2805/2805 2800/2800/2800
f 2800/2800/2800 2801/2801/2801 2806/2806/2806
f 2807/2807/2807 2806/2806/2806 2801/2801/2801
f 2801/2801/2801 2802/2802/2802 2807/2807/2807
f 2808/2808/2808 3284/3284/3284 3287/3287/3287
f 3287/3287/3287 3285/3285/3285 2808/2808/2808
f 3285/3285/3285 3287/3287/3287 3286/3286/3286
f 3286/3286/3286 3256/3256/3256 3285/3285/3285
f 3307/3307/3307 3287/3287/3287 3259/3259/3259
f 3286/3286/3286 3307/3307/3307 3257/3257/3257
f 3287/3287/3287 3307/3307/3307 3286/3286/3286
f 3281/3281/3281 3284/3284/3284 3255/3255/3255
f 3287/3287/3287 3281/3281/3281 3259/3259/3259
f 3284/3284/3284 3281/3281/3281 3287/3287/3287
f 3265/3265/3265 3286/3286/3286 3257/3257/3257
f 3286/3286/3286 2803/2803/2803 3256/3256/3256
f 2803/2803/2803 3265/3265/3265 3174/3174/3174
f 3265/3265/3265 2803/2803/2803 3286/3286/3286
f 3308/3308/3308 3265/3265/3265 3257/3257/3257
f 3267/3267/3267 3308/3308/3308 3260/3260/3260
f 3265/3265/3265 3308/3308/3308 3267/3267/3267
f 3265/3265/3265 3267/3267/3267 3266/3266/3266
f 3266/3266/3266 3174/3174/3174 3265/3265/3265
f 3255/3255/3255 3280/3280/3280 3283/3283/3283
f 3283/3283/3283 3281/3281/3281 3255/3255/3255
f 3281/3281/3281 3283/3283/3283 3282/3282/3282
f 3282/3282/3282 3259/3259/3259 3281/3281/3281
f 3277/3277/3277 3283/3283/3283 3269/3269/3269
f 3282/3282/3282 3277/3277/3277 3261/3261/3261
f 3283/3283/3283 3277/3277/3277 3282/3282/3282
f 3317/3317/3317 3280/3280/3280 3258/3258/3258
f 3283/3283/3283 3317/3317/3317 3269/3269/3269
f 3280/3280/3280 3317/3317/3317 3283/3283/3283
f 3259/3259/3259 3282/3282/3282 3309/3309/3309
f 3309/3309/3309 3307/3307/3307 3259/3259/3259
f 3307/3307/3307 3309/3309/3309 3308/3308/3308
f 3308/3308/3308 3257/3257/3257 3307/3307/3307
f 3309/3309/3309 3264/3264/3264 3260/3260/3260
f 3260/3260/3260 3308/3308/3308 3309/3309/3309
f 3304/3304/3304 3282/3282/3282 3261/3261/3261
f 3309/3309/3309 3304/3304/3304 3264/3264/3264
f 3282/3282/3282 3304/3304/3304 3309/3309/3309
f 3261/3261/3261 3278/3278/3278 3306/3306/3306
f 3306/3306/3306 3304/3304/3304 3261/3261/3261
f 3304/3304/3304 3306/3306/3306 3305/3305/3305
f 3305/3305/3305 3264/3264/3264 3304/3304/3304
f 3290/3290/3290 3305/3305/3305 3306/3306/3306
f 3302/3302/3302 3306/3306/3306 3278/3278/3278
f 3290/3290/3290 3302/3302/3302 3263/3263/3263
f 3306/3306/3306 3302/3302/3302 3290/3290/3290
f 3258/3258/3258 3316/3316/3316 3318/3318/3318
f 3318/3318/3318 3317/3317/3317 3258/3258/3258
f 3317/3317/3317 3318/3318/3318 3276/3276/3276
f 3276/3276/3276 3269/3269/3269 3317/3317/3317
f 3313/3313/3313 3296/3296/3296 3270/3270/3270
f 3318/3318/3318 3313/3313/3313 3276/3276/3276
f 3296/3296/3296 3313/3313/3313 3318/3318/3318
f 3316/3316/3316 3268/3268/3268 3296/3296/3296
f 3296/3296/3296 3318/3318/3318 3316/3316/3316
f 3314/3314/3314 3269/3269/3269 3276/3276/3276
f 3277/3277/3277 3314/3314/3314 3279/3279/3279
f 3269/3269/3269 3314/3314/3314 3277/3277/3277
f 3301/3301/3301 3277/3277/3277 3279/3279/3279
f 3261/3261/3261 3301/3301/3301 3278/3278/3278
f 3277/3277/3277 3301/3301/3301 3261/3261/3261
f 3279/3279/3279 3300/3300/3300 3303/3303/3303
f 3303/3303/3303 3301/3301/3301 3279/3279/3279
f 3301/3301/3301 3303/3303/3303 3302/3302/3302
f 3302/3302/3302 3278/3278/3278 3301/3301/3301
f 3303/3303/3303 3275/3275/3275 3263/3263/3263
f 3263/3263/3263 3302/3302/3302 3303/3303/3303
f 3292/3292/3292 3300/3300/3300 3274/3274/3274
f 3303/3303/3303 3292/3292/3292 3275/3275/3275
f 3300/3300/3300 3292/3292/3292 3303/3303/3303
f 3276/3276/3276 3313/3313/3313 3315/3315/3315
f 3315/3315/3315 3314/3314/3314 3276/3276/3276
f 3314/3314/3314 3315/3315/3315 3300/3300/3300
f 3300/3300/3300 3279/3279/3279 3314/3314/3314
f 3311/3311/3311 3315/3315/3315 3295/3295/3295
f 3300/3300/3300 3311/3311/3311 3274/3274/3274
f 3315/3315/3315 3311/3311/3311 3300/3300/3300
f 3313/3313/3313 3270/3270/3270 3295/3295/3295
f 3295/3295/3295 3315/3315/3315 3313/3313/3313
f 3295/3295/3295 3310/3310/3310 3312/3312/3312
f 3312/3312/3312 3311/3311/3311 3295/3295/3295
f 3311/3311/3311 3312/3312/3312 3291/3291/3291
f 3291/3291/3291 3274/3274/3274 3311/3311/3311
f 3274/3274/3274 3291/3291/3291 3294/3294/3294
f 3294/3294/3294 3292/3292/3292 3274/3274/3274
f 3292/3292/3292 3294/3294/3294 3293/3293/3293
f 3293/3293/3293 3275/3275/3275 3292/3292/3292
f 2809/2809/2809 2967/2967/2967 3289/3289/3289
f 3289/3289/3289 3288/3288/3288 2809/2809/2809
f 3288/3288/3288 3289/3289/3289 3236/3236/3236
f 3236/3236/3236 2804/2804/2804 3288/3288/3288
f 3289/3289/3289 3256/3256/3256 2803/2803/2803
f 2803/2803/2803 3236/3236/3236 3289/3289/3289
f 3285/3285/3285 2967/2967/2967 2808/2808/2808
f 3289/3289/3289 3285/3285/3285 3256/3256/3256
f 2967/2967/2967 3285/3285/3285 3289/3289/3289
f 3288/3288/3288 3039/3039/3039 2809/2809/2809
f 3039/3039/3039 2805/2805/2805 2810/2810/2810
f 2805/2805/2805 3288/3288/3288 2804/2804/2804
f 3288/3288/3288 2805/2805/2805 3039/3039/3039
f 2811/2811/2811 2810/2810/2810 2805/2805/2805
f 2805/2805/2805 2806/2806/2806 2811/2811/2811
f 2812/2812/2812 2811/2811/2811 2806/2806/2806
f 2806/2806/2806 2807/2807/2807 2812/2812/2812
f 2814/2814/2814 2941/2941/2941 3262/3262/3262
f 3262/3262/3262 2968/2968/2968 2814/2814/2814
f 3284/3284/3284 3272/3272/3272 3255/3255/3255
f 3272/3272/3272 2968/2968/2968 3262/3262/3262
f 2968/2968/2968 3284/3284/3284 2808/2808/2808
f 3284/3284/3284 2968/2968/2968 3272/3272/3272
f 3262/3262/3262 3271/3271/3271 3273/3273/3273
f 3273/3273/3273 3272/3272/3272 3262/3262/3262
f 3280/3280/3280 3298/3298/3298 3258/3258/3258
f 3298/3298/3298 3272/3272/3272 3273/3273/3273
f 3272/3272/3272 3280/3280/3280 3255/3255/3255
f 3280/3280/3280 3272/3272/3272 3298/3298/3298
f 3273/3273/3273 3297/3297/3297 3299/3299/3299
f 3299/3299/3299 3298/3298/3298 3273/3273/3273
f 3316/3316/3316 3299/3299/3299 3268/3268/3268
f 3298/3298/3298 3316/3316/3316 3258/3258/3258
f 3299/3299/3299 3316/3316/3316 3298/3298/3298
f 2971/2971/2971 2966/2966/2966 2815/2815/2815
f 2969/2969/2969 2971/2971/2971 2930/2930/2930
f 2966/2966/2966 2971/2971/2971 2969/2969/2969
f 2966/2966/2966 2969/2969/2969 2967/2967/2967
f 2967/2967/2967 2809/2809/2809 2966/2966/2966
f 2969/2969/2969 2968/2968/2968 2808/2808/2808
f 2808/2808/2808 2967/2967/2967 2969/2969/2969
f 2963/2963/2963 2969/2969/2969 2930/2930/2930
f 2968/2968/2968 2963/2963/2963 2814/2814/2814
f 2969/2969/2969 2963/2963/2963 2968/2968/2968
f 3050/3050/3050 3038/3038/3038 2816/2816/2816
f 3040/3040/3040 3050/3050/3050 2957/2957/2957
f 3038/3038/3038 3050/3050/3050 3040/3040/3040
f 3038/3038/3038 3040/3040/3040 3039/3039/3039
f 3039/3039/3039 2810/2810/2810 3038/3038/3038
f 3040/3040/3040 2966/2966/2966 2809/2809/2809
f 2809/2809/2809 3039/3039/3039 3040/3040/3040
f 3036/3036/3036 3040/3040/3040 2957/2957/2957
f 2966/2966/2966 3036/3036/3036 2815/2815/2815
f 3040/3040/3040 3036/3036/3036 2966/2966/2966
f 3038/3038/3038 3054/3054/3054 2816/2816/2816
f 3054/3054/3054 2811/2811/2811 2817/2817/2817
f 2811/2811/2811 3038/3038/3038 2810/2810/2810
f 3038/3038/3038 2811/2811/2811 3054/3054/3054
f 2818/2818/2818 2817/2817/2817 2811/2811/2811
f 2811/2811/2811 2812/2812/2812 2818/2818/2818
f 2819/2819/2819 2818/2818/2818 2812/2812/2812
f 2812/2812/2812 2813/2813/2813 2819/2819/2819
f 2951/2951/2951 2955/2955/2955 2947/2947/2947
f 2938/2938/2938 2951/2951/2951 2820/2820/2820
f 2955/2955/2955 2951/2951/2951 2938/2938/2938
f 2947/2947/2947 2955/2955/2955 2953/2953/2953
f 2953/2953/2953 2931/2931/2931 2947/2947/2947
f 3320/3320/3320 2955/2955/2955 2954/2954/2954
f 2953/2953/2953 3320/3320/3320 2942/2942/2942
f 2955/2955/2955 3320/3320/3320 2953/2953/2953
f 3331/3331/3331 2938/2938/2938 2925/2925/2925
f 2955/2955/2955 3331/3331/3331 2954/2954/2954
f 2938/2938/2938 3331/3331/3331 2955/2955/2955
f 2964/2964/2964 2953/2953/2953 3323/3323/3323
f 3323/3323/3323 2953/2953/2953 2942/2942/2942
f 2953/2953/2953 2964/2964/2964 2931/2931/2931
f 2964/2964/2964 3323/3323/3323 2941/2941/2941
f 2941/2941/2941 2814/2814/2814 2964/2964/2964
f 3323/3323/3323 3325/3325/3325 3324/3324/3324
f 3324/3324/3324 2941/2941/2941 3323/3323/3323
f 2925/2925/2925 3330/3330/3330 3332/3332/3332
f 3332/3332/3332 3331/3331/3331 2925/2925/2925
f 3337/3337/3337 3331/3331/3331 3332/3332/3332
f 2954/2954/2954 3337/3337/3337 3319/3319/3319
f 3331/3331/3331 3337/3337/3337 2954/2954/2954
f 3340/3340/3340 3337/3337/3337 3338/3338/3338
f 3319/3319/3319 3340/3340/3340 3326/3326/3326
f 3337/3337/3337 3340/3340/3340 3319/3319/3319
f 3327/3327/3327 2954/2954/2954 3319/3319/3319
f 3320/3320/3320 3327/3327/3327 3322/3322/3322
f 2954/2954/2954 3327/3327/3327 3320/3320/3320
f 3320/3320/3320 3322/3322/3322 3321/3321/3321
f 3321/3321/3321 2942/2942/2942 3320/3320/3320
f 3334/3334/3334 3319/3319/3319 3326/3326/3326
f 3327/3327/3327 3334/3334/3334 3329/3329/3329
f 3319/3319/3319 3334/3334/3334 3327/3327/3327
f 3327/3327/3327 3329/3329/3329 3328/3328/3328
f 3328/3328/3328 3322/3322/3322 3327/3327/3327
f 3339/3339/3339 3326/3326/3326 3333/3333/3333
f 3334/3334/3334 3339/3339/3339 3336/3336/3336
f 3326/3326/3326 3339/3339/3339 3334/3334/3334
f 3334/3334/3334 3336/3336/3336 3335/3335/3335
f 3335/3335/3335 3329/3329/3329 3334/3334/3334
f 3032/3032/3032 3034/3034/3034 3033/3033/3033
f 3033/3033/3033 2970/2970/2970 3032/3032/3032
f 3034/3034/3034 3028/3028/3028 2972/2972/2972
f 2972/2972/2972 3033/3033/3033 3034/3034/3034
f 3033/3033/3033 2815/2815/2815 2970/2970/2970
f 2971/2971/2971 3033/3033/3033 2972/2972/2972
f 2815/2815/2815 3033/3033/3033 2971/2971/2971
f 3029/3029/3029 2971/2971/2971 2972/2972/2972
f 2930/2930/2930 3029/3029/3029 2962/2962/2962
f 2971/2971/2971 3029/3029/3029 2930/2930/2930
f 3028/3028/3028 3031/3031/3031 3029/3029/3029
f 3029/3029/3029 2972/2972/2972 3028/3028/3028
f 3031/3031/3031 3030/3030/3030 2962/2962/2962
f 2962/2962/2962 3029/3029/3029 3031/3031/3031
f 3031/3031/3031 2932/2932/2932 3030/3030/3030
f 2959/2959/2959 3030/3030/3030 2932/2932/2932
f 3030/3030/3030 2965/2965/2965 2962/2962/2962
f 2965/2965/2965 2959/2959/2959 2946/2946/2946
f 2959/2959/2959 2965/2965/2965 3030/3030/3030
f 2962/2962/2962 2965/2965/2965 2963/2963/2963
f 2963/2963/2963 2930/2930/2930 2962/2962/2962
f 2965/2965/2965 2964/2964/2964 2814/2814/2814
f 2814/2814/2814 2963/2963/2963 2965/2965/2965
f 2946/2946/2946 2931/2931/2931 2964/2964/2964
f 2964/2964/2964 2965/2965/2965 2946/2946/2946
f 2961/2961/2961 2960/2960/2960 2946/2946/2946
f 2946/2946/2946 2959/2959/2959 2961/2961/2961
f 2950/2950/2950 2960/2960/2960 2948/2948/2948
f 2960/2960/2960 2931/2931/2931 2946/2946/2946
f 2931/2931/2931 2950/2950/2950 2947/2947/2947
f 2950/2950/2950 2931/2931/2931 2960/2960/2960
f 2949/2949/2949 2952/2952/2952 2950/2950/2950
f 2950/2950/2950 2948/2948/2948 2949/2949/2949
f 2952/2952/2952 2951/2951/2951 2947/2947/2947
f 2947/2947/2947 2950/2950/2950 2952/2952/2952
f 2943/2943/2943 2820/2820/2820 2951/2951/2951
f 2951/2951/2951 2952/2952/2952 2943/2943/2943
f 2821/2821/2821 3065/3065/3065 3068/3068/3068
f 3068/3068/3068 3066/3066/3066 2821/2821/2821
f 3066/3066/3066 3068/3068/3068 3067/3067/3067
f 3067/3067/3067 3056/3056/3056 3066/3066/3066
f 3068/3068/3068 3061/3061/3061 3057/3057/3057
f 3057/3057/3057 3067/3067/3067 3068/3068/3068
f 3058/3058/3058 3067/3067/3067 3057/3057/3057
f 3067/3067/3067 2956/2956/2956 3056/3056/3056
f 2956/2956/2956 3058/3058/3058 3048/3048/3048
f 3058/3058/3058 2956/2956/2956 3067/3067/3067
f 3058/3058/3058 3060/3060/3060 3059/3059/3059
f 3059/3059/3059 3048/3048/3048 3058/3058/3058
f 2956/2956/2956 3048/3048/3048 3051/3051/3051
f 3051/3051/3051 3049/3049/3049 2956/2956/2956
f 3049/3049/3049 3051/3051/3051 3050/3050/3050
f 3050/3050/3050 2816/2816/2816 3049/3049/3049
f 3051/3051/3051 3035/3035/3035 2957/2957/2957
f 2957/2957/2957 3050/3050/3050 3051/3051/3051
f 3045/3045/3045 3059/3059/3059 2958/2958/2958
f 3059/3059/3059 3051/3051/3051 3048/3048/3048
f 3051/3051/3051 3045/3045/3045 3035/3035/3035
f 3045/3045/3045 3051/3051/3051 3059/3059/3059
f 2958/2958/2958 3044/3044/3044 3047/3047/3047
f 3047/3047/3047 3045/3045/3045 2958/2958/2958
f 3045/3045/3045 3047/3047/3047 3046/3046/3046
f 3046/3046/3046 3035/3035/3035 3045/3045/3045
f 3047/3047/3047 3041/3041/3041 3037/3037/3037
f 3037/3037/3037 3046/3046/3046 3047/3047/3047
f 3046/3046/3046 2957/2957/2957 3035/3035/3035
f 3036/3036/3036 3046/3046/3046 3037/3037/3037
f 2957/2957/2957 3046/3046/3046 3036/3036/3036
f 3042/3042/3042 3036/3036/3036 3037/3037/3037
f 2815/2815/2815 3042/3042/3042 2970/2970/2970
f 3036/3036/3036 3042/3042/3042 2815/2815/2815
f 3041/3041/3041 3043/3043/3043 3042/3042/3042
f 3042/3042/3042 3037/3037/3037 3041/3041/3041
f 3043/3043/3043 3032/3032/3032 2970/2970/2970
f 2970/2970/2970 3042/3042/3042 3043/3043/3043
f 3070/3070/3070 2822/2822/2822 3052/3052/3052
f 3053/3053/3053 3070/3070/3070 3055/3055/3055
f 2822/2822/2822 3070/3070/3070 3053/3053/3053
f 3053/3053/3053 3055/3055/3055 3054/3054/3054
f 3054/3054/3054 2817/2817/2817 3053/3053/3053
f 3049/3049/3049 3071/3071/3071 2956/2956/2956
f 3071/3071/3071 3054/3054/3054 3055/3055/3055
f 3054/3054/3054 3049/3049/3049 2816/2816/2816
f 3049/3049/3049 3054/3054/3054 3071/3071/3071
f 3052/3052/3052 3069/3069/3069 3072/3072/3072
f 3072/3072/3072 3070/3070/3070 3052/3052/3052
f 3070/3070/3070 3072/3072/3072 3071/3071/3071
f 3071/3071/3071 3055/3055/3055 3070/3070/3070
f 3072/3072/3072 3056/3056/3056 2956/2956/2956
f 2956/2956/2956 3071/3071/3071 3072/3072/3072
f 3066/3066/3066 3069/3069/3069 2821/2821/2821
f 3072/3072/3072 3066/3066/3066 3056/3056/3056
f 3069/3069/3069 3066/3066/3066 3072/3072/3072
f 3053/3053/3053 2823/2823/2823 2822/2822/2822
f 2818/2818/2818 3053/3053/3053 2817/2817/2817
f 2823/2823/2823 3053/3053/3053 2818/2818/2818
f 2824/2824/2824 2823/2823/2823 2818/2818/2818
f 2818/2818/2818 2819/2819/2819 2824/2824/2824
f 2935/2935/2935 2940/2940/2940 2929/2929/2929
f 2937/2937/2937 2935/2935/2935 2907/2907/2907
f 2940/2940/2940 2935/2935/2935 2937/2937/2937
f 2944/2944/2944 2938/2938/2938 2820/2820/2820
f 2940/2940/2940 2944/2944/2944 2929/2929/2929
f 2938/2938/2938 2944/2944/2944 2940/2940/2940
f 2940/2940/2940 2939/2939/2939 2925/2925/2925
f 2925/2925/2925 2938/2938/2938 2940/2940/2940
f 2945/2945/2945 2944/2944/2944 2820/2820/2820
f 2820/2820/2820 2943/2943/2943 2945/2945/2945
f 2934/2934/2934 2929/2929/2929 2944/2944/2944
f 2944/2944/2944 2945/2945/2945 2934/2934/2934
f 2936/2936/2936 2935/2935/2935 2929/2929/2929
f 2929/2929/2929 2934/2934/2934 2936/2936/2936
f 2933/2933/2933 2907/2907/2907 2935/2935/2935
f 2935/2935/2935 2936/2936/2936 2933/2933/2933
f 2926/2926/2926 2920/2920/2920 2927/2927/2927
f 2927/2927/2927 2928/2928/2928 2926/2926/2926
f 2927/2927/2927 2923/2923/2923 2924/2924/2924
f 2825/2825/2825 2927/2927/2927 2920/2920/2920
f 2923/2923/2923 2927/2927/2927 2825/2825/2825
f 3084/3084/3084 3091/3091/3091 3083/3083/3083
f 3091/3091/3091 2826/2826/2826 2901/2901/2901
f 2826/2826/2826 3084/3084/3084 3082/3082/3082
f 3084/3084/3084 2826/2826/2826 3091/3091/3091
f 3082/3082/3082 3084/3084/3084 3086/3086/3086
f 3086/3086/3086 3085/3085/3085 3082/3082/3082
f 3085/3085/3085 3086/3086/3086 3079/3079/3079
f 3079/3079/3079 2890/2890/2890 3085/3085/3085
f 3083/3083/3083 3086/3086/3086 3084/3084/3084
f 2901/2901/2901 3090/3090/3090 3092/3092/3092
f 3092/3092/3092 3091/3091/3091 2901/2901/2901
f 2890/2890/2890 3079/3079/3079 3081/3081/3081
f 3081/3081/3081 3080/3080/3080 2890/2890/2890
f 3080/3080/3080 3081/3081/3081 3073/3073/3073
f 3073/3073/3073 3062/3062/3062 3080/3080/3080
f 3062/3062/3062 3073/3073/3073 3075/3075/3075
f 3075/3075/3075 3074/3074/3074 3062/3062/3062
f 3074/3074/3074 3075/3075/3075 3065/3065/3065
f 3065/3065/3065 2821/2821/2821 3074/3074/3074
f 3088/3088/3088 2827/2827/2827 2905/2905/2905
f 3063/3063/3063 3088/3088/3088 3064/3064/3064
f 2827/2827/2827 3088/3088/3088 3063/3063/3063
f 3077/3077/3077 3063/3063/3063 3064/3064/3064
f 2822/2822/2822 3077/3077/3077 3052/3052/3052
f 3063/3063/3063 3077/3077/3077 2822/2822/2822
f 3064/3064/3064 3076/3076/3076 3078/3078/3078
f 3078/3078/3078 3077/3077/3077 3064/3064/3064
f 3077/3077/3077 3078/3078/3078 3069/3069/3069
f 3069/3069/3069 3052/3052/3052 3077/3077/3077
f 3074/3074/3074 3078/3078/3078 3062/3062/3062
f 3069/3069/3069 3074/3074/3074 2821/2821/2821
f 3078/3078/3078 3074/3074/3074 3069/3069/3069
f 3080/3080/3080 3076/3076/3076 2890/2890/2890
f 3078/3078/3078 3080/3080/3080 3062/3062/3062
f 3076/3076/3076 3080/3080/3080 3078/3078/3078
f 2905/2905/2905 3087/3087/3087 3089/3089/3089
f 3089/3089/3089 3088/3088/3088 2905/2905/2905
f 3088/3088/3088 3089/3089/3089 3076/3076/3076
f 3076/3076/3076 3064/3064/3064 3088/3088/3088
f 3085/3085/3085 3089/3089/3089 3082/3082/3082
f 3076/3076/3076 3085/3085/3085 2890/2890/2890
f 3089/3089/3089 3085/3085/3085 3076/3076/3076
f 3087/3087/3087 2826/2826/2826 3082/3082/3082
f 3082/3082/3082 3089/3089/3089 3087/3087/3087
f 3063/3063/3063 2828/2828/2828 2827/2827/2827
f 2823/2823/2823 3063/3063/3063 2822/2822/2822
f 2828/2828/2828 3063/3063/3063 2823/2823/2823
f 2829/2829/2829 2828/2828/2828 2823/2823/2823
f 2823/2823/2823 2824/2824/2824 2829/2829/2829
f 2824/2824/2824 2830/2830/2830 2829/2829/2829
f 2910/2910/2910 2891/2891/2891 2894/2894/2894
f 2831/2831/2831 2910/2910/2910 2884/2884/2884
f 2891/2891/2891 2910/2910/2910 2831/2831/2831
f 2913/2913/2913 2910/2910/2910 2912/2912/2912
f 2884/2884/2884 2913/2913/2913 2888/2888/2888
f 2910/2910/2910 2913/2913/2913 2884/2884/2884
f 2915/2915/2915 2888/2888/2888 2913/2913/2913
f 2913/2913/2913 2912/2912/2912 2914/2914/2914
f 2914/2914/2914 2915/2915/2915 2913/2913/2913
f 2912/2912/2912 2916/2916/2916 2918/2918/2918
f 2918/2918/2918 2914/2914/2914 2912/2912/2912
f 2916/2916/2916 2911/2911/2911 2917/2917/2917
f 2917/2917/2917 2918/2918/2918 2916/2916/2916
f 2916/2916/2916 2894/2894/2894 2911/2911/2911
f 2910/2910/2910 2916/2916/2916 2912/2912/2912
f 2894/2894/2894 2916/2916/2916 2910/2910/2910
f 2894/2894/2894 2919/2919/2919 2922/2922/2922
f 2922/2922/2922 2911/2911/2911 2894/2894/2894
f 2917/2917/2917 2926/2926/2926 2892/2892/2892
f 2926/2926/2926 2922/2922/2922 2920/2920/2920
f 2922/2922/2922 2917/2917/2917 2911/2911/2911
f 2917/2917/2917 2922/2922/2922 2926/2926/2926
f 2922/2922/2922 2921/2921/2921 2825/2825/2825
f 2825/2825/2825 2920/2920/2920 2922/2922/2922
f 2919/2919/2919 2893/2893/2893 2921/2921/2921
f 2921/2921/2921 2922/2922/2922 2919/2919/2919
f 2899/2899/2899 2881/2881/2881 2885/2885/2885
f 2832/2832/2832 2899/2899/2899 2882/2882/2882
f 2881/2881/2881 2899/2899/2899 2832/2832/2832
f 2882/2882/2882 2899/2899/2899 2902/2902/2902
f 2902/2902/2902 2900/2900/2900 2882/2882/2882
f 2900/2900/2900 2902/2902/2902 2901/2901/2901
f 2901/2901/2901 2826/2826/2826 2900/2900/2900
f 3090/3090/3090 2896/2896/2896 2883/2883/2883
f 2896/2896/2896 2902/2902/2902 2887/2887/2887
f 2902/2902/2902 3090/3090/3090 2901/2901/2901
f 3090/3090/3090 2902/2902/2902 2896/2896/2896
f 2899/2899/2899 2885/2885/2885 2887/2887/2887
f 2887/2887/2887 2902/2902/2902 2899/2899/2899
f 2895/2895/2895 2886/2886/2886 2889/2889/2889
f 2885/2885/2885 2895/2895/2895 2887/2887/2887
f 2886/2886/2886 2895/2895/2895 2885/2885/2885
f 2887/2887/2887 2895/2895/2895 2898/2898/2898
f 2898/2898/2898 2896/2896/2896 2887/2887/2887
f 2895/2895/2895 2889/2889/2889 2897/2897/2897
f 2897/2897/2897 2898/2898/2898 2895/2895/2895
f 2889/2889/2889 2908/2908/2908 2909/2909/2909
f 2909/2909/2909 2897/2897/2897 2889/2889/2889
f 2908/2908/2908 2884/2884/2884 2888/2888/2888
f 2886/2886/2886 2908/2908/2908 2889/2889/2889
f 2884/2884/2884 2908/2908/2908 2886/2886/2886
f 2886/2886/2886 2831/2831/2831 2884/2884/2884
f 2881/2881/2881 2886/2886/2886 2885/2885/2885
f 2831/2831/2831 2886/2886/2886 2881/2881/2881
f 2833/2833/2833 2903/2903/2903 2906/2906/2906
f 2906/2906/2906 2904/2904/2904 2833/2833/2833
f 2904/2904/2904 2906/2906/2906 2905/2905/2905
f 2905/2905/2905 2827/2827/2827 2904/2904/2904
f 3087/3087/3087 2900/2900/2900 2826/2826/2826
f 2900/2900/2900 2906/2906/2906 2882/2882/2882
f 2906/2906/2906 3087/3087/3087 2905/2905/2905
f 3087/3087/3087 2906/2906/2906 2900/2900/2900
f 2903/2903/2903 2832/2832/2832 2882/2882/2882
f 2882/2882/2882 2906/2906/2906 2903/2903/2903
f 2904/2904/2904 2834/2834/2834 2833/2833/2833
f 2828/2828/2828 2904/2904/2904 2827/2827/2827
f 2834/2834/2834 2904/2904/2904 2828/2828/2828
f 2835/2835/2835 2834/2834/2834 2828/2828/2828
f 2828/2828/2828 2829/2829/2829 2835/2835/2835
f 2836/2836/2836 2835/2835/2835 2829/2829/2829
f 2829/2829/2829 2830/2830/2830 2836/2836/2836
f 2837/2837/2837 3368/3368/3368 3388/3388/3388
f 3388/3388/3388 3386/3386/3386 2837/2837/2837
f 3386/3386/3386 3388/3388/3388 3387/3387/3387
f 3387/3387/3387 3344/3344/3344 3386/3386/3386
f 3388/3388/3388 3347/3347/3347 3345/3345/3345
f 3345/3345/3345 3387/3387/3387 3388/3388/3388
f 3383/3383/3383 3368/3368/3368 3343/3343/3343
f 3388/3388/3388 3383/3383/3383 3347/3347/3347
f 3368/3368/3368 3383/3383/3383 3388/3388/3388
f 3387/3387/3387 2832/2832/2832 3344/3344/3344
f 2881/2881/2881 3387/3387/3387 3345/3345/3345
f 2832/2832/2832 3387/3387/3387 2881/2881/2881
f 3348/3348/3348 2881/2881/2881 3345/3345/3345
f 2831/2831/2831 3348/3348/3348 3341/3341/3341
f 2881/2881/2881 3348/3348/3348 2831/2831/2831
f 3343/3343/3343 3364/3364/3364 3385/3385/3385
f 3385/3385/3385 3383/3383/3383 3343/3343/3343
f 3383/3383/3383 3385/3385/3385 3384/3384/3384
f 3384/3384/3384 3347/3347/3347 3383/3383/3383
f 3385/3385/3385 3352/3352/3352 3349/3349/3349
f 3349/3349/3349 3384/3384/3384 3385/3385/3385
f 3380/3380/3380 3410/3410/3410 3346/3346/3346
f 3410/3410/3410 3385/3385/3385 3364/3364/3364
f 3385/3385/3385 3380/3380/3380 3352/3352/3352
f 3380/3380/3380 3385/3385/3385 3410/3410/3410
f 3384/3384/3384 3345/3345/3345 3347/3347/3347
f 3348/3348/3348 3384/3384/3384 3349/3349/3349
f 3345/3345/3345 3384/3384/3384 3348/3348/3348
f 3353/3353/3353 3348/3348/3348 3349/3349/3349
f 3341/3341/3341 3353/3353/3353 3342/3342/3342
f 3348/3348/3348 3353/3353/3353 3341/3341/3341
f 3425/3425/3425 3380/3380/3380 3346/3346/3346
f 3382/3382/3382 3425/3425/3425 3360/3360/3360
f 3380/3380/3380 3425/3425/3425 3382/3382/3382
f 3380/3380/3380 3382/3382/3382 3381/3381/3381
f 3381/3381/3381 3352/3352/3352 3380/3380/3380
f 3382/3382/3382 3373/3373/3373 3355/3355/3355
f 3355/3355/3355 3381/3381/3381 3382/3382/3382
f 3378/3378/3378 3382/3382/3382 3360/3360/3360
f 3373/3373/3373 3378/3378/3378 3351/3351/3351
f 3382/3382/3382 3378/3378/3378 3373/3373/3373
f 3381/3381/3381 3349/3349/3349 3352/3352/3352
f 3353/3353/3353 3381/3381/3381 3355/3355/3355
f 3349/3349/3349 3381/3381/3381 3353/3353/3353
f 3374/3374/3374 3353/3353/3353 3355/3355/3355
f 3342/3342/3342 3374/3374/3374 3354/3354/3354
f 3353/3353/3353 3374/3374/3374 3342/3342/3342
f 3373/3373/3373 3375/3375/3375 3374/3374/3374
f 3374/3374/3374 3355/3355/3355 3373/3373/3373
f 2838/2838/2838 3371/3371/3371 3390/3390/3390
f 3390/3390/3390 3389/3389/3389 2838/2838/2838
f 3389/3389/3389 3390/3390/3390 2903/2903/2903
f 2903/2903/2903 2833/2833/2833 3389/3389/3389
f 3390/3390/3390 3344/3344/3344 2832/2832/2832
f 2832/2832/2832 2903/2903/2903 3390/3390/3390
f 3386/3386/3386 3371/3371/3371 2837/2837/2837
f 3390/3390/3390 3386/3386/3386 3344/3344/3344
f 3371/3371/3371 3386/3386/3386 3390/3390/3390
f 3389/3389/3389 2839/2839/2839 2838/2838/2838
f 2834/2834/2834 3389/3389/3389 2833/2833/2833
f 2839/2839/2839 3389/3389/3389 2834/2834/2834
f 2840/2840/2840 2839/2839/2839 2834/2834/2834
f 2834/2834/2834 2835/2835/2835 2840/2840/2840
f 2841/2841/2841 2840/2840/2840 2835/2835/2835
f 2835/2835/2835 2836/2836/2836 2841/2841/2841
f 3350/3350/3350 3366/3366/3366 3369/3369/3369
f 3369/3369/3369 3367/3367/3367 3350/3350/3350
f 3367/3367/3367 3369/3369/3369 3368/3368/3368
f 3368/3368/3368 2837/2837/2837 3367/3367/3367
f 3363/3363/3363 3369/3369/3369 3356/3356/3356
f 3368/3368/3368 3363/3363/3363 3343/3343/3343
f 3369/3369/3369 3363/3363/3363 3368/3368/3368
f 3356/3356/3356 3362/3362/3362 3365/3365/3365
f 3365/3365/3365 3363/3363/3363 3356/3356/3356
f 3409/3409/3409 3363/3363/3363 3365/3365/3365
f 3343/3343/3343 3409/3409/3409 3364/3364/3364
f 3363/3363/3363 3409/3409/3409 3343/3343/3343
f 3365/3365/3365 3408/3408/3408 3411/3411/3411
f 3411/3411/3411 3409/3409/3409 3365/3365/3365
f 3409/3409/3409 3411/3411/3411 3410/3410/3410
f 3410/3410/3410 3364/3364/3364 3409/3409/3409
f 3424/3424/3424 3411/3411/3411 3359/3359/3359
f 3410/3410/3410 3424/3424/3424 3346/3346/3346
f 3411/3411/3411 3424/3424/3424 3410/3410/3410
f 3405/3405/3405 3408/3408/3408 3357/3357/3357
f 3411/3411/3411 3405/3405/3405 3359/3359/3359
f 3408/3408/3408 3405/3405/3405 3411/3411/3411
f 3357/3357/3357 3404/3404/3404 3407/3407/3407
f 3407/3407/3407 3405/3405/3405 3357/3357/3357
f 3405/3405/3405 3407/3407/3407 3406/3406/3406
f 3406/3406/3406 3359/3359/3359 3405/3405/3405
f 3401/3401/3401 3407/3407/3407 3395/3395/3395
f 3406/3406/3406 3401/3401/3401 3361/3361/3361
f 3407/3407/3407 3401/3401/3401 3406/3406/3406
f 3359/3359/3359 3406/3406/3406 3426/3426/3426
f 3426/3426/3426 3424/3424/3424 3359/3359/3359
f 3424/3424/3424 3426/3426/3426 3425/3425/3425
f 3425/3425/3425 3346/3346/3346 3424/3424/3424
f 3426/3426/3426 3377/3377/3377 3360/3360/3360
f 3360/3360/3360 3425/3425/3425 3426/3426/3426
f 3421/3421/3421 3406/3406/3406 3361/3361/3361
f 3426/3426/3426 3421/3421/3421 3377/3377/3377
f 3406/3406/3406 3421/3421/3421 3426/3426/3426
f 3361/3361/3361 3402/3402/3402 3423/3423/3423
f 3423/3423/3423 3421/3421/3421 3361/3361/3361
f 3421/3421/3421 3423/3423/3423 3422/3422/3422
f 3422/3422/3422 3377/3377/3377 3421/3421/3421
f 3423/3423/3423 3392/3392/3392 3379/3379/3379
f 3379/3379/3379 3422/3422/3422 3423/3423/3423
f 3417/3417/3417 3402/3402/3402 3376/3376/3376
f 3423/3423/3423 3417/3417/3417 3392/3392/3392
f 3402/3402/3402 3417/3417/3417 3423/3423/3423
f 3422/3422/3422 3360/3360/3360 3377/3377/3377
f 3378/3378/3378 3422/3422/3422 3379/3379/3379
f 3360/3360/3360 3422/3422/3422 3378/3378/3378
f 3393/3393/3393 3378/3378/3378 3379/3379/3379
f 3351/3351/3351 3393/3393/3393 3358/3358/3358
f 3378/3378/3378 3393/3393/3393 3351/3351/3351
f 3376/3376/3376 3398/3398/3398 3420/3420/3420
f 3420/3420/3420 3417/3417/3417 3376/3376/3376
f 3417/3417/3417 3420/3420/3420 3418/3418/3418
f 3418/3418/3418 3392/3392/3392 3417/3417/3417
f 3420/3420/3420 3419/3419/3419 3394/3394/3394
f 3394/3394/3394 3418/3418/3418 3420/3420/3420
f 3414/3414/3414 3420/3420/3420 3398/3398/3398
f 3419/3419/3419 3414/3414/3414 3391/3391/3391
f 3420/3420/3420 3414/3414/3414 3419/3419/3419
f 3418/3418/3418 3379/3379/3379 3392/3392/3392
f 3393/3393/3393 3418/3418/3418 3394/3394/3394
f 3379/3379/3379 3418/3418/3418 3393/3393/3393
f 3394/3394/3394 3358/3358/3358 3393/3393/3393
f 3395/3395/3395 3400/3400/3400 3403/3403/3403
f 3403/3403/3403 3401/3401/3401 3395/3395/3395
f 3401/3401/3401 3403/3403/3403 3402/3402/3402
f 3402/3402/3402 3361/3361/3361 3401/3401/3401
f 3397/3397/3397 3403/3403/3403 3396/3396/3396
f 3402/3402/3402 3397/3397/3397 3376/3376/3376
f 3403/3403/3403 3397/3397/3397 3402/3402/3402
f 3413/3413/3413 3397/3397/3397 3399/3399/3399
f 3376/3376/3376 3413/3413/3413 3398/3398/3398
f 3397/3397/3397 3413/3413/3413 3376/3376/3376
f 3399/3399/3399 3412/3412/3412 3416/3416/3416
f 3416/3416/3416 3413/3413/3413 3399/3399/3399
f 3413/3413/3413 3416/3416/3416 3414/3414/3414
f 3414/3414/3414 3398/3398/3398 3413/3413/3413
f 3416/3416/3416 3415/3415/3415 3391/3391/3391
f 3391/3391/3391 3414/3414/3414 3416/3416/3416
f 2843/2843/2843 3372/3372/3372 3370/3370/3370
f 3370/3370/3370 3372/3372/3372 3371/3371/3371
f 3371/3371/3371 2838/2838/2838 3370/3370/3370
f 3367/3367/3367 3372/3372/3372 3350/3350/3350
f 3371/3371/3371 3367/3367/3367 2837/2837/2837
f 3372/3372/3372 3367/3367/3367 3371/3371/3371
f 3370/3370/3370 2844/2844/2844 2843/2843/2843
f 2839/2839/2839 3370/3370/3370 2838/2838/2838
f 2844/2844/2844 3370/3370/3370 2839/2839/2839
f 2845/2845/2845 2844/2844/2844 2839/2839/2839
f 2839/2839/2839 2840/2840/2840 2845/2845/2845
f 2846/2846/2846 2845/2845/2845 2840/2840/2840
f 2840/2840/2840 2841/2841/2841 2846/2846/2846
f 2847/2847/2847 2846/2846/2846 2841/2841/2841
f 2841/2841/2841 2842/2842/2842 2847/2847/2847
f 3106/3106/3106 3105/3105/3105 3239/3239/3239
f 3249/3249/3249 3107/3107/3107 3251/3251/3251
f 3106/3106/3106 3251/3251/3251 3107/3107/3107
f 3254/3254/3254 3107/3107/3107 3249/3249/3249
f 3251/3251/3251 3106/3106/3106 3250/3250/3250
f 3241/3241/3241 3104/3104/3104 3224/3224/3224
f 3103/3103/3103 3224/3224/3224 3104/3104/3104
f 3241/3241/3241 3105/3105/3105 3104/3104/3104
f 3239/3239/3239 3105/3105/3105 3241/3241/3241
f 3250/3250/3250 3106/3106/3106 3239/3239/3239
f 3169/3169/3169 3253/3253/3253 3249/3249/3249
f 3109/3109/3109 3218/3218/3218 3110/3110/3110
f 3110/3110/3110 3171/3171/3171 3111/3111/3111
f 3112/3112/3112 3176/3176/3176 3174/3174/3174
f 3111/3111/3111 3176/3176/3176 3112/3112/3112
f 3113/3113/3113 3112/3112/3112 3266/3266/3266
f 3266/3266/3266 3112/3112/3112 3174/3174/3174
f 3109/3109/3109 3108/3108/3108 3218/3218/3218
f 3108/3108/3108 3254/3254/3254 3252/3252/3252
f 3249/3249/3249 3253/3253/3253 3254/3254/3254
f 3240/3240/3240 3228/3228/3228 3252/3252/3252
f 3108/3108/3108 3252/3252/3252 3228/3228/3228
f 3108/3108/3108 3228/3228/3228 3220/3220/3220
f 3108/3108/3108 3107/3107/3107 3254/3254/3254
f 3110/3110/3110 3218/3218/3218 3171/3171/3171
f 3098/3098/3098 3097/3097/3097 3201/3201/3201
f 3100/3100/3100 3099/3099/3099 3211/3211/3211
f 3101/3101/3101 3100/3100/3100 3204/3204/3204
f 3201/3201/3201 3099/3099/3099 3098/3098/3098
f 3214/3214/3214 3204/3204/3204 3100/3100/3100
f 3095/3095/3095 3187/3187/3187 3096/3096/3096
f 3096/3096/3096 3188/3188/3188 3097/3097/3097
f 3200/3200/3200 3201/3201/3201 3097/3097/3097
f 3100/3100/3100 3211/3211/3211 3199/3199/3199
f 3100/3100/3100 3199/3199/3199 3214/3214/3214
f 3211/3211/3211 3099/3099/3099 3201/3201/3201
f 3214/3214/3214 3212/3212/3212 3204/3204/3204
f 3223/3223/3223 3103/3103/3103 3102/3102/3102
f 3244/3244/3244 3103/3103/3103 3223/3223/3223
f 3217/3217/3217 3223/3223/3223 3102/3102/3102
f 3224/3224/3224 3103/3103/3103 3244/3244/3244
f 3108/3108/3108 3220/3220/3220 3218/3218/3218
f 3223/3223/3223 3225/3225/3225 3244/3244/3244
f 3101/3101/3101 3204/3204/3204 3191/3191/3191
f 3189/3189/3189 3101/3101/3101 3191/3191/3191
f 3101/3101/3101 3189/3189/3189 3102/3102/3102
f 3189/3189/3189 3217/3217/3217 3102/3102/3102
f 3171/3171/3171 3176/3176/3176 3111/3111/3111
f 3117/3117/3117 3116/3116/3116 3263/3263/3263
f 3119/3119/3119 3118/3118/3118 3294/3294/3294
f 3293/3293/3293 3118/3118/3118 3117/3117/3117
f 3291/3291/3291 3119/3119/3119 3294/3294/3294
f 3290/3290/3290 3263/3263/3263 3116/3116/3116
f 3116/3116/3116 3115/3115/3115 3290/3290/3290
f 3305/3305/3305 3290/3290/3290 3115/3115/3115
f 3118/3118/3118 3293/3293/3293 3294/3294/3294
f 3117/3117/3117 3263/3263/3263 3275/3275/3275
f 3293/3293/3293 3117/3117/3117 3275/3275/3275
f 3120/3120/3120 3119/3119/3119 3291/3291/3291
f 3312/3312/3312 3121/3121/3121 3291/3291/3291
f 3120/3120/3120 3291/3291/3291 3121/3121/3121
f 3310/3310/3310 3121/3121/3121 3312/3312/3312
f 3270/3270/3270 3310/3310/3310 3295/3295/3295
f 3310/3310/3310 3296/3296/3296 3121/3121/3121
f 3121/3121/3121 3299/3299/3299 3122/3122/3122
f 3310/3310/3310 3270/3270/3270 3296/3296/3296
f 3121/3121/3121 3296/3296/3296 3268/3268/3268
f 3122/3122/3122 3299/3299/3299 3297/3297/3297
f 3297/3297/3297 3273/3273/3273 3122/3122/3122
f 3299/3299/3299 3121/3121/3121 3268/3268/3268
f 3271/3271/3271 3123/3123/3123 3122/3122/3122
f 3267/3267/3267 3114/3114/3114 3113/3113/3113
f 3260/3260/3260 3114/3114/3114 3267/3267/3267
f 3264/3264/3264 3305/3305/3305 3260/3260/3260
f 3114/3114/3114 3260/3260/3260 3305/3305/3305
f 3114/3114/3114 3305/3305/3305 3115/3115/3115
f 3262/3262/3262 2941/2941/2941 3123/3123/3123
f 3123/3123/3123 3271/3271/3271 3262/3262/3262
f 3123/3123/3123 2941/2941/2941 3324/3324/3324
f 3273/3273/3273 3271/3271/3271 3122/3122/3122
f 3113/3113/3113 3266/3266/3266 3267/3267/3267
f 3124/3124/3124 3325/3325/3325 3321/3321/3321
f 3123/3123/3123 3324/3324/3324 3325/3325/3325
f 3124/3124/3124 3321/3321/3321 3125/3125/3125
f 3335/3335/3335 3127/3127/3127 3126/3126/3126
f 3328/3328/3328 3126/3126/3126 3125/3125/3125
f 3126/3126/3126 3328/3328/3328 3335/3335/3335
f 2942/2942/2942 3321/3321/3321 3323/3323/3323
f 3321/3321/3321 3325/3325/3325 3323/3323/3323
f 3335/3335/3335 3328/3328/3328 3329/3329/3329
f 3321/3321/3321 3322/3322/3322 3328/3328/3328
f 3321/3321/3321 3328/3328/3328 3125/3125/3125
f 3124/3124/3124 3123/3123/3123 3325/3325/3325
f 3179/3179/3179 3093/3093/3093 2989/2989/2989
f 3179/3179/3179 3197/3197/3197 3093/3093/3093
f 2989/2989/2989 2794/2794/2794 3179/3179/3179
f 2988/2988/2988 2794/2794/2794 2989/2989/2989
f 2996/2996/2996 2987/2987/2987 2986/2986/2986
f 2986/2986/2986 2985/2985/2985 2994/2994/2994
f 2987/2987/2987 2996/2996/2996 3183/3183/3183
f 2794/2794/2794 2988/2988/2988 3183/3183/3183
f 2988/2988/2988 2987/2987/2987 3183/3183/3183
f 2996/2996/2996 2986/2986/2986 2994/2994/2994
f 3197/3197/3197 3094/3094/3094 3093/3093/3093
f 3167/3167/3167 3210/3210/3210 3094/3094/3094
f 3210/3210/3210 3095/3095/3095 3094/3094/3094
f 3168/3168/3168 3095/3095/3095 3210/3210/3210
f 3096/3096/3096 3209/3209/3209 3188/3188/3188
f 3097/3097/3097 3188/3188/3188 3200/3200/3200
f 3209/3209/3209 3096/3096/3096 3187/3187/3187
f 3179/3179/3179 3180/3180/3180 3197/3197/3197
f 3175/3175/3175 3171/3171/3171 2798/2798/2798
f 3173/3173/3173 3171/3171/3171 3218/3218/3218
f 3094/3094/3094 3197/3197/3197 3167/3167/3167
f 3095/3095/3095 3168/3168/3168 3187/3187/3187
f 2976/2976/2976 2991/2991/2991 2977/2977/2977
f 2980/2980/2980 2979/2979/2979 2792/2792/2792
f 2991/2991/2991 2978/2978/2978 2977/2977/2977
f 2978/2978/2978 2792/2792/2792 2979/2979/2979
f 2990/2990/2990 2975/2975/2975 2974/2974/2974
f 2990/2990/2990 2974/2974/2974 2973/2973/2973
f 2990/2990/2990 2991/2991/2991 2976/2976/2976
f 2793/2793/2793 2990/2990/2990 3445/3445/3445
f 2973/2973/2973 3445/3445/3445 2990/2990/2990
f 2975/2975/2975 2990/2990/2990 2976/2976/2976
f 2792/2792/2792 2981/2981/2981 2980/2980/2980
f 2995/2995/2995 2981/2981/2981 2792/2792/2792
f 2982/2982/2982 2981/2981/2981 2995/2995/2995
f 2983/2983/2983 2982/2982/2982 2995/2995/2995
f 2983/2983/2983 2995/2995/2995 2994/2994/2994
f 2985/2985/2985 2984/2984/2984 2994/2994/2994
f 2984/2984/2984 2983/2983/2983 2994/2994/2994
f 3444/3444/3444 2797/2797/2797 2793/2793/2793
f 3445/3445/3445 3444/3444/3444 2793/2793/2793
f 3442/3442/3442 2802/2802/2802 3443/3443/3443
f 3444/3444/3444 3443/3443/3443 2797/2797/2797
f 2802/2802/2802 2797/2797/2797 3443/3443/3443
f 2978/2978/2978 2991/2991/2991 2792/2792/2792
f 2999/2999/2999 2998/2998/2998 3034/3034/3034
f 3034/3034/3034 2998/2998/2998 3028/3028/3028
f 3000/3000/3000 2999/2999/2999 3034/3034/3034
f 2997/2997/2997 3031/3031/3031 3028/3028/3028
f 3001/3001/3001 3032/3032/3032 3043/3043/3043
f 3043/3043/3043 3041/3041/3041 3003/3003/3003
f 3032/3032/3032 3001/3001/3001 3000/3000/3000
f 3043/3043/3043 3002/3002/3002 3001/3001/3001
f 3000/3000/3000 3034/3034/3034 3032/3032/3032
f 3002/3002/3002 3043/3043/3043 3003/3003/3003
f 2959/2959/2959 2932/2932/2932 2878/2878/2878
f 2880/2880/2880 2932/2932/2932 3031/3031/3031
f 2877/2877/2877 2876/2876/2876 2961/2961/2961
f 2960/2960/2960 2961/2961/2961 2876/2876/2876
f 2961/2961/2961 2959/2959/2959 2878/2878/2878
f 2948/2948/2948 2960/2960/2960 2876/2876/2876
f 2877/2877/2877 2961/2961/2961 2878/2878/2878
f 2997/2997/2997 3028/3028/3028 2998/2998/2998
f 2932/2932/2932 2880/2880/2880 2879/2879/2879
f 2932/2932/2932 2879/2879/2879 2878/2878/2878
f 2997/2997/2997 2880/2880/2880 3031/3031/3031
f 3175/3175/3175 3176/3176/3176 3171/3171/3171
f 3004/3004/3004 3003/3003/3003 3041/3041/3041
f 3441/3441/3441 2807/2807/2807 2802/2802/2802
f 3442/3442/3442 3441/3441/3441 2802/2802/2802
f 2797/2797/2797 2802/2802/2802 2801/2801/2801
f 3440/3440/3440 2807/2807/2807 3441/3441/3441
f 2812/2812/2812 2807/2807/2807 3439/3439/3439
f 3440/3440/3440 3439/3439/3439 2807/2807/2807
f 3439/3439/3439 2813/2813/2813 2812/2812/2812
f 3438/3438/3438 2813/2813/2813 3439/3439/3439
f 3437/3437/3437 2819/2819/2819 3438/3438/3438
f 2813/2813/2813 3438/3438/3438 2819/2819/2819
f 3436/3436/3436 2819/2819/2819 3437/3437/3437
f 3047/3047/3047 3044/3044/3044 3005/3005/3005
f 3006/3006/3006 3005/3005/3005 3044/3044/3044
f 3007/3007/3007 3006/3006/3006 2958/2958/2958
f 3044/3044/3044 2958/2958/2958 3006/3006/3006
f 3008/3008/3008 3007/3007/3007 2958/2958/2958
f 2819/2819/2819 3436/3436/3436 2824/2824/2824
f 3008/3008/3008 3059/3059/3059 3060/3060/3060
f 3010/3010/3010 3060/3060/3060 3058/3058/3058
f 3008/3008/3008 3060/3060/3060 3009/3009/3009
f 3008/3008/3008 2958/2958/2958 3059/3059/3059
f 3060/3060/3060 3010/3010/3010 3009/3009/3009
f 3004/3004/3004 3047/3047/3047 3005/3005/3005
f 3047/3047/3047 3004/3004/3004 3041/3041/3041
f 3127/3127/3127 3335/3335/3335 3336/3336/3336
f 3128/3128/3128 3336/3336/3336 3339/3339/3339
f 3127/3127/3127 3336/3336/3336 3128/3128/3128
f 3130/3130/3130 3129/3129/3129 3339/3339/3339
f 3339/3339/3339 3129/3129/3129 3128/3128/3128
f 3131/3131/3131 3130/3130/3130 3333/3333/3333
f 3130/3130/3130 3339/3339/3339 3333/3333/3333
f 3340/3340/3340 3333/3333/3333 3326/3326/3326
f 3131/3131/3131 3333/3333/3333 3340/3340/3340
f 3332/3332/3332 3338/3338/3338 3337/3337/3337
f 3340/3340/3340 3338/3338/3338 3131/3131/3131
f 3338/3338/3338 3330/3330/3330 3131/3131/3131
f 3338/3338/3338 3332/3332/3332 3330/3330/3330
f 2939/2939/2939 3330/3330/3330 2925/2925/2925
f 2940/2940/2940 3132/3132/3132 2939/2939/2939
f 3330/3330/3330 2939/2939/2939 3132/3132/3132
f 2937/2937/2937 3132/3132/3132 2940/2940/2940
f 3132/3132/3132 3131/3131/3131 3330/3330/3330
f 2872/2872/2872 2943/2943/2943 2952/2952/2952
f 2871/2871/2871 2945/2945/2945 2943/2943/2943
f 2907/2907/2907 2923/2923/2923 2937/2937/2937
f 2937/2937/2937 2923/2923/2923 3133/3133/3133
f 2923/2923/2923 2907/2907/2907 2933/2933/2933
f 3133/3133/3133 3132/3132/3132 2937/2937/2937
f 2870/2870/2870 2945/2945/2945 2871/2871/2871
f 2868/2868/2868 2934/2934/2934 2869/2869/2869
f 2945/2945/2945 2870/2870/2870 2869/2869/2869
f 2936/2936/2936 2934/2934/2934 2868/2868/2868
f 2872/2872/2872 2871/2871/2871 2943/2943/2943
f 2875/2875/2875 2874/2874/2874 2948/2948/2948
f 2949/2949/2949 2948/2948/2948 2874/2874/2874
f 2873/2873/2873 2872/2872/2872 2949/2949/2949
f 2874/2874/2874 2873/2873/2873 2949/2949/2949
f 2952/2952/2952 2949/2949/2949 2872/2872/2872
f 2934/2934/2934 2945/2945/2945 2869/2869/2869
f 2866/2866/2866 2933/2933/2933 2867/2867/2867
f 2936/2936/2936 2867/2867/2867 2933/2933/2933
f 2868/2868/2868 2867/2867/2867 2936/2936/2936
f 2933/2933/2933 2924/2924/2924 2923/2923/2923
f 2862/2862/2862 2927/2927/2927 2924/2924/2924
f 2865/2865/2865 2933/2933/2933 2866/2866/2866
f 2924/2924/2924 2933/2933/2933 2864/2864/2864
f 2864/2864/2864 2933/2933/2933 2865/2865/2865
f 2863/2863/2863 2924/2924/2924 2864/2864/2864
f 2861/2861/2861 2928/2928/2928 2862/2862/2862
f 2924/2924/2924 2863/2863/2863 2862/2862/2862
f 2860/2860/2860 2928/2928/2928 2861/2861/2861
f 2928/2928/2928 2927/2927/2927 2862/2862/2862
f 2948/2948/2948 2876/2876/2876 2875/2875/2875
f 3133/3133/3133 2923/2923/2923 2825/2825/2825
f 2928/2928/2928 2860/2860/2860 2926/2926/2926
f 2860/2860/2860 2892/2892/2892 2926/2926/2926
f 2825/2825/2825 3134/3134/3134 3133/3133/3133
f 2859/2859/2859 2892/2892/2892 2860/2860/2860
f 2858/2858/2858 2892/2892/2892 2859/2859/2859
f 2858/2858/2858 2857/2857/2857 2918/2918/2918
f 2914/2914/2914 2856/2856/2856 2855/2855/2855
f 2856/2856/2856 2914/2914/2914 2857/2857/2857
f 2918/2918/2918 2917/2917/2917 2858/2858/2858
f 2858/2858/2858 2917/2917/2917 2892/2892/2892
f 2893/2893/2893 3134/3134/3134 2921/2921/2921
f 2825/2825/2825 2921/2921/2921 3134/3134/3134
f 3135/3135/3135 3134/3134/3134 2893/2893/2893
f 3135/3135/3135 2919/2919/2919 2894/2894/2894
f 2893/2893/2893 2919/2919/2919 3135/3135/3135
f 3136/3136/3136 3135/3135/3135 2891/2891/2891
f 2857/2857/2857 2914/2914/2914 2918/2918/2918
f 2855/2855/2855 2915/2915/2915 2914/2914/2914
f 3135/3135/3135 2894/2894/2894 2891/2891/2891
f 2891/2891/2891 2831/2831/2831 3136/3136/3136
f 3136/3136/3136 3341/3341/3341 3137/3137/3137
f 2854/2854/2854 2915/2915/2915 2855/2855/2855
f 2854/2854/2854 2853/2853/2853 2915/2915/2915
f 2853/2853/2853 2888/2888/2888 2915/2915/2915
f 2852/2852/2852 2888/2888/2888 2853/2853/2853
f 2831/2831/2831 3341/3341/3341 3136/3136/3136
f 3341/3341/3341 3342/3342/3342 3137/3137/3137
f 3138/3138/3138 3137/3137/3137 3342/3342/3342
f 2909/2909/2909 2852/2852/2852 2851/2851/2851
f 2909/2909/2909 2888/2888/2888 2852/2852/2852
f 2909/2909/2909 2851/2851/2851 2850/2850/2850
f 2908/2908/2908 2888/2888/2888 2909/2909/2909
f 3138/3138/3138 3342/3342/3342 3354/3354/3354
f 3354/3354/3354 3139/3139/3139 3138/3138/3138
f 3375/3375/3375 3354/3354/3354 3374/3374/3374
f 3375/3375/3375 3373/3373/3373 3351/3351/3351
f 3140/3140/3140 3375/3375/3375 3351/3351/3351
f 3139/3139/3139 3375/3375/3375 3140/3140/3140
f 3375/3375/3375 3139/3139/3139 3354/3354/3354
f 3141/3141/3141 3140/3140/3140 3358/3358/3358
f 3140/3140/3140 3351/3351/3351 3358/3358/3358
f 3394/3394/3394 3141/3141/3141 3358/3358/3358
f 3142/3142/3142 3419/3419/3419 3391/3391/3391
f 3394/3394/3394 3419/3419/3419 3142/3142/3142
f 3143/3143/3143 3142/3142/3142 3391/3391/3391
f 3394/3394/3394 3142/3142/3142 3141/3141/3141
f 3057/3057/3057 3011/3011/3011 3010/3010/3010
f 3024/3024/3024 3023/3023/3023 3092/3092/3092
f 3091/3091/3091 3023/3023/3023 3083/3083/3083
f 3057/3057/3057 3061/3061/3061 3011/3011/3011
f 3012/3012/3012 3011/3011/3011 3061/3061/3061
f 3012/3012/3012 3061/3061/3061 3013/3013/3013
f 3083/3083/3083 3022/3022/3022 3021/3021/3021
f 3023/3023/3023 3022/3022/3022 3083/3083/3083
f 3083/3083/3083 3021/3021/3021 3086/3086/3086
f 3092/3092/3092 3025/3025/3025 3024/3024/3024
f 3058/3058/3058 3057/3057/3057 3010/3010/3010
f 2898/2898/2898 2849/2849/2849 2848/2848/2848
f 2898/2898/2898 2848/2848/2848 3027/3027/3027
f 2849/2849/2849 2898/2898/2898 2897/2897/2897
f 2897/2897/2897 2909/2909/2909 2850/2850/2850
f 2850/2850/2850 2849/2849/2849 2897/2897/2897
f 2883/2883/2883 2898/2898/2898 3027/3027/3027
f 3026/3026/3026 3025/3025/3025 3090/3090/3090
f 3090/3090/3090 3025/3025/3025 3092/3092/3092
f 3023/3023/3023 3091/3091/3091 3092/3092/3092
f 3027/3027/3027 3026/3026/3026 2883/2883/2883
f 3026/3026/3026 3090/3090/3090 2883/2883/2883
f 2883/2883/2883 2896/2896/2896 2898/2898/2898
f 3075/3075/3075 3015/3015/3015 3014/3014/3014
f 3065/3065/3065 3014/3014/3014 3013/3013/3013
f 3081/3081/3081 3017/3017/3017 3073/3073/3073
f 3073/3073/3073 3017/3017/3017 3016/3016/3016
f 3075/3075/3075 3016/3016/3016 3015/3015/3015
f 3436/3436/3436 3435/3435/3435 2824/2824/2824
f 3013/3013/3013 3068/3068/3068 3065/3065/3065
f 3016/3016/3016 3075/3075/3075 3073/3073/3073
f 3075/3075/3075 3014/3014/3014 3065/3065/3065
f 2830/2830/2830 2824/2824/2824 3435/3435/3435
f 3017/3017/3017 3081/3081/3081 3018/3018/3018
f 3061/3061/3061 3068/3068/3068 3013/3013/3013
f 3079/3079/3079 3019/3019/3019 3081/3081/3081
f 3018/3018/3018 3081/3081/3081 3019/3019/3019
f 3020/3020/3020 3019/3019/3019 3079/3079/3079
f 3021/3021/3021 3020/3020/3020 3086/3086/3086
f 3020/3020/3020 3079/3079/3079 3086/3086/3086
f 3435/3435/3435 3434/3434/3434 2830/2830/2830
f 3433/3433/3433 3432/3432/3432 2830/2830/2830
f 2830/2830/2830 3434/3434/3434 3433/3433/3433
f 3430/3430/3430 2836/2836/2836 3431/3431/3431
f 3432/3432/3432 3431/3431/3431 2836/2836/2836
f 2830/2830/2830 3432/3432/3432 2836/2836/2836
f 3430/3430/3430 2841/2841/2841 2836/2836/2836
f 3143/3143/3143 3391/3391/3391 3415/3415/3415
f 3145/3145/3145 3144/3144/3144 3416/3416/3416
f 3415/3415/3415 3416/3416/3416 3144/3144/3144
f 3412/3412/3412 3145/3145/3145 3416/3416/3416
f 3144/3144/3144 3143/3143/3143 3415/3415/3415
f 3146/3146/3146 3412/3412/3412 3399/3399/3399
f 3396/3396/3396 3399/3399/3399 3397/3397/3397
f 3400/3400/3400 3146/3146/3146 3396/3396/3396
f 3400/3400/3400 3396/3396/3396 3403/3403/3403
f 3146/3146/3146 3399/3399/3399 3396/3396/3396
f 3146/3146/3146 3145/3145/3145 3412/3412/3412
f 3404/3404/3404 3400/3400/3400 3395/3395/3395
f 3404/3404/3404 3395/3395/3395 3407/3407/3407
f 3362/3362/3362 3404/3404/3404 3357/3357/3357
f 3362/3362/3362 3357/3357/3357 3408/3408/3408
f 3404/3404/3404 3147/3147/3147 3400/3400/3400
f 3408/3408/3408 3365/3365/3365 3362/3362/3362
f 3147/3147/3147 3362/3362/3362 3356/3356/3356
f 3366/3366/3366 3147/3147/3147 3369/3369/3369
f 3356/3356/3356 3369/3369/3369 3147/3147/3147
f 3148/3148/3148 3147/3147/3147 3366/3366/3366
f 3147/3147/3147 3404/3404/3404 3362/3362/3362
f 3147/3147/3147 3146/3146/3146 3400/3400/3400
f 3372/3372/3372 3148/3148/3148 3350/3350/3350
f 3366/3366/3366 3350/3350/3350 3148/3148/3148
f 3149/3149/3149 3372/3372/3372 2843/2843/2843
f 3151/3151/3151 2843/2843/2843 2844/2844/2844
f 3153/3153/3153 2844/2844/2844 2845/2845/2845
f 3149/3149/3149 3148/3148/3148 3372/3372/3372
f 3429/3429/3429 2842/2842/2842 3430/3430/3430
f 2842/2842/2842 2841/2841/2841 3430/3430/3430
f 3428/3428/3428 2842/2842/2842 3429/3429/3429
f 2847/2847/2847 3428/3428/3428 3427/3427/3427
f 3428/3428/3428 2847/2847/2847 2842/2842/2842
f 2846/2846/2846 3155/3155/3155 2845/2845/2845
f 3151/3151/3151 3150/3150/3150 2843/2843/2843
f 3152/3152/3152 3151/3151/3151 2844/2844/2844
f 2845/2845/2845 3154/3154/3154 3153/3153/3153
f 3152/3152/3152 2844/2844/2844 3153/3153/3153
f 2845/2845/2845 3155/3155/3155 3154/3154/3154
f 3427/3427/3427 3159/3159/3159 3158/3158/3158
f 3157/3157/3157 2847/2847/2847 3158/3158/3158
f 2847/2847/2847 3427/3427/3427 3158/3158/3158
f 2847/2847/2847 3157/3157/3157 2846/2846/2846
f 3157/3157/3157 3156/3156/3156 2846/2846/2846
f 2846/2846/2846 3156/3156/3156 3155/3155/3155
f 3149/3149/3149 2843/2843/2843 3150/3150/3150
f 3583/3583/3583 3582/3582/3582 3580/3580/3580
f 3580/3580/3580 3581/3581/3581 3583/3583/3583
f 3577/3577/3577 3572/3572/3572 3582/3582/3582
f 3582/3582/3582 3583/3583/3583 3577/3577/3577
f 3581/3581/3581 3580/3580/3580 3584/3584/3584
f 3584/3584/3584 3585/3585/3585 3581/3581/3581
f 3576/3576/3576 3575/3575/3575 3573/3573/3573
f 3573/3573/3573 3574/3574/3574 3576/3576/3576
f 3569/3569/3569 3564/3564/3564 3575/3575/3575
f 3575/3575/3575 3576/3576/3576 3569/3569/3569
f 3579/3579/3579 3578/3578/3578 3572/3572/3572
f 3572/3572/3572 3577/3577/3577 3579/3579/3579
f 3574/3574/3574 3573/3573/3573 3578/3578/3578
f 3578/3578/3578 3579/3579/3579 3574/3574/3574
f 3568/3568/3568 3567/3567/3567 3565/3565/3565
f 3565/3565/3565 3566/3566/3566 3568/3568/3568
f 3561/3561/3561 3539/3539/3539 3567/3567/3567
f 3567/3567/3567 3568/3568/3568 3561/3561/3561
f 3571/3571/3571 3570/3570/3570 3564/3564/3564
f 3564/3564/3564 3569/3569/3569 3571/3571/3571
f 3566/3566/3566 3565/3565/3565 3570/3570/3570
f 3570/3570/3570 3571/3571/3571 3566/3566/3566
f 3552/3552/3552 3551/3551/3551 3549/3549/3549
f 3549/3549/3549 3550/3550/3550 3552/3552/3552
f 3544/3544/3544 3536/3536/3536 3551/3551/3551
f 3551/3551/3551 3552/3552/3552 3544/3544/3544
f 3549/3549/3549 3548/3548/3548 3540/3540/3540
f 3540/3540/3540 3547/3547/3547 3549/3549/3549
f 3551/3551/3551 3548/3548/3548 3549/3549/3549
f 3519/3519/3519 3551/3551/3551 3536/3536/3536
f 3548/3548/3548 3551/3551/3551 3519/3519/3519
f 3563/3563/3563 3562/3562/3562 3539/3539/3539
f 3539/3539/3539 3561/3561/3561 3563/3563/3563
f 3547/3547/3547 3540/3540/3540 3562/3562/3562
f 3562/3562/3562 3563/3563/3563 3547/3547/3547
f 3532/3532/3532 3531/3531/3531 3529/3529/3529
f 3529/3529/3529 3530/3530/3530 3532/3532/3532
f 3524/3524/3524 3516/3516/3516 3531/3531/3531
f 3531/3531/3531 3532/3532/3532 3524/3524/3524
f 3535/3535/3535 3534/3534/3534 3527/3527/3527
f 3527/3527/3527 3533/3533/3533 3535/3535/3535
f 3530/3530/3530 3529/3529/3529 3534/3534/3534
f 3534/3534/3534 3535/3535/3535 3530/3530/3530
f 3534/3534/3534 3520/3520/3520 3527/3527/3527
f 3528/3528/3528 3534/3534/3534 3529/3529/3529
f 3520/3520/3520 3534/3534/3534 3528/3528/3528
f 3531/3531/3531 3528/3528/3528 3529/3529/3529
f 3499/3499/3499 3531/3531/3531 3516/3516/3516
f 3528/3528/3528 3531/3531/3531 3499/3499/3499
f 3543/3543/3543 3542/3542/3542 3538/3538/3538
f 3538/3538/3538 3541/3541/3541 3543/3543/3543
f 3533/3533/3533 3527/3527/3527 3542/3542/3542
f 3542/3542/3542 3543/3543/3543 3533/3533/3533
f 3546/3546/3546 3545/3545/3545 3536/3536/3536
f 3536/3536/3536 3544/3544/3544 3546/3546/3546
f 3541/3541/3541 3538/3538/3538 3545/3545/3545
f 3545/3545/3545 3546/3546/3546 3541/3541/3541
f 3545/3545/3545 3519/3519/3519 3536/3536/3536
f 3537/3537/3537 3545/3545/3545 3538/3538/3538
f 3519/3519/3519 3545/3545/3545 3537/3537/3537
f 3542/3542/3542 3537/3537/3537 3538/3538/3538
f 3520/3520/3520 3542/3542/3542 3527/3527/3527
f 3537/3537/3537 3542/3542/3542 3520/3520/3520
f 3512/3512/3512 3511/3511/3511 3509/3509/3509
f 3509/3509/3509 3510/3510/3510 3512/3512/3512
f 3504/3504/3504 3496/3496/3496 3511/3511/3511
f 3511/3511/3511 3512/3512/3512 3504/3504/3504
f 3515/3515/3515 3514/3514/3514 3507/3507/3507
f 3507/3507/3507 3513/3513/3513 3515/3515/3515
f 3510/3510/3510 3509/3509/3509 3514/3514/3514
f 3514/3514/3514 3515/3515/3515 3510/3510/3510
f 3514/3514/3514 3500/3500/3500 3507/3507/3507
f 3508/3508/3508 3514/3514/3514 3509/3509/3509
f 3500/3500/3500 3514/3514/3514 3508/3508/3508
f 3511/3511/3511 3508/3508/3508 3509/3509/3509
f 3479/3479/3479 3511/3511/3511 3496/3496/3496
f 3508/3508/3508 3511/3511/3511 3479/3479/3479
f 3523/3523/3523 3522/3522/3522 3518/3518/3518
f 3518/3518/3518 3521/3521/3521 3523/3523/3523
f 3513/3513/3513 3507/3507/3507 3522/3522/3522
f 3522/3522/3522 3523/3523/3523 3513/3513/3513
f 3526/3526/3526 3525/3525/3525 3516/3516/3516
f 3516/3516/3516 3524/3524/3524 3526/3526/3526
f 3521/3521/3521 3518/3518/3518 3525/3525/3525
f 3525/3525/3525 3526/3526/3526 3521/3521/3521
f 3525/3525/3525 3499/3499/3499 3516/3516/3516
f 3517/3517/3517 3525/3525/3525 3518/3518/3518
f 3499/3499/3499 3525/3525/3525 3517/3517/3517
f 3522/3522/3522 3517/3517/3517 3518/3518/3518
f 3500/3500/3500 3522/3522/3522 3507/3507/3507
f 3517/3517/3517 3522/3522/3522 3500/3500/3500
f 3492/3492/3492 3491/3491/3491 3489/3489/3489
f 3489/3489/3489 3490/3490/3490 3492/3492/3492
f 3484/3484/3484 3476/3476/3476 3491/3491/3491
f 3491/3491/3491 3492/3492/3492 3484/3484/3484
f 3495/3495/3495 3494/3494/3494 3487/3487/3487
f 3487/3487/3487 3493/3493/3493 3495/3495/3495
f 3490/3490/3490 3489/3489/3489 3494/3494/3494
f 3494/3494/3494 3495/3495/3495 3490/3490/3490
f 3494/3494/3494 3480/3480/3480 3487/3487/3487
f 3488/3488/3488 3494/3494/3494 3489/3489/3489
f 3480/3480/3480 3494/3494/3494 3488/3488/3488
f 3491/3491/3491 3488/3488/3488 3489/3489/3489
f 3465/3465/3465 3491/3491/3491 3476/3476/3476
f 3488/3488/3488 3491/3491/3491 3465/3465/3465
f 3503/3503/3503 3502/3502/3502 3498/3498/3498
f 3498/3498/3498 3501/3501/3501 3503/3503/3503
f 3493/3493/3493 3487/3487/3487 3502/3502/3502
f 3502/3502/3502 3503/3503/3503 3493/3493/3493
f 3506/3506/3506 3505/3505/3505 3496/3496/3496
f 3496/3496/3496 3504/3504/3504 3506/3506/3506
f 3501/3501/3501 3498/3498/3498 3505/3505/3505
f 3505/3505/3505 3506/3506/3506 3501/3501/3501
f 3505/3505/3505 3479/3479/3479 3496/3496/3496
f 3497/3497/3497 3505/3505/3505 3498/3498/3498
f 3479/3479/3479 3505/3505/3505 3497/3497/3497
f 3502/3502/3502 3497/3497/3497 3498/3498/3498
f 3480/3480/3480 3502/3502/3502 3487/3487/3487
f 3497/3497/3497 3502/3502/3502 3480/3480/3480
f 3472/3472/3472 3471/3471/3471 3469/3469/3469
f 3469/3469/3469 3470/3470/3470 3472/3472/3472
f 3475/3475/3475 3474/3474/3474 3467/3467/3467
f 3467/3467/3467 3473/3473/3473 3475/3475/3475
f 3470/3470/3470 3469/3469/3469 3474/3474/3474
f 3474/3474/3474 3475/3475/3475 3470/3470/3470
f 3474/3474/3474 3466/3466/3466 3467/3467/3467
f 3468/3468/3468 3474/3474/3474 3469/3469/3469
f 3466/3466/3466 3474/3474/3474 3468/3468/3468
f 3483/3483/3483 3482/3482/3482 3478/3478/3478
f 3478/3478/3478 3481/3481/3481 3483/3483/3483
f 3473/3473/3473 3467/3467/3467 3482/3482/3482
f 3482/3482/3482 3483/3483/3483 3473/3473/3473
f 3486/3486/3486 3485/3485/3485 3476/3476/3476
f 3476/3476/3476 3484/3484/3484 3486/3486/3486
f 3481/3481/3481 3478/3478/3478 3485/3485/3485
f 3485/3485/3485 3486/3486/3486 3481/3481/3481
f 3485/3485/3485 3465/3465/3465 3476/3476/3476
f 3477/3477/3477 3485/3485/3485 3478/3478/3478
f 3465/3465/3465 3485/3485/3485 3477/3477/3477
f 3482/3482/3482 3477/3477/3477 3478/3478/3478
f 3466/3466/3466 3482/3482/3482 3467/3467/3467
f 3477/3477/3477 3482/3482/3482 3466/3466/3466
f 3587/3587/3587 3584/3584/3584 3446/3446/3446
f 3580/3580/3580 3446/3446/3446 3584/3584/3584
f 3585/3585/3585 3584/3584/3584 3587/3587/3587
f 3582/3582/3582 3588/3588/3588 3580/3580/3580
f 3446/3446/3446 3580/3580/3580 3588/3588/3588
f 3588/3588/3588 3582/3582/3582 3572/3572/3572
f 3572/3572/3572 3578/3578/3578 3588/3588/3588
f 3559/3559/3559 3581/3581/3581 3585/3585/3585
f 3559/3559/3559 3583/3583/3583 3581/3581/3581
f 3588/3588/3588 3578/3578/3578 3573/3573/3573
f 3558/3558/3558 3579/3579/3579 3577/3577/3577
f 3558/3558/3558 3577/3577/3577 3583/3583/3583
f 3573/3573/3573 3575/3575/3575 3588/3588/3588
f 3560/3560/3560 3585/3585/3585 3587/3587/3587
f 3589/3589/3589 3575/3575/3575 3564/3564/3564
f 3589/3589/3589 3564/3564/3564 3570/3570/3570
f 3567/3567/3567 3589/3589/3589 3565/3565/3565
f 3591/3591/3591 3590/3590/3590 3519/3519/3519
f 3589/3589/3589 3567/3567/3567 3539/3539/3539
f 3539/3539/3539 3590/3590/3590 3589/3589/3589
f 3570/3570/3570 3565/3565/3565 3589/3589/3589
f 3589/3589/3589 3588/3588/3588 3575/3575/3575
f 3590/3590/3590 3562/3562/3562 3540/3540/3540
f 3562/3562/3562 3590/3590/3590 3539/3539/3539
f 3590/3590/3590 3548/3548/3548 3519/3519/3519
f 3591/3591/3591 3537/3537/3537 3520/3520/3520
f 3537/3537/3537 3591/3591/3591 3519/3519/3519
f 3548/3548/3548 3590/3590/3590 3540/3540/3540
f 3556/3556/3556 3576/3576/3576 3574/3574/3574
f 3556/3556/3556 3569/3569/3569 3576/3576/3576
f 3555/3555/3555 3566/3566/3566 3571/3571/3571
f 3554/3554/3554 3561/3561/3561 3568/3568/3568
f 3554/3554/3554 3568/3568/3568 3566/3566/3566
f 3555/3555/3555 3571/3571/3571 3569/3569/3569
f 3585/3585/3585 3560/3560/3560 3559/3559/3559
f 3583/3583/3583 3559/3559/3559 3558/3558/3558
f 3555/3555/3555 3569/3569/3569 3556/3556/3556
f 3579/3579/3579 3558/3558/3558 3557/3557/3557
f 3557/3557/3557 3556/3556/3556 3574/3574/3574
f 3555/3555/3555 3554/3554/3554 3566/3566/3566
f 3554/3554/3554 3553/3553/3553 3561/3561/3561
f 3579/3579/3579 3557/3557/3557 3574/3574/3574
f 3547/3547/3547 3563/3563/3563 3553/3553/3553
f 3550/3550/3550 3549/3549/3549 3547/3547/3547
f 3464/3464/3464 3552/3552/3552 3550/3550/3550
f 3463/3463/3463 3546/3546/3546 3544/3544/3544
f 3463/3463/3463 3544/3544/3544 3552/3552/3552
f 3550/3550/3550 3547/3547/3547 3464/3464/3464
f 3463/3463/3463 3462/3462/3462 3546/3546/3546
f 3552/3552/3552 3464/3464/3464 3463/3463/3463
f 3464/3464/3464 3547/3547/3547 3553/3553/3553
f 3546/3546/3546 3462/3462/3462 3541/3541/3541
f 3461/3461/3461 3533/3533/3533 3543/3543/3543
f 3543/3543/3543 3462/3462/3462 3461/3461/3461
f 3535/3535/3535 3533/3533/3533 3461/3461/3461
f 3541/3541/3541 3462/3462/3462 3543/3543/3543
f 3561/3561/3561 3553/3553/3553 3563/3563/3563
f 3528/3528/3528 3591/3591/3591 3520/3520/3520
f 3460/3460/3460 3530/3530/3530 3535/3535/3535
f 3517/3517/3517 3592/3592/3592 3499/3499/3499
f 3591/3591/3591 3528/3528/3528 3499/3499/3499
f 3592/3592/3592 3517/3517/3517 3500/3500/3500
f 3499/3499/3499 3592/3592/3592 3591/3591/3591
f 3459/3459/3459 3524/3524/3524 3532/3532/3532
f 3459/3459/3459 3526/3526/3526 3524/3524/3524
f 3458/3458/3458 3523/3523/3523 3521/3521/3521
f 3457/3457/3457 3515/3515/3515 3513/3513/3513
f 3458/3458/3458 3513/3513/3513 3523/3523/3523
f 3458/3458/3458 3521/3521/3521 3526/3526/3526
f 3508/3508/3508 3592/3592/3592 3500/3500/3500
f 3460/3460/3460 3532/3532/3532 3530/3530/3530
f 3479/3479/3479 3592/3592/3592 3508/3508/3508
f 3497/3497/3497 3592/3592/3592 3479/3479/3479
f 3593/3593/3593 3477/3477/3477 3466/3466/3466
f 3466/3466/3466 3447/3447/3447 3593/3593/3593
f 3447/3447/3447 3468/3468/3468 3586/3586/3586
f 3480/3480/3480 3488/3488/3488 3593/3593/3593
f 3497/3497/3497 3480/3480/3480 3593/3593/3593
f 3592/3592/3592 3497/3497/3497 3593/3593/3593
f 3593/3593/3593 3488/3488/3488 3465/3465/3465
f 3477/3477/3477 3593/3593/3593 3465/3465/3465
f 3447/3447/3447 3466/3466/3466 3468/3468/3468
f 3468/3468/3468 3469/3469/3469 3471/3471/3471
f 3471/3471/3471 3586/3586/3586 3468/3468/3468
f 3471/3471/3471 3448/3448/3448 3586/3586/3586
f 3457/3457/3457 3510/3510/3510 3515/3515/3515
f 3456/3456/3456 3504/3504/3504 3512/3512/3512
f 3455/3455/3455 3506/3506/3506 3504/3504/3504
f 3454/3454/3454 3503/3503/3503 3501/3501/3501
f 3453/3453/3453 3495/3495/3495 3493/3493/3493
f 3454/3454/3454 3493/3493/3493 3503/3503/3503
f 3455/3455/3455 3501/3501/3501 3506/3506/3506
f 3459/3459/3459 3532/3532/3532 3460/3460/3460
f 3457/3457/3457 3513/3513/3513 3458/3458/3458
f 3459/3459/3459 3458/3458/3458 3526/3526/3526
f 3455/3455/3455 3504/3504/3504 3456/3456/3456
f 3501/3501/3501 3455/3455/3455 3454/3454/3454
f 3457/3457/3457 3456/3456/3456 3510/3510/3510
f 3453/3453/3453 3493/3493/3493 3454/3454/3454
f 3453/3453/3453 3490/3490/3490 3495/3495/3495
f 3512/3512/3512 3510/3510/3510 3456/3456/3456
f 3452/3452/3452 3492/3492/3492 3490/3490/3490
f 3452/3452/3452 3484/3484/3484 3492/3492/3492
f 3451/3451/3451 3481/3481/3481 3486/3486/3486
f 3450/3450/3450 3473/3473/3473 3483/3483/3483
f 3451/3451/3451 3483/3483/3483 3481/3481/3481
f 3451/3451/3451 3486/3486/3486 3484/3484/3484
f 3452/3452/3452 3451/3451/3451 3484/3484/3484
f 3450/3450/3450 3475/3475/3475 3473/3473/3473
f 3450/3450/3450 3483/3483/3483 3451/3451/3451
f 3450/3450/3450 3449/3449/3449 3475/3475/3475
f 3449/3449/3449 3472/3472/3472 3470/3470/3470
f 3472/3472/3472 3449/3449/3449 3448/3448/3448
f 3448/3448/3448 3471/3471/3471 3472/3472/3472
f 3475/3475/3475 3449/3449/3449 3470/3470/3470
f 3453/3453/3453 3452/3452/3452 3490/3490/3490
f 3461/3461/3461 3460/3460/3460 3535/3535/3535
f 3744/3744/3744 3743/3743/3743 3740/3740/3740
f 3740/3740/3740 3742/3742/3742 3744/3744/3744
f 3741/3741/3741 3731/3731/3731 3743/3743/3743
f 3743/3743/3743 3744/3744/3744 3741/3741/3741
f 3747/3747/3747 3746/3746/3746 3738/3738/3738
f 3738/3738/3738 3745/3745/3745 3747/3747/3747
f 3742/3742/3742 3740/3740/3740 3746/3746/3746
f 3746/3746/3746 3747/3747/3747 3742/3742/3742
f 3746/3746/3746 3734/3734/3734 3738/3738/3738
f 3739/3739/3739 3746/3746/3746 3740/3740/3740
f 3734/3734/3734 3746/3746/3746 3739/3739/3739
f 3743/3743/3743 3739/3739/3739 3740/3740/3740
f 3720/3720/3720 3743/3743/3743 3731/3731/3731
f 3739/3739/3739 3743/3743/3743 3720/3720/3720
f 3752/3752/3752 3751/3751/3751 3749/3749/3749
f 3749/3749/3749 3750/3750/3750 3752/3752/3752
f 3745/3745/3745 3738/3738/3738 3751/3751/3751
f 3751/3751/3751 3752/3752/3752 3745/3745/3745
f 3758/3758/3758 3757/3757/3757 3759/3759/3759
f 3759/3759/3759 3760/3760/3760 3758/3758/3758
f 3755/3755/3755 3754/3754/3754 3756/3756/3756
f 3756/3756/3756 3757/3757/3757 3755/3755/3755
f 3750/3750/3750 3749/3749/3749 3753/3753/3753
f 3753/3753/3753 3754/3754/3754 3750/3750/3750
f 3751/3751/3751 3748/3748/3748 3749/3749/3749
f 3734/3734/3734 3751/3751/3751 3738/3738/3738
f 3748/3748/3748 3751/3751/3751 3734/3734/3734
f 3730/3730/3730 3729/3729/3729 3724/3724/3724
f 3724/3724/3724 3728/3728/3728 3730/3730/3730
f 3730/3730/3730 3726/3726/3726 3729/3729/3729
f 3729/3729/3729 3721/3721/3721 3724/3724/3724
f 3725/3725/3725 3729/3729/3729 3726/3726/3726
f 3721/3721/3721 3729/3729/3729 3725/3725/3725
f 3727/3727/3727 3725/3725/3725 3726/3726/3726
f 3708/3708/3708 3727/3727/3727 3717/3717/3717
f 3725/3725/3725 3727/3727/3727 3708/3708/3708
f 3737/3737/3737 3736/3736/3736 3733/3733/3733
f 3733/3733/3733 3735/3735/3735 3737/3737/3737
f 3728/3728/3728 3724/3724/3724 3736/3736/3736
f 3736/3736/3736 3737/3737/3737 3728/3728/3728
f 3733/3733/3733 3732/3732/3732 3720/3720/3720
f 3720/3720/3720 3731/3731/3731 3733/3733/3733
f 3736/3736/3736 3732/3732/3732 3733/3733/3733
f 3721/3721/3721 3736/3736/3736 3724/3724/3724
f 3732/3732/3732 3736/3736/3736 3721/3721/3721
f 3716/3716/3716 3709/3709/3709 3712/3712/3712
f 3713/3713/3713 3716/3716/3716 3714/3714/3714
f 3709/3709/3709 3716/3716/3716 3713/3713/3713
f 3715/3715/3715 3713/3713/3713 3714/3714/3714
f 3696/3696/3696 3715/3715/3715 3705/3705/3705
f 3713/3713/3713 3715/3715/3715 3696/3696/3696
f 3723/3723/3723 3708/3708/3708 3717/3717/3717
f 3718/3718/3718 3723/3723/3723 3719/3719/3719
f 3708/3708/3708 3723/3723/3723 3718/3718/3718
f 3722/3722/3722 3718/3718/3718 3719/3719/3719
f 3709/3709/3709 3722/3722/3722 3712/3712/3712
f 3718/3718/3718 3722/3722/3722 3709/3709/3709
f 3704/3704/3704 3697/3697/3697 3700/3700/3700
f 3701/3701/3701 3704/3704/3704 3702/3702/3702
f 3697/3697/3697 3704/3704/3704 3701/3701/3701
f 3703/3703/3703 3701/3701/3701 3702/3702/3702
f 3684/3684/3684 3703/3703/3703 3693/3693/3693
f 3701/3701/3701 3703/3703/3703 3684/3684/3684
f 3711/3711/3711 3696/3696/3696 3705/3705/3705
f 3706/3706/3706 3711/3711/3711 3707/3707/3707
f 3696/3696/3696 3711/3711/3711 3706/3706/3706
f 3710/3710/3710 3706/3706/3706 3707/3707/3707
f 3697/3697/3697 3710/3710/3710 3700/3700/3700
f 3706/3706/3706 3710/3710/3710 3697/3697/3697
f 3692/3692/3692 3685/3685/3685 3688/3688/3688
f 3689/3689/3689 3692/3692/3692 3690/3690/3690
f 3685/3685/3685 3692/3692/3692 3689/3689/3689
f 3691/3691/3691 3689/3689/3689 3690/3690/3690
f 3669/3669/3669 3691/3691/3691 3681/3681/3681
f 3689/3689/3689 3691/3691/3691 3669/3669/3669
f 3699/3699/3699 3684/3684/3684 3693/3693/3693
f 3694/3694/3694 3699/3699/3699 3695/3695/3695
f 3684/3684/3684 3699/3699/3699 3694/3694/3694
f 3698/3698/3698 3694/3694/3694 3695/3695/3695
f 3685/3685/3685 3698/3698/3698 3688/3688/3688
f 3694/3694/3694 3698/3698/3698 3685/3685/3685
f 3680/3680/3680 3670/3670/3670 3676/3676/3676
f 3677/3677/3677 3680/3680/3680 3678/3678/3678
f 3670/3670/3670 3680/3680/3680 3677/3677/3677
f 3679/3679/3679 3677/3677/3677 3678/3678/3678
f 3649/3649/3649 3679/3679/3679 3666/3666/3666
f 3677/3677/3677 3679/3679/3679 3649/3649/3649
f 3687/3687/3687 3669/3669/3669 3681/3681/3681
f 3682/3682/3682 3687/3687/3687 3683/3683/3683
f 3669/3669/3669 3687/3687/3687 3682/3682/3682
f 3686/3686/3686 3682/3682/3682 3683/3683/3683
f 3670/3670/3670 3686/3686/3686 3676/3676/3676
f 3682/3682/3682 3686/3686/3686 3670/3670/3670
f 3662/3662/3662 3661/3661/3661 3659/3659/3659
f 3659/3659/3659 3660/3660/3660 3662/3662/3662
f 3654/3654/3654 3646/3646/3646 3661/3661/3661
f 3661/3661/3661 3662/3662/3662 3654/3654/3654
f 3665/3665/3665 3664/3664/3664 3657/3657/3657
f 3657/3657/3657 3663/3663/3663 3665/3665/3665
f 3660/3660/3660 3659/3659/3659 3664/3664/3664
f 3664/3664/3664 3665/3665/3665 3660/3660/3660
f 3664/3664/3664 3650/3650/3650 3657/3657/3657
f 3658/3658/3658 3664/3664/3664 3659/3659/3659
f 3650/3650/3650 3664/3664/3664 3658/3658/3658
f 3661/3661/3661 3658/3658/3658 3659/3659/3659
f 3607/3607/3607 3661/3661/3661 3646/3646/3646
f 3658/3658/3658 3661/3661/3661 3607/3607/3607
f 3663/3663/3663 3657/3657/3657 3672/3672/3672
f 3672/3672/3672 3673/3673/3673 3663/3663/3663
f 3671/3671/3671 3668/3668/3668 3674/3674/3674
f 3674/3674/3674 3675/3675/3675 3671/3671/3671
f 3674/3674/3674 3649/3649/3649 3666/3666/3666
f 3667/3667/3667 3674/3674/3674 3668/3668/3668
f 3649/3649/3649 3674/3674/3674 3667/3667/3667
f 3672/3672/3672 3667/3667/3667 3668/3668/3668
f 3650/3650/3650 3672/3672/3672 3657/3657/3657
f 3667/3667/3667 3672/3672/3672 3650/3650/3650
f 3645/3645/3645 3644/3644/3644 3609/3609/3609
f 3609/3609/3609 3643/3643/3643 3645/3645/3645
f 3642/3642/3642 3611/3611/3611 3644/3644/3644
f 3644/3644/3644 3645/3645/3645 3642/3642/3642
f 3644/3644/3644 3608/3608/3608 3609/3609/3609
f 3610/3610/3610 3644/3644/3644 3611/3611/3611
f 3608/3608/3608 3644/3644/3644 3610/3610/3610
f 3653/3653/3653 3652/3652/3652 3648/3648/3648
f 3648/3648/3648 3651/3651/3651 3653/3653/3653
f 3643/3643/3643 3609/3609/3609 3652/3652/3652
f 3652/3652/3652 3653/3653/3653 3643/3643/3643
f 3656/3656/3656 3655/3655/3655 3646/3646/3646
f 3646/3646/3646 3654/3654/3654 3656/3656/3656
f 3651/3651/3651 3648/3648/3648 3655/3655/3655
f 3655/3655/3655 3656/3656/3656 3651/3651/3651
f 3655/3655/3655 3607/3607/3607 3646/3646/3646
f 3647/3647/3647 3655/3655/3655 3648/3648/3648
f 3607/3607/3607 3655/3655/3655 3647/3647/3647
f 3652/3652/3652 3647/3647/3647 3648/3648/3648
f 3608/3608/3608 3652/3652/3652 3609/3609/3609
f 3647/3647/3647 3652/3652/3652 3608/3608/3608
f 3748/3748/3748 3594/3594/3594 3599/3599/3599
f 3594/3594/3594 3748/3748/3748 3734/3734/3734
f 3594/3594/3594 3734/3734/3734 3739/3739/3739
f 3739/3739/3739 3600/3600/3600 3594/3594/3594
f 3753/3753/3753 3748/3748/3748 3599/3599/3599
f 3720/3720/3720 3600/3600/3600 3739/3739/3739
f 3600/3600/3600 3720/3720/3720 3732/3732/3732
f 3600/3600/3600 3732/3732/3732 3721/3721/3721
f 3721/3721/3721 3725/3725/3725 3600/3600/3600
f 3749/3749/3749 3748/3748/3748 3753/3753/3753
f 3733/3733/3733 3731/3731/3731 3741/3741/3741
f 3741/3741/3741 3735/3735/3735 3733/3733/3733
f 3725/3725/3725 3708/3708/3708 3601/3601/3601
f 3634/3634/3634 3727/3727/3727 3726/3726/3726
f 3633/3633/3633 3717/3717/3717 3727/3727/3727
f 3601/3601/3601 3600/3600/3600 3725/3725/3725
f 3756/3756/3756 3753/3753/3753 3599/3599/3599
f 3709/3709/3709 3601/3601/3601 3718/3718/3718
f 3601/3601/3601 3709/3709/3709 3713/3713/3713
f 3601/3601/3601 3713/3713/3713 3696/3696/3696
f 3696/3696/3696 3602/3602/3602 3601/3601/3601
f 3706/3706/3706 3602/3602/3602 3696/3696/3696
f 3602/3602/3602 3706/3706/3706 3697/3697/3697
f 3602/3602/3602 3697/3697/3697 3701/3701/3701
f 3701/3701/3701 3684/3684/3684 3602/3602/3602
f 3632/3632/3632 3719/3719/3719 3723/3723/3723
f 3631/3631/3631 3712/3712/3712 3722/3722/3722
f 3631/3631/3631 3716/3716/3716 3712/3712/3712
f 3632/3632/3632 3722/3722/3722 3719/3719/3719
f 3630/3630/3630 3715/3715/3715 3714/3714/3714
f 3629/3629/3629 3711/3711/3711 3705/3705/3705
f 3628/3628/3628 3707/3707/3707 3711/3711/3711
f 3629/3629/3629 3705/3705/3705 3715/3715/3715
f 3630/3630/3630 3714/3714/3714 3716/3716/3716
f 3601/3601/3601 3708/3708/3708 3718/3718/3718
f 3633/3633/3633 3723/3723/3723 3717/3717/3717
f 3757/3757/3757 3756/3756/3756 3759/3759/3759
f 3754/3754/3754 3753/3753/3753 3756/3756/3756
f 3754/3754/3754 3755/3755/3755 3750/3750/3750
f 3599/3599/3599 3598/3598/3598 3759/3759/3759
f 3752/3752/3752 3750/3750/3750 3640/3640/3640
f 3747/3747/3747 3745/3745/3745 3639/3639/3639
f 3742/3742/3742 3747/3747/3747 3638/3638/3638
f 3745/3745/3745 3752/3752/3752 3639/3639/3639
f 3744/3744/3744 3742/3742/3742 3638/3638/3638
f 3758/3758/3758 3760/3760/3760 3641/3641/3641
f 3759/3759/3759 3598/3598/3598 3760/3760/3760
f 3760/3760/3760 3598/3598/3598 3641/3641/3641
f 3752/3752/3752 3640/3640/3640 3639/3639/3639
f 3638/3638/3638 3747/3747/3747 3639/3639/3639
f 3755/3755/3755 3641/3641/3641 3640/3640/3640
f 3640/3640/3640 3750/3750/3750 3755/3755/3755
f 3758/3758/3758 3641/3641/3641 3755/3755/3755
f 3757/3757/3757 3758/3758/3758 3755/3755/3755
f 3638/3638/3638 3637/3637/3637 3744/3744/3744
f 3756/3756/3756 3599/3599/3599 3759/3759/3759
f 3629/3629/3629 3715/3715/3715 3630/3630/3630
f 3631/3631/3631 3722/3722/3722 3632/3632/3632
f 3630/3630/3630 3716/3716/3716 3631/3631/3631
f 3627/3627/3627 3700/3700/3700 3710/3710/3710
f 3628/3628/3628 3627/3627/3627 3710/3710/3710
f 3704/3704/3704 3700/3700/3700 3627/3627/3627
f 3626/3626/3626 3704/3704/3704 3627/3627/3627
f 3711/3711/3711 3629/3629/3629 3628/3628/3628
f 3633/3633/3633 3632/3632/3632 3723/3723/3723
f 3636/3636/3636 3735/3735/3735 3741/3741/3741
f 3637/3637/3637 3636/3636/3636 3741/3741/3741
f 3737/3737/3737 3735/3735/3735 3636/3636/3636
f 3635/3635/3635 3737/3737/3737 3636/3636/3636
f 3744/3744/3744 3637/3637/3637 3741/3741/3741
f 3635/3635/3635 3730/3730/3730 3728/3728/3728
f 3730/3730/3730 3635/3635/3635 3634/3634/3634
f 3726/3726/3726 3730/3730/3730 3634/3634/3634
f 3727/3727/3727 3634/3634/3634 3633/3633/3633
f 3737/3737/3737 3635/3635/3635 3728/3728/3728
f 3707/3707/3707 3628/3628/3628 3710/3710/3710
f 3625/3625/3625 3693/3693/3693 3703/3703/3703
f 3626/3626/3626 3703/3703/3703 3702/3702/3702
f 3685/3685/3685 3603/3603/3603 3694/3694/3694
f 3684/3684/3684 3694/3694/3694 3603/3603/3603
f 3603/3603/3603 3685/3685/3685 3689/3689/3689
f 3603/3603/3603 3689/3689/3689 3669/3669/3669
f 3603/3603/3603 3669/3669/3669 3682/3682/3682
f 3682/3682/3682 3604/3604/3604 3603/3603/3603
f 3603/3603/3603 3602/3602/3602 3684/3684/3684
f 3624/3624/3624 3695/3695/3695 3699/3699/3699
f 3623/3623/3623 3688/3688/3688 3698/3698/3698
f 3624/3624/3624 3698/3698/3698 3695/3695/3695
f 3622/3622/3622 3690/3690/3690 3692/3692/3692
f 3621/3621/3621 3681/3681/3681 3691/3691/3691
f 3621/3621/3621 3687/3687/3687 3681/3681/3681
f 3622/3622/3622 3691/3691/3691 3690/3690/3690
f 3623/3623/3623 3692/3692/3692 3688/3688/3688
f 3625/3625/3625 3699/3699/3699 3693/3693/3693
f 3670/3670/3670 3604/3604/3604 3682/3682/3682
f 3604/3604/3604 3670/3670/3670 3677/3677/3677
f 3677/3677/3677 3649/3649/3649 3604/3604/3604
f 3658/3658/3658 3605/3605/3605 3650/3650/3650
f 3667/3667/3667 3604/3604/3604 3649/3649/3649
f 3605/3605/3605 3667/3667/3667 3650/3650/3650
f 3605/3605/3605 3647/3647/3647 3608/3608/3608
f 3608/3608/3608 3595/3595/3595 3605/3605/3605
f 3605/3605/3605 3604/3604/3604 3667/3667/3667
f 3619/3619/3619 3676/3676/3676 3686/3686/3686
f 3619/3619/3619 3680/3680/3680 3676/3676/3676
f 3620/3620/3620 3686/3686/3686 3683/3683/3683
f 3605/3605/3605 3607/3607/3607 3647/3647/3647
f 3595/3595/3595 3608/3608/3608 3610/3610/3610
f 3595/3595/3595 3610/3610/3610 3597/3597/3597
f 3607/3607/3607 3605/3605/3605 3658/3658/3658
f 3597/3597/3597 3610/3610/3610 3611/3611/3611
f 3620/3620/3620 3683/3683/3683 3687/3687/3687
f 3625/3625/3625 3624/3624/3624 3699/3699/3699
f 3703/3703/3703 3626/3626/3626 3625/3625/3625
f 3624/3624/3624 3623/3623/3623 3698/3698/3698
f 3618/3618/3618 3678/3678/3678 3680/3680/3680
f 3679/3679/3679 3678/3678/3678 3618/3618/3618
f 3674/3674/3674 3666/3666/3666 3617/3617/3617
f 3666/3666/3666 3679/3679/3679 3617/3617/3617
f 3671/3671/3671 3673/3673/3673 3672/3672/3672
f 3672/3672/3672 3668/3668/3668 3671/3671/3671
f 3622/3622/3622 3692/3692/3692 3623/3623/3623
f 3621/3621/3621 3620/3620/3620 3687/3687/3687
f 3620/3620/3620 3619/3619/3619 3686/3686/3686
f 3691/3691/3691 3622/3622/3622 3621/3621/3621
f 3616/3616/3616 3671/3671/3671 3675/3675/3675
f 3674/3674/3674 3617/3617/3617 3675/3675/3675
f 3617/3617/3617 3679/3679/3679 3618/3618/3618
f 3675/3675/3675 3617/3617/3617 3616/3616/3616
f 3673/3673/3673 3671/3671/3671 3616/3616/3616
f 3618/3618/3618 3680/3680/3680 3619/3619/3619
f 3615/3615/3615 3663/3663/3663 3673/3673/3673
f 3614/3614/3614 3660/3660/3660 3665/3665/3665
f 3615/3615/3615 3665/3665/3665 3663/3663/3663
f 3613/3613/3613 3656/3656/3656 3654/3654/3654
f 3612/3612/3612 3651/3651/3651 3656/3656/3656
f 3613/3613/3613 3654/3654/3654 3662/3662/3662
f 3614/3614/3614 3662/3662/3662 3660/3660/3660
f 3615/3615/3615 3614/3614/3614 3665/3665/3665
f 3651/3651/3651 3612/3612/3612 3653/3653/3653
f 3613/3613/3613 3662/3662/3662 3614/3614/3614
f 3612/3612/3612 3656/3656/3656 3613/3613/3613
f 3612/3612/3612 3606/3606/3606 3653/3653/3653
f 3606/3606/3606 3645/3645/3645 3643/3643/3643
f 3596/3596/3596 3642/3642/3642 3606/3606/3606
f 3645/3645/3645 3606/3606/3606 3642/3642/3642
f 3611/3611/3611 3642/3642/3642 3596/3596/3596
f 3653/3653/3653 3606/3606/3606 3643/3643/3643
f 3596/3596/3596 3597/3597/3597 3611/3611/3611
f 3616/3616/3616 3615/3615/3615 3673/3673/3673
f 3704/3704/3704 3626/3626/3626 3702/3702/3702
f 3857/3857/3857 3856/3856/3856 3774/3774/3774
f 3774/3774/3774 3855/3855/3855 3857/3857/3857
f 3852/3852/3852 3773/3773/3773 3856/3856/3856
f 3856/3856/3856 3857/3857/3857 3852/3852/3852
f 3855/3855/3855 3774/3774/3774 3858/3858/3858
f 3858/3858/3858 3859/3859/3859 3855/3855/3855
f 3851/3851/3851 3850/3850/3850 3776/3776/3776
f 3776/3776/3776 3849/3849/3849 3851/3851/3851
f 3846/3846/3846 3775/3775/3775 3850/3850/3850
f 3850/3850/3850 3851/3851/3851 3846/3846/3846
f 3854/3854/3854 3853/3853/3853 3773/3773/3773
f 3773/3773/3773 3852/3852/3852 3854/3854/3854
f 3849/3849/3849 3776/3776/3776 3853/3853/3853
f 3853/3853/3853 3854/3854/3854 3849/3849/3849
f 3845/3845/3845 3844/3844/3844 3778/3778/3778
f 3778/3778/3778 3843/3843/3843 3845/3845/3845
f 3840/3840/3840 3777/3777/3777 3844/3844/3844
f 3844/3844/3844 3845/3845/3845 3840/3840/3840
f 3848/3848/3848 3847/3847/3847 3775/3775/3775
f 3775/3775/3775 3846/3846/3846 3848/3848/3848
f 3843/3843/3843 3778/3778/3778 3847/3847/3847
f 3847/3847/3847 3848/3848/3848 3843/3843/3843
f 3839/3839/3839 3838/3838/3838 3780/3780/3780
f 3780/3780/3780 3837/3837/3837 3839/3839/3839
f 3834/3834/3834 3779/3779/3779 3838/3838/3838
f 3838/3838/3838 3839/3839/3839 3834/3834/3834
f 3842/3842/3842 3841/3841/3841 3777/3777/3777
f 3777/3777/3777 3840/3840/3840 3842/3842/3842
f 3837/3837/3837 3780/3780/3780 3841/3841/3841
f 3841/3841/3841 3842/3842/3842 3837/3837/3837
f 3833/3833/3833 3832/3832/3832 3782/3782/3782
f 3782/3782/3782 3831/3831/3831 3833/3833/3833
f 3828/3828/3828 3781/3781/3781 3832/3832/3832
f 3832/3832/3832 3833/3833/3833 3828/3828/3828
f 3836/3836/3836 3835/3835/3835 3779/3779/3779
f 3779/3779/3779 3834/3834/3834 3836/3836/3836
f 3831/3831/3831 3782/3782/3782 3835/3835/3835
f 3835/3835/3835 3836/3836/3836 3831/3831/3831
f 3827/3827/3827 3826/3826/3826 3784/3784/3784
f 3784/3784/3784 3825/3825/3825 3827/3827/3827
f 3822/3822/3822 3783/3783/3783 3826/3826/3826
f 3826/3826/3826 3827/3827/3827 3822/3822/3822
f 3830/3830/3830 3829/3829/3829 3781/3781/3781
f 3781/3781/3781 3828/3828/3828 3830/3830/3830
f 3825/3825/3825 3784/3784/3784 3829/3829/3829
f 3829/3829/3829 3830/3830/3830 3825/3825/3825
f 3821/3821/3821 3820/3820/3820 3786/3786/3786
f 3786/3786/3786 3819/3819/3819 3821/3821/3821
f 3816/3816/3816 3785/3785/3785 3820/3820/3820
f 3820/3820/3820 3821/3821/3821 3816/3816/3816
f 3824/3824/3824 3823/3823/3823 3783/3783/3783
f 3783/3783/3783 3822/3822/3822 3824/3824/3824
f 3819/3819/3819 3786/3786/3786 3823/3823/3823
f 3823/3823/3823 3824/3824/3824 3819/3819/3819
f 3795/3795/3795 3794/3794/3794 3792/3792/3792
f 3792/3792/3792 3793/3793/3793 3795/3795/3795
f 3796/3796/3796 3789/3789/3789 3791/3791/3791
f 3787/3787/3787 3796/3796/3796 3790/3790/3790
f 3789/3789/3789 3796/3796/3796 3787/3787/3787
f 3792/3792/3792 3798/3798/3798 3796/3796/3796
f 3796/3796/3796 3791/3791/3791 3792/3792/3792
f 3798/3798/3798 3797/3797/3797 3790/3790/3790
f 3790/3790/3790 3796/3796/3796 3798/3798/3798
f 3818/3818/3818 3817/3817/3817 3785/3785/3785
f 3785/3785/3785 3816/3816/3816 3818/3818/3818
f 3789/3789/3789 3787/3787/3787 3817/3817/3817
f 3817/3817/3817 3818/3818/3818 3789/3789/3789
f 3790/3790/3790 3800/3800/3800 3799/3799/3799
f 3799/3799/3799 3787/3787/3787 3790/3790/3790
f 3766/3766/3766 3858/3858/3858 3761/3761/3761
f 3774/3774/3774 3761/3761/3761 3858/3858/3858
f 3858/3858/3858 3766/3766/3766 3765/3765/3765
f 3765/3765/3765 3859/3859/3859 3858/3858/3858
f 3856/3856/3856 3767/3767/3767 3774/3774/3774
f 3761/3761/3761 3774/3774/3774 3767/3767/3767
f 3773/3773/3773 3767/3767/3767 3856/3856/3856
f 3815/3815/3815 3855/3855/3855 3859/3859/3859
f 3767/3767/3767 3853/3853/3853 3776/3776/3776
f 3767/3767/3767 3776/3776/3776 3850/3850/3850
f 3853/3853/3853 3767/3767/3767 3773/3773/3773
f 3850/3850/3850 3768/3768/3768 3767/3767/3767
f 3847/3847/3847 3768/3768/3768 3775/3775/3775
f 3850/3850/3850 3775/3775/3775 3768/3768/3768
f 3778/3778/3778 3768/3768/3768 3847/3847/3847
f 3778/3778/3778 3844/3844/3844 3768/3768/3768
f 3768/3768/3768 3844/3844/3844 3777/3777/3777
f 3777/3777/3777 3769/3769/3769 3768/3768/3768
f 3769/3769/3769 3777/3777/3777 3841/3841/3841
f 3769/3769/3769 3841/3841/3841 3780/3780/3780
f 3769/3769/3769 3838/3838/3838 3779/3779/3779
f 3779/3779/3779 3835/3835/3835 3770/3770/3770
f 3838/3838/3838 3769/3769/3769 3780/3780/3780
f 3770/3770/3770 3769/3769/3769 3779/3779/3779
f 3814/3814/3814 3852/3852/3852 3857/3857/3857
f 3813/3813/3813 3854/3854/3854 3852/3852/3852
f 3812/3812/3812 3851/3851/3851 3849/3849/3849
f 3812/3812/3812 3846/3846/3846 3851/3851/3851
f 3813/3813/3813 3849/3849/3849 3854/3854/3854
f 3855/3855/3855 3815/3815/3815 3814/3814/3814
f 3815/3815/3815 3859/3859/3859 3765/3765/3765
f 3813/3813/3813 3812/3812/3812 3849/3849/3849
f 3852/3852/3852 3814/3814/3814 3813/3813/3813
f 3848/3848/3848 3846/3846/3846 3811/3811/3811
f 3811/3811/3811 3846/3846/3846 3812/3812/3812
f 3814/3814/3814 3857/3857/3857 3855/3855/3855
f 3810/3810/3810 3845/3845/3845 3843/3843/3843
f 3810/3810/3810 3840/3840/3840 3845/3845/3845
f 3809/3809/3809 3837/3837/3837 3842/3842/3842
f 3809/3809/3809 3839/3839/3839 3837/3837/3837
f 3810/3810/3810 3842/3842/3842 3840/3840/3840
f 3810/3810/3810 3809/3809/3809 3842/3842/3842
f 3843/3843/3843 3811/3811/3811 3810/3810/3810
f 3808/3808/3808 3836/3836/3836 3834/3834/3834
f 3836/3836/3836 3808/3808/3808 3807/3807/3807
f 3831/3831/3831 3836/3836/3836 3807/3807/3807
f 3839/3839/3839 3809/3809/3809 3808/3808/3808
f 3834/3834/3834 3839/3839/3839 3808/3808/3808
f 3848/3848/3848 3811/3811/3811 3843/3843/3843
f 3832/3832/3832 3770/3770/3770 3782/3782/3782
f 3835/3835/3835 3782/3782/3782 3770/3770/3770
f 3781/3781/3781 3770/3770/3770 3832/3832/3832
f 3829/3829/3829 3771/3771/3771 3781/3781/3781
f 3770/3770/3770 3781/3781/3781 3771/3771/3771
f 3784/3784/3784 3771/3771/3771 3829/3829/3829
f 3771/3771/3771 3784/3784/3784 3826/3826/3826
f 3771/3771/3771 3783/3783/3783 3823/3823/3823
f 3823/3823/3823 3786/3786/3786 3772/3772/3772
f 3783/3783/3783 3771/3771/3771 3826/3826/3826
f 3772/3772/3772 3771/3771/3771 3823/3823/3823
f 3772/3772/3772 3820/3820/3820 3785/3785/3785
f 3786/3786/3786 3820/3820/3820 3772/3772/3772
f 3762/3762/3762 3772/3772/3772 3799/3799/3799
f 3772/3772/3772 3817/3817/3817 3799/3799/3799
f 3763/3763/3763 3762/3762/3762 3800/3800/3800
f 3799/3799/3799 3800/3800/3800 3762/3762/3762
f 3800/3800/3800 3797/3797/3797 3763/3763/3763
f 3772/3772/3772 3785/3785/3785 3817/3817/3817
f 3799/3799/3799 3817/3817/3817 3787/3787/3787
f 3800/3800/3800 3790/3790/3790 3797/3797/3797
f 3763/3763/3763 3797/3797/3797 3798/3798/3798
f 3798/3798/3798 3794/3794/3794 3763/3763/3763
f 3806/3806/3806 3828/3828/3828 3833/3833/3833
f 3806/3806/3806 3830/3830/3830 3828/3828/3828
f 3805/3805/3805 3827/3827/3827 3825/3825/3825
f 3804/3804/3804 3822/3822/3822 3827/3827/3827
f 3805/3805/3805 3825/3825/3825 3830/3830/3830
f 3805/3805/3805 3804/3804/3804 3827/3827/3827
f 3830/3830/3830 3806/3806/3806 3805/3805/3805
f 3803/3803/3803 3819/3819/3819 3824/3824/3824
f 3821/3821/3821 3819/3819/3819 3803/3803/3803
f 3804/3804/3804 3803/3803/3803 3824/3824/3824
f 3822/3822/3822 3804/3804/3804 3824/3824/3824
f 3833/3833/3833 3807/3807/3807 3806/3806/3806
f 3802/3802/3802 3816/3816/3816 3821/3821/3821
f 3802/3802/3802 3818/3818/3818 3816/3816/3816
f 3801/3801/3801 3791/3791/3791 3789/3789/3789
f 3793/3793/3793 3792/3792/3792 3791/3791/3791
f 3801/3801/3801 3789/3789/3789 3818/3818/3818
f 3791/3791/3791 3788/3788/3788 3793/3793/3793
f 3818/3818/3818 3802/3802/3802 3801/3801/3801
f 3801/3801/3801 3788/3788/3788 3791/3791/3791
f 3793/3793/3793 3788/3788/3788 3795/3795/3795
f 3764/3764/3764 3794/3794/3794 3795/3795/3795
f 3795/3795/3795 3788/3788/3788 3764/3764/3764
f 3764/3764/3764 3763/3763/3763 3794/3794/3794
f 3794/3794/3794 3798/3798/3798 3792/3792/3792
f 3803/3803/3803 3802/3802/3802 3821/3821/3821
f 3831/3831/3831 3807/3807/3807 3833/3833/3833
f 3952/3952/3952 3862/3862/3862 3948/3948/3948
f 3949/3949/3949 3952/3952/3952 3950/3950/3950
f 3862/3862/3862 3952/3952/3952 3949/3949/3949
f 3948/3948/3948 3951/3951/3951 3954/3954/3954
f 3954/3954/3954 3952/3952/3952 3948/3948/3948
f 3952/3952/3952 3954/3954/3954 3953/3953/3953
f 3953/3953/3953 3950/3950/3950 3952/3952/3952
f 3865/3865/3865 3955/3955/3955 3957/3957/3957
f 3957/3957/3957 3956/3956/3956 3865/3865/3865
f 3959/3959/3959 3956/3956/3956 3957/3957/3957
f 3862/3862/3862 3959/3959/3959 3948/3948/3948
f 3956/3956/3956 3959/3959/3959 3862/3862/3862
f 3957/3957/3957 3958/3958/3958 3960/3960/3960
f 3960/3960/3960 3959/3959/3959 3957/3957/3957
f 3959/3959/3959 3960/3960/3960 3951/3951/3951
f 3951/3951/3951 3948/3948/3948 3959/3959/3959
f 3956/3956/3956 3866/3866/3866 3865/3865/3865
f 3863/3863/3863 3956/3956/3956 3862/3862/3862
f 3866/3866/3866 3956/3956/3956 3863/3863/3863
f 3867/3867/3867 3866/3866/3866 3863/3863/3863
f 3863/3863/3863 3864/3864/3864 3867/3867/3867
f 3869/3869/3869 3868/3868/3868 3865/3865/3865
f 3865/3865/3865 3866/3866/3866 3869/3869/3869
f 3870/3870/3870 3869/3869/3869 3866/3866/3866
f 3866/3866/3866 3867/3867/3867 3870/3870/3870
f 3873/3873/3873 3872/3872/3872 3868/3868/3868
f 3868/3868/3868 3869/3869/3869 3873/3873/3873
f 3874/3874/3874 3873/3873/3873 3869/3869/3869
f 3869/3869/3869 3870/3870/3870 3874/3874/3874
f 3876/3876/3876 3875/3875/3875 3872/3872/3872
f 3872/3872/3872 3873/3873/3873 3876/3876/3876
f 3877/3877/3877 3876/3876/3876 3873/3873/3873
f 3873/3873/3873 3874/3874/3874 3877/3877/3877
f 3879/3879/3879 3878/3878/3878 3875/3875/3875
f 3875/3875/3875 3876/3876/3876 3879/3879/3879
f 3880/3880/3880 3879/3879/3879 3876/3876/3876
f 3876/3876/3876 3877/3877/3877 3880/3880/3880
f 3882/3882/3882 3881/3881/3881 3878/3878/3878
f 3878/3878/3878 3879/3879/3879 3882/3882/3882
f 3883/3883/3883 3882/3882/3882 3879/3879/3879
f 3879/3879/3879 3880/3880/3880 3883/3883/3883
f 3886/3886/3886 3885/3885/3885 3881/3881/3881
f 3881/3881/3881 3882/3882/3882 3886/3886/3886
f 3887/3887/3887 3886/3886/3886 3882/3882/3882
f 3882/3882/3882 3883/3883/3883 3887/3887/3887
f 3889/3889/3889 3888/3888/3888 3885/3885/3885
f 3885/3885/3885 3886/3886/3886 3889/3889/3889
f 3890/3890/3890 3889/3889/3889 3886/3886/3886
f 3886/3886/3886 3887/3887/3887 3890/3890/3890
f 3893/3893/3893 3892/3892/3892 3888/3888/3888
f 3888/3888/3888 3889/3889/3889 3893/3893/3893
f 3894/3894/3894 3893/3893/3893 3889/3889/3889
f 3889/3889/3889 3890/3890/3890 3894/3894/3894
f 3896/3896/3896 3895/3895/3895 3892/3892/3892
f 3892/3892/3892 3893/3893/3893 3896/3896/3896
f 3897/3897/3897 3896/3896/3896 3893/3893/3893
f 3893/3893/3893 3894/3894/3894 3897/3897/3897
f 3900/3900/3900 3899/3899/3899 3895/3895/3895
f 3895/3895/3895 3896/3896/3896 3900/3900/3900
f 3901/3901/3901 3900/3900/3900 3896/3896/3896
f 3896/3896/3896 3897/3897/3897 3901/3901/3901
f 3903/3903/3903 3902/3902/3902 3899/3899/3899
f 3899/3899/3899 3900/3900/3900 3903/3903/3903
f 3904/3904/3904 3903/3903/3903 3900/3900/3900
f 3900/3900/3900 3901/3901/3901 3904/3904/3904
f 3906/3906/3906 3905/3905/3905 3902/3902/3902
f 3902/3902/3902 3903/3903/3903 3906/3906/3906
f 3907/3907/3907 3906/3906/3906 3903/3903/3903
f 3903/3903/3903 3904/3904/3904 3907/3907/3907
f 3910/3910/3910 3909/3909/3909 3905/3905/3905
f 3905/3905/3905 3906/3906/3906 3910/3910/3910
f 3911/3911/3911 3910/3910/3910 3906/3906/3906
f 3906/3906/3906 3907/3907/3907 3911/3911/3911
f 3953/3953/3953 3961/3961/3961 3860/3860/3860
f 3954/3954/3954 3961/3961/3961 3953/3953/3953
f 3950/3950/3950 3953/3953/3953 3860/3860/3860
f 3951/3951/3951 3921/3921/3921 3920/3920/3920
f 3920/3920/3920 3954/3954/3954 3951/3951/3951
f 3951/3951/3951 3960/3960/3960 3921/3921/3921
f 3961/3961/3961 3954/3954/3954 3920/3920/3920
f 3949/3949/3949 3950/3950/3950 3919/3919/3919
f 3860/3860/3860 3919/3919/3919 3950/3950/3950
f 3918/3918/3918 3949/3949/3949 3919/3919/3919
f 3960/3960/3960 3958/3958/3958 3922/3922/3922
f 3957/3957/3957 3955/3955/3955 3958/3958/3958
f 3863/3863/3863 3862/3862/3862 3949/3949/3949
f 3922/3922/3922 3921/3921/3921 3960/3960/3960
f 3958/3958/3958 3955/3955/3955 3923/3923/3923
f 3955/3955/3955 3924/3924/3924 3923/3923/3923
f 3924/3924/3924 3868/3868/3868 3925/3925/3925
f 3927/3927/3927 3926/3926/3926 3872/3872/3872
f 3926/3926/3926 3925/3925/3925 3868/3868/3868
f 3868/3868/3868 3924/3924/3924 3955/3955/3955
f 3865/3865/3865 3868/3868/3868 3955/3955/3955
f 3927/3927/3927 3872/3872/3872 3928/3928/3928
f 3928/3928/3928 3875/3875/3875 3929/3929/3929
f 3930/3930/3930 3929/3929/3929 3875/3875/3875
f 3932/3932/3932 3931/3931/3931 3878/3878/3878
f 3931/3931/3931 3930/3930/3930 3878/3878/3878
f 3933/3933/3933 3932/3932/3932 3881/3881/3881
f 3923/3923/3923 3922/3922/3922 3958/3958/3958
f 3917/3917/3917 3864/3864/3864 3863/3863/3863
f 3863/3863/3863 3918/3918/3918 3917/3917/3917
f 3863/3863/3863 3949/3949/3949 3918/3918/3918
f 3867/3867/3867 3987/3987/3987 3986/3986/3986
f 3986/3986/3986 3870/3870/3870 3867/3867/3867
f 3864/3864/3864 3989/3989/3989 3988/3988/3988
f 3988/3988/3988 3867/3867/3867 3864/3864/3864
f 3990/3990/3990 3864/3864/3864 3917/3917/3917
f 3917/3917/3917 3861/3861/3861 3990/3990/3990
f 3864/3864/3864 3990/3990/3990 3989/3989/3989
f 3867/3867/3867 3988/3988/3988 3987/3987/3987
f 3870/3870/3870 3986/3986/3986 3871/3871/3871
f 3871/3871/3871 3985/3985/3985 3870/3870/3870
f 3928/3928/3928 3872/3872/3872 3875/3875/3875
f 3870/3870/3870 3985/3985/3985 3984/3984/3984
f 3984/3984/3984 3874/3874/3874 3870/3870/3870
f 3932/3932/3932 3878/3878/3878 3881/3881/3881
f 3877/3877/3877 3981/3981/3981 3980/3980/3980
f 3980/3980/3980 3880/3880/3880 3877/3877/3877
f 3880/3880/3880 3979/3979/3979 3978/3978/3978
f 3978/3978/3978 3883/3883/3883 3880/3880/3880
f 3878/3878/3878 3930/3930/3930 3875/3875/3875
f 3874/3874/3874 3983/3983/3983 3982/3982/3982
f 3982/3982/3982 3877/3877/3877 3874/3874/3874
f 3983/3983/3983 3874/3874/3874 3984/3984/3984
f 3979/3979/3979 3880/3880/3880 3980/3980/3980
f 3981/3981/3981 3877/3877/3877 3982/3982/3982
f 3872/3872/3872 3926/3926/3926 3868/3868/3868
f 3881/3881/3881 3934/3934/3934 3933/3933/3933
f 3885/3885/3885 3884/3884/3884 3934/3934/3934
f 3885/3885/3885 3935/3935/3935 3884/3884/3884
f 3888/3888/3888 3937/3937/3937 3936/3936/3936
f 3892/3892/3892 3938/3938/3938 3891/3891/3891
f 3892/3892/3892 3891/3891/3891 3937/3937/3937
f 3888/3888/3888 3936/3936/3936 3935/3935/3935
f 3888/3888/3888 3935/3935/3935 3885/3885/3885
f 3892/3892/3892 3937/3937/3937 3888/3888/3888
f 3895/3895/3895 3940/3940/3940 3939/3939/3939
f 3898/3898/3898 3940/3940/3940 3899/3899/3899
f 3895/3895/3895 3899/3899/3899 3940/3940/3940
f 3938/3938/3938 3892/3892/3892 3895/3895/3895
f 3939/3939/3939 3938/3938/3938 3895/3895/3895
f 3902/3902/3902 3942/3942/3942 3941/3941/3941
f 3902/3902/3902 3943/3943/3943 3942/3942/3942
f 3905/3905/3905 3945/3945/3945 3944/3944/3944
f 3909/3909/3909 3947/3947/3947 3946/3946/3946
f 3909/3909/3909 3946/3946/3946 3945/3945/3945
f 3905/3905/3905 3944/3944/3944 3943/3943/3943
f 3902/3902/3902 3941/3941/3941 3899/3899/3899
f 3905/3905/3905 3943/3943/3943 3902/3902/3902
f 3947/3947/3947 3909/3909/3909 3914/3914/3914
f 3914/3914/3914 3909/3909/3909 3910/3910/3910
f 3910/3910/3910 3915/3915/3915 3914/3914/3914
f 3945/3945/3945 3905/3905/3905 3909/3909/3909
f 3914/3914/3914 3912/3912/3912 3947/3947/3947
f 3898/3898/3898 3899/3899/3899 3941/3941/3941
f 3976/3976/3976 3887/3887/3887 3977/3977/3977
f 3883/3883/3883 3977/3977/3977 3887/3887/3887
f 3978/3978/3978 3977/3977/3977 3883/3883/3883
f 3975/3975/3975 3887/3887/3887 3976/3976/3976
f 3894/3894/3894 3890/3890/3890 3973/3973/3973
f 3887/3887/3887 3975/3975/3975 3974/3974/3974
f 3974/3974/3974 3890/3890/3890 3887/3887/3887
f 3894/3894/3894 3971/3971/3971 3970/3970/3970
f 3970/3970/3970 3897/3897/3897 3894/3894/3894
f 3890/3890/3890 3974/3974/3974 3973/3973/3973
f 3894/3894/3894 3972/3972/3972 3971/3971/3971
f 3897/3897/3897 3970/3970/3970 3969/3969/3969
f 3972/3972/3972 3894/3894/3894 3973/3973/3973
f 3969/3969/3969 3901/3901/3901 3897/3897/3897
f 3901/3901/3901 3968/3968/3968 3967/3967/3967
f 3969/3969/3969 3968/3968/3968 3901/3901/3901
f 3901/3901/3901 3967/3967/3967 3904/3904/3904
f 3911/3911/3911 3916/3916/3916 3915/3915/3915
f 3915/3915/3915 3910/3910/3910 3911/3911/3911
f 3904/3904/3904 3966/3966/3966 3965/3965/3965
f 3965/3965/3965 3907/3907/3907 3904/3904/3904
f 3907/3907/3907 3964/3964/3964 3963/3963/3963
f 3963/3963/3963 3911/3911/3911 3907/3907/3907
f 3916/3916/3916 3911/3911/3911 3962/3962/3962
f 3904/3904/3904 3967/3967/3967 3966/3966/3966
f 3907/3907/3907 3965/3965/3965 3908/3908/3908
f 3916/3916/3916 3962/3962/3962 3913/3913/3913
f 3962/3962/3962 3911/3911/3911 3963/3963/3963
f 3964/3964/3964 3907/3907/3907 3908/3908/3908
f 3934/3934/3934 3881/3881/3881 3885/3885/3885
f 3993/3993/3993 4042/4042/4042 4044/4044/4044
f 4044/4044/4044 4043/4043/4043 3993/3993/3993
f 3997/3997/3997 3996/3996/3996 3993/3993/3993
f 3993/3993/3993 3994/3994/3994 3997/3997/3997
f 3998/3998/3998 3997/3997/3997 3994/3994/3994
f 3994/3994/3994 3995/3995/3995 3998/3998/3998
f 4000/4000/4000 3999/3999/3999 3996/3996/3996
f 3996/3996/3996 3997/3997/3997 4000/4000/4000
f 4001/4001/4001 4000/4000/4000 3997/3997/3997
f 3997/3997/3997 3998/3998/3998 4001/4001/4001
f 4003/4003/4003 4002/4002/4002 3999/3999/3999
f 3999/3999/3999 4000/4000/4000 4003/4003/4003
f 4004/4004/4004 4003/4003/4003 4000/4000/4000
f 4000/4000/4000 4001/4001/4001 4004/4004/4004
f 4006/4006/4006 4005/4005/4005 4002/4002/4002
f 4002/4002/4002 4003/4003/4003 4006/4006/4006
f 4007/4007/4007 4006/4006/4006 4003/4003/4003
f 4003/4003/4003 4004/4004/4004 4007/4007/4007
f 4009/4009/4009 4008/4008/4008 4005/4005/4005
f 4005/4005/4005 4006/4006/4006 4009/4009/4009
f 4010/4010/4010 4009/4009/4009 4006/4006/4006
f 4006/4006/4006 4007/4007/4007 4010/4010/4010
f 4013/4013/4013 4012/4012/4012 4008/4008/4008
f 4008/4008/4008 4009/4009/4009 4013/4013/4013
f 4014/4014/4014 4013/4013/4013 4009/4009/4009
f 4009/4009/4009 4010/4010/4010 4014/4014/4014
f 4016/4016/4016 4015/4015/4015 4012/4012/4012
f 4012/4012/4012 4013/4013/4013 4016/4016/4016
f 4017/4017/4017 4016/4016/4016 4013/4013/4013
f 4013/4013/4013 4014/4014/4014 4017/4017/4017
f 4019/4019/4019 4018/4018/4018 4015/4015/4015
f 4015/4015/4015 4016/4016/4016 4019/4019/4019
f 4020/4020/4020 4019/4019/4019 4016/4016/4016
f 4016/4016/4016 4017/4017/4017 4020/4020/4020
f 4022/4022/4022 4021/4021/4021 4018/4018/4018
f 4018/4018/4018 4019/4019/4019 4022/4022/4022
f 4023/4023/4023 4022/4022/4022 4019/4019/4019
f 4019/4019/4019 4020/4020/4020 4023/4023/4023
f 4025/4025/4025 4024/4024/4024 4021/4021/4021
f 4021/4021/4021 4022/4022/4022 4025/4025/4025
f 4026/4026/4026 4025/4025/4025 4022/4022/4022
f 4022/4022/4022 4023/4023/4023 4026/4026/4026
f 4028/4028/4028 4027/4027/4027 4024/4024/4024
f 4024/4024/4024 4025/4025/4025 4028/4028/4028
f 4029/4029/4029 4028/4028/4028 4025/4025/4025
f 4025/4025/4025 4026/4026/4026 4029/4029/4029
f 4031/4031/4031 4030/4030/4030 4027/4027/4027
f 4027/4027/4027 4028/4028/4028 4031/4031/4031
f 4032/4032/4032 4031/4031/4031 4028/4028/4028
f 4028/4028/4028 4029/4029/4029 4032/4032/4032
f 4044/4044/4044 4041/4041/4041 3991/3991/3991
f 4042/4042/4042 4045/4045/4045 4044/4044/4044
f 4041/4041/4041 4044/4044/4044 4045/4045/4045
f 4046/4046/4046 4045/4045/4045 4042/4042/4042
f 4040/4040/4040 4043/4043/4043 4044/4044/4044
f 4044/4044/4044 3991/3991/3991 4040/4040/4040
f 4043/4043/4043 4040/4040/4040 4039/4039/4039
f 4038/4038/4038 3995/3995/3995 3994/3994/3994
f 3994/3994/3994 4039/4039/4039 4038/4038/4038
f 3994/3994/3994 3993/3993/3993 4043/4043/4043
f 4039/4039/4039 3994/3994/3994 4043/4043/4043
f 3993/3993/3993 3996/3996/3996 4042/4042/4042
f 4046/4046/4046 3996/3996/3996 3999/3999/3999
f 3999/3999/3999 4047/4047/4047 4046/4046/4046
f 4002/4002/4002 4049/4049/4049 4048/4048/4048
f 4049/4049/4049 4002/4002/4002 4005/4005/4005
f 4005/4005/4005 4050/4050/4050 4049/4049/4049
f 3999/3999/3999 4048/4048/4048 4047/4047/4047
f 4002/4002/4002 4048/4048/4048 3999/3999/3999
f 4008/4008/4008 4051/4051/4051 4050/4050/4050
f 4050/4050/4050 4005/4005/4005 4008/4008/4008
f 4042/4042/4042 3996/3996/3996 4046/4046/4046
f 4089/4089/4089 4038/4038/4038 3992/3992/3992
f 4088/4088/4088 3995/3995/3995 4089/4089/4089
f 3995/3995/3995 4087/4087/4087 4086/4086/4086
f 4086/4086/4086 3998/3998/3998 3995/3995/3995
f 4089/4089/4089 3995/3995/3995 4038/4038/4038
f 3998/3998/3998 4085/4085/4085 4084/4084/4084
f 4084/4084/4084 4001/4001/4001 3998/3998/3998
f 3995/3995/3995 4088/4088/4088 4087/4087/4087
f 4001/4001/4001 4084/4084/4084 4083/4083/4083
f 4085/4085/4085 3998/3998/3998 4086/4086/4086
f 4083/4083/4083 4082/4082/4082 4001/4001/4001
f 4004/4004/4004 4082/4082/4082 4081/4081/4081
f 4080/4080/4080 4004/4004/4004 4081/4081/4081
f 4004/4004/4004 4080/4080/4080 4079/4079/4079
f 4079/4079/4079 4007/4007/4007 4004/4004/4004
f 4004/4004/4004 4001/4001/4001 4082/4082/4082
f 4007/4007/4007 4078/4078/4078 4077/4077/4077
f 4077/4077/4077 4010/4010/4010 4007/4007/4007
f 4007/4007/4007 4079/4079/4079 4078/4078/4078
f 4010/4010/4010 4077/4077/4077 4076/4076/4076
f 4010/4010/4010 4076/4076/4076 4075/4075/4075
f 4014/4014/4014 4010/4010/4010 4075/4075/4075
f 4012/4012/4012 4011/4011/4011 4051/4051/4051
f 4051/4051/4051 4008/4008/4008 4012/4012/4012
f 4011/4011/4011 4012/4012/4012 4015/4015/4015
f 4015/4015/4015 4052/4052/4052 4011/4011/4011
f 4053/4053/4053 4018/4018/4018 4021/4021/4021
f 4021/4021/4021 4054/4054/4054 4053/4053/4053
f 4021/4021/4021 4055/4055/4055 4054/4054/4054
f 4052/4052/4052 4015/4015/4015 4018/4018/4018
f 4018/4018/4018 4053/4053/4053 4052/4052/4052
f 4075/4075/4075 4074/4074/4074 4014/4014/4014
f 4014/4014/4014 4073/4073/4073 4072/4072/4072
f 4072/4072/4072 4017/4017/4017 4014/4014/4014
f 4024/4024/4024 4056/4056/4056 4055/4055/4055
f 4055/4055/4055 4021/4021/4021 4024/4024/4024
f 4027/4027/4027 4057/4057/4057 4056/4056/4056
f 4056/4056/4056 4024/4024/4024 4027/4027/4027
f 4057/4057/4057 4027/4027/4027 4030/4030/4030
f 4030/4030/4030 4058/4058/4058 4057/4057/4057
f 4033/4033/4033 4058/4058/4058 4035/4035/4035
f 4031/4031/4031 4036/4036/4036 4035/4035/4035
f 4035/4035/4035 4030/4030/4030 4031/4031/4031
f 4036/4036/4036 4031/4031/4031 4032/4032/4032
f 4032/4032/4032 4037/4037/4037 4036/4036/4036
f 4035/4035/4035 4058/4058/4058 4030/4030/4030
f 4073/4073/4073 4014/4014/4014 4074/4074/4074
f 4071/4071/4071 4017/4017/4017 4072/4072/4072
f 4020/4020/4020 4069/4069/4069 4068/4068/4068
f 4068/4068/4068 4023/4023/4023 4020/4020/4020
f 4017/4017/4017 4071/4071/4071 4070/4070/4070
f 4070/4070/4070 4020/4020/4020 4017/4017/4017
f 4020/4020/4020 4070/4070/4070 4069/4069/4069
f 4023/4023/4023 4068/4068/4068 4067/4067/4067
f 4023/4023/4023 4067/4067/4067 4066/4066/4066
f 4023/4023/4023 4066/4066/4066 4065/4065/4065
f 4065/4065/4065 4026/4026/4026 4023/4023/4023
f 4064/4064/4064 4026/4026/4026 4065/4065/4065
f 4029/4029/4029 4064/4064/4064 4063/4063/4063
f 4026/4026/4026 4064/4064/4064 4029/4029/4029
f 4029/4029/4029 4062/4062/4062 4061/4061/4061
f 4061/4061/4061 4032/4032/4032 4029/4029/4029
f 4029/4029/4029 4063/4063/4063 4062/4062/4062
f 4032/4032/4032 4060/4060/4060 4059/4059/4059
f 4037/4037/4037 4032/4032/4032 4059/4059/4059
f 4060/4060/4060 4032/4032/4032 4061/4061/4061
f 4059/4059/4059 4034/4034/4034 4037/4037/4037

